trade_date,open,close,high,low,volume,amount
2013-09-16,0.969,0.967,0.977,0.950,508466,49077557.000
2013-09-17,0.960,0.950,0.970,0.950,156473,15021728.000
2013-09-18,0.940,0.949,0.953,0.939,172485,16323002.000
2013-09-23,0.952,0.964,0.964,0.950,173902,16651357.000
2013-09-24,0.958,0.952,0.960,0.946,191595,18205717.000
2013-09-25,0.952,0.939,0.954,0.902,176423,16750585.000
2013-09-26,0.939,0.938,0.940,0.926,214432,20012402.000
2013-09-27,0.933,0.937,0.945,0.930,52183,4899980.000
2013-09-30,0.938,0.936,0.941,0.933,34095,3190767.000
2013-10-08,0.933,0.950,0.950,0.926,81349,7640038.000
2013-10-09,0.955,0.956,0.956,0.942,61314,5837376.000
2013-10-10,0.950,0.949,0.958,0.943,114953,10968135.000
2013-10-11,0.941,0.970,0.970,0.941,156958,15108367.000
2013-10-14,0.970,0.976,0.984,0.970,135921,13265510.000
2013-10-15,0.971,0.967,0.977,0.967,39211,3809104.000
2013-10-16,0.961,0.955,0.968,0.951,110956,10638564.000
2013-10-17,0.956,0.965,0.982,0.956,214587,20773318.000
2013-10-18,0.962,0.960,0.969,0.954,194570,18753163.000
2013-10-21,0.963,0.978,0.980,0.957,147307,14327379.000
2013-10-22,0.978,0.980,0.988,0.972,79315,7772345.000
2013-10-23,0.981,0.972,0.989,0.964,68805,6733908.000
2013-10-24,0.967,0.949,0.970,0.949,18585,1780754.000
2013-10-25,0.959,0.938,0.959,0.934,54617,5159939.000
2013-10-28,0.945,0.945,0.954,0.940,23901,2262982.000
2013-10-29,0.945,0.936,0.956,0.924,17638,1654223.000
2013-10-30,0.936,0.952,0.955,0.936,12125,1147480.000
2013-10-31,0.945,0.950,0.953,0.944,12553,1192019.000
2013-11-01,0.949,0.944,0.950,0.941,11967,1131784.000
2013-11-04,0.948,0.952,0.954,0.948,6102,580891.000
2013-11-05,0.945,0.955,0.956,0.940,15617,1487032.000
2013-11-06,0.955,0.971,0.985,0.952,150312,14519996.000
2013-11-07,0.970,0.966,0.975,0.963,22199,2148623.000
2013-11-08,0.968,0.951,0.971,0.948,26156,2506797.000
2013-11-11,0.951,0.948,0.953,0.940,14341,1355887.000
2013-11-12,0.950,0.954,0.958,0.943,15226,1450517.000
2013-11-13,0.938,0.931,0.945,0.930,3584,335519.000
2013-11-14,0.936,0.938,0.939,0.930,15951,1487572.000
2013-11-15,0.931,0.950,0.958,0.919,22348,2122757.000
2013-11-18,0.951,0.968,0.969,0.951,18818,1802675.000
2013-11-19,0.969,0.971,0.981,0.969,28751,2801260.000
2013-11-20,0.973,0.972,0.973,0.966,11334,1097082.000
2013-11-21,0.971,0.982,0.985,0.970,19671,1923953.000
2013-11-22,0.985,0.982,0.992,0.979,36500,3594819.000
2013-11-25,0.970,0.967,0.980,0.967,7095,690860.000
2013-11-26,0.967,0.957,0.967,0.954,14770,1413543.000
2013-11-27,0.958,0.967,0.970,0.952,31465,3007751.000
2013-11-28,0.975,0.983,0.992,0.975,21755,2139123.000
2013-11-29,0.981,0.973,0.982,0.973,13344,1301791.000
2013-12-02,0.962,0.959,0.973,0.950,9385,899935.000
2013-12-03,0.961,0.972,0.974,0.958,22143,2145692.000
2013-12-04,0.972,0.978,0.982,0.972,7143,697792.000
2013-12-05,0.978,0.976,0.988,0.975,16294,1599829.000
2013-12-06,0.978,0.970,0.979,0.968,4745,462502.000
2013-12-09,0.970,0.965,0.970,0.960,1665,160705.000
2013-12-10,0.965,0.959,0.966,0.958,4342,417898.000
2013-12-11,0.953,0.948,0.955,0.945,3802,360646.000
2013-12-12,0.947,0.945,0.951,0.942,8117,768133.000
2013-12-13,0.942,0.939,0.944,0.937,6610,621599.000
2013-12-16,0.939,0.924,0.939,0.924,8504,791594.000
2013-12-17,0.925,0.921,0.925,0.920,5766,530977.000
2013-12-18,0.921,0.918,0.924,0.917,9966,917617.000
2013-12-19,0.923,0.916,0.928,0.916,9590,885187.000
2013-12-20,0.911,0.895,0.918,0.895,17487,1584442.000
2013-12-23,0.889,0.895,0.896,0.885,2365,211109.000
2013-12-24,0.898,0.891,0.901,0.888,5855,523458.000
2013-12-25,0.891,0.897,0.898,0.890,44565,3976338.000
2013-12-26,0.895,0.877,0.895,0.873,24499,2174231.000
2013-12-27,0.880,0.888,0.888,0.880,22829,2017993.000
2013-12-30,0.885,0.882,0.888,0.880,13585,1199661.000
2013-12-31,0.880,0.890,0.896,0.879,17509,1559291.000
2014-01-02,0.880,0.875,0.880,0.874,17954,1574688.000
2014-01-03,0.874,0.870,0.874,0.831,25976,2250505.000
2014-01-06,0.868,0.849,0.868,0.847,16426,1395354.000
2014-01-07,0.843,0.848,0.853,0.843,11452,974827.000
2014-01-08,0.849,0.840,0.858,0.840,13030,1100614.000
2014-01-09,0.848,0.841,0.852,0.841,14405,1220286.000
2014-01-10,0.840,0.836,0.848,0.836,16127,1352483.000
2014-01-13,0.836,0.827,0.839,0.824,13433,1116225.000
2014-01-14,0.825,0.833,0.840,0.822,14353,1182533.000
2014-01-15,0.832,0.831,0.833,0.828,3570,296183.000
2014-01-16,0.831,0.833,0.838,0.828,20600,1713223.000
2014-01-17,0.828,0.820,0.828,0.819,14463,1187369.000
2014-01-20,0.813,0.805,0.818,0.805,14244,1152810.000
2014-01-21,0.807,0.814,0.819,0.807,10878,887392.000
2014-01-22,0.814,0.832,0.833,0.814,12673,1050191.000
2014-01-23,0.832,0.828,0.833,0.826,2496,207249.000
2014-01-24,0.828,0.832,0.838,0.828,2995,250270.000
2014-01-27,0.826,0.825,0.832,0.822,7640,630632.000
2014-01-28,0.826,0.821,0.826,0.821,315,25905.000
2014-01-29,0.821,0.817,0.821,0.817,2359,192936.000
2014-01-30,0.811,0.803,0.811,0.802,4115,331759.000
2014-02-07,0.800,0.812,0.812,0.800,4543,366187.000
2014-02-10,0.811,0.826,0.827,0.811,3981,327448.000
2014-02-11,0.826,0.842,0.846,0.824,5874,489482.000
2014-02-12,0.844,0.844,0.845,0.839,12940,1090730.000
2014-02-13,0.841,0.832,0.842,0.832,6729,564830.000
2014-02-14,0.836,0.837,0.841,0.833,17199,1436737.000
2014-02-17,0.841,0.846,0.848,0.837,7712,648704.000
2014-02-18,0.846,0.832,0.846,0.830,4955,414094.000
2014-02-19,0.830,0.849,0.852,0.825,5725,482608.000
2014-02-20,0.856,0.867,0.883,0.856,15073,1315918.000
2014-02-21,0.852,0.846,0.853,0.842,5472,464308.000
2014-02-24,0.846,0.824,0.846,0.818,2655,218832.000
2014-02-25,0.823,0.802,0.825,0.799,4964,404808.000
2014-02-26,0.798,0.809,0.810,0.798,8790,706694.000
2014-02-27,0.804,0.813,0.825,0.804,17113,1393649.000
2014-02-28,0.806,0.814,0.815,0.802,4818,389500.000
2014-03-03,0.807,0.815,0.819,0.807,8368,682218.000
2014-03-04,0.815,0.809,0.815,0.803,7481,604789.000
2014-03-05,0.811,0.808,0.817,0.808,12747,1035321.000
2014-03-06,0.807,0.808,0.809,0.795,13292,1068498.000
2014-03-07,0.808,0.807,0.818,0.803,4123,334359.000
2014-03-10,0.800,0.777,0.800,0.776,9725,767235.000
2014-03-11,0.774,0.777,0.783,0.768,3870,299373.000
2014-03-12,0.776,0.773,0.783,0.768,7910,611965.000
2014-03-13,0.778,0.783,0.789,0.778,2430,190553.000
2014-03-14,0.777,0.773,0.779,0.770,3701,286970.000
2014-03-17,0.774,0.783,0.784,0.774,5459,425209.000
2014-03-18,0.783,0.779,0.784,0.778,1318,102810.000
2014-03-19,0.773,0.777,0.777,0.767,5826,448868.000
2014-03-20,0.779,0.767,0.779,0.767,3004,232064.000
2014-03-21,0.763,0.793,0.798,0.763,6867,537263.000
2014-03-24,0.794,0.798,0.802,0.790,5455,433673.000
2014-03-25,0.799,0.800,0.804,0.797,1862,148851.000
2014-03-26,0.801,0.795,0.801,0.792,4343,345570.000
2014-03-27,0.790,0.785,0.794,0.785,22196,1744356.000
2014-03-28,0.783,0.779,0.786,0.778,4266,333618.000
2014-03-31,0.781,0.778,0.785,0.778,712,55694.000
2014-04-01,0.780,0.783,0.783,0.780,1037,81104.000
2014-04-02,0.786,0.790,0.791,0.786,1835,144486.000
2014-04-03,0.790,0.781,0.790,0.781,1671,130900.000
2014-04-04,0.779,0.784,0.787,0.779,357,27874.000
2014-04-08,0.784,0.803,0.806,0.784,8696,688988.000
2014-04-09,0.804,0.808,0.808,0.804,1267,102149.000
2014-04-10,0.808,0.821,0.823,0.805,6150,500952.000
2014-04-11,0.815,0.810,0.815,0.807,3129,253648.000
2014-04-14,0.806,0.811,0.814,0.803,1752,141212.000
2014-04-15,0.806,0.800,0.806,0.799,4069,326572.000
2014-04-16,0.800,0.798,0.801,0.797,1655,132231.000
2014-04-17,0.797,0.796,0.797,0.793,873,69451.000
2014-04-18,0.790,0.794,0.797,0.787,1548,122471.000
2014-04-21,0.793,0.784,0.794,0.784,2457,194215.000
2014-04-22,0.786,0.785,0.788,0.779,4646,363386.000
2014-04-23,0.786,0.788,0.790,0.786,2635,207595.000
2014-04-24,0.788,0.790,0.790,0.787,13182,1038765.000
2014-04-25,0.790,0.777,0.791,0.777,18156,1428401.000
2014-04-28,0.770,0.757,0.770,0.757,2204,168292.000
2014-04-29,0.760,0.761,0.762,0.754,1232,93550.000
2014-04-30,0.762,0.763,0.764,0.762,1143,87262.000
2014-05-05,0.760,0.762,0.762,0.753,4720,355980.000
2014-05-06,0.761,0.760,0.766,0.760,2017,153545.000
2014-05-07,0.759,0.755,0.761,0.755,2915,220929.000
2014-05-08,0.755,0.762,0.770,0.754,1760,134953.000
2014-05-09,0.764,0.764,0.768,0.759,9262,707490.000
2014-05-12,0.766,0.803,0.804,0.764,15111,1197473.000
2014-05-13,0.806,0.799,0.825,0.792,15176,1225903.000
2014-05-14,0.791,0.794,0.799,0.789,8638,684412.000
2014-05-15,0.789,0.779,0.791,0.778,2008,157379.000
2014-05-16,0.780,0.780,0.783,0.778,790,61693.000
2014-05-19,0.774,0.772,0.774,0.766,2058,158369.000
2014-05-20,0.775,0.770,0.778,0.770,194,15073.000
2014-05-21,0.768,0.782,0.783,0.768,2126,165853.000
2014-05-22,0.785,0.778,0.788,0.778,3418,268823.000
2014-05-23,0.779,0.778,0.779,0.776,3231,251060.000
2014-05-26,0.779,0.776,0.780,0.776,12971,1008165.000
2014-05-27,0.777,0.775,0.778,0.774,973,75481.000
2014-05-28,0.775,0.779,0.780,0.774,1561,121264.000
2014-05-29,0.779,0.775,0.781,0.775,1759,136761.000
2014-05-30,0.775,0.776,0.778,0.774,1499,116391.000
2014-06-03,0.779,0.778,0.785,0.778,3648,285321.000
2014-06-04,0.778,0.774,0.778,0.769,4514,348919.000
2014-06-05,0.772,0.778,0.779,0.770,4695,364682.000
2014-06-06,0.776,0.773,0.777,0.772,2969,229680.000
2014-06-09,0.772,0.769,0.775,0.769,22986,1773567.000
2014-06-10,0.769,0.778,0.779,0.768,5821,449670.000
2014-06-11,0.778,0.777,0.780,0.775,4775,370824.000
2014-06-12,0.775,0.774,0.778,0.774,4488,347777.000
2014-06-13,0.777,0.781,0.784,0.777,30478,2383613.000
2014-06-16,0.785,0.788,0.790,0.785,6383,502107.000
2014-06-17,0.779,0.783,0.786,0.779,6285,493154.000
2014-06-18,0.783,0.781,0.784,0.779,18586,1453584.000
2014-06-19,0.776,0.764,0.778,0.764,4560,352966.000
2014-06-20,0.769,0.773,0.773,0.767,3574,274725.000
2014-06-23,0.776,0.775,0.780,0.774,3065,237954.000
2014-06-24,0.776,0.779,0.782,0.775,572,44548.000
2014-06-25,0.778,0.780,0.789,0.776,1996,156105.000
2014-06-26,0.782,0.784,0.787,0.782,3165,248499.000
2014-06-27,0.785,0.785,0.787,0.782,2571,202259.000
2014-06-30,0.787,0.787,0.789,0.784,1396,109764.000
2014-07-01,0.787,0.784,0.787,0.782,3136,245958.000
2014-07-02,0.785,0.789,0.790,0.781,7328,574905.000
2014-07-03,0.788,0.788,0.791,0.787,3152,248802.000
2014-07-04,0.790,0.790,0.793,0.787,17945,1418192.000
2014-07-07,0.790,0.787,0.790,0.784,3779,297809.000
2014-07-08,0.789,0.788,0.789,0.784,2493,196217.000
2014-07-09,0.784,0.778,0.784,0.776,970,75614.000
2014-07-10,0.776,0.775,0.778,0.774,1795,139223.000
2014-07-11,0.775,0.777,0.780,0.775,3823,297105.000
2014-07-14,0.778,0.780,0.780,0.776,10509,816602.000
2014-07-15,0.778,0.779,0.784,0.777,1573,122882.000
2014-07-16,0.782,0.783,0.784,0.781,2872,224715.000
2014-07-17,0.783,0.779,0.783,0.779,1369,107044.000
2014-07-18,0.779,0.780,0.785,0.779,5370,419858.000
2014-07-21,0.780,0.773,0.780,0.772,1786,138387.000
2014-07-22,0.773,0.784,0.784,0.773,3495,273318.000
2014-07-23,0.784,0.784,0.794,0.784,3511,277203.000
2014-07-24,0.792,0.799,0.803,0.786,24276,1940397.000
2014-07-25,0.803,0.814,0.816,0.801,19986,1611882.000
2014-07-28,0.820,0.840,0.844,0.820,16154,1350828.000
2014-07-29,0.838,0.839,0.845,0.835,5824,489622.000
2014-07-30,0.839,0.850,0.865,0.839,28560,2452090.000
2014-07-31,0.845,0.860,0.860,0.844,3901,331734.000
2014-08-01,0.852,0.861,0.875,0.852,13751,1185130.000
2014-08-04,0.864,0.875,0.875,0.858,11933,1036663.000
2014-08-05,0.875,0.876,0.890,0.872,12837,1127309.000
2014-08-06,0.872,0.875,0.878,0.859,10925,950250.000
2014-08-07,0.875,0.858,0.875,0.858,3476,300453.000
2014-08-08,0.856,0.857,0.861,0.851,4960,424473.000
2014-08-11,0.860,0.871,0.871,0.860,3187,276971.000
2014-08-12,0.869,0.872,0.872,0.861,2273,196692.000
2014-08-13,0.872,0.880,0.881,0.866,3628,317483.000
2014-08-14,0.871,0.865,0.878,0.865,1181,102653.000
2014-08-15,0.865,0.871,0.875,0.865,1340,116938.000
2014-08-18,0.880,0.879,0.880,0.872,3288,288387.000
2014-08-19,0.879,0.887,0.887,0.877,9179,809905.000
2014-08-20,0.889,0.881,0.889,0.877,9339,821891.000
2014-08-21,0.855,0.873,0.879,0.855,2754,240005.000
2014-08-22,0.875,0.874,0.878,0.872,2823,246546.000
2014-08-25,0.874,0.874,0.876,0.869,4138,361337.000
2014-08-26,0.850,0.861,0.874,0.850,3477,301429.000
2014-08-27,0.862,0.866,0.866,0.860,15574,1341516.000
2014-08-28,0.869,0.876,0.885,0.869,11329,995654.000
2014-08-29,0.870,0.877,0.878,0.870,15712,1373642.000
2014-09-01,0.880,0.883,0.883,0.878,9517,837926.000
2014-09-02,0.880,0.892,0.892,0.880,9239,820620.000
2014-09-03,0.893,0.905,0.906,0.893,5796,523427.000
2014-09-04,0.905,0.907,0.907,0.900,4742,428435.000
2014-09-05,0.909,0.913,0.913,0.905,18045,1644401.000
2014-09-09,0.913,0.915,0.919,0.908,10141,928617.000
2014-09-10,0.916,0.904,0.916,0.866,5380,487221.000
2014-09-11,0.900,0.898,0.913,0.897,5321,480589.000
2014-09-12,0.897,0.907,0.907,0.897,16683,1508282.000
2014-09-15,0.910,0.913,0.918,0.910,7099,649204.000
2014-09-16,0.890,0.890,0.916,0.890,7879,714167.000
2014-09-17,0.893,0.889,0.893,0.884,5308,471569.000
2014-09-18,0.893,0.895,0.902,0.893,6260,562438.000
2014-09-19,0.890,0.901,0.903,0.890,13499,1213868.000
2014-09-22,0.901,0.891,0.901,0.890,11830,1058117.000
2014-09-23,0.891,0.893,0.893,0.887,4461,396998.000
2014-09-24,0.893,0.910,0.912,0.893,15749,1422395.000
2014-09-25,0.914,0.908,0.915,0.907,7056,642016.000
2014-09-26,0.904,0.906,0.908,0.901,6838,618979.000
2014-09-29,0.909,0.915,0.915,0.906,12293,1117665.000
2014-09-30,0.920,0.919,0.926,0.919,11729,1081467.000
2014-10-08,0.911,0.918,0.918,0.911,1756,160477.000
2014-10-09,0.918,0.925,0.926,0.915,20892,1924674.000
2014-10-10,0.924,0.922,0.934,0.920,10802,998334.000
2014-10-13,0.918,0.925,0.925,0.912,18000,1654867.000
2014-10-14,0.925,0.920,0.925,0.916,3257,299704.000
2014-10-15,0.917,0.913,0.919,0.906,15815,1444826.000
2014-10-16,0.910,0.906,0.914,0.905,4852,439808.000
2014-10-17,0.900,0.889,0.900,0.882,14871,1321804.000
2014-10-20,0.887,0.890,0.892,0.886,6605,587582.000
2014-10-21,0.890,0.885,0.894,0.885,7425,661875.000
2014-10-22,0.885,0.878,0.887,0.878,5467,484357.000
2014-10-23,0.878,0.861,0.878,0.861,11088,958610.000
2014-10-24,0.850,0.859,0.929,0.850,2926,252032.000
2014-10-27,0.852,0.854,0.854,0.850,1114,94848.000
2014-10-28,0.859,0.868,0.869,0.859,12203,1055599.000
2014-10-29,0.871,0.879,0.882,0.868,7218,630475.000
2014-10-30,0.899,0.880,0.899,0.874,2503,219844.000
2014-10-31,0.882,0.900,0.901,0.879,24544,2197889.000
2014-11-03,0.899,0.897,0.904,0.897,6995,631253.000
2014-11-04,0.901,0.907,0.908,0.901,18753,1698982.000
2014-11-05,0.900,0.900,0.902,0.898,611,54998.000
2014-11-06,0.897,0.894,0.897,0.889,3902,348418.000
2014-11-07,0.893,0.883,0.899,0.883,7818,700722.000
2014-11-10,0.885,0.903,0.903,0.885,4038,362571.000
2014-11-11,0.843,0.876,0.918,0.843,296569,26644905.000
2014-11-12,0.880,0.898,0.900,0.880,41122,3675297.000
2014-11-13,0.900,0.900,0.905,0.891,90265,8110582.000
2014-11-14,0.892,0.890,0.907,0.890,136944,12228723.000
2014-11-17,0.895,0.891,0.899,0.891,25186,2254460.000
2014-11-18,0.891,0.878,0.891,0.876,1262,110722.000
2014-11-19,0.875,0.877,0.879,0.873,5345,468529.000
2014-11-20,0.879,0.880,0.882,0.876,4259,374315.000
2014-11-21,0.877,0.884,0.884,0.873,44086,3862485.000
2014-11-24,0.893,0.901,0.906,0.888,11235,1009704.000
2014-11-25,0.901,0.916,0.916,0.901,17259,1573514.000
2014-11-26,0.920,0.915,0.920,0.908,9573,878367.000
2014-11-27,0.917,0.930,0.939,0.917,17468,1627814.000
2014-11-28,0.925,0.929,0.931,0.912,13491,1239160.000
2014-12-01,0.930,0.951,0.968,0.930,35548,3399146.000
2014-12-02,0.951,0.968,0.973,0.944,18969,1817953.000
2014-12-03,0.968,0.990,1.005,0.968,52730,5233404.000
2014-12-04,0.989,1.085,1.089,0.989,122893,12831674.000
2014-12-05,1.085,1.060,1.118,1.002,123770,13156145.000
2014-12-08,1.029,1.041,1.056,1.013,60173,6254503.000
2014-12-09,1.030,0.988,1.068,0.986,56104,5791965.000
2014-12-10,0.986,0.998,1.009,0.968,22413,2207062.000
2014-12-11,0.998,1.002,1.004,0.986,21509,2143490.000
2014-12-12,1.000,1.008,1.010,0.989,25756,2582888.000
2014-12-15,1.008,1.007,1.009,0.990,13989,1401502.000
2014-12-16,1.011,1.032,1.032,1.002,22389,2283267.000
2014-12-17,1.015,1.014,1.032,1.008,22173,2257537.000
2014-12-18,1.014,1.026,1.034,1.014,24077,2472182.000
2014-12-19,1.026,1.062,1.064,1.018,39691,4163995.000
2014-12-22,1.077,1.095,1.124,1.071,77419,8460644.000
2014-12-23,1.095,1.035,1.095,1.035,17182,1817397.000
2014-12-24,1.038,1.021,1.043,1.020,25851,2663397.000
2014-12-25,1.011,1.048,1.048,1.011,11545,1196682.000
2014-12-26,1.050,1.070,1.073,1.044,9955,1055160.000
2014-12-29,1.102,1.070,1.102,1.060,21555,2339662.000
2014-12-30,1.080,1.051,1.080,1.045,6296,664919.000
2014-12-31,1.028,1.077,1.078,1.028,27094,2876689.000
2015-01-05,1.076,1.185,1.185,1.071,118282,13648658.000
2015-01-06,1.217,1.166,1.217,1.146,114424,13517363.000
2015-01-07,1.150,1.167,1.171,1.120,38411,4401216.000
2015-01-08,1.150,1.140,1.190,1.133,51835,6049161.000
2015-01-09,1.134,1.130,1.160,1.121,13526,1539073.000
2015-01-12,1.125,1.088,1.125,1.084,20894,2295231.000
2015-01-13,1.088,1.096,1.110,1.081,11691,1286061.000
2015-01-14,1.098,1.081,1.110,1.079,11017,1212999.000
2015-01-15,1.112,1.123,1.123,1.083,10490,1152901.000
2015-01-16,1.121,1.130,1.143,1.116,13864,1571770.000
2015-01-19,1.113,1.041,1.113,1.035,22793,2423042.000
2015-01-20,1.041,1.058,1.062,1.038,15491,1636613.000
2015-01-21,1.056,1.100,1.102,1.054,14503,1553898.000
2015-01-22,1.100,1.112,1.123,1.080,11814,1308093.000
2015-01-23,1.114,1.103,1.130,1.100,8897,986646.000
2015-01-26,1.103,1.116,1.116,1.092,9845,1087372.000
2015-01-27,1.107,1.102,1.118,1.084,10757,1185261.000
2015-01-28,1.088,1.080,1.094,1.079,11899,1290221.000
2015-01-29,1.080,1.067,1.080,1.067,15968,1717390.000
2015-01-30,1.067,1.059,1.078,1.056,7597,807989.000
2015-02-02,1.056,1.039,1.057,1.030,25404,2644648.000
2015-02-03,1.050,1.063,1.063,1.042,13950,1464597.000
2015-02-04,1.086,1.052,1.086,1.052,8713,928308.000
2015-02-05,1.082,1.030,1.082,1.030,5189,546892.000
2015-02-06,1.030,1.002,1.030,0.998,6093,616759.000
2015-02-09,1.001,1.006,1.016,0.994,5286,531877.000
2015-02-10,1.005,1.012,1.015,1.005,5703,575988.000
2015-02-11,1.017,1.014,1.022,1.012,2868,291459.000
2015-02-12,1.000,1.013,1.018,1.000,3697,373200.000
2015-02-13,1.021,1.029,1.039,1.018,13041,1344346.000
2015-02-16,1.032,1.035,1.036,1.029,8147,841117.000
2015-02-17,1.039,1.037,1.040,1.035,6755,701162.000
2015-02-25,1.055,1.032,1.055,1.029,29579,3072886.000
2015-02-26,1.063,1.058,1.063,1.032,11446,1196283.000
2015-02-27,1.043,1.060,1.069,1.042,7942,841576.000
2015-03-02,1.064,1.072,1.075,1.061,21059,2248909.000
2015-03-03,1.064,1.053,1.067,1.051,21250,2246703.000
2015-03-04,1.050,1.062,1.067,1.050,9995,1057924.000
2015-03-05,1.065,1.047,1.065,1.043,3217,337676.000
2015-03-06,1.050,1.054,1.060,1.050,7569,800096.000
2015-03-09,1.051,1.063,1.063,1.038,11007,1151562.000
2015-03-10,1.060,1.060,1.066,1.060,11003,1168990.000
2015-03-11,1.057,1.054,1.066,1.052,6897,728669.000
2015-03-12,1.039,1.065,1.070,1.039,16020,1706845.000
2015-03-13,1.065,1.082,1.091,1.055,12137,1313561.000
2015-03-16,1.078,1.103,1.103,1.078,12282,1341640.000
2015-03-17,1.104,1.113,1.114,1.096,14272,1576902.000
2015-03-18,1.114,1.135,1.135,1.114,13455,1514194.000
2015-03-19,1.135,1.140,1.145,1.124,18940,2150745.000
2015-03-20,1.130,1.135,1.140,1.121,12825,1449045.000
2015-03-23,1.149,1.155,1.158,1.137,20343,2338736.000
2015-03-24,1.149,1.148,1.157,1.122,16315,1862422.000
2015-03-25,1.035,1.134,1.150,1.035,17006,1926707.000
2015-03-26,1.136,1.166,1.170,1.136,24079,2793040.000
2015-03-27,1.180,1.164,1.181,1.164,30192,3534082.000
2015-03-30,1.171,1.202,1.203,1.164,21068,2509601.000
2015-03-31,1.204,1.180,1.237,1.177,12103,1449478.000
2015-04-01,1.180,1.194,1.194,1.130,10420,1233371.000
2015-04-02,1.195,1.208,1.211,1.190,9933,1191044.000
2015-04-03,1.205,1.208,1.208,1.190,8810,1059907.000
2015-04-07,1.200,1.238,1.238,1.200,13668,1672537.000
2015-04-08,1.238,1.243,1.255,1.209,15668,1924681.000
2015-04-09,1.255,1.220,1.255,1.191,8275,1003775.000
2015-04-10,1.218,1.234,1.238,1.206,16016,1966677.000
2015-04-13,1.236,1.265,1.268,1.236,15624,1956352.000
2015-04-14,1.262,1.255,1.272,1.239,11149,1401120.000
2015-04-15,1.245,1.237,1.259,1.227,16014,1998231.000
2015-04-16,1.230,1.275,1.278,1.133,19925,2505120.000
2015-04-17,1.275,1.333,1.338,1.275,8661,1137039.000
2015-04-20,1.345,1.328,1.380,1.318,15673,2111010.000
2015-04-21,1.325,1.353,1.354,1.288,4909,657463.000
2015-04-22,1.354,1.397,1.397,1.354,13776,1904586.000
2015-04-23,1.395,1.419,1.431,1.380,16268,2290098.000
2015-04-24,1.385,1.403,1.441,1.376,8136,1143696.000
2015-04-27,1.436,1.543,1.543,1.414,54646,8100189.000
2015-04-28,1.540,1.470,1.540,1.450,39231,5855819.000
2015-04-29,1.468,1.442,1.468,1.375,15342,2196032.000
2015-04-30,1.442,1.420,1.457,1.420,9898,1420387.000
2015-05-04,1.450,1.416,1.450,1.386,6663,937480.000
2015-05-05,1.416,1.387,1.454,1.370,7399,1052328.000
2015-05-06,1.389,1.333,1.400,1.321,6012,822648.000
2015-05-07,1.301,1.271,1.328,1.271,6533,847006.000
2015-05-08,1.299,1.305,1.305,1.268,9300,1197882.000
2015-05-11,1.319,1.349,1.358,1.303,26445,3492678.000
2015-05-12,1.349,1.347,1.353,1.323,18130,2414404.000
2015-05-13,1.340,1.321,1.340,1.320,8534,1132682.000
2015-05-14,1.321,1.327,1.339,1.305,11874,1564150.000
2015-05-15,1.331,1.296,1.331,1.291,7048,919320.000
2015-05-18,1.276,1.277,1.289,1.276,10486,1341081.000
2015-05-19,1.277,1.314,1.318,1.277,8930,1167629.000
2015-05-20,1.314,1.325,1.336,1.314,17014,2249097.000
2015-05-21,1.326,1.335,1.336,1.305,10422,1380053.000
2015-05-22,1.354,1.400,1.400,1.340,23236,3199138.000
2015-05-25,1.406,1.500,1.500,1.372,32920,4722244.000
2015-05-26,1.468,1.476,1.499,1.441,29924,4365290.000
2015-05-27,1.478,1.500,1.500,1.433,29934,4427212.000
2015-05-28,1.501,1.403,1.501,1.400,18821,2734967.000
2015-05-29,1.388,1.354,1.390,1.318,22567,3076510.000
2015-06-01,1.350,1.446,1.446,1.350,26472,3717350.000
2015-06-02,1.460,1.460,1.470,1.435,12018,1744978.000
2015-06-03,1.461,1.452,1.472,1.435,11415,1660796.000
2015-06-04,1.452,1.493,1.493,1.405,11505,1676401.000
2015-06-05,1.498,1.518,1.544,1.498,21320,3253363.000
2015-06-08,1.519,1.556,1.558,1.518,13768,2114440.000
2015-06-09,1.556,1.586,1.610,1.512,22232,3476149.000
2015-06-10,1.579,1.570,1.600,1.512,20623,3246787.000
2015-06-11,1.553,1.560,1.561,1.544,14542,2255499.000
2015-06-12,1.585,1.573,1.585,1.552,6554,1031376.000
2015-06-15,1.562,1.570,1.593,1.560,7866,1237536.000
2015-06-16,1.482,1.507,1.570,1.482,4412,671514.000
2015-06-17,1.503,1.560,1.577,1.481,6915,1050075.000
2015-06-18,1.574,1.509,1.574,1.509,2282,351314.000
2015-06-19,1.452,1.432,1.513,1.430,13189,1931004.000
2015-06-23,1.432,1.431,1.432,1.345,4301,605622.000
2015-06-24,1.438,1.509,1.509,1.438,7892,1164292.000
2015-06-25,1.510,1.474,1.513,1.474,4777,717258.000
2015-06-26,1.474,1.356,1.474,1.327,10651,1453663.000
2015-06-29,1.360,1.345,1.405,1.251,7719,1046476.000
2015-06-30,1.275,1.399,1.399,1.275,11483,1572300.000
2015-07-01,1.401,1.351,1.404,1.350,10675,1463647.000
2015-07-02,1.351,1.290,1.351,1.252,2460,318136.000
2015-07-03,1.248,1.176,1.269,1.175,7991,981949.000
2015-07-06,1.290,1.208,1.294,1.160,5365,651334.000
2015-07-07,1.108,1.106,1.193,1.101,4544,511507.000
2015-07-08,0.995,0.995,1.105,0.995,5411,543863.000
2015-07-09,1.048,1.095,1.095,0.999,5920,629357.000
2015-07-10,1.097,1.205,1.205,1.095,10608,1263838.000
2015-07-13,1.206,1.326,1.326,1.144,15620,1952932.000
2015-07-14,1.258,1.275,1.399,1.258,7378,986454.000
2015-07-15,1.201,1.186,1.265,1.172,3361,404901.000
2015-07-16,1.111,1.185,1.185,1.078,6686,769391.000
2015-07-17,1.185,1.249,1.259,1.145,5892,718697.000
2015-07-20,1.249,1.268,1.293,1.185,6514,823981.000
2015-07-21,1.245,1.238,1.254,1.210,6388,783122.000
2015-07-22,1.223,1.232,1.239,1.188,7146,869301.000
2015-07-23,1.256,1.250,1.256,1.199,5114,628216.000
2015-07-24,1.258,1.243,1.292,1.241,7564,956754.000
2015-07-27,1.210,1.120,1.244,1.120,5170,609434.000
2015-07-28,1.100,1.123,1.143,1.052,6306,702942.000
2015-07-29,1.055,1.160,1.160,1.055,1967,224608.000
2015-07-30,1.109,1.130,1.192,1.109,2034,234423.000
2015-07-31,1.103,1.101,1.129,1.095,1294,143859.000
2015-08-03,1.057,1.100,1.100,1.057,919,100429.000
2015-08-04,1.101,1.146,1.147,1.100,3252,369481.000
2015-08-05,1.122,1.128,1.156,1.121,362,41257.000
2015-08-06,1.070,1.142,1.142,1.070,2577,292433.000
2015-08-07,1.142,1.150,1.157,1.135,1003,114992.000
2015-08-10,1.165,1.220,1.222,1.156,10274,1228000.000
2015-08-11,1.190,1.215,1.234,1.190,2788,335529.000
2015-08-12,1.200,1.216,1.230,1.200,5633,683981.000
2015-08-13,1.215,1.216,1.216,1.193,1675,202053.000
2015-08-14,1.232,1.225,1.240,1.207,1882,230608.000
2015-08-17,1.193,1.238,1.239,1.193,2064,250007.000
2015-08-18,1.227,1.156,1.237,1.152,2231,270778.000
2015-08-19,1.141,1.159,1.160,1.100,2827,320080.000
2015-08-20,1.158,1.124,1.159,1.123,446,50818.000
2015-08-21,1.111,1.136,1.136,1.099,3050,338008.000
2015-08-24,1.136,1.025,1.136,1.022,832,86832.000
2015-08-25,1.026,0.927,1.026,0.923,1152,109036.000
2015-08-26,0.888,0.940,0.980,0.872,1289,119425.000
2015-08-27,0.968,0.950,0.968,0.903,799,74251.000
2015-08-28,0.948,0.993,0.995,0.948,897,87941.000
2015-08-31,0.970,0.948,0.970,0.911,2038,189588.000
2015-09-01,0.939,0.938,0.939,0.900,1054,97095.000
2015-09-02,0.881,0.913,0.945,0.881,443,41343.000
2015-09-07,0.913,0.917,0.958,0.903,1695,157277.000
2015-09-08,0.875,0.940,0.943,0.875,1573,146349.000
2015-09-09,0.936,0.960,0.972,0.936,2315,221533.000
2015-09-10,0.970,0.946,0.970,0.941,1112,105182.000
2015-09-11,0.947,0.942,0.950,0.935,827,78336.000
2015-09-14,0.942,0.903,0.952,0.897,1429,130387.000
2015-09-15,0.896,0.890,0.915,0.887,501,45080.000
2015-09-16,0.897,0.979,0.979,0.889,8745,796415.000
2015-09-17,0.979,0.945,0.980,0.926,8626,812323.000
2015-09-18,0.913,0.921,0.932,0.913,1427,131440.000
2015-09-21,0.920,0.931,0.935,0.918,1161,106969.000
2015-09-22,0.937,0.931,0.948,0.930,3500,328387.000
2015-09-23,0.932,0.918,0.932,0.911,1631,150549.000
2015-09-24,0.919,0.919,0.923,0.919,1345,123655.000
2015-09-28,0.985,0.917,0.985,0.903,1316,122862.000
2015-09-29,0.898,0.906,0.906,0.887,1393,124520.000
2015-09-30,0.896,0.905,0.937,0.884,2608,232648.000
2015-10-08,0.959,0.939,0.959,0.904,1352,126193.000
2015-10-09,0.905,0.935,0.938,0.905,1583,146571.000
2015-10-12,0.935,0.960,0.973,0.935,6508,627709.000
2015-10-13,0.950,0.932,0.962,0.916,2427,226359.000
2015-10-14,0.950,0.929,0.950,0.928,768,71765.000
2015-10-15,0.922,0.947,0.947,0.922,891,83347.000
2015-10-16,0.955,0.948,0.955,0.939,4579,432222.000
2015-10-19,0.946,0.942,0.946,0.933,3422,322261.000
2015-10-20,0.942,0.941,0.946,0.930,3152,295202.000
2015-10-21,0.945,0.920,0.945,0.918,4200,391645.000
2015-10-22,0.910,0.934,0.938,0.894,4937,446221.000
2015-10-23,0.920,0.920,0.932,0.913,2247,207448.000
2015-10-26,0.930,0.925,0.932,0.919,2423,223558.000
2015-10-27,0.925,0.919,0.925,0.896,3652,333434.000
2015-10-28,0.917,0.907,0.918,0.903,1721,156739.000
2015-10-29,0.903,0.903,0.914,0.898,1837,166121.000
2015-10-30,0.903,0.901,0.908,0.898,1575,142149.000
2015-11-02,0.907,0.900,0.907,0.898,1599,143872.000
2015-11-03,0.905,0.898,0.905,0.898,537,48269.000
2015-11-04,0.905,0.917,0.918,0.899,1697,154597.000
2015-11-05,0.918,0.948,0.958,0.912,8115,763540.000
2015-11-06,0.950,0.954,0.955,0.929,4972,470154.000
2015-11-09,0.954,0.961,0.964,0.930,7923,758496.000
2015-11-10,0.937,0.964,0.964,0.933,5595,533575.000
2015-11-11,0.945,0.951,0.972,0.945,7098,677512.000
2015-11-12,0.951,0.946,0.961,0.945,6026,571639.000
2015-11-13,0.946,0.935,0.946,0.935,4741,445867.000
2015-11-16,0.935,0.936,0.945,0.930,2712,253547.000
2015-11-17,0.941,0.938,0.954,0.938,3355,317216.000
2015-11-18,0.935,0.936,0.941,0.932,2177,203616.000
2015-11-19,0.950,0.934,0.950,0.932,1770,165987.000
2015-11-20,0.932,0.938,0.946,0.932,1983,186539.000
2015-11-23,0.938,0.935,0.946,0.932,3170,298997.000
2015-11-24,0.942,0.936,0.942,0.932,1385,129861.000
2015-11-25,0.950,0.941,0.950,0.937,768,72208.000
2015-11-26,0.941,0.940,0.947,0.940,2817,265750.000
2015-11-27,0.937,0.901,0.940,0.900,3727,345430.000
2015-11-30,0.907,0.931,0.935,0.907,4039,367183.000
2015-12-01,0.931,0.931,0.934,0.902,251,23177.000
2015-12-02,0.909,0.927,0.930,0.903,1699,154264.000
2015-12-03,0.911,0.929,0.929,0.911,1175,108504.000
2015-12-04,0.929,0.929,0.934,0.929,342,31781.000
2015-12-07,0.929,0.928,0.934,0.910,104,9597.000
2015-12-08,0.915,0.926,0.931,0.910,200,18386.000
2015-12-09,0.929,0.910,0.929,0.910,214,19687.000
2015-12-10,0.927,0.907,0.927,0.907,411,37739.000
2015-12-11,0.907,0.922,0.923,0.907,459,41775.000
2015-12-14,0.922,0.928,0.935,0.921,737,68211.000
2015-12-15,0.919,0.932,0.933,0.919,265,24399.000
2015-12-16,0.944,0.932,0.944,0.921,1072,100213.000
2015-12-17,0.932,0.931,0.938,0.865,2512,231374.000
2015-12-18,0.911,0.926,0.929,0.910,468,43041.000
2015-12-21,0.920,0.929,0.930,0.900,1314,120135.000
2015-12-22,0.920,0.928,0.928,0.919,512,47315.000
2015-12-23,0.919,0.919,0.929,0.919,984,90884.000
2015-12-24,0.925,0.919,0.930,0.916,442,40814.000
2015-12-25,0.919,0.922,0.934,0.919,720,67022.000
2015-12-28,0.929,0.920,0.929,0.919,742,68690.000
2015-12-29,0.919,0.928,0.929,0.919,1354,125631.000
2015-12-30,0.919,0.931,0.933,0.900,787,72165.000
2015-12-31,0.929,0.930,0.931,0.910,472,43641.000
2016-01-04,0.928,0.912,0.928,0.904,189,17325.000
2016-01-05,0.903,0.890,0.916,0.880,2554,230378.000
2016-01-06,0.881,0.899,0.908,0.881,2466,222052.000
2016-01-08,0.899,0.865,0.899,0.835,2407,210578.000
2016-01-11,0.856,0.838,0.856,0.836,2109,177426.000
2016-01-12,0.840,0.827,0.840,0.814,1353,111086.000
2016-01-13,0.835,0.810,0.835,0.806,2407,196188.000
2016-01-14,0.801,0.810,0.818,0.791,1761,141981.000
2016-01-15,0.818,0.806,0.818,0.761,2323,184514.000
2016-01-18,0.792,0.789,0.797,0.750,1940,152169.000
2016-01-19,0.796,0.782,0.796,0.771,1642,128641.000
2016-01-20,0.782,0.780,0.784,0.767,2938,229295.000
2016-01-21,0.788,0.764,0.789,0.758,483,37036.000
2016-01-22,0.770,0.781,0.804,0.770,1376,108465.000
2016-01-25,0.789,0.807,0.809,0.774,2978,237880.000
2016-01-26,0.811,0.782,0.811,0.780,1784,140315.000
2016-01-27,0.790,0.782,0.813,0.782,2032,159134.000
2016-01-28,0.785,0.782,0.800,0.782,1014,79719.000
2016-01-29,0.782,0.791,0.802,0.782,1480,118019.000
2016-02-01,0.790,0.751,0.790,0.744,3682,279340.000
2016-02-02,0.745,0.750,0.778,0.745,3972,299715.000
2016-02-03,0.731,0.721,0.740,0.710,6364,457655.000
2016-02-04,0.720,0.723,0.733,0.716,4221,305228.000
2016-02-05,0.717,0.731,0.736,0.717,5444,396089.000
2016-02-15,0.700,0.720,0.729,0.700,4065,289910.000
2016-02-16,0.730,0.749,0.749,0.710,20153,1464812.000
2016-02-17,0.738,0.759,0.759,0.733,8427,626109.000
2016-02-18,0.751,0.760,0.779,0.751,4305,329367.000
2016-02-19,0.760,0.758,0.768,0.753,2490,189279.000
2016-02-22,0.752,0.770,0.787,0.752,3416,262105.000
2016-02-23,0.779,0.779,0.783,0.773,5127,399688.000
2016-02-24,0.786,0.782,0.786,0.777,2824,220923.000
2016-02-25,0.775,0.751,0.782,0.751,4694,362227.000
2016-02-26,0.759,0.760,0.770,0.750,2372,180115.000
2016-02-29,0.752,0.753,0.760,0.724,3281,244927.000
2016-03-01,0.752,0.759,0.769,0.745,2905,220220.000
2016-03-02,0.767,0.790,0.816,0.766,8257,652317.000
2016-03-03,0.788,0.781,0.791,0.773,4600,359411.000
2016-03-07,0.780,0.794,0.800,0.780,942,74353.000
2016-03-08,0.802,0.800,0.805,0.790,4324,346056.000
2016-03-09,0.792,0.768,0.792,0.751,3031,233167.000
2016-03-10,0.770,0.763,0.777,0.763,3453,264175.000
2016-03-11,0.771,0.769,0.810,0.752,1008,77845.000
2016-03-14,0.770,0.789,0.803,0.770,3264,255282.000
2016-03-15,0.789,0.782,0.789,0.763,491,38158.000
2016-03-16,0.788,0.774,0.790,0.774,313,24255.000
2016-03-17,0.790,0.782,0.790,0.752,711,54692.000
2016-03-18,0.786,0.786,0.790,0.770,3377,264406.000
2016-03-21,0.789,0.793,0.795,0.783,2376,187260.000
2016-03-22,0.789,0.782,0.789,0.778,704,55074.000
2016-03-23,0.785,0.784,0.788,0.780,360,28174.000
2016-03-24,0.779,0.766,0.787,0.766,946,73146.000
2016-03-25,0.800,0.780,0.800,0.766,2056,160722.000
2016-03-28,0.780,0.777,0.810,0.770,1362,106324.000
2016-03-29,0.770,0.760,0.772,0.758,1462,111202.000
2016-03-30,0.763,0.778,0.778,0.763,476,36766.000
2016-03-31,0.799,0.780,0.799,0.774,844,65769.000
2016-04-01,0.772,0.771,0.780,0.766,1108,85803.000
2016-04-05,0.767,0.780,0.785,0.767,1352,105436.000
2016-04-06,0.780,0.789,0.790,0.780,2480,194717.000
2016-04-07,0.797,0.793,0.797,0.780,1301,102407.000
2016-04-08,0.785,0.783,0.785,0.772,378,29501.000
2016-04-11,0.777,0.796,0.817,0.777,2401,191663.000
2016-04-12,0.795,0.799,0.799,0.786,2022,160202.000
2016-04-13,0.816,0.823,0.829,0.792,8339,683887.000
2016-04-14,0.822,0.818,0.822,0.807,795,64640.000
2016-04-15,0.820,0.815,0.825,0.814,566,46369.000
2016-04-18,0.820,0.805,0.820,0.800,325,26304.000
2016-04-19,0.808,0.811,0.822,0.805,383,30997.000
2016-04-20,0.800,0.798,0.815,0.795,1316,105846.000
2016-04-21,0.790,0.818,0.826,0.790,1304,106727.000
2016-04-22,0.818,0.814,0.830,0.794,1126,93054.000
2016-04-25,0.804,0.817,0.818,0.781,1038,82840.000
2016-04-26,0.804,0.801,0.806,0.798,83,6637.000
2016-04-27,0.801,0.794,0.805,0.793,242,19260.000
2016-04-28,0.793,0.799,0.799,0.789,155,12336.000
2016-04-29,0.805,0.792,0.805,0.790,1152,91681.000
2016-05-03,0.789,0.800,0.800,0.789,1016,80193.000
2016-05-04,0.805,0.820,0.826,0.800,2598,210870.000
2016-05-05,0.820,0.892,0.900,0.820,4124,361417.000
2016-05-06,0.892,0.945,0.975,0.892,6189,576778.000
2016-05-09,0.851,0.851,0.899,0.851,6212,528646.000
2016-05-10,0.766,0.766,0.766,0.766,15487,1186304.000
2016-05-11,0.765,0.746,0.790,0.729,14364,1077220.000
2016-05-12,0.754,0.750,0.770,0.731,3947,293095.000
2016-05-13,0.737,0.738,0.764,0.729,3165,234622.000
2016-05-16,0.742,0.740,0.744,0.730,1043,76816.000
2016-05-17,0.740,0.739,0.747,0.714,2103,152393.000
2016-05-18,0.731,0.725,0.739,0.722,1605,116670.000
2016-05-19,0.733,0.725,0.734,0.725,2000,145474.000
2016-05-20,0.727,0.750,0.750,0.727,1039,75923.000
2016-05-23,0.747,0.740,0.747,0.733,539,40012.000
2016-05-24,0.728,0.731,0.740,0.728,285,20783.000
2016-05-25,0.745,0.739,0.745,0.726,645,47654.000
2016-05-26,0.740,0.738,0.740,0.728,681,50017.000
2016-05-27,0.724,0.732,0.743,0.724,482,35496.000
2016-05-30,0.737,0.730,0.738,0.729,649,47514.000
2016-05-31,0.730,0.750,0.750,0.730,2266,167702.000
2016-06-01,0.750,0.750,0.755,0.741,2250,168902.000
2016-06-02,0.750,0.750,0.755,0.743,520,38938.000
2016-06-03,0.748,0.746,0.751,0.742,1470,109820.000
2016-06-06,0.738,0.746,0.758,0.738,421,31461.000
2016-06-07,0.745,0.746,0.766,0.745,216,16302.000
2016-06-08,0.746,0.753,0.755,0.743,574,42942.000
2016-06-13,0.752,0.740,0.756,0.740,1562,115928.000
2016-06-14,0.740,0.735,0.740,0.723,749,55230.000
2016-06-15,0.729,0.736,0.746,0.729,390,28714.000
2016-06-16,0.728,0.730,0.735,0.728,469,34327.000
2016-06-17,0.731,0.743,0.750,0.731,254,18889.000
2016-06-20,0.750,0.748,0.755,0.731,200,14766.000
2016-06-21,0.738,0.743,0.750,0.738,430,32087.000
2016-06-22,0.750,0.772,0.799,0.725,5318,411486.000
2016-06-23,0.770,0.760,0.778,0.760,715,55085.000
2016-06-24,0.763,0.767,0.836,0.749,6838,537951.000
2016-06-27,0.773,0.764,0.781,0.751,1236,95457.000
2016-06-28,0.763,0.772,0.774,0.763,643,49397.000
2016-06-29,0.779,0.778,0.779,0.761,2335,178650.000
2016-06-30,0.756,0.767,0.773,0.756,676,51817.000
2016-07-01,0.758,0.774,0.844,0.758,10983,880622.000
2016-07-04,0.800,0.777,0.800,0.770,4758,372151.000
2016-07-05,0.777,0.777,0.788,0.768,5611,434593.000
2016-07-06,0.761,0.776,0.776,0.761,3589,274997.000
2016-07-07,0.771,0.775,0.778,0.771,1903,147426.000
2016-07-08,0.775,0.770,0.775,0.765,676,51864.000
2016-07-11,0.766,0.780,0.784,0.766,2987,232231.000
2016-07-12,0.785,0.800,0.814,0.781,6875,548180.000
2016-07-13,0.800,0.810,0.811,0.788,4805,386542.000
2016-07-14,0.800,0.810,0.810,0.780,10624,845709.000
2016-07-15,0.802,0.810,0.891,0.802,11454,981864.000
2016-07-18,0.810,0.796,0.837,0.795,2576,206612.000
2016-07-19,0.792,0.801,0.806,0.780,3715,291723.000
2016-07-20,0.800,0.791,0.800,0.770,9405,735279.000
2016-07-21,0.785,0.791,0.798,0.782,4916,388032.000
2016-07-22,0.781,0.780,0.793,0.780,402,31633.000
2016-07-25,0.792,0.778,0.792,0.778,670,52467.000
2016-07-26,0.780,0.791,0.791,0.780,622,48927.000
2016-07-27,0.791,0.778,0.791,0.765,1761,136711.000
2016-07-28,0.777,0.779,0.787,0.769,332,25678.000
2016-07-29,0.771,0.771,0.784,0.771,249,19269.000
2016-08-01,0.760,0.777,0.779,0.760,71,5485.000
2016-08-02,0.768,0.778,0.779,0.768,68,5257.000
2016-08-03,0.765,0.779,0.779,0.765,844,64825.000
2016-08-04,0.776,0.777,0.777,0.761,4498,343820.000
2016-08-05,0.768,0.772,0.775,0.768,531,40940.000
2016-08-08,0.764,0.790,0.793,0.764,2540,199844.000
2016-08-09,0.783,0.798,0.798,0.783,250,19825.000
2016-08-10,0.800,0.804,0.812,0.800,1252,100847.000
2016-08-11,0.805,0.792,0.805,0.790,2558,203816.000
2016-08-12,0.791,0.811,0.816,0.790,2940,236699.000
2016-08-15,0.808,0.813,0.820,0.807,6295,510035.000
2016-08-16,0.813,0.818,0.829,0.812,7572,621693.000
2016-08-17,0.813,0.817,0.818,0.810,1561,126778.000
2016-08-18,0.818,0.811,0.838,0.810,1254,102025.000
2016-08-19,0.809,0.814,0.818,0.803,237,19212.000
2016-08-22,0.815,0.802,0.815,0.801,1204,97086.000
2016-08-23,0.802,0.803,0.805,0.799,983,78877.000
2016-08-24,0.800,0.807,0.810,0.794,879,70960.000
2016-08-25,0.805,0.801,0.805,0.797,1634,131031.000
2016-08-26,0.809,0.802,0.810,0.802,928,75008.000
2016-08-29,0.773,0.806,0.806,0.773,431,34732.000
2016-08-30,0.811,0.802,0.811,0.800,131,10512.000
2016-08-31,0.799,0.799,0.800,0.798,830,66306.000
2016-09-01,0.794,0.799,0.800,0.780,3385,268054.000
2016-09-02,0.792,0.790,0.796,0.788,990,78323.000
2016-09-05,0.789,0.805,0.805,0.789,1630,130638.000
2016-09-06,0.794,0.810,0.810,0.794,1279,103275.000
2016-09-07,0.810,0.811,0.819,0.810,677,55008.000
2016-09-08,0.801,0.809,0.809,0.801,60,4830.000
2016-09-09,0.810,0.811,0.814,0.803,1687,136644.000
2016-09-12,0.811,0.797,0.811,0.790,940,75030.000
2016-09-13,0.805,0.802,0.805,0.802,59,4737.000
2016-09-14,0.803,0.790,0.803,0.790,421,33495.000
2016-09-19,0.790,0.787,0.795,0.781,509,40051.000
2016-09-20,0.777,0.787,0.787,0.730,338,25366.000
2016-09-21,0.775,0.785,0.790,0.772,228,17727.000
2016-09-22,0.786,0.781,0.800,0.780,495,39136.000
2016-09-23,0.789,0.795,0.809,0.789,584,46506.000
2016-09-26,0.816,0.792,0.816,0.789,407,32356.000
2016-09-27,0.792,0.782,0.792,0.782,115,8996.000
2016-09-28,0.779,0.782,0.787,0.779,905,70675.000
2016-09-29,0.794,0.804,0.805,0.794,743,59405.000
2016-09-30,0.748,0.792,0.819,0.748,215,17330.000
2016-10-10,0.814,0.801,0.818,0.800,976,79234.000
2016-10-11,0.818,0.806,0.818,0.803,779,63441.000
2016-10-12,0.818,0.801,0.818,0.792,234,18595.000
2016-10-13,0.800,0.800,0.800,0.798,451,36043.000
2016-10-14,0.790,0.790,0.792,0.789,1151,90981.000
2016-10-17,0.798,0.794,0.798,0.788,634,50163.000
2016-10-18,0.789,0.798,0.798,0.789,627,49909.000
2016-10-19,0.804,0.807,0.809,0.801,1415,114113.000
2016-10-20,0.807,0.806,0.807,0.801,342,27487.000
2016-10-21,0.801,0.809,0.814,0.788,497,40040.000
2016-10-24,0.806,0.821,0.835,0.806,2511,207253.000
2016-10-25,0.830,0.832,0.832,0.813,1280,105145.000
2016-10-26,0.829,0.824,0.829,0.817,2302,189956.000
2016-10-27,0.821,0.833,0.833,0.818,441,36198.000
2016-10-28,0.836,0.821,0.836,0.820,362,29957.000
2016-10-31,0.803,0.817,0.819,0.802,518,42109.000
2016-11-01,0.813,0.819,0.819,0.811,168,13672.000
2016-11-02,0.819,0.810,0.839,0.808,1083,88675.000
2016-11-03,0.800,0.810,0.817,0.800,1992,161107.000
2016-11-04,0.801,0.819,0.819,0.792,207,16804.000
2016-11-07,0.816,0.823,0.824,0.814,846,69608.000
2016-11-08,0.823,0.815,0.826,0.807,531,43469.000
2016-11-09,0.820,0.818,0.820,0.804,870,70290.000
2016-11-10,0.801,0.822,0.826,0.801,1098,90377.000
2016-11-11,0.822,0.821,0.850,0.808,2197,181308.000
2016-11-14,0.821,0.849,0.857,0.821,3888,330152.000
2016-11-15,0.841,0.846,0.853,0.840,433,36552.000
2016-11-16,0.846,0.849,0.856,0.835,913,77391.000
2016-11-17,0.836,0.848,0.849,0.836,768,64558.000
2016-11-18,0.837,0.837,0.837,0.835,414,34570.000
2016-11-21,0.838,0.836,0.842,0.836,501,41927.000
2016-11-22,0.836,0.860,0.860,0.836,1872,160267.000
2016-11-23,0.859,0.855,0.861,0.849,643,55032.000
2016-11-24,0.846,0.853,0.860,0.846,787,67016.000
2016-11-25,0.849,0.859,0.859,0.823,1522,127118.000
2016-11-28,0.850,0.861,0.861,0.850,397,33819.000
2016-11-29,0.866,0.850,0.866,0.844,900,77551.000
2016-11-30,0.861,0.838,0.861,0.838,1430,120225.000
2016-12-01,0.878,0.838,0.879,0.809,2573,221853.000
2016-12-02,0.846,0.853,0.860,0.836,1192,101201.000
2016-12-05,0.858,0.836,0.858,0.835,2037,172295.000
2016-12-06,0.836,0.837,0.854,0.835,415,34759.000
2016-12-07,0.837,0.837,0.854,0.832,610,50929.000
2016-12-08,0.844,0.836,0.844,0.836,67,5622.000
2016-12-09,0.836,0.838,0.838,0.836,315,26376.000
2016-12-12,0.838,0.837,0.866,0.832,1039,86849.000
2016-12-13,0.831,0.829,0.846,0.829,301,24998.000
2016-12-14,0.830,0.832,0.832,0.830,550,45749.000
2016-12-15,0.828,0.829,0.833,0.828,229,18967.000
2016-12-16,0.817,0.827,0.832,0.817,58,4811.000
2016-12-19,0.827,0.827,0.827,0.818,189,15584.000
2016-12-20,0.827,0.833,0.834,0.812,247,20183.000
2016-12-21,0.810,0.835,0.835,0.809,1003,81917.000
2016-12-22,0.847,0.830,0.847,0.821,119,9817.000
2016-12-23,0.822,0.826,0.826,0.810,4377,355536.000
2016-12-26,0.816,0.820,0.823,0.785,525,42285.000
2016-12-27,0.801,0.821,0.821,0.801,184,14934.000
2016-12-28,0.818,0.801,0.818,0.801,170,13809.000
2016-12-29,0.809,0.801,0.809,0.801,230,18521.000
2016-12-30,0.802,0.814,0.814,0.802,400,32302.000
2017-01-03,0.818,0.814,0.818,0.802,1351,110193.000
2017-01-04,0.808,0.810,0.813,0.806,895,72235.000
2017-01-05,0.813,0.821,0.824,0.809,1726,140652.000
2017-01-06,0.820,0.832,0.832,0.812,1071,88341.000
2017-01-09,0.832,0.841,0.858,0.830,2380,200645.000
2017-01-10,0.840,0.840,0.846,0.822,405,34111.000
2017-01-11,0.845,0.823,0.845,0.821,2168,179110.000
2017-01-12,0.823,0.823,0.836,0.821,955,78546.000
2017-01-13,0.823,0.834,0.837,0.822,30,2497.000
2017-01-16,0.828,0.828,0.838,0.828,994,82324.000
2017-01-17,0.828,0.813,0.828,0.813,420,34178.000
2017-01-18,0.814,0.843,0.843,0.813,715,58172.000
2017-01-19,0.843,0.834,0.843,0.815,287,23675.000
2017-01-20,0.834,0.833,0.843,0.813,148,12387.000
2017-01-23,0.820,0.835,0.843,0.820,587,48540.000
2017-01-24,0.810,0.835,0.840,0.810,393,32935.000
2017-01-25,0.820,0.842,0.842,0.820,46,3784.000
2017-02-03,0.822,0.839,0.840,0.822,770,63674.000
2017-02-06,0.839,0.839,0.839,0.826,394,32787.000
2017-02-07,0.836,0.822,0.837,0.821,231,19124.000
2017-02-08,0.830,0.826,0.835,0.821,395,32578.000
2017-02-09,0.826,0.823,0.838,0.820,481,39705.000
2017-02-10,0.823,0.840,0.840,0.823,1541,128908.000
2017-02-13,0.840,0.842,0.850,0.840,2112,178431.000
2017-02-14,0.843,0.845,0.845,0.842,980,82612.000
2017-02-15,0.832,0.849,0.850,0.832,706,59477.000
2017-02-16,0.840,0.847,0.847,0.840,324,27312.000
2017-02-17,0.847,0.847,0.849,0.840,338,28602.000
2017-02-20,0.845,0.845,0.846,0.845,119,10056.000
2017-02-21,0.846,0.843,0.864,0.843,365,30869.000
2017-02-22,0.843,0.851,0.852,0.843,1954,165824.000
2017-02-23,0.848,0.848,0.848,0.842,206,17392.000
2017-02-24,0.847,0.847,0.847,0.834,750,63182.000
2017-02-27,0.845,0.837,0.845,0.837,268,22494.000
2017-02-28,0.837,0.841,0.841,0.829,242,20156.000
2017-03-01,0.833,0.835,0.841,0.833,340,28485.000
2017-03-02,0.835,0.833,0.835,0.829,138,11509.000
2017-03-03,0.829,0.830,0.840,0.829,120,10035.000
2017-03-06,0.830,0.839,0.840,0.829,407,34015.000
2017-03-07,0.839,0.848,0.848,0.839,549,46143.000
2017-03-08,0.848,0.853,0.853,0.848,115,9761.000
2017-03-09,0.831,0.831,0.855,0.831,122,10151.000
2017-03-10,0.848,0.847,0.848,0.831,102,8610.000
2017-03-13,0.847,0.846,0.859,0.846,119,10092.000
2017-03-14,0.836,0.836,0.857,0.836,519,43726.000
2017-03-15,0.827,0.847,0.850,0.827,405,33601.000
2017-03-16,0.847,0.846,0.848,0.841,567,47956.000
2017-03-17,0.841,0.840,0.841,0.840,695,58445.000
2017-03-20,0.858,0.844,0.858,0.840,736,62456.000
2017-03-21,0.833,0.835,0.835,0.833,1725,143998.000
2017-03-22,0.835,0.839,0.839,0.833,400,33426.000
2017-03-23,0.827,0.838,0.838,0.824,1446,119556.000
2017-03-24,0.825,0.835,0.835,0.825,487,40635.000
2017-03-27,0.836,0.829,0.836,0.828,300,25068.000
2017-03-28,0.830,0.836,0.837,0.827,307,25481.000
2017-03-29,0.836,0.830,0.845,0.827,106,8810.000
2017-03-30,0.830,0.829,0.839,0.828,370,30743.000
2017-03-31,0.841,0.832,0.841,0.827,260,21538.000
2017-04-05,0.828,0.833,0.837,0.826,302,25015.000
2017-04-06,0.833,0.836,0.866,0.829,956,79922.000
2017-04-07,0.836,0.840,0.841,0.831,2085,174701.000
2017-04-10,0.839,0.842,0.842,0.839,648,54367.000
2017-04-11,0.850,0.833,0.850,0.828,681,56650.000
2017-04-12,0.834,0.835,0.837,0.833,332,27758.000
2017-04-13,0.834,0.835,0.845,0.834,326,27254.000
2017-04-14,0.834,0.836,0.841,0.830,1433,119417.000
2017-04-17,0.836,0.830,0.836,0.825,699,57931.000
2017-04-18,0.825,0.826,0.835,0.825,1038,85788.000
2017-04-19,0.823,0.814,0.826,0.801,1183,96228.000
2017-04-20,0.810,0.804,0.822,0.802,262,21207.000
2017-04-21,0.807,0.803,0.818,0.803,349,28068.000
2017-04-24,0.803,0.802,0.813,0.802,597,47960.000
2017-04-25,0.791,0.804,0.816,0.791,47,3774.000
2017-04-26,0.804,0.802,0.817,0.796,356,28645.000
2017-04-27,0.802,0.794,0.812,0.790,139,11039.000
2017-04-28,0.817,0.811,0.817,0.796,204,16255.000
2017-05-02,0.800,0.804,0.814,0.800,195,15709.000
2017-05-03,0.799,0.792,0.810,0.792,482,38446.000
2017-05-04,0.811,0.787,0.811,0.774,408,32113.000
2017-05-05,0.788,0.769,0.796,0.745,1136,87190.000
2017-05-08,0.748,0.775,0.784,0.746,274,20897.000
2017-05-09,0.773,0.787,0.791,0.760,428,32886.000
2017-05-10,0.786,0.758,0.787,0.757,402,31257.000
2017-05-11,0.761,0.798,0.808,0.757,672,51535.000
2017-05-12,0.782,0.799,0.812,0.772,270,21455.000
2017-05-15,0.792,0.785,0.792,0.771,358,27841.000
2017-05-16,0.773,0.775,0.787,0.764,563,43472.000
2017-05-17,0.775,0.767,0.778,0.754,286,21998.000
2017-05-18,0.763,0.774,0.777,0.762,173,13313.000
2017-05-19,0.774,0.776,0.777,0.763,63,4903.000
2017-05-22,0.765,0.786,0.814,0.765,660,52714.000
2017-05-23,0.786,0.787,0.787,0.768,610,47404.000
2017-05-24,0.788,0.777,0.788,0.773,173,13489.000
2017-05-25,0.770,0.796,0.796,0.763,236,18594.000
2017-05-26,0.778,0.793,0.794,0.776,266,21015.000
2017-05-31,0.793,0.790,0.798,0.782,140,11093.000
2017-06-01,0.782,0.795,0.795,0.782,503,39501.000
2017-06-02,0.792,0.778,0.792,0.774,157,12265.000
2017-06-05,0.793,0.799,0.799,0.778,511,40477.000
2017-06-06,0.793,0.788,0.793,0.782,27,2126.000
2017-06-07,0.783,0.790,0.792,0.783,113,8937.000
2017-06-08,0.790,0.798,0.798,0.784,264,20913.000
2017-06-09,0.798,0.805,0.836,0.792,373,30227.000
2017-06-12,0.808,0.805,0.820,0.792,788,63625.000
2017-06-13,0.802,0.800,0.810,0.800,252,20311.000
2017-06-14,0.795,0.815,0.815,0.795,77,6132.000
2017-06-15,0.793,0.793,0.814,0.792,145,11544.000
2017-06-16,0.805,0.803,0.805,0.802,70,5624.000
2017-06-19,0.793,0.793,0.805,0.792,999,79605.000
2017-06-20,0.792,0.796,0.800,0.792,162,12875.000
2017-06-21,0.794,0.798,0.804,0.794,742,59086.000
2017-06-22,0.794,0.800,0.803,0.792,434,34485.000
2017-06-23,0.801,0.793,0.801,0.793,61,4877.000
2017-06-26,0.795,0.800,0.805,0.795,254,20267.000
2017-06-27,0.800,0.799,0.800,0.792,523,41783.000
2017-06-28,0.801,0.795,0.803,0.795,26,2082.000
2017-06-29,0.800,0.800,0.800,0.793,174,13860.000
2017-06-30,0.795,0.799,0.800,0.792,120,9581.000
2017-07-03,0.795,0.803,0.808,0.793,881,70189.000
2017-07-04,0.795,0.803,0.805,0.795,201,16114.000
2017-07-05,0.803,0.804,0.808,0.795,205,16508.000
2017-07-06,0.805,0.805,0.815,0.805,351,28315.000
2017-07-07,0.805,0.815,0.815,0.803,1442,116659.000
2017-07-10,0.815,0.818,0.828,0.814,1094,89370.000
2017-07-11,0.815,0.802,0.821,0.801,515,41785.000
2017-07-12,0.803,0.803,0.810,0.798,396,31733.000
2017-07-13,0.803,0.810,0.818,0.803,522,42324.000
2017-07-14,0.804,0.823,0.830,0.804,2908,239396.000
2017-07-17,0.823,0.806,0.823,0.806,397,32292.000
2017-07-18,0.803,0.824,0.828,0.803,575,46975.000
2017-07-19,0.827,0.839,0.848,0.817,4235,352810.000
2017-07-20,0.839,0.839,0.846,0.838,3254,273580.000
2017-07-21,0.835,0.850,0.853,0.835,1232,103607.000
2017-07-24,0.849,0.849,0.849,0.845,554,47023.000
2017-07-25,0.836,0.840,0.848,0.834,423,35584.000
2017-07-26,0.840,0.848,0.849,0.840,755,63515.000
2017-07-27,0.838,0.834,0.847,0.833,452,37820.000
2017-07-28,0.833,0.837,0.840,0.823,604,50113.000
2017-07-31,0.837,0.870,0.880,0.837,7574,651791.000
2017-08-01,0.875,0.888,0.920,0.875,1919,171766.000
2017-08-02,0.888,0.876,0.911,0.845,513,46293.000
2017-08-03,0.873,0.858,0.874,0.846,472,40350.000
2017-08-04,0.858,0.893,0.906,0.842,1178,101560.000
2017-08-07,0.856,0.880,0.882,0.856,554,48653.000
2017-08-08,0.861,0.886,0.886,0.848,2714,235258.000
2017-08-09,0.873,0.885,0.885,0.856,1152,100228.000
2017-08-10,0.886,0.880,0.886,0.864,672,58564.000
2017-08-11,0.852,0.855,0.877,0.852,535,46340.000
2017-08-14,0.843,0.845,0.855,0.832,793,66693.000
2017-08-15,0.845,0.847,0.865,0.840,383,32735.000
2017-08-16,0.840,0.851,0.852,0.834,2580,216113.000
2017-08-17,0.848,0.848,0.850,0.843,370,31381.000
2017-08-18,0.847,0.848,0.848,0.841,138,11672.000
2017-08-21,0.853,0.854,0.854,0.843,1520,128641.000
2017-08-22,0.849,0.851,0.858,0.849,2814,239222.000
2017-08-23,0.845,0.848,0.850,0.840,911,76718.000
2017-08-24,0.836,0.844,0.844,0.835,1375,115531.000
2017-08-25,0.844,0.858,0.859,0.837,1284,109421.000
2017-08-28,0.855,0.866,0.866,0.855,1370,118414.000
2017-08-29,0.869,0.900,0.938,0.869,3895,350131.000
2017-08-30,0.906,0.905,0.915,0.880,1216,110252.000
2017-08-31,0.928,0.920,0.928,0.905,918,83947.000
2017-09-01,0.921,0.965,1.012,0.921,4877,472499.000
2017-09-04,0.970,0.953,1.009,0.931,4318,419602.000
2017-09-05,0.953,0.930,0.953,0.903,2223,206485.000
2017-09-06,0.910,0.910,0.929,0.901,4034,367091.000
2017-09-07,0.910,0.904,0.911,0.890,4376,393261.000
2017-09-08,0.891,0.919,0.928,0.891,3001,274530.000
2017-09-11,0.910,0.914,0.933,0.890,4914,440425.000
2017-09-12,0.903,0.895,0.903,0.887,4728,421748.000
2017-09-13,0.892,0.893,0.893,0.883,3022,268602.000
2017-09-14,0.886,0.887,0.892,0.884,3132,277837.000
2017-09-15,0.879,0.878,0.886,0.876,2560,224974.000
2017-09-18,0.900,0.889,0.900,0.873,1072,95246.000
2017-09-19,0.888,0.889,0.900,0.876,1792,159936.000
2017-09-20,0.900,0.881,0.900,0.876,3439,302712.000
2017-09-21,0.893,0.873,0.893,0.870,1971,173309.000
2017-09-22,0.873,0.876,0.883,0.866,1109,96864.000
2017-09-25,0.864,0.879,0.885,0.864,958,84358.000
2017-09-26,0.885,0.882,0.885,0.879,1024,90170.000
2017-09-27,0.882,0.883,0.886,0.868,5899,516870.000
2017-09-28,0.871,0.875,0.878,0.870,555,48500.000
2017-09-29,0.881,0.877,0.882,0.867,640,55951.000
2017-10-09,0.877,0.884,0.886,0.877,1558,137424.000
2017-10-10,0.886,0.884,0.886,0.877,2057,181150.000
2017-10-11,0.886,0.885,0.886,0.866,8810,771905.000
2017-10-12,0.881,0.880,0.882,0.871,2908,254786.000
2017-10-13,0.885,0.881,0.885,0.865,6789,590001.000
2017-10-16,0.879,0.875,0.879,0.867,6532,567137.000
2017-10-17,0.867,0.853,0.867,0.853,11525,986600.000
2017-10-18,0.856,0.835,0.856,0.825,7172,600799.000
2017-10-19,0.831,0.832,0.834,0.824,807,66956.000
2017-10-20,0.827,0.828,0.835,0.824,6450,533674.000
2017-10-23,0.825,0.826,0.830,0.824,2776,229428.000
2017-10-24,0.829,0.826,0.831,0.826,4197,347347.000
2017-10-25,0.830,0.835,0.838,0.830,7959,662950.000
2017-10-26,0.836,0.841,0.843,0.834,2377,199465.000
2017-10-27,0.838,0.837,0.841,0.837,616,51655.000
2017-10-30,0.837,0.828,0.843,0.823,1056,87635.000
2017-10-31,0.830,0.838,0.838,0.826,727,60553.000
2017-11-01,0.838,0.840,0.847,0.831,1985,166443.000
2017-11-02,0.840,0.831,0.844,0.830,823,68625.000
2017-11-03,0.827,0.825,0.834,0.825,1048,86643.000
2017-11-06,0.830,0.822,0.830,0.821,1157,95359.000
2017-11-07,0.830,0.839,0.840,0.823,4223,352718.000
2017-11-08,0.839,0.838,0.843,0.834,1573,132046.000
2017-11-09,0.845,0.845,0.849,0.838,3112,263349.000
2017-11-10,0.846,0.843,0.850,0.840,3255,275011.000
2017-11-13,0.848,0.843,0.848,0.840,1952,164339.000
2017-11-14,0.847,0.854,0.863,0.847,11063,946813.000
2017-11-15,0.854,0.848,0.854,0.844,1855,157080.000
2017-11-16,0.845,0.846,0.859,0.835,2607,218985.000
2017-11-17,0.843,0.828,0.843,0.820,2944,244172.000
2017-11-20,0.828,0.828,0.828,0.810,808,66066.000
2017-11-21,0.821,0.833,0.836,0.821,1129,93632.000
2017-11-22,0.838,0.840,0.847,0.824,3504,294600.000
2017-11-23,0.841,0.842,0.856,0.836,12852,1091026.000
2017-11-24,0.842,0.842,0.847,0.836,4273,359640.000
2017-11-27,0.849,0.841,0.849,0.838,634,53405.000
2017-11-28,0.837,0.840,0.846,0.835,1557,130593.000
2017-11-29,0.840,0.848,0.850,0.837,2656,224713.000
2017-11-30,0.848,0.848,0.850,0.844,1529,129751.000
2017-12-01,0.849,0.844,0.849,0.841,1229,103555.000
2017-12-04,0.844,0.849,0.850,0.833,1899,160848.000
2017-12-05,0.849,0.840,0.849,0.831,1078,90149.000
2017-12-06,0.832,0.838,0.839,0.827,1422,118142.000
2017-12-07,0.831,0.829,0.839,0.829,1095,91156.000
2017-12-08,0.823,0.837,0.837,0.823,1136,94918.000
2017-12-11,0.840,0.835,0.840,0.822,1562,130053.000
2017-12-12,0.835,0.827,0.838,0.826,1218,101247.000
2017-12-13,0.826,0.835,0.835,0.826,1306,108278.000
2017-12-14,0.826,0.834,0.834,0.826,1465,121248.000
2017-12-15,0.821,0.824,0.835,0.821,1738,143319.000
2017-12-18,0.820,0.830,0.831,0.820,1331,110250.000
2017-12-19,0.822,0.830,0.834,0.822,794,65866.000
2017-12-20,0.825,0.831,0.834,0.825,1451,120579.000
2017-12-21,0.831,0.829,0.831,0.825,1319,109226.000
2017-12-22,0.829,0.835,0.837,0.826,4805,400256.000
2017-12-25,0.838,0.839,0.848,0.834,7373,618978.000
2017-12-26,0.830,0.835,0.839,0.830,1243,103319.000
2017-12-27,0.839,0.838,0.842,0.833,4760,398750.000
2017-12-28,0.823,0.841,0.841,0.823,7268,609087.000
2017-12-29,0.846,0.839,0.846,0.838,544,45738.000
2018-01-02,0.835,0.868,0.868,0.835,6842,586328.000
2018-01-03,0.870,0.864,0.870,0.855,4773,413640.000
2018-01-04,0.867,0.884,0.948,0.864,12609,1109836.000
2018-01-05,0.887,0.885,0.891,0.875,4324,381869.000
2018-01-08,0.884,0.913,0.918,0.880,11152,1011328.000
2018-01-09,0.914,0.912,0.919,0.900,12578,1141868.000
2018-01-10,0.899,0.911,0.929,0.899,4013,368504.000
2018-01-11,0.918,0.908,0.918,0.899,3832,346235.000
2018-01-12,0.902,0.904,0.910,0.898,1953,176251.000
2018-01-15,0.904,0.888,0.904,0.882,3282,291433.000
2018-01-16,0.880,0.888,0.889,0.876,4052,357911.000
2018-01-17,0.888,0.890,0.908,0.876,1984,176843.000
2018-01-18,0.900,0.900,0.902,0.884,1554,139242.000
2018-01-19,0.906,0.895,0.906,0.893,3035,271598.000
2018-01-22,0.900,0.893,0.900,0.885,9792,870111.000
2018-01-23,0.895,0.908,0.908,0.888,4050,362805.000
2018-01-24,0.908,0.916,0.917,0.903,3349,304073.000
2018-01-25,0.918,0.918,0.938,0.918,5189,479744.000
2018-01-26,0.918,0.925,0.926,0.911,2430,222546.000
2018-01-29,0.922,0.932,0.951,0.922,8720,820757.000
2018-01-30,0.939,0.936,0.947,0.923,4142,388796.000
2018-01-31,0.927,0.925,0.927,0.902,2803,256260.000
2018-02-01,0.920,0.918,0.948,0.901,5845,536535.000
2018-02-02,0.908,0.958,0.958,0.903,6622,621711.000
2018-02-05,0.941,0.966,0.977,0.937,7572,727790.000
2018-02-06,0.960,0.930,0.960,0.916,6010,563045.000
2018-02-07,0.930,0.938,0.999,0.930,7324,694758.000
2018-02-08,0.930,0.915,0.930,0.890,2068,189044.000
2018-02-09,0.909,0.877,0.909,0.830,8149,693438.000
2018-02-12,0.854,0.859,0.860,0.842,4412,375037.000
2018-02-13,0.860,0.850,0.862,0.842,1893,162187.000
2018-02-14,0.853,0.844,0.853,0.830,1839,153802.000
2018-02-22,0.844,0.850,0.854,0.844,1599,135532.000
2018-02-23,0.854,0.863,0.866,0.850,3315,284678.000
2018-02-26,0.863,0.869,0.874,0.860,4802,417826.000
2018-02-27,0.878,0.847,0.878,0.847,4147,354933.000
2018-02-28,0.847,0.843,0.847,0.831,2985,249966.000
2018-03-01,0.834,0.842,0.844,0.834,2271,190828.000
2018-03-02,0.841,0.840,0.841,0.832,3643,304246.000
2018-03-05,0.840,0.840,0.842,0.831,1130,94651.000
2018-03-06,0.840,0.845,0.846,0.822,6738,562695.000
2018-03-07,0.846,0.837,0.846,0.836,3014,253266.000
2018-03-08,0.837,0.836,0.842,0.832,1807,150964.000
2018-03-09,0.836,0.836,0.838,0.826,3287,273674.000
2018-03-12,0.847,0.841,0.847,0.836,7062,593540.000
2018-03-13,0.840,0.834,0.840,0.833,4418,369569.000
2018-03-14,0.833,0.838,0.839,0.830,3130,260831.000
2018-03-15,0.825,0.834,0.837,0.825,1909,158803.000
2018-03-16,0.830,0.835,0.836,0.828,2662,222152.000
2018-03-19,0.838,0.832,0.838,0.831,1973,164420.000
2018-03-20,0.830,0.835,0.835,0.824,4275,353785.000
2018-03-21,0.830,0.834,0.836,0.828,8042,671148.000
2018-03-22,0.837,0.836,0.841,0.831,982,81958.000
2018-03-23,0.830,0.809,0.838,0.803,7112,580223.000
2018-03-26,0.809,0.794,0.817,0.788,4471,355719.000
2018-03-27,0.805,0.799,0.805,0.789,7902,628608.000
2018-03-28,0.799,0.769,0.799,0.769,9724,759625.000
2018-03-29,0.769,0.783,0.790,0.760,7854,611390.000
2018-03-30,0.785,0.783,0.785,0.771,4182,326560.000
2018-04-02,0.782,0.786,0.790,0.782,5392,424451.000
2018-04-03,0.785,0.774,0.785,0.770,3411,263806.000
2018-04-04,0.775,0.779,0.784,0.774,2955,230202.000
2018-04-09,0.780,0.791,0.791,0.780,2238,175817.000
2018-04-10,0.791,0.797,0.798,0.789,2276,180237.000
2018-04-11,0.797,0.787,0.797,0.783,13572,1068490.000
2018-04-12,0.787,0.780,0.787,0.776,6878,538208.000
2018-04-13,0.786,0.780,0.786,0.779,5328,416349.000
2018-04-16,0.780,0.772,0.784,0.772,3001,233474.000
2018-04-17,0.775,0.768,0.775,0.768,3578,275745.000
2018-04-18,0.772,0.767,0.774,0.761,4180,321419.000
2018-04-19,0.767,0.777,0.777,0.767,4311,333808.000
2018-04-20,0.776,0.773,0.776,0.769,2594,199868.000
2018-04-23,0.772,0.765,0.775,0.760,2071,158707.000
2018-04-24,0.765,0.779,0.781,0.765,2954,229817.000
2018-04-25,0.779,0.776,0.779,0.768,1913,147891.000
2018-04-26,0.775,0.771,0.775,0.770,1204,92991.000
2018-04-27,0.771,0.772,0.773,0.768,1641,126238.000
2018-05-02,0.776,0.770,0.776,0.762,998,76454.000
2018-05-03,0.770,0.768,0.772,0.760,2648,202065.000
2018-05-04,0.767,0.767,0.769,0.765,1356,103993.000
2018-05-07,0.770,0.783,0.783,0.770,6334,493900.000
2018-05-08,0.785,0.786,0.787,0.784,6995,549883.000
2018-05-09,0.786,0.790,0.797,0.786,4557,361682.000
2018-05-10,0.795,0.808,0.808,0.795,12975,1045324.000
2018-05-11,0.802,0.804,0.807,0.795,6745,539525.000
2018-05-14,0.798,0.798,0.802,0.797,2514,200908.000
2018-05-15,0.795,0.796,0.799,0.793,1825,145257.000
2018-05-16,0.793,0.787,0.793,0.787,6805,537521.000
2018-05-17,0.794,0.791,0.795,0.790,2591,205245.000
2018-05-18,0.794,0.838,0.838,0.790,17686,1441591.000
2018-05-21,0.836,0.833,0.836,0.820,16433,1363055.000
2018-05-22,0.831,0.825,0.834,0.823,9632,797473.000
2018-05-23,0.824,0.814,0.824,0.810,6080,495150.000
2018-05-24,0.811,0.811,0.814,0.810,2978,241481.000
2018-05-25,0.813,0.805,0.813,0.799,3614,289934.000
2018-05-28,0.800,0.797,0.803,0.790,6776,537631.000
2018-05-29,0.797,0.805,0.805,0.792,1652,131967.000
2018-05-30,0.795,0.788,0.804,0.783,2739,215766.000
2018-05-31,0.791,0.789,0.804,0.788,1503,119034.000
2018-06-01,0.790,0.778,0.799,0.777,4611,361948.000
2018-06-04,0.777,0.777,0.787,0.775,2075,161274.000
2018-06-05,0.777,0.789,0.798,0.772,8443,658056.000
2018-06-06,0.780,0.785,0.785,0.757,3133,241652.000
2018-06-07,0.776,0.776,0.782,0.770,4198,325106.000
2018-06-08,0.776,0.767,0.776,0.763,1518,116754.000
2018-06-11,0.763,0.757,0.767,0.756,3092,235220.000
2018-06-12,0.769,0.767,0.769,0.757,3118,237274.000
2018-06-13,0.764,0.758,0.766,0.758,1888,143674.000
2018-06-14,0.762,0.765,0.767,0.759,2042,156109.000
2018-06-15,0.766,0.762,0.769,0.762,1860,142178.000
2018-06-19,0.762,0.740,0.762,0.730,7352,545979.000
2018-06-20,0.738,0.739,0.739,0.726,4056,296121.000
2018-06-21,0.740,0.738,0.748,0.722,5223,386131.000
2018-06-22,0.735,0.739,0.739,0.724,1318,96228.000
2018-06-25,0.748,0.747,0.748,0.735,2316,172050.000
2018-06-26,0.740,0.729,0.740,0.716,3010,217765.000
2018-06-27,0.735,0.735,0.738,0.729,4357,319748.000
2018-06-28,0.735,0.738,0.741,0.734,1328,97965.000
2018-06-29,0.738,0.745,0.748,0.729,4255,314799.000
2018-07-02,0.745,0.719,0.745,0.719,2921,214832.000
2018-07-03,0.717,0.728,0.730,0.717,1544,111489.000
2018-07-04,0.726,0.725,0.727,0.720,288,20894.000
2018-07-05,0.720,0.708,0.725,0.700,3317,234714.000
2018-07-06,0.710,0.709,0.716,0.703,1790,126368.000
2018-07-09,0.705,0.725,0.725,0.704,754,53933.000
2018-07-10,0.721,0.725,0.725,0.714,1038,74644.000
2018-07-11,0.720,0.718,0.720,0.711,699,49825.000
2018-07-12,0.715,0.722,0.723,0.711,1722,123444.000
2018-07-13,0.713,0.723,0.723,0.711,1827,131576.000
2018-07-16,0.715,0.717,0.722,0.715,127,9124.000
2018-07-17,0.720,0.715,0.724,0.712,1463,104972.000
2018-07-18,0.721,0.712,0.722,0.712,1432,102528.000
2018-07-19,0.720,0.717,0.720,0.713,828,59273.000
2018-07-20,0.713,0.718,0.719,0.710,1101,78828.000
2018-07-23,0.714,0.726,0.729,0.713,2107,152201.000
2018-07-24,0.726,0.735,0.740,0.726,1564,114942.000
2018-07-25,0.737,0.736,0.740,0.734,1264,93218.000
2018-07-26,0.737,0.734,0.743,0.730,376,27671.000
2018-07-27,0.738,0.738,0.738,0.731,803,58921.000
2018-07-30,0.738,0.734,0.741,0.734,1300,95991.000
2018-07-31,0.738,0.744,0.744,0.731,1869,138146.000
2018-08-01,0.744,0.728,0.744,0.718,1589,116359.000
2018-08-02,0.720,0.716,0.720,0.705,1335,95311.000
2018-08-03,0.724,0.718,0.724,0.709,1227,87494.000
2018-08-06,0.718,0.716,0.718,0.708,454,32322.000
2018-08-07,0.715,0.759,0.761,0.715,7628,561040.000
2018-08-08,0.742,0.743,0.758,0.740,5289,394269.000
2018-08-09,0.740,0.740,0.748,0.731,3588,265449.000
2018-08-10,0.740,0.740,0.742,0.738,2528,187071.000
2018-08-13,0.740,0.738,0.740,0.731,455,33407.000
2018-08-14,0.740,0.745,0.746,0.739,1361,101232.000
2018-08-15,0.748,0.732,0.748,0.730,987,72778.000
2018-08-16,0.730,0.726,0.730,0.721,310,22478.000
2018-08-17,0.723,0.721,0.729,0.720,1712,123776.000
2018-08-20,0.720,0.722,0.738,0.718,736,53204.000
2018-08-21,0.725,0.730,0.735,0.724,2900,212410.000
2018-08-22,0.732,0.731,0.735,0.730,652,47678.000
2018-08-23,0.737,0.738,0.738,0.728,915,67113.000
2018-08-24,0.734,0.730,0.738,0.721,1735,126232.000
2018-08-27,0.732,0.744,0.748,0.732,2608,192447.000
2018-08-28,0.744,0.743,0.750,0.742,1478,110405.000
2018-08-29,0.742,0.742,0.750,0.741,794,59090.000
2018-08-30,0.744,0.745,0.752,0.742,640,48035.000
2018-08-31,0.742,0.734,0.742,0.730,1751,128430.000
2018-09-03,0.730,0.735,0.736,0.726,683,49987.000
2018-09-04,0.734,0.741,0.741,0.731,827,60893.000
2018-09-05,0.743,0.735,0.743,0.735,301,22239.000
2018-09-06,0.731,0.731,0.737,0.731,847,62290.000
2018-09-07,0.731,0.745,0.748,0.731,1494,110689.000
2018-09-10,0.752,0.736,0.752,0.736,2022,149842.000
2018-09-11,0.744,0.736,0.744,0.735,236,17417.000
2018-09-12,0.737,0.740,0.745,0.737,1547,114614.000
2018-09-13,0.754,0.746,0.754,0.741,2399,179924.000
2018-09-14,0.750,0.756,0.757,0.749,1995,150478.000
2018-09-17,0.755,0.751,0.755,0.745,478,35670.000
2018-09-18,0.755,0.758,0.758,0.749,1377,103758.000
2018-09-19,0.759,0.774,0.775,0.759,6520,503462.000
2018-09-20,0.770,0.776,0.776,0.770,2267,175499.000
2018-09-21,0.773,0.787,0.787,0.765,5130,398760.000
2018-09-25,0.786,0.789,0.796,0.784,2283,180706.000
2018-09-26,0.789,0.798,0.801,0.789,5698,454285.000
2018-09-27,0.799,0.797,0.800,0.790,4006,319519.000
2018-09-28,0.807,0.803,0.807,0.794,3343,267330.000
2018-10-08,0.792,0.795,0.805,0.785,2573,203855.000
2018-10-09,0.785,0.797,0.801,0.785,1492,118810.000
2018-10-10,0.800,0.804,0.805,0.795,3124,250434.000
2018-10-11,0.799,0.774,0.799,0.770,3718,288232.000
2018-10-12,0.765,0.779,0.788,0.750,2002,152607.000
2018-10-15,0.774,0.770,0.778,0.762,1707,131657.000
2018-10-16,0.756,0.776,0.783,0.756,3833,294377.000
2018-10-17,0.776,0.783,0.784,0.770,1740,135135.000
2018-10-18,0.770,0.738,0.770,0.712,4008,296459.000
2018-10-19,0.735,0.737,0.738,0.714,1858,135215.000
2018-10-22,0.736,0.756,0.764,0.728,1405,105630.000
2018-10-23,0.750,0.742,0.760,0.742,1712,128304.000
2018-10-24,0.740,0.747,0.750,0.725,757,55612.000
2018-10-25,0.730,0.747,0.747,0.725,888,65508.000
2018-10-26,0.747,0.762,0.799,0.747,1355,103854.000
2018-10-29,0.757,0.770,0.773,0.757,799,60851.000
2018-10-30,0.767,0.736,0.777,0.731,3595,266678.000
2018-10-31,0.747,0.739,0.747,0.728,3511,258058.000
2018-11-01,0.739,0.738,0.745,0.732,3508,259314.000
2018-11-02,0.738,0.750,0.750,0.737,5775,429695.000
2018-11-05,0.743,0.752,0.752,0.743,4876,363808.000
2018-11-06,0.752,0.766,0.768,0.746,2181,164670.000
2018-11-07,0.764,0.748,0.776,0.743,4852,369414.000
2018-11-08,0.749,0.753,0.756,0.740,3381,252226.000
2018-11-09,0.741,0.740,0.750,0.734,3494,258483.000
2018-11-12,0.740,0.741,0.741,0.731,6511,479727.000
2018-11-13,0.737,0.742,0.745,0.726,7872,580782.000
2018-11-14,0.730,0.731,0.737,0.727,8754,639934.000
2018-11-15,0.734,0.736,0.738,0.732,4050,297635.000
2018-11-16,0.737,0.730,0.738,0.730,5471,402146.000
2018-11-19,0.727,0.736,0.738,0.727,2757,202575.000
2018-11-20,0.736,0.732,0.737,0.726,3546,258431.000
2018-11-21,0.732,0.721,0.732,0.718,2922,211060.000
2018-11-22,0.724,0.725,0.729,0.721,797,57637.000
2018-11-23,0.718,0.711,0.726,0.701,11860,846110.000
2018-11-26,0.702,0.700,0.710,0.700,4137,290806.000
2018-11-27,0.702,0.701,0.709,0.693,3279,229159.000
2018-11-28,0.693,0.703,0.704,0.693,2551,177768.000
2018-11-29,0.703,0.688,0.703,0.688,7484,518889.000
2018-11-30,0.688,0.691,0.695,0.688,2202,151920.000
2018-12-03,0.700,0.708,0.710,0.694,7465,525128.000
2018-12-04,0.708,0.712,0.713,0.702,4515,319357.000
2018-12-05,0.703,0.704,0.707,0.702,1382,97392.000
2018-12-06,0.701,0.691,0.701,0.691,4017,279645.000
2018-12-07,0.692,0.695,0.701,0.690,2798,194417.000
2018-12-10,0.697,0.694,0.706,0.691,2328,161948.000
2018-12-11,0.704,0.696,0.704,0.691,723,50321.000
2018-12-12,0.700,0.698,0.700,0.694,810,56425.000
2018-12-13,0.698,0.703,0.707,0.698,4012,282269.000
2018-12-14,0.705,0.703,0.705,0.698,1130,79396.000
2018-12-17,0.702,0.700,0.702,0.692,963,67169.000
2018-12-18,0.692,0.694,0.699,0.692,771,53561.000
2018-12-19,0.700,0.685,0.700,0.676,3599,245327.000
2018-12-20,0.685,0.685,0.685,0.666,3264,219397.000
2018-12-21,0.673,0.668,0.680,0.667,2174,145905.000
2018-12-24,0.667,0.672,0.678,0.666,1229,82149.000
2018-12-25,0.670,0.664,0.670,0.656,1466,96845.000
2018-12-26,0.664,0.664,0.665,0.660,861,56970.000
2018-12-27,0.675,0.657,0.680,0.656,2616,175737.000
2018-12-28,0.652,0.649,0.670,0.648,5197,338016.000
2019-01-02,0.643,0.632,0.652,0.630,2729,174115.000
2019-01-03,0.632,0.627,0.634,0.625,1369,86256.000
2019-01-04,0.626,0.640,0.640,0.626,2087,132103.000
2019-01-07,0.643,0.645,0.646,0.635,3499,224804.000
2019-01-08,0.642,0.649,0.650,0.642,1145,74202.000
2019-01-09,0.653,0.653,0.670,0.652,4836,319428.000
2019-01-10,0.668,0.657,0.668,0.652,1127,74168.000
2019-01-11,0.658,0.657,0.658,0.652,800,52503.000
2019-01-14,0.659,0.658,0.664,0.656,1535,101154.000
2019-01-15,0.659,0.658,0.663,0.656,13813,912474.000
2019-01-16,0.665,0.663,0.665,0.659,2411,159510.000
2019-01-17,0.665,0.669,0.672,0.662,4288,286701.000
2019-01-18,0.659,0.674,0.678,0.659,3254,219043.000
2019-01-21,0.675,0.683,0.683,0.673,2980,202461.000
2019-01-22,0.683,0.675,0.683,0.673,6073,409976.000
2019-01-23,0.678,0.674,0.678,0.673,873,58921.000
2019-01-24,0.670,0.671,0.674,0.661,1155,77457.000
2019-01-25,0.666,0.671,0.674,0.666,782,52433.000
2019-01-28,0.670,0.677,0.680,0.670,2290,154645.000
2019-01-29,0.667,0.673,0.673,0.665,580,38810.000
2019-01-30,0.673,0.672,0.673,0.672,201,13519.000
2019-01-31,0.665,0.671,0.675,0.665,264,17666.000
2019-02-01,0.675,0.678,0.679,0.670,2086,140371.000
2019-02-11,0.678,0.684,0.685,0.678,3043,207957.000
2019-02-12,0.686,0.689,0.690,0.681,4400,301857.000
2019-02-13,0.690,0.695,0.700,0.690,3481,241710.000
2019-02-14,0.695,0.692,0.703,0.690,2961,205002.000
2019-02-15,0.694,0.690,0.695,0.683,1467,101073.000
2019-02-18,0.690,0.705,0.707,0.690,7044,492558.000
2019-02-19,0.701,0.703,0.706,0.700,3409,239546.000
2019-02-20,0.698,0.704,0.706,0.698,4400,309601.000
2019-02-21,0.700,0.705,0.711,0.700,5073,359287.000
2019-02-22,0.705,0.707,0.707,0.690,9090,634288.000
2019-02-25,0.708,0.742,0.742,0.708,15197,1099986.000
2019-02-26,0.750,0.766,0.788,0.740,21415,1647203.000
2019-02-27,0.766,0.777,0.787,0.764,12847,1001167.000
2019-02-28,0.780,0.766,0.782,0.764,10286,791042.000
2019-03-01,0.763,0.749,0.763,0.730,34122,2524756.000
2019-03-04,0.748,0.751,0.767,0.744,36943,2790526.000
2019-03-05,0.750,0.752,0.755,0.745,14011,1049234.000
2019-03-06,0.752,0.758,0.765,0.748,26487,2001228.000
2019-03-07,0.758,0.760,0.773,0.750,25936,1967778.000
2019-03-08,0.750,0.729,0.750,0.729,11552,852283.000
2019-03-11,0.739,0.738,0.739,0.721,9575,699189.000
2019-03-12,0.739,0.744,0.749,0.733,14985,1113562.000
2019-03-13,0.745,0.734,0.746,0.733,7305,540653.000
2019-03-14,0.744,0.728,0.744,0.725,5623,411969.000
2019-03-15,0.734,0.738,0.740,0.729,6889,507230.000
2019-03-18,0.743,0.760,0.760,0.741,16148,1213270.000
2019-03-19,0.760,0.765,0.777,0.753,16332,1247709.000
2019-03-20,0.765,0.761,0.767,0.750,7022,530601.000
2019-03-21,0.763,0.763,0.767,0.751,11570,879461.000
2019-03-22,0.762,0.758,0.762,0.751,7796,589327.000
2019-03-25,0.751,0.747,0.751,0.741,12200,909716.000
2019-03-26,0.747,0.731,0.750,0.729,6490,478306.000
2019-03-27,0.730,0.738,0.739,0.730,7672,563079.000
2019-03-28,0.736,0.734,0.740,0.731,4513,332560.000
2019-03-29,0.734,0.751,0.752,0.734,9247,690654.000
2019-04-01,0.752,0.778,0.779,0.752,20825,1599637.000
2019-04-02,0.788,0.785,0.800,0.775,11995,936396.000
2019-04-03,0.780,0.789,0.789,0.780,10810,848383.000
2019-04-04,0.790,0.809,0.812,0.788,19921,1595514.000
2019-04-08,0.815,0.818,0.834,0.800,15838,1302105.000
2019-04-09,0.818,0.818,0.820,0.810,8323,676832.000
2019-04-10,0.818,0.814,0.819,0.803,5435,440447.000
2019-04-11,0.811,0.800,0.814,0.800,2034,164252.000
2019-04-12,0.796,0.791,0.800,0.785,5406,427594.000
2019-04-15,0.798,0.797,0.808,0.796,5073,407188.000
2019-04-16,0.793,0.810,0.818,0.787,10673,853955.000
2019-04-17,0.810,0.821,0.833,0.810,8889,727870.000
2019-04-18,0.824,0.824,0.845,0.820,6267,519806.000
2019-04-19,0.826,0.832,0.838,0.808,5865,483212.000
2019-04-22,0.832,0.825,0.836,0.822,5069,420976.000
2019-04-23,0.825,0.819,0.833,0.818,2751,226997.000
2019-04-24,0.814,0.815,0.818,0.802,4957,402197.000
2019-04-25,0.814,0.792,0.814,0.790,4049,324064.000
2019-04-26,0.793,0.771,0.793,0.769,4853,379285.000
2019-04-29,0.770,0.772,0.786,0.761,5113,393268.000
2019-04-30,0.771,0.770,0.771,0.757,2454,188125.000
2019-05-06,0.761,0.727,0.761,0.725,8623,639364.000
2019-05-07,0.748,0.735,0.748,0.705,3409,247054.000
2019-05-08,0.736,0.729,0.736,0.712,1110,80663.000
2019-05-09,0.721,0.718,0.731,0.718,1010,73092.000
2019-05-10,0.718,0.732,0.735,0.716,4463,323922.000
2019-05-13,0.723,0.734,0.735,0.712,2465,179349.000
2019-05-14,0.730,0.730,0.733,0.720,787,57350.000
2019-05-15,0.732,0.745,0.745,0.730,1706,125601.000
2019-05-16,0.745,0.745,0.745,0.734,3727,276777.000
2019-05-17,0.746,0.739,0.746,0.732,4734,349596.000
2019-05-20,0.731,0.734,0.746,0.721,2019,146242.000
2019-05-21,0.725,0.731,0.736,0.725,1555,113913.000
2019-05-22,0.730,0.723,0.735,0.720,1377,99614.000
2019-05-23,0.720,0.717,0.724,0.713,5776,414648.000
2019-05-24,0.715,0.716,0.719,0.710,2672,190874.000
2019-05-27,0.711,0.721,0.724,0.710,4000,286749.000
2019-05-28,0.720,0.723,0.724,0.720,1524,110067.000
2019-05-29,0.718,0.723,0.723,0.718,1235,88746.000
2019-05-30,0.723,0.725,0.727,0.718,1488,107572.000
2019-05-31,0.727,0.722,0.727,0.721,1030,74459.000
2019-06-03,0.716,0.720,0.725,0.708,3260,231825.000
2019-06-04,0.711,0.711,0.716,0.707,1495,105805.000
2019-06-05,0.715,0.711,0.715,0.706,1376,97900.000
2019-06-06,0.706,0.707,0.708,0.700,584,41131.000
2019-06-10,0.704,0.711,0.717,0.704,888,63391.000
2019-06-11,0.710,0.724,0.725,0.710,2183,157912.000
2019-06-12,0.719,0.728,0.728,0.719,1786,129463.000
2019-06-13,0.724,0.726,0.726,0.724,579,41997.000
2019-06-14,0.726,0.724,0.726,0.724,884,64116.000
2019-06-17,0.724,0.726,0.726,0.722,108,7793.000
2019-06-18,0.724,0.728,0.728,0.720,111,8060.000
2019-06-19,0.730,0.729,0.735,0.729,2021,147478.000
2019-06-20,0.732,0.735,0.735,0.727,2071,151743.000
2019-06-21,0.741,0.744,0.745,0.740,4155,308541.000
2019-06-24,0.744,0.746,0.751,0.737,1455,108843.000
2019-06-25,0.745,0.743,0.749,0.737,695,51741.000
2019-06-26,0.745,0.738,0.749,0.738,875,65080.000
2019-06-27,0.745,0.737,0.748,0.733,1384,102418.000
2019-06-28,0.737,0.733,0.739,0.731,1094,80408.000
2019-07-01,0.734,0.739,0.745,0.734,5621,414938.000
2019-07-02,0.741,0.769,0.776,0.740,11686,888712.000
2019-07-03,0.760,0.754,0.782,0.730,10156,763253.000
2019-07-04,0.749,0.732,0.754,0.729,16961,1248198.000
2019-07-05,0.728,0.730,0.732,0.722,9205,669411.000
2019-07-08,0.730,0.714,0.730,0.710,5277,378342.000
2019-07-09,0.720,0.712,0.720,0.710,3478,248271.000
2019-07-10,0.713,0.719,0.719,0.709,6095,434538.000
2019-07-11,0.718,0.716,0.724,0.711,5329,382474.000
2019-07-12,0.713,0.715,0.718,0.710,1162,82938.000
2019-07-15,0.710,0.718,0.718,0.710,1080,77301.000
2019-07-16,0.720,0.716,0.723,0.713,1334,95493.000
2019-07-17,0.714,0.712,0.716,0.712,2134,152285.000
2019-07-18,0.712,0.711,0.712,0.707,3543,251089.000
2019-07-19,0.713,0.714,0.717,0.712,2179,155427.000
2019-07-22,0.717,0.708,0.717,0.704,2135,151089.000
2019-07-23,0.705,0.711,0.711,0.703,1590,112476.000
2019-07-24,0.710,0.716,0.718,0.708,2709,193883.000
2019-07-25,0.716,0.714,0.717,0.711,1535,109719.000
2019-07-26,0.714,0.712,0.716,0.709,4856,345276.000
2019-07-29,0.712,0.709,0.712,0.707,1467,104032.000
2019-07-30,0.710,0.711,0.716,0.707,7465,531735.000
2019-07-31,0.714,0.714,0.715,0.710,3998,284819.000
2019-08-01,0.714,0.712,0.718,0.711,3433,245154.000
2019-08-02,0.709,0.699,0.709,0.696,5597,392103.000
2019-08-05,0.697,0.684,0.699,0.681,4243,292718.000
2019-08-06,0.684,0.676,0.684,0.670,2377,159778.000
2019-08-07,0.680,0.677,0.680,0.672,3785,255034.000
2019-08-08,0.679,0.680,0.681,0.678,3401,231250.000
2019-08-09,0.680,0.674,0.682,0.674,2417,164156.000
2019-08-12,0.676,0.683,0.685,0.672,3067,208319.000
2019-08-13,0.682,0.679,0.682,0.676,804,54465.000
2019-08-14,0.685,0.680,0.688,0.679,3780,258015.000
2019-08-15,0.678,0.678,0.678,0.666,4728,317238.000
2019-08-16,0.674,0.679,0.683,0.671,1392,94746.000
2019-08-19,0.680,0.688,0.689,0.678,7198,491326.000
2019-08-20,0.689,0.681,0.693,0.681,7262,500162.000
2019-08-21,0.682,0.686,0.688,0.682,3441,235594.000
2019-08-22,0.687,0.681,0.687,0.675,3172,215892.000
2019-08-23,0.675,0.681,0.684,0.675,2462,167666.000
2019-08-26,0.677,0.677,0.681,0.672,3102,209713.000
2019-08-27,0.677,0.689,0.692,0.676,5175,354927.000
2019-08-28,0.682,0.687,0.694,0.682,4213,290224.000
2019-08-29,0.689,0.686,0.693,0.682,4207,288949.000
2019-08-30,0.720,0.688,0.720,0.687,5403,377584.000
2019-09-02,0.675,0.694,0.701,0.675,9937,688780.000
2019-09-03,0.691,0.698,0.698,0.691,3124,217321.000
2019-09-04,0.698,0.701,0.709,0.692,4868,341237.000
2019-09-05,0.707,0.710,0.713,0.707,9288,659177.000
2019-09-06,0.710,0.712,0.716,0.706,5332,378765.000
2019-09-09,0.717,0.722,0.722,0.710,6815,488997.000
2019-09-10,0.717,0.746,0.752,0.717,16721,1232718.000
2019-09-11,0.746,0.741,0.746,0.732,9140,676629.000
2019-09-12,0.745,0.734,0.750,0.724,19774,1440552.000
2019-09-16,0.775,0.762,0.784,0.750,43940,3391515.000
2019-09-17,0.763,0.743,0.775,0.734,21525,1616828.000
2019-09-18,0.728,0.715,0.728,0.711,38392,2755954.000
2019-09-19,0.718,0.714,0.718,0.711,12476,890364.000
2019-09-20,0.713,0.715,0.718,0.711,14211,1015598.000
2019-09-23,0.722,0.715,0.722,0.712,8557,612497.000
2019-09-24,0.715,0.712,0.715,0.710,9457,673812.000
2019-09-25,0.711,0.704,0.711,0.701,8351,588310.000
2019-09-26,0.709,0.694,0.709,0.691,9940,692704.000
2019-09-27,0.694,0.695,0.698,0.692,1964,136828.000
2019-09-30,0.696,0.694,0.702,0.692,4293,298962.000
2019-10-08,0.694,0.700,0.702,0.693,5216,364487.000
2019-10-09,0.695,0.699,0.699,0.691,5587,389147.000
2019-10-10,0.702,0.698,0.702,0.694,5688,396077.000
2019-10-11,0.698,0.712,0.713,0.697,7767,548620.000
2019-10-14,0.712,0.712,0.716,0.708,12003,856355.000
2019-10-15,0.710,0.709,0.715,0.707,3249,230836.000
2019-10-16,0.706,0.708,0.712,0.705,3121,220611.000
2019-10-17,0.716,0.708,0.716,0.708,5259,374863.000
2019-10-18,0.705,0.698,0.709,0.696,5230,367518.000
2019-10-21,0.698,0.686,0.705,0.685,13822,952614.000
2019-10-22,0.686,0.688,0.690,0.685,5333,366565.000
2019-10-23,0.691,0.683,0.691,0.683,4226,289166.000
2019-10-24,0.684,0.684,0.686,0.682,3289,224980.000
2019-10-25,0.685,0.688,0.689,0.682,1849,126895.000
2019-10-28,0.689,0.691,0.699,0.682,5913,408581.000
2019-10-29,0.686,0.688,0.694,0.686,3252,224549.000
2019-10-30,0.685,0.684,0.686,0.681,1879,128340.000
2019-10-31,0.682,0.681,0.687,0.680,3240,220898.000
2019-11-01,0.687,0.683,0.688,0.679,4994,341016.000
2019-11-04,0.686,0.687,0.689,0.682,18255,1253414.000
2019-11-05,0.685,0.688,0.689,0.682,9628,659937.000
2019-11-06,0.688,0.685,0.689,0.683,6957,476839.000
2019-11-07,0.683,0.683,0.686,0.681,1820,124408.000
2019-11-08,0.688,0.682,0.688,0.681,4284,292864.000
2019-11-11,0.681,0.671,0.684,0.665,20414,1370223.000
2019-11-12,0.671,0.669,0.671,0.664,4813,321056.000
2019-11-13,0.668,0.665,0.670,0.663,3109,206959.000
2019-11-14,0.666,0.661,0.666,0.658,6046,400700.000
2019-11-15,0.662,0.653,0.663,0.653,11155,732674.000
2019-11-18,0.651,0.658,0.658,0.651,9070,595342.000
2019-11-19,0.657,0.667,0.667,0.656,9328,616226.000
2019-11-20,0.663,0.665,0.670,0.661,9087,603829.000
2019-11-21,0.663,0.664,0.666,0.660,5806,384928.000
2019-11-22,0.664,0.669,0.671,0.664,10734,716631.000
2019-11-25,0.670,0.692,0.692,0.670,33085,2260011.000
2019-11-26,0.691,0.687,0.692,0.681,18922,1298766.000
2019-11-27,0.687,0.683,0.687,0.680,11583,789259.000
2019-11-28,0.683,0.676,0.683,0.672,9885,667770.000
2019-11-29,0.674,0.674,0.678,0.674,6354,429313.000
2019-12-02,0.674,0.674,0.678,0.671,6873,463858.000
2019-12-03,0.671,0.676,0.676,0.671,7746,521304.000
2019-12-04,0.676,0.676,0.677,0.674,7029,474728.000
2019-12-05,0.677,0.676,0.680,0.671,23179,1566071.000
2019-12-06,0.675,0.678,0.678,0.671,35057,2362498.000
2019-12-09,0.678,0.679,0.680,0.673,15579,1054449.000
2019-12-10,0.679,0.678,0.679,0.675,14524,984079.000
2019-12-11,0.677,0.680,0.682,0.673,27008,1831609.000
2019-12-12,0.680,0.676,0.681,0.674,15875,1072331.000
2019-12-13,0.680,0.681,0.683,0.673,33197,2250527.000
2019-12-16,0.684,0.690,0.690,0.678,28639,1955402.000
2019-12-17,0.689,0.697,0.698,0.686,60933,4207218.000
2019-12-18,0.697,0.692,0.697,0.690,32199,2233471.000
2019-12-19,0.691,0.694,0.696,0.690,21454,1486992.000
2019-12-20,0.694,0.696,0.704,0.693,56745,3966387.000
2019-12-23,0.688,0.688,0.695,0.687,21271,1470885.000
2019-12-24,0.688,0.694,0.695,0.686,17180,1184498.000
2019-12-25,0.694,0.692,0.699,0.683,46185,3194767.000
2019-12-26,0.687,0.698,0.698,0.687,18970,1315371.000
2019-12-27,0.696,0.698,0.709,0.694,58324,4092117.000
2019-12-30,0.701,0.708,0.708,0.697,41170,2891250.000
2019-12-31,0.710,0.712,0.712,0.705,46111,3269117.000
2020-01-02,0.714,0.715,0.722,0.714,68568,4925670.000
2020-01-03,0.716,0.726,0.730,0.713,68103,4919090.000
2020-01-06,0.740,0.744,0.746,0.728,143392,10585970.000
2020-01-07,0.733,0.738,0.743,0.730,65177,4791014.000
2020-01-08,0.745,0.732,0.748,0.725,94919,7003473.000
2020-01-09,0.721,0.726,0.727,0.717,57445,4150231.000
2020-01-10,0.723,0.719,0.727,0.712,68430,4907210.000
2020-01-13,0.719,0.719,0.719,0.710,31956,2280194.000
2020-01-14,0.719,0.719,0.723,0.717,41389,2979784.000
2020-01-15,0.717,0.711,0.717,0.708,40454,2876524.000
2020-01-16,0.711,0.706,0.711,0.705,27507,1947021.000
2020-01-17,0.708,0.705,0.712,0.705,29382,2079100.000
2020-01-20,0.708,0.708,0.710,0.703,42895,3029257.000
2020-01-21,0.708,0.697,0.708,0.695,70189,4905480.000
2020-01-22,0.694,0.697,0.698,0.686,38909,2691612.000
2020-01-23,0.692,0.678,0.695,0.672,73450,5006936.000
2020-02-03,0.640,0.610,0.640,0.610,79230,4890261.000
2020-02-04,0.600,0.629,0.629,0.598,47309,2929248.000
2020-02-05,0.630,0.639,0.640,0.624,26051,1651021.000
2020-02-06,0.639,0.643,0.644,0.633,34107,2180177.000
2020-02-07,0.644,0.638,0.644,0.633,26897,1715274.000
2020-02-10,0.638,0.645,0.645,0.633,25184,1614777.000
2020-02-11,0.643,0.650,0.652,0.641,35480,2301072.000
2020-02-12,0.650,0.653,0.655,0.645,35610,2316577.000
2020-02-13,0.657,0.649,0.657,0.649,30377,1984981.000
2020-02-14,0.648,0.652,0.654,0.642,33626,2184934.000
2020-02-17,0.652,0.666,0.666,0.652,56689,3734436.000
2020-02-18,0.667,0.659,0.670,0.656,70506,4658428.000
2020-02-19,0.658,0.653,0.661,0.650,71243,4672831.000
2020-02-20,0.660,0.661,0.661,0.652,86062,5662726.000
2020-02-21,0.661,0.667,0.670,0.660,190755,12700766.000
2020-02-24,0.664,0.660,0.664,0.654,104701,6898027.000
2020-02-25,0.651,0.644,0.651,0.637,113709,7336970.000
2020-02-26,0.640,0.650,0.651,0.627,90483,5834653.000
2020-02-27,0.650,0.648,0.651,0.644,40082,2594836.000
2020-02-28,0.642,0.622,0.642,0.620,97245,6121407.000
2020-03-02,0.622,0.640,0.641,0.622,116305,7368573.000
2020-03-03,0.648,0.648,0.652,0.642,61344,3971423.000
2020-03-04,0.646,0.648,0.648,0.640,40365,2603634.000
2020-03-05,0.652,0.664,0.665,0.649,123055,8097507.000
2020-03-06,0.650,0.654,0.659,0.648,105266,6883010.000
2020-03-09,0.636,0.638,0.642,0.631,80432,5099861.000
2020-03-10,0.634,0.642,0.642,0.621,83430,5265931.000
2020-03-11,0.640,0.632,0.641,0.630,56316,3581184.000
2020-03-12,0.624,0.618,0.629,0.614,82247,5099170.000
2020-03-13,0.593,0.606,0.611,0.591,109938,6581726.000
2020-03-16,0.606,0.602,0.614,0.599,59640,3620992.000
2020-03-17,0.600,0.595,0.606,0.588,66201,3935438.000
2020-03-18,0.596,0.581,0.598,0.581,73203,4340152.000
2020-03-19,0.583,0.571,0.586,0.559,61452,3506812.000
2020-03-20,0.573,0.580,0.580,0.573,43370,2498796.000
2020-03-23,0.573,0.562,0.573,0.560,51534,2918327.000
2020-03-24,0.578,0.575,0.578,0.565,28011,1601103.000
2020-03-25,0.584,0.585,0.585,0.579,46111,2684015.000
2020-03-26,0.585,0.580,0.585,0.578,32142,1868708.000
2020-03-27,0.583,0.580,0.585,0.578,24134,1401526.000
2020-03-30,0.573,0.574,0.577,0.570,35767,2049309.000
2020-03-31,0.574,0.574,0.580,0.572,19373,1115965.000
2020-04-01,0.574,0.573,0.576,0.570,34430,1976413.000
2020-04-02,0.573,0.589,0.591,0.568,64380,3733862.000
2020-04-03,0.590,0.584,0.594,0.580,69948,4086989.000
2020-04-07,0.592,0.589,0.592,0.585,84056,4945206.000
2020-04-08,0.587,0.586,0.587,0.582,59061,3452839.000
2020-04-09,0.592,0.587,0.592,0.586,47383,2783508.000
2020-04-10,0.587,0.581,0.587,0.580,36056,2099222.000
2020-04-13,0.583,0.580,0.584,0.579,26044,1515060.000
2020-04-14,0.580,0.586,0.586,0.579,40530,2362612.000
2020-04-15,0.582,0.583,0.584,0.580,33329,1940754.000
2020-04-16,0.582,0.582,0.583,0.578,28512,1654261.000
2020-04-17,0.582,0.584,0.585,0.580,55076,3215317.000
2020-04-20,0.582,0.586,0.587,0.581,36686,2144885.000
2020-04-21,0.582,0.574,0.583,0.572,61920,3577481.000
2020-04-22,0.570,0.573,0.574,0.565,50840,2893146.000
2020-04-23,0.574,0.578,0.581,0.573,51286,2962973.000
2020-04-24,0.578,0.574,0.580,0.571,27881,1600203.000
2020-04-27,0.574,0.569,0.574,0.566,35087,2002440.000
2020-04-28,0.573,0.560,0.573,0.554,60361,3378475.000
2020-04-29,0.555,0.563,0.563,0.555,29926,1677738.000
2020-04-30,0.563,0.573,0.579,0.562,94600,5414047.000
2020-05-06,0.574,0.574,0.576,0.566,115171,6568656.000
2020-05-07,0.572,0.570,0.572,0.568,43232,2462701.000
2020-05-08,0.572,0.574,0.576,0.570,94151,5400772.000
2020-05-11,0.574,0.578,0.579,0.573,64127,3698241.000
2020-05-12,0.577,0.575,0.577,0.572,43622,2509348.000
2020-05-13,0.574,0.573,0.574,0.570,36997,2114949.000
2020-05-14,0.570,0.567,0.571,0.565,49859,2827472.000
2020-05-15,0.570,0.569,0.573,0.567,50027,2851305.000
2020-05-18,0.572,0.570,0.573,0.569,59812,3418213.000
2020-05-19,0.575,0.576,0.580,0.575,86139,4969520.000
2020-05-20,0.573,0.571,0.576,0.570,101122,5801630.000
2020-05-21,0.572,0.571,0.575,0.571,27232,1560192.000
2020-05-22,0.570,0.562,0.573,0.559,64527,3649260.000
2020-05-25,0.563,0.559,0.563,0.555,65410,3651173.000
2020-05-26,0.559,0.562,0.563,0.559,25381,1424105.000
2020-05-27,0.563,0.563,0.563,0.559,22118,1241491.000
2020-05-28,0.563,0.563,0.565,0.559,19338,1086150.000
2020-05-29,0.560,0.558,0.562,0.558,21795,1220138.000
2020-06-01,0.558,0.569,0.569,0.558,63159,3563864.000
2020-06-02,0.568,0.569,0.569,0.564,42410,2404344.000
2020-06-03,0.570,0.575,0.579,0.569,93465,5382157.000
2020-06-04,0.574,0.570,0.576,0.568,57604,3284926.000
2020-06-05,0.570,0.568,0.570,0.565,56906,3224851.000
2020-06-08,0.571,0.574,0.575,0.571,77907,4463481.000
2020-06-09,0.575,0.578,0.578,0.573,50676,2914725.000
2020-06-10,0.578,0.573,0.578,0.571,59752,3424222.000
2020-06-11,0.571,0.568,0.573,0.566,91181,5191981.000
2020-06-12,0.560,0.562,0.563,0.557,84216,4712142.000
2020-06-15,0.559,0.557,0.562,0.557,41843,2340518.000
2020-06-16,0.560,0.562,0.562,0.559,27372,1535513.000
2020-06-17,0.563,0.564,0.565,0.562,36746,2068829.000
2020-06-18,0.564,0.572,0.573,0.562,103908,5923303.000
2020-06-19,0.572,0.574,0.574,0.567,99738,5692523.000
2020-06-22,0.574,0.570,0.575,0.569,131151,7507849.000
2020-06-23,0.572,0.567,0.572,0.565,74895,4249053.000
2020-06-24,0.567,0.568,0.569,0.566,53620,3041941.000
2020-06-29,0.567,0.560,0.567,0.559,118201,6637689.000
2020-06-30,0.562,0.563,0.564,0.560,70629,3972824.000
2020-07-01,0.564,0.569,0.570,0.561,113765,6421536.000
2020-07-02,0.569,0.586,0.586,0.567,380124,21977687.000
2020-07-03,0.587,0.608,0.612,0.586,558750,33593621.000
2020-07-06,0.618,0.656,0.663,0.616,1056750,66785232.000
2020-07-07,0.658,0.638,0.700,0.630,1143309,74919386.000
2020-07-08,0.635,0.641,0.645,0.623,915725,58212237.000
2020-07-09,0.642,0.655,0.661,0.635,1089380,70343319.000
2020-07-10,0.650,0.631,0.650,0.628,624169,39787297.000
2020-07-13,0.630,0.641,0.646,0.627,469607,29966476.000
2020-07-14,0.642,0.636,0.645,0.628,337333,21439771.000
2020-07-15,0.639,0.620,0.641,0.618,308445,19333602.000
2020-07-16,0.625,0.600,0.626,0.599,350751,21510862.000
2020-07-17,0.605,0.600,0.607,0.597,237119,14262658.000
2020-07-20,0.602,0.621,0.622,0.601,260731,15961911.000
2020-07-21,0.622,0.618,0.626,0.615,192107,11898293.000
2020-07-22,0.624,0.625,0.635,0.622,421292,26497901.000
2020-07-23,0.619,0.622,0.624,0.611,261724,16156302.000
2020-07-24,0.621,0.607,0.629,0.606,356062,21987183.000
2020-07-27,0.608,0.609,0.612,0.601,157116,9534251.000
2020-07-28,0.610,0.610,0.615,0.607,162516,9949743.000
2020-07-29,0.609,0.616,0.616,0.601,159438,9739898.000
2020-07-30,0.616,0.613,0.620,0.613,136669,8403565.000
2020-07-31,0.612,0.614,0.617,0.609,154502,9461253.000
2020-08-03,0.615,0.622,0.623,0.611,205495,12679459.000
2020-08-04,0.623,0.620,0.624,0.616,199602,12358533.000
2020-08-05,0.619,0.617,0.620,0.611,188299,11588208.000
2020-08-06,0.619,0.617,0.621,0.612,175540,10815453.000
2020-08-07,0.615,0.608,0.617,0.604,264870,16139570.000
2020-08-10,0.606,0.609,0.612,0.604,130256,7916355.000
2020-08-11,0.612,0.611,0.617,0.610,282987,17381449.000
2020-08-12,0.607,0.610,0.612,0.603,115219,6994526.000
2020-08-13,0.612,0.616,0.621,0.612,200019,12339114.000
2020-08-14,0.616,0.618,0.618,0.609,136454,8363601.000
2020-08-17,0.619,0.626,0.628,0.615,314551,19582077.000
2020-08-18,0.626,0.628,0.631,0.625,204292,12836352.000
2020-08-19,0.626,0.626,0.631,0.623,186109,11656426.000
2020-08-20,0.625,0.620,0.625,0.618,109537,6797749.000
2020-08-21,0.621,0.620,0.625,0.619,111015,6879435.000
2020-08-24,0.621,0.623,0.624,0.619,128618,7984485.000
2020-08-25,0.623,0.616,0.623,0.615,110867,6842806.000
2020-08-26,0.618,0.613,0.619,0.611,169341,10386965.000
2020-08-27,0.611,0.615,0.616,0.610,114337,6998054.000
2020-08-28,0.613,0.618,0.619,0.610,143586,8829394.000
2020-08-31,0.619,0.620,0.624,0.618,156730,9743135.000
2020-09-01,0.620,0.620,0.621,0.616,79261,4898877.000
2020-09-02,0.620,0.617,0.620,0.612,79080,4869285.000
2020-09-03,0.617,0.615,0.620,0.612,79541,4901667.000
2020-09-04,0.612,0.611,0.613,0.607,91705,5593757.000
2020-09-07,0.611,0.605,0.613,0.605,96615,5888244.000
2020-09-08,0.604,0.615,0.616,0.604,136602,8349884.000
2020-09-09,0.612,0.611,0.618,0.607,134063,8228739.000
2020-09-10,0.612,0.606,0.616,0.605,127754,7793377.000
2020-09-11,0.606,0.605,0.606,0.599,104284,6277841.000
2020-09-14,0.606,0.604,0.607,0.601,50622,3051396.000
2020-09-15,0.603,0.605,0.607,0.602,56780,3433775.000
2020-09-16,0.604,0.611,0.612,0.603,158854,9670587.000
2020-09-17,0.611,0.609,0.614,0.609,52980,3240509.000
2020-09-18,0.609,0.624,0.625,0.609,292925,18147191.000
2020-09-21,0.627,0.623,0.629,0.620,105866,6603092.000
2020-09-22,0.619,0.614,0.621,0.613,141713,8759461.000
2020-09-23,0.614,0.612,0.616,0.610,35021,2142723.000
2020-09-24,0.609,0.600,0.610,0.599,107652,6480810.000
2020-09-25,0.601,0.601,0.606,0.600,33838,2041676.000
2020-09-28,0.604,0.609,0.614,0.604,65930,4017987.000
2020-09-29,0.609,0.608,0.610,0.605,33421,2030768.000
2020-09-30,0.609,0.602,0.609,0.598,79124,4765667.000
2020-10-09,0.606,0.614,0.616,0.605,105290,6439483.000
2020-10-12,0.613,0.621,0.623,0.613,144789,8954325.000
2020-10-13,0.620,0.622,0.623,0.617,107739,6680554.000
2020-10-14,0.623,0.618,0.623,0.617,258775,16018059.000
2020-10-15,0.618,0.620,0.628,0.616,156138,9724625.000
2020-10-16,0.620,0.630,0.632,0.620,222738,14002888.000
2020-10-19,0.630,0.622,0.633,0.621,81613,5118623.000
2020-10-20,0.624,0.621,0.624,0.616,54202,3353185.000
2020-10-21,0.621,0.617,0.621,0.614,105493,6499139.000
2020-10-22,0.616,0.615,0.617,0.612,33236,2040507.000
2020-10-23,0.614,0.615,0.617,0.613,54514,3353420.000
2020-10-26,0.615,0.610,0.616,0.608,58112,3543311.000
2020-10-27,0.607,0.609,0.610,0.606,33952,2066259.000
2020-10-28,0.609,0.610,0.610,0.604,66178,4015929.000
2020-10-29,0.606,0.605,0.606,0.600,130146,7840716.000
2020-10-30,0.603,0.598,0.608,0.596,145994,8795385.000
2020-11-02,0.599,0.601,0.604,0.597,80959,4857150.000
2020-11-03,0.602,0.611,0.611,0.602,107584,6538021.000
2020-11-04,0.612,0.612,0.615,0.606,92417,5641867.000
2020-11-05,0.611,0.614,0.615,0.611,64219,3941457.000
2020-11-06,0.615,0.618,0.623,0.614,134846,8339457.000
2020-11-09,0.621,0.629,0.630,0.620,225474,14126293.000
2020-11-10,0.636,0.632,0.643,0.629,342499,21818608.000
2020-11-11,0.632,0.640,0.647,0.630,313484,20087273.000
2020-11-12,0.640,0.639,0.643,0.631,151390,9648187.000
2020-11-13,0.639,0.632,0.639,0.628,97922,6182565.000
2020-11-16,0.632,0.651,0.653,0.632,258269,16710417.000
2020-11-17,0.653,0.650,0.660,0.647,230337,15031861.000
2020-11-18,0.649,0.650,0.653,0.643,150879,9788610.000
2020-11-19,0.648,0.648,0.654,0.644,74169,4802511.000
2020-11-20,0.649,0.656,0.656,0.644,163979,10667702.000
2020-11-23,0.657,0.682,0.689,0.657,321308,21754974.000
2020-11-24,0.683,0.688,0.689,0.677,188277,12854114.000
2020-11-25,0.697,0.681,0.706,0.681,311120,21653569.000
2020-11-26,0.680,0.684,0.690,0.676,137934,9430417.000
2020-11-27,0.681,0.687,0.687,0.672,179094,12142233.000
2020-11-30,0.691,0.685,0.701,0.683,177207,12272526.000
2020-12-01,0.686,0.688,0.690,0.680,105380,7218937.000
2020-12-02,0.688,0.691,0.695,0.686,88072,6076517.000
2020-12-03,0.691,0.679,0.693,0.677,117299,8000449.000
2020-12-04,0.676,0.674,0.677,0.668,115854,7790382.000
2020-12-07,0.675,0.667,0.678,0.667,54091,3628218.000
2020-12-08,0.668,0.664,0.669,0.660,83740,5555000.000
2020-12-09,0.665,0.663,0.671,0.660,87684,5846199.000
2020-12-10,0.665,0.663,0.666,0.660,51056,3388276.000
2020-12-11,0.668,0.670,0.677,0.660,217601,14554218.000
2020-12-14,0.661,0.646,0.665,0.641,172088,11113677.000
2020-12-15,0.645,0.641,0.645,0.634,83575,5335936.000
2020-12-16,0.641,0.639,0.645,0.639,98458,6324014.000
2020-12-17,0.639,0.652,0.653,0.637,105961,6849345.000
2020-12-18,0.660,0.669,0.670,0.653,212159,14117968.000
2020-12-21,0.672,0.664,0.673,0.658,183486,12173309.000
2020-12-22,0.662,0.645,0.662,0.636,258577,16807183.000
2020-12-23,0.641,0.645,0.648,0.637,121328,7801818.000
2020-12-24,0.647,0.643,0.653,0.638,133125,8570570.000
2020-12-25,0.641,0.656,0.656,0.638,200057,13002508.000
2020-12-28,0.655,0.651,0.660,0.648,107728,7038630.000
2020-12-29,0.653,0.640,0.654,0.637,302506,19400959.000
2020-12-30,0.640,0.644,0.649,0.634,137621,8853873.000
2020-12-31,0.644,0.647,0.648,0.638,213167,13704047.000
2021-01-04,0.648,0.655,0.655,0.640,434357,28116517.000
2021-01-05,0.655,0.645,0.656,0.638,456008,29320801.000
2021-01-06,0.654,0.654,0.659,0.646,575335,37502344.000
2021-01-07,0.655,0.665,0.667,0.651,1217108,80409205.000
2021-01-08,0.665,0.667,0.672,0.660,736363,49070871.000
2021-01-11,0.668,0.654,0.669,0.649,688925,45320361.000
2021-01-12,0.654,0.662,0.662,0.648,400967,26291729.000
2021-01-13,0.662,0.670,0.676,0.660,671347,44841983.000
2021-01-14,0.670,0.666,0.673,0.661,431571,28740900.000
2021-01-15,0.665,0.672,0.678,0.665,606341,40717419.000
2021-01-18,0.670,0.675,0.676,0.663,410831,27574977.000
2021-01-19,0.675,0.675,0.687,0.672,492687,33453980.000
2021-01-20,0.676,0.675,0.679,0.670,297990,20090763.000
2021-01-21,0.676,0.680,0.685,0.675,385104,26227665.000
2021-01-22,0.679,0.669,0.681,0.664,380295,25434297.000
2021-01-25,0.668,0.660,0.668,0.656,373380,24643210.000
2021-01-26,0.659,0.658,0.667,0.656,290510,19203786.000
2021-01-27,0.660,0.664,0.672,0.660,300910,20056267.000
2021-01-28,0.661,0.646,0.663,0.640,354707,23134843.000
2021-01-29,0.646,0.637,0.652,0.631,227056,14586041.000
2021-02-01,0.636,0.644,0.644,0.630,140361,8938905.000
2021-02-02,0.644,0.644,0.646,0.639,120597,7749466.000
2021-02-03,0.644,0.645,0.649,0.642,164904,10646471.000
2021-02-04,0.646,0.647,0.652,0.638,210593,13593310.000
2021-02-05,0.649,0.633,0.650,0.632,203580,13017554.000
2021-02-08,0.633,0.647,0.651,0.633,201732,12971953.000
2021-02-09,0.648,0.661,0.662,0.648,216765,14241395.000
2021-02-10,0.660,0.662,0.664,0.654,166246,10980321.000
2021-02-18,0.691,0.700,0.705,0.690,844629,58886144.000
2021-02-19,0.694,0.713,0.719,0.693,496717,34965530.000
2021-02-22,0.714,0.737,0.756,0.714,1059925,77932956.000
2021-02-23,0.737,0.718,0.742,0.715,512624,37295650.000
2021-02-24,0.716,0.701,0.724,0.695,356356,25230259.000
2021-02-25,0.715,0.705,0.719,0.702,380136,26991421.000
2021-02-26,0.698,0.682,0.698,0.677,318238,21859074.000
2021-03-01,0.686,0.688,0.689,0.678,222781,15255618.000
2021-03-02,0.688,0.683,0.697,0.676,257172,17665937.000
2021-03-03,0.684,0.704,0.706,0.677,312916,21775532.000
2021-03-04,0.703,0.702,0.712,0.697,233025,16368471.000
2021-03-05,0.707,0.700,0.708,0.692,184781,12919986.000
2021-03-08,0.710,0.704,0.720,0.702,583570,41590627.000
2021-03-09,0.706,0.686,0.706,0.676,349328,24071998.000
2021-03-10,0.686,0.679,0.689,0.678,172806,11793983.000
2021-03-11,0.682,0.696,0.697,0.682,204923,14131418.000
2021-03-12,0.695,0.704,0.714,0.690,261197,18341277.000
2021-03-15,0.704,0.720,0.720,0.697,327678,23391360.000
2021-03-16,0.719,0.701,0.719,0.694,307305,21610552.000
2021-03-17,0.699,0.704,0.706,0.689,214513,14936355.000
2021-03-18,0.702,0.701,0.706,0.697,116471,8169539.000
2021-03-19,0.683,0.691,0.699,0.682,226312,15595908.000
2021-03-22,0.689,0.691,0.694,0.684,125307,8634444.000
2021-03-23,0.690,0.676,0.690,0.673,154690,10506545.000
2021-03-24,0.671,0.661,0.673,0.657,163720,10860513.000
2021-03-25,0.664,0.666,0.673,0.662,92845,6201396.000
2021-03-26,0.666,0.672,0.672,0.664,76124,5089751.000
2021-03-29,0.681,0.694,0.699,0.680,239240,16539777.000
2021-03-30,0.693,0.696,0.698,0.689,89204,6190281.000
2021-03-31,0.696,0.693,0.697,0.686,72303,4988050.000
2021-04-01,0.688,0.690,0.693,0.678,104932,7182567.000
2021-04-02,0.690,0.685,0.692,0.682,127861,8766212.000
2021-04-06,0.682,0.686,0.690,0.680,106585,7293879.000
2021-04-07,0.686,0.691,0.691,0.683,70230,4822571.000
2021-04-08,0.691,0.689,0.695,0.685,93972,6488122.000
2021-04-09,0.689,0.697,0.699,0.685,158754,11029378.000
2021-04-12,0.698,0.690,0.702,0.689,107088,7439274.000
2021-04-13,0.690,0.680,0.691,0.678,122556,8343852.000
2021-04-14,0.679,0.688,0.688,0.678,96902,6630183.000
2021-04-15,0.690,0.693,0.694,0.686,116192,8018638.000
2021-04-16,0.693,0.704,0.707,0.692,238861,16781550.000
2021-04-19,0.705,0.707,0.714,0.705,175282,12429903.000
2021-04-20,0.703,0.703,0.707,0.699,115518,8121493.000
2021-04-21,0.703,0.697,0.705,0.693,58722,4087345.000
2021-04-22,0.696,0.697,0.705,0.691,300065,20934874.000
2021-04-23,0.696,0.693,0.698,0.686,113008,7805370.000
2021-04-26,0.698,0.692,0.702,0.690,155407,10828892.000
2021-04-27,0.692,0.690,0.693,0.681,114800,7885816.000
2021-04-28,0.691,0.705,0.705,0.686,134030,9362826.000
2021-04-29,0.706,0.707,0.710,0.697,123759,8697494.000
2021-04-30,0.703,0.688,0.705,0.687,167262,11599597.000
2021-05-06,0.694,0.720,0.721,0.694,303383,21622435.000
2021-05-07,0.719,0.739,0.743,0.713,299300,21958856.000
2021-05-10,0.742,0.769,0.769,0.741,345025,26137912.000
2021-05-11,0.764,0.751,0.764,0.734,201128,15024196.000
2021-05-12,0.748,0.766,0.768,0.739,182511,13898960.000
2021-05-13,0.766,0.739,0.766,0.736,134047,10001136.000
2021-05-14,0.735,0.734,0.745,0.730,141196,10371814.000
2021-05-17,0.738,0.741,0.747,0.734,137749,10190343.000
2021-05-18,0.744,0.754,0.754,0.742,165607,12408408.000
2021-05-19,0.752,0.740,0.752,0.734,336633,24839379.000
2021-05-20,0.725,0.715,0.730,0.709,230836,16501919.000
2021-05-21,0.710,0.722,0.725,0.710,134251,9657516.000
2021-05-24,0.719,0.721,0.727,0.718,73266,5290565.000
2021-05-25,0.725,0.730,0.732,0.714,141350,10244520.000
2021-05-26,0.731,0.730,0.731,0.721,118099,8577860.000
2021-05-27,0.728,0.737,0.738,0.727,143621,10553468.000
2021-05-28,0.739,0.734,0.743,0.730,89270,6577256.000
2021-05-31,0.735,0.734,0.740,0.730,74366,5450528.000
2021-06-01,0.734,0.752,0.754,0.726,390457,28859947.000
2021-06-02,0.752,0.754,0.759,0.746,208288,15710966.000
2021-06-03,0.757,0.759,0.768,0.756,253201,19335623.000
2021-06-04,0.754,0.754,0.757,0.739,159245,11917516.000
2021-06-07,0.756,0.762,0.770,0.756,109978,8395485.000
2021-06-08,0.765,0.754,0.765,0.743,91785,6923907.000
2021-06-09,0.757,0.781,0.785,0.756,276973,21464536.000
2021-06-10,0.781,0.779,0.784,0.772,104374,8118894.000
2021-06-11,0.792,0.785,0.795,0.780,192062,15124658.000
2021-06-15,0.791,0.784,0.800,0.774,132159,10373690.000
2021-06-16,0.786,0.780,0.798,0.780,197786,15589777.000
2021-06-17,0.780,0.779,0.786,0.764,139947,10889557.000
2021-06-18,0.769,0.765,0.773,0.759,110979,8479468.000
2021-06-21,0.764,0.754,0.764,0.750,102548,7756898.000
2021-06-22,0.763,0.770,0.775,0.763,222345,17075828.000
2021-06-23,0.772,0.786,0.787,0.764,183971,14248658.000
2021-06-24,0.788,0.785,0.795,0.776,97336,7646243.000
2021-06-25,0.788,0.803,0.803,0.788,133495,10650077.000
2021-06-28,0.794,0.784,0.796,0.780,229763,18007659.000
2021-06-29,0.780,0.767,0.780,0.766,170767,13165232.000
2021-06-30,0.768,0.771,0.776,0.766,72965,5621342.000
2021-07-01,0.772,0.760,0.775,0.758,81537,6246229.000
2021-07-02,0.762,0.759,0.771,0.756,138142,10541812.000
2021-07-05,0.758,0.768,0.771,0.753,139333,10636871.000
2021-07-06,0.771,0.776,0.776,0.768,105683,8155365.000
2021-07-07,0.769,0.766,0.769,0.756,111384,8468797.000
2021-07-08,0.766,0.742,0.766,0.741,276956,20647095.000
2021-07-09,0.743,0.752,0.752,0.737,113403,8441461.000
2021-07-12,0.752,0.746,0.758,0.742,166654,12475774.000
2021-07-13,0.745,0.761,0.761,0.740,170089,12822890.000
2021-07-14,0.760,0.761,0.774,0.759,130778,10023151.000
2021-07-15,0.756,0.764,0.766,0.749,106692,8096005.000
2021-07-16,0.762,0.769,0.775,0.761,127839,9855097.000
2021-07-19,0.766,0.767,0.779,0.763,120057,9235796.000
2021-07-20,0.757,0.768,0.768,0.745,95636,7240263.000
2021-07-21,0.767,0.766,0.769,0.759,92441,7057169.000
2021-07-22,0.771,0.777,0.781,0.766,137100,10624681.000
2021-07-23,0.781,0.784,0.796,0.774,172410,13528803.000
2021-07-26,0.784,0.765,0.784,0.758,145198,11174881.000
2021-07-27,0.766,0.760,0.785,0.758,145073,11251305.000
2021-07-28,0.760,0.753,0.764,0.743,93864,7081372.000
2021-07-29,0.770,0.760,0.770,0.749,103792,7836896.000
2021-07-30,0.763,0.772,0.773,0.754,106628,8146930.000
2021-08-02,0.762,0.763,0.764,0.741,138273,10378075.000
2021-08-03,0.762,0.745,0.762,0.743,114389,8577316.000
2021-08-04,0.745,0.764,0.767,0.744,131287,9970907.000
2021-08-05,0.763,0.768,0.779,0.756,94920,7308870.000
2021-08-06,0.770,0.784,0.789,0.766,145470,11360731.000
2021-08-09,0.785,0.789,0.792,0.782,105737,8324113.000
2021-08-10,0.789,0.790,0.795,0.783,100862,7953679.000
2021-08-11,0.794,0.816,0.817,0.792,183730,14833235.000
2021-08-12,0.819,0.819,0.825,0.808,151303,12382897.000
2021-08-13,0.819,0.821,0.829,0.813,112688,9259663.000
2021-08-16,0.821,0.837,0.844,0.821,166736,13875205.000
2021-08-17,0.833,0.805,0.833,0.804,158285,12928720.000
2021-08-18,0.802,0.805,0.811,0.799,107437,8635341.000
2021-08-19,0.801,0.791,0.801,0.786,110644,8748100.000
2021-08-20,0.785,0.782,0.791,0.775,78912,6159375.000
2021-08-23,0.788,0.806,0.808,0.788,130204,10455579.000
2021-08-24,0.817,0.815,0.823,0.811,117406,9572340.000
2021-08-25,0.814,0.832,0.834,0.811,109553,9040576.000
2021-08-26,0.833,0.859,0.862,0.830,136461,11587544.000
2021-08-27,0.841,0.857,0.865,0.837,110617,9475676.000
2021-08-30,0.865,0.890,0.890,0.862,134957,11854923.000
2021-08-31,0.890,0.932,0.942,0.880,387059,35255955.000
2021-09-01,0.939,0.916,0.950,0.901,720162,66483140.000
2021-09-02,0.911,0.954,0.955,0.911,259403,24336397.000
2021-09-03,0.948,0.933,0.952,0.926,654448,61573703.000
2021-09-06,0.951,0.967,0.967,0.940,469144,44638271.000
2021-09-07,0.968,0.993,1.000,0.958,231592,22664102.000
2021-09-08,0.986,1.008,1.025,0.975,239777,24006241.000
2021-09-09,1.009,1.066,1.080,1.009,733782,77685076.000
2021-09-10,1.053,1.027,1.070,1.023,559064,58318176.000
2021-09-13,1.027,1.088,1.093,1.023,449606,47733671.000
2021-09-14,1.072,1.072,1.109,1.046,412081,44191551.000
2021-09-15,1.060,1.080,1.095,1.050,278955,29914246.000
2021-09-16,1.108,1.088,1.132,1.081,669881,73990089.000
2021-09-17,1.074,1.034,1.097,1.005,796609,84263664.000
2021-09-22,1.019,1.100,1.101,1.019,394711,42132017.000
2021-09-23,1.119,1.077,1.133,1.057,1067412,115264902.000
2021-09-24,1.062,1.023,1.069,1.015,555937,57832648.000
2021-09-27,1.033,1.008,1.043,0.999,436319,44561001.000
2021-09-28,1.021,1.069,1.074,1.021,627105,65910912.000
2021-09-29,1.047,1.012,1.066,0.997,799048,81733979.000
2021-09-30,1.003,1.024,1.026,0.994,410495,41481714.000
2021-10-08,1.052,1.014,1.073,0.996,467417,47735963.000
2021-10-11,1.015,1.024,1.027,0.998,400634,40692820.000
2021-10-12,1.024,0.995,1.049,0.980,468993,47137830.000
2021-10-13,0.988,0.951,0.994,0.929,430195,40897405.000
2021-10-14,0.937,0.949,0.957,0.906,281114,26553123.000
2021-10-15,0.950,0.982,0.984,0.941,447642,43240691.000
2021-10-18,0.986,1.030,1.032,0.983,463452,46900447.000
2021-10-19,1.026,1.027,1.048,1.009,373311,38463647.000
2021-10-20,0.966,0.976,0.980,0.950,411895,39966176.000
2021-10-21,0.970,1.010,1.023,0.970,402702,40499937.000
2021-10-22,1.000,0.963,1.006,0.955,493115,48010663.000
2021-10-25,0.963,0.985,0.992,0.954,395039,38779743.000
2021-10-26,0.985,0.982,0.996,0.976,249185,24540652.000
2021-10-27,0.968,0.951,0.979,0.947,287298,27482594.000
2021-10-28,0.927,0.900,0.935,0.880,882099,78767275.000
2021-10-29,0.895,0.892,0.902,0.880,204541,18177609.000
2021-11-01,0.890,0.892,0.898,0.882,296452,26432882.000
2021-11-02,0.894,0.870,0.900,0.853,300861,26246263.000
2021-11-03,0.870,0.892,0.898,0.865,260340,23052870.000
2021-11-04,0.875,0.883,0.884,0.870,166780,14625516.000
2021-11-05,0.881,0.855,0.881,0.853,226863,19543301.000
2021-11-08,0.861,0.864,0.871,0.858,166052,14372203.000
2021-11-09,0.860,0.856,0.864,0.852,129731,11095034.000
2021-11-10,0.855,0.843,0.858,0.829,157805,13213237.000
2021-11-11,0.844,0.853,0.853,0.837,185697,15715201.000
2021-11-12,0.850,0.841,0.850,0.840,123173,10391956.000
2021-11-15,0.840,0.837,0.845,0.831,138875,11597034.000
2021-11-16,0.837,0.829,0.840,0.827,144485,12021316.000
2021-11-17,0.829,0.836,0.837,0.825,120623,10038983.000
2021-11-18,0.839,0.840,0.854,0.837,224072,18908814.000
2021-11-19,0.839,0.858,0.858,0.828,269363,22896312.000
2021-11-22,0.859,0.860,0.867,0.852,222869,19165217.000
2021-11-23,0.860,0.866,0.872,0.853,230045,19922468.000
2021-11-24,0.878,0.883,0.883,0.871,278153,24434831.000
2021-11-25,0.884,0.872,0.886,0.867,219718,19206204.000
2021-11-26,0.865,0.855,0.866,0.853,156988,13477916.000
2021-11-29,0.842,0.844,0.847,0.833,146980,12358393.000
2021-11-30,0.848,0.847,0.859,0.839,126139,10732845.000
2021-12-01,0.846,0.875,0.875,0.839,220822,19089852.000
2021-12-02,0.874,0.882,0.884,0.867,193725,17018399.000
2021-12-03,0.882,0.912,0.918,0.870,355685,32035280.000
2021-12-06,0.917,0.904,0.923,0.901,268339,24463347.000
2021-12-07,0.918,0.909,0.918,0.892,191358,17292853.000
2021-12-08,0.910,0.914,0.925,0.905,135129,12302412.000
2021-12-09,0.917,0.909,0.919,0.907,152825,13916573.000
2021-12-10,0.900,0.897,0.909,0.893,174065,15651105.000
2021-12-13,0.902,0.913,0.917,0.902,235901,21510330.000
2021-12-14,0.913,0.894,0.913,0.891,142790,12795466.000
2021-12-15,0.894,0.902,0.908,0.890,124787,11243247.000
2021-12-16,0.902,0.950,0.950,0.902,473612,44170665.000
2021-12-17,0.955,0.933,0.958,0.931,226142,21248857.000
2021-12-20,0.933,0.915,0.935,0.914,183786,16910542.000
2021-12-21,0.910,0.925,0.930,0.910,119713,11053323.000
2021-12-22,0.925,0.928,0.932,0.919,161595,14941532.000
2021-12-23,0.929,0.950,0.951,0.923,242465,22786124.000
2021-12-24,0.951,0.933,0.951,0.931,195827,18377814.000
2021-12-27,0.935,0.936,0.946,0.934,145680,13667746.000
2021-12-28,0.937,0.917,0.939,0.910,190416,17460383.000
2021-12-29,0.917,0.909,0.920,0.907,118089,10776295.000
2021-12-30,0.911,0.903,0.911,0.901,110627,10001141.000
2021-12-31,0.905,0.905,0.907,0.898,105477,9529656.000
2022-01-04,0.916,0.914,0.926,0.907,142782,13080027.000
2022-01-05,0.913,0.912,0.916,0.901,99482,9025564.000
2022-01-06,0.908,0.909,0.913,0.903,114449,10400783.000
2022-01-07,0.909,0.920,0.929,0.909,173533,15957028.000
2022-01-10,0.922,0.928,0.928,0.912,226214,20852417.000
2022-01-11,0.926,0.913,0.926,0.913,111230,10208518.000
2022-01-12,0.918,0.922,0.924,0.914,328507,30228066.000
2022-01-13,0.928,0.934,0.948,0.925,300457,28183375.000
2022-01-14,0.928,0.905,0.928,0.903,250732,22810624.000
2022-01-17,0.909,0.908,0.912,0.903,96595,8761603.000
2022-01-18,0.907,0.928,0.929,0.905,120736,11090874.000
2022-01-19,0.934,0.931,0.945,0.920,158963,14859590.000
2022-01-20,0.922,0.926,0.932,0.915,84486,7815517.000
2022-01-21,0.926,0.929,0.934,0.915,109338,10138734.000
2022-01-24,0.925,0.932,0.933,0.916,55536,5146311.000
2022-01-25,0.929,0.893,0.929,0.893,143336,12978003.000
2022-01-26,0.896,0.903,0.906,0.889,83213,7487608.000
2022-01-27,0.903,0.896,0.916,0.896,104617,9497651.000
2022-01-28,0.900,0.872,0.904,0.870,88102,7779969.000
2022-02-07,0.884,0.916,0.919,0.884,223433,20296257.000
2022-02-08,0.925,0.954,0.956,0.924,273208,25636833.000
2022-02-09,0.949,0.956,0.962,0.937,280498,26693891.000
2022-02-10,0.954,0.971,0.975,0.928,474106,45743474.000
2022-02-11,0.971,0.986,1.001,0.961,273870,26985685.000
2022-02-14,0.987,0.975,1.001,0.970,211800,20831281.000
2022-02-15,0.973,0.958,0.973,0.951,155819,14931701.000
2022-02-16,0.952,0.961,0.964,0.944,125570,12007563.000
2022-02-17,0.958,0.963,0.968,0.948,145776,13979299.000
2022-02-18,0.957,0.985,0.989,0.953,186055,18234335.000
2022-02-21,0.988,0.999,1.000,0.981,133640,13247743.000
2022-02-22,1.000,1.007,1.014,0.989,333878,33505716.000
2022-02-23,0.999,0.992,1.002,0.980,167249,16572351.000
2022-02-24,0.995,1.000,1.017,0.988,382280,38210493.000
2022-02-25,0.984,0.977,1.001,0.959,363259,35767575.000
2022-02-28,0.986,0.991,0.993,0.979,187779,18536266.000
2022-03-01,0.989,1.006,1.008,0.986,218484,21785538.000
2022-03-02,1.019,1.028,1.033,1.015,268692,27473059.000
2022-03-03,1.044,1.058,1.063,1.033,549612,57928281.000
2022-03-04,1.040,1.046,1.066,1.031,283310,29602216.000
2022-03-07,1.068,1.052,1.083,1.035,346214,36579840.000
2022-03-08,1.034,1.000,1.039,0.990,636200,64309797.000
2022-03-09,1.005,1.009,1.028,0.968,449379,45269802.000
2022-03-10,0.984,1.007,1.015,0.959,290370,28789416.000
2022-03-11,1.000,1.007,1.017,0.979,233176,23363166.000
2022-03-14,0.989,0.980,1.021,0.975,295438,29605541.000
2022-03-15,0.966,0.907,0.970,0.906,354202,32920882.000
2022-03-16,0.906,0.926,0.932,0.881,150768,13670175.000
2022-03-17,0.934,0.940,0.950,0.913,267902,24914915.000
2022-03-18,0.950,0.973,0.975,0.948,292408,28148514.000
2022-03-21,0.969,0.991,0.999,0.949,180704,17806558.000
2022-03-22,0.988,1.020,1.021,0.988,203840,20612605.000
2022-03-23,1.014,1.014,1.024,1.000,180690,18274683.000
2022-03-24,1.028,1.021,1.038,1.019,170697,17520278.000
2022-03-25,1.016,1.017,1.032,1.009,213697,21816207.000
2022-03-28,1.017,1.050,1.060,1.017,256056,26697053.000
2022-03-29,1.045,1.064,1.068,1.035,237967,25020325.000
2022-03-30,1.059,1.035,1.059,1.026,278205,28908580.000
2022-03-31,1.035,1.049,1.053,1.031,330246,34484949.000
2022-04-01,1.040,1.046,1.054,1.032,198321,20611096.000
2022-04-06,1.044,1.042,1.049,1.015,136318,14065646.000
2022-04-07,1.038,1.044,1.057,1.030,142023,14866067.000
2022-04-08,1.040,1.054,1.060,1.035,127495,13380310.000
2022-04-11,1.052,1.044,1.063,1.036,331543,34865211.000
2022-04-12,1.045,1.049,1.059,1.033,150747,15784401.000
2022-04-13,1.051,1.081,1.092,1.051,907929,98109505.000
2022-04-14,1.081,1.115,1.115,1.066,168514,18508271.000
2022-04-15,1.125,1.088,1.145,1.081,239255,26713096.000
2022-04-18,1.073,1.052,1.086,1.050,200521,21314929.000
2022-04-19,1.048,1.082,1.083,1.046,350130,37556122.000
2022-04-20,1.070,1.030,1.074,1.027,221038,23122875.000
2022-04-21,1.032,1.005,1.041,0.999,156822,15996107.000
2022-04-22,0.996,1.019,1.029,0.991,174510,17710755.000
2022-04-25,1.000,0.972,1.000,0.969,181029,17850780.000
2022-04-26,0.972,0.934,0.972,0.933,148551,14027780.000
2022-04-27,0.938,0.967,0.967,0.929,119144,11290077.000
2022-04-28,0.982,1.011,1.020,0.970,320310,32001185.000
2022-04-29,1.017,1.025,1.025,0.993,250903,25342396.000
2022-05-05,1.035,1.023,1.038,1.011,150600,15426195.000
2022-05-06,1.011,1.005,1.025,0.995,118231,11976230.000
2022-05-09,0.995,0.991,0.995,0.968,106114,10437493.000
2022-05-10,0.964,0.968,0.980,0.943,180631,17259575.000
2022-05-11,0.966,0.985,0.991,0.958,204275,20045495.000
2022-05-12,0.995,0.975,0.998,0.965,146347,14406788.000
2022-05-13,0.975,1.002,1.003,0.975,169919,16892679.000
2022-05-16,1.015,1.022,1.024,1.002,153730,15617041.000
2022-05-17,1.022,1.034,1.040,1.021,147960,15242760.000
2022-05-18,1.028,1.022,1.072,1.017,119188,12209809.000
2022-05-19,1.010,1.021,1.023,0.982,99310,10020262.000
2022-05-20,1.022,1.060,1.064,1.020,156390,16398747.000
2022-05-23,1.064,1.064,1.079,1.056,126493,13490682.000
2022-05-24,1.064,1.060,1.092,1.059,141306,15188570.000
2022-05-25,1.050,1.083,1.091,1.050,150094,16164225.000
2022-05-26,1.090,1.107,1.115,1.076,177194,19441201.000
2022-05-27,1.108,1.125,1.139,1.102,278974,31235212.000
2022-05-30,1.130,1.120,1.130,1.102,153015,17024914.000
2022-05-31,1.123,1.118,1.125,1.106,220602,24611877.000
2022-06-01,1.119,1.127,1.129,1.104,334936,37305530.000
2022-06-02,1.125,1.105,1.125,1.097,160049,17709020.000
2022-06-06,1.104,1.137,1.140,1.104,211872,23739657.000
2022-06-07,1.132,1.134,1.151,1.116,188208,21316368.000
2022-06-08,1.134,1.187,1.188,1.134,280923,32530927.000
2022-06-09,1.187,1.197,1.219,1.177,309513,37016836.000
2022-06-10,1.180,1.215,1.220,1.170,168971,20266914.000
2022-06-13,1.206,1.193,1.218,1.173,222304,26490263.000
2022-06-14,1.184,1.225,1.225,1.176,243082,29272472.000
2022-06-15,1.226,1.196,1.230,1.194,320535,38810456.000
2022-06-16,1.192,1.146,1.196,1.132,489442,56306921.000
2022-06-17,1.127,1.138,1.144,1.120,263417,29888540.000
2022-06-20,1.114,1.072,1.114,1.068,446113,48069668.000
2022-06-21,1.072,1.080,1.088,1.065,247803,26799911.000
2022-06-22,1.086,1.060,1.091,1.059,216860,23274237.000
2022-06-23,1.048,1.080,1.082,1.046,327533,34979016.000
2022-06-24,1.075,1.077,1.090,1.065,332382,35748347.000
2022-06-27,1.077,1.120,1.120,1.076,432846,47937302.000
2022-06-28,1.122,1.143,1.143,1.121,313472,35537491.000
2022-06-29,1.138,1.135,1.158,1.130,455080,52018055.000
2022-06-30,1.125,1.134,1.140,1.118,164793,18693195.000
2022-07-01,1.122,1.137,1.139,1.099,317357,35358547.000
2022-07-04,1.130,1.135,1.152,1.121,167357,19010557.000
2022-07-05,1.145,1.178,1.178,1.145,431839,50386206.000
2022-07-06,1.140,1.109,1.140,1.102,431428,48256789.000
2022-07-07,1.092,1.115,1.121,1.090,171752,19048862.000
2022-07-08,1.131,1.110,1.139,1.108,199789,22359355.000
2022-07-11,1.104,1.084,1.104,1.077,298416,32420318.000
2022-07-12,1.081,1.092,1.100,1.077,191785,20921145.800
2022-07-13,1.083,1.090,1.090,1.070,172924,18656176.900
2022-07-14,1.090,1.087,1.097,1.077,156160,16978950.400
2022-07-15,1.085,1.076,1.110,1.072,205160,22402834.000
2022-07-18,1.090,1.120,1.120,1.083,223475,24706600.245
2022-07-19,1.120,1.116,1.125,1.106,216025,24069843.600
2022-07-20,1.113,1.117,1.128,1.113,169014,18904198.300
2022-07-21,1.111,1.086,1.112,1.086,232421,25438902.500
2022-07-22,1.083,1.075,1.091,1.071,149355,16110026.800
2022-07-25,1.072,1.080,1.094,1.072,146683,15913715.500
2022-07-26,1.081,1.108,1.113,1.081,269338,29615054.300
2022-07-27,1.108,1.112,1.116,1.102,652960,72505398.000
2022-07-28,1.119,1.120,1.126,1.109,406278,45263136.600
2022-07-29,1.123,1.099,1.127,1.094,165433,18285733.500
2022-08-01,1.096,1.115,1.120,1.092,161849,17927464.700
2022-08-02,1.104,1.092,1.104,1.081,129618,14180354.000
2022-08-03,1.092,1.083,1.104,1.081,129846,14197471.100
2022-08-04,1.085,1.077,1.085,1.063,181594,19466054.700
2022-08-05,1.073,1.064,1.076,1.048,290332,30765440.900
2022-08-08,1.063,1.094,1.094,1.054,223957,24158309.400
2022-08-09,1.094,1.125,1.129,1.094,246898,27574768.700
2022-08-10,1.129,1.118,1.138,1.112,359280,40229656.500
2022-08-11,1.115,1.123,1.128,1.114,335947,37702493.300
2022-08-12,1.124,1.151,1.153,1.124,330470,37826352.744
2022-08-15,1.144,1.166,1.175,1.142,279459,32551551.100
2022-08-16,1.162,1.163,1.169,1.149,166314,19289297.600
2022-08-17,1.164,1.166,1.179,1.159,179543,20983041.700
2022-08-18,1.171,1.153,1.173,1.150,150517,17424374.700
2022-08-19,1.159,1.184,1.189,1.156,249234,29306328.800
2022-08-22,1.183,1.202,1.204,1.183,230435,27608415.400
2022-08-23,1.202,1.237,1.242,1.185,463265,56564050.600
2022-08-24,1.240,1.228,1.249,1.219,262538,32397719.200
2022-08-25,1.228,1.286,1.287,1.228,369771,46689130.300
2022-08-26,1.281,1.262,1.283,1.252,286748,36323702.200
2022-08-29,1.255,1.280,1.283,1.236,392023,49437116.700
2022-08-30,1.277,1.230,1.279,1.221,325770,40419488.100
2022-08-31,1.211,1.201,1.231,1.198,280501,33954124.900
2022-09-01,1.198,1.230,1.251,1.198,346459,42653814.700
2022-09-02,1.225,1.225,1.233,1.207,221264,26957587.900
2022-09-05,1.234,1.289,1.292,1.234,371301,47133922.400
2022-09-06,1.292,1.309,1.316,1.280,249757,32381312.600
2022-09-07,1.306,1.314,1.323,1.290,466108,61175696.700
2022-09-08,1.293,1.292,1.303,1.271,171265,22118979.200
2022-09-09,1.292,1.301,1.309,1.278,240163,31151119.700
2022-09-13,1.303,1.284,1.306,1.273,215651,27705860.300
2022-09-14,1.270,1.277,1.290,1.256,152857,19536565.900
2022-09-15,1.290,1.269,1.307,1.249,285273,36397680.700
2022-09-16,1.249,1.217,1.269,1.212,266444,32916628.500
2022-09-19,1.216,1.223,1.238,1.212,198434,24349110.800
2022-09-20,1.225,1.231,1.245,1.217,230912,28447930.600
2022-09-21,1.222,1.255,1.255,1.222,298741,37202928.400
2022-09-22,1.250,1.283,1.287,1.240,223233,28233436.800
2022-09-23,1.281,1.268,1.295,1.263,687306,87428978.900
2022-09-26,1.240,1.218,1.258,1.215,300962,37352325.000
2022-09-27,1.221,1.212,1.233,1.181,210579,25273609.400
2022-09-28,1.229,1.211,1.233,1.205,369834,44918555.900
2022-09-29,1.225,1.226,1.245,1.214,208418,25634882.900
2022-09-30,1.226,1.231,1.238,1.215,196503,24117568.400
2022-10-10,1.260,1.252,1.275,1.243,339669,42813613.400
2022-10-11,1.221,1.249,1.258,1.221,213564,26504788.800
2022-10-12,1.240,1.249,1.251,1.219,250509,30838590.800
2022-10-13,1.244,1.203,1.244,1.196,339588,41027055.800
2022-10-14,1.208,1.215,1.222,1.203,261040,31694352.100
2022-10-17,1.204,1.203,1.206,1.166,275474,32756491.100
2022-10-18,1.206,1.200,1.217,1.193,297068,35733036.500
2022-10-19,1.199,1.196,1.215,1.183,306803,36867236.100
2022-10-20,1.193,1.175,1.196,1.172,230427,27244409.600
2022-10-21,1.188,1.190,1.203,1.172,251304,29929901.600
2022-10-24,1.197,1.167,1.203,1.165,208108,24584408.600
2022-10-25,1.166,1.160,1.171,1.144,185974,21509337.000
2022-10-26,1.160,1.142,1.164,1.134,260561,29941393.000
2022-10-27,1.144,1.148,1.165,1.144,383194,44228165.669
2022-10-28,1.147,1.145,1.172,1.136,333808,38605509.579
2022-10-31,1.134,1.092,1.148,1.086,874779,96998196.243
2022-11-01,1.092,1.103,1.105,1.070,341386,37178770.912
2022-11-02,1.097,1.118,1.121,1.090,308034,34167345.600
2022-11-03,1.114,1.116,1.127,1.103,196388,21921172.960
2022-11-04,1.114,1.148,1.157,1.114,387929,44098827.800
2022-11-07,1.152,1.172,1.181,1.148,334831,39001591.660
2022-11-08,1.172,1.166,1.184,1.159,202239,23589833.381
2022-11-09,1.166,1.147,1.167,1.147,200976,23188348.700
2022-11-10,1.137,1.143,1.147,1.115,87500,9903841.500
2022-11-11,1.155,1.167,1.170,1.144,158206,18340755.700
2022-11-14,1.167,1.134,1.184,1.129,253714,29067151.136
2022-11-15,1.129,1.140,1.140,1.119,270308,30665421.461
2022-11-16,1.140,1.146,1.153,1.138,193128,22116121.583
2022-11-17,1.143,1.115,1.145,1.105,240783,26914035.676
2022-11-18,1.113,1.110,1.117,1.100,160497,17759945.400
2022-11-21,1.099,1.100,1.101,1.089,255725,28017890.900
2022-11-22,1.095,1.112,1.125,1.095,252424,28123451.595
2022-11-23,1.112,1.129,1.135,1.112,657477,74158365.200
2022-11-24,1.128,1.132,1.143,1.117,194074,21953589.600
2022-11-25,1.128,1.160,1.160,1.122,331939,38072499.800
2022-11-28,1.146,1.137,1.149,1.127,196340,22329177.100
2022-11-29,1.138,1.153,1.155,1.135,320884,36798678.200
2022-11-30,1.157,1.168,1.179,1.153,302591,35419249.300
2022-12-01,1.178,1.155,1.181,1.151,486062,56590655.965
2022-12-02,1.153,1.142,1.154,1.137,344058,39283992.700
2022-12-05,1.146,1.161,1.166,1.145,336418,38895675.900
2022-12-06,1.152,1.159,1.166,1.142,316505,36517195.894
2022-12-07,1.157,1.139,1.160,1.135,221640,25351912.300
2022-12-08,1.135,1.132,1.140,1.129,171785,19526278.600
2022-12-09,1.133,1.133,1.135,1.125,268655,30331619.880
2022-12-12,1.130,1.109,1.140,1.106,232099,25885347.700
2022-12-13,1.113,1.111,1.121,1.107,231859,25813376.000
2022-12-14,1.119,1.119,1.122,1.109,242679,27125099.600
2022-12-15,1.119,1.102,1.122,1.098,255555,28162121.000
2022-12-16,1.102,1.105,1.114,1.098,181446,20073257.800
2022-12-19,1.104,1.080,1.105,1.076,175343,19087425.500
2022-12-20,1.081,1.076,1.087,1.070,137601,14824539.800
2022-12-21,1.080,1.072,1.083,1.070,249322,26797993.100
2022-12-22,1.076,1.058,1.082,1.055,153326,16394774.800
2022-12-23,1.059,1.055,1.059,1.045,277110,29202719.000
2022-12-26,1.054,1.063,1.063,1.052,193678,20497085.700
2022-12-27,1.064,1.079,1.080,1.064,663427,71341989.800
2022-12-28,1.078,1.075,1.081,1.068,325322,34954806.710
2022-12-29,1.067,1.055,1.068,1.049,638590,67284575.433
2022-12-30,1.055,1.056,1.061,1.053,263190,27817315.400
2023-01-03,1.055,1.067,1.067,1.049,120531,12745084.188
2023-01-04,1.062,1.050,1.062,1.046,288629,30496451.300
2023-01-05,1.049,1.055,1.055,1.046,153566,16125595.400
2023-01-06,1.055,1.062,1.063,1.050,180281,19093718.600
2023-01-09,1.065,1.067,1.069,1.056,197385,21038672.800
2023-01-10,1.067,1.059,1.067,1.053,226767,24052781.800
2023-01-11,1.060,1.094,1.095,1.059,309264,33479148.300
2023-01-12,1.092,1.090,1.095,1.075,570682,61939877.100
2023-01-13,1.091,1.093,1.104,1.086,256735,28116439.300
2023-01-16,1.093,1.096,1.102,1.089,291338,31907877.900
2023-01-17,1.096,1.096,1.100,1.086,295012,32243803.500
2023-01-18,1.096,1.102,1.111,1.095,403951,44643372.500
2023-01-19,1.103,1.105,1.117,1.099,334443,36932253.800
2023-01-20,1.106,1.121,1.124,1.106,284684,31856772.100
2023-01-30,1.126,1.109,1.131,1.107,246003,27373976.300
2023-01-31,1.109,1.112,1.118,1.107,269308,29961706.000
2023-02-01,1.112,1.116,1.116,1.105,272833,30273485.600
2023-02-02,1.116,1.123,1.123,1.100,491295,54605609.900
2023-02-03,1.117,1.108,1.117,1.100,247624,27430975.100
2023-02-06,1.103,1.103,1.107,1.098,126863,13991399.700
2023-02-07,1.100,1.107,1.115,1.100,339474,37667029.500
2023-02-08,1.110,1.100,1.114,1.100,129206,14314150.300
2023-02-09,1.100,1.105,1.107,1.091,130808,14436791.100
2023-02-10,1.100,1.092,1.105,1.091,150265,16470005.100
2023-02-13,1.092,1.091,1.099,1.079,341375,37181086.900
2023-02-14,1.092,1.093,1.099,1.085,201250,21990460.800
2023-02-15,1.092,1.086,1.097,1.083,89457,9746916.000
2023-02-16,1.087,1.076,1.094,1.068,283793,30694932.689
2023-02-17,1.075,1.084,1.094,1.073,190427,20683531.800
2023-02-20,1.084,1.109,1.111,1.084,283154,31176923.300
2023-02-21,1.110,1.131,1.135,1.109,359992,40546909.000
2023-02-22,1.129,1.131,1.139,1.116,241856,27343928.800
2023-02-23,1.139,1.137,1.154,1.132,403321,45972896.300
2023-02-24,1.135,1.133,1.147,1.124,179422,20282563.600
2023-02-27,1.131,1.139,1.151,1.131,224541,25607579.100
2023-02-28,1.137,1.134,1.138,1.125,287706,32496944.000
2023-03-01,1.132,1.137,1.142,1.129,207105,23553082.200
2023-03-02,1.137,1.145,1.154,1.134,288675,33051780.100
2023-03-03,1.145,1.158,1.158,1.138,181687,20919351.000
2023-03-06,1.160,1.137,1.162,1.137,426571,48831485.300
2023-03-07,1.137,1.159,1.183,1.136,349656,40801352.959
2023-03-08,1.147,1.146,1.152,1.136,183773,21003690.900
2023-03-09,1.142,1.148,1.165,1.140,158374,18242796.900
2023-03-10,1.142,1.120,1.144,1.119,209642,23649100.600
2023-03-13,1.120,1.150,1.150,1.116,263647,30040570.700
2023-03-14,1.147,1.135,1.159,1.129,156377,17853014.100
2023-03-15,1.138,1.139,1.142,1.127,140275,15930011.900
2023-03-16,1.127,1.104,1.127,1.102,181052,20154459.300
2023-03-17,1.106,1.127,1.138,1.106,170665,19208110.300
2023-03-20,1.133,1.125,1.149,1.121,150190,17028143.400
2023-03-21,1.127,1.115,1.136,1.108,163682,18215414.200
2023-03-22,1.113,1.124,1.133,1.113,138272,15539263.700
2023-03-23,1.124,1.137,1.137,1.118,171310,19392723.700
2023-03-24,1.137,1.120,1.137,1.116,169268,18947341.000
2023-03-27,1.124,1.119,1.124,1.096,296053,32941269.600
2023-03-28,1.120,1.124,1.133,1.120,155442,17522234.500
2023-03-29,1.124,1.119,1.136,1.114,212919,23862666.500
2023-03-30,1.122,1.156,1.157,1.117,262415,29868353.700
2023-03-31,1.150,1.152,1.159,1.147,201099,23152376.900
2023-04-03,1.168,1.156,1.174,1.151,303724,35320232.400
2023-04-04,1.156,1.167,1.171,1.149,267669,31055793.800
2023-04-06,1.166,1.153,1.167,1.148,226536,26137668.800
2023-04-07,1.154,1.144,1.156,1.142,250924,28758291.500
2023-04-10,1.139,1.147,1.153,1.138,282493,32399819.400
2023-04-11,1.145,1.154,1.154,1.136,206625,23703490.900
2023-04-12,1.152,1.166,1.173,1.149,135082,15724403.800
2023-04-13,1.165,1.167,1.183,1.163,210285,24684210.500
2023-04-14,1.160,1.171,1.174,1.156,150067,17493832.200
2023-04-17,1.170,1.208,1.211,1.168,331364,39688360.600
2023-04-18,1.203,1.222,1.222,1.202,213904,25949028.200
2023-04-19,1.217,1.217,1.226,1.210,202185,24641097.400
2023-04-20,1.210,1.216,1.219,1.193,203020,24483255.100
2023-04-21,1.212,1.196,1.223,1.195,196906,23865075.200
2023-04-24,1.190,1.186,1.207,1.184,152479,18190103.800
2023-04-25,1.191,1.195,1.206,1.181,270516,32214567.800
2023-04-26,1.195,1.196,1.200,1.180,186171,22166767.700
2023-04-27,1.198,1.196,1.204,1.180,165952,19797752.400
2023-04-28,1.193,1.224,1.225,1.193,464458,56495778.000
2023-05-04,1.216,1.224,1.229,1.180,179187,21712153.100
2023-05-05,1.222,1.215,1.231,1.204,377923,46068462.300
2023-05-08,1.226,1.277,1.280,1.220,262305,32984387.700
2023-05-09,1.277,1.256,1.292,1.256,417753,53360453.600
2023-05-10,1.248,1.227,1.264,1.221,327309,40381620.700
2023-05-11,1.228,1.227,1.233,1.213,214156,26218543.400
2023-05-12,1.229,1.208,1.235,1.206,170180,20718909.400
2023-05-15,1.200,1.220,1.222,1.193,268569,32364599.100
2023-05-16,1.230,1.223,1.246,1.218,233997,28827167.300
2023-05-17,1.214,1.218,1.223,1.204,161856,19625770.900
2023-05-18,1.219,1.234,1.241,1.219,200932,24762041.400
2023-05-19,1.226,1.215,1.230,1.213,144823,17661189.100
2023-05-22,1.212,1.205,1.217,1.198,274194,33080948.000
2023-05-23,1.202,1.193,1.215,1.188,163761,19647822.100
2023-05-24,1.188,1.172,1.190,1.170,340862,40089024.300
2023-05-25,1.168,1.161,1.176,1.147,253401,29242994.800
2023-05-26,1.156,1.142,1.156,1.134,176852,20161893.000
2023-05-29,1.141,1.159,1.164,1.140,215845,24922157.600
2023-05-30,1.158,1.156,1.170,1.142,134784,15597991.700
2023-05-31,1.144,1.123,1.144,1.116,274579,30843765.900
2023-06-01,1.118,1.124,1.138,1.118,192257,21693196.100
2023-06-02,1.127,1.139,1.141,1.127,202481,23035466.700
2023-06-05,1.145,1.145,1.152,1.141,127144,14577239.700
2023-06-06,1.142,1.152,1.166,1.135,159753,18416689.900
2023-06-07,1.148,1.141,1.149,1.131,120286,13710176.000
2023-06-08,1.138,1.158,1.159,1.137,144925,16655154.600
2023-06-09,1.158,1.157,1.161,1.148,114229,13181912.100
2023-06-12,1.165,1.157,1.167,1.150,155871,18052703.100
2023-06-13,1.158,1.144,1.158,1.133,360415,41109563.273
2023-06-14,1.143,1.144,1.157,1.142,125041,14372082.350
2023-06-15,1.144,1.149,1.151,1.135,162429,18532648.188
2023-06-16,1.154,1.152,1.165,1.150,191635,22137339.194
2023-06-19,1.167,1.151,1.167,1.147,158504,18253395.200
2023-06-20,1.153,1.136,1.153,1.132,147736,16813344.300
2023-06-21,1.130,1.134,1.146,1.128,176502,20091381.300
2023-06-26,1.124,1.119,1.130,1.118,188923,21241428.300
2023-06-27,1.116,1.147,1.152,1.116,158228,18017614.400
2023-06-28,1.148,1.168,1.168,1.146,194286,22472879.700
2023-06-29,1.169,1.150,1.169,1.150,139306,16108815.800
2023-06-30,1.158,1.169,1.172,1.151,187863,21845825.800
2023-07-03,1.180,1.196,1.199,1.169,251043,29838747.600
2023-07-04,1.206,1.196,1.206,1.179,286207,34257945.300
2023-07-05,1.197,1.201,1.204,1.190,181409,21723979.000
2023-07-06,1.200,1.202,1.204,1.190,145737,17456646.900
2023-07-07,1.213,1.204,1.213,1.190,148966,17918819.000
2023-07-10,1.205,1.201,1.215,1.198,163144,19654307.700
2023-07-11,1.201,1.194,1.204,1.189,172307,20560140.800
2023-07-12,1.192,1.196,1.203,1.192,160754,19267205.000
2023-07-13,1.200,1.218,1.219,1.199,165823,20114118.300
2023-07-14,1.220,1.221,1.229,1.215,134475,16460012.300
2023-07-17,1.223,1.201,1.225,1.192,187240,22481185.900
2023-07-18,1.200,1.198,1.205,1.194,179977,21549563.300
2023-07-19,1.197,1.202,1.211,1.195,160709,19300789.300
2023-07-20,1.200,1.195,1.214,1.194,177438,21380991.100
2023-07-21,1.195,1.190,1.198,1.185,159670,19010590.000
2023-07-24,1.184,1.179,1.188,1.175,162097,19159248.200
2023-07-25,1.188,1.200,1.204,1.188,126773,15203330.300
2023-07-26,1.208,1.194,1.208,1.190,161633,19329107.600
2023-07-27,1.194,1.187,1.202,1.185,100225,11992591.300
2023-07-28,1.182,1.198,1.200,1.181,93308,11117066.000
2023-07-31,1.198,1.195,1.217,1.189,195411,23440036.500
2023-08-01,1.195,1.206,1.206,1.195,133413,16045909.871
2023-08-02,1.205,1.178,1.205,1.173,115118,13634401.400
2023-08-03,1.178,1.176,1.180,1.167,80523,9455423.500
2023-08-04,1.177,1.175,1.190,1.173,60122,7095312.200
2023-08-07,1.176,1.179,1.179,1.169,74684,8780166.500
2023-08-08,1.177,1.185,1.186,1.170,88555,10438627.100
2023-08-09,1.185,1.177,1.185,1.174,68480,8063117.800
2023-08-10,1.181,1.203,1.205,1.181,147600,17675603.340
2023-08-11,1.195,1.182,1.203,1.176,240578,28598067.400
2023-08-14,1.184,1.179,1.184,1.163,113412,13282132.800
2023-08-15,1.171,1.179,1.185,1.170,64515,7590734.400
2023-08-16,1.168,1.166,1.176,1.165,47006,5496716.700
2023-08-17,1.168,1.168,1.170,1.151,108312,12566855.100
2023-08-18,1.162,1.162,1.177,1.162,170087,19903373.900
2023-08-21,1.159,1.152,1.167,1.150,69321,8014099.400
2023-08-22,1.150,1.172,1.174,1.149,98301,11415242.700
2023-08-23,1.176,1.180,1.194,1.170,271740,32257267.200
2023-08-24,1.180,1.170,1.185,1.170,298382,35113231.600
2023-08-25,1.163,1.169,1.179,1.163,70047,8202389.900
2023-08-28,1.206,1.198,1.220,1.191,129530,15563855.100
2023-08-29,1.190,1.190,1.200,1.187,152166,18163889.300
2023-08-30,1.201,1.184,1.201,1.182,205439,24415702.600
2023-08-31,1.193,1.183,1.193,1.177,183717,21686053.400
2023-09-01,1.183,1.214,1.217,1.183,218698,26298948.300
2023-09-04,1.221,1.248,1.252,1.220,284355,35322162.600
2023-09-05,1.241,1.249,1.257,1.239,167505,20882406.900
2023-09-06,1.256,1.256,1.259,1.240,117237,14646447.100
2023-09-07,1.258,1.260,1.273,1.255,180267,22801052.000
2023-09-08,1.260,1.240,1.260,1.240,153715,19139724.400
2023-09-11,1.242,1.251,1.267,1.242,141415,17776155.200
2023-09-12,1.254,1.247,1.259,1.244,87838,10973828.100
2023-09-13,1.245,1.263,1.273,1.245,174131,21978649.000
2023-09-14,1.255,1.294,1.297,1.255,151280,19395538.700
2023-09-15,1.292,1.286,1.304,1.279,140829,18207345.500
2023-09-18,1.276,1.285,1.289,1.268,139516,17828174.800
2023-09-19,1.285,1.296,1.303,1.284,172956,22398167.100
2023-09-20,1.290,1.293,1.300,1.284,101306,13078144.000
2023-09-21,1.280,1.279,1.295,1.277,81814,10505465.900
2023-09-22,1.274,1.286,1.286,1.271,150964,19310893.500
2023-09-25,1.300,1.280,1.300,1.278,125351,16136523.900
2023-09-26,1.277,1.267,1.280,1.267,335388,42601196.200
2023-09-27,1.268,1.268,1.275,1.263,436016,55267117.200
2023-09-28,1.280,1.271,1.286,1.267,154691,19703916.200
2023-10-09,1.258,1.275,1.279,1.248,233986,29551020.400
2023-10-10,1.275,1.252,1.276,1.251,136795,17279851.900
2023-10-11,1.252,1.235,1.254,1.231,155776,19359786.700
2023-10-12,1.234,1.234,1.240,1.231,354690,43714592.100
2023-10-13,1.233,1.239,1.240,1.223,117645,14494689.300
2023-10-16,1.244,1.257,1.257,1.243,211200,26346870.900
2023-10-17,1.263,1.264,1.264,1.241,100233,12553808.600
2023-10-18,1.257,1.253,1.270,1.253,94386,11903820.200
2023-10-19,1.260,1.231,1.260,1.231,55700,6904200.256
2023-10-20,1.226,1.228,1.234,1.222,80142,9836185.600
2023-10-23,1.238,1.208,1.238,1.198,74585,9044948.000
2023-10-24,1.203,1.217,1.219,1.203,205798,24953072.700
2023-10-25,1.222,1.212,1.232,1.209,117777,14403383.700
2023-10-26,1.213,1.209,1.216,1.194,62427,7519649.500
2023-10-27,1.204,1.209,1.219,1.199,97558,11813126.600
2023-10-30,1.210,1.186,1.213,1.184,161596,19245893.800
2023-10-31,1.179,1.196,1.200,1.179,160789,19154702.500
2023-11-01,1.190,1.197,1.197,1.183,137310,16346396.800
2023-11-02,1.197,1.199,1.205,1.194,118858,14259227.800
2023-11-03,1.199,1.203,1.212,1.198,153552,18455980.600
2023-11-06,1.199,1.176,1.199,1.172,456953,53695294.500
2023-11-07,1.174,1.183,1.183,1.169,225176,26544835.700
2023-11-08,1.176,1.176,1.177,1.167,105091,12332555.800
2023-11-09,1.178,1.203,1.205,1.171,164163,19582643.100
2023-11-10,1.195,1.210,1.210,1.190,92576,11128399.800
2023-11-13,1.210,1.212,1.213,1.196,82651,9963693.800
2023-11-14,1.202,1.205,1.214,1.200,54188,6525130.100
2023-11-15,1.207,1.214,1.214,1.203,159877,19343416.600
2023-11-16,1.211,1.210,1.218,1.205,218956,26557679.300
2023-11-17,1.210,1.203,1.210,1.196,119307,14347790.900
2023-11-20,1.208,1.207,1.208,1.199,95168,11472429.400
2023-11-21,1.205,1.216,1.225,1.205,110931,13502161.300
2023-11-22,1.216,1.207,1.218,1.205,56993,6901145.800
2023-11-23,1.201,1.222,1.222,1.201,70874,8582667.100
2023-11-24,1.217,1.230,1.235,1.217,76992,9466506.340
2023-11-27,1.230,1.237,1.241,1.229,326863,40483445.780
2023-11-28,1.236,1.239,1.244,1.225,71240,8786284.000
2023-11-29,1.235,1.243,1.248,1.235,70724,8788753.800
2023-11-30,1.248,1.246,1.248,1.240,48667,6056708.300
2023-12-01,1.246,1.251,1.254,1.242,132431,16535616.200
2023-12-04,1.253,1.260,1.262,1.249,100566,12644414.200
2023-12-05,1.257,1.229,1.257,1.229,85683,10671072.300
2023-12-06,1.230,1.228,1.237,1.215,69363,8492526.300
2023-12-07,1.220,1.216,1.227,1.216,114749,14001603.000
2023-12-08,1.215,1.217,1.227,1.210,115911,14151677.400
2023-12-11,1.206,1.230,1.234,1.196,94671,11511603.500
2023-12-12,1.230,1.242,1.242,1.219,120352,14840276.900
2023-12-13,1.245,1.220,1.245,1.216,146597,17928172.300
2023-12-14,1.225,1.223,1.228,1.213,120359,14697149.000
2023-12-15,1.220,1.213,1.227,1.211,75139,9132760.600
2023-12-18,1.214,1.217,1.223,1.204,71266,8666744.600
2023-12-19,1.219,1.214,1.220,1.205,92058,11146482.000
2023-12-20,1.208,1.220,1.236,1.208,88878,10908322.400
2023-12-21,1.218,1.221,1.225,1.211,54281,6611030.400
2023-12-22,1.222,1.238,1.242,1.222,76453,9446512.700
2023-12-25,1.230,1.254,1.254,1.229,100012,12411534.100
2023-12-26,1.255,1.238,1.268,1.237,130120,16269517.700
2023-12-27,1.238,1.260,1.260,1.236,109129,13699038.000
2023-12-28,1.254,1.245,1.262,1.234,184546,22910415.100
2023-12-29,1.243,1.252,1.254,1.235,111311,13857071.200
2024-01-02,1.252,1.282,1.286,1.250,279139,35675077.100
2024-01-03,1.282,1.293,1.299,1.274,291663,37690804.200
2024-01-04,1.294,1.310,1.316,1.294,270874,35340341.900
2024-01-05,1.301,1.306,1.322,1.300,214296,28080704.930
2024-01-08,1.305,1.297,1.306,1.291,136284,17697680.228
2024-01-09,1.290,1.307,1.314,1.284,108928,14152970.800
2024-01-10,1.307,1.298,1.315,1.292,114426,14883044.600
2024-01-11,1.297,1.275,1.297,1.271,212135,27070569.000
2024-01-12,1.275,1.281,1.286,1.273,46516,5953991.100
2024-01-15,1.281,1.294,1.295,1.273,96512,12428651.400
2024-01-16,1.294,1.295,1.298,1.284,78382,10123476.600
2024-01-17,1.295,1.281,1.299,1.280,75792,9790781.500
2024-01-18,1.280,1.273,1.280,1.235,222786,28044694.300
2024-01-19,1.266,1.259,1.270,1.251,111766,14086069.200
2024-01-22,1.260,1.236,1.266,1.225,174832,21867597.400
2024-01-23,1.226,1.249,1.255,1.224,98100,12151674.000
2024-01-24,1.254,1.286,1.286,1.254,199327,25284237.000
2024-01-25,1.297,1.345,1.347,1.288,221872,29385855.236
2024-01-26,1.345,1.365,1.366,1.333,212661,28656274.400
2024-01-29,1.372,1.357,1.391,1.350,171897,23482803.000
2024-01-30,1.361,1.353,1.376,1.343,120812,16436358.800
2024-01-31,1.350,1.363,1.376,1.334,194376,26499872.200
2024-02-01,1.348,1.333,1.357,1.332,160294,21532142.662
2024-02-02,1.324,1.343,1.355,1.312,174194,23344306.000
2024-02-05,1.340,1.356,1.370,1.332,321151,43447970.000
2024-02-06,1.356,1.365,1.373,1.341,159394,21604595.000
2024-02-07,1.353,1.393,1.393,1.341,137703,18786989.400
2024-02-08,1.374,1.386,1.394,1.374,145834,20234672.100
2024-02-19,1.386,1.458,1.458,1.376,269262,38570054.500
2024-02-20,1.452,1.451,1.464,1.433,166143,24123720.700
2024-02-21,1.451,1.452,1.461,1.445,155081,22548149.700
2024-02-22,1.450,1.514,1.514,1.440,197468,29312178.400
2024-02-23,1.525,1.488,1.525,1.479,237911,35501845.200
2024-02-26,1.486,1.457,1.494,1.449,187187,27489413.800
2024-02-27,1.449,1.460,1.470,1.443,122614,17860575.900
2024-02-28,1.462,1.460,1.472,1.433,229860,33318863.400
2024-02-29,1.447,1.459,1.460,1.443,163376,23709879.300
2024-03-01,1.457,1.461,1.474,1.449,186473,27294209.400
2024-03-04,1.462,1.501,1.501,1.460,381423,56696894.800
2024-03-05,1.500,1.501,1.510,1.484,303102,45367445.300
2024-03-06,1.492,1.501,1.525,1.492,292934,44224019.400
2024-03-07,1.502,1.522,1.533,1.498,263093,39951919.200
2024-03-08,1.523,1.524,1.525,1.493,275774,41672256.000
2024-03-11,1.519,1.482,1.519,1.469,300099,44539498.000
2024-03-12,1.467,1.433,1.478,1.424,457234,65933100.700
2024-03-13,1.424,1.430,1.431,1.406,240128,34154274.100
2024-03-14,1.429,1.440,1.444,1.420,259949,37383939.500
2024-03-15,1.432,1.430,1.437,1.403,360162,51064067.700
2024-03-18,1.427,1.418,1.427,1.405,431113,60917796.100
2024-03-19,1.416,1.429,1.447,1.415,601354,86417181.600
2024-03-20,1.427,1.438,1.447,1.411,269208,38548882.200
2024-03-21,1.430,1.436,1.444,1.416,179498,25651885.300
2024-03-22,1.430,1.428,1.439,1.420,140609,20081598.900
2024-03-25,1.425,1.440,1.461,1.414,333089,48077458.700
2024-03-26,1.441,1.418,1.445,1.402,246241,34899176.100
2024-03-27,1.404,1.416,1.428,1.404,119657,17004803.100
2024-03-28,1.405,1.422,1.427,1.402,131899,18684022.700
2024-03-29,1.422,1.463,1.463,1.421,277572,40262546.500
2024-04-01,1.462,1.446,1.462,1.436,401708,58066377.500
2024-04-02,1.446,1.470,1.478,1.446,348216,51017559.500
2024-04-03,1.474,1.495,1.498,1.468,420217,62419783.400
2024-04-08,1.487,1.491,1.516,1.471,260851,38971889.200
2024-04-09,1.487,1.478,1.500,1.462,295687,43702733.300
2024-04-10,1.470,1.492,1.500,1.464,190905,28478232.400
2024-04-11,1.483,1.506,1.517,1.480,210474,31559002.000
2024-04-12,1.506,1.499,1.510,1.490,165173,24783029.500
2024-04-15,1.499,1.543,1.545,1.494,207815,31656683.300
2024-04-16,1.540,1.551,1.569,1.529,482165,75014878.300
2024-04-17,1.538,1.559,1.559,1.522,240716,37145260.500
2024-04-18,1.547,1.546,1.570,1.537,268413,41625058.900
2024-04-19,1.540,1.568,1.585,1.540,439685,69063189.100
2024-04-22,1.579,1.505,1.579,1.504,404409,61972163.000
2024-04-23,1.489,1.475,1.501,1.462,348130,51440260.000
2024-04-24,1.474,1.481,1.486,1.464,214090,31568327.900
2024-04-25,1.480,1.489,1.491,1.469,299248,44258908.800
2024-04-26,1.489,1.490,1.501,1.479,344966,51314055.700
2024-04-29,1.480,1.463,1.480,1.448,350556,51119608.900
2024-04-30,1.463,1.478,1.486,1.459,210587,31080271.400
2024-05-06,1.475,1.475,1.475,1.446,313095,45680481.200
2024-05-07,1.472,1.481,1.482,1.462,282665,41667518.200
2024-05-08,1.485,1.506,1.512,1.480,330272,49587519.000
2024-05-09,1.505,1.503,1.511,1.494,227375,34136660.400
2024-05-10,1.505,1.503,1.510,1.494,194890,29278477.700
2024-05-13,1.495,1.488,1.499,1.477,192049,28585637.800
2024-05-14,1.493,1.473,1.494,1.461,220393,32409559.100
2024-05-15,1.472,1.471,1.480,1.463,160078,23589197.200
2024-05-16,1.464,1.466,1.478,1.461,276353,40558724.300
2024-05-17,1.461,1.470,1.471,1.455,167917,24558401.100
2024-05-20,1.478,1.514,1.521,1.468,316427,47308935.000
2024-05-21,1.513,1.515,1.519,1.500,195239,29461409.802
2024-05-22,1.514,1.514,1.532,1.509,180607,27442276.212
2024-05-23,1.502,1.499,1.522,1.495,163163,24495201.300
2024-05-24,1.492,1.495,1.514,1.490,175078,26358408.000
2024-05-27,1.494,1.526,1.542,1.494,303630,46383845.168
2024-05-28,1.527,1.548,1.553,1.526,236998,36521635.784
2024-05-29,1.546,1.558,1.563,1.534,219603,34080862.300
2024-05-30,1.546,1.526,1.563,1.521,279266,42943853.900
2024-05-31,1.520,1.528,1.545,1.520,154095,23580195.300
2024-06-03,1.525,1.524,1.535,1.515,190034,28982987.600
2024-06-04,1.514,1.502,1.514,1.493,246745,37023620.613
2024-06-05,1.494,1.487,1.510,1.487,203752,30538337.300
2024-06-06,1.490,1.516,1.526,1.490,349129,52717122.704
2024-06-07,1.522,1.517,1.526,1.506,169167,25667523.185
2024-06-11,1.520,1.498,1.528,1.488,197936,29794333.100
2024-06-12,1.495,1.540,1.541,1.490,254398,38513425.580
2024-06-13,1.537,1.530,1.544,1.517,246754,37757713.300
2024-06-14,1.524,1.513,1.528,1.509,158356,24045905.100
2024-06-17,1.500,1.487,1.511,1.484,185205,27719792.900
2024-06-18,1.488,1.488,1.495,1.474,217991,32444523.200
2024-06-19,1.488,1.499,1.513,1.487,255674,38460210.700
2024-06-20,1.493,1.525,1.525,1.491,212289,32158081.900
2024-06-21,1.530,1.512,1.530,1.502,155836,23573338.000
2024-06-24,1.507,1.497,1.515,1.490,133010,19901902.100
2024-06-25,1.497,1.495,1.502,1.486,120068,17947118.500
2024-06-26,1.491,1.490,1.492,1.472,166485,24673651.900
2024-06-27,1.485,1.479,1.490,1.475,169225,25073944.420
2024-06-28,1.472,1.504,1.510,1.472,812907,121794569.800
2024-07-01,1.508,1.544,1.559,1.508,411670,63155595.300
2024-07-02,1.548,1.556,1.561,1.535,477265,73970208.148
2024-07-03,1.556,1.539,1.561,1.526,233190,35931633.796
2024-07-04,1.539,1.537,1.551,1.530,173613,26670546.788
2024-07-05,1.532,1.526,1.539,1.504,191818,29175414.178
2024-07-08,1.526,1.525,1.537,1.513,155165,23652307.800
2024-07-09,1.519,1.534,1.535,1.509,133638,20318049.400
2024-07-10,1.532,1.481,1.532,1.480,275803,41179132.100
2024-07-11,1.476,1.490,1.492,1.474,159249,23614653.000
2024-07-12,1.485,1.472,1.499,1.468,205162,30383529.000
2024-07-15,1.465,1.500,1.500,1.458,202322,30095963.500
2024-07-16,1.498,1.501,1.504,1.492,163021,24438089.400
2024-07-17,1.505,1.471,1.505,1.468,186101,27492143.300
2024-07-18,1.468,1.480,1.483,1.460,142799,21013030.800
2024-07-19,1.471,1.471,1.478,1.458,162093,23771771.600
2024-07-22,1.468,1.441,1.468,1.411,246371,35122792.000
2024-07-23,1.439,1.419,1.439,1.418,167872,23974950.100
2024-07-24,1.419,1.426,1.431,1.404,157427,22295935.900
2024-07-25,1.418,1.399,1.421,1.390,106467,14919714.800
2024-07-26,1.394,1.401,1.411,1.391,87676,12284145.500
2024-07-29,1.396,1.397,1.405,1.386,142867,19943612.900
2024-07-30,1.395,1.362,1.395,1.356,461168,62871587.100
2024-07-31,1.359,1.393,1.395,1.356,315754,43472707.300
2024-08-01,1.396,1.392,1.416,1.389,184346,25732572.100
2024-08-02,1.383,1.379,1.383,1.367,122576,16867801.000
2024-08-05,1.365,1.346,1.368,1.341,373235,50346206.171
2024-08-06,1.344,1.348,1.356,1.337,182762,24591914.608
2024-08-07,1.346,1.365,1.375,1.337,145330,19827413.000
2024-08-08,1.368,1.365,1.376,1.360,168839,23089995.400
2024-08-09,1.365,1.372,1.377,1.362,89773,12288063.900
2024-08-12,1.370,1.379,1.384,1.361,155397,21354229.700
2024-08-13,1.387,1.381,1.389,1.370,169308,23347724.200
2024-08-14,1.380,1.375,1.382,1.367,111889,15376969.900
2024-08-15,1.380,1.396,1.400,1.370,164061,22758365.600
2024-08-16,1.396,1.404,1.407,1.394,135380,18966229.900
2024-08-19,1.400,1.406,1.421,1.400,138032,19494026.400
2024-08-20,1.408,1.374,1.408,1.367,138058,19020667.900
2024-08-21,1.366,1.371,1.377,1.353,221417,30192185.800
2024-08-22,1.369,1.366,1.372,1.357,124335,16965545.700
2024-08-23,1.360,1.373,1.389,1.360,174209,23952936.300
2024-08-26,1.373,1.380,1.383,1.367,147448,20249154.700
2024-08-27,1.380,1.415,1.415,1.379,230629,32326495.100
2024-08-28,1.401,1.407,1.419,1.399,171059,24109691.200
2024-08-29,1.407,1.392,1.407,1.382,171147,23781318.400
2024-08-30,1.391,1.409,1.415,1.377,171453,23929088.000
2024-09-02,1.400,1.416,1.420,1.381,154931,21783750.800
2024-09-03,1.409,1.388,1.422,1.377,214040,29839719.200
2024-09-04,1.373,1.355,1.373,1.349,132008,17903392.600
2024-09-05,1.349,1.339,1.365,1.330,169506,22716544.800
2024-09-06,1.329,1.316,1.339,1.315,160735,21307169.900
2024-09-09,1.311,1.284,1.311,1.270,184642,23679946.996
2024-09-10,1.283,1.288,1.297,1.276,141483,18218759.950
2024-09-11,1.278,1.265,1.278,1.243,156006,19532373.608
2024-09-12,1.259,1.273,1.281,1.259,150141,19077127.500
2024-09-13,1.278,1.270,1.292,1.270,120865,15532092.600
2024-09-18,1.272,1.302,1.308,1.272,132823,17184626.600
2024-09-19,1.305,1.308,1.309,1.282,151087,19639140.376
2024-09-20,1.311,1.322,1.326,1.304,113264,14895428.600
2024-09-23,1.321,1.339,1.346,1.315,122287,16348561.200
2024-09-24,1.342,1.402,1.402,1.342,186036,25467002.900
2024-09-25,1.413,1.408,1.446,1.405,355638,50648738.000
2024-09-26,1.407,1.438,1.438,1.402,185841,26320974.600
2024-09-27,1.438,1.465,1.465,1.424,161808,23338329.900
2024-09-30,1.471,1.555,1.598,1.466,326578,49232181.521
2024-10-08,1.711,1.566,1.711,1.500,644295,101932634.700
2024-10-09,1.565,1.418,1.565,1.418,371089,54374245.100
2024-10-10,1.416,1.502,1.537,1.416,432744,64628099.100
2024-10-11,1.505,1.468,1.515,1.454,302056,44734694.700
2024-10-14,1.459,1.484,1.501,1.456,355909,52853311.300
2024-10-15,1.478,1.444,1.478,1.443,268574,39295077.000
2024-10-16,1.433,1.442,1.450,1.420,183325,26413372.600
2024-10-17,1.438,1.420,1.462,1.419,313926,45339944.700
2024-10-18,1.418,1.448,1.456,1.415,356661,51057010.300
2024-10-21,1.448,1.437,1.452,1.426,279024,40120487.300
2024-10-22,1.437,1.445,1.445,1.429,267310,38493100.200
2024-10-23,1.452,1.444,1.452,1.435,594701,85774465.500
2024-10-24,1.439,1.439,1.442,1.435,200779,28891266.930
2024-10-25,1.441,1.440,1.441,1.432,239407,34372361.100
2024-10-28,1.438,1.444,1.447,1.427,363537,52236870.200
2024-10-29,1.437,1.415,1.440,1.415,270012,38461526.700
2024-10-30,1.415,1.400,1.423,1.394,291020,40837012.500
2024-10-31,1.401,1.395,1.407,1.386,148901,20771864.100
2024-11-01,1.398,1.421,1.426,1.398,250560,35491930.072
2024-11-04,1.426,1.418,1.427,1.403,159742,22518160.850
2024-11-05,1.422,1.432,1.432,1.411,418003,59486978.500
2024-11-06,1.430,1.421,1.440,1.414,388291,55526360.000
2024-11-07,1.421,1.440,1.440,1.409,397645,56613905.500
2024-11-08,1.445,1.426,1.451,1.420,496788,71399636.600
2024-11-11,1.422,1.401,1.422,1.390,241410,33762510.800
2024-11-12,1.401,1.386,1.407,1.381,288825,40303526.100
2024-11-13,1.382,1.398,1.406,1.381,306865,42929828.500
2024-11-14,1.392,1.386,1.409,1.385,203773,28515246.400
2024-11-15,1.383,1.389,1.399,1.379,170234,23661187.600
2024-11-18,1.389,1.411,1.424,1.389,511406,72184802.200
2024-11-19,1.420,1.406,1.420,1.391,315628,44223444.800
2024-11-20,1.406,1.412,1.414,1.396,264976,37260159.000
2024-11-21,1.411,1.413,1.422,1.406,184542,26117471.300
2024-11-22,1.415,1.379,1.422,1.378,140018,19598272.400
2024-11-25,1.377,1.376,1.393,1.371,175488,24236605.100
2024-11-26,1.376,1.371,1.380,1.361,96818,13288753.200
2024-11-27,1.377,1.385,1.385,1.362,104304,14325365.000
2024-11-28,1.385,1.377,1.388,1.374,113190,15619952.100
2024-11-29,1.372,1.377,1.384,1.372,142922,19707749.600
2024-12-02,1.375,1.378,1.382,1.368,354333,48793744.800
2024-12-03,1.379,1.392,1.393,1.375,223850,30981549.100
2024-12-04,1.392,1.435,1.435,1.387,484957,68713416.900
2024-12-05,1.429,1.419,1.429,1.415,202504,28756261.700
2024-12-06,1.417,1.427,1.431,1.414,493721,70404211.400
2024-12-09,1.423,1.434,1.444,1.416,214934,30782286.700
2024-12-10,1.450,1.429,1.455,1.426,339426,48787000.500
2024-12-11,1.420,1.442,1.444,1.420,379160,54296455.900
2024-12-12,1.445,1.440,1.447,1.434,140749,20249368.600
2024-12-13,1.433,1.411,1.433,1.405,169422,23999288.800
2024-12-16,1.402,1.424,1.431,1.402,216332,30784982.200
2024-12-17,1.424,1.419,1.438,1.417,161646,23039670.700
2024-12-18,1.421,1.432,1.446,1.421,237654,34223611.400
2024-12-19,1.430,1.414,1.431,1.408,150077,21280980.400
2024-12-20,1.407,1.386,1.409,1.384,171199,23801812.000
2024-12-23,1.386,1.395,1.407,1.386,151648,21179932.600
2024-12-24,1.388,1.405,1.406,1.386,128869,18052965.600
2024-12-25,1.404,1.423,1.424,1.401,227909,32313291.600
2024-12-26,1.420,1.408,1.420,1.405,156257,22015021.300
2024-12-27,1.408,1.408,1.413,1.394,185040,25951731.544
2024-12-30,1.403,1.425,1.425,1.403,178772,25401354.100
2024-12-31,1.422,1.421,1.436,1.419,217443,31065699.200
2025-01-02,1.419,1.388,1.428,1.380,361734,50910143.678
2025-01-03,1.388,1.390,1.410,1.387,191139,26751111.700
2025-01-06,1.394,1.388,1.397,1.370,195230,27033105.043
2025-01-07,1.387,1.380,1.389,1.369,156906,21583594.900
2025-01-08,1.379,1.379,1.392,1.367,156052,21524782.000
2025-01-09,1.370,1.357,1.373,1.352,168875,22918827.300
2025-01-10,1.355,1.335,1.360,1.335,241334,32362810.500
2025-01-13,1.337,1.337,1.352,1.329,158854,21256140.300
2025-01-14,1.335,1.357,1.357,1.331,283656,38125878.891
2025-01-15,1.358,1.347,1.365,1.344,137232,18541388.500
2025-01-16,1.359,1.364,1.371,1.348,168655,22997065.900
2025-01-17,1.367,1.357,1.367,1.354,120767,16406597.700
2025-01-20,1.365,1.344,1.365,1.335,163607,21987064.400
2025-01-21,1.343,1.320,1.343,1.315,203302,26847204.953
2025-01-22,1.315,1.305,1.319,1.302,180046,23505694.904
2025-01-23,1.310,1.308,1.323,1.306,173970,22814834.180
2025-01-24,1.308,1.314,1.319,1.304,151458,19873262.274
2025-01-27,1.315,1.328,1.330,1.314,219904,29155400.850
2025-02-05,1.328,1.301,1.330,1.296,187532,24396993.687
2025-02-06,1.299,1.306,1.306,1.294,127761,16598520.000
2025-02-07,1.300,1.317,1.319,1.297,182497,23939863.144
2025-02-10,1.317,1.313,1.318,1.310,121195,15920090.400
2025-02-11,1.313,1.311,1.320,1.304,156090,20439005.400
2025-02-12,1.311,1.307,1.311,1.299,161161,21004903.800
2025-02-13,1.306,1.311,1.311,1.302,189173,24724030.700
2025-02-14,1.311,1.301,1.311,1.295,239272,31085705.568
2025-02-17,1.299,1.284,1.299,1.279,235067,30187989.800
2025-02-18,1.285,1.271,1.285,1.267,188045,24001261.600
2025-02-19,1.276,1.259,1.276,1.255,271985,34242230.100
2025-02-20,1.258,1.259,1.260,1.252,194255,24401125.000
2025-02-21,1.259,1.253,1.260,1.249,192464,24119826.100
2025-02-24,1.249,1.248,1.251,1.240,192937,24022573.600
2025-02-25,1.247,1.241,1.258,1.238,242478,30253943.000
2025-02-26,1.240,1.242,1.247,1.235,218168,27044253.700
2025-02-27,1.242,1.244,1.245,1.231,246341,30485381.800
2025-02-28,1.245,1.235,1.249,1.233,345988,42994739.200
2025-03-03,1.235,1.235,1.244,1.229,197342,24357711.800
2025-03-04,1.229,1.211,1.229,1.210,281407,34159520.300
2025-03-05,1.211,1.215,1.215,1.204,171495,20726966.700
2025-03-06,1.210,1.217,1.217,1.204,156338,18943546.500
2025-03-07,1.215,1.223,1.227,1.211,205356,25106062.200
2025-03-10,1.224,1.234,1.235,1.217,342354,42134433.700
2025-03-11,1.226,1.235,1.235,1.223,171939,21133430.100
2025-03-12,1.233,1.228,1.235,1.227,156585,19240027.300
2025-03-13,1.226,1.268,1.269,1.226,600147,75339980.000
2025-03-14,1.262,1.269,1.270,1.258,387629,49031977.800
2025-03-17,1.270,1.271,1.281,1.270,215114,27408485.900
2025-03-18,1.275,1.266,1.275,1.261,222453,28119988.000
2025-03-19,1.264,1.262,1.267,1.257,186630,23572725.400
2025-03-20,1.260,1.268,1.276,1.260,212972,27051592.800
2025-03-21,1.265,1.273,1.286,1.265,288813,36915284.100
2025-03-24,1.272,1.275,1.279,1.264,235795,29925459.800
2025-03-25,1.274,1.289,1.290,1.269,253522,32504770.900
2025-03-26,1.289,1.287,1.292,1.280,135272,17396312.600
2025-03-27,1.284,1.283,1.291,1.280,179187,22997936.400
2025-03-28,1.282,1.264,1.282,1.262,237578,30131063.100
2025-03-31,1.260,1.264,1.274,1.257,181422,22978089.600
2025-04-01,1.264,1.277,1.277,1.264,159787,20361850.300
2025-04-02,1.275,1.275,1.279,1.270,178457,22744747.100
2025-04-03,1.263,1.270,1.273,1.260,190913,24191642.700
2025-04-07,1.216,1.153,1.220,1.143,362411,42929051.000
2025-04-08,1.164,1.213,1.213,1.164,288405,34467153.100
2025-04-09,1.198,1.213,1.213,1.183,270483,32437560.200
2025-04-10,1.214,1.217,1.224,1.208,174647,21281811.600
2025-04-11,1.216,1.209,1.216,1.203,136086,16441102.300
2025-04-14,1.202,1.231,1.231,1.202,154671,18902828.300
2025-04-15,1.232,1.232,1.234,1.223,133709,16423661.200
2025-04-16,1.232,1.239,1.241,1.223,170577,20952462.470
2025-04-17,1.239,1.240,1.243,1.232,134720,16691008.100
2025-04-18,1.247,1.243,1.247,1.235,183954,22819804.700
2025-04-21,1.226,1.237,1.241,1.226,154249,19063404.000
2025-04-22,1.235,1.239,1.244,1.227,135174,16745172.900
2025-04-23,1.241,1.237,1.243,1.236,145505,18034943.750
2025-04-24,1.238,1.240,1.247,1.235,160348,19925074.200
2025-04-25,1.245,1.236,1.245,1.233,136654,16891951.700
2025-04-28,1.234,1.230,1.234,1.216,154603,18986246.100
2025-04-29,1.227,1.219,1.229,1.219,130095,15905018.400
2025-04-30,1.219,1.217,1.224,1.216,118142,14407478.200
2025-05-06,1.215,1.222,1.223,1.212,168244,20490550.210
2025-05-07,1.226,1.233,1.236,1.223,164023,20139084.550
2025-05-08,1.230,1.233,1.236,1.226,151149,18620277.600
2025-05-09,1.233,1.231,1.235,1.227,139041,17120115.300
2025-05-12,1.231,1.237,1.237,1.230,122805,15140665.900
2025-05-13,1.237,1.244,1.248,1.236,191898,23849759.500
2025-05-14,1.244,1.258,1.258,1.242,183384,22949884.000
2025-05-15,1.254,1.257,1.269,1.254,193852,24422964.500
2025-05-16,1.257,1.246,1.257,1.242,152566,19003646.900
2025-05-19,1.246,1.246,1.248,1.243,123093,15332601.100
2025-05-20,1.249,1.246,1.249,1.243,112502,14021357.800
2025-05-21,1.247,1.269,1.275,1.247,183990,23317866.800
2025-05-22,1.261,1.265,1.271,1.261,137442,17415782.800
2025-05-23,1.265,1.259,1.278,1.256,165722,20991467.900
2025-05-26,1.256,1.255,1.262,1.252,149634,18782142.300
2025-05-27,1.252,1.249,1.258,1.246,117830,14718803.000
2025-05-28,1.250,1.262,1.267,1.246,168704,21283549.300
2025-05-29,1.263,1.262,1.272,1.262,156323,19786759.100
2025-05-30,1.261,1.263,1.265,1.256,141438,17853476.200
2025-06-03,1.264,1.255,1.264,1.251,185498,23268167.600
2025-06-04,1.259,1.262,1.262,1.251,130049,16335436.000
2025-06-05,1.263,1.257,1.267,1.255,157476,19808346.200
2025-06-06,1.260,1.263,1.266,1.257,124841,15762886.000
2025-06-09,1.258,1.268,1.269,1.258,114829,14532357.500
2025-06-10,1.266,1.264,1.273,1.258,143478,18199084.300
2025-06-11,1.264,1.279,1.279,1.263,167287,21304818.600
2025-06-12,1.286,1.271,1.286,1.270,160095,20381113.700
2025-06-13,1.286,1.285,1.290,1.276,234218,30044120.800
2025-06-16,1.290,1.282,1.294,1.279,182408,23421999.800
2025-06-17,1.284,1.295,1.296,1.273,208938,26887960.500
2025-06-18,1.298,1.289,1.301,1.285,159835,20639250.800
2025-06-19,1.281,1.288,1.290,1.271,343109,44016155.700
2025-06-20,1.288,1.285,1.292,1.279,149228,19150402.700
2025-06-23,1.293,1.292,1.298,1.277,197291,25368094.700
2025-06-24,1.267,1.276,1.281,1.257,365846,46465398.300
2025-06-25,1.275,1.275,1.276,1.263,204840,25990883.700
2025-06-26,1.271,1.272,1.282,1.271,167172,21338000.700
2025-06-27,1.270,1.273,1.280,1.268,202574,25773616.100
2025-06-30,1.273,1.275,1.275,1.268,192414,24467341.300
2025-07-01,1.276,1.277,1.278,1.268,183487,23396095.700
2025-07-02,1.277,1.293,1.293,1.276,202146,25999474.300
2025-07-03,1.293,1.281,1.298,1.278,171886,22051744.200
2025-07-04,1.280,1.284,1.289,1.278,196204,25194374.600
2025-07-07,1.285,1.274,1.285,1.270,200982,25595147.000
2025-07-08,1.274,1.279,1.279,1.271,113974,14546136.800
2025-07-09,1.281,1.285,1.289,1.280,130878,16816200.300
2025-07-10,1.287,1.304,1.307,1.282,249728,32423546.300
2025-07-11,1.305,1.300,1.310,1.297,212566,27671189.100
2025-07-14,1.303,1.305,1.311,1.296,140418,18315591.200
2025-07-15,1.300,1.293,1.305,1.286,149073,19284174.200
2025-07-16,1.291,1.291,1.295,1.287,84892,10956175.600
2025-07-17,1.292,1.292,1.293,1.285,114206,14716199.600
2025-07-18,1.291,1.303,1.305,1.291,180187,23431664.600
2025-07-21,1.303,1.320,1.320,1.301,290042,38106970.500
2025-07-22,1.323,1.379,1.379,1.315,607714,81646785.600
2025-07-23,1.390,1.362,1.392,1.362,363832,50021607.300
2025-07-24,1.360,1.374,1.377,1.351,313189,42732698.326
2025-07-25,1.374,1.358,1.386,1.357,211660,28920864.200
2025-07-28,1.348,1.335,1.353,1.330,185132,24744732.100
2025-07-29,1.334,1.349,1.350,1.330,327173,43898623.100
2025-07-30,1.351,1.357,1.366,1.351,298081,40512066.900
2025-07-31,1.350,1.331,1.350,1.322,240878,32083164.600
2025-08-01,1.331,1.313,1.331,1.309,188966,24882340.800
2025-08-04,1.313,1.322,1.322,1.302,555498,72919165.400
2025-08-05,1.317,1.332,1.333,1.314,169032,22376208.300
2025-08-06,1.334,1.352,1.353,1.330,616327,82380502.800
2025-08-07,1.348,1.359,1.359,1.342,289811,39172282.900
2025-08-08,1.357,1.361,1.369,1.355,332679,45297099.000
2025-08-11,1.361,1.356,1.366,1.353,219767,29863199.300
2025-08-12,1.361,1.373,1.376,1.356,194533,26658886.368
2025-08-13,1.372,1.365,1.372,1.363,151587,20711654.600
2025-08-14,1.374,1.352,1.374,1.351,176433,23982437.800
2025-08-15,1.354,1.361,1.363,1.347,193966,26299341.500
2025-08-18,1.369,1.350,1.375,1.345,443395,60009400.200
2025-08-19,1.345,1.340,1.349,1.337,144409,19368708.800
2025-08-20,1.340,1.349,1.349,1.331,124687,16726411.200
2025-08-21,1.349,1.364,1.365,1.345,166101,22577098.800
2025-08-22,1.363,1.363,1.363,1.348,268153,36331658.500
2025-08-25,1.364,1.379,1.379,1.362,315517,43255895.400
2025-08-26,1.379,1.371,1.381,1.367,190208,26150237.600
2025-08-27,1.365,1.344,1.370,1.341,254394,34465652.600
2025-08-28,1.341,1.345,1.345,1.316,637196,84581386.000
2025-08-29,1.342,1.331,1.351,1.328,335512,44943037.400
2025-09-01,1.329,1.338,1.344,1.324,218800,29194141.700
2025-09-02,1.338,1.341,1.344,1.330,248847,33284721.400
2025-09-03,1.342,1.328,1.351,1.324,169882,22667970.700
2025-09-04,1.317,1.324,1.330,1.303,224186,29469500.400
2025-09-05,1.324,1.329,1.333,1.317,239800,31753624.900
2025-09-08,1.330,1.335,1.339,1.325,172876,23071704.100
2025-09-09,1.335,1.331,1.340,1.326,140880,18782584.800
2025-09-10,1.330,1.324,1.331,1.321,145903,19321688.900
2025-09-11,1.320,1.328,1.329,1.315,156601,20693726.100
2025-09-12,1.325,1.327,1.334,1.323,264199,35113891.000
2025-09-15,1.329,1.338,1.341,1.323,186416,24841246.200
2025-09-16,1.341,1.335,1.349,1.330,183996,24625408.100
2025-09-17,1.334,1.356,1.361,1.333,275045,37161458.100
2025-09-18,1.356,1.321,1.356,1.315,449081,59663660.700
2025-09-19,1.321,1.350,1.351,1.318,411318,55079469.400
2025-09-22,1.350,1.334,1.352,1.328,250137,33408853.200
2025-09-23,1.330,1.344,1.346,1.325,246106,32909573.500
2025-09-24,1.340,1.343,1.351,1.333,136520,18303843.400
2025-09-25,1.343,1.341,1.344,1.334,191111,25578623.000
2025-09-26,1.340,1.339,1.347,1.337,189894,25494406.800
2025-09-29,1.333,1.333,1.339,1.322,211780,28091361.300
2025-09-30,1.328,1.324,1.329,1.319,167251,22124955.700
2025-10-09,1.325,1.355,1.357,1.321,324382,43498698.700
2025-10-10,1.357,1.364,1.378,1.342,288465,39361288.300
2025-10-13,1.333,1.359,1.362,1.329,427629,57809378.700
2025-10-14,1.359,1.383,1.384,1.349,370435,50837228.600
2025-10-15,1.383,1.384,1.387,1.372,360999,49834056.880
2025-10-16,1.380,1.413,1.413,1.378,311001,43608118.000
2025-10-17,1.414,1.392,1.419,1.392,264552,37210807.000
2025-10-20,1.402,1.437,1.437,1.395,507858,71640276.500
2025-10-21,1.433,1.429,1.433,1.406,392287,55692840.500
2025-10-22,1.427,1.427,1.433,1.414,262795,37481059.700
2025-10-23,1.428,1.450,1.452,1.428,439858,63558291.600
2025-10-24,1.450,1.440,1.451,1.428,446163,64060403.300
2025-10-27,1.422,1.445,1.460,1.412,585717,84551713.500
2025-10-28,1.441,1.430,1.449,1.426,268938,38583467.600
2025-10-29,1.423,1.436,1.442,1.419,304857,43654547.600
2025-10-30,1.431,1.442,1.462,1.431,480216,69584843.900
2025-10-31,1.440,1.432,1.450,1.425,374833,53643797.000
2025-11-03,1.432,1.483,1.483,1.432,916049,134900748.801
2025-11-04,1.471,1.480,1.490,1.471,448766,66495029.700
2025-11-05,1.480,1.483,1.496,1.461,281700,41662419.004
2025-11-06,1.483,1.497,1.507,1.479,267542,40038164.300
2025-11-07,1.499,1.501,1.513,1.496,1165806,175333657.224
2025-11-10,1.501,1.516,1.522,1.497,300974,45539616.200
2025-11-11,1.514,1.496,1.516,1.481,260166,38906648.700
2025-11-12,1.505,1.504,1.516,1.495,360759,54381336.800
2025-11-13,1.499,1.503,1.503,1.480,332498,49584504.600
2025-11-14,1.503,1.492,1.515,1.489,222385,33377512.300
2025-11-17,1.492,1.503,1.510,1.475,1407240,211588725.400
2025-11-18,1.503,1.479,1.503,1.473,239498,35517225.000
2025-11-19,1.475,1.511,1.515,1.475,245336,36785522.200
2025-11-20,1.501,1.487,1.513,1.483,235721,35394830.700
2025-11-21,1.473,1.462,1.487,1.457,886241,130017632.700
2025-11-24,1.462,1.439,1.468,1.428,1443372,207362459.900
2025-11-25,1.437,1.439,1.442,1.426,401223,57576310.474
2025-11-26,1.436,1.429,1.444,1.424,246268,35224364.000
2025-11-27,1.422,1.439,1.445,1.420,428572,61405043.000
2025-11-28,1.441,1.442,1.448,1.437,355901,51305601.600
2025-12-01,1.443,1.464,1.464,1.443,531720,77429977.400
2025-12-02,1.464,1.469,1.473,1.453,433988,63635761.800
2025-12-03,1.466,1.474,1.484,1.465,247932,36565931.600
2025-12-04,1.471,1.478,1.484,1.470,422858,62487713.500
2025-12-05,1.476,1.478,1.482,1.468,282834,41770321.500
2025-12-08,1.482,1.458,1.482,1.450,306826,44777924.300
2025-12-09,1.458,1.443,1.460,1.441,539141,77980241.900
2025-12-10,1.442,1.446,1.446,1.436,172839,24899487.400
2025-12-11,1.444,1.434,1.453,1.429,113099,16264442.900
2025-12-12,1.434,1.431,1.447,1.429,394602,56684974.100
2025-12-15,1.430,1.435,1.444,1.430,117938,16962769.700
2025-12-16,1.429,1.422,1.432,1.406,365361,51811049.900
2025-12-17,1.417,1.422,1.427,1.411,244971,34770235.000
2025-12-18,1.426,1.447,1.448,1.424,324004,46625889.600
2025-12-19,1.435,1.436,1.442,1.430,298141,42816026.500
2025-12-22,1.435,1.438,1.439,1.422,331078,47390622.300
2025-12-23,1.437,1.443,1.449,1.433,259718,37441949.200
2025-12-24,1.444,1.436,1.444,1.423,186254,26666261.200
2025-12-25,1.436,1.429,1.439,1.427,165287,23675509.600
2025-12-26,1.429,1.435,1.442,1.428,381384,54768449.200
2025-12-29,1.437,1.457,1.463,1.432,831769,120879439.900
2025-12-30,1.456,1.464,1.469,1.445,363849,52948940.200
2025-12-31,1.461,1.463,1.470,1.456,260846,38145487.100
2026-01-05,1.464,1.456,1.473,1.445,517189,75137983.000
2026-01-06,1.456,1.481,1.482,1.447,321641,47325252.100
2026-01-07,1.481,1.481,1.482,1.460,301809,44420753.400
2026-01-08,1.482,1.480,1.486,1.471,218501,32336809.200
2026-01-09,1.500,1.500,1.509,1.482,360394,53859015.700
2026-01-12,1.501,1.489,1.501,1.478,332772,49405059.374
2026-01-13,1.489,1.492,1.505,1.482,327991,48993418.608
2026-01-14,1.501,1.496,1.510,1.493,326404,49051962.160
2026-01-15,1.491,1.490,1.506,1.487,258459,38654482.350
2026-01-16,1.486,1.472,1.499,1.461,425942,62818993.500
2026-01-19,1.469,1.490,1.492,1.465,380841,56535625.352
2026-01-20,1.484,1.501,1.501,1.478,416160,62072286.070
2026-01-21,1.492,1.500,1.500,1.483,327558,48842402.996
2026-01-22,1.501,1.536,1.539,1.500,387418,59150464.337
2026-01-23,1.539,1.511,1.540,1.504,425583,64458483.000
2026-01-26,1.515,1.567,1.570,1.515,738117,114421472.900
2026-01-27,1.567,1.546,1.582,1.536,855489,133109206.500
2026-01-28,1.550,1.599,1.617,1.545,1357778,215517920.480
2026-01-29,1.608,1.613,1.634,1.578,1327257,212556552.100
2026-01-30,1.622,1.611,1.652,1.582,970346,156628090.000
2026-02-02,1.558,1.532,1.591,1.529,1025967,159832952.300
2026-02-03,1.522,1.538,1.548,1.517,705922,108374391.733
2026-02-04,1.559,1.620,1.620,1.541,837662,133563790.706
2026-02-05,1.600,1.576,1.604,1.557,713982,112470938.500
2026-02-06,1.563,1.589,1.595,1.544,783556,123546956.600
2026-02-09,1.585,1.601,1.604,1.583,633017,101119186.000
2026-02-10,1.601,1.618,1.620,1.594,574970,92493427.300
2026-02-11,1.613,1.639,1.642,1.602,542886,88239544.100
2026-02-12,1.650,1.660,1.667,1.636,529925,87577579.500
2026-02-13,1.645,1.612,1.645,1.603,1094507,177106980.260
2026-02-24,1.631,1.686,1.686,1.631,750931,125681745.400
2026-02-25,1.683,1.670,1.697,1.658,873625,146434747.453
2026-02-26,1.669,1.660,1.681,1.648,578471,96022758.100
2026-02-27,1.659,1.690,1.691,1.654,758794,127074189.670
2026-03-02,1.778,1.818,1.820,1.739,2861153,510174721.106
2026-03-03,1.835,1.927,1.965,1.820,3181557,604797069.728
2026-03-04,1.941,1.865,1.941,1.735,2953472,546643259.243
2026-03-05,1.819,1.840,1.878,1.794,1676877,306830190.257
2026-03-06,1.814,1.807,1.831,1.750,1112237,200041573.051
2026-03-09,1.920,1.865,1.950,1.857,2543535,483389449.700
2026-03-10,1.740,1.788,1.810,1.740,1296974,231015609.600
2026-03-11,1.760,1.808,1.814,1.745,1816418,324609410.800
2026-03-12,1.824,1.853,1.864,1.801,1471677,271111255.900
2026-03-13,1.863,1.822,1.871,1.813,1052275,193140738.600
2026-03-16,1.822,1.797,1.838,1.788,1899605,342889780.900
2026-03-17,1.774,1.763,1.792,1.750,646897,114581624.700
2026-03-18,1.746,1.752,1.770,1.719,1069895,185935376.600
2026-03-19,1.779,1.805,1.805,1.776,1061291,190065226.400
2026-03-20,1.764,1.786,1.798,1.738,650194,115755588.700
2026-03-23,1.806,1.786,1.813,1.774,1220390,218703460.160
2026-03-24,1.748,1.767,1.775,1.746,1120250,196940116.700
2026-03-25,1.732,1.733,1.735,1.710,875303,150610439.900
2026-03-26,1.733,1.750,1.755,1.728,817150,142613022.100
2026-03-27,1.749,1.753,1.759,1.732,529697,92351633.300
2026-03-30,1.760,1.758,1.774,1.740,570080,100258222.900
2026-03-31,1.757,1.714,1.774,1.712,576496,99922705.900
2026-04-01,1.705,1.707,1.741,1.696,603168,103749234.300
2026-04-02,1.721,1.745,1.753,1.717,935668,163231509.400
2026-04-03,1.747,1.729,1.747,1.715,692646,119653788.600
2026-04-07,1.728,1.754,1.757,1.711,892354,155535028.300
2026-04-08,1.687,1.715,1.720,1.670,1363107,231418129.185
2026-04-09,1.716,1.718,1.729,1.703,1025103,175606891.850
2026-04-10,1.714,1.721,1.729,1.703,1006409,173233191.900
2026-04-13,1.738,1.727,1.741,1.707,773221,133188426.484
2026-04-14,1.718,1.700,1.718,1.691,1288886,218504785.464
2026-04-15,1.688,1.691,1.694,1.668,434931,73238369.000
2026-04-16,1.689,1.695,1.695,1.680,567518,95920131.800
2026-04-17,1.696,1.686,1.704,1.681,302287,51038048.500
2026-04-20,1.686,1.676,1.688,1.667,726721,121615561.600
2026-04-21,1.675,1.697,1.701,1.669,704497,119284957.100
2026-04-22,1.700,1.700,1.714,1.695,555769,94575649.200
2026-04-23,1.700,1.758,1.758,1.700,1479426,257041836.500
2026-04-24,1.757,1.747,1.761,1.737,637938,111446816.200
2026-04-27,1.733,1.745,1.754,1.727,828173,144537799.200
2026-04-28,1.739,1.781,1.783,1.737,1422235,251328047.000
2026-04-29,1.779,1.801,1.813,1.774,817116,146982876.900
2026-04-30,1.804,1.814,1.821,1.781,1026722,185275840.445
2026-05-06,1.795,1.810,1.810,1.780,634073,113859407.200
2026-05-07,1.785,1.728,1.785,1.724,927587,161358052.910
2026-05-08,1.730,1.710,1.733,1.706,821562,140594167.700
2026-05-11,1.716,1.710,1.725,1.703,1128891,193135278.185
2026-05-12,1.711,1.701,1.716,1.698,556932,94819041.510
2026-05-13,1.705,1.697,1.710,1.690,349964,59445348.600
2026-05-14,1.697,1.678,1.698,1.675,422867,71249433.300
2026-05-15,1.677,1.700,1.712,1.675,462809,78488528.200
2026-05-18,1.709,1.724,1.726,1.695,628117,107770555.400
2026-05-19,1.720,1.720,1.723,1.707,324295,55640652.800
2026-05-20,1.721,1.713,1.734,1.709,372565,64059211.300
2026-05-21,1.687,1.661,1.713,1.658,403344,67753477.800
2026-05-22,1.651,1.648,1.667,1.638,419753,69211589.300
2026-05-25,1.658,1.651,1.690,1.651,1915988,318887070.400
2026-05-26,1.643,1.652,1.663,1.637,1157500,190597471.000
2026-05-27,1.649,1.668,1.675,1.632,1127350,186634969.800
2026-05-28,1.659,1.689,1.703,1.657,1178389,198457013.800
2026-05-29,1.670,1.706,1.708,1.668,568160,96333096.900
