trade_date,strategy_return,benchmark_return,excess_return,strategy_nav,benchmark_nav,excess_nav,portfolio_value,cash,invested_value,cash_weight,selected_count,holding_count,buy_turnover,sell_turnover,commission,dividend_cash,corporate_action_share_value,benchmark_constituent_count,rebalance
2021-10-08,0.0,0.0,0.0,1.0,1.0,1.0,2000000.0,2000000.0,0,1.0,0,0,0.0,0.0,0.0,0.0,0.0,0,0
2021-10-11,-0.008536644150000106,-0.015819417688734034,0.007282773538733928,0.9914633558499999,0.9841805823112659,1.007282773538734,1982926.7116999999,88465.71169999977,1894461.0,0.04461370719251468,28,27,1910961.0,0.0,573.2882999999999,0.0,0.0,201,1
2021-10-12,-0.019730935979200837,-0.01515995785052897,-0.004570978128671866,0.97190085585,0.9692604461661182,1.0026785060115004,1943801.7116999999,88465.71169999977,1855336.0,0.045511695543590136,0,27,0.0,0.0,0.0,0.0,0.0,201,0
2021-10-13,-0.017333043693296135,-0.030525850683934624,0.01319280699063849,0.95505485585,0.9396729465126074,1.0159066500149718,1910109.7116999999,88465.71169999977,1821644.0,0.046314466210040456,0,27,0.0,0.0,0.0,0.0,0.0,201,0
2021-10-14,-0.0015433668453401772,-0.004030917484482752,0.0024875506391425746,0.95358085585,0.9358852024028144,1.0184337692515257,1907161.7116999999,88465.71169999977,1818696.0,0.04638605691236507,0,27,0.0,0.0,0.0,0.0,0.0,201,0
2021-10-15,-0.01028177101066119,-0.011212178000039937,0.0009304069893787473,0.94377635585,0.9253918909258706,1.0193813271486567,1887552.7116999999,88465.71169999977,1799087.0,0.046867942363487305,0,27,0.0,0.0,0.0,0.0,0.0,201,0
2021-10-18,0.015948693678009773,0.019668993343306046,-0.0037202996652962728,0.9588283558499999,0.943593417868441,1.0155889231384563,1917656.7116999999,88465.71169999977,1829191.0,0.04613219413060383,0,27,0.0,0.0,0.0,0.0,0.0,201,0
2021-10-19,0.001187908130846127,0.003324494570527402,-0.002136586439681275,0.9599673558499999,0.94673038906293,1.013419029616988,1919934.7116999999,88465.71169999977,1831469.0,0.04607745834318923,0,27,0.0,0.0,0.0,0.0,0.0,201,0
2021-10-20,0.0022302841726364875,0.007798603562473192,-0.005568319389836704,0.9621083558499999,0.9541135640477776,1.0077759887843423,1924216.7116999999,88465.71169999977,1835751.0,0.04597492120408954,0,27,0.0,0.0,0.0,0.0,0.0,201,0
2021-10-21,-0.004609667895547731,-0.004530224056215051,-7.944383933267997e-05,0.9576733558499999,0.9497912158275672,1.0076959271906059,1915346.7116999999,88465.71169999977,1826881.0,0.046187831769361726,0,27,0.0,0.0,0.0,0.0,0.0,201,0
2021-10-22,-0.014046020929611047,-0.02106928706456589,0.007023266134954843,0.94422185585,0.9297797920498931,1.0147732438703754,1888443.7116999999,88465.71169999977,1799978.0,0.04684582926772112,0,27,0.0,0.0,0.0,0.0,0.0,201,0
2021-10-25,0.004558780305000454,0.012601213326828474,-0.00804243302182802,0.9485263558499999,0.9414961455564881,1.0066119980242048,1897052.7116999999,88465.71169999977,1808587.0,0.046633238578132744,0,27,0.0,0.0,0.0,0.0,0.0,201,0
2021-10-26,-0.0020510763754757466,0.0006140746918744854,-0.002665151067350232,0.9465808558499998,0.9420742945119718,1.003929224983263,1893161.7116999999,88465.71169999977,1804696.0,0.04672908349734177,0,27,0.0,0.0,0.0,0.0,0.0,201,0
2021-10-27,-0.004068854737761862,0.0011461862058039145,-0.0052150409435657765,0.94272935585,0.9431540870731839,0.998693692970533,1885458.7116999999,88465.71169999977,1796993.0,0.04691999413778506,0,27,0.0,0.0,0.0,0.0,0.0,201,0
2021-10-28,-0.011493224362607024,-0.014737242855207808,0.0032440184926007844,0.9318943558499999,0.9292545962421046,1.0019334737789731,1863788.7116999999,88465.71169999977,1775323.0,0.04746552607849437,0,27,0.0,0.0,0.0,0.0,0.0,201,0
2021-10-29,-0.0005735628686284189,-0.00047367814790780764,-9.988472072061124e-05,0.9313598558499999,0.9288144286460218,1.001833395933764,1862719.7116999999,88465.71169999977,1774254.0,0.04749276616569546,0,27,0.0,0.0,0.0,0.0,0.0,201,0
2021-11-01,-0.00024695073397817957,0.0031734994339729285,-0.003420450167951108,0.93112985585,0.9317620207095959,0.9984066747263833,1862259.7116999999,88465.71169999977,1773794.0,0.0475044974362046,0,27,0.0,0.0,0.0,0.0,0.0,201,0
2021-11-02,-0.017596901116485708,-0.027143127939151687,0.009546226822665978,0.9147448558499999,0.9064710849726328,1.0079376913045852,1829489.7116999999,88465.71169999977,1741024.0,0.048355402675533815,0,27,0.0,0.0,0.0,0.0,0.0,201,0
2021-11-03,0.004477204735078066,0.006839861107437159,-0.0023626563723590926,0.9188403558499998,0.9126712212917535,1.0055562808952836,1837680.7116999999,88465.71169999977,1749215.0,0.04813987061885304,0,27,0.0,0.0,0.0,0.0,0.0,201,0
2021-11-04,0.002164140905805745,0.008977997036133455,-0.0068138561303277105,0.9208288558499998,0.9208651808114752,0.9987045650663158,1841657.7116999999,88465.71169999977,1753192.0,0.04803591413213192,0,27,0.0,0.0,0.0,0.0,0.0,201,0
2021-11-05,-0.013381422532231402,-0.018926218769110128,0.005544796236878726,0.9085068558499998,0.903436684942581,1.004242178380449,1817013.7116999999,88465.71169999977,1728548.0,0.048687421085684135,0,27,0.0,0.0,0.0,0.0,0.0,201,0
2021-11-08,0.0024727386321132805,0.002768557728614336,-0.0002958190965010555,0.9107533558499998,0.9059379015589925,1.0039451043665721,1821506.7116999999,88465.71169999977,1733041.0,0.04856732678049554,0,27,0.0,0.0,0.0,0.0,0.0,201,0
2021-11-09,0.00467909338200867,0.004067412490189416,0.0006116808918192537,0.9150148558499998,0.9096227246951295,1.0045591984033486,1830029.7116999999,88465.71169999977,1741564.0,0.04834113409985013,0,27,0.0,0.0,0.0,0.0,0.0,201,0
2021-11-10,-0.005289531606023967,-0.00483677927529244,-0.0004527523307315271,0.9101748558499997,0.9052230803519891,1.0041043818849138,1820349.7116999999,88465.71169999977,1731884.0,0.048598195792490244,0,27,0.0,0.0,0.0,0.0,0.0,201,0
2021-11-11,0.008448376650461276,0.0042721923250942035,0.004176184325367072,0.9178643558499998,0.9090903674483669,1.008297706865574,1835728.7116999999,88465.71169999977,1747263.0,0.048191059570057586,0,27,0.0,0.0,0.0,0.0,0.0,201,0
2021-11-12,-0.0030968628227944217,0.0005498743596420955,-0.003646737182436517,0.9150218558499998,0.9095902529320244,1.004620710126982,1830043.7116999999,88465.71169999977,1741578.0,0.048340764285799746,0,27,0.0,0.0,0.0,0.0,0.0,201,0
2021-11-15,0.003935971558465479,0.010570161813108363,-0.006634190254642885,0.9186233558499998,0.9192047690891422,0.9979558652022451,1837246.7116999999,88465.71169999977,1748781.0,0.048151242365344966,0,27,0.0,0.0,0.0,0.0,0.0,201,0
2021-11-16,-0.006167380748508977,-0.005110444474133944,-0.0010569362743750327,0.9129578558499998,0.914507224156353,0.9969010894480875,1825915.7116999999,88465.71169999977,1737450.0,0.048450052285072175,0,27,0.0,0.0,0.0,0.0,0.0,201,0
2021-11-17,0.0019513496582395096,0.007148719850035481,-0.005197370191795971,0.9147393558499998,0.9210447801026804,0.9917198254416211,1829478.7116999999,88465.71169999977,1741013.0,0.048355693419244596,0,27,0.0,0.0,0.0,0.0,0.0,201,0
2021-11-18,0.000132278117505491,-0.0008630908768787167,0.0009953689943842077,0.9148603558499998,0.920249834755777,0.9927069526069818,1829720.7116999999,88465.71169999977,1741255.0,0.048349297865140285,0,27,0.0,0.0,0.0,0.0,0.0,201,0
2021-11-19,0.007215308825866629,0.009920705458225664,-0.0027053966323590355,0.9214613558499998,0.92937936231437,0.9900212865604795,1842922.7116999999,88465.71169999977,1754457.0,0.04800294181539212,0,27,0.0,0.0,0.0,0.0,0.0,201,0
2021-11-22,-0.0007851658622543001,0.0015471075948829307,-0.002332273457137231,0.9207378558499998,0.9308172121843341,0.9877122861918336,1841475.7116999999,88465.71169999977,1753010.0,0.048040661702961396,0,27,0.0,0.0,0.0,0.0,0.0,201,0
2021-11-23,0.00609836987186374,0.0008679915826532719,0.005230378289210468,0.9263528558499998,0.9316251536894989,0.9928783950895178,1852705.7116999999,88465.71169999977,1764240.0,0.04774946778721035,0,27,0.0,0.0,0.0,0.0,0.0,201,0
2021-11-24,0.0022831472765951766,0.005956406548612456,-0.0036732592720172793,0.9284678558499999,0.9371742918557872,0.9892312953187696,1856935.7116999999,88465.71169999977,1768470.0,0.04764069705946394,0,27,0.0,0.0,0.0,0.0,0.0,201,0
2021-11-25,0.0018525143214842554,-0.0004896684338851197,0.002342182755369375,0.9301878558499999,0.9367153871880167,0.9915482557997369,1860375.7116999999,88465.71169999977,1771910.0,0.047552605177349015,0,27,0.0,0.0,0.0,0.0,0.0,201,0
2021-11-26,0.0002886513711304328,-0.003794922836830173,0.004083574207960606,0.9304563558499999,0.9331606245735667,0.9955973166830691,1860912.7116999999,88465.71169999977,1772447.0,0.04753888301358513,0,27,0.0,0.0,0.0,0.0,0.0,201,0
2021-11-29,-0.0035665294552891247,-0.0021358904663223324,-0.0014306389889667923,0.9271378558499999,0.9311674956919926,0.9941729763445115,1854275.7116999999,88465.71169999977,1765810.0,0.04770903870541151,0,27,0.0,0.0,0.0,0.0,0.0,201,0
2021-11-30,0.0014690372002459373,0.0011432217211657554,0.0003258154790801819,0.9284998558499997,0.9322320265991113,0.9944968932890877,1856999.7116999999,88465.71169999977,1768534.0,0.04763905516119514,0,27,0.0,0.0,0.0,0.0,0.0,201,0
2021-12-01,0.013982231573008708,0.014990098416368641,-0.0010078668433599336,0.9414823558499996,0.9462062764247228,0.9934945728445171,1882964.7116999999,88465.71169999977,1794499.0,0.04698213999992073,0,27,0.0,0.0,0.0,0.0,0.0,201,0
2021-12-02,-0.0018630195129004656,-0.005882394888722134,0.0040193753758216684,0.9397283558499996,0.9406403174606052,0.997487800466621,1879456.7116999999,88465.71169999977,1790991.0,0.04706983201543443,0,27,0.0,0.0,0.0,0.0,0.0,201,0
2021-12-03,0.019780716293472222,0.01802829877157058,0.0017524175219016426,0.9583168558499995,0.9575984621403699,0.9992358155660419,1916633.7116999999,88465.71169999977,1828168.0,0.0461568171111491,0,27,0.0,0.0,0.0,0.0,0.0,201,0
2021-12-06,-0.0025435219939212717,-0.0009369378294161795,-0.0016065841645050922,0.9558793558499995,0.9567012519157999,0.9976304591281472,1911758.7116999999,88465.71169999977,1823293.0,0.04627451736382208,0,27,0.0,0.0,0.0,0.0,0.0,201,0
2021-12-07,0.00252019251724267,0.008300669019150868,-0.005780476501908199,0.9582883558499994,0.9646425123581603,0.9918636797015691,1916576.7116999999,88465.71169999977,1828111.0,0.0461581898391799,0,27,0.0,0.0,0.0,0.0,0.0,201,0
2021-12-08,0.005145111040848027,0.004841720625130302,0.0003033904157177256,0.9632188558499993,0.9693130419061224,0.992164601635689,1926437.7116999999,88465.71169999977,1837972.0,0.04592191647968338,0,27,0.0,0.0,0.0,0.0,0.0,201,0
2021-12-09,0.0066547700567420875,0.006710577359689639,-5.5807302947551325e-05,0.9696288558499992,0.9758176920595896,0.9921092316051917,1939257.7116999999,88465.71169999977,1850792.0,0.045618336936996684,0,27,0.0,0.0,0.0,0.0,0.0,201,0
2021-12-10,0.0006920173589632928,-0.004830265038959758,0.005522282397923051,0.9702998558499991,0.9711042339772357,0.9975879389517021,1940599.7116999999,88465.71169999977,1852134.0,0.045586790086917114,0,27,0.0,0.0,0.0,0.0,0.0,201,0
2021-12-13,0.00522312764393873,0.003735919537153962,0.001487208106784768,0.975367855849999,0.9747322012575642,0.9990715598217417,1950735.7116999999,88465.71169999977,1862270.0,0.04534992165745759,0,27,0.0,0.0,0.0,0.0,0.0,201,0
2021-12-14,-0.004635686908155967,-0.0004825823798594612,-0.004153104528296506,0.970846355849999,0.9742618126721557,0.9949223112025537,1941692.7116999999,88465.71169999977,1853227.0,0.04556112878569022,0,27,0.0,0.0,0.0,0.0,0.0,201,0
2021-12-15,0.011298389218751703,0.02016260751065019,-0.008864218291898488,0.981815355849999,0.993905471213679,0.9861031026525741,1963630.7116999999,88465.71169999977,1875165.0,0.045052112483722144,0,27,0.0,0.0,0.0,0.0,0.0,201,0
2021-12-16,0.0034420932407135396,0.008606837112984921,-0.005164743872271381,0.9851948558499991,1.0024598537101195,0.9810101326957213,1970389.7116999999,88465.71169999977,1881924.0,0.04489757085854549,0,27,0.0,0.0,0.0,0.0,0.0,201,0
2021-12-17,0.00046539016853119897,0.0019579316400464746,-0.0014925414715152756,0.9856533558499992,1.0044226015755748,0.9795459343886963,1971306.7116999999,88465.71169999977,1882841.0,0.044876685690229,0,27,0.0,0.0,0.0,0.0,0.0,201,0
2021-12-20,-0.00041546046342721965,-0.01419869724467732,0.0137832367812501,0.9852438558499992,0.990161109150092,0.9930472479404865,1970487.7116999999,88465.71169999977,1882022.0,0.04489533792813034,0,27,0.0,0.0,0.0,0.0,0.0,201,0
2021-12-21,0.014542592592611259,0.012146737932591242,0.002395854660020017,0.9995718558499992,1.002188336653982,0.9954264448170848,1999143.7116999999,88465.71169999977,1910678.0,0.04425180200015321,0,27,0.0,0.0,0.0,0.0,0.0,201,0
2021-12-22,-0.004470914195758069,-0.005059402652753552,0.000588488456995483,0.9951028558499992,0.9971178623249564,0.9960122417896478,1990205.7116999999,88465.71169999977,1901740.0,0.04445053653495641,0,27,0.0,0.0,0.0,0.0,0.0,201,0
2021-12-23,-0.00022259005558855627,0.007861833968086493,-0.00808442402367505,0.9948813558499993,1.0049570374051684,0.9879600564942491,1989762.7116999999,88465.71169999977,1901297.0,0.04446043298520608,0,27,0.0,0.0,0.0,0.0,0.0,201,0
2021-12-24,-0.004041687962445084,-0.008750234181853674,0.0047085462194085895,0.9908603558499993,0.9961634279851712,0.9926119120831818,1981720.7116999999,88465.71169999977,1893255.0,0.04464085740119773,0,27,0.0,0.0,0.0,0.0,0.0,201,0
2021-12-27,0.007796759608343251,0.0057139785672489455,0.0020827810410943056,0.9985858558499993,1.0018554844621557,0.9946793053548331,1997171.7116999999,88465.71169999977,1908706.0,0.04429549606663386,0,27,0.0,0.0,0.0,0.0,0.0,201,0
2021-12-28,-5.708072036680889e-05,-0.01287864033348026,0.01282155961311345,0.9985288558499993,0.9889529480116429,1.0074326453643703,1997057.7116999999,88465.71169999977,1908592.0,0.04429802462979056,0,27,0.0,0.0,0.0,0.0,0.0,201,0
2021-12-29,-0.0012508401661930346,-0.007306202771404495,0.006055362605211461,0.9972798558499993,0.9817274572420917,1.013533015332379,1994559.7116999999,88465.71169999977,1906094.0,0.04435350377382225,0,27,0.0,0.0,0.0,0.0,0.0,201,0
2021-12-30,0.007591650383379278,0.005198495469954224,0.002393154913425054,1.0048508558499993,0.9868309629812944,1.0159585568479401,2009701.7116999999,88465.71169999977,1921236.0,0.04401932445246659,0,27,0.0,0.0,0.0,0.0,0.0,201,0
2021-12-31,-0.0012066467306477424,0.00587014481743243,-0.007076791548080172,1.0036383558499993,0.992623803644321,1.008768829919639,2007276.7116999999,88465.71169999977,1918811.0,0.044072504395807253,0,27,0.0,0.0,0.0,0.0,0.0,201,0
2022-01-04,0.008222085128473555,0.008840707880626844,-0.0006186227521532885,1.0118903558499992,1.0013993007276971,1.0081447825697876,2023780.7116999999,88465.71169999977,1935315.0,0.043713091635154244,0,27,0.0,0.0,0.0,0.0,0.0,201,0
2022-01-05,-0.004109003189883609,-0.012771267461006071,0.008662264271122462,1.007732495149999,0.9886101624228392,1.0168775990999603,2015464.9902999997,16768.990299999656,1998696.0,0.008320159556581337,28,28,616245.0,544976.0,427.72139999999996,0.0,0.0,201,1
2022-01-06,0.003150637709194326,0.003707399908806234,-0.0005567621996119079,1.0109074951499992,0.9922753356488505,1.0163114400911495,2021814.9902999997,16768.990299999656,2005046.0,0.008294028078954668,0,28,0.0,0.0,0.0,0.0,0.0,201,0
2022-01-07,-0.0037520742681180774,-0.006467263949894922,0.002715189681776845,1.0071144951499993,0.9858580291422387,1.0190709184267566,2014228.9902999997,16768.990299999656,1997460.0,0.008325265091881176,0,28,0.0,0.0,0.0,0.0,0.0,201,0
2022-01-10,0.0009288914065930243,0.002625565201260265,-0.0016966737946672405,1.0080499951499995,0.9884464636769377,1.0173418875045543,2016099.9902999997,16768.990299999656,1999331.0,0.008317539001378793,0,28,0.0,0.0,0.0,0.0,0.0,201,0
2022-01-11,0.003988889459199507,0.0037658097670174853,0.00022307969218202193,1.0120709951499995,0.9921687650240262,1.0175688358196628,2024141.9902999997,16768.990299999656,2007373.0,0.008284493074279987,0,28,0.0,0.0,0.0,0.0,0.0,201,0
2022-01-12,-0.002482039315460982,0.0028184764270990973,-0.00530051574256008,1.0095589951499995,0.9949651692999504,1.0121751961862622,2019117.9902999997,16768.990299999656,2002349.0,0.008305106675567843,0,28,0.0,0.0,0.0,0.0,0.0,201,0
2022-01-13,-0.0007770719727809849,-0.0035933616763953505,0.0028162897036143656,1.0087744951499995,0.9913898995912397,1.0150257747695355,2017548.9902999997,16768.990299999656,2000780.0,0.008311565360059083,0,28,0.0,0.0,0.0,0.0,0.0,201,0
2022-01-14,-0.01826374485931115,-0.01937065800391524,0.0011069131446040902,0.9903504951499995,0.9721860248977219,1.0161493201417398,1980700.9902999997,16768.990299999656,1963932.0,0.00846618968845964,0,28,0.0,0.0,0.0,0.0,0.0,201,0
2022-01-17,0.0016761742515700728,0.002189809080639022,-0.0005136348290689491,0.9920104951499996,0.9743149266831131,1.0156273904593802,1984020.9902999997,16768.990299999656,1967252.0,0.008452022625760653,0,28,0.0,0.0,0.0,0.0,0.0,201,0
2022-01-18,0.0009132967891261057,0.005431100371744718,-0.004517803582618612,0.9929164951499995,0.9796065288436182,1.0110389853961572,1985832.9902999997,16768.990299999656,1969064.0,0.00844431046412738,0,28,0.0,0.0,0.0,0.0,0.0,202,0
2022-01-19,0.005898280498517927,0.00132638362659521,0.004571896871922717,0.9987729951499995,0.9809058629039823,1.0156613513708816,1997545.9902999997,16768.990299999656,1980777.0,0.008394795604921826,0,28,0.0,0.0,0.0,0.0,0.0,202,0
2022-01-20,-0.0044429515230671734,-0.008756515087661823,0.00431356356459465,0.9943354951499994,0.9723165459158876,1.020042471170122,1988670.9902999997,16768.990299999656,1971902.0,0.008432259726114867,0,28,0.0,0.0,0.0,0.0,0.0,202,0
2022-01-21,-0.006626536045568843,-0.010148149182594112,0.0035216131370252694,0.9877464951499993,0.9624493325552286,1.0236346661369182,1975492.9902999997,16768.990299999656,1958724.0,0.008488509137890236,0,28,0.0,0.0,0.0,0.0,0.0,202,0
2022-01-24,-0.005399158616290589,-0.007551781357908499,0.00215262274161791,0.9824134951499994,0.9551811256277065,1.025838165398353,1964826.9902999997,16768.990299999656,1948058.0,0.008534588736201797,0,28,0.0,0.0,0.0,0.0,0.0,202,0
2022-01-25,-0.024891250090438022,-0.033656257912277596,0.008765007821839574,0.9579599951499995,0.9230333033106408,1.0348296449420111,1915919.9902999997,16768.990299999656,1899151.0,0.008752448111037207,0,28,0.0,0.0,0.0,0.0,0.0,202,0
2022-01-26,0.007891770051228653,0.009490212025547621,-0.0015984419743189683,0.9655199951499994,0.9317930850657004,1.0331755298012661,1931039.9902999997,16768.990299999656,1914271.0,0.008683916637787746,0,28,0.0,0.0,0.0,0.0,0.0,202,0
2022-01-27,-0.008505779311928308,-0.017001136545757908,0.0084953572338296,0.9573074951499995,0.9159515435941055,1.041952725012179,1914614.9902999997,16768.990299999656,1897846.0,0.008758413772458834,0,28,0.0,0.0,0.0,0.0,0.0,202,0
2022-01-28,0.007678306121324363,0.005576100371482473,0.00210220574984189,0.9646579951499994,0.9210589813366005,1.044143124021763,1929315.9902999997,16768.990299999656,1912547.0,0.008691676420197064,0,28,0.0,0.0,0.0,0.0,0.0,202,0
2022-02-07,0.027576094464301315,0.026769132444052022,0.0008069620202492932,0.9912594951499993,0.9457149311967835,1.044985707866553,1982518.9902999997,16768.990299999656,1965750.0,0.008458426064035901,0,28,0.0,0.0,0.0,0.0,0.0,202,0
2022-02-08,0.029172482222350915,0.025401272754246026,0.0037712094681048892,1.0201769951499993,0.969737294111876,1.0489265678620936,2040353.9902999997,16768.990299999656,2023585.0,0.008218667142917715,0,28,0.0,0.0,0.0,0.0,0.0,202,0
2022-02-09,-0.002753443778240605,0.007329311572575268,-0.010082755350815873,1.0173679951499992,0.976844800883968,1.0383504978973692,2034735.9902999997,16768.990299999656,2017967.0,0.008241359262302747,0,28,0.0,0.0,0.0,0.0,0.0,202,0
2022-02-10,0.009374189128678045,0.007216075880310417,0.0021581132483676282,1.0269049951499993,0.9838937870904334,1.0405913758633307,2053809.9902999997,16768.990299999656,2037041.0,0.00816482068896267,0,28,0.0,0.0,0.0,0.0,0.0,202,0
2022-02-11,-0.0071155560003217655,-0.010064196149043806,0.0029486401487220405,1.0195979951499994,0.9739916870273296,1.043659705372615,2039195.9902999997,16768.990299999656,2022427.0,0.00822333428457392,0,28,0.0,0.0,0.0,0.0,0.0,202,0
2022-02-14,-0.008839758456639646,-0.013063020294480657,0.004223261837841011,1.0105849951499994,0.9612684138530362,1.0480673535780076,2021169.9902999997,16768.990299999656,2004401.0,0.008296674886564418,0,28,0.0,0.0,0.0,0.0,0.0,202,0
2022-02-15,-0.003978883537057776,-0.0036773698248527627,-0.00030151371220501306,1.0065639951499994,0.957733474394349,1.0477513468995894,2013127.9902999997,16768.990299999656,1996359.0,0.008329818263319022,0,28,0.0,0.0,0.0,0.0,0.0,202,0
2022-02-16,0.012627612413362632,0.010609519958300123,0.0020180924550625094,1.0192744951499995,0.9678945668056679,1.049865805987549,2038548.9902999997,16768.990299999656,2021780.0,0.008225944227875473,0,28,0.0,0.0,0.0,0.0,0.0,202,0
2022-02-17,-0.003961150817774373,-0.0002736214124938807,-0.003687529405280492,1.0152369951499995,0.9676297301271534,1.0459943949563715,2030473.9902999997,16768.990299999656,2013705.0,0.008258658017836545,0,28,0.0,0.0,0.0,0.0,0.0,202,0
2022-02-18,0.01303488748264603,0.008312259927791842,0.004722627554854187,1.0284704951499994,0.9756729199578293,1.0509342369082155,2056940.9902999997,16768.990299999656,2040172.0,0.008152392498899028,0,28,0.0,0.0,0.0,0.0,0.0,202,0
2022-02-21,0.0003354495842389227,0.004077966236323402,-0.0037425166520844797,1.0288154951499995,0.9796516811831125,1.047001098026341,2057630.9902999997,16768.990299999656,2040862.0,0.008149658699276667,0,28,0.0,0.0,0.0,0.0,0.0,202,0
2022-02-22,-0.00954349934102472,-0.007594726251776257,-0.001948773089248462,1.0189969951499995,0.9722114948424344,1.0449607304620936,2037993.9902999997,16768.990299999656,2021225.0,0.00822818437140298,0,28,0.0,0.0,0.0,0.0,0.0,202,0
2022-02-23,-0.0034038373189603233,0.0012035476581863432,-0.0046073849771466665,1.0155284951499994,0.973381597710314,1.0401461940908543,2031056.9902999997,16768.990299999656,2014288.0,0.008256287430675578,0,28,0.0,0.0,0.0,0.0,0.0,202,0
2022-02-24,-0.017623828465154423,-0.0110939323259415,-0.006529896139212923,0.9976309951499994,0.9625829681379989,1.0333541474738435,1995261.9902999997,16768.990299999656,1978493.0,0.00840440522674335,0,28,0.0,0.0,0.0,0.0,0.0,202,0
2022-02-25,0.013195760821385294,0.015588440432868878,-0.0023926796114835842,1.0107954951499993,0.9775881353985122,1.0308816620737409,2021590.9902999997,16768.990299999656,2004822.0,0.00829494708893176,0,28,0.0,0.0,0.0,0.0,0.0,202,0
2022-02-28,0.0031331758156778466,1.3055475258044131e-05,0.0031201203404198027,1.0139624951499995,0.9776008982762264,1.034098136916143,2027924.9902999997,16768.990299999656,2011156.0,0.008269038736742894,0,28,0.0,0.0,0.0,0.0,0.0,202,0
2022-03-01,0.007553533820663594,0.005405941633324501,0.0021475921873390924,1.0216214951499993,0.9828857516729933,1.036318957995926,2043242.9902999997,16768.990299999656,2026474.0,0.00820704653318671,0,28,0.0,0.0,0.0,0.0,0.0,202,0
2022-03-02,0.010948281778622615,0.007108028018270385,0.00384025376035223,1.0328064951499993,0.9898721311346438,1.0402986857712941,2065612.9902999997,16768.990299999656,2048844.0,0.008118166558181941,0,28,0.0,0.0,0.0,0.0,0.0,202,0
2022-03-03,0.027999920736168527,0.01757016003671892,0.010429760699449606,1.0617249951499994,1.0072643428945673,1.0511487521198408,2123449.9902999997,16768.990299999656,2106681.0,0.007897049790012028,0,28,0.0,0.0,0.0,0.0,0.0,202,0
2022-03-04,-0.01867338537810259,-0.013372221711425488,-0.0053011636666771035,1.0418989951499993,0.9937949807793679,1.0455764405468302,2083797.9902999997,16768.990299999656,2067029.0,0.008047320507102256,0,28,0.0,0.0,0.0,0.0,0.0,202,0
2022-03-07,-0.013302633042663214,-0.014012089560087544,0.0007094565174243297,1.0280389951499993,0.9798698365043219,1.0463182315670416,2056077.9902999997,16768.990299999656,2039309.0,0.008155814312059686,0,28,0.0,0.0,0.0,0.0,0.0,202,0
2022-03-08,-0.02931454948905199,-0.03588574243650103,0.006571192947449039,0.9979024951499994,0.9447064799302315,1.0531937905511022,1995804.9902999997,16768.990299999656,1979036.0,0.00840211863458615,0,28,0.0,0.0,0.0,0.0,0.0,202,0
2022-03-09,-0.0051427870207184645,-0.004660543921417761,-0.00048224309930070333,0.9927704951499994,0.9403036338876687,1.0526858951133826,1985540.9902999997,16768.990299999656,1968772.0,0.008445552311395994,0,28,0.0,0.0,0.0,0.0,0.0,202,0
2022-03-10,0.011702604032611363,0.017609096795808764,-0.0059064927631974,1.0043884951499993,0.9568615315942472,1.0464682134919754,2008776.9902999997,16768.990299999656,1992008.0,0.00834786060422531,0,28,0.0,0.0,0.0,0.0,0.0,202,0
2022-03-11,0.005038886869412229,-0.0021678109851095023,0.007206697854521731,1.0094494951499993,0.9547872366548285,1.0540097937209731,2018898.9902999997,16768.990299999656,2002130.0,0.008306007571734858,0,28,0.0,0.0,0.0,0.0,0.0,202,0
2022-03-14,-0.02264353007240194,-0.03054972468277112,0.00790619461036918,0.9865919951499993,0.9256187494443996,1.062343000271366,1973183.9902999997,16768.990299999656,1956415.0,0.008498442305651449,0,28,0.0,0.0,0.0,0.0,0.0,202,0
2022-03-15,-0.04989701947917735,-0.05622094912758391,0.006323929648406557,0.9373639951499994,0.8735795848203481,1.0690611826675593,1874727.9902999997,16768.990299999656,1857959.0,0.008944759125997917,0,28,0.0,0.0,0.0,0.0,0.0,202,0
2022-03-16,0.025059102036707914,0.029197887577602055,-0.004138785540894141,0.9608534951499994,0.8990862633280209,1.0646365677024037,1921706.9902999997,16768.990299999656,1904938.0,0.008726091118283246,0,28,0.0,0.0,0.0,0.0,0.0,202,0
2022-03-17,-0.0009018024125152513,0.0057797036487624315,-0.006681506061277683,0.9599869951499994,0.9042827154847299,1.057523192022242,1919973.9902999997,16768.990299999656,1903205.0,0.008733967431183516,0,28,0.0,0.0,0.0,0.0,0.0,202,0
2022-03-18,0.022516450857360315,0.023677802680765705,-0.0011613518234053904,0.9816024951499994,0.9256941431896044,1.0562950355348937,1963204.9902999997,16768.990299999656,1946436.0,0.008541640013576558,0,28,0.0,0.0,0.0,0.0,0.0,202,0
2022-03-21,-0.000504786817931091,0.0024399867301221206,-0.0029447735480532117,0.9811069951499994,0.9279528246151388,1.0531844858553105,1962213.9902999997,16768.990299999656,1945445.0,0.008545953898451144,0,28,0.0,0.0,0.0,0.0,0.0,202,0
2022-03-22,0.009331296224832641,0.005023362437966639,0.004307933786866003,0.9902619951499996,0.9326142679785157,1.0577215348857296,1980523.9902999997,16768.990299999656,1963755.0,0.008466946314272908,0,28,0.0,0.0,0.0,0.0,0.0,202,0
2022-03-23,-0.00643163125636792,-0.002755490633706555,-0.0036761406226613652,0.9838929951499996,0.9300444580982398,1.0538332017838723,1967785.9902999997,16768.990299999656,1951017.0,0.008521755100737927,0,28,0.0,0.0,0.0,0.0,0.0,202,0
2022-03-24,-0.007318377136024123,-0.0077595399700550755,0.0004411628340309521,0.9766924951499996,0.9228277409516983,1.0542981138257672,1953384.9902999997,16768.990299999656,1936616.0,0.00858458029690516,0,28,0.0,0.0,0.0,0.0,0.0,202,0
2022-03-25,0.007225918121666508,-0.004473866021769736,0.011699784143436243,0.9837499951499996,0.918699133277508,1.0666331741803607,1967499.9902999997,16768.990299999656,1950731.0,0.008522993841256772,0,28,0.0,0.0,0.0,0.0,0.0,202,0
2022-03-28,0.009017534987278308,0.006160373329147012,0.0028571616581312964,0.9926209951499996,0.9243586629156613,1.0696807175889196,1985241.9902999997,16768.990299999656,1968473.0,0.008446824307532207,0,28,0.0,0.0,0.0,0.0,0.0,202,0
2022-03-29,0.00021609456282711825,-0.005114791667301993,0.005330886230129111,0.9928354951499996,0.9196307609289818,1.075383063796949,1985670.9902999997,16768.990299999656,1968902.0,0.008444999389081147,0,28,0.0,0.0,0.0,0.0,0.0,202,0
2022-03-30,0.004816004286065212,0.009345831169462939,-0.004529826883397727,0.9976169951499997,0.9282254747588689,1.070511764684611,1995233.9902999997,16768.990299999656,1978465.0,0.008404523169474624,0,28,0.0,0.0,0.0,0.0,0.0,202,0
2022-03-31,0.018477030854139098,0.004927185297209324,0.013549845556929774,1.0160499951499997,0.9327990136705958,1.0850170337629639,2032099.9902999997,16768.990299999656,2015331.0,0.008252049790878667,0,28,0.0,0.0,0.0,0.0,0.0,202,0
2022-04-01,0.015248757515827549,0.012308232415501469,0.00294052510032608,1.0315434951499998,0.9442801207278041,1.0882075535850253,2063086.9902999997,16768.990299999656,2046318.0,0.008128106269315007,0,28,0.0,0.0,0.0,0.0,0.0,202,0
2022-04-06,0.012738813110434233,0.016232785329623425,-0.0034939722191891925,1.0446841349499998,0.9596084172186093,1.0844053866240873,2089368.2698999995,237454.26989999955,1851914.0,0.11364883506695758,25,25,892685.0,1114023.0,652.7204,0.0,0.0,202,1
2022-04-07,-0.005526550855753487,-0.02037660853110406,0.014850057675350574,1.0389106349499997,0.9400548521577934,1.1005088691589158,2077821.2698999995,237454.26989999955,1840367.0,0.11428041157333405,0,25,0.0,0.0,0.0,0.0,0.0,202,0
2022-04-08,0.010011448194002348,0.00353337678525007,0.006478071408752279,1.0493116349499998,0.9433764201492695,1.1076380441992923,2098623.2698999997,237454.26989999955,1861169.0,0.11314763983881411,0,25,0.0,0.0,0.0,0.0,0.0,202,0
2022-04-11,-0.010421594153505409,-0.022959108961996832,0.012537514808491423,1.0383761349499996,0.921717338126884,1.1215250725808894,2076752.2698999995,237454.26989999955,1839298.0,0.11433923696225623,0,25,0.0,0.0,0.0,0.0,0.0,202,0
2022-04-12,0.013777762718601982,0.017294142505274016,-0.003516379786672033,1.0526826349499998,0.9376576491220321,1.11758136448542,2105365.2698999997,237454.26989999955,1867911.0,0.1127853077538788,0,25,0.0,0.0,0.0,0.0,0.0,202,0
2022-04-13,-0.002026726697264558,-0.00823432220258369,0.006207595505319132,1.0505491349499998,0.9299366739234441,1.1245188575404281,2101098.2698999997,237454.26989999955,1863644.0,0.11301435696832067,0,25,0.0,0.0,0.0,0.0,0.0,202,0
2022-04-14,-0.007421832773553461,0.0012231926884196426,-0.008645025461973103,1.0427521349499997,0.9310741656636806,1.1147973633845223,2085504.2698999995,237454.26989999955,1848050.0,0.11385940241272464,0,25,0.0,0.0,0.0,0.0,0.0,202,0
2022-04-15,-0.005280257709818992,-0.0014164097465462129,-0.003863847963272779,1.0372461349499997,0.9297553831406772,1.1104899558625472,2074492.2698999995,237454.26989999955,1837038.0,0.11446380077928466,0,25,0.0,0.0,0.0,0.0,0.0,202,0
2022-04-18,-0.0030860563294885512,-0.0041372775659830816,0.0010512212364945303,1.0340451349499997,0.9259087270521573,1.1116573264870637,2068090.2698999995,237454.26989999955,1830636.0,0.1148181360146728,0,25,0.0,0.0,0.0,0.0,0.0,202,0
2022-04-19,0.0073633149488858685,0.010927085479490943,-0.0035637705306050746,1.0416591349499997,0.936026210858863,1.107695634866798,2083318.2698999995,237454.26989999955,1845864.0,0.11397887367031899,0,25,0.0,0.0,0.0,0.0,0.0,202,0
2022-04-20,-0.008737503176062367,-0.012330288994637976,0.0035927858185756095,1.0325576349499996,0.9244847371724173,1.1116753480350454,2065115.2698999995,237454.26989999955,1827661.0,0.11498354274020645,0,25,0.0,0.0,0.0,0.0,0.0,202,0
2022-04-21,-0.021074368406615585,-0.03131023730680253,0.010235868900186948,1.0107971349499996,0.895538900665032,1.1230543111571019,2021594.2698999995,237454.26989999955,1784140.0,0.11745891519159554,0,25,0.0,0.0,0.0,0.0,0.0,202,0
2022-04-22,0.020827126702373633,0.016323013489303068,0.004504113213070565,1.0318491349499994,0.9101567942207829,1.1281126749189805,2063698.2698999995,237454.26989999955,1826244.0,0.11506249404933884,0,25,0.0,0.0,0.0,0.0,0.0,202,0
2022-04-25,-0.03593984696396246,-0.055157096716303144,0.01921724975234068,0.9947646349499993,0.8599551878949468,1.1497918979416797,1989529.2698999995,240234.26989999955,1749295.0,0.12074930162353155,0,25,0.0,0.0,0.0,2780.0,0.0,202,0
2022-04-26,-0.01633351189733101,-0.027126568204620474,0.010793056307289463,0.9785166349499994,0.8366275548375974,1.1622016666378296,1957033.2698999995,240234.26989999955,1716799.0,0.12275431061643374,0,25,0.0,0.0,0.0,0.0,0.0,202,0
2022-04-27,0.010784180486149042,0.024801045152250793,-0.01401686466610175,0.9890691349499994,0.857376792600742,1.1459112431618492,1978138.2698999995,240234.26989999955,1737904.0,0.1214446298094946,0,25,0.0,0.0,0.0,0.0,0.0,202,0
2022-04-28,0.0023709161646405796,-0.0023068766272980423,0.004677792791938622,0.9914141349499994,0.8553989301171036,1.1512715785153131,1982828.2698999995,240234.26989999955,1742594.0,0.12115737582867696,0,25,0.0,0.0,0.0,0.0,0.0,202,0
2022-04-29,0.008900922116109378,0.02443558671325063,-0.015534664597141253,1.0002386349499992,0.8763011048484018,1.1333869606828564,2000477.2698999995,240234.26989999955,1760243.0,0.1200884776421421,0,25,0.0,0.0,0.0,0.0,0.0,202,0
2022-05-05,0.012891423655760459,0.016008025504722703,-0.0031166018489622443,1.0131331349499992,0.8903289552846319,1.1298546447856026,2026266.2698999995,240234.26989999955,1786032.0,0.11856006955682859,0,25,0.0,0.0,0.0,0.0,0.0,202,0
2022-05-06,-0.013098475947739052,-0.017255853517305148,0.004157377569566096,0.9998626349499992,0.8749655692500249,1.1345518771427043,1999725.2698999995,240234.26989999955,1759491.0,0.12013363711306853,0,25,0.0,0.0,0.0,0.0,0.0,202,0
2022-05-09,0.004655639522155752,0.009027149576914742,-0.004371510054758989,1.0045176349499991,0.8828640143182952,1.1295921722041293,2009035.2698999995,240234.26989999955,1768801.0,0.11957693003167501,0,25,0.0,0.0,0.0,0.0,0.0,202,0
2022-05-10,0.008295026100178626,0.016318131534088738,-0.008023105433910112,1.012850134949999,0.8972707054306548,1.120529335109216,2025700.2698999995,240234.26989999955,1785466.0,0.11859319637246182,0,25,0.0,0.0,0.0,0.0,0.0,202,0
2022-05-11,-0.0060092799417955645,-0.0016926048081778201,-0.004316675133617744,1.006763634949999,0.8957519807204057,1.1156923739918607,2013527.2698999995,240234.26989999955,1773293.0,0.11931016455115138,0,25,0.0,0.0,0.0,0.0,0.0,202,0
2022-05-12,0.002364010694643426,0.00775507101022562,-0.0053910603155821945,1.009143634949999,0.9026986009384428,1.1096776091100355,2018287.2698999995,240234.26989999955,1778053.0,0.11902877924404809,0,25,0.0,0.0,0.0,0.0,0.0,202,0
2022-05-13,0.011426619165636698,0.010150576778996735,0.001276042386639963,1.020674734949999,0.9118615123955613,1.1110936047747653,2041349.4698999994,242581.46989999956,1798768.0,0.11883387605939076,0,25,0.0,0.0,0.0,2347.2,0.0,202,0
2022-05-16,0.0008131875626771201,-0.0012188038043021397,0.00203199136697926,1.021504734949999,0.9107501321152569,1.1133513373875734,2043009.4698999994,242581.46989999956,1800428.0,0.11873732034725877,0,25,0.0,0.0,0.0,0.0,0.0,202,0
2022-05-17,-0.006150240703786336,-0.0037833537472547773,-0.0023668869565315587,1.015222234949999,0.9073044421901059,1.1107161606290739,2030444.4698999994,244129.46989999956,1786315.0,0.12023449718475832,0,25,0.0,0.0,0.0,1547.9999999999998,0.0,202,0
2022-05-18,-0.0017350880815635294,0.0025813887869473636,-0.004316476868510893,1.013460734949999,0.909646547703523,1.1059217800142371,2026921.4698999994,244129.46989999956,1782792.0,0.12044347722659624,0,25,0.0,0.0,0.0,0.0,0.0,202,0
2022-05-19,0.0012329042033005777,0.002577480776751611,-0.0013445765734510333,1.014710234949999,0.9119911441938673,1.1044347834967607,2029420.4698999994,244129.46989999956,1785291.0,0.12029516481226246,0,25,0.0,0.0,0.0,0.0,0.0,202,0
2022-05-20,0.007198803903224693,0.007982290676937509,-0.0007834867737128159,1.0220149349499992,0.9192709226016156,1.1035694734514625,2044029.8698999996,245527.86989999955,1798502.0,0.12011951171340346,0,25,0.0,0.0,0.0,1398.3999999999999,0.0,202,0
2022-05-23,0.001317984653586235,0.0028179606847185167,-0.0014999760311322817,1.0233619349499992,0.9218613919201119,1.101914145692596,2046723.8698999996,245527.86989999955,1801196.0,0.11996140442335083,0,25,0.0,0.0,0.0,0.0,0.0,202,0
2022-05-24,-0.015460317078114683,-0.026139001734171906,0.010678684656057223,1.0075404349499992,0.8977648553980458,1.113681139372496,2015080.8698999996,245527.86989999955,1769553.0,0.12184516937634574,0,25,0.0,0.0,0.0,0.0,0.0,202,0
2022-05-25,0.026627715443828803,0.029514926496933953,-0.0028872110531051494,1.0343689349499994,0.9242623191166497,1.1104657068772648,2068737.8698999996,245527.86989999955,1823210.0,0.11868486262682865,0,25,0.0,0.0,0.0,0.0,0.0,202,0
2022-05-26,0.0047657077019993555,0.006514493029499409,-0.0017487853275000532,1.0392984349499994,0.930283419551964,1.1085237407423858,2078596.8698999996,245527.86989999955,1833069.0,0.11812192804457163,0,25,0.0,0.0,0.0,0.0,0.0,202,0
2022-05-27,-8.607729694543043e-05,0.00174346916300043,-0.0018295464599458605,1.0392089749499993,0.9319053400068036,1.1064956450567447,2078417.9498999994,246521.94989999954,1831896.0,0.11861038339851744,0,25,0.0,0.0,0.0,994.08,0.0,202,0
2022-05-30,0.002217552056948735,0.007933530579758685,-0.00571597852280995,1.0415134749499992,0.939298639519188,1.1001709397140176,2083026.9498999994,246521.94989999954,1836505.0,0.11834794067922856,0,25,0.0,0.0,0.0,0.0,0.0,202,0
2022-05-31,0.0042697479264139915,0.00882581138092656,-0.004556063454512569,1.0459604749499993,0.9475887121419453,1.09515849110187,2091920.9498999994,246521.94989999954,1845399.0,0.11784477320320545,0,25,0.0,0.0,0.0,0.0,0.0,202,0
2022-06-01,-9.178167081747013e-05,0.0028789108706008385,-0.0029706925414183087,1.0458644749499995,0.9503167355861895,1.0919051119406826,2091728.9498999994,246521.94989999954,1845207.0,0.11785559018618792,0,25,0.0,0.0,0.0,0.0,0.0,202,0
2022-06-02,-0.00541704985272673,-0.006463285459614361,0.0010462356068876317,1.0401989749499994,0.9441745672470471,1.0930475019481376,2080397.9498999994,246521.94989999954,1833876.0,0.11849749703505012,0,25,0.0,0.0,0.0,0.0,0.0,202,0
2022-06-06,-0.001196886393836194,0.0029501446339874004,-0.004147031027823595,1.0389539749499994,0.9469600187801583,1.0885146000426738,2077907.9498999994,246521.94989999954,1831386.0,0.11863949503242603,0,25,0.0,0.0,0.0,0.0,0.0,202,0
2022-06-07,0.01082964238193651,0.005530788170490221,0.00529885421144629,1.0502054749499994,0.9521974540499548,1.0942824802153306,2100410.9498999994,246521.94989999954,1853889.0,0.1173684368345806,0,25,0.0,0.0,0.0,0.0,0.0,202,0
2022-06-08,0.0006260679606828745,0.010307055207060068,-0.009680987246377193,1.0508629749499994,0.9620118057768697,1.083688745480432,2101725.9498999994,246521.94989999954,1855204.0,0.11729500219176012,0,25,0.0,0.0,0.0,0.0,0.0,202,0
2022-06-09,0.0025612283086937637,-0.003751316779908625,0.006312545088602389,1.0535544749499994,0.9584029947473888,1.090529579548288,2107108.9498999994,246521.94989999954,1860587.0,0.11699535038835991,0,25,0.0,0.0,0.0,0.0,0.0,202,0
2022-06-10,0.006944111741680192,0.01473618315304136,-0.0077920714113611685,1.0608704749499995,0.9725261968124095,1.082032095188246,2121740.9498999994,246521.94989999954,1875219.0,0.11618852429257137,0,25,0.0,0.0,0.0,0.0,0.0,202,0
2022-06-13,-0.011236998560603562,-0.017658970626626892,0.006421972066023331,1.0489494749499995,0.9553523852692739,1.0889808750780856,2097898.9498999994,246521.94989999954,1851377.0,0.11750897244681423,0,25,0.0,0.0,0.0,0.0,0.0,202,0
2022-06-14,0.011906674533199268,0.015214193235469544,-0.0033075187022702755,1.0614389749499993,0.9698873010667273,1.0853790504673502,2122877.9498999994,246521.94989999954,1876356.0,0.11612629445400394,0,25,0.0,0.0,0.0,0.0,0.0,202,0
2022-06-15,-0.0019680829979871195,-0.001993230965426667,2.5147967439547413e-05,1.0593499749499993,0.9679540916652669,1.085406345544371,2118699.9498999994,250745.94989999954,1867954.0,0.1183489667386996,0,25,0.0,0.0,0.0,4224.0,0.0,202,0
2022-06-16,-0.01176570566359647,-0.009114587688269355,-0.0026511179753271157,1.0468859749499992,0.9591315892185648,1.0825288052711641,2093771.9498999994,250745.94989999954,1843026.0,0.11975800416658339,0,25,0.0,0.0,0.0,0.0,0.0,202,0
2022-06-17,-0.0003906824714310364,-0.00061911964491389,0.00022843717348285358,1.0464769749499994,0.9585377720096221,1.082776095091654,2092953.9498999994,250745.94989999954,1842208.0,0.11980480980576763,0,25,0.0,0.0,0.0,0.0,0.0,202,0
2022-06-20,-0.003987187582602414,0.005866807707970183,-0.009853995290572598,1.0423044749499994,0.9641613287988288,1.0721064245498764,2084608.9498999994,250745.94989999954,1833863.0,0.12028440629693547,0,25,0.0,0.0,0.0,0.0,0.0,202,0
2022-06-21,0.003455804025184417,-0.0009777272789289978,0.004433531304113414,1.0459064749499993,0.9632186419663737,1.0768596419444594,2091812.9498999994,253529.94989999954,1838283.0,0.1212010614582531,0,25,0.0,0.0,0.0,2784.0,0.0,202,0
2022-06-22,-0.00911219141315256,-0.014195097129116168,0.005082905715963608,1.0363759749499992,0.9495456597870857,1.0823332179737895,2072751.9498999994,253529.94989999954,1819222.0,0.12231562484465697,0,25,0.0,0.0,0.0,0.0,0.0,202,0
2022-06-23,0.00486308069833763,0.007038276970605651,-0.0021751962722680214,1.0414159549499995,0.9562288251369038,1.079978930792701,2082831.9098999996,254838.90989999953,1827993.0,0.12235212485881052,0,25,0.0,0.0,0.0,1308.96,0.0,202,0
2022-06-24,-0.0035638977704909314,-0.0022499937339258854,-0.001313904036565046,1.0377044549499994,0.9540773162721464,1.0785599421161274,2075408.9098999996,254838.90989999953,1820570.0,0.12278973492133584,0,25,0.0,0.0,0.0,0.0,0.0,202,0
2022-06-27,-0.0004355768136523608,0.003878929723315809,-0.00431450653696817,1.0372524549499995,0.9577781151325757,1.0739064881953553,2074504.9098999996,254838.90989999953,1819666.0,0.12284324258952171,0,25,0.0,0.0,0.0,0.0,0.0,202,0
2022-06-28,0.007338618446911305,0.011252285882793978,-0.003913667435882673,1.0448644549499997,0.968555308296331,1.0697035753433222,2089728.9098999996,254838.90989999953,1834890.0,0.12194831046874612,0,25,0.0,0.0,0.0,0.0,0.0,202,0
2022-06-29,-0.004163602254235177,-0.010340498822261564,0.0061768965680263875,1.0405140549499996,0.9585399632715976,1.076311023686666,2081028.1098999996,261471.10989999954,1819557.0,0.12564516003225162,0,25,0.0,0.0,0.0,6632.200000000001,0.0,202,0
2022-06-30,0.0024805046964253563,0.0021522473331289146,0.00032825736329644174,1.0430950549499998,0.9606029783512465,1.0766643307053883,2086190.1098999996,262631.1098999996,1823559.0,0.12589030532437365,0,25,0.0,0.0,0.0,1160.0,0.0,202,0
2022-07-01,0.000519607486803686,0.008498537805128591,-0.007978930318324905,1.0436370549499996,0.9687666990784837,1.068073701034464,2087274.1098999996,262631.1098999996,1824643.0,0.12582492575092694,0,25,0.0,0.0,0.0,0.0,0.0,202,0
2022-07-04,0.008387296961604562,0.011864555958816022,-0.0034772589972114597,1.0523903488499997,0.9802606857907378,1.064359732147857,2104780.6977,92520.69769999971,2012260.0,0.04395740506414837,27,27,793905.0,624280.0,485.4122,0.0,0.0,202,1
2022-07-05,0.004427539653030443,0.0060226288034867115,-0.0015950891504562682,1.0570498488499995,0.9861644320319068,1.0626619834869255,2114099.6977,92520.69769999971,2021579.0,0.0437636398135131,0,27,0.0,0.0,0.0,0.0,0.0,202,0
2022-07-06,-0.002708954552252507,-0.012614384579350825,0.009905430027098318,1.0541863488499994,0.9737245746277793,1.0731881074068128,2108372.6977,92520.69769999971,2015852.0,0.04388251555378682,0,27,0.0,0.0,0.0,0.0,0.0,202,0
2022-07-07,0.005570779783295787,0.009822425392601182,-0.004251645609305394,1.0600589888499994,0.983288911615003,1.0686252919019978,2120117.9776999997,102653.97769999971,2017464.0,0.0484189930842261,0,27,0.0,0.0,0.0,10133.279999999999,0.0,202,0
2022-07-08,0.006743737919486348,0.004113270116666884,0.0026304678028194637,1.0672077488499996,0.9873334445111989,1.0714362763256247,2134415.4976999997,106177.49769999972,2028238.0,0.04974546793462393,0,27,0.0,0.0,0.0,3523.52,0.0,202,0
2022-07-11,0.008853946206989205,0.008106801794583082,0.0007471444124061231,1.0766567488499996,0.9953375610510142,1.0722367939527306,2153313.4976999997,106177.49769999972,2047136.0,0.04930888967788953,0,27,0.0,0.0,0.0,0.0,0.0,202,0
2022-07-12,0.01507068990867455,0.005852074060899183,0.009218615847775367,1.0928827088499997,1.0011623501738796,1.0821213330540311,2185765.4176999996,109814.41769999971,2075951.0,0.05024071513381037,0,27,0.0,0.0,0.0,3636.9199999999996,0.0,202,0
2022-07-13,0.019875417393012684,0.012601108276953722,0.007274309116058962,1.11460420885,1.01377810535123,1.0899930181317479,2229208.4176999996,109814.41769999971,2119394.0,0.04926161987729324,0,27,0.0,0.0,0.0,0.0,0.0,202,0
2022-07-14,-0.02006227845045694,-0.01660175627253306,-0.0034605221779238776,1.09224270885,0.9969476083317587,1.0862210731187207,2184485.4176999996,109814.41769999971,2074671.0,0.05027015369854063,0,27,0.0,0.0,0.0,0.0,0.0,202,0
2022-07-15,-0.008248448744039405,-0.018918868134979335,0.01067041939093993,1.08323340085,0.9780864879922471,1.0978115075201744,2166466.8016999997,124850.8016999997,2041616.0,0.057628762924975735,0,27,0.0,0.0,0.0,15036.384,0.0,202,0
2022-07-18,0.024726896326296988,0.0257184422951916,-0.0009915459688946138,1.11001840085,1.0032413488933822,1.0967229769452866,2220036.8016999997,124850.8016999997,2095186.0,0.05623816758550797,0,27,0.0,0.0,0.0,0.0,0.0,202,0
2022-07-19,-0.002984527101049017,-0.00035888452988690303,-0.002625642571162114,1.10670552085,1.0028813010935216,1.0938433744082474,2213411.0417,126029.04169999971,2087382.0,0.056938833016394325,0,27,0.0,0.0,0.0,1178.24,0.0,202,0
2022-07-20,-0.000953731575486616,0.0029799568038600785,-0.003933688379346694,1.10565002085,1.0058698440501792,1.0895405354375123,2211300.0417,130341.04169999971,2080959.0,0.05894317335597585,0,27,0.0,0.0,0.0,4312.0,0.0,202,0
2022-07-21,-0.01194681838819589,-0.01092813570933192,-0.0010186826788639702,1.09244102085,0.9948775618884743,1.0884306393661418,2184882.0417,130341.04169999971,2054541.0,0.05965587121517312,0,27,0.0,0.0,0.0,0.0,0.0,202,0
2022-07-22,0.005555448655047535,0.007623610179227184,-0.002068161524179649,1.0985100208499998,1.002462120596372,1.0861795889960666,2197020.0417,130341.04169999971,2066679.0,0.059326287073442,0,27,0.0,0.0,0.0,0.0,0.0,202,0
2022-07-25,-0.0012780948497070899,-0.009361362787674552,0.008083267937967462,1.0971060208499999,0.9930777090045678,1.0949594696426732,2194212.0417,130341.04169999971,2063871.0,0.05940220873048165,0,27,0.0,0.0,0.0,0.0,0.0,202,0
2022-07-26,-0.006403665522277335,0.008010621770972044,-0.01441428729324938,1.0900805208499997,1.001032878920587,1.0791764092727798,2180161.0417,130341.04169999971,2049820.0,0.05978505220805392,0,27,0.0,0.0,0.0,0.0,0.0,202,0
2022-07-27,-0.0029988610359269474,0.0034838574935350643,-0.006482718529462012,1.0868115208499998,1.0045203348170892,1.072180412367829,2173623.0417,130341.04169999971,2043282.0,0.05996487854584916,0,27,0.0,0.0,0.0,0.0,0.0,202,0
2022-07-28,0.0025993467549834115,0.0018413918475755926,0.0007579549074078189,1.0896365208499998,1.0063700503723454,1.0729930767730096,2179273.0417,130341.04169999971,2048932.0,0.059809413141881346,0,27,0.0,0.0,0.0,0.0,0.0,202,0
2022-07-29,-0.004241542855405456,-0.0032038275085395423,-0.0010377153468659134,1.0850147808499997,1.0031458143211922,1.0718796153901613,2170029.5616999995,131243.5616999997,2038786.0,0.06048008009493824,0,27,0.0,0.0,0.0,902.52,0.0,202,0
2022-08-01,-0.002358954039312633,-0.005712807255647041,0.0033538532163344082,1.0824552808499996,0.9974150356346662,1.0754745422857608,2164910.5616999995,131243.5616999997,2033667.0,0.06062308717129657,0,27,0.0,0.0,0.0,0.0,0.0,202,0
2022-08-02,-0.029005355283911127,-0.0398971051879652,0.010891749904054074,1.0510582808499995,0.9576210630418919,1.0871883420285144,2102116.5616999995,131243.5616999997,1970873.0,0.06243400774782057,0,27,0.0,0.0,0.0,0.0,0.0,202,0
2022-08-03,-0.016137544709968865,-0.012450299382215748,-0.0036872453277531168,1.0340967808499997,0.9456983941123046,1.0831796118939823,2068193.5616999997,131243.5616999997,1936950.0,0.06345806511075347,0,27,0.0,0.0,0.0,0.0,0.0,202,0
2022-08-04,0.0032593661081021796,0.014743167596247019,-0.011483801488144839,1.0374672808499998,0.959640984032204,1.070740592254986,2074934.5616999997,131243.5616999997,1943691.0,0.06325190399858754,0,27,0.0,0.0,0.0,0.0,0.0,202,0
2022-08-05,0.005956814363279772,0.00526913060663016,0.0006876837566496125,1.04364728085,0.9646974577125448,1.0714769231678651,2087294.5616999997,131243.5616999997,1956051.0,0.06287735526561627,0,27,0.0,0.0,0.0,0.0,0.0,202,0
2022-08-08,0.00044794827579996976,0.0066362615221257654,-0.006188313246325796,1.04411478085,0.9710994423316551,1.064846288331093,2088229.5616999997,131243.5616999997,1956986.0,0.06284920207391187,0,27,0.0,0.0,0.0,0.0,0.0,202,0
2022-08-09,-0.004975985490570656,0.0007855624624373028,-0.005761547953007959,1.03891928085,0.9718623016008447,1.0587111253782908,2077838.5616999997,131243.5616999997,1946595.0,0.06316350274711514,0,27,0.0,0.0,0.0,0.0,0.0,202,0
2022-08-10,-0.006059662301049262,-0.001865947040605282,-0.00419371526044398,1.03262378085,0.9700488580152968,1.05427119237539,2065247.5616999997,131243.5616999997,1934004.0,0.06354858571626498,0,27,0.0,0.0,0.0,0.0,0.0,202,0
2022-08-11,0.01487424586266739,0.015474049509405135,-0.0005998036467377444,1.04798328085,0.9850594420707676,1.0536388366695528,2095966.5616999997,131243.5616999997,1964723.0,0.06261720205762752,0,27,0.0,0.0,0.0,0.0,0.0,202,0
2022-08-12,0.004905612612283283,0.006714635037213698,-0.001809022424930415,1.0531242808499999,0.991673756714234,1.05173278038624,2106248.5616999995,131243.5616999997,1975005.0,0.06231152585052457,0,27,0.0,0.0,0.0,0.0,0.0,202,0
2022-08-15,0.0022822567513685055,0.004771826523879996,-0.00248956977251149,1.0555277808499999,0.9964058518495588,1.049114418247431,2111055.5616999995,131243.5616999997,1979812.0,0.06216963877270542,0,27,0.0,0.0,0.0,0.0,0.0,202,0
2022-08-16,0.002683491663022952,0.008267988936120222,-0.0055844972730972695,1.05836028085,1.0046441244085362,1.043255641639561,2116720.5616999995,131243.5616999997,1985477.0,0.06200325355870035,0,27,0.0,0.0,0.0,0.0,0.0,202,0
2022-08-17,0.00515608918696131,0.009428871262005695,-0.004272782075044385,1.06381728085,1.0141167845217147,1.0387980376342747,2127634.5616999995,131243.5616999997,1996391.0,0.061685199170263,0,27,0.0,0.0,0.0,0.0,0.0,202,0
2022-08-18,-0.009382250297743866,-0.009644122102865188,0.00026187180512132237,1.05383628085,1.0043365184252224,1.0390700695515465,2107672.5616999995,131243.5616999997,1976429.0,0.06226942651573056,0,27,0.0,0.0,0.0,0.0,0.0,202,0
2022-08-19,0.006138524662276934,0.011613293754732136,-0.005474769092455202,1.0603052808499998,1.0160001734422994,1.0333814008498703,2120610.5616999995,131243.5616999997,1989367.0,0.06188951619423585,0,27,0.0,0.0,0.0,0.0,0.0,202,0
2022-08-22,-0.0006667890962810397,0.0031623648202897636,-0.0038291539165708033,1.0595982808499997,1.0192131366482018,1.0294244244114945,2119196.5616999995,131243.5616999997,1987953.0,0.06193081098372364,0,27,0.0,0.0,0.0,0.0,0.0,202,0
2022-08-23,0.007017753930324444,0.010649705806811538,-0.0036319518764870943,1.06703428085,1.0300674567079429,1.0256856044415514,2134068.5616999995,131243.5616999997,2002825.0,0.06149922455886377,0,27,0.0,0.0,0.0,0.0,0.0,202,0
2022-08-24,-0.012020232367588757,-0.01765778651986208,0.005637554152273322,1.05420828085,1.0118787454563367,1.0314679625797978,2108416.5616999995,131243.5616999997,1977173.0,0.062247453413180866,0,27,0.0,0.0,0.0,0.0,0.0,202,0
2022-08-25,0.016958698128974214,0.017671570351994955,-0.0007128722230207406,1.07208628085,1.0297602318943568,1.0307326577203388,2144172.5616999995,131243.5616999997,2012929.0,0.06120942131445974,0,27,0.0,0.0,0.0,0.0,0.0,202,0
2022-08-26,-0.0008888650260914233,-0.006815859010746516,0.005926993984655093,1.0711333408500001,1.0227415313388912,1.036841803982435,2142266.6816999996,134012.6816999997,2008254.0,0.06255648880915876,0,27,0.0,0.0,0.0,2769.12,0.0,202,0
2022-08-29,0.0005480176721361918,0.0034802085240224954,-0.0029321908518863036,1.0717203408500002,1.0263008851341286,1.0338015859299443,2143440.6816999996,134012.6816999997,2009428.0,0.06252222552466996,0,27,0.0,0.0,0.0,0.0,0.0,202,0
2022-08-30,-0.0005337213246753292,-0.008425212503715094,0.007891491179039764,1.0711483408500002,1.0176540820841227,1.0419598220261879,2142296.6816999996,134012.6816999997,2008284.0,0.06255561278919369,0,27,0.0,0.0,0.0,0.0,0.0,202,0
2022-08-31,-0.005929150760724866,-0.023956759603708015,0.01802760884298315,1.0647973408500002,0.9932743878799012,1.0607438661277804,2129594.6816999996,134012.6816999997,1995582.0,0.06292872669696042,0,27,0.0,0.0,0.0,0.0,0.0,202,0
2022-09-01,0.002116365165037992,-0.002206534948219578,0.00432290011325757,1.0670508408500003,0.9910826932298729,1.0653293559068016,2134101.6816999996,134012.6816999997,2000089.0,0.0627958277945064,0,27,0.0,0.0,0.0,0.0,0.0,202,0
2022-09-02,0.0050334996181826686,0.0056188813712056435,-0.000585381753022975,1.0724218408500004,0.9966514693121865,1.0647057315408939,2144843.6816999996,134012.6816999997,2010831.0,0.06248132805360503,0,27,0.0,0.0,0.0,0.0,0.0,202,0
2022-09-05,0.017646973680618183,0.02423200172166306,-0.0065850280410448755,1.0913468408500004,1.0208023294324575,1.057694614443236,2182693.6816999996,134012.6816999997,2048681.0,0.061397841952620394,0,27,0.0,0.0,0.0,0.0,0.0,202,0
2022-09-06,0.008609087091581591,0.011385785174054058,-0.0027766980824724674,1.1007423408500006,1.0324249654605493,1.05475771583547,2201484.6816999996,134012.6816999997,2067472.0,0.06087377432783875,0,27,0.0,0.0,0.0,0.0,0.0,202,0
2022-09-07,0.0010043222278033337,0.004462312514780662,-0.0034579902869773284,1.1018478408500005,1.037031968304496,1.0511103738989964,2203695.6816999996,134012.6816999997,2069683.0,0.060812698782718555,0,27,0.0,0.0,0.0,0.0,0.0,202,0
2022-09-08,0.011088645407313802,-0.003214144069246896,0.014302789476560697,1.1140658408500006,1.0336987981539505,1.0661441842935027,2228131.6816999996,134012.6816999997,2094119.0,0.06014576373589909,0,27,0.0,0.0,0.0,0.0,0.0,202,0
2022-09-09,0.006523402597511829,0.00016249147278395997,0.006360911124727869,1.1213333408500008,1.0338667653940776,1.072925832695939,2242666.6816999996,134012.6816999997,2108654.0,0.05975595160597588,0,27,0.0,0.0,0.0,0.0,0.0,202,0
2022-09-13,-0.001495095114829259,-0.008746900269175161,0.0072518051543459024,1.1196568408500007,1.024823635905561,1.0807064817797143,2239313.6816999996,134012.6816999997,2105301.0,0.05984542621034785,0,27,0.0,0.0,0.0,0.0,0.0,202,0
2022-09-14,-0.009314014454717245,-0.009260607310839405,-5.3407143877840305e-05,1.1092283408500008,1.0153331466505728,1.0806487643331522,2218456.6816999996,134012.6816999997,2084444.0,0.06040806782727261,0,27,0.0,0.0,0.0,0.0,0.0,202,0
2022-09-15,-0.0064062553563630775,-0.01550504503845566,0.009098789682092583,1.1021223408500007,0.9995903604827189,1.0904813601600327,2204244.6816999996,134012.6816999997,2070232.0,0.06079755247345947,0,27,0.0,0.0,0.0,0.0,0.0,202,0
2022-09-16,-0.029236772366984964,-0.031820887365898276,0.0025841149989133116,1.0698998408500007,0.9677825082097606,1.0932992893988576,2139799.6816999996,134012.6816999997,2005787.0,0.06262861091442498,0,27,0.0,0.0,0.0,0.0,0.0,202,0
2022-09-19,-0.001849238521643426,-0.0072683570506597356,0.00541911852901631,1.0679213408500008,0.960748319392709,1.099224007835799,2135842.6816999996,134012.6816999997,2001830.0,0.06274464072107307,0,27,0.0,0.0,0.0,0.0,0.0,202,0
2022-09-20,-4.073333712517613e-05,0.008174572908730703,-0.00821530624585588,1.0678778408500007,0.9686020265765253,1.090193545978631,2135755.6816999996,134012.6816999997,2001743.0,0.0627471966237868,0,27,0.0,0.0,0.0,0.0,0.0,202,0
2022-09-21,0.013044563214189564,0.01799868228367576,-0.0049541190694861945,1.0818078408500007,0.9860355867122006,1.0847925973430674,2163615.6816999996,134012.6816999997,2029603.0,0.06193922646867813,0,27,0.0,0.0,0.0,0.0,0.0,202,0
2022-09-22,-0.004219788235601207,-0.0034809207593059924,-0.0007388674762952149,1.0772428408500008,0.9826032749689997,1.0839910793743648,2154485.6816999996,134012.6816999997,2020473.0,0.06220170448951734,0,27,0.0,0.0,0.0,0.0,0.0,202,0
2022-09-23,-0.006927871522554141,-0.010787520968418058,0.0038596494458639167,1.0697798408500008,0.9720034215366353,1.0881749049431935,2139559.6816999996,134012.6816999997,2005547.0,0.06263563612935497,0,27,0.0,0.0,0.0,0.0,0.0,202,0
2022-09-26,-0.022343849722395004,-0.026993083546681458,0.004649233824286454,1.0458768408500008,0.9457660519714366,1.093234084517995,2091753.6816999996,134012.6816999997,1957741.0,0.06406714273885517,0,27,0.0,0.0,0.0,0.0,0.0,202,0
2022-09-27,0.007495146363150296,0.01158115158185523,-0.0040860052187049346,1.0537158408500007,0.9567191119802905,1.0887671243433885,2107431.6816999996,134012.6816999997,1973419.0,0.06359052246566581,0,27,0.0,0.0,0.0,0.0,0.0,202,0
2022-09-28,-0.013246455504304144,-0.012570889710935507,-0.0006755657933686376,1.0397578408500008,0.944692301539242,1.0880315905172377,2079515.6816999996,134012.6816999997,1945503.0,0.06444417942087584,0,27,0.0,0.0,0.0,0.0,0.0,202,0
2022-09-29,-0.007364214723055484,-0.009487444155106566,0.0021232294320510815,1.0321008408500008,0.9357295860846293,1.0903417312132253,2064201.6816999996,134012.6816999997,1930189.0,0.06492228103875579,0,27,0.0,0.0,0.0,0.0,0.0,202,0
2022-09-30,0.0007591312486043833,-0.0030617351928809,0.0038208664414852832,1.0328843408500008,0.9328646298798942,1.094507781343769,2065768.6816999996,134012.6816999997,1931756.0,0.06487303389153695,0,27,0.0,0.0,0.0,0.0,0.0,202,0
2022-10-10,0.0007232174702012095,-0.004314986055014319,0.005038203525215529,1.0336313408500009,0.9288393320107463,1.1000221343061107,2067262.6816999996,134012.6816999997,1933250.0,0.06482615048697889,0,27,0.0,0.0,0.0,0.0,0.0,202,0
2022-10-11,0.005990732145281008,0.013082118403992104,-0.007091386258711096,1.0398235493500008,0.9409905181303959,1.0922214524586142,2079647.0986999997,91237.09869999964,1988410.0,0.0438714331662485,27,27,580004.0,537630.0,401.58299999999997,0.0,0.0,202,1
2022-10-12,0.006134694683523456,0.01232555928933994,-0.006190864605816485,1.0462025493500007,0.9525887525523188,1.0854596573268747,2092405.0986999997,91237.09869999964,2001168.0,0.04360393632986498,0,27,0.0,0.0,0.0,0.0,0.0,202,0
2022-10-13,-0.004427440941410232,0.006925607425062861,-0.011353048366473092,1.0415705493500007,0.9591860082900264,1.0731363813373873,2083141.0986999997,91237.09869999964,1991904.0,0.04379784871842664,0,27,0.0,0.0,0.0,0.0,0.0,202,0
2022-10-14,0.006360106863749326,0.00999192732119372,-0.003631820457444394,1.0481950493500007,0.9687701251723663,1.0692389426740183,2096390.0986999997,91237.09869999964,2005153.0,0.04352105018840578,0,27,0.0,0.0,0.0,0.0,0.0,202,0
2022-10-17,0.003361969704193113,0.0024553594998935344,0.0009066102042995785,1.0517190493500006,0.9711488041024212,1.070208325610281,2103438.0986999995,91237.09869999964,2012201.0,0.043375223999407186,0,27,0.0,0.0,0.0,0.0,0.0,202,0
2022-10-18,0.0019967309723047943,-0.0017856185114871088,0.003782349483791903,1.0538190493500006,0.9694147028204074,1.0742562275182028,2107638.0986999995,91237.09869999964,2016401.0,0.04328878793578228,0,27,0.0,0.0,0.0,0.0,0.0,202,0
2022-10-19,0.0027134639497774504,-0.008576970351413506,0.011290434301190956,1.0566785493500006,0.9611000616560925,1.0863850468776424,2113357.0986999995,91237.09869999964,2022120.0,0.04317164323820276,0,27,0.0,0.0,0.0,0.0,0.0,202,0
2022-10-20,-0.007180991801780778,-0.009001832545413877,0.0018208407436330985,1.0490905493500007,0.9524483998416774,1.0883631810342709,2098181.0986999995,91237.09869999964,2006944.0,0.0434839007731643,0,27,0.0,0.0,0.0,0.0,0.0,202,0
2022-10-21,0.002688519119486532,0.002007517985745758,0.0006810011337407742,1.0519110493500008,0.9543604571348543,1.089104357594477,2103822.0986999995,91237.09869999964,2012585.0,0.04336730693929736,0,27,0.0,0.0,0.0,0.0,0.0,202,0
2022-10-24,-0.016254701393777937,-0.01630119578225042,4.649438847248444e-05,1.0348125493500009,0.9388032404762611,1.089154994835566,2069625.0986999997,91237.09869999964,1978388.0,0.044083877199454474,0,27,0.0,0.0,0.0,0.0,0.0,202,0
2022-10-25,0.0014205471328341268,-0.0039037144613334623,0.005324261594167589,1.0362825493500007,0.9351384206900673,1.094953940944665,2072565.0986999997,91237.09869999964,1981328.0,0.04402134280714627,0,27,0.0,0.0,0.0,0.0,0.0,202,0
2022-10-26,0.0003941975094110539,0.0072832690087037445,-0.006889071499292691,1.0366910493500006,0.9419492853683273,1.0874107249570648,2073382.0986999997,91237.09869999964,1982145.0,0.04400399654130555,0,27,0.0,0.0,0.0,0.0,0.0,202,0
2022-10-27,-0.002129371138473779,-0.005418003752378962,0.0032886326139051833,1.0344835493500006,0.936845800605651,1.090986819331869,2068967.0986999997,91237.09869999964,1977730.0,0.04409789733114988,0,27,0.0,0.0,0.0,0.0,0.0,202,0
2022-10-28,-0.016372420818718703,-0.02991588649008747,0.013543465671368767,1.0175465493500007,0.9088192279760172,1.1057625618674058,2035093.0986999997,91237.09869999964,1943856.0,0.044831904131698505,0,27,0.0,0.0,0.0,0.0,0.0,202,0
2022-10-31,-0.004305945514530896,-0.0030695900465858928,-0.0012363554679450028,1.0131650493500006,0.9060295255196762,1.1043954462777923,2026330.0986999997,91237.09869999964,1935093.0,0.04502578269874843,0,27,0.0,0.0,0.0,0.0,0.0,202,0
2022-11-01,0.009711152202015016,0.019990470842744044,-0.010279318640729028,1.0230040493500006,0.9241414823322426,1.0930430135801328,2046008.0986999997,91237.09869999964,1954771.0,0.044592735853768224,0,27,0.0,0.0,0.0,0.0,0.0,203,0
2022-11-02,0.0033201237103197556,0.004894155597259448,-0.0015740318869396927,1.0264005493500006,0.9286643745406586,1.091322529022961,2052801.0986999997,91237.09869999964,1961564.0,0.04444517238312975,0,27,0.0,0.0,0.0,0.0,0.0,203,0
2022-11-03,-0.0021361056376951737,-0.0010835545250179295,-0.0010525511126772441,1.0242080493500005,0.9276581160554022,1.0901738562807481,2048416.0986999997,91237.09869999964,1957179.0,0.04454031520153647,0,27,0.0,0.0,0.0,0.0,0.0,203,0
2022-11-04,0.01187746962906644,0.018044814049899487,-0.006167344420833047,1.0363730493500005,0.944397534261502,1.083450378630477,2072746.0986999997,91237.09869999964,1981509.0,0.04401749869760816,0,27,0.0,0.0,0.0,0.0,0.0,203,0
2022-11-07,0.0013349440154466485,0.008397787328429192,-0.007062843312982544,1.0377565493500005,0.9523283839077229,1.0757981383688182,2075513.0986999997,91237.09869999964,1984276.0,0.04395881613907718,0,27,0.0,0.0,0.0,0.0,0.0,203,0
2022-11-08,-0.0017215020238793288,-0.001133220488701022,-0.0005882815351783068,1.0359700493500004,0.9512491858711072,1.0751652661884366,2071940.0986999997,91237.09869999964,1980703.0,0.04403462182967773,0,27,0.0,0.0,0.0,0.0,0.0,203,0
2022-11-09,-8.1083425194306e-05,0.0012977683953287454,-0.0013788518205230514,1.0358860493500004,0.9524836870006129,1.0736827726037896,2071772.0986999997,91237.09869999964,1980535.0,0.04403819259717288,0,27,0.0,0.0,0.0,0.0,0.0,203,0
2022-11-10,0.005934050375383526,-0.0017225137774987977,0.007656564152882324,1.0420330493500003,0.9508430207269115,1.081903493632075,2084066.0986999997,91237.09869999964,1992829.0,0.04377840931096743,0,27,0.0,0.0,0.0,0.0,0.0,203,0
2022-11-11,0.008012701713451476,0.009152856098095628,-0.0011401543846441525,1.05038254935,0.9595459500675034,1.0806699566200486,2100765.0986999995,91237.09869999964,2009528.0,0.04343041435544564,0,27,0.0,0.0,0.0,0.0,0.0,203,0
2022-11-14,-0.0003793855869431706,-0.0006727940061897067,0.00029340841924653614,1.0499840493500001,0.9589003733036344,1.0809870342837478,2099968.0986999995,91237.09869999964,2008731.0,0.043446897482147764,0,27,0.0,0.0,0.0,0.0,0.0,203,0
2022-11-15,0.0027509941715668784,0.009554933309415795,-0.0068039391378489165,1.0528725493500002,0.9680626024209246,1.0736320642936774,2105745.0986999995,91237.09869999964,2014508.0,0.0433277032231136,0,27,0.0,0.0,0.0,0.0,0.0,203,0
2022-11-16,-0.0002493179256710665,0.003189391579120943,-0.0034387095047920093,1.0526100493500001,0.9711501331331478,1.0699401555095414,2105220.0986999995,91237.09869999964,2013983.0,0.04333850829010217,0,27,0.0,0.0,0.0,0.0,0.0,203,0
2022-11-17,-9.500194308564858e-06,-0.003906943535511041,0.0038974433412024764,1.05260004935,0.9673559043984926,1.0741101866441172,2105200.0986999995,91237.09869999964,2013963.0,0.04333892001826347,0,27,0.0,0.0,0.0,0.0,0.0,203,0
2022-11-18,-0.0038243395508917866,-0.004977569812316872,0.0011532302614250855,1.0485745493500003,0.9625408228509922,1.07534888301546,2097149.0986999997,91237.09869999964,2005912.0,0.04350529905410948,0,27,0.0,0.0,0.0,0.0,0.0,203,0
2022-11-21,-0.004790312718455425,-0.0016233752000897493,-0.0031669375183656758,1.0435515493500003,0.9609782579501019,1.0719433202925057,2087103.0986999997,91237.09869999964,1995866.0,0.043714706167045016,0,27,0.0,0.0,0.0,0.0,0.0,203,0
2022-11-22,0.011446008591947221,0.003188379193119425,0.008257629398827796,1.0554960493500003,0.9640422210327901,1.0807950309680303,2110992.0986999995,91237.09869999964,2019755.0,0.04322000956620618,0,27,0.0,0.0,0.0,0.0,0.0,203,0
2022-11-23,0.008835655998658876,0.010824529429153079,-0.001988873430494203,1.0648220493500005,0.9744775244253058,1.0786454664471279,2129644.0986999995,91237.09869999964,2038407.0,0.04284147701284622,0,27,0.0,0.0,0.0,0.0,0.0,203,0
2022-11-24,0.0008405160285198665,0.002024091255625268,-0.0011835752271054014,1.0657170493500006,0.9764499558612985,1.0773688083942115,2131434.0986999995,91237.09869999964,2040197.0,0.04280549830541174,0,27,0.0,0.0,0.0,0.0,0.0,203,0
2022-11-25,0.011942663399973519,0.011483807412863466,0.00045885598711005275,1.0784445493500006,0.9876633191027085,1.0778631655222688,2156889.0986999995,91237.09869999964,2065652.0,0.04230031982404198,0,27,0.0,0.0,0.0,0.0,0.0,203,0
2022-11-28,0.0009912424339706405,0.003600970202417809,-0.0026097277684471684,1.0795135493500005,0.9912198652848184,1.075050236088619,2159027.0986999995,91237.09869999964,2067790.0,0.04225843147357234,0,27,0.0,0.0,0.0,0.0,0.0,203,0
2022-11-29,0.005861436388463925,0.010778251583592323,-0.0049168151951283975,1.0858410493500006,1.0019034823675128,1.069764412752292,2171682.0986999995,91237.09869999964,2080445.0,0.042012179754401205,0,27,0.0,0.0,0.0,0.0,0.0,203,0
2022-11-30,-9.577829099594037e-05,0.004757272885827874,-0.004853051176823814,1.0857370493500007,1.0066698106383962,1.0645727913100604,2171474.0986999995,91237.09869999964,2080237.0,0.04201620399461395,0,27,0.0,0.0,0.0,0.0,0.0,203,0
2022-12-01,-0.006112437633009837,-0.004141382320726096,-0.0019710553122837416,1.0791005493500008,1.0025008060818097,1.062474459454436,2158201.0986999995,91237.09869999964,2066964.0,0.04227460488040556,0,27,0.0,0.0,0.0,0.0,0.0,203,0
2022-12-02,-0.002936241670814188,-0.0026010906483592304,-0.0003351510224549577,1.0759320493500009,0.9998932106101377,1.0621183700530175,2151864.0986999995,91237.09869999964,2060627.0,0.04239909888134594,0,27,0.0,0.0,0.0,0.0,0.0,203,0
2022-12-05,0.022181698197779376,0.015535105369513365,0.006646592828266011,1.0997980493500008,1.0154266569952273,1.0691778383941815,2199596.0986999995,91237.09869999964,2108359.0,0.041479023696178764,0,27,0.0,0.0,0.0,0.0,0.0,203,0
2022-12-06,-0.005448727612802795,-0.00886272149213397,0.0034139938793311744,1.0938055493500007,1.0064272133385899,1.0728280049903758,2187611.0986999995,91237.09869999964,2096374.0,0.04170626980006538,0,27,0.0,0.0,0.0,0.0,0.0,203,0
2022-12-07,0.00037483810558791575,-0.004754619372681971,0.005129457478269887,1.0942155493500005,1.0016420350128559,1.078331030623471,2188431.0986999995,91237.09869999964,2097194.0,0.041690642558587974,0,27,0.0,0.0,0.0,0.0,0.0,203,0
2022-12-08,0.003949861617820627,0.0008371267893989985,0.0031127348284216284,1.0985375493500007,1.0024805363937532,1.0816875891790605,2197075.0986999995,91237.09869999964,2105838.0,0.04152661816338652,0,27,0.0,0.0,0.0,0.0,0.0,203,0
2022-12-09,-0.007801280898473428,-0.006524560966084637,-0.0012767199323887911,1.0899675493500007,0.9959397910167389,1.080306577073338,2179935.0986999995,91237.09869999964,2088698.0,0.04185312615701666,0,27,0.0,0.0,0.0,0.0,0.0,203,0
2022-12-12,-0.014153173651086703,-0.0139485800406467,-0.00020459361044000354,1.0745410493500007,0.982047845126077,1.0800855532503524,2149082.0986999995,91237.09869999964,2057845.0,0.04245398477572813,0,27,0.0,0.0,0.0,0.0,0.0,203,0
2022-12-13,0.014911947765692934,0.007283861196567472,0.007628086569125462,1.090564549350001,0.9892009453183637,1.0883245393526078,2181129.0986999995,91237.09869999964,2089892.0,0.041830214797638036,0,27,0.0,0.0,0.0,0.0,0.0,203,0
2022-12-14,-0.007511705753577402,-0.0029499705786570755,-0.004561735174920327,1.082372549350001,0.9862828316332947,1.083359891019714,2164745.0986999995,91237.09869999964,2073508.0,0.04214680922700345,0,27,0.0,0.0,0.0,0.0,0.0,203,0
2022-12-15,-0.009184453177392471,-0.006537879369976052,-0.0026465738074164186,1.072431549350001,0.9798346334553978,1.0804926991081356,2144863.0986999995,91237.09869999964,2053626.0,0.04253749283826012,0,27,0.0,0.0,0.0,0.0,0.0,203,0
2022-12-16,0.011079961240604952,0.0011847058714718334,0.009895255369133119,1.084314049350001,0.9809954492987238,1.0911844502902945,2168628.0986999995,91237.09869999964,2077391.0,0.04207134397764762,0,27,0.0,0.0,0.0,0.0,0.0,203,0
2022-12-19,-0.01593818692136273,-0.02265886244052905,0.00672067551916632,1.067032049350001,0.9587672083582791,1.0985179469122555,2134064.0986999995,91237.09869999964,2042827.0,0.04275274522240369,0,27,0.0,0.0,0.0,0.0,0.0,203,0
2022-12-20,-0.006335329856416161,-0.0001888988284394446,-0.006146431027976716,1.060272049350001,0.958586098355874,1.0917659821185646,2120544.0986999995,91237.09869999964,2029307.0,0.04302532484749201,0,27,0.0,0.0,0.0,0.0,0.0,203,0
2022-12-21,0.004453102392819375,-0.00428703872009878,0.008740141112918154,1.0649935493500011,0.9544766026356739,1.1013081708645647,2129987.0986999995,91237.09869999964,2038750.0,0.04283457808532484,0,27,0.0,0.0,0.0,0.0,0.0,203,0
2022-12-22,-0.007465303432919845,-0.013948194911290743,0.006482891478370898,1.0570430493500012,0.9411633769438449,1.108447832220523,2114086.0986999995,91237.09869999964,2022849.0,0.043156756366783476,0,27,0.0,0.0,0.0,0.0,0.0,203,0
2022-12-23,-0.003642235765485058,-0.0009543096436134071,-0.002687926121871651,1.0531930493500012,0.9402652156570116,1.1054684063375653,2106386.0986999995,91237.09869999964,2015149.0,0.043314518053603056,0,27,0.0,0.0,0.0,0.0,0.0,203,0
2022-12-26,0.0028038544327866344,0.007730277111208943,-0.0049264226784223085,1.0561460493500012,0.9475337263320709,1.1000224017103044,2112292.0986999995,91237.09869999964,2021055.0,0.043193410019452844,0,27,0.0,0.0,0.0,0.0,0.0,203,0
2022-12-27,0.014068130074570862,0.009457367344895246,0.004610762729675616,1.0710040493500013,0.9564949008536707,1.1050943440019185,2142008.0986999995,91237.09869999964,2050771.0,0.042594189422239866,0,27,0.0,0.0,0.0,0.0,0.0,203,0
2022-12-28,-0.00018160528909116902,0.0043427991337384505,-0.0045244044228296195,1.0708095493500012,0.9606487660805232,1.1000944502642722,2141619.0986999995,91237.09869999964,2050382.0,0.04260192615735551,0,27,0.0,0.0,0.0,0.0,0.0,203,0
2022-12-29,-0.006481077801568591,-0.008856046214987291,0.0023749684134187,1.0638695493500012,0.9521412162117436,1.1027071398354271,2127739.0986999995,91237.09869999964,2036502.0,0.04287983369565537,0,27,0.0,0.0,0.0,0.0,0.0,203,0
2022-12-30,0.012002881375636543,0.012397582965979882,-0.0003947015903433392,1.076639049350001,0.9639454659350578,1.1022718995736511,2153278.0986999995,91237.09869999964,2062041.0,0.04237125652979162,0,27,0.0,0.0,0.0,0.0,0.0,203,0
2023-01-03,0.0032476065233848495,0.011776519159046667,-0.008528912635661818,1.0801355493500011,0.9752973881829182,1.0928707188414424,2160271.0986999995,91237.09869999964,2069034.0,0.04223409680150977,0,27,0.0,0.0,0.0,0.0,0.0,203,0
2023-01-04,0.003631820841708988,0.004791744585007182,-0.001159923743298194,1.0840584081500013,0.9799707641615154,1.0916030721463028,2168116.8162999996,96871.81629999971,2071245.0,0.04468016463490945,27,27,861171.0,867387.0,581.2823999999999,0.0,0.0,203,1
2023-01-05,-0.0006360358397815569,0.0014145031047355524,-0.0020505389445171092,1.0833689081500013,0.9813569358499719,1.0893646975349123,2166737.8162999996,96871.81629999971,2069866.0,0.044708600907433074,0,27,0.0,0.0,0.0,0.0,0.0,203,0
2023-01-06,-0.00025245324832801064,-0.0027696773423330676,0.002517224094005057,1.0830954081500013,0.9786388937800068,1.0921068725987055,2166190.8162999996,96871.81629999971,2069319.0,0.04471989058907715,0,27,0.0,0.0,0.0,0.0,0.0,203,0
2023-01-09,-0.0005475048601792931,-0.0019417874087772635,0.0013942825485979704,1.0825024081500012,0.9767385850983251,1.0936295781523737,2165004.8162999996,96871.81629999971,2068133.0,0.04474438835916955,0,27,0.0,0.0,0.0,0.0,0.0,203,0
2023-01-10,-0.007227235654256314,-0.007672685361186356,0.00044544970693004195,1.0746789081500012,0.9692443772547353,1.0941167351274517,2149357.8162999996,96871.81629999971,2052486.0,0.04507012074274314,0,27,0.0,0.0,0.0,0.0,0.0,203,0
2023-01-11,-0.0007034659322582293,-0.0015465706507853455,0.0008431047185271162,1.0739229081500012,0.9677453723474344,1.0950391901094572,2147845.8162999996,96871.81629999971,2050974.0,0.04510184835654385,0,27,0.0,0.0,0.0,0.0,0.0,203,0
2023-01-12,-0.00161696895263308,-0.004605930038367317,0.0029889610857342375,1.0721864081500012,0.9632880048674484,1.0983122196360484,2144372.8162999996,96871.81629999971,2047501.0,0.04517489475880731,0,27,0.0,0.0,0.0,0.0,0.0,203,0
2023-01-13,0.007522012906240549,0.004266065575892606,0.003255947330347944,1.0802514081500012,0.9673974546646836,1.101888266375461,2160502.8162999996,96871.81629999971,2063631.0,0.044837625560654876,0,27,0.0,0.0,0.0,0.0,0.0,203,0
2023-01-16,0.002252253486220157,0.006162490688113488,-0.003910237201893331,1.0826844081500013,0.9733590324707594,1.09757962188395,2165368.8162999996,96871.81629999971,2068497.0,0.04473686679645001,0,27,0.0,0.0,0.0,0.0,0.0,203,0
2023-01-17,0.0017747554001292798,-0.00198126044532158,0.0037560158454508596,1.0846059081500012,0.9714305547206287,1.10170214833539,2169211.8162999996,96871.81629999971,2072340.0,0.044657610461127255,0,27,0.0,0.0,0.0,0.0,0.0,203,0
2023-01-18,0.0024557306759862563,0.005691792703545756,-0.0032360620275594994,1.0872694081500012,0.976959736063989,1.098136971847481,2174538.8162999996,96871.81629999971,2077667.0,0.044548212050235146,0,27,0.0,0.0,0.0,0.0,0.0,203,0
2023-01-19,0.0019512183310756992,0.0022911116668463626,-0.0003398933357706634,1.0893909081500013,0.9791980599133242,1.0977637224089867,2178781.8162999996,96871.81629999971,2081910.0,0.044461458038284496,0,27,0.0,0.0,0.0,0.0,0.0,203,0
2023-01-20,0.005302045351019746,0.009441569727570757,-0.004139524376551011,1.0951669081500013,0.9884432266730978,1.0932195027203813,2190333.8162999996,96871.81629999971,2093462.0,0.044226964665888005,0,27,0.0,0.0,0.0,0.0,0.0,203,0
2023-01-30,0.0011687716187136488,0.003191681062767084,-0.0020229094440534353,1.0964469081500015,0.9915980222012907,1.0910080186639048,2192893.8162999996,96871.81629999971,2096022.0,0.04417533378950763,0,27,0.0,0.0,0.0,0.0,0.0,203,0
2023-01-31,0.0019969047144237084,0.003274761883580379,-0.0012778571691566707,1.0986364081500015,0.9948452696082292,1.0896138662456478,2197272.8162999996,96871.81629999971,2100401.0,0.04408729566095608,0,27,0.0,0.0,0.0,0.0,0.0,203,0
2023-02-01,0.0034993378805585618,0.005878648195817806,-0.002379310315259244,1.1024809081500015,1.0006936149575294,1.08702133673404,2204961.8162999996,96871.81629999971,2108090.0,0.043933557299669655,0,27,0.0,0.0,0.0,0.0,0.0,203,0
2023-02-02,-0.00370845424149846,-0.002538715416086106,-0.001169738825412354,1.0983924081500016,0.9981531386504578,1.0857498056724104,2196784.8162999996,96871.81629999971,2099913.0,0.04409708933766165,0,27,0.0,0.0,0.0,0.0,0.0,203,0
2023-02-03,-0.004485646444241542,-0.00435920757359799,-0.00012643887064355246,1.0934654081500017,0.9938019819288422,1.0856125246931798,2186930.8162999996,96871.81629999971,2090059.0,0.044295784566195893,0,27,0.0,0.0,0.0,0.0,0.0,203,0
2023-02-06,-0.00044445850447361046,0.0014991978609077638,-0.0019436563653813742,1.0929794081500017,0.9952918877343159,1.0835024669992221,2185958.8162999996,96871.81629999971,2089087.0,0.04431548095858778,0,27,0.0,0.0,0.0,0.0,0.0,203,0
2023-02-07,0.004960294731605641,0.007512276797985165,-0.002551982066379524,1.0984009081500017,1.0027687958897653,1.080737388134562,2196801.8162999996,96871.81629999971,2099930.0,0.044096748091349315,0,27,0.0,0.0,0.0,0.0,0.0,203,0
2023-02-08,-0.005586757944633813,-0.006198539708225806,0.0006117817635919931,1.0922644081500017,0.9965530936902728,1.0813985635598549,2184528.8162999996,96871.81629999971,2087657.0,0.04434449002328765,0,27,0.0,0.0,0.0,0.0,0.0,203,0
2023-02-09,0.0035376049710751367,0.004894885970714352,-0.001357280999639215,1.0961284081500016,1.0014311074476492,1.079930801836498,2192256.8162999996,96871.81629999971,2095385.0,0.04418816973437262,0,27,0.0,0.0,0.0,0.0,0.0,203,0
2023-02-10,0.0023925116624119447,0.006494399987137982,-0.0041018883247260374,1.0987509081500015,1.0079348016189769,1.0755010462889327,2197501.8162999996,96871.81629999971,2100630.0,0.044082701357264734,0,27,0.0,0.0,0.0,0.0,0.0,203,0
2023-02-13,0.001666892820215038,0.0019222303107922247,-0.00025533749057718674,1.1005824081500015,1.0098722844459511,1.0752264305506603,2201164.8162999996,96871.81629999971,2104293.0,0.04400934250022872,0,27,0.0,0.0,0.0,0.0,0.0,203,0
2023-02-14,-0.00011357622934393685,0.00518520712314865,-0.005298783352492587,1.1004574081500016,1.0151086814087307,1.0695290386402985,2200914.8162999996,96871.81629999971,2104043.0,0.04401434148317144,0,27,0.0,0.0,0.0,0.0,0.0,203,0
2023-02-15,-0.00488615003195747,-0.005846101952166742,0.0009599519202092722,1.0950804081500016,1.0091742525646856,1.0705557350946608,2190160.8162999996,96871.81629999971,2093289.0,0.04423045813761403,0,27,0.0,0.0,0.0,0.0,0.0,203,0
2023-02-16,-0.01058187135278632,-0.015366513314141683,0.004784641961355363,1.0834924081500015,0.9936667629763615,1.0756779609867644,2166984.8162999996,96871.81629999971,2070113.0,0.04470350487522229,0,27,0.0,0.0,0.0,0.0,0.0,203,0
2023-02-17,-0.0011504464550224913,-0.0016700310351245864,0.0005195845801020951,1.0822459081500015,0.9920073086436191,1.0762368666684488,2164491.8162999996,96871.81629999971,2067620.0,0.044754993098376876,0,27,0.0,0.0,0.0,0.0,0.0,203,0
2023-02-20,0.011647075683147712,0.01086250211419599,0.000784573568951721,1.0948509081500015,1.002782990131058,1.0770812536679684,2189701.8162999996,96871.81629999971,2092830.0,0.04423972961929891,0,27,0.0,0.0,0.0,0.0,0.0,203,0
2023-02-21,0.004915737804971121,0.005325279742817042,-0.00040954193784592096,1.1002329081500015,1.0081230900748444,1.0766401437241238,2200465.8162999996,96871.81629999971,2103594.0,0.044023322508543225,0,27,0.0,0.0,0.0,0.0,0.0,203,0
2023-02-22,-0.0022363446700910394,-0.0027624302642176913,0.0005260855941266519,1.0977724081500015,1.0053382203407648,1.0772065485937956,2195544.8162999996,96871.81629999971,2098673.0,0.04412199449576762,0,27,0.0,0.0,0.0,0.0,0.0,203,0
2023-02-23,0.0012156435979739921,0.000537547428424517,0.0006780961695494751,1.0991069081500016,1.005878637315806,1.0779369982282105,2198213.8162999996,96871.81629999971,2101342.0,0.0440684229994755,0,27,0.0,0.0,0.0,0.0,0.0,203,0
2023-02-24,-0.002405589465769409,-0.002498830488225049,9.32410224556402e-05,1.0964629081500015,1.0033651171094269,1.078037506176068,2192925.8162999996,96871.81629999971,2096054.0,0.0441746891663878,0,27,0.0,0.0,0.0,0.0,0.0,203,0
2023-02-27,-0.0011245250439710919,-0.005668494929097377,0.004543969885126285,1.0952299081500014,0.9976775470310589,1.0829360761391686,2190459.8162999996,96871.81629999971,2093588.0,0.04422442063494691,0,27,0.0,0.0,0.0,0.0,0.0,203,0
2023-02-28,0.007072031125485934,0.009690804987819683,-0.002618773862333749,1.1029754081500014,1.0073458455800632,1.080100111448397,2205950.8162999996,96871.81629999971,2109079.0,0.0439138604470253,0,27,0.0,0.0,0.0,0.0,0.0,203,0
2023-03-01,0.005896776983368213,0.00618117238842218,-0.0002843954050539676,1.1094794081500015,1.0135724239063546,1.0797929359397027,2218958.8162999996,96871.81629999971,2122087.0,0.04365642822588682,0,27,0.0,0.0,0.0,0.0,0.0,203,0
2023-03-02,0.008912287986027279,0.0024069315269740587,0.006505356459053219,1.1193674081500014,1.0160120233283263,1.086817373889958,2238734.8162999996,96871.81629999971,2141863.0,0.043270786515082496,0,27,0.0,0.0,0.0,0.0,0.0,203,0
2023-03-03,0.010411237557166997,0.007591147001489387,0.0028200905556776098,1.1310214081500014,1.0237247199526922,1.0898822973018114,2262042.8162999996,96871.81629999971,2165171.0,0.04282492603674583,0,27,0.0,0.0,0.0,0.0,0.0,203,0
2023-03-06,0.000351452233472882,-0.0003678596673754682,0.0007193119008483502,1.1314189081500015,1.0233481329177263,1.0906662626087846,2262837.8162999996,96871.81629999971,2165966.0,0.042809880408661495,0,27,0.0,0.0,0.0,0.0,0.0,203,0
2023-03-07,-0.002077479864503351,-0.008048657247913139,0.005971177383409788,1.1290684081500015,1.0151115545505796,1.0971788243289222,2258136.8162999996,96871.81629999971,2161265.0,0.04289900222198496,0,27,0.0,0.0,0.0,0.0,0.0,203,0
2023-03-08,0.005563878994978788,0.0008832798572623816,0.0046805991377164066,1.1353504081500014,1.0160081821395885,1.102314278587997,2270700.8162999996,96871.81629999971,2173829.0,0.042661638030257014,0,27,0.0,0.0,0.0,0.0,0.0,203,0
2023-03-09,0.0007592369666775678,-0.0018607320373677546,0.0026199690040453224,1.1362124081500014,1.0141176631648536,1.1052023078306141,2272424.8162999996,96871.81629999971,2175553.0,0.042629272310856045,0,27,0.0,0.0,0.0,0.0,0.0,203,0
2023-03-10,-0.011827013948809029,-0.014379861311477926,0.002552847362668897,1.1227744081500013,0.9995347918150229,1.108023720627375,2245548.8162999996,96871.81629999971,2148677.0,0.04313948358495979,0,27,0.0,0.0,0.0,0.0,0.0,203,0
2023-03-13,0.008146783479925812,0.001380163422290064,0.006766620057635748,1.1319214081500013,1.0009143131739924,1.1155212961597085,2263842.8162999996,96871.81629999971,2166971.0,0.04279087558663899,0,27,0.0,0.0,0.0,0.0,0.0,203,0
2023-03-14,-0.0038801280445593944,-0.007770763137306729,0.003890635092747335,1.1275294081500014,0.9931364451255772,1.1198613824612544,2255058.8162999996,96871.81629999971,2158187.0,0.04295755640597556,0,27,0.0,0.0,0.0,0.0,0.0,203,0
2023-03-15,0.016613757357101244,0.016761436094657394,-0.00014767873755614988,1.1462619081500014,1.0097828381838247,1.1196960027460547,2292523.8162999996,96871.81629999971,2195652.0,0.04225553322989909,0,27,0.0,0.0,0.0,0.0,0.0,203,0
2023-03-16,-0.003134100483019653,-0.007294409678563667,0.004160309195544014,1.1426694081500015,1.0024170684757292,1.124354284322493,2285338.8162999996,96871.81629999971,2188467.0,0.04238838268053257,0,27,0.0,0.0,0.0,0.0,0.0,203,0
2023-03-17,0.005457834046766807,0.00375797927344095,0.0016998547733258576,1.1489059081500015,1.0061841310424045,1.126265523319608,2297811.8162999996,96871.81629999971,2200940.0,0.042158289731482626,0,27,0.0,0.0,0.0,0.0,0.0,203,0
2023-03-20,-0.004383735834477487,-0.008189383839140718,0.0038056480046632316,1.1438694081500014,0.997944102980446,1.1305516934611504,2287738.8162999996,96871.81629999971,2190867.0,0.04234391426582175,0,27,0.0,0.0,0.0,0.0,0.0,203,0
2023-03-21,-0.005955225265633413,0.0023431087527267937,-0.008298334018360207,1.1370574081500013,1.0002823945428716,1.121169997883787,2274114.8162999996,96871.81629999971,2177243.0,0.04259759252508227,0,27,0.0,0.0,0.0,0.0,0.0,203,0
2023-03-22,0.004731951053161154,0.002921596568604576,0.0018103544845565782,1.1424379081500013,1.0032048161544036,1.1231997130174063,2284875.8162999996,96871.81629999971,2188004.0,0.04239697212816954,0,27,0.0,0.0,0.0,0.0,0.0,203,0
2023-03-23,-0.0015795169147723165,-0.0021887995405882456,0.0006092826258159291,1.1406334081500014,1.001009001913689,1.1238840590878691,2281266.8162999996,96871.81629999971,2184395.0,0.04246404480520902,0,27,0.0,0.0,0.0,0.0,0.0,203,0
2023-03-24,-0.010193897458131373,-0.005778783308324653,-0.00441511414980672,1.1290059081500012,0.9952243878019474,1.118921982675848,2258011.8162999996,96871.81629999971,2161140.0,0.04290137704360415,0,27,0.0,0.0,0.0,0.0,0.0,203,0
2023-03-27,-0.01102164294285235,-0.010145925954660268,-0.0008757169881920823,1.1165624081500012,0.9851269148550368,1.1179421236871572,2233124.8162999996,96871.81629999971,2136253.0,0.04337949029669727,0,27,0.0,0.0,0.0,0.0,0.0,203,0
2023-03-28,-0.0006815561713749974,0.0015442544238664434,-0.0022258105952414407,1.1158014081500012,0.9866482014513716,1.1154537962633877,2231602.8162999996,96871.81629999971,2134731.0,0.043409076020352634,0,27,0.0,0.0,0.0,0.0,0.0,204,0
2023-03-29,-0.004875419550706139,-0.006495643933383083,0.001620224382676944,1.1103614081500013,0.9802392860472307,1.1172610817018431,2220722.8162999996,96871.81629999971,2123851.0,0.04362175035486879,0,27,0.0,0.0,0.0,0.0,0.0,204,0
2023-03-30,0.002827457778121767,0.00036205152125200446,0.0024654062568697623,1.1135009081500011,0.9805941831719349,1.120015584163228,2227001.8162999996,96871.81629999971,2130130.0,0.04349875944912571,0,27,0.0,0.0,0.0,0.0,0.0,204,0
2023-03-31,0.00441984372350146,0.0031344373312451666,0.0012854063922562932,1.1184224081500012,0.9836677941864709,1.1214552593545382,2236844.8162999996,96871.81629999971,2139973.0,0.04330734774003541,0,27,0.0,0.0,0.0,0.0,0.0,204,0
2023-04-03,0.002201314979080715,0.003198714859113502,-0.000997399880032787,1.1208844081500013,0.9868142669761666,1.1203367200133958,2241768.8162999996,96871.81629999971,2144897.0,0.043212224024011966,0,27,0.0,0.0,0.0,0.0,0.0,204,0
2023-04-04,0.009938080607602817,0.0008696680437563139,0.009068412563846504,1.1320238477500013,0.9876724678092785,1.1304963956009038,2264047.6954999994,5673.695499999667,2258374.0,0.0025059964554972284,28,28,661746.0,570998.0,450.1207999999999,0.0,0.0,204,1
2023-04-06,-0.004468103750687957,-0.00651912315281048,0.002051019402122523,1.1269658477500013,0.9812337093569896,1.1328150656423108,2253931.6954999994,5673.695499999667,2248258.0,0.002517243761790681,0,28,0.0,0.0,0.0,0.0,0.0,204,0
2023-04-07,-0.0010577072964366163,0.005322556226997826,-0.006380263523434442,1.1257738477500012,0.9864563809468678,1.125587407000196,2251547.6954999994,5673.695499999667,2245874.0,0.0025199090880194362,0,28,0.0,0.0,0.0,0.0,0.0,204,0
2023-04-10,-0.0020434832489649724,0.0004502619107122232,-0.0024937451596771954,1.1234733477500012,0.9869005446817873,1.1227804788521958,2246946.6954999994,5673.695499999667,2241273.0,0.0025250690242730185,0,28,0.0,0.0,0.0,0.0,0.0,204,0
2023-04-11,0.0001744589672665331,-0.0036456655006559474,0.0038201244679224805,1.123669347750001,0.9833026354134624,1.127069640031565,2247338.6954999994,5673.695499999667,2241665.0,0.002524628580178189,0,28,0.0,0.0,0.0,0.0,0.0,205,0
2023-04-12,0.012581103176221298,0.005579541558988452,0.0070015616172328455,1.1378063477500011,0.9887890133328148,1.1349608875631583,2275612.6954999994,5673.695499999667,2269939.0,0.0024932606111836785,0,28,0.0,0.0,0.0,0.0,0.0,205,0
2023-04-13,0.006344225460048092,0.004414084295317858,0.0019301411647302336,1.145024847750001,0.9931536113879499,1.1371515222926027,2290049.6954999994,5673.695499999667,2284376.0,0.0024775425228319757,0,28,0.0,0.0,0.0,0.0,0.0,205,0
2023-04-14,0.001437523389326012,0.007128775619550982,-0.00569125223022497,1.146670847750001,1.0002335806392815,1.1306797061552514,2293341.6954999994,5673.695499999667,2287668.0,0.0024739861099340784,0,28,0.0,0.0,0.0,0.0,0.0,205,0
2023-04-17,0.01361899103883446,0.010464050249439298,0.0031549407893951623,1.1622873477500009,1.0107000750882675,1.134246933679942,2324574.6954999994,5673.695499999667,2318901.0,0.0024407456172447473,0,28,0.0,0.0,0.0,0.0,0.0,205,0
2023-04-18,-0.0002895153256649019,-0.0007436979120589688,0.0004541825863940669,1.161950847750001,1.0099484195527066,1.13476208888589,2323901.6954999994,5673.695499999667,2318228.0,0.002441452455147395,0,28,0.0,0.0,0.0,0.0,0.0,205,0
2023-04-19,0.0021265959784657618,-0.002169562629507439,0.004296158607973201,1.164421847750001,1.007757273203915,1.1396372068020588,2328843.6954999994,5673.695499999667,2323170.0,0.002436271489994322,0,28,0.0,0.0,0.0,0.0,0.0,205,0
2023-04-20,0.0008725360160179996,-0.0029470923219897765,0.003819628338007776,1.1654378477500011,1.0047873194816264,1.1439901973722082,2330875.6954999994,5673.695499999667,2325202.0,0.002434147608537569,0,28,0.0,0.0,0.0,0.0,0.0,205,0
2023-04-21,-0.008720327746023271,-0.01502609514259909,0.006305767396575819,1.1552748477500012,0.9896892896210183,1.1512039334608002,2310549.6954999994,5673.695499999667,2304876.0,0.002455560904424472,0,28,0.0,0.0,0.0,0.0,0.0,205,0
2023-04-24,0.001046504217030897,-0.0009385127985291995,0.0019850170155600966,1.1564838477500012,0.9887604535561417,1.1534890928570998,2312967.6954999994,5673.695499999667,2307294.0,0.0024529938360307152,0,28,0.0,0.0,0.0,0.0,0.0,205,0
2023-04-25,0.0043221528858572444,-0.001954281755339904,0.006276434641197148,1.1614823477500011,0.9868281370413553,1.1607288917577512,2322964.6954999994,7869.695499999667,2315095.0,0.003387780931515956,0,28,0.0,0.0,0.0,2196.0,0.0,205,0
2023-04-26,0.003460233388639544,0.00812993454332459,-0.004669701154685046,1.1655013477500011,0.9948509852010124,1.1553086347116337,2331002.6954999994,7869.695499999667,2323133.0,0.00337609884158097,0,28,0.0,0.0,0.0,0.0,0.0,205,0
2023-04-27,0.00602659105762493,0.003999608255432053,0.0020269828021928773,1.172525347750001,0.9988299994143471,1.157650425445419,2345050.6954999994,7869.695499999667,2337181.0,0.0033558743591774382,0,28,0.0,0.0,0.0,0.0,0.0,205,0
2023-04-28,0.01531054320868086,0.014047574195534296,0.0012629690131465646,1.190477347750001,1.0128611379398458,1.1591125020608124,2380954.6954999994,7869.695499999667,2373085.0,0.0033052688969149135,0,28,0.0,0.0,0.0,0.0,0.0,205,0
2023-05-04,0.04385299737006276,0.024221183725897513,0.01963181364416525,1.2426833477500012,1.0373938336507083,1.1818679826938925,2485366.6954999994,7869.695499999667,2477497.0,0.003166412229731944,0,28,0.0,0.0,0.0,0.0,0.0,205,0
2023-05-05,0.004559488151393287,0.0015734954260407375,0.0029859927253525495,1.2483493477500012,1.0390261681029604,1.1853970318925435,2496698.6954999994,7869.695499999667,2488829.0,0.003152040538245104,0,28,0.0,0.0,0.0,0.0,0.0,205,0
2023-05-08,0.033572332997600096,0.01787916347521902,0.015693169522381076,1.290259347750001,1.0576030868175037,1.2039996684653604,2580518.6954999994,7869.695499999667,2572649.0,0.0030496564561702743,0,28,0.0,0.0,0.0,0.0,0.0,205,0
2023-05-09,-0.01526127288621304,-0.008594043999410009,-0.006667228886803031,1.2705683477500012,1.0485139993554822,1.195972327096067,2541136.6954999994,7869.695499999667,2533267.0,0.0030969193880580315,0,28,0.0,0.0,0.0,0.0,0.0,205,0
2023-05-10,-0.021194452110889994,-0.008395897720307115,-0.012798554390582879,1.2436393477500012,1.0397107830585834,1.180665610218096,2487278.6954999994,7869.695499999667,2479409.0,0.0031639781719023166,0,28,0.0,0.0,0.0,0.0,0.0,205,0
2023-05-11,-0.00019700245126796911,0.007308495954521482,-0.007505498405789451,1.2433943477500011,1.0473095051104395,1.1718041263628336,2486788.6954999994,7869.695499999667,2478919.0,0.0031646016061760195,0,28,0.0,0.0,0.0,0.0,0.0,205,0
2023-05-12,0.0016016640284748362,0.0024690027578358194,-0.0008673387293609831,1.2453858477500013,1.0498953151668649,1.1707877752608142,2490771.6954999994,7869.695499999667,2482902.0,0.0031595410828770872,0,28,0.0,0.0,0.0,0.0,0.0,205,0
2023-05-15,0.0024554639074507723,0.0058495552504091285,-0.0033940913429583563,1.2484438477500013,1.0560367358200793,1.16681401460836,2496887.6954999994,7869.695499999667,2489018.0,0.0031518019469529116,0,28,0.0,0.0,0.0,0.0,0.0,205,0
2023-05-16,-0.004689037484986058,-0.005214765479239184,0.0005257279942531253,1.2425898477500013,1.0505297519053163,1.1674274413999266,2485179.6954999994,7869.695499999667,2477310.0,0.00316665048980144,0,28,0.0,0.0,0.0,0.0,0.0,205,0
2023-05-17,-0.00684980648716238,0.0033539903479820003,-0.01020379683514438,1.2340783477500012,1.0540532185534746,1.1555152489681093,2468156.6954999994,7869.695499999667,2460287.0,0.0031884910363867407,0,28,0.0,0.0,0.0,0.0,0.0,205,0
2023-05-18,0.0027952034052693975,-0.0006850038357494624,0.0034802072410188597,1.2375278477500014,1.0533311880556815,1.159536681504676,2475055.6954999994,7869.695499999667,2467186.0,0.0031796033981408515,0,28,0.0,0.0,0.0,0.0,0.0,205,0
2023-05-19,-0.014143520108919505,-0.010634102287677583,-0.0035094178212419225,1.2200248477500013,1.0421299564590965,1.1554673828102198,2440049.6954999994,7869.695499999667,2432180.0,0.0032252193529144738,0,28,0.0,0.0,0.0,0.0,0.0,205,0
2023-05-22,0.0008741625237935757,0.012748691249516282,-0.011874528725722706,1.2210913477500014,1.0554157495158654,1.1417467521814042,2442182.6954999994,7869.695499999667,2434313.0,0.0032224024494565784,0,28,0.0,0.0,0.0,0.0,0.0,205,0
2023-05-23,-0.01713262487572975,-0.015367237823561187,-0.0017653870521685648,1.2001708477500013,1.039196924690323,1.1397311272482475,2400341.6954999994,7869.695499999667,2392472.0,0.0032785730109814145,0,28,0.0,0.0,0.0,0.0,0.0,205,0
2023-05-24,-0.017632073000000137,-0.006023359004743156,-0.01160871399525698,1.1790093477500012,1.0329374685362882,1.1265003145605308,2358018.6954999994,7869.695499999667,2350149.0,0.003337418619715803,0,28,0.0,0.0,0.0,0.0,0.0,205,0
2023-05-25,0.004642880915614933,0.012438802110705182,-0.007795921195090249,1.1844833477500014,1.0457859733001438,1.1177182068819727,2368966.6954999994,7869.695499999667,2361097.0,0.003321994992563064,0,28,0.0,0.0,0.0,0.0,0.0,205,0
2023-05-26,0.009174042016413031,0.0038851187268684312,0.005288923289544599,1.1953498477500015,1.0498489759693086,1.1236297327374987,2390699.6954999994,7869.695499999667,2382830.0,0.003291795918497313,0,28,0.0,0.0,0.0,0.0,0.0,205,0
2023-05-29,0.019211948738879103,0.01257562556775133,0.006636323171127773,1.2183148477500014,1.0630514835937859,1.1310865027686325,2436629.6954999994,7869.695499999667,2428760.0,0.0032297462000621295,0,28,0.0,0.0,0.0,0.0,0.0,205,0
2023-05-30,0.0024435391274251206,0.003000167849977587,-0.0005566287225524666,1.2212918477500014,1.0662408164777348,1.1304569075335,2442583.6954999994,7869.695499999667,2434714.0,0.0032218734262814,0,28,0.0,0.0,0.0,0.0,0.0,205,0
2023-05-31,-0.009229161744398473,-0.013048173575434995,0.0038190118310365215,1.2100203477500013,1.0523283212311199,1.1347741358378476,2420040.6954999994,8765.695499999667,2411275.0,0.003622127312280013,0,28,0.0,0.0,0.0,896.0,0.0,205,0
2023-06-01,-0.007565575254186885,-0.0095327281472467,0.001967152893059815,1.2008658477500014,1.042296761423175,1.1370064100621304,2401731.6954999994,8765.695499999667,2392966.0,0.0036497396925824384,0,28,0.0,0.0,0.0,0.0,0.0,205,0
2023-06-02,-0.0032081018934947414,0.0023432110647064863,-0.005551312958201228,1.1970133477500013,1.0447390827272496,1.1306945316443946,2394026.6954999994,8765.695499999667,2385261.0,0.0036614861131149274,0,28,0.0,0.0,0.0,0.0,0.0,205,0
2023-06-05,0.006895495372307048,0.005122217150435131,0.0017732782218719172,1.2052673477500013,1.050090463174525,1.1326995676329494,2410534.6954999994,8765.695499999667,2401769.0,0.0036364112561265015,0,28,0.0,0.0,0.0,0.0,0.0,205,0
2023-06-06,-0.010515509296472603,-0.01951168619005199,0.008996176893579386,1.1925933477500013,1.0296014275858973,1.1428895333106563,2385186.6954999994,8765.695499999667,2376421.0,0.003675056345290464,0,28,0.0,0.0,0.0,0.0,0.0,205,0
2023-06-07,0.016896790543078133,0.005356899935745009,0.011539890607333124,1.2127443477500013,1.035116899407175,1.1560783535013275,2425488.6954999994,8765.695499999667,2416723.0,0.0036139914880917116,0,28,0.0,0.0,0.0,0.0,0.0,205,0
2023-06-08,0.011484695868375416,0.006102115351980332,0.005382580516395084,1.2266723477500014,1.0414333021301418,1.16230103832231,2453344.6954999994,8765.695499999667,2444579.0,0.003572957161738412,0,28,0.0,0.0,0.0,0.0,0.0,205,0
2023-06-09,-0.006271438346279412,0.0020058842014143916,-0.008277322547693804,1.2189793477500015,1.0435222967377116,1.152680297730597,2437958.6954999994,8765.695499999667,2429193.0,0.0035955061569252367,0,28,0.0,0.0,0.0,0.0,0.0,205,0
2023-06-12,-0.010235202116450348,-0.008993244446990886,-0.001241957669459462,1.2065028477500015,1.034137645637264,1.1512487175943957,2413005.6954999994,8765.695499999667,2404240.0,0.003632687447172944,0,28,0.0,0.0,0.0,0.0,0.0,205,0
2023-06-13,-0.0018607498558222968,-0.002240917224995999,0.0003801673691737023,1.2042578477500014,1.0318202287741387,1.1516863847906282,2408515.6954999994,8765.695499999667,2399750.0,0.003639459571045037,0,28,0.0,0.0,0.0,0.0,0.0,205,0
2023-06-14,-0.011404949551012789,-0.009420157070755051,-0.001984792480257737,1.1905233477500015,1.0221003201503038,1.1494005263144806,2381046.6954999994,8765.695499999667,2372281.0,0.0036814462801448527,0,28,0.0,0.0,0.0,0.0,0.0,205,0
2023-06-15,-0.002015080178422335,0.0037177312388344715,-0.005732811417256806,1.1881243477500014,1.0259002144397493,1.1428112298542241,2376248.6954999994,12829.695499999667,2363419.0,0.005399138366407436,0,28,0.0,0.0,0.0,4064.0,0.0,205,0
2023-06-16,-0.0011133514791653587,0.0006951113424771011,-0.0018084628216424598,1.1868015477500016,1.0266133293150561,1.1407444982328772,2373603.0955,15372.095499999667,2358231.0,0.0064762704131718085,0,28,0.0,0.0,0.0,2542.4,0.0,205,0
2023-06-19,-0.00671156859805333,-0.0021876834503471183,-0.004523885147706212,1.1788362477500016,1.0243674243246077,1.135583901139994,2357672.4954999997,16684.495499999666,2340988.0,0.0070766807229777386,0,28,0.0,0.0,0.0,1312.4,0.0,205,0
2023-06-20,-0.009381693192000884,-0.009236138897885996,-0.00014555429411488782,1.1677767677500015,1.0149062245110758,1.1354186120268552,2335553.5354999998,17879.535499999667,2317674.0,0.007655373866723197,0,28,0.0,0.0,0.0,1195.04,0.0,205,0
2023-06-21,-0.00015927701692364238,0.0012724832415617236,-0.001431760258485366,1.1675907677500015,1.016197675673523,1.1337929647814107,2335181.5354999998,17879.535499999667,2317302.0,0.007656593386077529,0,28,0.0,0.0,0.0,0.0,0.0,205,0
2023-06-26,-0.0036185623565195835,0.01188121407149136,-0.015499776428010944,1.1633657677500016,1.0282713377971522,1.1162194273116472,2326731.5354999998,17879.535499999667,2308852.0,0.007684399866165681,0,28,0.0,0.0,0.0,0.0,0.0,205,0
2023-06-27,0.01785637894449721,0.01092553825253907,0.006930840691958139,1.1841392677500016,1.0395057556322445,1.1239557663396131,2368278.5354999998,17879.535499999667,2350399.0,0.007549591499474901,0,28,0.0,0.0,0.0,0.0,0.0,205,0
2023-06-28,0.01093212627311746,0.012786083335944365,-0.001853957062826905,1.1970844277500015,1.052796962851952,1.1218720006083027,2394168.8554999996,25447.855499999667,2368721.0,0.010629098044417223,0,28,0.0,0.0,0.0,7568.32,0.0,205,0
2023-06-29,-0.005065430523891412,-0.007820198825548921,0.002754768301657509,1.1910206797500016,1.0445638812795157,1.1249624980340955,2382041.3595,30159.359499999668,2351882.0,0.012661140151794106,0,28,0.0,0.0,0.0,4711.504,0.0,205,0
2023-06-30,0.0022652839248487044,0.0009129887357572705,0.0013522951890914338,1.1937186797500017,1.0455175563369028,1.1264837794080953,2387437.3595,30159.359499999668,2357278.0,0.012632523898476621,0,28,0.0,0.0,0.0,0.0,0.0,205,0
2023-07-03,0.007334223840606668,0.009963318899655158,-0.0026290950590484898,1.2024736797500017,1.0559343811658755,1.1235221464695553,2404947.3595,30159.359499999668,2374788.0,0.012540548707174175,0,28,0.0,0.0,0.0,0.0,0.0,205,0
2023-07-04,-0.0067539430897884944,-0.008075143250953775,0.0013212001611652806,1.1943522409500016,1.0474075597743537,1.1250065441105437,2388704.4818999995,19418.48189999965,2369286.0,0.008129294371547373,28,28,1237179.0,1227218.0,779.8775999999998,0.0,0.0,205,1
2023-07-05,-0.002690475966657835,5.1424377991775224e-05,-0.00274190034464961,1.1911388649500017,1.0474614220566192,1.121921888279514,2382277.7298999997,20175.72989999965,2362102.0,0.008469092266940077,0,28,0.0,0.0,0.0,757.248,0.0,205,0
2023-07-06,-0.0020094214624593043,-0.0014749318697882211,-0.0005344895926710832,1.1887453649500017,1.0459164878228542,1.1213222327064385,2377490.7298999997,22719.72989999965,2354771.0,0.009556180225760658,0,28,0.0,0.0,0.0,2544.0,0.0,205,0
2023-07-07,0.0069463993244232025,0.008775636030270107,-0.001829236705846905,1.1970028649500015,1.0550950702380462,1.1192710689192897,2394005.7298999997,22719.72989999965,2371286.0,0.009490257110181886,0,28,0.0,0.0,0.0,0.0,0.0,205,0
2023-07-10,0.006210093741346734,0.007909638901236946,-0.0016995451598902124,1.2044363649500016,1.0634404912501043,1.1173688171915028,2408872.7298999997,22719.72989999965,2386153.0,0.009431685459340486,0,28,0.0,0.0,0.0,0.0,0.0,205,0
2023-07-11,-0.000772975664877662,-0.0017122536732800538,0.0009392780084023918,1.2035053649500016,1.0616196113626466,1.1184183371487653,2407010.7298999997,22719.72989999965,2384291.0,0.009438981562389441,0,28,0.0,0.0,0.0,0.0,0.0,205,0
2023-07-12,-0.00875318075581466,-0.004348720241795009,-0.004404460514019651,1.1929708649500015,1.0570029246696273,1.113492307744638,2385941.7298999997,22719.72989999965,2363222.0,0.009522332257859409,0,28,0.0,0.0,0.0,0.0,0.0,205,0
2023-07-13,0.011141345015627913,0.00574295673611544,0.005398388279512473,1.2062621649500016,1.0630732467359523,1.119503371568094,2412524.3299,27097.329899999648,2385427.0,0.011231940571195335,0,28,0.0,0.0,0.0,4377.6,0.0,205,0
2023-07-14,-0.0021532798387221552,-0.004853119233073257,0.002699839394351102,1.2036647449500015,1.0579140255160524,1.1225258508727625,2407329.4898999995,35029.48989999965,2372300.0,0.014551182148919206,0,28,0.0,0.0,0.0,7932.16,0.0,205,0
2023-07-17,8.224881588936306e-05,-0.000581515110777173,0.0006637639266665361,1.2037637449500014,1.0572988325243118,1.1232709430393224,2407527.4898999995,35029.48989999965,2372498.0,0.014549985429846393,0,28,0.0,0.0,0.0,0.0,0.0,205,0
2023-07-18,0.0034192755989432833,-0.001637463282553807,0.0050567388814970905,1.2078797449500016,1.0555675445073662,1.1289510308914452,2415759.4898999995,35029.48989999965,2380730.0,0.014500404550392431,0,28,0.0,0.0,0.0,0.0,0.0,205,0
2023-07-19,0.004343561535769647,0.001513018736804318,0.002830542798965329,1.2131262449500018,1.0571646379801685,1.1321465751023194,2426252.4898999995,38593.48989999965,2387659.0,0.015906625572011394,0,28,0.0,0.0,0.0,3564.0,0.0,205,0
2023-07-20,-0.010178660342567203,-0.011095332710756526,0.0009166723681893231,1.2007782449500017,1.045435044591732,1.1331843825844559,2401556.4898999995,38593.48989999965,2362963.0,0.01607019866586885,0,28,0.0,0.0,0.0,0.0,0.0,205,0
2023-07-21,0.0038683245799422394,0.00288148925400034,0.0009868353259418995,1.2054232449500017,1.0484474544384783,1.1343026489639958,2410846.4898999995,38593.48989999965,2372253.0,0.016008273468129646,0,28,0.0,0.0,0.0,0.0,0.0,205,0
2023-07-24,0.01119772665455776,0.002323279310342727,0.008874447344215034,1.218921244950002,1.0508832907173566,1.1443689580946304,2437842.4898999995,38593.48989999965,2399249.0,0.015831002232462837,0,28,0.0,0.0,0.0,0.0,0.0,205,0
2023-07-25,-0.00015792652790125317,0.0071103031743357595,-0.007268229702237013,1.218728744950002,1.0583553895152007,1.1360514216430888,2437457.4898999995,38593.48989999965,2398864.0,0.015833502762578645,0,28,0.0,0.0,0.0,0.0,0.0,205,0
2023-07-26,0.00241390876533476,-0.0011054869673939865,0.0035193957327287464,1.221670644950002,1.0571853914252205,1.14004963616858,2443341.2898999997,41758.289899999654,2401583.0,0.0170906496250095,0,28,0.0,0.0,0.0,3164.7999999999997,0.0,205,0
2023-07-27,0.0012523833705300191,-0.0009244610728521821,0.0021768444433822014,1.2232006449500021,1.05620806468406,1.1425313468842535,2446401.2898999997,41758.289899999654,2404643.0,0.017069272352168596,0,28,0.0,0.0,0.0,0.0,0.0,205,0
2023-07-28,0.01490066251620159,0.011684392451033192,0.0032162700651683987,1.2414271449500023,1.0685492142217747,1.1462060362537538,2482854.2898999997,45022.289899999654,2437832.0,0.018133279138911124,0,28,0.0,0.0,0.0,3264.0,0.0,205,0
2023-07-31,0.008276764401195624,0.009042443837738124,-0.0007656794365425001,1.2517021449500023,1.0782115104792342,1.1453284098617535,2503404.2898999997,45022.289899999654,2458382.0,0.01798442627970335,0,28,0.0,0.0,0.0,0.0,0.0,205,0
2023-08-01,0.005014371849822785,0.00860722622748503,-0.0035928543776622447,1.2579786449500023,1.0874919208710074,1.1412134116705208,2515957.2898999997,45022.289899999654,2470935.0,0.017894695621716666,0,28,0.0,0.0,0.0,0.0,0.0,205,0
2023-08-02,-0.010095958346339695,-0.009706562007626726,-0.0003893963387129693,1.2452781449500023,1.07693611310828,1.1407690273463262,2490556.2898999997,45022.289899999654,2445534.0,0.018077202303188006,0,28,0.0,0.0,0.0,0.0,0.0,205,0
2023-08-03,0.0030121784560432907,0.003195449381873881,-0.00018327092583059028,1.2490291449500024,1.0803774079452293,1.1405599575505256,2498058.2898999997,45022.289899999654,2453036.0,0.0180229140697121,0,28,0.0,0.0,0.0,0.0,0.0,205,0
2023-08-04,-0.004861776063874834,-0.005058154151930854,0.0001963780880560196,1.2429566449500025,1.0749126924735788,1.1407839385343028,2485913.2898999997,45022.289899999654,2440891.0,0.018110965528411797,0,28,0.0,0.0,0.0,0.0,0.0,205,0
2023-08-07,-0.009136682318035994,-0.006943224986112433,-0.002193457331923561,1.2316001449500025,1.0674493318093068,1.138281677640184,2463200.2898999997,45022.289899999654,2418178.0,0.018277965492537133,0,28,0.0,0.0,0.0,0.0,0.0,205,0
2023-08-08,0.00034670343434983764,-0.0031690999414155747,0.0035158033757654123,1.2320271449500024,1.0640664781944058,1.1422836522050033,2464054.2898999997,45022.289899999654,2419032.0,0.01827163065543772,0,28,0.0,0.0,0.0,0.0,0.0,205,0
2023-08-09,-0.006545310331070087,-0.007326738568169492,0.000781428237099405,1.2239631449500024,1.0562703412895227,1.1431762649056134,2447926.2898999997,45022.289899999654,2402904.0,0.018392012082128036,0,28,0.0,0.0,0.0,0.0,0.0,205,0
2023-08-10,0.010361423097031253,0.011376546436513847,-0.0010151233394825945,1.2366451449500022,1.0682870498767152,1.1420157999979652,2473290.2898999997,45022.289899999654,2428268.0,0.01820339896366148,0,28,0.0,0.0,0.0,0.0,0.0,205,0
2023-08-11,-0.01757763744010732,-0.021672378493420658,0.004094741053313339,1.2149078449500021,1.0451347285921673,1.1466920589777494,2429815.6898999996,46836.689899999656,2382979.0,0.019275820011651686,0,28,0.0,0.0,0.0,1814.4,0.0,205,0
2023-08-14,0.0027277789124295904,0.001540000747804029,0.0011877781646255615,1.218221844950002,1.0467442368557554,1.1480540747669525,2436443.6898999996,46836.689899999656,2389607.0,0.01922338287322454,0,28,0.0,0.0,0.0,0.0,0.0,205,0
2023-08-15,0.008951161108465833,0.0032677412116308173,0.005683419896835015,1.2291263449500018,1.050164726136566,1.1545789481381254,2458252.6898999996,46836.689899999656,2411416.0,0.019052837852037475,0,28,0.0,0.0,0.0,0.0,0.0,205,0
2023-08-16,-0.0033902129078272614,-0.004941515341243559,0.0015513024334162977,1.2249593449500018,1.0449753210315293,1.1563700492699434,2449918.6898999996,47724.689899999656,2402194.0,0.019480111767279783,0,28,0.0,0.0,0.0,888.0,0.0,205,0
2023-08-17,-0.0007514535105143105,0.0026618131631353315,-0.003413266673649642,1.224038844950002,1.0477568500962027,1.1524230499183636,2448077.6898999996,47724.689899999656,2400353.0,0.019494761174000626,0,28,0.0,0.0,0.0,0.0,0.0,205,0
2023-08-18,0.004901396736510577,0.00169136934229788,0.003210027394212697,1.230038344950002,1.049528993910638,1.1561223594783236,2460076.6898999996,47724.689899999656,2412352.0,0.019399675666997043,0,28,0.0,0.0,0.0,0.0,0.0,205,0
2023-08-21,-0.0035405400310321022,-0.0027932794558784358,-0.0007472605751536665,1.2256833449500022,1.0465973661335986,1.155258434819032,2451366.6898999996,47724.689899999656,2403642.0,0.019468605042498362,0,28,0.0,0.0,0.0,0.0,0.0,205,0
2023-08-22,0.0012805101794575169,-0.0010406143578422535,0.0023211245372997706,1.2272528449500022,1.04550826188752,1.157939933519013,2454505.6898999996,47724.689899999656,2406781.0,0.019443707177531144,0,28,0.0,0.0,0.0,0.0,0.0,205,0
2023-08-23,-0.0045084434090070236,-0.00875715369890758,0.004248710289900556,1.2217198449500022,1.0363525853446933,1.162859684829642,2443439.6898999996,47724.689899999656,2395715.0,0.019531765034868875,0,28,0.0,0.0,0.0,0.0,0.0,205,0
2023-08-24,-0.01310284028385833,-0.010823869031737897,-0.0022789712521204333,1.2057118449500022,1.0251352406902194,1.1602095610376655,2411423.6898999996,47724.689899999656,2363699.0,0.019791084453507534,0,28,0.0,0.0,0.0,0.0,0.0,205,0
2023-08-25,0.006840357449040324,0.0042253189558734226,0.0026150384931669015,1.2139593449500021,1.0294667640550417,1.1632435536999193,2427918.6898999996,47724.689899999656,2380194.0,0.019656626104709186,0,28,0.0,0.0,0.0,0.0,0.0,205,0
2023-08-28,0.011592233346644498,0.010483289382927814,0.001108943963716684,1.2280318449500023,1.040258962052737,1.1645335256171272,2456063.6898999996,47724.689899999656,2408339.0,0.019431373093562895,0,28,0.0,0.0,0.0,0.0,0.0,205,0
2023-08-29,-0.008301087664721818,0.002554640557217991,-0.010855728221939809,1.2178378449500022,1.0429164497872063,1.1518916661576903,2435675.6898999996,47724.689899999656,2387951.0,0.019594024811225613,0,28,0.0,0.0,0.0,0.0,0.0,205,0
2023-08-30,-0.019729227581186337,-0.015651569906223697,-0.00407765767496264,1.1938108449500022,1.0265931700670112,1.1471946462644569,2387621.6898999996,47724.689899999656,2339897.0,0.019988380111423138,0,28,0.0,0.0,0.0,0.0,0.0,205,0
2023-08-31,-0.00249830198194001,-0.0045121805232876,0.00201387854134759,1.1908283449500021,1.0219609963596947,1.1495049569453175,2381656.6898999996,47724.689899999656,2333932.0,0.020038442191264563,0,28,0.0,0.0,0.0,0.0,0.0,205,0
2023-09-01,0.006826340701808986,0.0025535129528697497,0.004272827748939237,1.1989573449500022,1.024570587001227,1.1544165936228967,2397914.6898999996,47724.689899999656,2350190.0,0.019902580396632008,0,28,0.0,0.0,0.0,0.0,0.0,205,0
2023-09-04,0.014929638719337834,0.014769420835459802,0.00016021788387803222,1.2168573449500022,1.0397029011762822,1.1546015518066406,2433714.6898999996,47724.689899999656,2385990.0,0.019609812973582635,0,28,0.0,0.0,0.0,0.0,0.0,205,0
2023-09-05,-0.007488552407410087,-0.0023722717963388,-0.005116280611071287,1.2077448449500021,1.03723644330725,1.1486942862736194,2415489.6898999996,47724.689899999656,2367765.0,0.01975777007020694,0,28,0.0,0.0,0.0,0.0,0.0,205,0
2023-09-06,-0.0036816551265711484,-0.004622713920658118,0.0009410587940869696,1.203298344950002,1.0324415959617597,1.1497752751334347,2406596.6898999996,47724.689899999656,2358872.0,0.019830780163660387,0,28,0.0,0.0,0.0,0.0,0.0,205,0
2023-09-07,-0.0031334706108622212,-0.0114490359840364,0.00831556537317418,1.1995278449500022,1.0206211349781775,1.159336306598266,2399055.6898999996,47724.689899999656,2351331.0,0.01989311465378654,0,28,0.0,0.0,0.0,0.0,0.0,205,0
2023-09-08,0.001731097788802538,0.0050766667331115616,-0.0033455689443090235,1.2016043449500022,1.0258024883412318,1.1554576670549008,2403208.6898999996,47724.689899999656,2355484.0,0.019858737237666003,0,28,0.0,0.0,0.0,0.0,0.0,205,0
2023-09-11,0.010101078654559226,0.006708109578302356,0.0033929690762568698,1.2137418449500024,1.03268368383872,1.159378099188142,2427483.6898999996,47724.689899999656,2379759.0,0.019660148530994116,0,28,0.0,0.0,0.0,0.0,0.0,205,0
2023-09-12,-0.0003670467503890107,0.0005765308388761448,-0.0009435775892651555,1.2132963449500023,1.033279057829257,1.1582841359962632,2426592.6898999996,47724.689899999656,2378868.0,0.01966736737427755,0,28,0.0,0.0,0.0,0.0,0.0,205,0
2023-09-13,0.0026889555990003977,0.0024350803541559884,0.00025387524484440926,1.2165588449500022,1.0357951753633379,1.1585781956648886,2433117.6898999996,47724.689899999656,2385393.0,0.019614624519852603,0,28,0.0,0.0,0.0,0.0,0.0,205,0
2023-09-14,0.0108646614628356,0.00567329078218035,0.005191370680655251,1.2297763449500023,1.0416715425839536,1.1645928045411098,2459552.6898999996,47724.689899999656,2411828.0,0.019403808707159693,0,28,0.0,0.0,0.0,0.0,0.0,205,0
2023-09-15,-0.00048179492346966946,-0.005454501998163729,0.00497270707469406,1.2291838449500023,1.035989743073499,1.1703839834193892,2458367.6898999996,47724.689899999656,2410643.0,0.019413161869997152,0,28,0.0,0.0,0.0,0.0,0.0,205,0
2023-09-18,-0.0037602186353076217,-0.0002718147644192328,-0.003488403870888389,1.2245618449500022,1.0357081457655446,1.1663012114012032,2449123.6898999996,47724.689899999656,2401399.0,0.019486435126495512,0,28,0.0,0.0,0.0,0.0,0.0,205,0
2023-09-19,0.008879502529693717,0.003246119289131411,0.005633383240562306,1.2354353449500022,1.0390701779554246,1.1728714330989585,2470870.6898999996,47724.689899999656,2423146.0,0.019314928172923188,0,28,0.0,0.0,0.0,0.0,0.0,205,0
2023-09-20,-0.0040613213961456784,-0.005472830359770496,0.0014115089636248176,1.230417844950002,1.033383523139578,1.1745269516399572,2460835.6898999996,47724.689899999656,2413111.0,0.01939369218996455,0,28,0.0,0.0,0.0,0.0,0.0,205,0
2023-09-21,-0.0018457144532817438,-0.006632048091861744,0.00478633363858,1.2281468449500021,1.0265300739167789,1.1801486294980104,2456293.6898999996,47724.689899999656,2408569.0,0.019429553597860937,0,28,0.0,0.0,0.0,0.0,0.0,205,0
2023-09-22,-0.0011525494738844344,0.005434060045303726,-0.0065866095191881606,1.2267313449500021,1.0321082999767528,1.172375451300902,2453462.6898999996,47724.689899999656,2405738.0,0.01945197295906092,0,28,0.0,0.0,0.0,0.0,0.0,205,0
2023-09-25,0.0030202211879986063,-0.0035591643400333826,0.006579385528031989,1.2304363449500022,1.0284348569204231,1.1800889613786112,2460872.6898999996,47724.689899999656,2413148.0,0.019393400599662474,0,28,0.0,0.0,0.0,0.0,0.0,205,0
2023-09-26,-0.000822878813809047,-0.0023319619924454826,0.0015090831786364355,1.2294238449500021,1.0260365859223786,1.181869813779522,2458847.6898999996,47724.689899999656,2411123.0,0.01940937216080293,0,28,0.0,0.0,0.0,0.0,0.0,205,0
2023-09-27,-0.006963831094676909,-0.0028378329192472376,-0.004125998175429671,1.220862344950002,1.023124865522496,1.1769934210842723,2441724.6898999996,47724.689899999656,2394000.0,0.019545483607308,0,28,0.0,0.0,0.0,0.0,0.0,205,0
2023-09-28,0.0030089387351450725,0.004983681480490604,-0.0019747427453455316,1.2245358449500021,1.02822379396703,1.1746691618646667,2449071.6898999996,47724.689899999656,2401347.0,0.01948684887290839,0,28,0.0,0.0,0.0,0.0,0.0,205,0
2023-10-09,-0.004248140241425391,-0.004037583182924122,-0.00021055705850126904,1.2193338449500022,1.0240722548682262,1.1744218269812323,2438667.6898999996,47724.689899999656,2390943.0,0.01956998491334285,0,28,0.0,0.0,0.0,0.0,0.0,205,0
2023-10-10,-0.009011716557782101,-0.007513739561077779,-0.0014979769967043222,1.208345553950002,1.0163776426534206,1.172662570099987,2416691.1078999997,19222.107899999537,2397469.0,0.00795389524013382,28,28,892434.0,864524.0,592.5819999999999,0.0,0.0,205,1
2023-10-11,-0.009762521955278491,-0.00755802661280012,-0.002204495342478371,1.196549053950002,1.008695833381591,1.170077440925903,2393098.1078999997,19222.107899999537,2373876.0,0.00803231085116999,0,28,0.0,0.0,0.0,0.0,0.0,205,0
2023-10-12,0.011006234935814208,0.008901806720467352,0.002104428215346855,1.2097185539500022,1.0176750487300947,1.1725397849067283,2419437.1078999997,19222.107899999537,2400215.0,0.007944867769959832,0,28,0.0,0.0,0.0,0.0,0.0,205,0
2023-10-13,-0.007566636032911744,-0.007377931337902299,-0.00018870469500944544,1.2005650539500021,1.0101667120962676,1.172318521144231,2401130.1078999997,19222.107899999537,2381908.0,0.008005442036129799,0,28,0.0,0.0,0.0,0.0,0.0,205,0
2023-10-16,0.006120034875099822,0.004282781657288696,0.0018372532178111264,1.2079125539500022,1.0144930355616373,1.1744723671195028,2415825.1078999997,19222.107899999537,2396603.0,0.007956746470239605,0,28,0.0,0.0,0.0,0.0,0.0,205,0
2023-10-17,0.0016234618918293808,0.0007469556748847541,0.0008765062169446267,1.2098735539500023,1.015250816891681,1.1755017994509127,2419747.1078999997,19222.107899999537,2400525.0,0.00794384993259962,0,28,0.0,0.0,0.0,0.0,0.0,205,0
2023-10-18,-0.011828508816708494,-0.01661935630221723,0.004790847485508735,1.1955625539500023,0.998378001829641,1.181133449291023,2391125.1078999997,19222.107899999537,2371903.0,0.008038938588571515,0,28,0.0,0.0,0.0,0.0,0.0,205,0
2023-10-19,-0.015830204732885544,-0.012512831998383215,-0.0033173727345023295,1.1766365539500023,0.9858854656218651,1.1772151893905363,2353273.1078999997,19222.107899999537,2334051.0,0.008168243556377037,0,28,0.0,0.0,0.0,0.0,0.0,205,0
2023-10-20,-0.0025343424781334445,-0.0005656597797902472,-0.0019686826983431973,1.1736545539500023,0.985327789866483,1.1748976262149564,2347309.1078999997,19222.107899999537,2328087.0,0.008188997280037155,0,28,0.0,0.0,0.0,0.0,0.0,205,0
2023-10-23,-0.018421519285410692,-0.020756331310820605,0.0023348120254099124,1.1520340539500022,0.9648759998102556,1.1776407913212685,2304068.1078999997,19222.107899999537,2284846.0,0.00834268216034602,0,28,0.0,0.0,0.0,0.0,0.0,205,0
2023-10-24,0.013259590675835264,0.017452313675483864,-0.004192722999648599,1.1673095539500025,0.9817153184168903,1.1727032696901716,2334619.1078999997,19222.107899999537,2315397.0,0.008233509198547557,0,28,0.0,0.0,0.0,0.0,0.0,205,0
2023-10-25,0.011891875598059709,0.010792743071946616,0.0010991325261130933,1.1811910539500026,0.992310719618358,1.1739922259973672,2362382.1078999997,19222.107899999537,2343160.0,0.00813674800351697,0,28,0.0,0.0,0.0,0.0,0.0,205,0
2023-10-26,0.007870445656451341,0.011811802419957702,-0.003941356763506361,1.1904875539500026,1.004031697777696,1.1693651037971287,2380975.1078999997,19222.107899999537,2361753.0,0.008073208256659716,0,28,0.0,0.0,0.0,0.0,0.0,205,0
2023-10-27,0.004024821581798177,0.008858292072160942,-0.0048334704903627655,1.1952790539500027,1.0129257038063184,1.1637130120754653,2390558.1078999997,19222.107899999537,2371336.0,0.00804084528900463,0,28,0.0,0.0,0.0,0.0,0.0,205,0
2023-10-30,-0.006982469886357756,-0.004625063381007823,-0.002357406505349933,1.1869330539500025,1.008240858225962,1.1609696674504384,2373866.1078999997,19222.107899999537,2354644.0,0.008097385036177988,0,28,0.0,0.0,0.0,0.0,0.0,205,0
2023-10-31,0.0012300609500606186,-0.0011414674744346669,0.0023715284244952856,1.1883930539500025,1.007089984079901,1.1637229400167741,2376786.1078999997,19222.107899999537,2357564.0,0.008087436995743448,0,28,0.0,0.0,0.0,0.0,0.0,205,0
2023-11-01,0.00046238910449170056,0.0014438523316400906,-0.00098146322714839,1.1889425539500027,1.008544073301586,1.1625807887445585,2377885.1078999997,19222.107899999537,2358663.0,0.00808369918131802,0,28,0.0,0.0,0.0,0.0,0.0,205,0
2023-11-02,0.00029984627837209565,-0.0022865978171610875,0.002586444095533183,1.1892990539500028,1.0062379386250637,1.1655877389611873,2378598.1078999997,19222.107899999537,2359376.0,0.008081276040772696,0,28,0.0,0.0,0.0,0.0,0.0,205,0
2023-11-03,-0.0058505049481797355,7.845991495161186e-05,-0.005928964863131348,1.1823410539500028,1.0063168879681494,1.1586770102119897,2364682.1078999997,19222.107899999537,2345460.0,0.00812883382327872,0,28,0.0,0.0,0.0,0.0,0.0,205,0
2023-11-06,0.0014141435708538985,0.004546514754561262,-0.0031323711837073637,1.184013053950003,1.0108921225470608,1.1550476037339774,2368026.1078999997,19222.107899999537,2348804.0,0.008117354718291508,0,28,0.0,0.0,0.0,0.0,0.0,206,0
2023-11-07,0.00024873036578232366,-0.00028538732930199394,0.0005341176950843175,1.184307553950003,1.0106036267439948,1.1556645350977965,2368615.1078999997,19222.107899999537,2349393.0,0.008115336187753081,0,28,0.0,0.0,0.0,0.0,0.0,206,0
2023-11-08,-0.005534457648386115,-0.003863949045809965,-0.0016705086025761502,1.177753053950003,1.0066987058247452,1.1537339875502235,2355506.1078999997,19222.107899999537,2336284.0,0.00816050013011284,0,28,0.0,0.0,0.0,0.0,0.0,206,0
2023-11-09,0.0003336862500011861,0.0006914431234448172,-0.0003577568734436311,1.178146053950003,1.0073947807222685,1.153321231286052,2356292.1078999997,19222.107899999537,2337070.0,0.008157777991766426,0,28,0.0,0.0,0.0,0.0,0.0,206,0
2023-11-10,0.0008016832860691103,0.006268508351265209,-0.005466825065196098,1.179090553950003,1.013709643318247,1.1470162258706345,2358181.1078999997,19222.107899999537,2338959.0,0.008151243276271156,0,28,0.0,0.0,0.0,0.0,0.0,206,0
2023-11-13,0.0043830390996577595,0.0030819814180513445,0.001301057681606415,1.184258553950003,1.0168338776022534,1.1485085601422307,2368517.1078999997,19222.107899999537,2349295.0,0.008115671968712292,0,28,0.0,0.0,0.0,0.0,0.0,206,0
2023-11-14,-0.0013620336493411767,-0.001924812265991261,0.0005627786166500844,1.182645553950003,1.014876663282169,1.1491549162009183,2365291.1078999997,19222.107899999537,2346069.0,0.008126740863227485,0,28,0.0,0.0,0.0,0.0,0.0,206,0
2023-11-15,3.0017446800867376e-05,0.0030508881880778136,-0.0030208707412769462,1.182681053950003,1.0179729385065324,1.1456834677373722,2365362.1078999997,19222.107899999537,2346140.0,0.008126496926538315,0,28,0.0,0.0,0.0,0.0,0.0,206,0
2023-11-16,-0.002137516274194784,-0.004450235764764821,0.0023127194905700373,1.1801530539500031,1.013442718928028,1.1483331122232323,2360306.1078999997,19222.107899999537,2341084.0,0.008143904655274455,0,28,0.0,0.0,0.0,0.0,0.0,206,0
2023-11-17,-0.004137598918764418,0.0004299372600145514,-0.00456753617877897,1.1752700539500032,1.0138784357137856,1.143088059187863,2350540.1078999997,19222.107899999537,2331318.0,0.00817774086704387,0,28,0.0,0.0,0.0,0.0,0.0,206,0
2023-11-20,0.003656606399147444,0.003926678045539609,-0.0002700716463921648,1.179567553950003,1.017859609908149,1.1427793435137468,2359135.1078999997,19222.107899999537,2339913.0,0.008147947031787521,0,28,0.0,0.0,0.0,0.0,0.0,206,0
2023-11-21,0.002861218069875049,0.0005711710684614251,0.002290047001413624,1.1829425539500031,1.018440981869084,1.1453963619226377,2365885.1078999997,19222.107899999537,2346663.0,0.008124700491927695,0,28,0.0,0.0,0.0,0.0,0.0,206,0
2023-11-22,-0.0012325196985529807,-0.0031187875771830444,0.0018862678786300637,1.1814845539500032,1.0152646807867367,1.147556886288432,2362969.1078999997,19222.107899999537,2343747.0,0.008134726702831281,0,28,0.0,0.0,0.0,0.0,0.0,206,0
2023-11-23,0.004937432301164835,0.006699193399885347,-0.0017617610987205124,1.1873180539500032,1.0220661352354001,1.1455351652076002,2374636.1078999997,19222.107899999537,2355414.0,0.008094759376416008,0,28,0.0,0.0,0.0,0.0,0.0,206,0
2023-11-24,0.0004442785976723762,-0.0032476328312145424,0.0036919114288869186,1.1878455539500032,1.018746839698937,1.149764379576222,2375691.1078999997,19222.107899999537,2356469.0,0.008091164645133932,0,28,0.0,0.0,0.0,0.0,0.0,206,0
2023-11-27,-0.002361839037634761,-0.0029316286026126437,0.0005697895649778829,1.1850400539500032,1.0157602523248543,1.1504195033218878,2370080.1078999997,19222.107899999537,2350858.0,0.008110319915317635,0,28,0.0,0.0,0.0,0.0,0.0,206,0
2023-11-28,0.0014906669138412543,0.0034374320520331094,-0.0019467651381918551,1.1868065539500032,1.019251859173377,1.1481799067385248,2373613.1078999997,19222.107899999537,2354391.0,0.00809824812477795,0,28,0.0,0.0,0.0,0.0,0.0,206,0
2023-11-29,-0.006257970159737503,-0.006508050061085175,0.0002500799013476721,1.1793795539500032,1.0126185170490225,1.1484670434563313,2358759.1078999997,19222.107899999537,2339537.0,0.008149245862208013,0,28,0.0,0.0,0.0,0.0,0.0,206,0
2023-11-30,0.005293037325509342,0.003983839790089713,0.0013091975354196294,1.185622053950003,1.016652626989424,1.149970613679135,2371244.1078999997,19222.107899999537,2352022.0,0.008106338708848854,0,28,0.0,0.0,0.0,0.0,0.0,206,0
2023-12-01,0.00626464392700421,0.004028457323833908,0.002236186603170302,1.1930495539500032,1.0207481687104145,1.1525421625594838,2386099.1078999997,19222.107899999537,2366877.0,0.008055871542115813,0,28,0.0,0.0,0.0,0.0,0.0,206,0
2023-12-04,0.008612383254309242,0.0024892598964238307,0.006123123357885411,1.2033245539500033,1.0232890761911335,1.1595993203959996,2406649.1078999997,19222.107899999537,2387427.0,0.007987083716068778,0,28,0.0,0.0,0.0,0.0,0.0,206,0
2023-12-05,-0.009794531293582986,-0.012215183257414634,0.0024206519638316475,1.1915385539500032,1.0107894126001482,1.162406306768174,2383077.1078999997,19222.107899999537,2363855.0,0.008066087260155137,0,28,0.0,0.0,0.0,0.0,0.0,206,0
2023-12-06,0.0015379275760110112,0.0016423506443054494,-0.00010442306829443822,1.193371053950003,1.0124494832431892,1.1622849247350164,2386742.1078999997,19222.107899999537,2367520.0,0.008053701250912405,0,28,0.0,0.0,0.0,0.0,0.0,206,0
2023-12-07,-0.0015862627082617875,-0.0006428135957843818,-0.0009434491124774057,1.1914780539500032,1.0117986669503156,1.1611883680543293,2382956.1078999997,19222.107899999537,2363734.0,0.008066496834026533,0,28,0.0,0.0,0.0,0.0,0.0,206,0
2023-12-08,0.001039884868959673,-0.0008638825678789206,0.0019037674368385935,1.1927170539500034,1.010924591719734,1.1633990006574668,2385434.1078999997,19222.107899999537,2366212.0,0.00805811731975342,0,28,0.0,0.0,0.0,0.0,0.0,206,0
2023-12-11,0.01174461281794259,0.009455267557671912,0.002289345260270678,1.2067250539500034,1.0204831542150745,1.1660624226454255,2413450.1078999997,19222.107899999537,2394228.0,0.007964576453053405,0,28,0.0,0.0,0.0,0.0,0.0,206,0
2023-12-12,0.013858169220287708,0.006669702469923189,0.007188466750364519,1.2234480539500034,1.0272894732292577,1.1744446235994617,2446896.1078999997,19222.107899999537,2427674.0,0.007855710685034573,0,28,0.0,0.0,0.0,0.0,0.0,206,0
2023-12-13,0.003157060888306251,0.0013100085872291903,0.001847052301077061,1.2273105539500033,1.0286352312607583,1.1766138842439686,2454621.1078999997,19222.107899999537,2435399.0,0.007830987779798168,0,28,0.0,0.0,0.0,0.0,0.0,206,0
2023-12-14,0.006565575415338865,0.008066667801073102,-0.001501092385734237,1.2353685539500034,1.0369328899598187,1.1748476781013808,2470737.1078999997,19222.107899999537,2451515.0,0.0077799082057489095,0,28,0.0,0.0,0.0,0.0,0.0,206,0
2023-12-15,-0.00020641613321359387,-0.006518194098986836,0.006311777965773242,1.2351135539500033,1.0301739601154374,1.1822630557891611,2470227.1078999997,19222.107899999537,2451005.0,0.0077815144358693075,0,28,0.0,0.0,0.0,0.0,0.0,206,0
2023-12-18,-0.008433637511860437,-0.00948634874343657,0.0010527112315761328,1.2246970539500033,1.0204013706633752,1.183507637386668,2449394.1078999997,19222.107899999537,2430172.0,0.00784769908525652,0,28,0.0,0.0,0.0,0.0,0.0,206,0
2023-12-19,-0.011562451264439888,-0.008861900385731944,-0.0027005508787079444,1.2105365539500033,1.011358675363092,1.180311514796566,2421073.1078999997,19222.107899999537,2401851.0,0.007939499157327176,0,28,0.0,0.0,0.0,0.0,0.0,206,0
2023-12-20,-0.006241860252253151,-0.0030228733039752284,-0.0032189869482779224,1.2029805539500031,1.0083014662225933,1.1765121074355336,2405961.1078999997,19222.107899999537,2386739.0,0.007989367673851226,0,28,0.0,0.0,0.0,0.0,0.0,206,0
2023-12-21,-5.527936406091172e-05,0.0014473493891514135,-0.0015026287532123252,1.2029140539500032,1.009760830733811,1.1747442465143987,2405828.1078999997,19222.107899999537,2386606.0,0.007989809345430808,0,28,0.0,0.0,0.0,0.0,0.0,206,0
2023-12-22,-0.006409435466052438,-0.007292338253398837,0.0008829027873463995,1.195204053950003,1.002397313201067,1.1757814314840656,2390408.1078999997,19222.107899999537,2371186.0,0.008041349858408226,0,28,0.0,0.0,0.0,0.0,0.0,206,0
2023-12-25,-0.006170494465465137,-0.00581248132198281,-0.0003580131434823275,1.1878290539500032,0.99657089754088,1.1753604862777318,2375658.1078999997,19222.107899999537,2356436.0,0.008091277038593412,0,28,0.0,0.0,0.0,0.0,0.0,206,0
2023-12-26,-0.0019741897979359546,-0.00257156990649927,0.0005973801085633152,1.1854840539500031,0.9940081458110709,1.1760626232526254,2370968.1078999997,19222.107899999537,2351746.0,0.008107282352703105,0,28,0.0,0.0,0.0,0.0,0.0,206,0
2023-12-27,0.005766842647288994,0.0044082484783954734,0.001358594168893521,1.192320553950003,0.9983899807073552,1.1776604150748302,2384641.1078999997,19222.107899999537,2365419.0,0.008060797004764886,0,28,0.0,0.0,0.0,0.0,0.0,206,0
2023-12-28,-0.0008814743623417609,0.005087643929719184,-0.005969118292060945,1.191269553950003,1.0034694334321934,1.170630820749371,2382539.1078999997,19222.107899999537,2363317.0,0.008067908659405867,0,28,0.0,0.0,0.0,0.0,0.0,206,0
2023-12-29,0.004878408904794185,0.004165214652236137,0.0007131942525580477,1.1970810539500027,1.0076490990193963,1.1714657079225967,2394162.1078999997,19222.107899999537,2374940.0,0.008028741176953926,0,28,0.0,0.0,0.0,0.0,0.0,206,0
2024-01-02,0.008048327194060123,0.013544056837522082,-0.005495729643461959,1.2067155539500027,1.0212967556887929,1.1650276491052673,2413431.1078999997,19222.107899999537,2394209.0,0.00796463915505145,0,28,0.0,0.0,0.0,0.0,0.0,206,0
2024-01-03,0.009466989600494635,0.009534302767600616,-6.731316710598123e-05,1.2181395175500025,1.031034108173098,1.1649492274044402,2436279.0350999995,20304.03509999944,2415975.0,0.00833403514436352,28,28,971172.0,972902.0,648.0727999999999,0.0,0.0,206,1
2024-01-04,0.0033415712579349943,0.0002893616348617644,0.00305220962307323,1.2222100175500024,1.0313324498882372,1.1685048966467158,2444420.0350999995,20304.03509999944,2424116.0,0.00830627912079309,0,28,0.0,0.0,0.0,0.0,0.0,206,0
2024-01-05,-1.5954704772447315e-05,-0.003494004654196655,0.0034780499494242076,1.2221905175500025,1.0277289695083036,1.1725690150433998,2444381.0350999995,20304.03509999944,2424077.0,0.00830641164713864,0,28,0.0,0.0,0.0,0.0,0.0,206,0
2024-01-08,-0.00929724117216868,-0.01571363509279619,0.006416393920627511,1.2108275175500025,1.0115796115071547,1.1800926797430404,2421655.0350999995,20304.03509999944,2401351.0,0.008384363092888251,0,28,0.0,0.0,0.0,0.0,0.0,206,0
2024-01-09,0.007427977866078406,0.005670636044659331,0.001757341821419075,1.2198215175500027,1.0173159113142096,1.1821665059623034,2439643.0350999995,20304.03509999944,2419339.0,0.008322543424541284,0,28,0.0,0.0,0.0,0.0,0.0,206,0
2024-01-10,-0.003477148040902711,-0.0063023130045711685,0.0028251649636684573,1.2155800175500027,1.0109044680165769,1.1855063213561703,2431160.0350999995,20304.03509999944,2410856.0,0.008351583115409466,0,28,0.0,0.0,0.0,0.0,0.0,206,0
2024-01-11,-0.0028484344510522064,0.0025039140487398467,-0.005352348499792053,1.2121175175500025,1.0134356859159774,1.1791610783755655,2424235.0350999995,20304.03509999944,2403931.0,0.008375440007268892,0,28,0.0,0.0,0.0,0.0,0.0,206,0
2024-01-12,0.008838664440437016,0.008481336580829347,0.00035732785960766907,1.2228310175500026,1.0220309750712546,1.1795824254798342,2445662.0350999995,20304.03509999944,2425358.0,0.008302060877012895,0,28,0.0,0.0,0.0,0.0,0.0,206,0
2024-01-15,0.004164516541462104,0.0006165623340780383,0.003547954207384066,1.2279235175500025,1.0226611208747447,1.1837675299092716,2455847.0350999995,20304.03509999944,2435543.0,0.008267630194309998,0,28,0.0,0.0,0.0,0.0,0.0,206,0
2024-01-16,0.001964698912855445,-0.003781272895532189,0.005745971808387634,1.2303360175500027,1.0187941600970665,1.190569424763815,2460672.0350999995,20304.03509999944,2440368.0,0.00825141864107636,0,28,0.0,0.0,0.0,0.0,0.0,206,0
2024-01-17,-0.00956771144800006,-0.01414196019345997,0.00457424874545991,1.2185645175500026,1.0043864136396443,1.1960153854614237,2437129.0350999995,20304.03509999944,2416825.0,0.008331128474355208,0,28,0.0,0.0,0.0,0.0,0.0,206,0
2024-01-18,-0.014182260972727567,-0.013781105669256423,-0.0004011553034711443,1.2012825175500026,0.9905448583405109,1.1955355975465127,2402565.0350999995,20304.03509999944,2382261.0,0.00845098251384248,0,28,0.0,0.0,0.0,0.0,0.0,206,0
2024-01-19,-0.006699922692968818,-0.007188856412193678,0.0004889337192248598,1.1932340175500027,0.9834239735840642,1.196120135212687,2386468.0350999995,20304.03509999944,2366164.0,0.008507985358014086,0,28,0.0,0.0,0.0,0.0,0.0,206,0
2024-01-22,-0.03607255522967556,-0.041663325197491774,0.0055907699678162115,1.1501910175500025,0.9424512607656217,1.2028073677425342,2300382.0350999995,20304.03509999944,2280078.0,0.008826375267322415,0,28,0.0,0.0,0.0,0.0,0.0,206,0
2024-01-23,0.00812212915720667,0.005598245222789341,0.0025238839344173293,1.1595330175500027,0.9477273340339146,1.2058431139341783,2319066.0350999995,20304.03509999944,2298762.0,0.008755263883257175,0,28,0.0,0.0,0.0,0.0,0.0,206,0
2024-01-24,0.026318353628670188,0.022776448397436273,0.0035419052312339154,1.1900500175500026,0.9693131967523778,1.2101140959674692,2380100.0350999995,20304.03509999944,2359796.0,0.00853074862424695,0,28,0.0,0.0,0.0,0.0,0.0,206,0
2024-01-25,0.021612536969623175,0.03159637084039012,-0.009983833870766942,1.2157700175500028,0.99993997597745,1.1980325178686566,2431540.0350999995,20304.03509999944,2411236.0,0.00835027793369827,0,28,0.0,0.0,0.0,0.0,0.0,206,0
2024-01-26,0.017075186672093068,0.014494695667286103,0.0025804910048069646,1.236529517550003,1.0144338016147965,1.201124030004483,2473059.0350999995,20304.03509999944,2452755.0,0.008210089129222277,0,28,0.0,0.0,0.0,0.0,0.0,206,0
2024-01-29,0.00015891250246036215,-0.0071659955381742245,0.007324908040634587,1.236726017550003,1.0071643735186517,1.2099221530696622,2473452.0350999995,20304.03509999944,2453148.0,0.008208784650711275,0,28,0.0,0.0,0.0,0.0,0.0,206,0
2024-01-30,-0.01403706217355305,-0.01328467588801505,-0.0007523862855380002,1.219366017550003,0.9937845212505007,1.209011824235124,2438732.0350999995,20304.03509999944,2418428.0,0.008325652350389075,0,28,0.0,0.0,0.0,0.0,0.0,206,0
2024-01-31,-0.010000278689495268,-0.019590941882017456,0.009590663192522188,1.207172017550003,0.9743153464514335,1.22060704943714,2414344.0350999995,20304.03509999944,2394040.0,0.008409752216261288,0,28,0.0,0.0,0.0,0.0,0.0,206,0
2024-02-01,-0.010964883055245123,-0.018059973765097815,0.007095090709852692,1.1939355175500028,0.9567192368555884,1.229267367173982,2387871.0350999995,20304.03509999944,2367567.0,0.008502986468508817,0,28,0.0,0.0,0.0,0.0,0.0,206,0
2024-02-02,-0.009417594028087173,-0.024163368188951154,0.014745774160863982,1.1826915175500028,0.9336016776819944,1.2473938661536494,2365383.0350999995,20304.03509999944,2345079.0,0.00858382545182204,0,28,0.0,0.0,0.0,0.0,0.0,206,0
2024-02-05,-0.017338418087650687,-0.04333600732695211,0.02599758923930142,1.1621855175500029,0.8931431085375128,1.2798230995055362,2324371.0350999995,20304.03509999944,2304067.0,0.008735281413075223,0,28,0.0,0.0,0.0,0.0,0.0,206,0
2024-02-06,0.021705656815599328,0.01984431768058625,0.0018613391350130772,1.1874115175500028,0.9108669241175575,1.2822052843265395,2374823.0350999995,20304.03509999944,2354519.0,0.008549704462145102,0,28,0.0,0.0,0.0,0.0,0.0,206,0
2024-02-07,0.004115254002321267,-0.004218097759910043,0.00833335176223131,1.1922980175500029,0.9070247983853612,1.2928903519922244,2384596.0350999995,20304.03509999944,2364292.0,0.008514664455167551,0,28,0.0,0.0,0.0,0.0,0.0,206,0
2024-02-08,0.009057299300212263,0.026340099609236403,-0.01728280030902414,1.2030970175500029,0.9309159219228792,1.2705455862172788,2406194.0350999995,20304.03509999944,2385890.0,0.008438236818734205,0,28,0.0,0.0,0.0,0.0,0.0,206,0
2024-02-19,0.019899060217730913,0.023830818483034956,-0.003931758265304043,1.2270375175500028,0.9531004102811904,1.2655501081072233,2454075.0350999995,20304.03509999944,2433771.0,0.008273599955012005,0,28,0.0,0.0,0.0,0.0,0.0,206,0
2024-02-20,0.006145288870266885,0.00598444213631341,0.00016084673395347533,1.2345780175500027,0.9588041845366146,1.265753667708767,2469156.0350999995,20304.03509999944,2448852.0,0.008223066833918068,0,28,0.0,0.0,0.0,0.0,0.0,206,0
2024-02-21,0.005087568311368917,0.01052012926432598,-0.005432560952957063,1.2408590175500027,0.9688909284971166,1.2588773837575102,2481718.0350999995,20304.03509999944,2461414.0,0.008181443182839787,0,28,0.0,0.0,0.0,0.0,0.0,206,0
2024-02-22,0.007139811916338834,0.00998514611060115,-0.002845334194262316,1.2497185175500027,0.9785654459833962,1.2552954568911214,2499437.0350999995,20304.03509999944,2479133.0,0.00812344332538351,0,28,0.0,0.0,0.0,0.0,0.0,206,0
2024-02-23,0.005073142400441766,0.01124360461682265,-0.0061704622163808835,1.256058517550003,0.9895680489497183,1.2475497037039802,2512117.0350999995,20304.03509999944,2491813.0,0.008082439956540958,0,28,0.0,0.0,0.0,0.0,0.0,206,0
2024-02-26,-0.01984859753877477,-0.009691133805106724,-0.010157463733668047,1.231127517550003,0.9799780125780881,1.2348777628326588,2462255.0350999995,20304.03509999944,2441951.0,0.008246113749616044,0,28,0.0,0.0,0.0,0.0,0.0,206,0
2024-02-27,0.005121321642251431,0.010660149571437492,-0.005538827929186061,1.237432517550003,0.9904247247688907,1.2280379873907505,2474865.0350999995,20304.03509999944,2454561.0,0.00820409792535577,0,28,0.0,0.0,0.0,0.0,0.0,206,0
2024-02-28,-0.008385911839900118,-0.023146221657425168,0.01476030981752505,1.2270555175500029,0.9675001345543955,1.246164208552328,2454111.0350999995,20304.03509999944,2433807.0,0.008273478587399,0,28,0.0,0.0,0.0,0.0,0.0,206,0
2024-02-29,0.009510164644628283,0.019191182609710273,-0.00968101796508199,1.2387250175500029,0.9860676063115481,1.2341000704618905,2477450.0350999995,20304.03509999944,2457146.0,0.00819553767476077,0,28,0.0,0.0,0.0,0.0,0.0,206,0
2024-03-01,-0.0018095218617876219,-0.0006269515451156211,-0.0011825703166720007,1.2364835175500029,0.9854493897021827,1.2326406603507594,2472967.0350999995,20304.03509999944,2452663.0,0.008210394563216815,0,28,0.0,0.0,0.0,0.0,0.0,206,0
2024-03-04,0.0032560078180234875,-0.0001344700189556233,0.003390477836979111,1.240509517550003,0.9853168763040696,1.236819901190638,2481019.0350999995,20304.03509999944,2460715.0,0.008183748215047882,0,28,0.0,0.0,0.0,0.0,0.0,206,0
2024-03-05,0.004641238070765441,-0.0014346003833145952,0.006075838454080036,1.2462670175500028,0.9839033403356375,1.2443346191070634,2492534.0350999995,20304.03509999944,2472230.0,0.008145940963724835,0,28,0.0,0.0,0.0,0.0,0.0,206,0
2024-03-06,0.0015217445164585897,0.008310982169741592,-0.006789237653283002,1.2481635175500028,0.9920805434539162,1.2358865356577382,2496327.0350999995,20304.03509999944,2476023.0,0.008133563757677322,0,28,0.0,0.0,0.0,0.0,0.0,206,0
2024-03-07,0.0026458873004735484,0.003443401227042397,-0.0007975139265688487,1.2514660175500028,0.9954966748145702,1.2349008989338923,2502932.0350999995,20304.03509999944,2482628.0,0.0081121000551612,0,28,0.0,0.0,0.0,0.0,0.0,206,0
2024-03-08,0.0096103288713707,0.0057555998533262214,0.0038547290180444777,1.2634930175500028,1.0012263553301197,1.2396611072634218,2526986.0350999995,20304.03509999944,2506682.0,0.0080348821948262,0,28,0.0,0.0,0.0,0.0,0.0,206,0
2024-03-11,-0.0019390688875754458,0.010139251732025376,-0.012078320619600822,1.2610430175500027,1.0113780413875502,1.224688082950245,2522086.0350999995,20304.03509999944,2501782.0,0.008050492654662511,0,28,0.0,0.0,0.0,0.0,0.0,206,0
2024-03-12,-0.01518267000692608,-0.01013499259347887,-0.005047677413447211,1.2418970175500028,1.0011277324288803,1.218506252575419,2483794.0350999995,20304.03509999944,2463490.0,0.008174604984580367,0,28,0.0,0.0,0.0,0.0,0.0,206,0
2024-03-13,-0.0009006382849735539,-0.0010971078129102803,0.00019646952793672635,1.2407785175500028,1.0000293873719115,1.2187456519236501,2481557.0350999995,20304.03509999944,2461253.0,0.008181973983596652,0,28,0.0,0.0,0.0,0.0,0.0,206,0
2024-03-14,0.006250108210539285,0.0019548177033843457,0.004295290507154939,1.2485335175500027,1.0019842625222508,1.2239805185529942,2497067.0350999995,20304.03509999944,2476763.0,0.0081311533950014,0,28,0.0,0.0,0.0,0.0,0.0,206,0
2024-03-15,0.00847274009972776,0.010732890933335062,-0.002260150833607302,1.2591120175500028,1.0127384503288204,1.2212141379636674,2518224.0350999995,20304.03509999944,2497920.0,0.008062839055220582,0,28,0.0,0.0,0.0,0.0,0.0,206,0
2024-03-18,0.007584710388661486,0.008286795058491473,-0.000702084669829987,1.2686620175500027,1.0211308063145497,1.2203567422388235,2537324.0350999995,20304.03509999944,2517020.0,0.008002145102132858,0,28,0.0,0.0,0.0,0.0,0.0,206,0
2024-03-19,-0.005919622323448337,-0.006593739436927332,0.0006741171134789954,1.2611520175500028,1.014397735846692,1.221179405603316,2522304.0350999995,20304.03509999944,2502000.0,0.008049796859320515,0,28,0.0,0.0,0.0,0.0,0.0,206,0
2024-03-20,0.009534536544896222,0.006349786962755016,0.0031847495821412056,1.273176517550003,1.0208389453648197,1.2250685562050305,2546353.0350999995,20304.03509999944,2526049.0,0.007973770651641817,0,28,0.0,0.0,0.0,0.0,0.0,206,0
2024-03-21,0.0005804379752636368,0.00187082935058309,-0.0012903913753194531,1.2739155175500028,1.0227487608260266,1.2234877383059284,2547831.0350999995,20304.03509999944,2527527.0,0.00796914505722022,0,28,0.0,0.0,0.0,0.0,0.0,206,0
2024-03-22,-0.007661026077121269,-0.008348801357392273,0.0006877752802710042,1.2641560175500028,1.0142100345833711,1.2243292229280498,2528312.0350999995,20304.03509999944,2508008.0,0.008030668215838468,0,28,0.0,0.0,0.0,0.0,0.0,206,0
2024-03-25,0.0012387711471206764,-0.004074677070924681,0.005313448218045357,1.2657220175500028,1.0100774562103525,1.2308346328559177,2531444.0350999995,20304.03509999944,2511140.0,0.008020732364007159,0,28,0.0,0.0,0.0,0.0,0.0,206,0
2024-03-26,0.007780144347225182,0.006869473513309756,0.000910670833915426,1.2755695175500028,1.0170161565421807,1.2319555180574326,2551139.0350999995,20304.03509999944,2530835.0,0.007958811660456429,0,28,0.0,0.0,0.0,0.0,0.0,206,0
2024-03-27,-0.007485675902901723,-0.011889724113139093,0.00440404821023737,1.2660210175500028,1.0049241150222892,1.2373811095518257,2532042.0350999995,20304.03509999944,2511738.0,0.00801883808346711,0,28,0.0,0.0,0.0,0.0,0.0,206,0
2024-03-28,0.0001931247559168181,0.005540886510615904,-0.005347761754699086,1.2662655175500028,1.0104922854954088,1.2307638901781772,2532531.0350999995,20304.03509999944,2512227.0,0.008017289746341732,0,28,0.0,0.0,0.0,0.0,0.0,206,0
2024-03-29,0.014130527722668873,0.012404240433247848,0.0017262872894210253,1.2841585175500028,1.023026674760636,1.2328885422380702,2568317.0350999995,20304.03509999944,2548013.0,0.007905579732764139,0,28,0.0,0.0,0.0,0.0,0.0,206,0
2024-04-01,-0.0005081148402494851,0.00829717279695803,-0.008805287637207514,1.2835060175500028,1.0315149038570224,1.2220326039990466,2567012.0350999995,20304.03509999944,2546708.0,0.007909598717252794,0,28,0.0,0.0,0.0,0.0,0.0,206,0
2024-04-02,0.00736441592073156,0.008886117425284784,-0.0015217015045532242,1.292958289700003,1.0406810664186272,1.2201730351469282,2585916.5793999997,21465.57939999955,2564451.0,0.008300955866480475,28,28,957984.0,959783.0,637.4556999999999,0.0,0.0,206,1
2024-04-03,0.0028813767850657257,0.001774180362423512,0.0011071964226422137,1.2966837897000028,1.0425274223302132,1.2215240063664472,2593367.5793999997,21465.57939999955,2571902.0,0.00827710640423978,0,28,0.0,0.0,0.0,0.0,0.0,206,0
2024-04-08,0.006742970082183941,0.008537713555762775,-0.0017947434735788338,1.3054272897000028,1.0514282228360963,1.2193316841282011,2610854.5793999997,21465.57939999955,2589389.0,0.00822166794327264,0,28,0.0,0.0,0.0,0.0,0.0,206,0
2024-04-09,-0.001486103450806353,-0.0012479925161645678,-0.00023811093464178533,1.3034872897000027,1.0501160482827125,1.219041347921255,2606974.5793999997,21465.57939999955,2585509.0,0.008233904376980882,0,28,0.0,0.0,0.0,0.0,0.0,206,0
2024-04-10,0.0017480032356314013,0.0009025615591229795,0.0008454416765084217,1.3057657897000028,1.0510638426605106,1.2200719762821746,2611531.5793999997,21465.57939999955,2590066.0,0.008219536600407978,0,28,0.0,0.0,0.0,0.0,0.0,206,0
2024-04-11,0.008740081942736566,0.009079150937413249,-0.0003390689946766827,1.3171782897000028,1.060606609932883,1.2196582877037434,2634356.5793999997,21465.57939999955,2612891.0,0.00814831961924021,0,28,0.0,0.0,0.0,0.0,0.0,206,0
2024-04-12,-0.004743093663821973,-0.01013392613754025,0.005390832473718276,1.3109307897000029,1.0498585008868362,1.2262332612079363,2621861.5793999997,21465.57939999955,2600396.0,0.00818715204824499,0,28,0.0,0.0,0.0,0.0,0.0,206,0
2024-04-15,0.015394023970264792,-0.003989296561858328,0.01938332053212312,1.3311112897000028,1.0456703039788107,1.2500017335570806,2662222.5793999997,21465.57939999955,2640757.0,0.008063029577653636,0,28,0.0,0.0,0.0,0.0,0.0,206,0
2024-04-16,-0.013886517335575999,-0.03677457033365567,0.022888052998079673,1.3126267897000028,1.0072162278393266,1.2786118394824266,2625253.5793999997,21465.57939999955,2603788.0,0.008176573710226308,0,28,0.0,0.0,0.0,0.0,0.0,206,0
2024-04-17,0.017741143318674935,0.032672431912013945,-0.01493128859333901,1.3359142897000027,1.0401244314640825,1.2595205171082544,2671828.5793999997,21465.57939999955,2650363.0,0.008034040643737698,0,28,0.0,0.0,0.0,0.0,0.0,206,0
2024-04-18,-0.007815995442600476,-0.009461995518891991,0.0016460000762915147,1.3254727897000027,1.0302827787544793,1.2615936879755052,2650945.5793999997,21465.57939999955,2629480.0,0.008097329332900886,0,28,0.0,0.0,0.0,0.0,0.0,206,0
2024-04-19,0.001841984248166062,0.0036943222447173977,-0.0018523379965513357,1.327914289700003,1.0340889753423812,1.2592567900510587,2655828.5793999997,21465.57939999955,2634363.0,0.008082441602781841,0,28,0.0,0.0,0.0,0.0,0.0,206,0
2024-04-22,-0.007820158334425398,-0.010358216298718479,0.002538057964293081,1.317529789700003,1.0233776580636647,1.262452856776138,2635059.5793999997,21465.57939999955,2613594.0,0.008146145752380764,0,28,0.0,0.0,0.0,0.0,0.0,206,0
2024-04-23,-0.010040000691758144,-0.004898667837270461,-0.005141332854487683,1.3043017897000029,1.018364470844727,1.255962166426353,2608603.5793999997,21465.57939999955,2587138.0,0.00822876253391357,0,28,0.0,0.0,0.0,0.0,0.0,206,0
2024-04-24,0.007515898603692506,0.010096220974373508,-0.0025803223706810027,1.3141047897000027,1.0286461035748264,1.252721379151594,2628209.5793999997,21465.57939999955,2606744.0,0.008167377353863834,0,28,0.0,0.0,0.0,0.0,0.0,206,0
2024-04-25,0.008670921900072681,0.006591917453872668,0.0020790044462000133,1.3254992897000029,1.0354268537788394,1.2553257924687,2650998.5793999997,21465.57939999955,2629533.0,0.008097167447316344,0,28,0.0,0.0,0.0,0.0,0.0,206,0
2024-04-26,-0.008242554398103619,-0.002575434704734175,-0.0056671196933694434,1.314573789700003,1.0327601795254036,1.2482117109486062,2629147.5793999997,21465.57939999955,2607682.0,0.00816446348169555,0,28,0.0,0.0,0.0,0.0,0.0,206,0
2024-04-29,-0.00273396596536446,0.01197016781867077,-0.01470413378403523,1.310979789700003,1.0451224921907631,1.2298578389600183,2621959.5793999997,21465.57939999955,2600494.0,0.008186846040132954,0,28,0.0,0.0,0.0,0.0,0.0,206,0
2024-04-30,0.008884194929248412,0.003067705536886703,0.005816489392361709,1.322626789700003,1.0483286202467814,1.2370112940344422,2645253.5793999997,21465.57939999955,2623788.0,0.008114752992742724,0,28,0.0,0.0,0.0,0.0,0.0,206,0
2024-05-06,0.013279256201958356,0.02091374201110557,-0.007634485809147214,1.340190289700003,1.070253094553481,1.2275673488643815,2680380.5793999997,21465.57939999955,2658915.0,0.008008407300430672,0,28,0.0,0.0,0.0,0.0,0.0,206,0
2024-05-07,-0.005019809538767794,-0.004553985491750901,-0.0004658240470168931,1.333462789700003,1.065379177488383,1.2269955184739476,2666925.5793999997,21465.57939999955,2645460.0,0.008048810797648444,0,28,0.0,0.0,0.0,0.0,0.0,206,0
2024-05-08,-0.00307057687070611,-0.0005169566330086145,-0.0025536202376974953,1.329368289700003,1.064828422655911,1.2238622378864084,2658736.5793999997,21465.57939999955,2637271.0,0.008073601411405605,0,28,0.0,0.0,0.0,0.0,0.0,206,0
2024-05-09,0.008491251135941624,0.010132000574040423,-0.001640749438098799,1.340656289700003,1.0756172648455153,1.2218541866072858,2681312.5793999997,21465.57939999955,2659847.0,0.008005623650489466,0,28,0.0,0.0,0.0,0.0,0.0,206,0
2024-05-10,0.005242283241420953,0.011293160467999275,-0.006050877226578322,1.3476843897000028,1.0877643832195663,1.2144608969353443,2695368.7793999994,25052.779399999552,2670316.0,0.009294750162379045,0,28,0.0,0.0,0.0,3587.2,0.0,206,0
2024-05-13,0.01242427390861689,0.01572772386569505,-0.0033034499570781597,1.364428389700003,1.1048724410697817,1.21044898613749,2728856.7793999994,25052.779399999552,2703804.0,0.009180686794969126,0,28,0.0,0.0,0.0,0.0,0.0,206,0
2024-05-14,-0.002744006228735274,-0.0034020457027314796,0.0006580394739962056,1.360684389700003,1.1011136145295737,1.2112455093516272,2721368.7793999994,29348.779399999552,2692020.0,0.010784565334239741,0,28,0.0,0.0,0.0,4296.0,0.0,206,0
2024-05-15,-0.005410262699951263,-0.014290534740637103,0.00888027204068584,1.353322729700003,1.0853781121677504,1.2220016989827287,2706645.4593999996,31660.459399999552,2674985.0,0.011697305714734409,0,28,0.0,0.0,0.0,2311.68,0.0,206,0
2024-05-16,-0.003204335451427287,-0.002912319848467348,-0.000292015602959939,1.348986229700003,1.0822171439485924,1.221644855419782,2697972.4593999996,31660.459399999552,2666312.0,0.01173490829741105,0,28,0.0,0.0,0.0,0.0,0.0,206,0
2024-05-17,0.007863312290711022,0.009210539765117712,-0.0013472274744066905,1.359593729700003,1.0921849479874228,1.2199990219065928,2719187.4593999996,31660.459399999552,2687527.0,0.011643352976843152,0,28,0.0,0.0,0.0,0.0,0.0,206,0
2024-05-20,0.007438619183858464,0.010000015827947961,-0.0025613966440894975,1.369707229700003,1.1031068147543437,1.216874120506089,2739414.4593999996,31660.459399999552,2707754.0,0.011557382013283959,0,28,0.0,0.0,0.0,0.0,0.0,206,0
2024-05-21,0.002923252439046342,-0.003825449731791853,0.006748702170838195,1.373711229700003,1.0988869350857038,1.225086441524785,2747422.4593999996,31660.459399999552,2715762.0,0.011523695342766389,0,28,0.0,0.0,0.0,0.0,0.0,206,0
2024-05-22,0.0010606304793170374,0.00027519164477452743,0.0007854388345425099,1.3751682297000027,1.0991893395887913,1.2260486719916301,2750336.4593999996,31660.459399999552,2718676.0,0.011511485909948068,0,28,0.0,0.0,0.0,0.0,0.0,206,0
2024-05-23,-0.010289650163810782,-0.01713045061384588,0.006840800450035097,1.3610182297000026,1.0803597308916997,1.2344358262987554,2722036.4593999996,31660.459399999552,2690376.0,0.011631166544689948,0,28,0.0,0.0,0.0,0.0,0.0,206,0
2024-05-24,0.006356637854811886,0.013053789680058412,-0.006697151825246526,1.3696697297000027,1.0944625195975644,1.226168622151509,2739339.4593999996,31660.459399999552,2707679.0,0.011557698441263711,0,28,0.0,0.0,0.0,0.0,0.0,206,0
2024-05-27,0.015942164396655523,0.01292971924180325,0.0030124451548522724,1.3915052297000028,1.1086136126966375,1.2298623878763413,2783010.4593999996,31660.459399999552,2751350.0,0.011376335037858737,0,28,0.0,0.0,0.0,0.0,0.0,206,0
2024-05-28,-0.006267831276408731,0.005745175155913058,-0.01201300643232179,1.3827835097000027,1.1149827920818092,1.215088043099912,2765567.0193999996,34557.01939999955,2731010.0,0.012495455419300174,0,28,0.0,0.0,0.0,2896.56,0.0,206,0
2024-05-29,0.002660213962775826,-0.003665583299314457,0.006325797262090283,1.3864620097000029,1.1108957297801312,1.222774443716152,2772924.0193999996,34557.01939999955,2738367.0,0.01246230302677999,0,28,0.0,0.0,0.0,0.0,0.0,206,0
2024-05-30,-0.013899407171040878,-0.01964447345779175,0.005745066286750873,1.3671910097000028,1.0890727681020913,1.2297993639490463,2734382.0193999996,34557.01939999955,2699825.0,0.012637963223435158,0,28,0.0,0.0,0.0,0.0,0.0,206,0
2024-05-31,-0.001873183762788222,-0.0036013076617571705,0.0017281238989689486,1.3646300097000028,1.0851506819981143,1.2319246096208236,2729260.0193999996,34557.01939999955,2694703.0,0.012661680878466305,0,28,0.0,0.0,0.0,0.0,0.0,206,0
2024-06-03,-0.009845159423801264,-0.017830815800476917,0.007985656376675653,1.3511950097000027,1.065801560071644,1.2417623362352257,2702390.0193999996,34557.01939999955,2667833.0,0.012787576608824253,0,28,0.0,0.0,0.0,0.0,0.0,206,0
2024-06-04,0.014652955241742482,0.010536051149281174,0.004116904092461309,1.3709940097000026,1.0770308998235425,1.246874552679137,2741988.0193999996,34557.01939999955,2707431.0,0.012602906779863065,0,28,0.0,0.0,0.0,0.0,0.0,206,0
2024-06-05,-0.005397543641798452,-0.01682738547792415,0.011429841836125696,1.3635940097000026,1.0589072857005761,1.2611261316057494,2727188.0193999996,34557.01939999955,2692631.0,0.012671300678272391,0,28,0.0,0.0,0.0,0.0,0.0,206,0
2024-06-06,-0.003103563061949144,-0.013598832280417241,0.010495269218468098,1.3593620097000025,1.0445073831218221,1.274361989875397,2718724.0193999996,34557.01939999955,2684167.0,0.012710749290259336,0,28,0.0,0.0,0.0,0.0,0.0,206,0
2024-06-07,0.020867436192556266,0.020859502384006228,7.933808550037585e-06,1.3877284097000024,1.0662952873701639,1.2743721004194484,2775456.8193999995,40569.81939999955,2734887.0,0.014617348436633204,0,28,0.0,0.0,0.0,6012.799999999999,0.0,206,0
2024-06-11,-0.01907325656446135,-0.011847964919804546,-0.007225291644656804,1.3612599097000024,1.0536618582112494,1.265164390330104,2722519.8193999995,40569.81939999955,2681950.0,0.014901569902598725,0,28,0.0,0.0,0.0,0.0,0.0,206,0
2024-06-12,0.005090504723324507,0.007642612147402835,-0.0025521074240783276,1.3681894097000027,1.0617145871280698,1.261935554896863,2736378.8193999995,40569.81939999955,2695809.0,0.014826097582824887,0,28,0.0,0.0,0.0,0.0,0.0,206,0
2024-06-13,-0.010313265034768815,-0.007164523769214248,-0.003148741265554567,1.3540789097000028,1.054107907732469,1.2579620463406886,2708157.8193999995,43473.81939999955,2664684.0,0.016052912089750848,0,28,0.0,0.0,0.0,2904.0,0.0,206,0
2024-06-14,-0.0015811486204111436,0.0003172319698624597,-0.0018983805902736033,1.3519379097000028,1.0544423044604867,1.2555739556086147,2703875.8193999995,49439.81939999955,2654436.0,0.01828479660392482,0,28,0.0,0.0,0.0,5966.0,0.0,206,0
2024-06-17,-0.006625674105098289,-0.012039437538388134,0.005413763433289845,1.3429804097000029,1.0417474121981007,1.2623713359772797,2685960.8193999995,49439.81939999955,2636521.0,0.0184067537556425,0,28,0.0,0.0,0.0,0.0,0.0,206,0
2024-06-18,0.00919268807707918,0.005469761845039741,0.0037229262320394394,1.355326009700003,1.0474455224455108,1.2670710513385643,2710652.0193999996,50851.019399999546,2659801.0,0.018759700262542506,0,28,0.0,0.0,0.0,1411.2,0.0,206,0
2024-06-19,0.001247670293270886,-0.005006427455395442,0.006254097748666328,1.3570170097000032,1.0422015624239085,1.2749954375481412,2714034.0193999996,50851.019399999546,2663183.0,0.018736323508296092,0,28,0.0,0.0,0.0,0.0,0.0,206,0
2024-06-20,-0.002244526028950422,-0.011888051182851751,0.00964352515390133,1.353971149700003,1.029811816906965,1.2872908881212461,2707942.2993999994,52548.299399999545,2655394.0,0.019405250773490524,0,28,0.0,0.0,0.0,1697.2800000000002,0.0,206,0
2024-06-21,0.0012537194757629155,0.001976974682241497,-0.0007232552064785815,1.355668649700003,1.0318477287964631,1.28635984828416,2711337.2993999994,52548.299399999545,2658789.0,0.01938095249588759,0,28,0.0,0.0,0.0,0.0,0.0,206,0
2024-06-24,-0.010411098614047987,-0.014780718960125554,0.004369620346077567,1.341554649700003,1.0165962775074788,1.2919807524495996,2683109.2993999994,52548.299399999545,2630561.0,0.01958485232478247,0,28,0.0,0.0,0.0,0.0,0.0,206,0
2024-06-25,0.004516625544367603,0.0009385453473671689,0.003578080197000434,1.3476139497000033,1.0175503992138841,1.2966035631948454,2695227.8993999995,56277.899399999544,2638950.0,0.02088057169953157,0,28,0.0,0.0,0.0,3729.6000000000004,0.0,206,0
2024-06-26,0.004344345056166432,0.009751995186117116,-0.005407650129950684,1.3534684497000034,1.0274735458086495,1.2895919847678403,2706936.8993999995,56277.899399999544,2650659.0,0.020790251672461853,0,28,0.0,0.0,0.0,0.0,0.0,206,0
2024-06-27,-0.00018825706654379548,-0.00938080241813786,0.009192545351594065,1.3532136497000034,1.017835019485555,1.3014466175728707,2706427.2993999994,63820.29939999954,2642607.0,0.02358101376458483,0,28,0.0,0.0,0.0,7542.4,0.0,206,0
2024-06-28,0.016186945797403096,0.014918838657442033,0.0012681071399610628,1.3751180457000034,1.0330199359211543,1.3030969913208932,2750236.0913999993,69942.09139999954,2680294.0,0.025431304468263208,0,28,0.0,0.0,0.0,6121.792,0.0,206,0
2024-07-01,0.013936621703080299,0.01919015688430155,-0.00525353518122125,1.3942825457000034,1.0528437505560924,1.2962511254324454,2788565.0913999993,69942.09139999954,2718623.0,0.02508174961226568,0,28,0.0,0.0,0.0,0.0,0.0,206,0
2024-07-02,0.011643320788936373,0.007901943083660408,0.003741377705275965,1.4105166246500034,1.0611632619489741,1.3011008904935772,2821033.2492999993,22986.24929999937,2798047.0,0.008148166741991819,28,28,1158352.0,1112128.0,731.8421,0.0,0.0,206,1
2024-07-03,-0.002054920834923979,-0.006985380430534469,0.0049304595956104905,1.4076181246500035,1.0537506328653536,1.3075159158639686,2815236.2492999993,22986.24929999937,2792250.0,0.00816494505770691,0,28,0.0,0.0,0.0,0.0,0.0,206,0
2024-07-04,-0.00566062617443297,-0.014003988203266083,0.008343362028833113,1.3996501246500035,1.038993921433523,1.318424994508483,2799300.2492999993,22986.24929999937,2776314.0,0.008211426875608422,0,28,0.0,0.0,0.0,0.0,0.0,206,0
2024-07-05,-0.007448861552173391,-0.001728324257273402,-0.005720537294899989,1.3892243246500033,1.03719820303595,1.310882895156869,2778448.6492999992,26800.64929999937,2751648.0,0.009645904129540602,0,28,0.0,0.0,0.0,3814.4,0.0,206,0
2024-07-08,-0.00017995653802205247,-0.00961372825360777,0.009433771715585718,1.3889743246500033,1.027226861366832,1.3232494651356448,2777948.6492999992,26800.64929999937,2751148.0,0.00964764028548646,0,28,0.0,0.0,0.0,0.0,0.0,206,0
2024-07-09,0.01923073704528755,0.0147143846292894,0.004516352415998149,1.4156853246500034,1.0423418725065214,1.3292257260544784,2831370.6492999992,26800.64929999937,2804570.0,0.00946560963561069,0,28,0.0,0.0,0.0,0.0,0.0,206,0
2024-07-10,-0.01613501221088598,-0.015295706741383672,-0.0008393054695023071,1.3928432246500035,1.0263985169003969,1.3281100996323978,2785686.4492999995,31101.44929999937,2754585.0,0.011164734389907626,0,28,0.0,0.0,0.0,4300.8,0.0,206,0
2024-07-11,0.0002940029378417641,0.014355673111785634,-0.01406167017394387,1.3932527246500037,1.0411331584914405,1.3094346534566832,2786505.4492999995,32717.44929999937,2753788.0,0.011741390747403114,0,28,0.0,0.0,0.0,1616.0,0.0,206,0
2024-07-12,0.0025935710988167493,0.00010514095847377193,0.0024884301403429775,1.3968662246500037,1.041242624229623,1.3126930901151543,2793732.4492999995,36909.44929999937,2756823.0,0.013211518987527756,0,28,0.0,0.0,0.0,4192.0,0.0,206,0
2024-07-15,0.0055765683660593535,-0.004315284322291648,0.009891852688351,1.4046559446500035,1.036749366257583,1.3256780567875897,2809311.8892999995,41022.88929999937,2768289.0,0.014602468830978075,0,28,0.0,0.0,0.0,4113.44,0.0,206,0
2024-07-16,-0.004993023399582408,-0.002950312368229214,-0.002042711031353194,1.3976424646500036,1.0336906317795596,1.3229700795969668,2795284.9292999995,45189.92929999937,2750095.0,0.016166484076925895,0,28,0.0,0.0,0.0,4167.04,0.0,206,0
2024-07-17,-0.008485775368144766,-0.009273863960002845,0.0007880885918580792,1.3857823846500035,1.0241043254837066,1.3240126972240667,2771564.7692999993,47221.76929999937,2724343.0,0.01703794543178796,0,28,0.0,0.0,0.0,2031.84,0.0,206,0
2024-07-18,0.008793559605736911,0.005866291904437469,0.002927267701299442,1.3979683446500035,1.030112020397591,1.3278884368287611,2795936.6892999993,50277.689299999365,2745659.0,0.017982413368804524,0,28,0.0,0.0,0.0,3055.9199999999996,0.0,206,0
2024-07-19,-0.006086690040274401,-0.0020422360916958495,-0.004044453948578551,1.3894593446500034,1.0280082884510453,1.3225178531971573,2778918.6892999993,50277.689299999365,2728641.0,0.018092537033771273,0,28,0.0,0.0,0.0,0.0,0.0,206,0
2024-07-22,-0.008873595364609743,-0.003919061728161613,-0.00495453363644813,1.3771298446500035,1.023979460511544,1.3159653940086888,2754259.6892999993,50277.689299999365,2703982.0,0.01825452026013478,0,28,0.0,0.0,0.0,0.0,0.0,206,0
2024-07-23,0.0003369326442257403,-0.0038567771751367107,0.0041937098193624515,1.3775938446500036,1.0200301999004342,1.3214841710034844,2755187.6892999993,50277.689299999365,2704910.0,0.018248371787975445,0,28,0.0,0.0,0.0,0.0,0.0,206,0
2024-07-24,0.006196674029252058,0.0020340257505854714,0.004162648278666587,1.3861303446500037,1.0221049675934066,1.326985044813197,2772260.6892999993,50277.689299999365,2721983.0,0.018135988976092494,0,28,0.0,0.0,0.0,0.0,0.0,206,0
2024-07-25,-0.00017278317362023898,0.0034673919047631353,-0.0036401750783833743,1.3858908446500038,1.0256490060838583,1.3221545869236806,2771781.6892999993,50277.689299999365,2721504.0,0.018139123111350363,0,28,0.0,0.0,0.0,0.0,0.0,206,0
2024-07-26,-0.00379553701527513,0.003384822076948232,-0.007180359092223362,1.3806306446500038,1.029120645482851,1.3126610422141383,2761261.2892999994,53135.289299999364,2708126.0,0.019243122520096446,0,28,0.0,0.0,0.0,2857.6,0.0,206,0
2024-07-29,0.010583931377029732,0.0072041465476438225,0.003379784829385909,1.3952431446500038,1.0365345814281153,1.3170975540907395,2790486.2892999994,53135.289299999364,2737351.0,0.01904158766296196,0,28,0.0,0.0,0.0,0.0,0.0,206,0
2024-07-30,-0.001782843377183596,0.001000175383169338,-0.002783018760352934,1.3927556446500038,1.0375712978002636,1.31343204688849,2785511.2892999994,53135.289299999364,2732376.0,0.01907559646378324,0,28,0.0,0.0,0.0,0.0,0.0,206,0
2024-07-31,-0.001381433999130155,0.010031863159128188,-0.011413297158258343,1.3908316446500038,1.047980071077635,1.298441456640172,2781663.2892999994,53135.289299999364,2728528.0,0.019101984594753294,0,28,0.0,0.0,0.0,0.0,0.0,206,0
2024-08-01,0.010755075970222405,-0.0006731129883062361,0.01142818895852864,1.4057901446500038,1.0472746620803066,1.313280290958243,2811580.2892999994,53135.289299999364,2758445.0,0.01889872734640222,0,28,0.0,0.0,0.0,0.0,0.0,206,0
2024-08-02,-0.0047876989503833345,-0.0072833286554938054,0.002495629705110471,1.3990596446500039,1.0396470165238045,1.3165577522634946,2798119.2892999994,53135.289299999364,2744984.0,0.01898964404526589,0,28,0.0,0.0,0.0,0.0,0.0,206,0
2024-08-05,-0.01345082039351353,-0.017193852448272956,0.0037430320547594265,1.3802411446500038,1.021771479123407,1.3214856701321587,2760482.2892999994,53135.289299999364,2707347.0,0.01924855287279288,0,28,0.0,0.0,0.0,0.0,0.0,206,0
2024-08-06,-0.005762398861118512,0.0036769619241923458,-0.009439360785310857,1.3722876446500036,1.0255284939473694,1.309011690119163,2744575.2892999994,53135.289299999364,2691440.0,0.019360113569175018,0,28,0.0,0.0,0.0,0.0,0.0,206,0
2024-08-07,0.002207991897189121,0.005848642836359577,-0.0036406509391704563,1.3753176446500035,1.0315264438269773,1.3042460354801457,2750635.2892999994,53135.289299999364,2697500.0,0.019317460772315474,0,28,0.0,0.0,0.0,0.0,0.0,206,0
2024-08-08,0.0021624822538774957,-0.0004447499521974353,0.002607232206074931,1.3782917446500038,1.0310676724903949,1.307646507748495,2756583.4892999995,54294.48929999936,2702289.0,0.019696297794262265,0,28,0.0,0.0,0.0,1159.1999999999998,0.0,206,0
2024-08-09,-0.0031814744715847887,-0.0042098223458962025,0.0010283478743114138,1.3739067446500037,1.0267270607626136,1.3089912232550887,2747813.4892999995,54294.48929999936,2693519.0,0.019759161060756997,0,28,0.0,0.0,0.0,0.0,0.0,206,0
2024-08-12,-0.0009382005037964491,-0.0016124092229557116,0.0006742087191592624,1.3726177446500039,1.0250715565803816,1.3098737565511103,2745235.4892999995,54294.48929999936,2690941.0,0.019777716524364098,0,28,0.0,0.0,0.0,0.0,0.0,206,0
2024-08-13,0.007536329790518437,0.004353308958146846,0.003183020832371591,1.3829622446500038,1.0295340097703847,1.3140431120059892,2765924.4892999995,54294.48929999936,2711630.0,0.01962978002835508,0,28,0.0,0.0,0.0,0.0,0.0,206,0
2024-08-14,0.0015846419585767713,-0.0006474732877949193,0.0022321152463716906,1.3851537446500037,1.028867414000182,1.3169762076706877,2770307.4892999995,54294.48929999936,2716013.0,0.019598723069444712,0,28,0.0,0.0,0.0,0.0,0.0,206,0
2024-08-15,0.010040401690943002,0.006611048592599115,0.0034293530983438864,1.3990612446500037,1.035669306469479,1.3214925841089082,2798122.4892999995,54294.48929999936,2743828.0,0.019403900117890158,0,28,0.0,0.0,0.0,0.0,0.0,206,0
2024-08-16,2.751845221027338e-05,-0.0076450714813947294,0.007672589933605003,1.3990997446500038,1.0277515405904334,1.3316318548070758,2798199.4892999995,54294.48929999936,2743905.0,0.019403366167285566,0,28,0.0,0.0,0.0,0.0,0.0,206,0
2024-08-19,0.012679224671317213,0.005730581706450707,0.006948642964866506,1.4168392446500038,1.0336411547677176,1.340884889126773,2833678.4892999995,54294.48929999936,2779384.0,0.019160426810951186,0,28,0.0,0.0,0.0,0.0,0.0,206,0
2024-08-20,-0.0070286731805343505,-0.012058478019768564,0.005029804839234214,1.4068807446500038,1.0211770156226228,1.3476292784309591,2813761.4892999995,54294.48929999936,2759467.0,0.019296052457348334,0,28,0.0,0.0,0.0,0.0,0.0,206,0
2024-08-21,-0.0074874860858378245,-0.006183463824279538,-0.0013040222615582865,1.3963467446500037,1.0148626044883344,1.3458719398515575,2792693.4892999995,54294.48929999936,2738399.0,0.019441621326516754,0,28,0.0,0.0,0.0,0.0,0.0,206,0
2024-08-22,0.004749894698728552,0.0003977233601963671,0.004352171338532185,1.4029792446500036,1.0152662390535292,1.3517294051335143,2805958.4892999995,54294.48929999936,2751664.0,0.01934971223096895,0,28,0.0,0.0,0.0,0.0,0.0,206,0
2024-08-23,-0.005319822106036987,-0.004819816332259875,-0.0005000057737771114,1.3955156446500034,1.010372842252947,1.3510535326263633,2791031.2892999994,54485.289299999364,2736546.0,0.019521561620924884,0,28,0.0,0.0,0.0,190.8,0.0,206,0
2024-08-26,-0.004072688129143409,0.0030435218379118076,-0.007116209967055217,1.3898321446500035,1.013447934062777,1.3414391520114624,2779664.2892999994,54485.289299999364,2725179.0,0.019601391977345707,0,28,0.0,0.0,0.0,0.0,0.0,206,0
2024-08-27,0.00041551780351545275,-0.008285676099611002,0.008701193903126455,1.3904096446500036,1.0050508327373129,1.3531112741823597,2780819.2892999994,54485.289299999364,2726334.0,0.019593250632879006,0,28,0.0,0.0,0.0,0.0,0.0,206,0
2024-08-28,-0.0036920773814771435,-0.00034944999697764936,-0.0033426273844994942,1.3852761446500037,1.0046996177268506,1.3485883273830026,2770552.2892999994,54485.289299999364,2716067.0,0.01966585850424988,0,28,0.0,0.0,0.0,0.0,0.0,206,0
2024-08-29,-0.022404197256888025,-0.00985469491579091,-0.012549502341097115,1.3542401446500036,0.9947986095121407,1.3316642150113334,2708480.2892999994,54485.289299999364,2653995.0,0.020116553742423934,0,28,0.0,0.0,0.0,0.0,0.0,206,0
2024-08-30,-0.00969178180978536,0.0007888298386959041,-0.010480611648481264,1.3411151446500036,0.9955833363388171,1.31770755952762,2682230.2892999994,54485.289299999364,2627745.0,0.020313427045154566,0,28,0.0,0.0,0.0,0.0,0.0,206,0
2024-09-02,0.004352348136015705,-0.0023391170515367674,0.006691465187552472,1.3469521446500035,0.9932545503805611,1.3265249537895738,2693904.2892999994,54485.289299999364,2639419.0,0.02022539906722416,0,28,0.0,0.0,0.0,0.0,0.0,206,0
2024-09-03,-0.011776216447631604,-0.008172683833353948,-0.003603532614277656,1.3310901446500034,0.9851369949742607,1.3217447778549398,2662180.2892999994,54485.289299999364,2607695.0,0.0204664160120898,0,28,0.0,0.0,0.0,0.0,0.0,206,0
2024-09-04,-0.0008658316678492595,-0.004716344405504639,0.00385051273765538,1.3299376446500033,0.9804907496193582,1.3268341729579998,2659875.2892999994,54485.289299999364,2605390.0,0.02048415183944142,0,28,0.0,0.0,0.0,0.0,0.0,206,0
2024-09-05,0.0025245544507341844,0.004091617289967766,-0.0015670628392335812,1.3332951446500034,0.9845025425231544,1.324754940431732,2666590.2892999994,54485.289299999364,2612105.0,0.0204325687071718,0,28,0.0,0.0,0.0,0.0,0.0,206,0
2024-09-06,-0.0023175663786063616,-0.007453356386154263,0.005135790007547901,1.3302051446500034,0.9771646942106543,1.331558603617251,2660410.2892999994,54485.289299999364,2605925.0,0.02048003254202396,0,28,0.0,0.0,0.0,0.0,0.0,206,0
2024-09-09,-0.014295539358332165,-0.00909687931094516,-0.005198660047387005,1.3111891446500032,0.9682755449205034,1.3246362831038716,2622378.2892999994,54485.289299999364,2567893.0,0.020777051702385516,0,28,0.0,0.0,0.0,0.0,0.0,206,0
2024-09-10,-0.0005678051889292934,0.0014053478456088277,-0.001973153034538121,1.3104446446500033,0.9696363088715132,1.322022573002206,2620889.2892999994,54485.289299999364,2566404.0,0.02078885572253667,0,28,0.0,0.0,0.0,0.0,0.0,206,0
2024-09-11,-0.02531392694489576,-0.01900371604155963,-0.006310210903336128,1.2772721446500033,0.951209615794133,1.313680331747591,2554544.2892999994,54485.289299999364,2500059.0,0.021328770664974267,0,28,0.0,0.0,0.0,0.0,0.0,206,0
2024-09-12,0.005469077227793218,0.006178600434677085,-0.0007095232068838678,1.2842576446500031,0.9570867599397477,1.312748245065789,2568515.2892999994,54485.289299999364,2514030.0,0.021212756461671017,0,28,0.0,0.0,0.0,0.0,0.0,206,0
2024-09-13,-0.002916470862060372,-0.001639393334942707,-0.0012770775271176648,1.2805121446500032,0.9555177182845406,1.3110717637832523,2561024.2892999994,54485.289299999364,2506539.0,0.021274803807070388,0,28,0.0,0.0,0.0,0.0,0.0,206,0
2024-09-18,0.005943325123308529,0.0031631458933376448,0.0027801792299708846,1.2881226446500031,0.9585401602311436,1.3147167782699238,2576245.2892999994,54485.289299999364,2521760.0,0.02114910778344548,0,28,0.0,0.0,0.0,0.0,0.0,206,0
2024-09-19,-0.0008376531570820633,0.01331052929376433,-0.014148182450846394,1.287043644650003,0.9712988371131498,1.296115925419772,2574087.2892999994,54485.289299999364,2519602.0,0.02116683825233299,0,28,0.0,0.0,0.0,0.0,0.0,206,0
2024-09-20,-0.0030002867548831746,-0.0023683759960554597,-0.0006319107588277149,1.2831821446500031,0.9689984362623344,1.2952968958218114,2566364.2892999994,54485.289299999364,2511879.0,0.021230535948137258,0,28,0.0,0.0,0.0,0.0,0.0,206,0
2024-09-23,0.009244595593430383,0.007386758557277145,0.0018578370361532377,1.295044644650003,0.9761561937533834,1.2977033463676835,2590089.2892999994,54485.289299999364,2535604.0,0.02103606602486072,0,28,0.0,0.0,0.0,0.0,0.0,206,0
2024-09-24,0.03324479984366535,0.034217202390076626,-0.0009724025464112745,1.338098144650003,1.0095575277993698,1.296441456329189,2676196.2892999994,54485.289299999364,2621711.0,0.02035922757902442,0,28,0.0,0.0,0.0,0.0,0.0,206,0
2024-09-25,0.015470838281010257,0.013332354221479641,0.002138484059530616,1.3587996446500032,1.0230173063669523,1.2992138757176637,2717599.2892999994,54485.289299999364,2663114.0,0.020049051938791796,0,28,0.0,0.0,0.0,0.0,0.0,206,0
2024-09-26,0.02320172817540045,0.023197577826264526,4.150349135922937e-06,1.3903261446500033,1.0467488299490153,1.2992192679088501,2780652.2892999994,54485.289299999364,2726167.0,0.019594427361399967,0,28,0.0,0.0,0.0,0.0,0.0,206,0
2024-09-27,0.005835321468433019,0.02027615257834788,-0.01444083110991486,1.398439144650003,1.0679728689362686,1.2804574618862312,2796878.2892999994,54485.289299999364,2742393.0,0.019480750917350752,0,28,0.0,0.0,0.0,0.0,0.0,206,0
2024-09-30,0.06286222774606465,0.07276476370126654,-0.009902535955201894,1.4863481446500033,1.1456836623837798,1.2677776858307963,2972696.2892999994,54485.289299999364,2918211.0,0.018328575810490678,0,28,0.0,0.0,0.0,0.0,0.0,206,0
2024-10-08,0.014239261559399807,0.026715545753062727,-0.01247628419366292,1.5075126446500033,1.1762912266847303,1.251960531127987,3015025.2892999994,54485.289299999364,2960540.0,0.01807125449108563,0,28,0.0,0.0,0.0,0.0,0.0,206,0
2024-10-09,-0.06857335427126776,-0.07390718331365373,0.005333829042385968,1.404137446000003,1.0893548553638992,1.2586382745688385,2808274.891999999,26928.891999999265,2781346.0,0.009589122516713821,28,28,1012385.0,985485.0,656.3972999999999,0.0,0.0,206,1
2024-10-10,0.023316449606315848,0.01984134460349886,0.003475105002816989,1.436876946000003,1.110969120444669,1.2630121747335297,2873753.891999999,26928.891999999265,2846825.0,0.009370632633143824,0,28,0.0,0.0,0.0,0.0,0.0,206,0
2024-10-11,-0.016813548346818585,-0.01972014940156291,0.0029066010547443254,1.412717946000003,1.0890606434089773,1.266683247252765,2825435.891999999,26928.891999999265,2798507.0,0.009530880554128415,0,28,0.0,0.0,0.0,0.0,0.0,206,0
2024-10-14,0.023625381198350004,0.02359815581502389,2.7225383326112684e-05,1.446093946000003,1.1147604661641524,1.266717733189724,2892187.891999999,26928.891999999265,2865259.0,0.009310906830945018,0,28,0.0,0.0,0.0,0.0,0.0,206,0
2024-10-15,-0.020272887581814114,-0.018511079496581526,-0.0017618080852325885,1.416777446000003,1.0941250465553416,1.2644860196456826,2833554.891999999,26928.891999999265,2806626.0,0.009503571671058093,0,28,0.0,0.0,0.0,0.0,0.0,206,0
2024-10-16,0.015733593206847196,0.020296313756267906,-0.00456272054942071,1.4390684460000032,1.11633175178882,1.25871652329939,2878136.891999999,26928.891999999265,2851208.0,0.009356362470058381,0,28,0.0,0.0,0.0,0.0,0.0,206,0
2024-10-17,-0.018707935730806757,-0.016528163977306942,-0.002179771753499815,1.412146446000003,1.09788083754218,1.2559728085762385,2824292.891999999,26928.891999999265,2797364.0,0.009534737730735073,0,28,0.0,0.0,0.0,0.0,0.0,206,0
2024-10-18,0.009611255290444598,0.010886769264934698,-0.0012755139744901004,1.425718946000003,1.109833212900895,1.25437079770732,2851437.891999999,26928.891999999265,2824509.0,0.009443969330544083,0,28,0.0,0.0,0.0,0.0,0.0,206,0
2024-10-21,-0.007598832876840933,-0.0037151171306145743,-0.0038837157462263587,1.4148851460000031,1.1057100525195218,1.2494991780886575,2829770.2919999994,27607.291999999266,2802163.0,0.009756018740477778,0,28,0.0,0.0,0.0,678.4,0.0,206,0
2024-10-22,0.008842060456545342,0.013886458138845707,-0.005044397682300365,1.4273956460000032,1.1210644488775352,1.2431962073306708,2854791.2919999994,27607.291999999266,2827184.0,0.009670511493209105,0,28,0.0,0.0,0.0,0.0,0.0,206,0
2024-10-23,0.004310647869245399,0.00739865312990219,-0.0030880052606567917,1.4335486460000033,1.129358815871045,1.2393572109024051,2867097.2919999994,27607.291999999266,2839490.0,0.009629004246570672,0,28,0.0,0.0,0.0,0.0,0.0,206,0
2024-10-24,-0.0041121729747006786,-0.0006510770620325482,-0.0034610959126681303,1.4276536460000033,1.128623516251227,1.2350676767254152,2855307.2919999994,27607.291999999266,2827700.0,0.009668763876080653,0,28,0.0,0.0,0.0,0.0,0.0,206,0
2024-10-25,0.0008756325482039973,0.009735987567613107,-0.00886035501940911,1.4289037460000031,1.1396117807739647,1.2241245386366313,2857807.491999999,29630.491999999267,2828177.0,0.010368260312475687,0,28,0.0,0.0,0.0,2023.1999999999998,0.0,206,0
2024-10-28,0.009376768755423148,0.019549819196019023,-0.010173050440595875,1.442302246000003,1.1618909850417491,1.2116714579595096,2884604.491999999,29630.491999999267,2854974.0,0.010271942681284322,0,28,0.0,0.0,0.0,0.0,0.0,206,0
2024-10-29,-0.011628283909640436,-0.014973079661802039,0.003344795752161603,1.4255307460000028,1.1444938987643893,1.2157242515051079,2851061.491999999,29630.491999999267,2821431.0,0.010392793029242484,0,28,0.0,0.0,0.0,0.0,0.0,206,0
2024-10-30,-0.00501532500793922,0.0007395880361640193,-0.005754913044103239,1.4183812460000027,1.1453403527593782,1.2087278641520884,2836762.491999999,29630.491999999267,2807132.0,0.01044517899667692,0,28,0.0,0.0,0.0,0.0,0.0,206,0
2024-10-31,0.00040518020216406825,0.009531388277441126,-0.009126208075277057,1.4189559460000027,1.1562570363713491,1.1976967621574512,2837911.891999999,31048.89199999927,2806863.0,0.010940752631371432,0,28,0.0,0.0,0.0,1418.3999999999999,0.0,206,0
2024-11-01,0.00455052887173979,-0.0068522584375287285,0.011402787309268518,1.4254129460000027,1.1483340643379216,1.2113538435973323,2850825.891999999,31048.89199999927,2819777.0,0.010891191947964557,0,28,0.0,0.0,0.0,0.0,0.0,206,0
2024-11-04,0.005642224607661062,0.007621060941242011,-0.0019788363335809496,1.4334554460000026,1.157085588223145,1.2089567725987989,2866910.891999999,31048.89199999927,2835862.0,0.010830086169277171,0,28,0.0,0.0,0.0,0.0,0.0,206,0
2024-11-05,0.012043625107550193,0.01437717220598498,-0.0023335470984347864,1.4507194460000028,1.1737212069820924,1.2061356150299678,2901438.891999999,31048.89199999927,2870390.0,0.01070120486962828,0,28,0.0,0.0,0.0,0.0,0.0,206,0
2024-11-06,-0.0031094916473601852,-0.002542746357956985,-0.0005667452894032002,1.4462084460000029,1.1707367316577817,1.2054520433517681,2892416.891999999,31048.89199999927,2861368.0,0.010734583968817202,0,28,0.0,0.0,0.0,0.0,0.0,206,0
2024-11-07,0.02304474164300374,0.028548494368709234,-0.005503752725705493,1.4795359460000028,1.204159502648755,1.1988175333824636,2959071.891999999,31048.89199999927,2928023.0,0.01049278055188234,0,28,0.0,0.0,0.0,0.0,0.0,206,0
2024-11-08,-0.0073675127863368495,-0.006422003807645328,-0.0009455089786915213,1.4686354460000028,1.1964263857377324,1.1976840406408376,2937270.891999999,31048.89199999927,2906222.0,0.010570660024774888,0,28,0.0,0.0,0.0,0.0,0.0,206,0
2024-11-11,-0.003787188995845625,0.006388190772041457,-0.010175379767887082,1.4630734460000028,1.2040693857345293,1.1854971506853795,2926146.891999999,31048.89199999927,2895098.0,0.01061084530133673,0,28,0.0,0.0,0.0,0.0,0.0,206,0
2024-11-12,-0.009178623285600929,-0.005234692359046565,-0.003943930926554364,1.4496444460000029,1.1977664529212628,1.1808216318094495,2899288.891999999,31048.89199999927,2868240.0,0.010709140467399576,0,28,0.0,0.0,0.0,0.0,0.0,206,0
2024-11-13,0.00268307170819182,-0.0008321255561793864,0.003515197264371206,1.453533946000003,1.1967697608454526,1.1849724527792964,2907067.891999999,31048.89199999927,2876019.0,0.010680483963048524,0,28,0.0,0.0,0.0,0.0,0.0,206,0
2024-11-14,-0.009568403984147489,-0.014596800729779563,0.005028396745632074,1.439625946000003,1.1793007511269655,1.1909309644045156,2879251.891999999,31048.89199999927,2848203.0,0.010783666439976513,0,28,0.0,0.0,0.0,0.0,0.0,206,0
2024-11-15,0.0006480850130496929,-0.009847158251506848,0.010495243264556541,1.440558946000003,1.1676879900044974,1.2034300745872342,2881117.891999999,31048.89199999927,2850069.0,0.010776682233730434,0,28,0.0,0.0,0.0,0.0,0.0,206,0
2024-11-18,0.01529996399050515,0.00913411267297173,0.00616585131753342,1.4625994460000031,1.1783537836720746,1.210850245498187,2925198.891999999,31048.89199999927,2894150.0,0.010614284069679347,0,28,0.0,0.0,0.0,0.0,0.0,206,0
2024-11-19,0.002040886866300662,0.008903739430064271,-0.00686285256376361,1.4655844460000031,1.188845538718321,1.202540358786536,2931168.891999999,31048.89199999927,2900120.0,0.010592665637500658,0,28,0.0,0.0,0.0,0.0,0.0,206,0
2024-11-20,0.003847952955144729,0.01081973060017288,-0.006971777645028151,1.471223946000003,1.2017085271724708,1.194156514795904,2942447.891999999,31048.89199999927,2911399.0,0.010552061800114039,0,28,0.0,0.0,0.0,0.0,0.0,206,0
2024-11-21,-0.0027793185470622594,-0.0008322346764869104,-0.001947083870575349,1.467134946000003,1.2007084236651278,1.1918313919070025,2934269.891999999,31048.89199999927,2903221.0,0.010581471078938937,0,28,0.0,0.0,0.0,0.0,0.0,206,0
2024-11-22,-0.024422088845806877,-0.021547623715686994,-0.0028744651301198833,1.4313044460000028,1.174836010359736,1.1884055141299836,2862608.891999999,31048.89199999927,2831560.0,0.010846361892737136,0,28,0.0,0.0,0.0,0.0,0.0,206,0
2024-11-25,0.0022371201381707895,0.007531565154827647,-0.005294445016656857,1.4345064460000028,1.183684364317998,1.1821135664779305,2869012.891999999,31048.89199999927,2837964.0,0.010822151439812798,0,28,0.0,0.0,0.0,0.0,0.0,206,0
2024-11-26,0.004417895798008775,-0.007761326340632288,0.012179222138641064,1.4408439460000027,1.174497403682222,1.1965107901971663,2881687.891999999,31048.89199999927,2850639.0,0.010774550598000457,0,28,0.0,0.0,0.0,0.0,0.0,206,0
2024-11-27,0.00785997680834205,0.009412483895772384,-0.0015525070874303337,1.4521689460000027,1.1855523415800073,1.1946531987151983,2904337.891999999,31048.89199999927,2873289.0,0.010690523332537673,0,28,0.0,0.0,0.0,0.0,0.0,206,0
2024-11-28,0.0036590095213342444,0.0028264432387639137,0.0008325662825703307,1.4574824460000027,1.1889032379800668,1.1956478266878134,2914964.891999999,31048.89199999927,2883916.0,0.010651549212551984,0,28,0.0,0.0,0.0,0.0,0.0,206,0
2024-11-29,0.002933483014998961,0.0023984832306386066,0.0005349997843603544,1.4617579460000028,1.1917548024592137,1.1962874980172624,2923515.891999999,31048.89199999927,2892467.0,0.010620394465774048,0,28,0.0,0.0,0.0,0.0,0.0,206,0
2024-12-02,0.007119851838999436,0.012057430924662224,-0.004937579085662789,1.4721654460000029,1.2061243036690001,1.1903807338866124,2944330.891999999,31048.89199999927,2913282.0,0.010545313396793066,0,28,0.0,0.0,0.0,0.0,0.0,206,0
2024-12-03,0.008690259668002076,0.01161849384792171,-0.002928234179919635,1.484958946000003,1.2201376514710074,1.1868950203345279,2969917.891999999,31048.89199999927,2938869.0,0.010454461412429943,0,28,0.0,0.0,0.0,0.0,0.0,206,0
2024-12-04,-0.0022347419158886828,-0.010677705177567838,0.008442963261679155,1.481640446000003,1.20710938135255,1.1969159313866822,2963280.891999999,31048.89199999927,2932232.0,0.010477876762821334,0,28,0.0,0.0,0.0,0.0,0.0,206,0
2024-12-05,-0.000993493397115297,0.0028623626799554906,-0.0038558560770707876,1.480168446000003,1.2105645661963578,1.192300795818902,2960336.891999999,31048.89199999927,2929288.0,0.010488296816455469,0,28,0.0,0.0,0.0,0.0,0.0,206,0
2024-12-06,0.015898866148373436,0.01447958108386911,0.0014192850645043265,1.503701446000003,1.2280930339898568,1.1939930105308043,3007402.891999999,31048.89199999927,2976354.0,0.010324154466497494,0,28,0.0,0.0,0.0,0.0,0.0,206,0
2024-12-09,0.00207521247538911,0.0023487925067273248,-0.00027358003133821484,1.506821946000003,1.2309775697056562,1.1936663578855655,3013643.891999999,31048.89199999927,2982595.0,0.01030277402131734,0,28,0.0,0.0,0.0,0.0,0.0,206,0
2024-12-10,-0.004853260877579535,-0.0024666355558475893,-0.0023866253217319456,1.4995089460000028,1.2279411966637694,1.1908175235301364,2999017.891999999,31048.89199999927,2967969.0,0.01035301992789821,0,28,0.0,0.0,0.0,0.0,0.0,206,0
2024-12-11,0.0026171901211184956,0.0060784353763844445,-0.003461245255265949,1.503433446000003,1.2354051578736904,1.1866958120269302,3006866.891999999,31048.89199999927,2975818.0,0.010325994836222128,0,28,0.0,0.0,0.0,0.0,0.0,206,0
2024-12-12,0.008565394121210712,0.008926710433312182,-0.0003613163121014701,1.516310946000003,1.2464332619858491,1.1862670394725423,3032621.891999999,31048.89199999927,3001573.0,0.010238299763615661,0,28,0.0,0.0,0.0,0.0,0.0,206,0
2024-12-13,-0.017067739350079214,-0.01994807645665356,0.0028803371065743467,1.490430946000003,1.2215693159776393,1.1896838884446412,2980861.891999999,31048.89199999927,2949813.0,0.010416078679568452,0,28,0.0,0.0,0.0,0.0,0.0,206,0
2024-12-16,0.017141351008958416,0.008345429915244788,0.008795921093713629,1.5159789460000028,1.2317638370907442,1.2001482540538626,3031957.891999999,31048.89199999927,3000909.0,0.01024054195538916,0,28,0.0,0.0,0.0,0.0,0.0,206,0
2024-12-17,-0.010763342091955397,-0.02124905447376055,0.010485712381805155,1.499661946000003,1.2055900202175946,1.212732663461397,2999323.891999999,31048.89199999927,2968275.0,0.010351963681820089,0,28,0.0,0.0,0.0,0.0,0.0,206,0
2024-12-18,0.005556252208856138,0.00769550891294175,-0.002139256704085612,1.507994446000003,1.2148676489635328,1.2101383169808235,3015988.891999999,31048.89199999927,2984940.0,0.010294763380050035,0,28,0.0,0.0,0.0,0.0,0.0,206,0
2024-12-19,-0.011137640489691791,-0.011791922427011946,0.0006542819373201551,1.491198946000003,1.2005420238878683,1.210930088623283,2982397.891999999,31048.89199999927,2951349.0,0.010410714171735768,0,28,0.0,0.0,0.0,0.0,0.0,206,0
2024-12-20,-0.0021415653548886304,-0.0027014214549849233,0.0005598561000962929,1.488005446000003,1.1972988539069265,1.211608035220189,2976010.891999999,32184.89199999927,2943826.0,0.010814776278715072,0,28,0.0,0.0,0.0,1136.0,0.0,206,0
2024-12-23,-0.0003958318846098985,-0.010192207333468036,0.009796375448858138,1.487416446000003,1.1850957357477834,1.2234774024300594,2974832.891999999,32184.89199999927,2942648.0,0.010819058807152412,0,28,0.0,0.0,0.0,0.0,0.0,206,0
2024-12-24,0.014088858608734212,0.012953493501706433,0.0011353651070277783,1.508372446000003,1.2004468656596923,1.2248664959820155,3016744.891999999,32184.89199999927,2984560.0,0.010668748320532261,0,28,0.0,0.0,0.0,0.0,0.0,206,0
2024-12-25,0.0034086408921314426,-0.0074990715302448,0.010907712422376242,1.5135139460000029,1.1914446287458522,1.2382269874759908,3027027.891999999,32184.89199999927,2994843.0,0.010632505926046908,0,28,0.0,0.0,0.0,0.0,0.0,206,0
2024-12-26,-0.007974819149766832,-0.004030598356454705,-0.003944220793312127,1.5014439460000029,1.1866423939834223,1.2333431468451477,3002887.891999999,32184.89199999927,2970703.0,0.010717979877218566,0,28,0.0,0.0,0.0,0.0,0.0,206,0
2024-12-27,0.014013177152602196,0.013684228732326744,0.0003289484202754524,1.522483946000003,1.202880679926167,1.23374885312496,3044967.891999999,32184.89199999927,3012783.0,0.010569862521229921,0,28,0.0,0.0,0.0,0.0,0.0,206,0
2024-12-30,0.0027944465432150345,-0.005996667057741268,0.008791113600956302,1.526738446000003,1.1956674049784604,1.244594879447831,3053476.891999999,32184.89199999927,3021292.0,0.01054040791476842,0,28,0.0,0.0,0.0,0.0,0.0,206,0
2024-12-31,-0.0019878978013238013,-0.008478214143592054,0.006490316342268253,1.5237034460000032,1.18553028067454,1.2526726939334147,3047406.891999999,32184.89199999927,3015222.0,0.010561402904380936,0,28,0.0,0.0,0.0,0.0,0.0,206,0
2025-01-02,-0.028901949467665666,-0.025479825021271333,-0.0034221244463943333,1.479665446000003,1.155323176565534,1.2483858920841746,2959330.891999999,32184.89199999927,2927146.0,0.01087573278371984,0,28,0.0,0.0,0.0,0.0,0.0,206,0
2025-01-03,-0.008325238744542607,-0.020173477034604467,0.01184823829006186,1.4673468779000027,1.132016290995543,1.2631770656115393,2934693.755799999,22519.75579999917,2912174.0,0.007673630597908937,28,28,1340815.0,1331994.0,844.1361999999999,0.0,0.0,206,1
2025-01-06,0.007879527447897772,0.0007012089505159907,0.007178318497381781,1.4789088779000028,1.132810070950919,1.272244552907087,2957817.755799999,22519.75579999917,2935298.0,0.007613638722615709,0,28,0.0,0.0,0.0,0.0,0.0,206,0
2025-01-07,-0.004398851137628945,0.003157390485223801,-0.007556241622852747,1.4724033779000028,1.136386794690505,1.2626311656619627,2944806.755799999,22519.75579999917,2922287.0,0.007647277959969687,0,28,0.0,0.0,0.0,0.0,0.0,206,0
2025-01-08,0.0026113767855409087,0.0016332322769134293,0.0009781445086274793,1.4762483779000029,1.1382427782826519,1.2638662014030768,2952496.755799999,22519.75579999917,2929977.0,0.00762736004900276,0,28,0.0,0.0,0.0,0.0,0.0,206,0
2025-01-09,-0.012732274786129039,-0.00912846686559064,-0.0036038079205383978,1.4574523779000028,1.127852366796101,1.2593114703759596,2914904.755799999,22519.75579999917,2892385.0,0.007725726116844801,0,28,0.0,0.0,0.0,0.0,0.0,206,0
2025-01-10,-0.015056752682114483,-0.017129883365954456,0.0020731306838399736,1.4355078779000028,1.108532387298868,1.2619221876257076,2871015.755799999,22519.75579999917,2848496.0,0.00784382870574812,0,28,0.0,0.0,0.0,0.0,0.0,206,0
2025-01-13,-0.007100622822712288,-0.0025967864054444066,-0.0045038364172678815,1.4253148779000027,1.1056537654655354,1.2562386965213206,2850629.755799999,22519.75579999917,2828110.0,0.007899923079866695,0,28,0.0,0.0,0.0,0.0,0.0,206,0
2025-01-14,0.01838856831314084,0.026434275694647298,-0.008045707381506458,1.4515243779000029,1.1348809219246765,1.246131367567785,2903048.755799999,22519.75579999917,2880529.0,0.007757277846266607,0,28,0.0,0.0,0.0,0.0,0.0,206,0
2025-01-15,0.0014398655867038368,-0.002740292540811616,0.004180158127515453,1.4536143779000028,1.1317710161996168,1.2513403937318752,2907228.755799999,22519.75579999917,2884709.0,0.0077461244682145,0,28,0.0,0.0,0.0,0.0,0.0,206,0
2025-01-16,0.005841645576089682,0.00638803234193324,-0.0005463867658435572,1.4621058779000027,1.1390008060547625,1.2506566779011747,2924211.755799999,22519.75579999917,2901692.0,0.00770113715442549,0,28,0.0,0.0,0.0,0.0,0.0,206,0
2025-01-17,-0.0019523209934015906,-0.002413563359939974,0.0004612423665383836,1.4592513779000027,1.1362517554423266,1.251233533747017,2918502.755799999,22519.75579999917,2895983.0,0.007716201656909594,0,28,0.0,0.0,0.0,0.0,0.0,206,0
2025-01-20,8.908677556762612e-06,0.0049314447706661395,-0.004922536093109377,1.4592643779000027,1.1418551182198629,1.2450742915162387,2918528.755799999,22519.75579999917,2896009.0,0.007716132916369457,0,28,0.0,0.0,0.0,0.0,0.0,206,0
2025-01-21,-0.007521940620380252,-0.006561436485205251,-0.0009605041351750006,1.4482878779000028,1.1343629083863567,1.2438783925106374,2896575.755799999,22519.75579999917,2874056.0,0.007774613094412056,0,28,0.0,0.0,0.0,0.0,0.0,206,0
2025-01-22,-0.010803818935975484,-0.007013126560030202,-0.0037906923759452827,1.432640837900003,1.1264074777448392,1.2391632321715442,2865281.6757999994,24857.675799999168,2840424.0,0.008675473692497892,0,28,0.0,0.0,0.0,2337.92,0.0,206,0
2025-01-23,0.011767080453123802,0.006463999848741724,0.005303080604382077,1.4494988379000031,1.1336885755106034,1.2457346146737367,2898997.6757999994,24857.675799999168,2874140.0,0.008574575967239957,0,28,0.0,0.0,0.0,0.0,0.0,206,0
2025-01-24,0.0027285292658323357,0.0006877980039982579,0.002040731261834078,1.4534538379000033,1.1344683242499953,1.2482768242458502,2906907.6757999994,24857.675799999168,2882050.0,0.008551243648685257,0,28,0.0,0.0,0.0,0.0,0.0,206,0
2025-01-27,0.01313526408763277,0.010382741360209061,0.0027525227274237084,1.4725453379000033,1.146247215442033,1.251712734574703,2945090.6757999994,24857.675799999168,2920233.0,0.008440377066912166,0,28,0.0,0.0,0.0,0.0,0.0,206,0
2025-02-05,-0.016555008102341673,-0.007820051770907693,-0.00873495633143398,1.4481673379000033,1.1372835028750174,1.2407790784986932,2896334.6757999994,24857.675799999168,2871477.0,0.008582459757739566,0,28,0.0,0.0,0.0,0.0,0.0,206,0
2025-02-06,0.004397281884035875,0.006293774520690357,-0.0018964926366544822,1.4545353379000034,1.1444413088082137,1.2384259501126054,2909070.6757999994,24857.675799999168,2884213.0,0.008544885487583854,0,28,0.0,0.0,0.0,0.0,0.0,206,0
2025-02-07,0.004407593155664413,0.0056614410137416195,-0.0012538478580772063,1.4609463379000036,1.1509204957717207,1.2368731523876695,2921892.6757999994,24857.675799999168,2897035.0,0.008507388380784131,0,28,0.0,0.0,0.0,0.0,0.0,206,0
2025-02-10,-0.0026712137870920083,0.0051402436249669975,-0.007811457412059006,1.4570438379000035,1.1568365075129552,1.227211370433674,2914087.6757999994,24857.675799999168,2889230.0,0.008530174299980537,0,28,0.0,0.0,0.0,0.0,0.0,206,0
2025-02-11,0.0066329507380706865,0.001473164402579232,0.0051597863354914545,1.4667083379000037,1.1585407178754272,1.2335435188935975,2933416.6757999994,24857.675799999168,2908559.0,0.008473966895009896,0,28,0.0,0.0,0.0,0.0,0.0,206,0
2025-02-12,-0.0012667821897435205,0.004550897178887347,-0.005817679368630867,1.4648503379000035,1.1638131175600326,1.226367158213422,2929700.6757999994,24857.675799999168,2904843.0,0.00848471518108634,0,28,0.0,0.0,0.0,0.0,0.0,206,0
2025-02-13,-0.0018807382083479984,-0.005246149500666228,0.00336541129231823,1.4620953379000035,1.1577075799544763,1.2304943880962016,2924190.6757999994,24857.675799999168,2899333.0,0.00850070277759798,0,28,0.0,0.0,0.0,0.0,0.0,206,0
2025-02-14,-0.001296085112152623,-0.0010004553213807034,-0.00029562979077191946,1.4602003379000035,1.156549345245508,1.2301306172977027,2920400.6757999994,24857.675799999168,2895543.0,0.008511734710234508,0,28,0.0,0.0,0.0,0.0,0.0,206,0
2025-02-17,0.007262017221041139,0.008993033251225727,-0.0017310160301845876,1.4708043379000033,1.1669502319639844,1.2280012414799395,2941608.6757999994,24857.675799999168,2916751.0,0.008450367992349926,0,28,0.0,0.0,0.0,0.0,0.0,206,0
2025-02-18,-0.0014162318850473588,-0.006153523163832164,0.004737291278784805,1.4687213379000033,1.1597693766805548,1.2338186410515395,2937442.6757999994,24857.675799999168,2912585.0,0.008462352645989693,0,28,0.0,0.0,0.0,0.0,0.0,206,0
2025-02-19,-0.0017334806367287348,0.0004492497831509319,-0.0021827304198796665,1.4661753379000033,1.1602904028215337,1.2311255475711016,2932350.6757999994,24857.675799999168,2907493.0,0.008477047443589786,0,28,0.0,0.0,0.0,0.0,0.0,206,0
2025-02-20,-0.0021313958291482304,-0.001565201002067499,-0.0005661948270807315,1.4630503379000033,1.1584743151203483,1.23042849065458,2926100.6757999994,24857.675799999168,2901243.0,0.008495153979349343,0,28,0.0,0.0,0.0,0.0,0.0,206,0
2025-02-21,-0.00536481882863038,-0.005245037929191256,-0.00011978089943912376,1.4552013379000033,1.152398073397548,1.230281108823274,2910402.6757999994,24857.675799999168,2885545.0,0.008540974761565045,0,28,0.0,0.0,0.0,0.0,0.0,206,0
2025-02-24,0.0027741865643318153,0.0023709934764115253,0.00040319308792029,1.4592383379000031,1.155130401711803,1.2307771496625504,2918476.6757999994,24857.675799999168,2893619.0,0.008517346054576673,0,28,0.0,0.0,0.0,0.0,0.0,206,0
2025-02-25,-0.009432660616502608,-0.009208607603538943,-0.00022405301296366496,1.445473837900003,1.1444932591115207,1.2305013903338815,2890947.6757999994,24857.675799999168,2866090.0,0.008598452337301611,0,28,0.0,0.0,0.0,0.0,0.0,206,0
2025-02-26,0.010714479635619334,0.00985222623810835,0.0008622533975109845,1.460961337900003,1.1557690656282775,1.2315623943383387,2921922.6757999994,24857.675799999168,2897065.0,0.008507301033622778,0,28,0.0,0.0,0.0,0.0,0.0,206,0
2025-02-27,0.0040589712035252745,0.00134862940416174,0.0027103417993635344,1.4668913379000028,1.1573277697746045,1.234900349374238,2933782.6757999994,24857.675799999168,2908925.0,0.008472909736990265,0,28,0.0,0.0,0.0,0.0,0.0,206,0
2025-02-28,-0.005824221453397449,-0.008894373592239515,0.003070152138842066,1.4583478379000028,1.1470340642215557,1.2386916813231263,2916695.6757999994,24857.675799999168,2891838.0,0.008522546937702418,0,28,0.0,0.0,0.0,0.0,0.0,206,0
2025-03-03,-0.003425108791049958,-0.0006225696180723468,-0.002802539172977611,1.4533528379000027,1.1463199556622774,1.2352201993629768,2906705.6757999994,24857.675799999168,2881848.0,0.008551837912917587,0,28,0.0,0.0,0.0,0.0,0.0,206,0
2025-03-04,0.004839499271328318,0.004037579549576187,0.000801919721752131,1.4603863379000026,1.1509483136725305,1.2362107468015526,2920772.6757999994,24857.675799999168,2895915.0,0.008510650625417348,0,28,0.0,0.0,0.0,0.0,0.0,206,0
2025-03-05,-0.0007128250744230513,-5.812943268052848e-05,-0.0006546956417425228,1.4593453379000025,1.150881409700012,1.2354014050133464,2918690.6757999994,24857.675799999168,2893833.0,0.008516721558095838,0,28,0.0,0.0,0.0,0.0,0.0,206,0
2025-03-06,-0.0019796547979228363,0.001951887486539914,-0.00393154228446275,1.4564563379000024,1.1531278007220969,1.2305443721512517,2912912.6757999994,24857.675799999168,2888055.0,0.008533615170311372,0,28,0.0,0.0,0.0,0.0,0.0,206,0
2025-03-07,-0.0037512281404038506,-0.0029646320624882863,-0.0007865960779155643,1.4509928379000023,1.1497092010719294,1.2295764307744164,2901985.6757999994,24857.675799999168,2877128.0,0.00856574724241069,0,28,0.0,0.0,0.0,0.0,0.0,206,0
2025-03-10,0.0015213720856093182,0.0015355927597842532,-1.4220674174934963e-05,1.4532003379000025,1.1514746861969527,1.229558945368621,2906400.6757999994,24857.675799999168,2881543.0,0.008552735349594213,0,28,0.0,0.0,0.0,0.0,0.0,206,0
2025-03-11,0.0024146705092780163,0.003062082400427199,-0.0006474118911491827,1.4567093379000025,1.1550005965680938,1.2287629142865206,2913418.6757999994,24857.675799999168,2888561.0,0.008532133059514169,0,28,0.0,0.0,0.0,0.0,0.0,206,0
2025-03-12,0.0032240474319815693,0.005194320195187182,-0.0019702727632056128,1.4614058379000026,1.1610000394923008,1.2263419161840647,2922811.6757999994,24857.675799999168,2897954.0,0.008504713459923962,0,28,0.0,0.0,0.0,0.0,0.0,206,0
2025-03-13,0.005384199101946097,0.007090224752635897,-0.0017060256506898006,1.4692743379000026,1.1692317907101204,1.2242497454185386,2938548.6757999994,24857.675799999168,2913691.0,0.008459167617236028,0,28,0.0,0.0,0.0,0.0,0.0,206,0
2025-03-14,0.006928930654673149,0.007211114843263655,-0.0002821841885905065,1.4794548379000025,1.1776632554313258,1.2239042814974956,2958909.6757999994,24857.675799999168,2934052.0,0.008400957962083924,0,28,0.0,0.0,0.0,0.0,0.0,206,0
2025-03-17,0.002487402728172272,0.0038633639706614656,-0.0013759612424891934,1.4831348379000027,1.182212997221931,1.2222202366416386,2966269.6757999994,24857.675799999168,2941412.0,0.008380113245534589,0,28,0.0,0.0,0.0,0.0,0.0,206,0
2025-03-18,0.008160754970288231,0.002591072348132994,0.0055696826221552365,1.4952383379000027,1.1852761966286363,1.229027615454108,2990476.6757999994,24857.675799999168,2965619.0,0.008312278775205411,0,28,0.0,0.0,0.0,0.0,0.0,206,0
2025-03-19,0.007670014678801573,0.006038178493004569,0.0016318361857970039,1.5067068379000026,1.1924331058673896,1.2310331871903497,3013413.6757999994,24857.675799999168,2988556.0,0.00824900875695401,0,28,0.0,0.0,0.0,0.0,0.0,206,0
2025-03-20,-0.001100413138305556,-0.00034613578912039616,-0.0007542773491851598,1.5050488379000027,1.192020362093317,1.2301046467411567,3010097.6757999994,24857.675799999168,2985240.0,0.008258096074371639,0,28,0.0,0.0,0.0,0.0,0.0,206,0
2025-03-21,-0.000386366199791488,-0.0014436418444597927,0.0010572756446683047,1.5044673379000026,1.190299511619151,1.2314052064245495,3008934.6757999994,24857.675799999168,2984077.0,0.008261287956804893,0,28,0.0,0.0,0.0,0.0,0.0,206,0
2025-03-24,0.001920280970693966,-0.0004115701135447666,0.0023318510842387325,1.5073563379000026,1.1898096199140016,1.234276659990288,3014712.6757999994,24857.675799999168,2989855.0,0.008245454367687895,0,28,0.0,0.0,0.0,0.0,0.0,206,0
2025-03-25,0.00901611626812393,0.009144765504167445,-0.00012864923604351437,1.5209468379000024,1.2006901498827176,1.2341178712409138,3041893.6757999994,24857.675799999168,3017036.0,0.008171776679032593,0,28,0.0,0.0,0.0,0.0,0.0,206,0
2025-03-26,0.0007725450822608781,0.0011405428831668919,-0.0003679978009060137,1.5221218379000023,1.2020595884880547,1.2336637185782382,3044243.6757999994,24857.675799999168,3019386.0,0.008165468486508985,0,28,0.0,0.0,0.0,0.0,0.0,206,0
2025-03-27,-0.007089445622098012,-0.00896973879122391,0.001880293169125899,1.5113308379000023,1.1912774279678309,1.2359833680412795,3022661.6757999994,24857.675799999168,2997804.0,0.008223770459993725,0,28,0.0,0.0,0.0,0.0,0.0,206,0
2025-03-28,-0.0067556353274620395,-0.009415517143538292,0.002659881816076253,1.5011208379000023,1.1800609349220896,1.2392709377269053,3002241.6757999994,24857.675799999168,2977384.0,0.008279705128460522,0,28,0.0,0.0,0.0,0.0,0.0,206,0
2025-03-31,0.003821810912988166,-0.0016635774256923833,0.00548538833868055,1.5068578379000024,1.1780978121898118,1.2460688200771781,3013715.6757999994,24857.675799999168,2988858.0,0.008248182135960994,0,28,0.0,0.0,0.0,0.0,0.0,206,0
2025-04-01,0.013513882655565634,0.015559450998231568,-0.002045568342665933,1.5272213379000024,1.196428367369703,1.2435199011460452,3054442.6757999994,24857.675799999168,3029585.0,0.008138203410050447,0,28,0.0,0.0,0.0,0.0,0.0,206,0
2025-04-02,-0.0015552321009776326,-0.0011862268712596255,-0.00036900522971800714,1.5248461542500023,1.1950091318907918,1.2430610357992637,3049692.3084999993,23663.30849999917,3026029.0,0.007759244574951248,28,28,1018890.0,1018381.0,685.3672999999999,0.0,0.0,206,1
2025-04-03,0.012441255104408189,0.010987443274964006,0.0014538118294441828,1.5438171542500023,1.2081392269405058,1.2448682126378299,3087634.3084999993,23663.30849999917,3063971.0,0.0076638960886190625,0,28,0.0,0.0,0.0,0.0,0.0,206,0
2025-04-07,-0.05984355060809177,-0.07485718731018831,0.015013636702096544,1.451429654250002,1.1177013225326342,1.2635582117243624,2902859.3084999993,23663.30849999917,2879196.0,0.008151724208854875,0,28,0.0,0.0,0.0,0.0,0.0,206,0
2025-04-08,0.02630406502182714,0.018383147384019298,0.00792091763780784,1.4896081542500021,1.1382481906760649,1.273566752250007,2979216.3084999993,23663.30849999917,2955553.0,0.007942796376511973,0,28,0.0,0.0,0.0,0.0,0.0,206,0
2025-04-09,0.018038300826520803,0.010931703752115824,0.00710659707440498,1.516478154250002,1.1506911826929174,1.2826174780056063,3032956.3084999993,23663.30849999917,3009293.0,0.007802060462816975,0,28,0.0,0.0,0.0,0.0,0.0,206,0
2025-04-10,0.006950314431145133,0.010154360162777201,-0.0032040457316320683,1.5270181542500023,1.1623757153981134,1.2785079129498857,3054036.3084999993,23663.30849999917,3030373.0,0.007748207981070627,0,28,0.0,0.0,0.0,0.0,0.0,206,0
2025-04-11,-0.0012141309485024232,-0.00487368437036463,0.003659553421862207,1.5251641542500023,1.1567106630414863,1.2831866809575994,3050328.3084999993,23663.30849999917,3026665.0,0.007757626755801776,0,28,0.0,0.0,0.0,0.0,0.0,206,0
2025-04-14,0.005203374323928145,0.015841804513919113,-0.010638430189990968,1.5331001542500022,1.1750350472445552,1.2695355890315057,3066200.3084999993,23663.30849999917,3042537.0,0.0077174698712281385,0,28,0.0,0.0,0.0,0.0,0.0,206,0
2025-04-15,-0.005091643868380347,0.006352252459346964,-0.01144389632772731,1.5252941542500023,1.1824991665132332,1.2550071553662687,3050588.3084999993,23663.30849999917,3026925.0,0.007756965577447789,0,28,0.0,0.0,0.0,0.0,0.0,206,0
2025-04-16,0.01595659429506391,0.0048885053660269705,0.011068088929036938,1.549632654250002,1.1882798200340556,1.2688976861684402,3099265.3084999993,23663.30849999917,3075602.0,0.00763513482859971,0,28,0.0,0.0,0.0,0.0,0.0,206,0
2025-04-17,-0.00660575909518013,0.0007013703024569181,-0.007307129397637048,1.539396154250002,1.1891132442108365,1.2596256865832451,3078792.3084999993,23663.30849999917,3055129.0,0.0076859060725431114,0,28,0.0,0.0,0.0,0.0,0.0,206,0
2025-04-18,-0.003828774018778569,-0.002148610972811436,-0.001680163045967133,1.533502154250002,1.1865583024464097,1.257509310052897,3067004.3084999993,23663.30849999917,3043341.0,0.007715446774697342,0,28,0.0,0.0,0.0,0.0,0.0,206,0
2025-04-21,-0.0057430633374671025,0.003917129457852154,-0.009660192795319256,1.524695154250002,1.1912062049263816,1.245361527675877,3049390.3084999993,23663.30849999917,3025727.0,0.007760013020976378,0,28,0.0,0.0,0.0,0.0,0.0,206,0
2025-04-22,0.01077100557066979,0.0058663425616231534,0.004904663009046636,1.541117654250002,1.198194228586011,1.2514696062935586,3082235.3084999993,23663.30849999917,3058572.0,0.007677320558473245,0,28,0.0,0.0,0.0,0.0,0.0,206,0
2025-04-23,0.000575231876395188,-0.004692980266504613,0.005268212142899801,1.542004154250002,1.192571126715817,1.2580626136699042,3084008.3084999993,23663.30849999917,3060345.0,0.00767290685786399,0,28,0.0,0.0,0.0,0.0,0.0,206,0
2025-04-24,0.0019669207710242276,0.011660120244827626,-0.009693199473803399,1.545037154250002,1.206476649453833,1.2458679618050674,3090074.3084999993,23663.30849999917,3066411.0,0.007657844484486181,0,28,0.0,0.0,0.0,0.0,0.0,206,0
2025-04-25,0.00405537690971669,0.0135431115714408,-0.009487734661724109,1.551302862250002,1.2228160973257245,1.2340474971599178,3102605.724499999,25579.72449999917,3077026.0,0.008244593986920937,0,28,0.0,0.0,0.0,1916.4160000000002,0.0,206,0
2025-04-28,0.006570283758270623,0.0024696117406833506,0.0041006720175872724,1.5614953622500019,1.2258359783163766,1.2391079211998952,3122990.724499999,25579.72449999917,3097411.0,0.008190778249619864,0,28,0.0,0.0,0.0,0.0,0.0,206,0
2025-04-29,-0.0075869581725361845,-0.014236891804532586,0.006649933631996402,1.549648362250002,1.208383884122983,1.2473479066387556,3099296.724499999,25579.72449999917,3073717.0,0.008253396423063003,0,28,0.0,0.0,0.0,0.0,0.0,206,0
2025-04-30,-0.016770578818452897,-0.01207073956998411,-0.004699839248468786,1.5236598622500017,1.1937977969571687,1.2414855719906392,3047319.724499999,29499.72449999917,3017820.0,0.0096805478804294,0,28,0.0,0.0,0.0,3920.0,0.0,206,0
2025-05-06,0.006351155031221856,0.013707706721802005,-0.00735655169058015,1.5333368622500017,1.210162027042991,1.2323525192071807,3066673.724499999,29499.72449999917,3037174.0,0.009619453241576557,0,28,0.0,0.0,0.0,0.0,0.0,206,0
2025-05-07,0.007853786272593144,0.0063460271560719745,0.0015077591165211695,1.5453793622500018,1.217841748129853,1.2342106099527832,3090758.724499999,29499.72449999917,3061259.0,0.009544492834771962,0,28,0.0,0.0,0.0,0.0,0.0,206,0
2025-05-08,0.0027019255608025095,0.006727990570665126,-0.0040260650098626165,1.5495548622500017,1.226035375927833,1.2292415978012512,3099109.724499999,29499.72449999917,3069610.0,0.009518773816489691,0,28,0.0,0.0,0.0,0.0,0.0,206,0
2025-05-09,0.004548144871596715,0.005971162705263435,-0.0014230178336667194,1.5566024622500019,1.233356232639907,1.227492365085695,3113204.9244999993,30838.92449999917,3082366.0,0.00990584469955896,0,28,0.0,0.0,0.0,1339.2,0.0,206,0
2025-05-12,-0.0018206318367912644,0.00014028581252660422,-0.0019609176493178685,1.5537684622500019,1.2335292550211376,1.2250853536425956,3107536.9244999993,30838.92449999917,3076698.0,0.009923912490584849,0,28,0.0,0.0,0.0,0.0,0.0,206,0
2025-05-13,0.014798536949773844,0.008116152469329643,0.006682384480444201,1.5767619622500018,1.2435407665302678,1.2332718449969964,3153523.9244999993,30838.92449999917,3122685.0,0.009779194716237574,0,28,0.0,0.0,0.0,0.0,0.0,206,0
2025-05-14,0.010685189269760365,0.005375503961245402,0.0053096853085149625,1.5936099622500017,1.2502254248467213,1.2398201303937821,3187219.9244999993,33594.92449999917,3153625.0,0.01054051031802251,0,28,0.0,0.0,0.0,2756.0,0.0,206,0
2025-05-15,0.0012321082614392687,-0.003424920509938582,0.004657028771377851,1.595573462250002,1.245943502147117,1.2455940084123593,3191146.9244999993,33594.92449999917,3157552.0,0.010527539249940035,0,28,0.0,0.0,0.0,0.0,0.0,206,0
2025-05-16,-0.0020744140450498216,-0.003556981511474051,0.0014825674664242293,1.5922635822500018,1.2415117041456385,1.2474406855656046,3184527.164499999,36109.16449999917,3148418.0,0.011338940644793856,0,28,0.0,0.0,0.0,2514.2400000000002,0.0,206,0
2025-05-19,0.024994291424892623,0.012997596879878595,0.011996694545014027,1.6320610822500017,1.2576483727977745,1.2624058504333582,3264122.164499999,36109.16449999917,3228013.0,0.011062442727394182,0,28,0.0,0.0,0.0,0.0,0.0,206,0
2025-05-20,-0.011232116370747391,0.005978922505689352,-0.017211038876436744,1.6137295822500017,1.2651677549581388,1.2406785342637086,3227459.164499999,36109.16449999917,3191350.0,0.011188108868170059,0,28,0.0,0.0,0.0,0.0,0.0,206,0
2025-05-21,0.006744314611141444,0.006829536152023317,-8.522154088187305e-05,1.6246130822500016,1.2738082638789998,1.2405728017272795,3249226.164499999,36109.16449999917,3213117.0,0.011113158232725164,0,28,0.0,0.0,0.0,0.0,0.0,206,0
2025-05-22,-0.0051202960821166155,-0.005871407651423053,0.0007511115693064375,1.6162945822500014,1.2663292162920148,1.2415046103112237,3232589.164499999,36109.16449999917,3196480.0,0.011170353751273666,0,28,0.0,0.0,0.0,0.0,0.0,206,0
2025-05-23,-0.01954656060037041,-0.015415882225907392,-0.004130678374463018,1.5847015822500015,1.2468076342344314,1.236376354065615,3169403.164499999,36109.16449999917,3133294.0,0.011393048667475444,0,28,0.0,0.0,0.0,0.0,0.0,206,0
2025-05-26,-0.0006515422282433736,0.0024681475236533164,-0.00311968975189669,1.5836690822500015,1.249884939409339,1.232519243424349,3167338.164499999,36109.16449999917,3131229.0,0.011400476559375976,0,28,0.0,0.0,0.0,0.0,0.0,206,0
2025-05-27,0.004944530450057716,0.0040771789887965575,0.0008673514612611583,1.5914995822500015,1.254980944022712,1.2335882707911656,3182999.164499999,36109.16449999917,3146890.0,0.011344383907707175,0,28,0.0,0.0,0.0,0.0,0.0,206,0
2025-05-28,0.002333962284016833,-0.0029260528613935786,0.005260015145410411,1.5952140822500016,1.2513088034404598,1.2400769637787277,3190428.164499999,36109.16449999917,3154319.0,0.011317968196804131,0,28,0.0,0.0,0.0,0.0,0.0,206,0
2025-05-29,0.003299557130649111,0.005114261149714087,-0.0018147040190649756,1.6004775822500015,1.2577083234401907,1.2378265911286084,3200955.164499999,39193.16449999917,3161762.0,0.012244209145653962,0,28,0.0,0.0,0.0,3084.0,0.0,206,0
2025-05-30,0.002353984861633407,-0.0036194867860425027,0.00597347164767591,1.6042450822500016,1.2531560647828033,1.2452207131754542,3208490.164499999,39193.16449999917,3169297.0,0.012215454151503347,0,28,0.0,0.0,0.0,0.0,0.0,206,0
2025-06-03,0.008936913791184553,0.0063405530760724145,0.0025963607151121386,1.6185820822500017,1.261101767324161,1.2484537553167867,3237164.164499999,39193.16449999917,3197971.0,0.012107252678071336,0,28,0.0,0.0,0.0,0.0,0.0,206,0
2025-06-04,0.0030708359214570713,0.004233566416533849,-0.001162730495076778,1.6235524822500018,1.2664407254141359,1.2470021400637867,3247104.9644999993,41453.96449999917,3205651.0,0.012766438089685346,0,28,0.0,0.0,0.0,2260.7999999999997,0.0,206,0
2025-06-05,-0.009695097739117142,-0.004870536333308673,-0.004824561405808469,1.6078119822500019,1.2602724798470246,1.2409859016658744,3215623.9644999993,43629.96449999917,3171994.0,0.013568117721993418,0,28,0.0,0.0,0.0,2176.0,0.0,206,0
2025-06-06,0.003437217822115146,0.0037929651633222686,-0.00035574734120712246,1.6133383822500018,1.2650526494593781,1.2405444242308812,3226676.764499999,47898.764499999175,3178778.0,0.014844611963300109,0,28,0.0,0.0,0.0,4268.8,0.0,206,0
2025-06-09,0.00040320121752324134,0.0027526243212788516,-0.0023494231037556102,1.613988882250002,1.268534864149978,1.2376298604993579,3227977.764499999,47898.764499999175,3180079.0,0.014838629010016896,0,28,0.0,0.0,0.0,0.0,0.0,206,0
2025-06-10,0.014449603870559713,0.0029180248460270656,0.011531579024532647,1.637310382250002,1.272236480401619,1.2519016870388275,3274620.764499999,47898.764499999175,3226722.0,0.01462727074208632,0,28,0.0,0.0,0.0,0.0,0.0,206,0
2025-06-11,0.0008920116893127439,0.00013848863869567643,0.0007535230506170675,1.638770882250002,1.2724126706998888,1.2528450238171176,3277541.764499999,47898.764499999175,3229643.0,0.014614234673926819,0,28,0.0,0.0,0.0,0.0,0.0,206,0
2025-06-12,-0.006793506109111891,-0.003151339808969426,-0.0036421663001424648,1.627637882250002,1.2684028659972753,1.2482819538920698,3255275.764499999,47898.764499999175,3207377.0,0.014714195651979206,0,28,0.0,0.0,0.0,0.0,0.0,206,0
2025-06-13,-0.0009047221228130065,-0.0038693516869321588,0.0029646295641191523,1.6261653222500019,1.263494969228019,1.2519826474769347,3252330.644499999,50313.64449999917,3202017.0,0.015470027497076393,0,28,0.0,0.0,0.0,2414.88,0.0,206,0
2025-06-16,-0.001075843873966864,0.003226236978849676,-0.00430208085281654,1.6244158222500018,1.2675713034203329,1.2465965169011655,3248831.644499999,50929.64449999917,3197902.0,0.015676295380285036,0,28,0.0,0.0,0.0,616.0,0.0,206,0
2025-06-17,0.003856771101454992,0.004846473510082716,-0.000989702408627724,1.6306808222500018,1.2737145541645007,1.2453627573258015,3261361.644499999,50929.64449999917,3210432.0,0.015616067781347573,0,28,0.0,0.0,0.0,0.0,0.0,206,0
2025-06-18,-0.0027215626377923297,-0.004139877046927122,0.0014183144091347924,1.6262428222500016,1.2684415325173781,1.2471290732691167,3252485.644499999,50929.64449999917,3201556.0,0.015658683870326054,0,28,0.0,0.0,0.0,0.0,0.0,206,0
2025-06-19,-0.010131340642724251,-0.010918599475453353,0.0007872588327291017,1.6097668022500016,1.2545919274657906,1.2481108866476012,3219533.604499999,52826.60449999917,3166707.0,0.016408154406639053,0,28,0.0,0.0,0.0,1896.9599999999998,0.0,206,0
2025-06-20,0.00503768619694811,0.001028422064674521,0.004009264132273589,1.6178763022500018,1.255882177486159,1.2531148928585376,3235752.604499999,52826.60449999917,3182926.0,0.016325909597208574,0,28,0.0,0.0,0.0,0.0,0.0,206,0
2025-06-23,0.01214771486093702,0.008949743818550033,0.003197971042386987,1.637529802250002,1.2671220012409428,1.2571223179986832,3275059.604499999,52826.60449999917,3222233.0,0.01612996735308705,0,28,0.0,0.0,0.0,0.0,0.0,206,0
2025-06-24,-0.00440755337098786,0.002084625904489324,-0.006492179275477183,1.630312302250002,1.269763476588878,1.2489608545390323,3260624.604499999,52826.60449999917,3207798.0,0.016201375781527562,0,28,0.0,0.0,0.0,0.0,0.0,206,0
2025-06-25,0.004009145972204031,0.0049573039366143925,-0.0009481579644103613,1.6368484622500021,1.2760580800699413,1.2477766423575642,3273696.9244999993,56424.92449999917,3217272.0,0.01723584247451896,0,28,0.0,0.0,0.0,3598.3199999999997,0.0,206,0
2025-06-26,-0.00028041691737856755,0.00026611690396272076,-0.0005465338213412883,1.6363894622500021,1.2763976606954859,1.2470946902210363,3272778.9244999993,56424.92449999917,3216354.0,0.01724067705203141,0,28,0.0,0.0,0.0,0.0,0.0,206,0
2025-06-27,-0.011401711163763095,-0.006846205025187199,-0.004555506138575896,1.6177318222500021,1.2676591806166952,1.241413542704349,3235463.644499999,65643.64449999917,3169820.0,0.02028879063796236,0,28,0.0,0.0,0.0,9218.72,0.0,206,0
2025-06-30,-0.0012270266138667552,0.00163176439930817,-0.002858791013174925,1.6157468222500022,1.269727701738082,1.2378646008248322,3231493.644499999,65643.64449999917,3165850.0,0.020313716108253724,0,28,0.0,0.0,0.0,0.0,0.0,206,0
2025-07-01,0.013936589377686381,0.012331861328426784,0.0016047280492595978,1.638264822250002,1.2853858076807778,1.2398510368709614,3276529.644499999,65643.64449999917,3210886.0,0.020034503460143863,0,28,0.0,0.0,0.0,0.0,0.0,206,0
2025-07-02,0.0036373534480316216,0.001507784344806657,0.0021295691032249646,1.644223770450002,1.2873238922786354,1.2424913853316835,3288447.540899999,24700.54089999915,3263747.0,0.007511307567715974,28,28,1718694.0,1678808.0,1057.1036,0.0,0.0,206,1
2025-07-03,-0.002236617707450761,0.0028209374227126604,-0.005057555130163422,1.640546270450002,1.2909553524215163,1.2362074166516155,3281092.540899999,24700.54089999915,3256392.0,0.007528145150463761,0,28,0.0,0.0,0.0,0.0,0.0,206,0
2025-07-04,0.006440110949813116,0.009828999888293099,-0.0033888889384799826,1.6511115704500021,1.3036441524362585,1.232018047011658,3302223.140899999,27886.140899999147,3274337.0,0.0084446567388535,0,28,0.0,0.0,0.0,3185.6,0.0,206,0
2025-07-07,0.009663489909195855,0.020928279367573598,-0.011264789458377743,1.6670670704500021,1.3309271814543482,1.2181396231031498,3334134.140899999,27886.140899999147,3306248.0,0.008363832923792234,0,28,0.0,0.0,0.0,0.0,0.0,206,0
2025-07-08,-0.004229883803113288,-0.0017627346006757276,-0.0024671492024375603,1.6600155704500021,1.3285811100606186,1.2151342909035534,3320031.140899999,27886.140899999147,3292145.0,0.00839936124588269,0,28,0.0,0.0,0.0,0.0,0.0,206,0
2025-07-09,0.004481283267712577,0.004468733784995873,1.2549482716704002e-05,1.6674545704500021,1.3345181853532537,1.2151495402103356,3334909.140899999,27886.140899999147,3307023.0,0.008361889251493507,0,28,0.0,0.0,0.0,0.0,0.0,206,0
2025-07-10,0.006950054415499007,0.0016167344914288855,0.005333319924070122,1.6790434704500021,1.3366757469329533,1.2216303214638642,3358086.9408999993,33426.94089999915,3324660.0,0.009954161845208335,0,28,0.0,0.0,0.0,5540.799999999999,0.0,206,0
2025-07-11,-0.005187775154901431,-0.0051050154078575785,-8.275974704385208e-05,1.670332970450002,1.329851996649551,1.2215292196474787,3340665.9408999993,34738.94089999915,3305927.0,0.010398807158383585,0,28,0.0,0.0,0.0,1312.0,0.0,206,0
2025-07-14,0.0037896659600118454,0.009753550826322014,-0.005963884866310169,1.676662974450002,1.3428227756903581,1.2142441600206675,3353325.9488999993,42519.94889999915,3310806.0,0.012679933161268468,0,28,0.0,0.0,0.0,7781.008,0.0,206,0
2025-07-15,-0.012480146767041345,-0.017376874077156868,0.0048967273101155236,1.6557379744500018,1.3194887134092486,1.220189982560189,3311475.9488999993,45783.94889999915,3265692.0,0.013825843704287688,0,28,0.0,0.0,0.0,3264.0000000000005,0.0,206,0
2025-07-16,-0.002299880813729005,-4.396331092141046e-05,-0.0022559175028075947,1.6519299744500018,1.3194307043166837,1.2174373346217808,3303859.9488999993,45783.94889999915,3258076.0,0.01385771479667068,0,28,0.0,0.0,0.0,0.0,0.0,206,0
2025-07-17,-0.004929325168708365,-0.002592905514246897,-0.002336419654461468,1.6437870744500016,1.3160095451677944,1.2145928901050953,3287574.148899999,48127.14889999915,3239447.0,0.014639106745653838,0,28,0.0,0.0,0.0,2343.2000000000003,0.0,206,0
2025-07-18,0.004952405409760274,0.003131508527904286,0.0018208968818559882,1.6519277744500018,1.3201306402812907,1.2168045385114121,3303855.5488999994,50561.54889999915,3253294.0,0.015303801316868511,0,28,0.0,0.0,0.0,2434.4,0.0,206,0
2025-07-21,0.009322744152738371,0.007304358646237149,0.002018385506501222,1.6673282744500018,1.3297733479377918,1.2192605191561885,3334656.5488999994,50561.54889999915,3284095.0,0.015162445714740203,0,28,0.0,0.0,0.0,0.0,0.0,206,0
2025-07-22,0.008148965148738974,0.0015279649820936153,0.006621000166645358,1.680915274450002,1.3318051950475622,1.2273332432567057,3361830.5488999994,50561.54889999915,3311269.0,0.015039886206204842,0,28,0.0,0.0,0.0,0.0,0.0,206,0
2025-07-23,0.00012879887718963978,-0.0048263111387106105,0.00495511001590025,1.681131774450002,1.3253774888001115,1.2334148145032142,3362263.5488999994,50561.54889999915,3311702.0,0.01503794933521523,0,28,0.0,0.0,0.0,0.0,0.0,206,0
2025-07-24,-0.004941016597415526,0.0009337110956700535,-0.00587472769308558,1.672825274450002,1.3266150084673554,1.2261688383353901,3345650.5488999994,50561.54889999915,3295089.0,0.015112621046637116,0,28,0.0,0.0,0.0,0.0,0.0,206,0
2025-07-25,-0.010089218675601974,-0.005853770094870531,-0.004235448580731443,1.6559477744500022,1.3188493092033828,1.2209754632693255,3311895.5488999994,50561.54889999915,3261334.0,0.015266649613026737,0,28,0.0,0.0,0.0,0.0,0.0,206,0
2025-07-28,-0.004341622429721803,-0.002241917882762435,-0.002099704546959368,1.6487582744500022,1.315892557352411,1.2184117755373731,3297516.5488999994,50561.54889999915,3246955.0,0.015333220667797923,0,28,0.0,0.0,0.0,0.0,0.0,206,0
2025-07-29,-0.006149476340540083,-0.00582305770858478,-0.0003264186319553034,1.6386192744500023,1.3082300390526507,1.218014063232444,3277238.5488999994,50561.54889999915,3226677.0,0.015428095375287852,0,28,0.0,0.0,0.0,0.0,0.0,206,0
2025-07-30,0.007824575360437791,0.001968531286851057,0.005856044073586733,1.6514407744500024,1.3108053308149243,1.2251468072689817,3302881.5488999994,53501.54889999915,3249380.0,0.016198446147067384,0,28,0.0,0.0,0.0,2940.0,0.0,206,0
2025-07-31,-0.016210390596002933,-0.0159332538234573,-0.0002771367725456324,1.6246702744500023,1.289919936765909,1.2248072740369207,3249340.5488999994,53501.54889999915,3195839.0,0.016465355999115285,0,28,0.0,0.0,0.0,0.0,0.0,206,0
2025-08-01,0.0012460989973397396,0.00433659357557488,-0.0030904945782351404,1.6266947744500022,1.295513795276694,1.2210220137971266,3253389.5488999994,53501.54889999915,3199888.0,0.01644486407048566,0,28,0.0,0.0,0.0,0.0,0.0,206,0
2025-08-04,0.0034029125112740033,0.005843378802197034,-0.002440466290923031,1.6322302744500021,1.3030839731259676,1.2180421507319799,3264460.5488999994,53501.54889999915,3210959.0,0.01638909341944021,0,28,0.0,0.0,0.0,0.0,0.0,206,0
2025-08-05,0.008463511684743574,0.010018161406194142,-0.0015546497214505677,1.646044674450002,1.3161384786945682,1.2161485218416292,3292089.348899999,57130.34889999915,3234959.0,0.017353826960707606,0,28,0.0,0.0,0.0,3628.8,0.0,206,0
2025-08-06,-0.0002381466348299055,0.0005341474742667984,-0.0007722941090967039,1.645652674450002,1.3168414907387482,1.2152092975024242,3291305.348899999,57130.34889999915,3234175.0,0.01735796070063597,0,28,0.0,0.0,0.0,0.0,0.0,206,0
2025-08-07,0.002190316374750534,0.002561334544533151,-0.0003710181697826171,1.6492571744500018,1.320214362338652,1.2147584327729621,3298514.348899999,57130.34889999915,3241384.0,0.017320024367652422,0,28,0.0,0.0,0.0,0.0,0.0,206,0
2025-08-08,0.007156167141692649,0.008459783060697975,-0.001303615919005326,1.6610595344500017,1.3313830894376548,1.2131748543422534,3322119.0688999994,58241.068899999154,3263878.0,0.01753130086312156,0,28,0.0,0.0,0.0,1110.72,0.0,206,0
2025-08-11,-0.00701750886000585,-0.001529810830818815,-0.005487698029187035,1.6494030344500015,1.329346325167464,1.20651731708502,3298806.0688999994,58241.068899999154,3240565.0,0.017655196360003025,0,28,0.0,0.0,0.0,0.0,0.0,206,0
2025-08-12,0.0030986968577417784,0.0050101680339893605,-0.0019114711762475822,1.6545140344500013,1.3360065736319193,1.2042110940097686,3309028.0688999994,58241.068899999154,3250787.0,0.01760065725866142,0,28,0.0,0.0,0.0,0.0,0.0,206,0
2025-08-13,-0.0038585348126842778,-0.002193215103631401,-0.001665319709052877,1.6481300344500014,1.333076423836079,1.202205697541054,3296260.0688999994,58241.068899999154,3238019.0,0.017668833066146652,0,28,0.0,0.0,0.0,0.0,0.0,206,0
2025-08-14,-0.008173505559890715,-0.01251321753996624,0.0043397119800755255,1.6346590344500014,1.316395348547218,1.2074229240091878,3269318.0688999994,58241.068899999154,3211077.0,0.017814439486334547,0,28,0.0,0.0,0.0,0.0,0.0,206,0
2025-08-15,0.0043191881922797215,0.0041948987987269135,0.00012428939355280805,1.6417194344500012,1.3219174938134883,1.2075729938721749,3283438.868899999,60497.86889999916,3222941.0,0.018425154636811266,0,28,0.0,0.0,0.0,2256.8,0.0,206,0
2025-08-18,0.008179534041088399,0.004241625741539429,0.003937908299548969,1.6551479344500015,1.3275245730834389,1.2123283055870553,3310295.868899999,60497.86889999916,3249798.0,0.018275668186754076,0,28,0.0,0.0,0.0,0.0,0.0,206,0
2025-08-19,0.0016690351010333337,0.0007315826195503499,0.0009374524814829839,1.6579104344500013,1.3284957669881328,1.2134648057654998,3315820.868899999,60497.86889999916,3255323.0,0.018245216280356216,0,28,0.0,0.0,0.0,0.0,0.0,206,0
2025-08-20,0.0031847317504527517,0.004454118241934314,-0.001269386491481562,1.663190434450001,1.3344130442182072,1.2119244499331727,3326380.868899999,60497.86889999916,3265883.0,0.018187294625706885,0,28,0.0,0.0,0.0,0.0,0.0,206,0
2025-08-21,0.008588312982165336,0.008812263886687174,-0.00022395090452183818,1.6774744344500012,1.3461722440976955,1.211653038356398,3354948.868899999,60497.86889999916,3294451.0,0.018032426503070624,0,28,0.0,0.0,0.0,0.0,0.0,206,0
2025-08-22,0.00041660008978250396,-0.0012919339283806249,0.0017085340181631288,1.678173270450001,1.3444330785021015,1.2137231887906406,3356346.540899999,62256.540899999156,3294090.0,0.018548901354895602,0,28,0.0,0.0,0.0,1758.672,0.0,206,0
2025-08-25,0.01068751380791011,0.004722666239924128,0.005964847567985982,1.696108770450001,1.3507823872137807,1.2209628626015065,3392217.540899999,62256.540899999156,3329961.0,0.018352756021502586,0,28,0.0,0.0,0.0,0.0,0.0,206,0
2025-08-26,-0.005451006539838321,-0.000711528388704462,-0.004739478151133859,1.686863270450001,1.349821267198316,1.2151761357908608,3373726.540899999,62256.540899999156,3311470.0,0.018453345327565037,0,28,0.0,0.0,0.0,0.0,0.0,206,0
2025-08-27,-0.010769693263374958,-0.018848487488233496,0.008078794224858538,1.668696270450001,1.3243791779321772,1.224993293738874,3337392.540899999,62256.540899999156,3275136.0,0.018654245833248716,0,28,0.0,0.0,0.0,0.0,0.0,206,0
2025-08-28,-0.002773722265677403,-0.0010621043439089665,-0.0017116179217684364,1.664067770450001,1.322972549054313,1.2228965732632642,3328135.540899999,62256.540899999156,3265879.0,0.018706131446546693,0,28,0.0,0.0,0.0,0.0,0.0,206,0
2025-08-29,0.0044763801885217,-0.003633959806188106,0.008110339994709805,1.671516770450001,1.3181649199863594,1.2328146802507947,3343033.540899999,62256.540899999156,3280777.0,0.018622768852997712,0,28,0.0,0.0,0.0,0.0,0.0,206,0
2025-09-01,0.006879081444635782,0.0021273075094084084,0.004751773935227374,1.683015270450001,1.320969062119285,1.238672736915376,3366030.540899999,62256.540899999156,3303774.0,0.018495536550703188,0,28,0.0,0.0,0.0,0.0,0.0,206,0
2025-09-02,0.011851942374038416,0.0040994345274714215,0.007752507846566994,1.7029622704500011,1.3263842883022585,1.2482755570276411,3405924.540899999,62256.540899999156,3343668.0,0.018278896127143254,0,28,0.0,0.0,0.0,0.0,0.0,206,0
2025-09-03,-0.008636127913810854,-0.017258928807697818,0.008622800893886964,1.6882552704500011,1.3034923162988008,1.2590391886165964,3376510.540899999,62256.540899999156,3314254.0,0.01843813017785067,0,28,0.0,0.0,0.0,0.0,0.0,206,0
2025-09-04,0.0004990359069190209,0.004011334252774493,-0.0035122983458554724,1.689097770450001,1.3087210596753986,1.2546170673570511,3378195.540899999,62256.540899999156,3315939.0,0.018428933478318765,0,28,0.0,0.0,0.0,0.0,0.0,206,0
2025-09-05,0.005513298379121734,0.004866905886667686,0.000646392492454048,1.698410270450001,1.3150904819047389,1.2554280424102955,3396820.540899999,62256.540899999156,3334564.0,0.01832788637209079,0,28,0.0,0.0,0.0,0.0,0.0,206,0
2025-09-08,0.013075168224292666,0.010105434567230029,0.0029697336570626374,1.7206172704500011,1.3283800427196142,1.2591563293218617,3441234.540899999,62256.540899999156,3378978.0,0.018091339070343333,0,28,0.0,0.0,0.0,0.0,0.0,206,0
2025-09-09,0.0031442204451341826,-0.0016664860735277765,0.004810706518661959,1.726027270450001,1.3261663158780697,1.265213760883345,3452054.540899999,62256.540899999156,3389798.0,0.01803463420475622,0,28,0.0,0.0,0.0,0.0,0.0,206,0
2025-09-10,-0.006549722703426686,0.0009595977556065544,-0.00750932045903324,1.7147222704500011,1.3274389020983473,1.2557128653036933,3429444.540899999,62256.540899999156,3367188.0,0.01815353482394003,0,28,0.0,0.0,0.0,0.0,0.0,206,0
2025-09-11,0.006659679061031376,0.004600134499456626,0.00205954456157475,1.7261417704500013,1.3335452995878108,1.258299061906329,3452283.540899999,62256.540899999156,3390027.0,0.018033437915058702,0,28,0.0,0.0,0.0,0.0,0.0,206,0
2025-09-12,-0.0035292582013189966,-0.003975633230387889,0.000446375029068892,1.7200497704500013,1.328243612580542,1.2588607351866647,3440099.540899999,62256.540899999156,3377843.0,0.018097307987696078,0,28,0.0,0.0,0.0,0.0,0.0,206,0
2025-09-15,-0.007478562667773692,-0.0033425307373056543,-0.004136031930468038,1.7071862704500012,1.3238039174788616,1.2536540469899202,3414372.540899999,62256.540899999156,3352116.0,0.01823366962867762,0,28,0.0,0.0,0.0,0.0,0.0,206,0
2025-09-16,-0.0033203758125970317,0.001048214900573384,-0.004368590713170415,1.7015177704500013,1.3251915484706003,1.2481773455627116,3403035.540899999,62256.540899999156,3340779.0,0.01829441395829037,0,28,0.0,0.0,0.0,0.0,0.0,206,0
2025-09-17,-0.003798961205260021,0.0006880078883511026,-0.004486969093611124,1.6950537704500013,1.3261032907095243,1.2425768123898262,3390107.540899999,62256.540899999156,3327851.0,0.01836417876096975,0,28,0.0,0.0,0.0,0.0,0.0,206,0
2025-09-18,-0.017625989523664676,-0.017368887792559438,-0.000257101731105238,1.6651767704500013,1.3030703514518467,1.2422573437403295,3330353.540899999,62256.540899999156,3268097.0,0.018693673249830067,0,28,0.0,0.0,0.0,0.0,0.0,206,0
2025-09-19,-0.0007779954795129607,7.553788055199137e-05,-0.000853533360064952,1.6638812704500012,1.3031687826244054,1.2411970356556614,3327762.540899999,62256.540899999156,3265506.0,0.018708228166773512,0,28,0.0,0.0,0.0,0.0,0.0,206,0
2025-09-22,-0.007126109422935678,-0.004856857506803412,-0.0022692519161322663,1.6520242704500012,1.2968394775398842,1.2383804469042021,3304048.540899999,62256.540899999156,3241792.0,0.01884250189709408,0,28,0.0,0.0,0.0,0.0,0.0,206,0
2025-09-23,0.005487812837961847,0.003561901694083634,0.0019259111438782134,1.6610902704500012,1.3014586922718878,1.240765457607256,3322180.540899999,62256.540899999156,3259924.0,0.018739662138630635,0,28,0.0,0.0,0.0,0.0,0.0,206,0
2025-09-24,0.0002483308748104651,0.007468449025651316,-0.007220118150840851,1.6615027704500012,1.3111785701741112,1.2318069844058495,3323005.540899999,62256.540899999156,3260749.0,0.018735009657292856,0,28,0.0,0.0,0.0,0.0,0.0,206,0
2025-09-25,-0.010043317589822909,-0.010529394855402685,0.0004860772655797766,1.6448157704500013,1.2973726532828056,1.2324057377765514,3289631.540899999,62256.540899999156,3227375.0,0.018925080248642864,0,28,0.0,0.0,0.0,0.0,0.0,206,0
2025-09-26,0.004785946329932234,0.0019184180654981066,0.0028675282644341268,1.6526877704500011,1.2998615564185465,1.2359396960628766,3305375.540899999,62256.540899999156,3243119.0,0.018834937249837497,0,28,0.0,0.0,0.0,0.0,0.0,206,0
2025-09-29,0.0031475999841057423,0.004312671785079573,-0.0011650718009738308,1.6578897704500013,1.3054674326774225,1.2344997375752895,3315779.540899999,62256.540899999156,3253523.0,0.018775838421121606,0,28,0.0,0.0,0.0,0.0,0.0,206,0
2025-09-30,-0.00025423885683639735,-0.0040546097729876485,0.003800370916151251,1.6574682704500012,1.3001742716665714,1.239191294473967,3314936.540899999,62256.540899999156,3252680.0,0.018780613182747874,0,28,0.0,0.0,0.0,0.0,0.0,206,0
2025-10-09,0.019936731573768407,0.012476457880016185,0.007460273693752222,1.6905127704500011,1.3163958412037002,1.2484360006896578,3381025.540899999,62256.540899999156,3318769.0,0.018413508016099464,0,28,0.0,0.0,0.0,0.0,0.0,206,0
2025-10-10,0.015673431584280362,0.015012656245842049,0.0006607753384383127,1.7170089067000014,1.3361584394511477,1.249260936410532,3434017.8133999994,25945.8133999993,3408072.0,0.007555526735695792,28,28,1489435.0,1454036.0,911.7275,0.0,0.0,206,1
2025-10-13,-0.003511338803470432,-0.0005606121262248814,-0.0029507266772455503,1.7109799067000013,1.3354093728274337,1.2455747088386249,3421959.8133999994,25945.8133999993,3396014.0,0.007582150234026271,0,28,0.0,0.0,0.0,0.0,0.0,206,0
2025-10-14,0.014430911726849072,0.013897605782602492,0.0005333059442465798,1.7356709067000016,1.353968365849382,1.2462389812348516,3471341.8133999994,25945.8133999993,3445396.0,0.007474289423140016,0,28,0.0,0.0,0.0,0.0,0.0,206,0
2025-10-15,-0.0009911441122619769,0.004050048829544498,-0.005041192941806475,1.7339506067000015,1.3594520038447306,1.2399564500788463,3467901.2133999993,30152.213399999302,3437749.0,0.008694657530465659,0,28,0.0,0.0,0.0,4206.4,0.0,206,0
2025-10-16,0.0069206123597937985,-0.0020973298306401203,0.00901794219043392,1.7459506067000015,1.3566007846037436,1.251138305664313,3491901.2133999993,31088.213399999302,3460813.0,0.008902947563550713,0,28,0.0,0.0,0.0,935.9999999999999,0.0,206,0
2025-10-17,-0.0018935243570541438,-0.0040579579299161945,0.0021644335728620507,1.7426446067000017,1.3510957556921304,1.2538463114173868,3485289.2133999993,31088.213399999302,3454201.0,0.008919837493104873,0,28,0.0,0.0,0.0,0.0,0.0,206,0
2025-10-20,0.006754102330875478,0.011458427905067322,-0.004704325574191844,1.7544146067000017,1.3665771890015712,1.2479478101484798,3508829.2133999993,31088.213399999302,3477741.0,0.008859996172305953,0,28,0.0,0.0,0.0,0.0,0.0,206,0
2025-10-21,0.002965376587798607,0.008563143189231792,-0.005597766601433185,1.7596171067000017,1.3782793851501294,1.240962089576499,3519234.2133999993,31088.213399999302,3488146.0,0.00883380062674612,0,28,0.0,0.0,0.0,0.0,0.0,206,0
2025-10-22,0.004159711776005048,-0.0014420950837896202,0.005601806859794669,1.7669366067000016,1.3762917752247157,1.2479137195226337,3533873.2133999993,31088.213399999302,3502785.0,0.008797206782098672,0,28,0.0,0.0,0.0,0.0,0.0,206,0
2025-10-23,0.01294953079427863,0.008653137718264543,0.004296393076014086,1.7898176067000016,1.38820101749625,1.2532752473866537,3579635.2133999993,31088.213399999302,3548547.0,0.008684743429616445,0,28,0.0,0.0,0.0,0.0,0.0,206,0
2025-10-24,-0.015847760069975902,-0.010602678797802705,-0.005245081272173198,1.7614530067000014,1.3734823680009542,1.246701716857708,3522906.013399999,31873.0133999993,3491033.0,0.009047364101899009,0,28,0.0,0.0,0.0,784.8000000000001,0.0,206,0
2025-10-27,0.0052283540718769395,0.0050061201913369205,0.000222233880540019,1.7706625067000012,1.3803581858158491,1.246978776218121,3541325.013399999,31873.0133999993,3509452.0,0.00900030730853429,0,28,0.0,0.0,0.0,0.0,0.0,206,0
2025-10-28,0.012101685057947842,0.0006897981431915463,0.011411886914756296,1.792090506700001,1.381310354329364,1.2612091569974235,3584181.013399999,31873.0133999993,3552308.0,0.00889269076557162,0,28,0.0,0.0,0.0,0.0,0.0,206,0
2025-10-29,-0.003865039167443962,-0.0025351972380940153,-0.0013298419293499468,1.785164006700001,1.3778084601341176,1.2595319481787683,3570328.013399999,34293.0133999993,3536035.0,0.00960500359386932,0,28,0.0,0.0,0.0,2420.0,0.0,206,0
2025-10-30,-0.002457757373290681,-0.0022962619644470105,-0.0001614954088436705,1.780776506700001,1.3746446509728183,1.2593285395518454,3561553.013399999,34293.0133999993,3527260.0,0.00962866852493144,0,28,0.0,0.0,0.0,0.0,0.0,206,0
2025-10-31,-0.007738669029016654,-0.004029095675534177,-0.0037095733534824767,1.7669956667000013,1.3691060761541876,1.254656967958244,3533991.3333999994,35317.3333999993,3498674.0,0.009993610642508572,0,28,0.0,0.0,0.0,1024.32,0.0,206,0
2025-11-03,0.010050675468360026,0.009319673055812687,0.0007310024125473397,1.7847551667000014,1.3818656971626713,1.2555741252287407,3569510.3333999994,35317.3333999993,3534193.0,0.00989416757518086,0,28,0.0,0.0,0.0,0.0,0.0,206,0
2025-11-04,0.009933855539850711,0.008043675999184574,0.0018901795406661374,1.8024846667000014,1.3929809771050352,1.2579473857520378,3604969.3333999994,35317.3333999993,3569652.0,0.009796847111231879,0,28,0.0,0.0,0.0,0.0,0.0,206,0
2025-11-05,0.004383948527266535,0.009435317131944468,-0.005051368604677933,1.8103866667000015,1.4061241943827871,1.2515930298213134,3620773.3333999994,35317.3333999993,3585456.0,0.009754085701585582,0,28,0.0,0.0,0.0,0.0,0.0,206,0
2025-11-06,0.0032791337393249798,0.0048046894920151205,-0.0015255557526901407,1.8163231667000015,1.4128801845240062,1.2496836548746426,3632646.3333999994,35317.3333999993,3597329.0,0.00972220529019785,0,28,0.0,0.0,0.0,0.0,0.0,206,0
2025-11-07,-0.0040091984364380995,-0.0007430785335278823,-0.003266119902910217,1.8090411667000015,1.4118303035884396,1.245602038217115,3618082.3333999994,35317.3333999993,3582765.0,0.009761340441031574,0,28,0.0,0.0,0.0,0.0,0.0,206,0
2025-11-10,0.002262524521465803,0.0048122778077128074,-0.0025497532862470045,1.8131341667000014,1.4186244232266547,1.242426060326815,3626268.3333999994,35317.3333999993,3590951.0,0.0097393050245914,0,28,0.0,0.0,0.0,0.0,0.0,206,0
2025-11-11,0.002587784228091472,0.001594053867756747,0.000993730360334725,1.8178261667000015,1.4208857869753935,1.2436606968234327,3635652.3333999994,35317.3333999993,3600335.0,0.009714166856810298,0,28,0.0,0.0,0.0,0.0,0.0,206,0
2025-11-12,-0.00016503228168651685,-0.0020529005668640447,0.0018878682851775279,1.8175261667000016,1.4179688497378626,1.2460085644104875,3635052.3333999994,36973.3333999993,3598079.0,0.0101713345528142,0,28,0.0,0.0,0.0,1655.9999999999998,0.0,206,0
2025-11-13,-0.0009576203258521154,0.0006663372737880097,-0.001623957599640125,1.8157856667000016,1.4189136952355133,1.2439850993330963,3631571.3333999994,36973.3333999993,3594598.0,0.010181084165950725,0,28,0.0,0.0,0.0,0.0,0.0,206,0
2025-11-14,0.002618701142542701,0.0063718335165751025,-0.0037531323740324016,1.8205406667000017,1.4279547770759422,1.2393162585839754,3641081.3333999994,36973.3333999993,3604108.0,0.010154492584617446,0,28,0.0,0.0,0.0,0.0,0.0,206,0
2025-11-17,-0.009056375560061558,-0.005858473001424222,-0.003197902558637336,1.8040531667000017,1.419589142567188,1.2353530459496889,3608106.3333999994,36973.3333999993,3571133.0,0.01024729594517202,0,28,0.0,0.0,0.0,0.0,0.0,206,0
2025-11-18,-0.01121308416702771,-0.014601153636063508,0.0033880694690357985,1.7838241667000017,1.3988615033964769,1.2395385078881513,3567648.3333999994,36973.3333999993,3530675.0,0.010363502774042585,0,28,0.0,0.0,0.0,0.0,0.0,206,0
2025-11-19,-0.0036278799899723824,-0.008244119898062494,0.004616239908090111,1.7773526667000015,1.3873291214416923,1.2452605150158789,3554705.3333999994,36973.3333999993,3517732.0,0.010401237214403674,0,28,0.0,0.0,0.0,0.0,0.0,206,0
2025-11-20,0.002530167526262339,0.0012809249662584124,0.0012492425600039267,1.7818496667000017,1.3891061859497644,1.2468161474495292,3563699.3333999994,36973.3333999993,3526726.0,0.01037498675981858,0,28,0.0,0.0,0.0,0.0,0.0,206,0
2025-11-21,-0.022552127012163692,-0.03087167439058739,0.008319547378423699,1.7416651667000016,1.3462221520831725,1.2571890934604193,3483330.3333999994,36973.3333999993,3446357.0,0.010614363227477903,0,28,0.0,0.0,0.0,0.0,0.0,206,0
2025-11-24,-0.003910625377497201,-0.0010846711513714583,-0.0028259542261257426,1.7348541667000017,1.3447619437514706,1.2536363346287156,3469708.3333999994,36973.3333999993,3432735.0,0.010656034988326752,0,28,0.0,0.0,0.0,0.0,0.0,206,0
2025-11-25,0.009901178052720061,0.010201978795944673,-0.00030080074322461244,1.7520312667000018,1.3584811765872165,1.253259239887526,3504062.533399999,38768.533399999294,3465294.0,0.011063881717425318,0,28,0.0,0.0,0.0,1795.1999999999998,0.0,206,0
2025-11-26,-0.002240256823380138,-0.003112222615889278,0.0008719657925091401,1.7481062667000018,1.3542532807461818,1.2543520390738538,3496212.533399999,38768.533399999294,3457444.0,0.011088723305472978,0,28,0.0,0.0,0.0,0.0,0.0,206,0
2025-11-27,0.003380515311094623,0.004282211334640484,-0.000901696023545861,1.7540157667000016,1.3600524794949673,1.2532209948280943,3508031.533399999,38768.533399999294,3469263.0,0.011051364000261613,0,28,0.0,0.0,0.0,0.0,0.0,206,0
2025-11-28,0.000114594180859795,0.005529724119869165,-0.00541512993900937,1.7542167667000017,1.3675731944951184,1.2464346402988056,3508433.533399999,38768.533399999294,3469665.0,0.011050097723364584,0,28,0.0,0.0,0.0,0.0,0.0,206,0
2025-12-01,0.007143928981807157,0.004936898211954527,0.00220703076985263,1.766748766700002,1.3743247641537382,1.2491855599025554,3533497.533399999,38768.533399999294,3494729.0,0.010971716559455318,0,28,0.0,0.0,0.0,0.0,0.0,206,0
2025-12-02,0.006621767746781471,0.0008403963978712015,0.005781371348910269,1.7784477667000018,1.3754797417350382,1.2564075655080487,3556895.533399999,38768.533399999294,3518127.0,0.010899542321655104,0,28,0.0,0.0,0.0,0.0,0.0,206,0
2025-12-03,0.0049023087229476126,0.0015356266309913596,0.0033666820919562527,1.787166266700002,1.3775919650568356,1.260637490359043,3574332.533399999,40936.533399999294,3533396.0,0.01145291687817848,0,28,0.0,0.0,0.0,2168.0,0.0,206,0
2025-12-04,-0.007198826566795158,-0.006588500198286249,-0.0006103263685089087,1.7743007667000017,1.368515700121901,1.2598680900575459,3548601.533399999,40936.533399999294,3507665.0,0.01153596226984015,0,28,0.0,0.0,0.0,0.0,0.0,206,0
2025-12-05,-0.0016812256726620456,0.00055612538189702,-0.0022373510545590654,1.7713177667000017,1.3692767664382635,1.2570493228576503,3542635.533399999,40936.533399999294,3501699.0,0.011555389487303815,0,28,0.0,0.0,0.0,0.0,0.0,206,0
2025-12-08,-0.0030245843522368476,-0.002322487902312585,-0.0007020964499242625,1.7659602667000018,1.3660966377132928,1.2561667529906921,3531920.533399999,40936.533399999294,3490984.0,0.011590445768209792,0,28,0.0,0.0,0.0,0.0,0.0,206,0
2025-12-09,-0.0017152141286056466,-0.006458086194344488,0.004742872065738841,1.7629312667000019,1.3572742678771361,1.2621245911933614,3525862.533399999,40936.533399999294,3484926.0,0.01161036002175731,0,28,0.0,0.0,0.0,0.0,0.0,206,0
2025-12-10,0.0021277063212006286,-0.00010148013621930344,0.002229186457419932,1.7666822667000017,1.357136531499545,1.2649381022396264,3533364.533399999,40936.533399999294,3492428.0,0.011585709035407081,0,28,0.0,0.0,0.0,0.0,0.0,206,0
2025-12-11,-0.009681989977717187,-0.010102501254987982,0.000420511277270795,1.7495772667000016,1.3434260579868806,1.2654700229766678,3499154.533399999,40936.533399999294,3458218.0,0.011698978427289628,0,28,0.0,0.0,0.0,0.0,0.0,206,0
2025-12-12,-0.008892719570680052,0.002329647148151425,-0.011222366718831478,1.7340187667000015,1.346555766671622,1.2512684543071355,3468037.533399999,40936.533399999294,3427101.0,0.011803947623330905,0,28,0.0,0.0,0.0,0.0,0.0,206,0
2025-12-15,0.006027376520203687,0.0014844535368287804,0.004542922983374906,1.7444703507000017,1.348554666141995,1.2569528705265793,3488940.701399999,42791.70139999929,3446149.0,0.012264955200536474,0,28,0.0,0.0,0.0,1855.168,0.0,206,0
2025-12-16,-0.007503996840500737,-0.015049600406710066,0.007545603566209329,1.7313798507000016,1.3282594572899535,1.2664373385889818,3462759.701399999,42791.70139999929,3419968.0,0.012357687246590787,0,28,0.0,0.0,0.0,0.0,0.0,206,0
2025-12-17,0.004113770873052758,0.0014919041831256779,0.00262186668992708,1.7385023507000017,1.3302410931305606,1.2697577684619081,3477004.701399999,42791.70139999929,3434213.0,0.01230705882645756,0,28,0.0,0.0,0.0,0.0,0.0,206,0
2025-12-18,0.008426218114747863,0.004924245228861171,0.003501972885886692,1.7531513507000018,1.336791526486644,1.2742044257387057,3506302.701399999,42791.70139999929,3463511.0,0.012204223378350474,0,28,0.0,0.0,0.0,0.0,0.0,206,0
2025-12-19,0.003381054349719026,0.008465745785280305,-0.005084691435561279,1.759078850700002,1.3481084637177967,1.267725489407998,3518157.701399999,42791.70139999929,3475366.0,0.012163099278628403,0,28,0.0,0.0,0.0,0.0,0.0,206,0
2025-12-22,-0.0028679783160331374,0.0010112432389250883,-0.0038792215549582256,1.7540338507000017,1.349471729287069,1.2628077013637165,3508067.701399999,42791.70139999929,3465276.0,0.012198083116503706,0,28,0.0,0.0,0.0,0.0,0.0,206,0
2025-12-23,-0.002831758348345259,-0.003681623315853026,0.0008498649675077671,1.7490668507000018,1.3445034827044413,1.2638809173898045,3498133.701399999,42791.70139999929,3455342.0,0.012232723232640734,0,28,0.0,0.0,0.0,0.0,0.0,206,0
2025-12-24,0.003433545148715522,0.0046226509933574925,-0.0011891058446419703,1.755072350700002,1.3507186530643378,1.2623780292040048,3510144.701399999,42791.70139999929,3467353.0,0.01219086534607308,0,28,0.0,0.0,0.0,0.0,0.0,206,0
2025-12-25,0.003885879688823035,0.005830028262939367,-0.0019441485741163314,1.761892350700002,1.3585933809869821,1.259923778758532,3523784.701399999,42791.70139999929,3480993.0,0.012143676480290681,0,28,0.0,0.0,0.0,0.0,0.0,206,0
2025-12-26,-0.0037181613265970803,-3.973134592493187e-05,-0.0036784299806721485,1.755341350700002,1.3585394022433908,1.255289237357385,3510682.701399999,42791.70139999929,3467891.0,0.012188997138059416,0,28,0.0,0.0,0.0,0.0,0.0,206,0
2025-12-29,-0.010685955750156406,-0.007709463872783914,-0.002976491877372492,1.736583850700002,1.3480657918020418,1.2515528791386377,3473167.701399999,42791.70139999929,3430376.0,0.0123206551134143,0,28,0.0,0.0,0.0,0.0,0.0,206,0
2025-12-30,-0.0072944937239246554,-0.007172140052289816,-0.00012235367163483928,1.723916350700002,1.3383972751435365,1.25139974704863,3447832.701399999,42791.70139999929,3405041.0,0.01241118844966684,0,28,0.0,0.0,0.0,0.0,0.0,206,0
2025-12-31,-0.0011070722771583386,0.00017344663316891658,-0.0012805189103272552,1.722007850700002,1.3386294156447525,1.2497973060081555,3444015.701399999,44215.70139999929,3399800.0,0.012838414581566955,0,28,0.0,0.0,0.0,1424.0,0.0,206,0
2026-01-05,-0.0006469192341644892,0.00622383198168634,-0.006870751215850829,1.720893850700002,1.3469608202134684,1.241210259648333,3441787.701399999,44215.70139999929,3397572.0,0.01284672537530827,0,28,0.0,0.0,0.0,0.0,0.0,206,0
2026-01-06,0.0069955199997393525,0.00766142985245534,-0.0006659098527159873,1.7329323980500024,1.3572804660515396,1.240383725507141,3465864.7960999995,27698.796099999323,3438166.0,0.007991885930220845,28,28,1397198.0,1381573.0,891.9052999999999,0.0,0.0,206,1
2026-01-07,-0.0036296857321600484,-0.0018930067504819574,-0.001736678981678091,1.7266423980500025,1.3547111249670067,1.2382295771618372,3453284.7960999995,27698.796099999323,3425586.0,0.008020999638165154,0,28,0.0,0.0,0.0,0.0,0.0,206,0
2026-01-08,-0.004056717249565134,0.002806843002335488,-0.006863560251900621,1.7196378980500027,1.3585135864083064,1.2297309138533015,3439275.7960999995,27698.796099999323,3411577.0,0.008053671104657744,0,28,0.0,0.0,0.0,0.0,0.0,206,0
2026-01-09,0.002267337795021529,0.00454205166649317,-0.0022747138714716408,1.7235368980500028,1.364684025307406,1.226933627885382,3447073.7960999995,27698.796099999323,3419375.0,0.008035452020591376,0,28,0.0,0.0,0.0,0.0,0.0,206,0
2026-01-12,0.005458832944420733,0.009986052990805412,-0.004527220046384679,1.732945398050003,1.3783118322998313,1.2213790293696358,3465890.7960999995,27698.796099999323,3438192.0,0.007991825977658457,0,28,0.0,0.0,0.0,0.0,0.0,206,0
2026-01-13,-7.790205055036026e-06,0.001418800888373081,-0.001426591093428117,1.732931898050003,1.3802673823519536,1.2196366209246372,3465863.7960999995,28598.796099999323,3437265.0,0.008251563760866894,0,28,0.0,0.0,0.0,900.0,0.0,206,0
2026-01-14,-0.007669372359615068,-0.0036362077752062926,-0.004033164584408775,1.7196413980500032,1.3752484433643817,1.214717625699276,3439282.7960999995,28598.796099999323,3410684.0,0.008315337177980579,0,28,0.0,0.0,0.0,0.0,0.0,206,0
2026-01-15,-0.0005099900485033837,-0.00154598638574766,0.0010359963372442763,1.7187643980500031,1.3731223279939198,1.2159760687102867,3437528.7960999995,28598.796099999323,3408930.0,0.008319580081029631,0,28,0.0,0.0,0.0,0.0,0.0,206,0
2026-01-16,-0.0038196043666299806,-0.001183323977768178,-0.0026362803888618025,1.7121993980500032,1.3714974794187957,1.2127704148470206,3424398.7960999995,28598.796099999323,3395800.0,0.00835147942832187,0,28,0.0,0.0,0.0,0.0,0.0,206,0
2026-01-19,0.008513319194365376,0.010599660236313776,-0.0020863410419484,1.7267758980500032,1.3860348867155958,1.2102401621560646,3453551.7960999995,28598.796099999323,3424953.0,0.0082809807955668,0,28,0.0,0.0,0.0,0.0,0.0,206,0
2026-01-20,0.012579223525490235,0.010036381269898488,0.0025428422555917474,1.7484973980500034,1.399945661292054,1.2133176119798093,3496994.7960999995,28598.796099999323,3468396.0,0.008178106565069511,0,28,0.0,0.0,0.0,0.0,0.0,206,0
2026-01-21,-0.0093274373860599,-0.007916241599336698,-0.0014111957867232027,1.7321883980500032,1.388863353211323,1.2116053832778262,3464376.7960999995,28598.796099999323,3435778.0,0.00825510554515728,0,28,0.0,0.0,0.0,0.0,0.0,206,0
2026-01-22,0.002013926431978952,0.009237213772541922,-0.00722328734056297,1.7356768980500035,1.4016925809057852,1.2028536094510376,3471353.7960999995,28598.796099999323,3442755.0,0.008238513784486482,0,28,0.0,0.0,0.0,0.0,0.0,206,0
2026-01-23,7.893174135920056e-05,0.001992815088609022,-0.0019138833472498212,1.7358138980500035,1.4044858950306056,1.2005514879587298,3471627.7960999995,28598.796099999323,3443029.0,0.008237863555570962,0,28,0.0,0.0,0.0,0.0,0.0,206,0
2026-01-26,0.0031705587829331527,0.0007272930906379647,0.002443265692295188,1.7413173980500034,1.4055073679179597,1.2034847542210934,3482634.7960999995,28598.796099999323,3454036.0,0.008211827473849815,0,28,0.0,0.0,0.0,0.0,0.0,206,0
2026-01-27,-0.009030231948298995,-0.007550062996605654,-0.001480168951693341,1.7255928980500035,1.3948956987479857,1.201703393454059,3451185.7960999995,28598.796099999323,3422587.0,0.008286657916915772,0,28,0.0,0.0,0.0,0.0,0.0,206,0
2026-01-28,0.0049354051060501725,0.002420210771386908,0.0025151943346632647,1.7341093980500033,1.3982716403430568,1.2047259110212203,3468218.7960999995,28598.796099999323,3439620.0,0.008245960760076202,0,28,0.0,0.0,0.0,0.0,0.0,206,0
2026-01-29,0.0014220556112394256,0.0017398871066204495,-0.00031783149538102393,1.7365753980500034,1.4007044751416429,1.2043430111833962,3473150.7960999995,28598.796099999323,3444552.0,0.008234251196957214,0,28,0.0,0.0,0.0,0.0,0.0,206,0
2026-01-30,-0.0029627276798792623,-0.0019121555283942411,-0.0010505721514850212,1.7314303980500032,1.3980261103358542,1.2030777619550113,3462860.7960999995,28598.796099999323,3434262.0,0.008258719533920721,0,28,0.0,0.0,0.0,0.0,0.0,206,0
2026-02-02,-0.013320489247488632,-0.015629656363663844,0.0023091671161752127,1.708366898050003,1.3761754426438753,1.2058558695611195,3416733.7960999995,28598.796099999323,3388135.0,0.008370214891380524,0,28,0.0,0.0,0.0,0.0,0.0,206,0
2026-02-03,0.0017639653422456547,0.0035376141424808653,-0.0017736488002352106,1.711380398050003,1.381043820352307,1.2037171047448159,3422760.7960999995,28598.796099999323,3394162.0,0.008355476121084969,0,28,0.0,0.0,0.0,0.0,0.0,206,0
2026-02-04,0.014092425054932356,0.013384085763419002,0.0007083392915133539,1.735497898050003,1.3995278292869422,1.2045697448659731,3470995.7960999995,28598.796099999323,3442397.0,0.008239363508343296,0,28,0.0,0.0,0.0,0.0,0.0,206,0
2026-02-05,0.001140018666817788,-0.003725974501726837,0.004865993168544625,1.7374763980500032,1.3943132242805618,1.2104311730155266,3474952.7960999995,30362.796099999323,3444590.0,0.008737613971066318,0,28,0.0,0.0,0.0,1764.0,0.0,206,0
2026-02-06,-0.0031269489508447545,0.001638659616046178,-0.004765608566890933,1.7320433980500032,1.3965980290533095,1.204662731847772,3464086.7960999995,30362.796099999323,3433724.0,0.008765021746621048,0,28,0.0,0.0,0.0,0.0,0.0,206,0
2026-02-09,0.00529519064610362,0.0052943157333983065,8.749127053137712e-07,1.741214898050003,1.4039920599717595,1.2046637858225018,3482429.7960999995,30362.796099999323,3452067.0,0.00871885375377929,0,28,0.0,0.0,0.0,0.0,0.0,206,0
2026-02-10,-0.0024778676111902875,-0.003214259323575414,0.0007363917123851265,1.736900398050003,1.3994792654027695,1.2055508902505918,3473800.7960999995,30362.796099999323,3443438.0,0.008740511584339356,0,28,0.0,0.0,0.0,0.0,0.0,206,0
2026-02-11,0.0036369385412611255,0.004107424905562877,-0.00047048636430175195,1.743217398050003,1.4052275213923036,1.204983694995257,3486434.7960999995,30362.796099999323,3456072.0,0.008708838075492992,0,28,0.0,0.0,0.0,0.0,0.0,206,0
2026-02-12,-0.008085910578776612,-0.004637231757989901,-0.0034486788207867105,1.729121898050003,1.3987111557029017,1.2008280932469335,3458243.7960999995,30362.796099999323,3427881.0,0.008779831003887194,0,28,0.0,0.0,0.0,0.0,0.0,206,0
2026-02-13,-0.013176341139218617,-0.012033012257525023,-0.0011433288816935939,1.7063383980500029,1.3818804472215918,1.1994551518059753,3412676.7960999995,30362.796099999323,3382314.0,0.008897061724303301,0,28,0.0,0.0,0.0,0.0,0.0,206,0
2026-02-24,0.010536889998224774,0.01812771966035054,-0.007590829662125764,1.724317898050003,1.4069307885729447,1.190350292061257,3448635.7960999995,30362.796099999323,3418273.0,0.00880429186936355,0,28,0.0,0.0,0.0,0.0,0.0,206,0
2026-02-25,0.0038160016824282383,0.005191558408303688,-0.00137555672587545,1.730897898050003,1.414234951938262,1.1887128977108643,3461795.7960999995,30362.796099999323,3431433.0,0.008770822396342828,0,28,0.0,0.0,0.0,0.0,0.0,206,0
2026-02-26,0.0023863337084488734,0.0049109696986038886,-0.002524635990155015,1.735028398050003,1.4211802169339371,1.185711830347342,3470056.7960999995,30362.796099999323,3439694.0,0.008749942114527953,0,28,0.0,0.0,0.0,0.0,0.0,206,0
2026-02-27,0.013799485948996049,0.018994806033636177,-0.005195320084640128,1.7589708980500032,1.4481752594934383,1.179551677860543,3517941.7960999995,30362.796099999323,3487579.0,0.008630840946163353,0,28,0.0,0.0,0.0,0.0,0.0,206,0
2026-03-02,0.0046819990081301555,0.005713755522751815,-0.0010317565146216595,1.767206398050003,1.4564497788802815,1.1783346677325777,3534412.7960999995,30362.796099999323,3504050.0,0.008590619673373394,0,28,0.0,0.0,0.0,0.0,0.0,206,0
2026-03-03,0.0006838476826098727,0.011137324217391265,-0.010453476534781393,1.768414898050003,1.4726707322740191,1.1660169739333157,3536829.7960999995,30362.796099999323,3506467.0,0.008584749012655301,0,28,0.0,0.0,0.0,0.0,0.0,206,0
2026-03-04,-0.01755300751776545,-0.01429069430199583,-0.0032623132157696202,1.7373738980500029,1.4516252450315947,1.1622130613494412,3474747.7960999995,30362.796099999323,3444385.0,0.008738129464842898,0,28,0.0,0.0,0.0,0.0,0.0,206,0
2026-03-05,0.005939711659984415,0.005797232095912189,0.0001424795640722256,1.7476933980500031,1.4600406534933281,1.1623786529597815,3495386.7960999995,30362.796099999323,3465024.0,0.00868653395780885,0,28,0.0,0.0,0.0,0.0,0.0,206,0
2026-03-06,0.011493148639464712,0.010544904164505271,0.0009482444749594407,1.767779898050003,1.475436642260697,1.1634808720952612,3535559.7960999995,30362.796099999323,3505197.0,0.008587832719868542,0,28,0.0,0.0,0.0,0.0,0.0,206,0
2026-03-09,-0.005982362403637254,-0.0012803800557329124,-0.004701982347904341,1.757204398050003,1.4735475226104489,1.158010205572545,3514408.7960999995,30362.796099999323,3484046.0,0.008639517444212366,0,28,0.0,0.0,0.0,0.0,0.0,206,0
2026-03-10,0.00275209873442539,0.0007365788669394103,0.0020155198674859797,1.762040398050003,1.4746329065750345,1.160344198148628,3524080.7960999995,30362.796099999323,3493718.0,0.008615805895710725,0,28,0.0,0.0,0.0,0.0,0.0,206,0
2026-03-11,0.01265635000461951,0.010679549542186396,0.0019768004624331134,1.784341398050003,1.4903813217573407,1.1626379670961098,3568682.7960999995,30362.796099999323,3538320.0,0.008508124099228156,0,28,0.0,0.0,0.0,0.0,0.0,206,0
2026-03-12,0.01912358253711477,0.014145987919747126,0.004977594617367643,1.8184643980500028,1.511464237930737,1.1684251075830745,3636928.7960999995,30362.796099999323,3606566.0,0.008348471417025917,0,28,0.0,0.0,0.0,0.0,0.0,206,0
2026-03-13,-0.005801873279077441,-0.011492417324523406,0.005690544045445965,1.807913898050003,1.4940938601373441,1.175074082121581,3615827.7960999995,30362.796099999323,3585465.0,0.008397190854262576,0,28,0.0,0.0,0.0,0.0,0.0,206,0
2026-03-16,-0.006281272582863817,-0.006835044192595428,0.0005537716097316105,1.796557898050003,1.4838816625754199,1.1757248047875914,3593115.7960999995,30362.796099999323,3562753.0,0.008450269299129011,0,28,0.0,0.0,0.0,0.0,0.0,206,0
2026-03-17,-0.00277363730131297,-0.008669471894654357,0.005895834593341387,1.791574898050003,1.4710171922067292,1.1826566837639076,3583149.7960999995,30362.796099999323,3552787.0,0.00847377247053613,0,28,0.0,0.0,0.0,0.0,0.0,206,0
2026-03-18,-0.002673904398422966,0.0042651103775391535,-0.0069390147759621195,1.7867843980500029,1.4772912428987486,1.1744502115603794,3573568.7960999995,30362.796099999323,3543206.0,0.008496491275930001,0,28,0.0,0.0,0.0,0.0,0.0,206,0
2026-03-19,-0.007740161608246199,-0.00020975258715202435,-0.007530409021094174,1.7729543980500029,1.4769813772385736,1.1656061210924191,3545908.7960999995,30362.796099999323,3515546.0,0.00856276848783988,0,28,0.0,0.0,0.0,0.0,0.0,206,0
2026-03-20,-0.0026289452256225143,-0.004484591912136044,0.00185564668651353,1.7682933980500029,1.470357718499834,1.1677690742288043,3536586.7960999995,30362.796099999323,3506224.0,0.008585338873481672,0,28,0.0,0.0,0.0,0.0,0.0,206,0
2026-03-23,-0.044263582099166365,-0.03678838480487568,-0.007475197294290685,1.6900223980500026,1.416265632950843,1.1590397700047728,3380044.7960999995,30362.796099999323,3349682.0,0.008982956715553847,0,28,0.0,0.0,0.0,0.0,0.0,206,0
2026-03-24,0.030853733098546332,0.03801495349894604,-0.007161220400399709,1.7421658980500028,1.4701049051296247,1.15073963075894,3484331.7960999995,30362.796099999323,3453969.0,0.008714094373556587,0,28,0.0,0.0,0.0,0.0,0.0,206,0
2026-03-25,0.028644803606738822,0.026214276729884897,0.002430526876853925,1.792069898050003,1.508642641934654,1.1535365343597603,3584139.7960999995,30362.796099999323,3553777.0,0.008471431871334346,0,28,0.0,0.0,0.0,0.0,0.0,206,0
2026-03-26,-0.002398343951135362,0.002189847826886286,-0.004588191778021648,1.787771898050003,1.5119463397456425,1.1482438875171634,3575543.7960999995,30362.796099999323,3545181.0,0.008491798123999304,0,28,0.0,0.0,0.0,0.0,0.0,206,0
2026-03-27,-0.009727751073260071,-0.0025290444569703286,-0.007198706616289742,1.7703808980500029,1.5081225602358723,1.1399780166469793,3540761.7960999995,30362.796099999323,3510399.0,0.008575215687607867,0,28,0.0,0.0,0.0,0.0,0.0,206,0
2026-03-30,-0.015498642145440167,-0.01984546795633687,0.0043468258108967026,1.742942398050003,1.4781931622924827,1.1449333025135953,3485884.7960999995,30362.796099999323,3455522.0,0.008710212148711614,0,28,0.0,0.0,0.0,0.0,0.0,206,0
2026-03-31,-0.0072191140763328,-0.012307227198276148,0.005088113121943348,1.730359898050003,1.4600007032012108,1.1507588526738646,3460719.7960999995,30362.796099999323,3430357.0,0.008773549402704077,0,28,0.0,0.0,0.0,0.0,0.0,206,0
2026-04-01,-0.00018233201102013652,-0.0038317640724340944,0.003649432061413958,1.7300443980500029,1.4544063249609558,1.1549584689257686,3460088.7960999995,30362.796099999323,3429726.0,0.008775149393339966,0,28,0.0,0.0,0.0,0.0,0.0,206,0
2026-04-02,0.0003401738132637888,-0.004622017823110808,0.004962191636374597,1.7306329138500032,1.4476840330049412,1.1606895941806321,3461265.8277,28025.827699999776,3433240.0,0.008096987950394683,28,28,1405486.0,1404049.0,899.9683999999999,0.0,0.0,206,1
2026-04-03,-0.016373489590557955,-0.028065680413750637,0.011692190823192682,1.7022964138500032,1.4070537955945348,1.174260598402286,3404592.8277,28025.827699999776,3376567.0,0.008231770763299425,0,28,0.0,0.0,0.0,0.0,0.0,206,0
2026-04-07,-0.0052241195643989435,0.005930413993943405,-0.01115453355834235,1.6934034138500031,1.4153982071141598,1.1611622691511685,3386806.8277,28025.827699999776,3358781.0,0.008275000354547023,0,28,0.0,0.0,0.0,0.0,0.0,206,0
2026-04-08,0.017669445895336144,0.01893003922611899,-0.0012605933307828464,1.7233249138500033,1.4421917506954092,1.1596985157387198,3446649.8277,28025.827699999776,3418624.0,0.008131324358732962,0,28,0.0,0.0,0.0,0.0,0.0,206,0
2026-04-09,-0.00873979124827473,-0.01406834274164599,0.00532855149337126,1.7082634138500032,1.4219025028474517,1.1658780289966197,3416526.8277,28025.827699999776,3388501.0,0.00820301701505055,0,28,0.0,0.0,0.0,0.0,0.0,206,0
2026-04-10,-0.0012544903687717879,0.002906895502076285,-0.0041613858708480726,1.7061204138500032,1.4260358248373701,1.1610263606396212,3412240.8277,28025.827699999776,3384215.0,0.008213320546571859,0,28,0.0,0.0,0.0,0.0,0.0,206,0
2026-04-13,-0.003504441979278572,0.004947972234699121,-0.008452414213977693,1.700141413850003,1.4330918105043517,1.151212884926148,3400282.8277,28025.827699999776,3372257.0,0.008242204875338811,0,28,0.0,0.0,0.0,0.0,0.0,206,0
2026-04-14,0.0029453432280439618,0.0020109074385553424,0.0009344357894886194,1.7051489138500033,1.4359736254862276,1.1522886194471436,3410297.8277,28025.827699999776,3382272.0,0.008218000044559503,0,28,0.0,0.0,0.0,0.0,0.0,206,0
2026-04-15,0.004799580807005155,-0.0016492544956587278,0.006448835302663883,1.7133329138500035,1.4336053395287471,1.1597195389750923,3426665.8277,28025.827699999776,3398640.0,0.008178745494657963,0,28,0.0,0.0,0.0,0.0,0.0,206,0
2026-04-16,0.000872568307020094,0.0037701406335818514,-0.0028975723265617574,1.7148279138500033,1.4390102332718244,1.156359167732385,3429655.8277,28025.827699999776,3401630.0,0.008171615202215347,0,28,0.0,0.0,0.0,0.0,0.0,206,0
2026-04-17,-0.0038024223581483163,-0.003646021016867774,-0.00015640134128054248,1.7083074138500032,1.4337635717178276,1.1561783116075495,3416614.8277,28025.827699999776,3388589.0,0.00820280573413838,0,28,0.0,0.0,0.0,0.0,0.0,206,0
2026-04-20,0.0035754688825206937,0.011608418036269429,-0.008032949153748735,1.7144154138500032,1.450407298623503,1.146890790017739,3428830.8277,28025.827699999776,3400805.0,0.008173581348368538,0,28,0.0,0.0,0.0,0.0,0.0,206,0
2026-04-21,0.011668992146468327,0.00887922255901217,0.002789769587456156,1.734420913850003,1.4632857878291967,1.150090351063864,3468841.8277,28025.827699999776,3440816.0,0.008079304013288545,0,28,0.0,0.0,0.0,0.0,0.0,206,0
2026-04-22,-0.000558399631984452,0.0006727591460389863,-0.0012311587780234382,1.7334524138500031,1.4642702267262275,1.1486744072326316,3466904.8277,28025.827699999776,3438879.0,0.008083818014292754,0,28,0.0,0.0,0.0,0.0,0.0,206,0
2026-04-23,0.009234461743571787,0.010083081477477527,-0.0008486197339057401,1.749459913850003,1.4790345827273526,1.1476996194628215,3498919.8277,28025.827699999776,3470894.0,0.008009851348443852,0,28,0.0,0.0,0.0,0.0,0.0,206,0
2026-04-24,-0.008496908035627304,-0.013563341415373995,0.005066433379746691,1.7345949138500032,1.4589739317166763,1.1535143631247906,3469189.8277,28025.827699999776,3441164.0,0.00807849356533491,0,28,0.0,0.0,0.0,0.0,0.0,206,0
2026-04-27,-0.006481916849994995,0.00034515720976509626,-0.006827074059760092,1.7233514138500032,1.4594775070880677,1.1456392351387406,3446702.8277,28025.827699999776,3418677.0,0.00813119932323888,0,28,0.0,0.0,0.0,0.0,0.0,206,0
2026-04-28,0.007986183136759806,0.007494817290904665,0.0004913658458551408,1.7371144138500032,1.4704160243438777,1.1462021631305594,3474228.8277,28025.827699999776,3446203.0,0.008066776568241582,0,28,0.0,0.0,0.0,0.0,0.0,206,0
2026-04-29,0.0029641110331863896,0.005181798050686297,-0.002217687017499907,1.742263413850003,1.4780354232325208,1.1436602454739544,3484526.8277,28025.827699999776,3456501.0,0.00804293641168449,0,28,0.0,0.0,0.0,0.0,0.0,206,0
2026-04-30,-0.001114642013694489,-0.007868080372599118,0.006753438358904629,1.740321413850003,1.4664061217289788,1.1513838844452924,3480642.8277,28025.827699999776,3452617.0,0.008051911410433104,0,28,0.0,0.0,0.0,0.0,0.0,206,0
2026-05-06,0.0008015760703157238,0.010123719358670655,-0.009322143288354932,1.7417164138500032,1.4812516057711997,1.1406505188945908,3483432.8277,28025.827699999776,3455407.0,0.008045462360330439,0,28,0.0,0.0,0.0,0.0,0.0,206,0
2026-05-07,0.0004119499559713802,0.005807650072664505,-0.005395700116693125,1.7424339138500033,1.4898541967670913,1.1344959107566852,3484867.8277,28025.827699999776,3456842.0,0.008042149397240331,0,28,0.0,0.0,0.0,0.0,0.0,206,0
2026-05-08,0.0017960509004815162,0.0040306857340768705,-0.0022346348335953543,1.7455634138500031,1.4958593308238548,1.1319607266759368,3491126.8277,28025.827699999776,3463101.0,0.008027731183419526,0,28,0.0,0.0,0.0,0.0,0.0,206,0
2026-05-11,0.0027478234030013926,0.005253260172663686,-0.0025054367696622937,1.7503599138500032,1.503717469070379,1.1291246706495093,3500719.8277,28025.827699999776,3472694.0,0.008005732843354381,0,28,0.0,0.0,0.0,0.0,0.0,206,0
2026-05-12,0.0032796112128581356,0.0026662390190551853,0.0006133721938029503,1.7561004138500032,1.5077267392600495,1.1298172443258225,3512200.8277,31889.827699999776,3480311.0,0.009079727858524294,0,28,0.0,0.0,0.0,3864.0000000000005,0.0,206,0
2026-05-13,0.0003578952519134315,0.012953609213643335,-0.012595713961729904,1.7567289138500033,1.5272572422413848,1.1155863894872646,3513457.8277,31889.827699999776,3481568.0,0.00907647942963234,0,28,0.0,0.0,0.0,0.0,0.0,206,0
2026-05-14,-0.0072970848825537615,-0.011508195771711107,0.0042111108891573455,1.7439099138500034,1.5096812669039072,1.1202842474798302,3487819.8277,31889.827699999776,3455930.0,0.009143198122429717,0,28,0.0,0.0,0.0,0.0,0.0,206,0
2026-05-15,-0.008708592043307983,-0.011524440350560015,0.002815848307252032,1.7287229138500033,1.4922830351951153,1.1234387979817375,3457445.8277,31889.827699999776,3425556.0,0.00922352201284203,0,28,0.0,0.0,0.0,0.0,0.0,206,0
2026-05-18,0.00022126160122915017,0.0027996472078801963,-0.002578385606651046,1.7291054138500033,1.4964609012279662,1.120542139555068,3458210.8277,31889.827699999776,3426321.0,0.00922148165304577,0,28,0.0,0.0,0.0,0.0,0.0,206,0
2026-05-19,0.019138220107886905,0.01950647591674303,-0.0003682558088561258,1.7621974138500036,1.525651579758117,1.120129493403109,3524394.8277,35087.827699999776,3489307.0,0.009955702869674761,0,28,0.0,0.0,0.0,3198.0,0.0,206,0
2026-05-20,-0.01751591493518523,-0.024278656458087185,0.006762741522901957,1.7313309138500035,1.4886108091784318,1.1277046396391732,3462661.8277,35087.827699999776,3427574.0,0.010133195052231285,0,28,0.0,0.0,0.0,0.0,0.0,206,0
2026-05-21,-0.0047336415785330654,-0.015679158882352297,0.010945517303819232,1.7231354138500035,1.4652706437873362,1.140047950285941,3446270.8277,35087.827699999776,3411183.0,0.010181390103753678,0,28,0.0,0.0,0.0,0.0,0.0,206,0
2026-05-22,0.00013957115503915318,0.0045347778078924416,-0.004395206652853288,1.7233759138500033,1.471915320585339,1.1350372039502725,3446751.8277,35087.827699999776,3411664.0,0.010179969273683887,0,28,0.0,0.0,0.0,0.0,0.0,206,0
2026-05-25,0.007631532908347616,0.008070266368713901,-0.0004387334603662852,1.7365279138500034,1.4837940692946539,1.134539225150139,3473055.8277,35087.827699999776,3437968.0,0.010102868897225985,0,28,0.0,0.0,0.0,0.0,0.0,206,0
2026-05-26,0.002030776454483574,-0.001921262704423688,0.0039520391589072616,1.7400544138500034,1.4809433110882728,1.1390229685952484,3480108.8277,35087.827699999776,3445021.0,0.010082393809273282,0,28,0.0,0.0,0.0,0.0,0.0,206,0
2026-05-27,-0.0036791952878273415,-0.0015285312593797218,-0.0021506640284476197,1.7336524138500033,1.478679642943905,1.136573312869115,3467304.8277,35087.827699999776,3432217.0,0.010119625889159252,0,28,0.0,0.0,0.0,0.0,0.0,206,0
2026-05-28,0.0009171388608799624,0.004803156018067361,-0.003886017157187399,1.7352424138500036,1.485781971969705,1.1321565694749043,3470484.8277,35087.827699999776,3435397.0,0.010110353291258613,0,28,0.0,0.0,0.0,0.0,0.0,206,0
2026-05-29,0.02550485145289083,0.016379804780929322,0.009125046671961509,1.7794995138500036,1.510118790617593,1.1424875510113306,3558999.0277,37147.02769999977,3521852.0,0.010437493073440373,0,28,0.0,0.0,0.0,2059.2,0.0,206,0
