trade_date,strategy_return,benchmark_return,excess_return,strategy_nav,benchmark_nav,excess_nav,portfolio_value,cash,invested_value,cash_weight,selected_count,holding_count,buy_turnover,sell_turnover,commission,dividend_cash,corporate_action_share_value,benchmark_constituent_count,rebalance
2021-10-08,-0.0005992770500001798,0.0,-0.0005992770500001798,0.9994007229499998,1.0,0.9994007229499998,1998801.4458999997,17558.4458999996,1981243.0,0.008784487291629691,28,28,1981847.0,0.0,594.5541,0.0,0.0,0,1
2021-10-11,-0.0010661389125824483,-0.015819417688734034,0.014753278776151586,0.9983352229499998,0.9841805823112659,1.0141451604247684,1996670.4458999997,17558.4458999996,1979112.0,0.00879386277092168,0,28,0.0,0.0,0.0,0.0,0.0,201,0
2021-10-12,-0.022766901815642338,-0.01515995785052897,-0.007606943965113367,0.9756062229499998,0.9692604461661182,1.0064306150169262,1951212.4458999997,17558.4458999996,1933654.0,0.008998736112458907,0,28,0.0,0.0,0.0,0.0,0.0,201,0
2021-10-13,-0.01986252193165139,-0.030525850683934624,0.010663328752283235,0.9562282229499999,0.9396729465126074,1.0171625155312143,1912456.4458999997,17558.4458999996,1894898.0,0.009181095829733584,0,28,0.0,0.0,0.0,0.0,0.0,201,0
2021-10-14,-0.001996385333734141,-0.004030917484482752,0.002034532150748611,0.9543192229499998,0.9358852024028144,1.0192319653715989,1908638.4458999997,17558.4458999996,1891080.0,0.009199461499749937,0,28,0.0,0.0,0.0,0.0,0.0,201,0
2021-10-15,-0.011322731157607735,-0.011212178000039937,-0.00011055315756779843,0.9435137229499999,0.9253918909258706,1.019119286059533,1887027.4458999997,17558.4458999996,1869469.0,0.009304817446163464,0,28,0.0,0.0,0.0,0.0,0.0,201,0
2021-10-18,0.016863559705578623,0.019668993343306046,-0.0028054336377274225,0.95942472295,0.943593417868441,1.0162602145335649,1918849.4458999997,17558.4458999996,1901291.0,0.00915050731964234,0,28,0.0,0.0,0.0,0.0,0.0,201,0
2021-10-19,0.0012340728476951668,0.003324494570527402,-0.0020904217228322353,0.9606087229500001,0.94673038906293,1.0141358021050537,1921217.4458999997,17558.4458999996,1903659.0,0.009139228845475269,0,28,0.0,0.0,0.0,0.0,0.0,201,0
2021-10-20,0.0034472932848563786,0.007798603562473192,-0.004351310277616813,0.9639202229500001,0.9541135640477776,1.0097229825664549,1927840.4458999997,17558.4458999996,1910282.0,0.009107831479177497,0,28,0.0,0.0,0.0,0.0,0.0,201,0
2021-10-21,-0.0054667387139913926,-0.004530224056215051,-0.0009365146577763415,0.9586507229500002,0.9497912158275672,1.0087773621929879,1917301.4458999997,17558.4458999996,1899743.0,0.009157895299952427,0,28,0.0,0.0,0.0,0.0,0.0,201,0
2021-10-22,-0.015123860706415138,-0.02106928706456589,0.005945426358150752,0.9441522229500002,0.9297797920498931,1.0147749737116758,1888304.4458999997,17558.4458999996,1870746.0,0.009298524895243219,0,28,0.0,0.0,0.0,0.0,0.0,201,0
2021-10-25,0.004755589078603295,0.012601213326828474,-0.007845624248225179,0.9486422229500002,0.9414961455564881,1.0068134305714314,1897284.4458999997,17558.4458999996,1879726.0,0.00925451422845062,0,28,0.0,0.0,0.0,0.0,0.0,201,0
2021-10-26,-0.002036594991515428,0.0006140746918744854,-0.0026506696833899133,0.9467102229500002,0.9420742945119718,1.004144700734186,1893420.4458999997,17558.4458999996,1875862.0,0.009273400389237659,0,28,0.0,0.0,0.0,0.0,0.0,201,0
2021-10-27,-0.002657624201162667,0.0011461862058039145,-0.0038038104069665814,0.9441942229500001,0.9431540870731839,1.0003251246714329,1888388.4458999997,17558.4458999996,1870830.0,0.009298111274786636,0,28,0.0,0.0,0.0,0.0,0.0,201,0
2021-10-28,-0.008887472297576582,-0.014737242855207808,0.005849770557631227,0.9358027229500001,0.9292545962421046,1.0061767971337947,1871605.4458999997,17558.4458999996,1854047.0,0.009381488998369665,0,28,0.0,0.0,0.0,0.0,0.0,201,0
2021-10-29,-0.0007020710496854488,-0.00047367814790780764,-0.00022839290177764112,0.9351457229500001,0.9288144286460218,1.005946993495396,1870291.4458999997,17558.4458999996,1852733.0,0.009388080097618332,0,28,0.0,0.0,0.0,0.0,0.0,201,0
2021-11-01,-0.0014211688802976408,0.0031734994339729285,-0.004594668314270569,0.9338167229500001,0.9317620207095959,1.001325000718547,1867633.4458999997,17558.4458999996,1850075.0,0.009401441133186767,0,28,0.0,0.0,0.0,0.0,0.0,201,0
2021-11-02,-0.01901122518337095,-0.027143127939151687,0.008131902755780736,0.91606372295,0.9064710849726328,1.0094676782513223,1832127.4458999997,17558.4458999996,1814569.0,0.009583637830049714,0,28,0.0,0.0,0.0,0.0,0.0,201,0
2021-11-03,0.0043266640744556994,0.006839861107437159,-0.0025131970329814596,0.92002722295,0.9126712212917535,1.0069306870774504,1840054.4458999997,17558.4458999996,1822496.0,0.009542351281573892,0,28,0.0,0.0,0.0,0.0,0.0,201,0
2021-11-04,0.0021292848202019155,0.008977997036133455,-0.00684871221593154,0.9219862229499999,0.9208651808114752,1.0000345085802667,1843972.4458999997,17558.4458999996,1826414.0,0.009522076069542206,0,28,0.0,0.0,0.0,0.0,0.0,201,0
2021-11-05,-0.014657485831795158,-0.018926218769110128,0.0042687329373149695,0.90847222295,0.903436684942581,1.0043033888254949,1816944.4458999997,17558.4458999996,1799386.0,0.009663721936914947,0,28,0.0,0.0,0.0,0.0,0.0,201,0
2021-11-08,0.0019582326845648534,0.002768557728614336,-0.0008103250440494826,0.9102512229499999,0.9059379015589925,1.0034895766377059,1820502.4458999997,17558.4458999996,1802944.0,0.009644835105573972,0,28,0.0,0.0,0.0,0.0,0.0,201,0
2021-11-09,0.004528969471350397,0.004067412490189416,0.0004615569811609807,0.9143737229499999,0.9096227246951295,1.0039527442573253,1828747.4458999997,17558.4458999996,1811189.0,0.009601350880552226,0,28,0.0,0.0,0.0,0.0,0.0,201,0
2021-11-10,-0.005641019498415778,-0.00483677927529244,-0.0008042402231233379,0.9092157229499999,0.9052230803519891,1.0031453250782785,1818431.4458999997,17558.4458999996,1800873.0,0.009655819546889415,0,28,0.0,0.0,0.0,0.0,0.0,201,0
2021-11-11,0.008505132285778982,0.0042721923250942035,0.004232939960684779,0.9169487229499997,0.9090903674483669,1.0073915790111765,1833897.4458999997,17558.4458999996,1816339.0,0.00957438810946304,0,28,0.0,0.0,0.0,0.0,0.0,201,0
2021-11-12,-0.003392774232774287,0.0005498743596420955,-0.003942648592416382,0.9138377229499997,0.9095902529320244,1.003419788020176,1827675.4458999997,17558.4458999996,1810117.0,0.00960698243191275,0,28,0.0,0.0,0.0,0.0,0.0,201,0
2021-11-15,0.004097007494846983,0.010570161813108363,-0.006473154318261381,0.9175817229499997,0.9192047690891422,0.9969244968863243,1835163.4458999997,17558.4458999996,1817605.0,0.009567783152627365,0,28,0.0,0.0,0.0,0.0,0.0,201,0
2021-11-16,-0.0063138790312584625,-0.005110444474133944,-0.0012034345571245181,0.9117882229499997,0.914507224156353,0.9957247634959273,1823576.4458999997,17558.4458999996,1806018.0,0.009628576821924174,0,28,0.0,0.0,0.0,0.0,0.0,201,0
2021-11-17,0.0021463317366265944,0.007148719850035481,-0.005002388113408886,0.9137452229499997,0.9210447801026804,0.9907437617747884,1827490.4458999997,17558.4458999996,1809932.0,0.009607954963262444,0,28,0.0,0.0,0.0,0.0,0.0,201,0
2021-11-18,0.0009045190926761926,-0.0008630908768787167,0.0017676099695549093,0.9145717229499997,0.920249834755777,0.9924950103253759,1829143.4458999997,17558.4458999996,1811585.0,0.009599272238247152,0,28,0.0,0.0,0.0,0.0,0.0,201,0
2021-11-19,0.007090750607379626,0.009920705458225664,-0.0028299548508460386,0.9210567229499996,0.92937936231437,0.9896862942564651,1842113.4458999997,17558.4458999996,1824555.0,0.009531685433966899,0,28,0.0,0.0,0.0,0.0,0.0,201,0
2021-11-22,-0.0009016817089614326,0.0015471075948829307,-0.0024487893038443636,0.9202262229499997,0.9308172121843341,0.9872627610449285,1840452.4458999997,17558.4458999996,1822894.0,0.009540287736917508,0,28,0.0,0.0,0.0,0.0,0.0,201,0
2021-11-23,0.006078396659974228,0.0008679915826532719,0.005210405077320956,0.9258197229499997,0.9316251536894989,0.9924067999477268,1851639.4458999997,17558.4458999996,1834081.0,0.009482648438322298,0,28,0.0,0.0,0.0,0.0,0.0,201,0
2021-11-24,0.0023514297071391965,0.005956406548612456,-0.0036049768414732593,0.9279967229499997,0.9371742918557872,0.9888291964165947,1855993.4458999997,17558.4458999996,1838435.0,0.009460402965747133,0,28,0.0,0.0,0.0,0.0,0.0,201,0
2021-11-25,0.0019014075765169114,-0.0004896684338851197,0.002391076010402031,0.9297612229499996,0.9367153871880167,0.9911935621865315,1859522.4458999997,17558.4458999996,1841964.0,0.00944244902163652,0,28,0.0,0.0,0.0,0.0,0.0,201,0
2021-11-26,-7.690146484395921e-05,-0.003794922836830173,0.0037180213719862137,0.9296897229499996,0.9331606245735667,0.9948788410345163,1859379.4458999997,17558.4458999996,1841821.0,0.00944317521564338,0,28,0.0,0.0,0.0,0.0,0.0,201,0
2021-11-29,-0.0028418083310812747,-0.0021358904663223324,-0.0007059178647589423,0.9270477229499997,0.9311674956919926,0.9941765382873594,1854095.4458999997,17558.4458999996,1836537.0,0.00947008738888117,0,28,0.0,0.0,0.0,0.0,0.0,201,0
2021-11-30,0.0012334855819085,0.0011432217211657554,9.026386074274459e-05,0.9281912229499997,0.9322320265991113,0.9942662764999651,1856382.4458999997,17558.4458999996,1838824.0,0.00945842056348848,0,28,0.0,0.0,0.0,0.0,0.0,201,0
2021-12-01,0.014375809283771579,0.014990098416368641,-0.0006142891325970623,0.9415347229499996,0.9462062764247228,0.9936555095314035,1883069.4458999997,17558.4458999996,1865511.0,0.00932437512500112,0,28,0.0,0.0,0.0,0.0,0.0,201,0
2021-12-02,-0.001991960523902603,-0.005882394888722134,0.0038904343648195313,0.9396592229499997,0.9406403174606052,0.9975212610724767,1879318.4458999997,17558.4458999996,1861760.0,0.009342985984257136,0,28,0.0,0.0,0.0,0.0,0.0,201,0
2021-12-03,0.02066653476675695,0.01802829877157058,0.00263823599518637,0.9590787229499997,0.9575984621403699,1.000152957569402,1918157.4458999997,17558.4458999996,1900599.0,0.009153808482995083,0,28,0.0,0.0,0.0,0.0,0.0,201,0
2021-12-06,-0.002662972224161342,-0.0009369378294161795,-0.0017260343947451623,0.9565247229499998,0.9567012519157999,0.998426659164631,1913049.4458999997,17558.4458999996,1895491.0,0.00917824990756534,0,28,0.0,0.0,0.0,0.0,0.0,201,0
2021-12-07,0.0028708092264788654,0.008300669019150868,-0.005429859792672003,0.9592707229499998,0.9646425123581603,0.9930053423921013,1918541.4458999997,17558.4458999996,1900983.0,0.00915197632947816,0,28,0.0,0.0,0.0,0.0,0.0,201,0
2021-12-08,0.005292562233513154,0.004841720625130302,0.00045084160838285234,0.9643477229499998,0.9693130419061224,0.9934530305177981,1928695.4458999997,17558.4458999996,1911137.0,0.009103793933523905,0,28,0.0,0.0,0.0,0.0,0.0,201,0
2021-12-09,0.007145762711939563,0.006710577359689639,0.00043518535224992393,0.9712387229499998,0.9758176920595896,0.9938853667248277,1942477.4458999997,17558.4458999996,1924919.0,0.009039201941345743,0,28,0.0,0.0,0.0,0.0,0.0,201,0
2021-12-10,0.0005009067168597614,-0.004830265038959758,0.00533117175581952,0.9717252229499997,0.9711042339772357,0.9991839403204335,1943450.4458999997,17558.4458999996,1925892.0,0.009034676411246695,0,28,0.0,0.0,0.0,0.0,0.0,201,0
2021-12-13,0.005538602758155431,0.003735919537153962,0.001802683221001469,0.9771072229499999,0.9747322012575642,1.0009851524443432,1954214.4458999997,17558.4458999996,1936656.0,0.008984912549816497,0,28,0.0,0.0,0.0,0.0,0.0,201,0
2021-12-14,-0.0022965749789721768,-0.0004825823798594612,-0.0018139925991127155,0.9748632229499999,0.9742618126721557,0.9991693727859874,1949726.4458999997,17558.4458999996,1932168.0,0.00900559457298358,0,28,0.0,0.0,0.0,0.0,0.0,201,0
2021-12-15,0.013604472594490602,0.02016260751065019,-0.006558134916159589,0.98812572295,0.993905471213679,0.9926166852351622,1976251.4458999997,17558.4458999996,1958693.0,0.008884722607756702,0,28,0.0,0.0,0.0,0.0,0.0,201,0
2021-12-16,0.003593166251557811,0.008606837112984921,-0.00501367086142711,0.9916762229500001,1.0024598537101195,0.9876400318838323,1983352.4458999997,17558.4458999996,1965794.0,0.008852912620899298,0,28,0.0,0.0,0.0,0.0,0.0,201,0
2021-12-17,0.0007078923379968405,0.0019579316400464746,-0.001250039302049634,0.9923782229500001,1.0044226015755748,0.9864054430277001,1984756.4458999997,17558.4458999996,1967198.0,0.008846650145044682,0,28,0.0,0.0,0.0,0.0,0.0,201,0
2021-12-20,-0.0015719812909261721,-0.01419869724467732,0.012626715953751148,0.9908182229500001,0.990161109150092,0.998860504372045,1981636.4458999997,17558.4458999996,1964078.0,0.008860578809159457,0,28,0.0,0.0,0.0,0.0,0.0,201,0
2021-12-21,0.01437902500176258,0.012146737932591242,0.0022322870691713383,1.0050652229500001,1.002188336653982,1.0010902477598607,2010130.4458999997,17558.4458999996,1992572.0,0.008734978337258168,0,28,0.0,0.0,0.0,0.0,0.0,201,0
2021-12-22,-0.0030878593041860913,-0.005059402652753552,0.0019715433485674606,1.0019617229500002,0.9971178623249564,1.0030639405791473,2003923.4458999997,17558.4458999996,1986365.0,0.008762034266290932,0,28,0.0,0.0,0.0,0.0,0.0,201,0
2021-12-23,0.002952707605725191,0.007861833968086493,-0.004909126362361302,1.0049202229500003,1.0049570374051684,0.9981397729453162,2009840.4458999997,17558.4458999996,1992282.0,0.00873623870781294,0,28,0.0,0.0,0.0,0.0,0.0,201,0
2021-12-24,-0.0017608362928607235,-0.008750234181853674,0.00698939788899295,1.0031507229500003,0.9961634279851712,1.00511616896726,2006301.4458999997,17558.4458999996,1988743.0,0.008751648928869269,0,28,0.0,0.0,0.0,0.0,0.0,201,0
2021-12-27,0.006350491361124755,0.0057139785672489455,0.0006365127938758094,1.0095212229500004,1.0018554844621557,1.0057559382681394,2019042.4458999997,17558.4458999996,2001484.0,0.008696422373712317,0,28,0.0,0.0,0.0,0.0,0.0,201,0
2021-12-28,-0.0009529269698648202,-0.01287864033348026,0.011925713363615439,1.0085592229500004,0.9889529480116429,1.0177502953016793,2017118.4458999997,17558.4458999996,1999560.0,0.008704717333624578,0,28,0.0,0.0,0.0,0.0,0.0,201,0
2021-12-29,0.00042684652542357426,-0.007306202771404495,0.00773304929682807,1.0089897229500004,0.9817274572420917,1.0256206085071087,2017979.4458999997,17558.4458999996,2000421.0,0.008701003340580953,0,28,0.0,0.0,0.0,0.0,0.0,201,0
2021-12-30,0.010726571097628756,0.005198495469954224,0.0055280756276745325,1.0198127229500005,0.9868309629812944,1.0312903167962375,2039625.4458999997,17558.4458999996,2022067.0,0.008608661916478398,0,28,0.0,0.0,0.0,0.0,0.0,201,0
2021-12-31,-0.0034020952297632023,0.00587014481743243,-0.009272240047195632,1.0163432229500005,0.992623803644321,1.0217279454205543,2032686.4458999997,17558.4458999996,2015128.0,0.00863804938307903,0,28,0.0,0.0,0.0,0.0,0.0,201,0
2022-01-04,0.013897748940561172,0.008840707880626844,0.005057041059934328,1.0304681059000003,1.0013993007276971,1.0268948655926284,2060936.2117999995,15646.21179999951,2045290.0,0.007591798188811617,28,28,630849.0,629397.0,460.2341,0.0,0.0,201,1
2022-01-05,-0.00367502883235038,-0.012771267461006071,0.009096238628655691,1.0266811059000003,0.9886101624228392,1.0362357463366003,2053362.2117999995,15646.21179999951,2037716.0,0.007619801177836945,0,28,0.0,0.0,0.0,0.0,0.0,201,0
2022-01-06,0.003165052888697506,0.003707399908806234,-0.0005423470201087279,1.0299306059000002,0.9922753356488505,1.0356737469674446,2059861.2117999995,15646.21179999951,2044215.0,0.007595760195089622,0,28,0.0,0.0,0.0,0.0,0.0,201,0
2022-01-07,-0.003763845814264921,-0.006467263949894922,0.002703418135630001,1.0260541059000001,0.9858580291422387,1.0384736061575923,2052108.2117999995,15646.21179999951,2036462.0,0.007624457477452171,0,28,0.0,0.0,0.0,0.0,0.0,201,0
2022-01-10,0.0009463438569337068,0.002625565201260265,-0.001679221344326558,1.0270251059000002,0.9884464636769377,1.0367297791126127,2054050.2117999995,15646.21179999951,2038404.0,0.007617248940710396,0,28,0.0,0.0,0.0,0.0,0.0,201,0
2022-01-11,0.003991625887672434,0.0037658097670174853,0.00022581612065494892,1.0311246059,0.9921687650240262,1.0369638894094995,2062249.2117999995,15646.21179999951,2046603.0,0.007586964616338962,0,28,0.0,0.0,0.0,0.0,0.0,201,0
2022-01-12,-0.0024851506649512523,0.0028184764270990973,-0.00530362709205035,1.0285621059,0.9949651692999504,1.0314642196321493,2057124.2117999995,15646.21179999951,2041478.0,0.00760586634013167,0,28,0.0,0.0,0.0,0.0,0.0,201,0
2022-01-13,-0.0007617430153276095,-0.0035933616763953505,0.002831618661067741,1.0277786059,0.9913898995912397,1.0343849329646833,2055557.2117999995,15646.21179999951,2039911.0,0.007611664472378522,0,28,0.0,0.0,0.0,0.0,0.0,201,0
2022-01-14,-0.018350255484725464,-0.01937065800391524,0.0010204025191897746,1.0089186059000002,0.9721860248977219,1.0354404219560924,2017837.2117999995,15646.21179999951,2002191.0,0.007753951462735887,0,28,0.0,0.0,0.0,0.0,0.0,201,0
2022-01-17,0.0016924060969980559,0.002189809080639022,-0.0004974029836409661,1.0106261059000001,0.9743149266831131,1.034925390800829,2021252.2117999995,15646.21179999951,2005606.0,0.0077408507996466125,0,28,0.0,0.0,0.0,0.0,0.0,201,0
2022-01-18,0.0008643156899474924,0.005431100371744718,-0.004566784681797225,1.0114996059,0.9796065288436182,1.0301991093793166,2022999.2117999995,15646.21179999951,2007353.0,0.007734166038590799,0,28,0.0,0.0,0.0,0.0,0.0,202,0
2022-01-19,0.0059510650967027345,0.00132638362659521,0.004624681470107524,1.0175191059000002,0.9809058629039823,1.0349634521109843,2035038.2117999995,15646.21179999951,2019392.0,0.007688411799481825,0,28,0.0,0.0,0.0,0.0,0.0,202,0
2022-01-20,-0.004552248673407422,-0.008756515087661823,0.0042042664142544015,1.0128871059000002,0.9723165459158876,1.0393147141926753,2025774.2117999995,15646.21179999951,2010128.0,0.007723571417219832,0,28,0.0,0.0,0.0,0.0,0.0,202,0
2022-01-21,-0.0066285768284455315,-0.010148149182594112,0.0035195723541485806,1.0061731059000003,0.9624493325552286,1.0429726575280076,2012346.2117999995,15646.21179999951,1996700.0,0.007775109326741703,0,28,0.0,0.0,0.0,0.0,0.0,202,0
2022-01-24,-0.005438428007977225,-0.007551781357908499,0.002113353349931274,1.0007011059000004,0.9551811256277065,1.0451768272876811,2001402.2117999995,15646.21179999951,1985756.0,0.007817624917046429,0,28,0.0,0.0,0.0,0.0,0.0,202,0
2022-01-25,-0.024932020013669454,-0.033656257912277596,0.008724237898608142,0.9757516059000004,0.9230333033106408,1.0542951985750513,1951503.2117999995,15646.21179999951,1935857.0,0.008017517832096203,0,28,0.0,0.0,0.0,0.0,0.0,202,0
2022-01-26,0.007928247264184174,0.009490212025547621,-0.001561964761363447,0.9834876059000004,0.9317930850657004,1.0526484266268024,1966975.2117999995,15646.21179999951,1951329.0,0.007954452962160869,0,28,0.0,0.0,0.0,0.0,0.0,202,0
2022-01-27,-0.008547133639073778,-0.017001136545757908,0.00845400290668413,0.9750816059000004,0.9159515435941055,1.061547519485222,1950163.2117999995,15646.21179999951,1934517.0,0.008023026844793193,0,28,0.0,0.0,0.0,0.0,0.0,202,0
2022-01-28,0.007787040545177426,0.005576100371482473,0.002210940173694953,0.9826746059000004,0.9210589813366005,1.063894537542338,1965349.2117999995,15646.21179999951,1949703.0,0.007961033950638042,0,28,0.0,0.0,0.0,0.0,0.0,202,0
2022-02-07,0.027595095911900902,0.026769132444052022,0.0008259634678488802,1.0097916059000003,0.9457149311967835,1.064773275563992,2019583.2117999995,15646.21179999951,2003937.0,0.007747247901736353,0,28,0.0,0.0,0.0,0.0,0.0,202,0
2022-02-08,0.029187210339039815,0.025401272754246026,0.0037859375847937894,1.0392646059000004,0.969737294111876,1.0688044407272337,2078529.2117999995,15646.21179999951,2062883.0,0.007527540008182007,0,28,0.0,0.0,0.0,0.0,0.0,202,0
2022-02-09,-0.0027832180405057416,0.007329311572575268,-0.01011252961308101,1.0363721059000004,0.976844800883968,1.057996124169787,2072744.2117999995,15646.21179999951,2057098.0,0.00754854926668068,0,28,0.0,0.0,0.0,0.0,0.0,202,0
2022-02-10,0.00940395823519058,0.007216075880310417,0.002187882354880162,1.0461181059000004,0.9838937870904334,1.0603108952213898,2092236.2117999995,15646.21179999951,2076590.0,0.0074782243571526325,0,28,0.0,0.0,0.0,0.0,0.0,202,0
2022-02-11,-0.007144986744655912,-0.010064196149043806,0.0029192094043878937,1.0386436059000004,0.9739916870273296,1.063406164758295,2077287.2117999995,15646.21179999951,2061641.0,0.007532040688028807,0,28,0.0,0.0,0.0,0.0,0.0,202,0
2022-02-14,-0.008733505842112077,-0.013063020294480657,0.00432951445236858,1.0295726059000003,0.9612684138530362,1.068010197117354,2059145.2117999995,15646.21179999951,2043499.0,0.007598401370791325,0,28,0.0,0.0,0.0,0.0,0.0,202,0
2022-02-15,-0.0038889923615439415,-0.0036773698248527627,-0.00021162253669117876,1.0255686059000004,0.957733474394349,1.0677841820902279,2051137.2117999995,15646.21179999951,2035491.0,0.007628066864560949,0,28,0.0,0.0,0.0,0.0,0.0,202,0
2022-02-16,0.012671994760014238,0.010609519958300123,0.002062474801714115,1.0385646059000004,0.9678945668056679,1.069986460059458,2077129.2117999995,15646.21179999951,2061483.0,0.0075326136241860514,0,28,0.0,0.0,0.0,0.0,0.0,202,0
2022-02-17,-0.0039414976947463876,-0.0002736214124938807,-0.003667876282252507,1.0344711059000005,0.9676297301271534,1.0660618821002745,2068942.2117999995,15646.21179999951,2053296.0,0.0075624208886855065,0,28,0.0,0.0,0.0,0.0,0.0,202,0
2022-02-18,0.013047730306838368,0.008312259927791842,0.004735470379046525,1.0479686059000004,0.9756729199578293,1.071110186565191,2095937.2117999995,15646.21179999951,2080291.0,0.007465019329735779,0,28,0.0,0.0,0.0,0.0,0.0,202,0
2022-02-21,0.000352109784513166,0.004077966236323402,-0.0037258564518102364,1.0483376059000005,0.9796516811831125,1.0671193837659776,2096675.2117999995,15646.21179999951,2081029.0,0.007462391748585232,0,28,0.0,0.0,0.0,0.0,0.0,202,0
2022-02-22,-0.009566097737560897,-0.007594726251776257,-0.0019713714857846395,1.0383091059000005,0.9722114948424344,1.0650156950408933,2076618.2117999995,15646.21179999951,2060972.0,0.007534467198203695,0,28,0.0,0.0,0.0,0.0,0.0,202,0
2022-02-23,-0.003377606899594876,0.0012035476581863432,-0.004581154557781219,1.0348021059000005,0.973381597710314,1.0601366935354481,2069604.2117999995,15646.21179999951,2053958.0,0.007560001912825405,0,28,0.0,0.0,0.0,0.0,0.0,202,0
2022-02-24,-0.01764298690146293,-0.0110939323259415,-0.006549054575521431,1.0165451059000006,0.9625829681379989,1.0531938004719716,2033090.2117999995,15646.21179999951,2017444.0,0.007695778430877946,0,28,0.0,0.0,0.0,0.0,0.0,202,0
2022-02-25,0.013239943728895476,0.015588440432868878,-0.0023484967039734024,1.0300041059000007,0.9775881353985122,1.050720378302918,2060008.2117999995,15646.21179999951,2044362.0,0.007595218169702402,0,28,0.0,0.0,0.0,0.0,0.0,202,0
2022-02-28,0.0031223176505592587,1.3055475258044131e-05,0.0031092621753012147,1.0332201059000008,0.9776008982762264,1.0539873434319935,2066440.2117999995,15646.21179999951,2050794.0,0.007571577300255242,0,28,0.0,0.0,0.0,0.0,0.0,202,0
2022-03-01,0.007571474805153633,0.005405941633324501,0.0021655331718291315,1.041043105900001,0.9828857516729933,1.0562697879868834,2082086.2117999995,15646.21179999951,2066440.0,0.00751468008929039,0,28,0.0,0.0,0.0,0.0,0.0,202,0
2022-03-02,0.011007229129185392,0.007108028018270385,0.003899201110915007,1.052502105900001,0.9898721311346438,1.0603883963176277,2105004.2117999997,15646.21179999951,2089358.0,0.0074328648428785594,0,28,0.0,0.0,0.0,0.0,0.0,202,0
2022-03-03,0.028061226513884208,0.01757016003671892,0.010491066477165287,1.082036605900001,1.0072643428945673,1.0715130014750107,2164073.2117999997,15646.21179999951,2148427.0,0.007229982661716672,0,28,0.0,0.0,0.0,0.0,0.0,202,0
2022-03-04,-0.018749827768650307,-0.013372221711425488,-0.005377606057224819,1.0617486059000012,0.9937949807793679,1.0657508266678835,2123497.2117999997,15646.21179999951,2107851.0,0.007368133903381428,0,28,0.0,0.0,0.0,0.0,0.0,202,0
2022-03-07,-0.013356269008688249,-0.014012089560087544,0.0006558205513992957,1.047567605900001,0.9798698365043219,1.0664497679626832,2095135.2117999995,15646.21179999951,2079489.0,0.007467876875859165,0,28,0.0,0.0,0.0,0.0,0.0,202,0
2022-03-08,-0.02939762534327528,-0.03588574243650103,0.006488117093225748,1.016771605900001,0.9447064799302315,1.0733690189312686,2033543.2117999995,15646.21179999951,2017897.0,0.007694064089324268,0,28,0.0,0.0,0.0,0.0,0.0,202,0
2022-03-09,-0.005112750955902801,-0.004660543921417761,-0.00045220703448503943,1.0115731059000008,0.9403036338876687,1.0728836339103096,2023146.2117999995,15646.21179999951,2007500.0,0.007733604080981882,0,28,0.0,0.0,0.0,0.0,0.0,202,0
2022-03-10,0.011638802901472012,0.017609096795808764,-0.005970293894336752,1.0233466059000007,0.9568615315942472,1.066478203301441,2046693.2117999995,15646.21179999951,2031047.0,0.007644629742158172,0,28,0.0,0.0,0.0,0.0,0.0,202,0
2022-03-11,0.005071595459522404,-0.0021678109851095023,0.007239406444631906,1.0285366059000007,0.9547872366548285,1.074198872479481,2057073.2117999995,15646.21179999951,2041427.0,0.007606054908618744,0,28,0.0,0.0,0.0,0.0,0.0,202,0
2022-03-14,-0.0227143106681722,-0.03054972468277112,0.007835414014598922,1.0051741059000008,0.9256187494443996,1.082615665379373,2010348.2117999995,15646.21179999951,1994702.0,0.0077828366788211326,0,28,0.0,0.0,0.0,0.0,0.0,202,0
2022-03-15,-0.05000626230318017,-0.05622094912758391,0.006214686824403737,0.9549091059000008,0.8735795848203481,1.0893437826908994,1909818.2117999995,15646.21179999951,1894172.0,0.008192513666132124,0,28,0.0,0.0,0.0,0.0,0.0,202,0
2022-03-16,0.025033272645850424,0.029197887577602055,-0.004164614931751631,0.9788136059000008,0.8990862633280209,1.084807085307694,1957627.2117999995,15646.21179999951,1941981.0,0.007992436816207274,0,28,0.0,0.0,0.0,0.0,0.0,202,0
2022-03-17,-0.0008586925998307349,0.0057797036487624315,-0.006638396248593166,0.9779731059000007,0.9042827154847299,1.0776057060221402,1955946.2117999995,15646.21179999951,1940300.0,0.007999305760867914,0,28,0.0,0.0,0.0,0.0,0.0,202,0
2022-03-18,0.02256299264967354,0.023677802680765705,-0.0011148100310921644,1.000039105900001,0.9256941431896044,1.0764043803715047,2000078.2117999995,15646.21179999951,1984432.0,0.007822799982365927,0,28,0.0,0.0,0.0,0.0,0.0,202,0
2022-03-21,-0.00044948242258535664,0.0024399867301221206,-0.0028894691527074773,0.9995896059000009,0.9279528246151388,1.073294143118582,1999179.2117999995,15646.21179999951,1983533.0,0.007826317774639194,0,28,0.0,0.0,0.0,0.0,0.0,202,0
2022-03-22,0.009345335270457555,0.005023362437966639,0.004321972832490917,1.008931105900001,0.9326142679785157,1.0779328912464123,2017862.2117999995,15646.21179999951,2002216.0,0.007753855396321919,0,28,0.0,0.0,0.0,0.0,0.0,202,0
2022-03-23,-0.006489541220120687,-0.002755490633706555,-0.003734050586414132,1.002383605900001,0.9300444580982398,1.0739078353017386,2004767.2117999995,15646.21179999951,1989121.0,0.007804503040505839,0,28,0.0,0.0,0.0,0.0,0.0,202,0
2022-03-24,-0.007323044747334251,-0.0077595399700550755,0.0004364952227208247,0.9950431059000011,0.9228277409516983,1.0743765909414904,1990086.2117999995,15646.21179999951,1974440.0,0.007862077385003222,0,28,0.0,0.0,0.0,0.0,0.0,202,0
2022-03-25,0.0073182759187238045,-0.004473866021769736,0.01179214194049354,1.0023251059000011,0.918699133277508,1.087045792199416,2004650.2117999995,15646.21179999951,1989004.0,0.007804958544837899,0,28,0.0,0.0,0.0,0.0,0.0,202,0
2022-03-28,0.008978124908803675,0.006160373329147012,0.0028177515796566632,1.011324105900001,0.9243586629156613,1.090108817197545,2022648.2117999995,15646.21179999951,2007002.0,0.007735508186109932,0,28,0.0,0.0,0.0,0.0,0.0,202,0
2022-03-29,0.0001236003366980043,-0.005114791667301993,0.005238392003999997,1.0114491059000013,0.9196307609289818,1.0958192345090425,2022898.2117999995,15646.21179999951,2007252.0,0.007734552192854687,0,28,0.0,0.0,0.0,0.0,0.0,202,0
2022-03-30,0.0048193230599207215,0.009345831169462939,-0.004526508109542218,1.0163236059000014,0.9282254747588689,1.090858999857445,2032647.2117999995,15646.21179999951,2017001.0,0.0076974556672547685,0,28,0.0,0.0,0.0,0.0,0.0,202,0
2022-03-31,0.0185221516953058,0.004927185297209324,0.013594966398096476,1.0351481059000014,0.9327990136705958,1.1056891913055682,2070296.2117999995,15646.21179999951,2054650.0,0.007557474969437373,0,28,0.0,0.0,0.0,0.0,0.0,202,0
2022-04-01,0.01265401967635471,0.012308232415501469,0.00034578726085324196,1.0482468904000013,0.9442801207278041,1.1060715245423847,2096493.7807999994,236764.7807999993,1859729.0,0.1129336909884142,25,25,894899.0,1116667.0,649.4309999999999,0.0,0.0,202,1
2022-04-06,0.01241835308000061,0.016232785329623425,-0.003814432249622815,1.0612643904000012,0.9596084172186093,1.1018524896487807,2122528.7807999994,236764.7807999993,1885764.0,0.11154844303725324,0,25,0.0,0.0,0.0,0.0,0.0,202,0
2022-04-07,-0.00567200789402833,-0.02037660853110406,0.01470460063707573,1.0552448904000011,0.9400548521577934,1.1180547904700335,2110489.7807999994,236764.7807999993,1873725.0,0.11218475585806986,0,25,0.0,0.0,0.0,0.0,0.0,202,0
2022-04-08,0.01006543608656929,0.00353337678525007,0.006532059301319221,1.0658663904000012,0.9433764201492695,1.1253579906635078,2131732.7807999994,236764.7807999993,1894968.0,0.11106681988121697,0,25,0.0,0.0,0.0,0.0,0.0,202,0
2022-04-11,-0.010384978923902444,-0.022959108961996832,0.012574130038094388,1.0547973904000012,0.921717338126884,1.1395083883775194,2109594.7807999994,236764.7807999993,1872830.0,0.11223235047548492,0,25,0.0,0.0,0.0,0.0,0.0,202,0
2022-04-12,0.014004111248699935,0.017294142505274016,-0.0032900312565740802,1.0695688904000011,0.9376576491220321,1.135759370162629,2139137.7807999994,236764.7807999993,1902373.0,0.11068234263594443,0,25,0.0,0.0,0.0,0.0,0.0,202,0
2022-04-13,-0.001988651707329092,-0.00823432220258369,0.006245670495254598,1.0674418904000011,0.9299366739234441,1.1428529489505628,2134883.7807999994,236764.7807999993,1898119.0,0.11090288985720669,0,25,0.0,0.0,0.0,0.0,0.0,202,0
2022-04-14,-0.007446775390294369,0.0012231926884196426,-0.008669968078714011,1.0594928904000012,0.9310741656636806,1.1329444503644972,2118985.7807999994,236764.7807999993,1882221.0,0.11173495497011378,0,25,0.0,0.0,0.0,0.0,0.0,202,0
2022-04-15,-0.005412495026592357,-0.0014164097465462129,-0.003996085280046144,1.0537583904000012,0.9297553831406772,1.1284171077232856,2107516.7807999994,236764.7807999993,1870752.0,0.11234301095819743,0,25,0.0,0.0,0.0,0.0,0.0,202,0
2022-04-18,-0.0032811126644387567,-0.0041372775659830816,0.0008561649015443248,1.050300890400001,0.9259087270521573,1.1293832188452206,2100601.7807999994,236764.7807999993,1863837.0,0.11271283446681127,0,25,0.0,0.0,0.0,0.0,0.0,202,0
2022-04-19,0.007322663505570315,0.010927085479490943,-0.003604421973920628,1.0579918904000012,0.936026210858863,1.1253124451542378,2115983.7807999994,236764.7807999993,1879219.0,0.11189347619218735,0,25,0.0,0.0,0.0,0.0,0.0,202,0
2022-04-20,-0.008784566388770898,-0.012330288994637976,0.003545722605867078,1.048697890400001,0.9244847371724173,1.1293024909296847,2097395.7807999994,236764.7807999993,1860631.0,0.11288512304992399,0,25,0.0,0.0,0.0,0.0,0.0,202,0
2022-04-21,-0.021231090673318298,-0.03131023730680253,0.010079146633484234,1.026432890400001,0.895538900665032,1.140684896329324,2052865.7807999994,236764.7807999993,1816101.0,0.1153337850990591,0,25,0.0,0.0,0.0,0.0,0.0,202,0
2022-04-22,0.020839160747922136,0.016323013489303068,0.004516147258619069,1.047822890400001,0.9101567942207829,1.1458363972968297,2095645.7807999994,236764.7807999993,1858881.0,0.11297938944128996,0,25,0.0,0.0,0.0,0.0,0.0,202,0
2022-04-25,-0.03617071200413624,-0.055157096716303144,0.018986384712166904,1.009922390400001,0.8599551878949468,1.1675916879531107,2019844.7807999994,239584.7807999993,1780260.0,0.11861544168018051,0,25,0.0,0.0,0.0,2820.0,0.0,202,0
2022-04-26,-0.016386407665885505,-0.027126568204620474,0.010740160538734968,0.9933733904000009,0.8366275548375974,1.1801318101254197,1986746.7807999994,239584.7807999993,1747162.0,0.12059150321286852,0,25,0.0,0.0,0.0,0.0,0.0,202,0
2022-04-27,0.01091029828736989,0.024801045152250793,-0.013890746864880902,1.004211390400001,0.857376792600742,1.1637388978837737,2008422.7807999994,239584.7807999993,1768838.0,0.11929001358198466,0,25,0.0,0.0,0.0,0.0,0.0,202,0
2022-04-28,0.002326701352261429,-0.0023068766272980423,0.0046335779795594716,1.006547890400001,0.8553989301171036,1.1691311728149647,2013095.7807999994,239584.7807999993,1773511.0,0.11901310562818272,0,25,0.0,0.0,0.0,0.0,0.0,202,0
2022-04-29,0.008887306888542668,0.02443558671325063,-0.015548279824707963,1.015493390400001,0.8763011048484018,1.1509531941882487,2030986.7807999994,239584.7807999993,1791402.0,0.11796471698630535,0,25,0.0,0.0,0.0,0.0,0.0,202,0
2022-05-05,0.013097574170089832,0.016008025504722703,-0.0029104513346328714,1.028793890400001,0.8903289552846319,1.1476034009281235,2057587.7807999994,239584.7807999993,1818003.0,0.11643964016293276,0,25,0.0,0.0,0.0,0.0,0.0,202,0
2022-05-06,-0.013153752297983101,-0.017255853517305148,0.004102101219322047,1.015261390400001,0.8749655692500249,1.152310986238369,2030522.7807999994,239584.7807999993,1790938.0,0.11799167340816834,0,25,0.0,0.0,0.0,0.0,0.0,202,0
2022-05-09,0.004669240891877369,0.009027149576914742,-0.004357908685037373,1.020001890400001,0.8828640143182952,1.1472893201835768,2040003.7807999994,239584.7807999993,1800419.0,0.1174433023384127,0,25,0.0,0.0,0.0,0.0,0.0,202,0
2022-05-10,0.008324494375858693,0.016318131534088738,-0.007993637158230045,1.028492890400001,0.8972707054306548,1.1381183056425168,2056985.7807999994,239584.7807999993,1817401.0,0.11647371753188318,0,25,0.0,0.0,0.0,0.0,0.0,202,0
2022-05-11,-0.006027265776809676,-0.0016926048081778201,-0.004334660968631856,1.022293890400001,0.8957519807204057,1.1331849486453627,2044587.7807999994,239584.7807999993,1805003.0,0.11717999249034707,0,25,0.0,0.0,0.0,0.0,0.0,202,0
2022-05-12,0.002377007260651043,0.00775507101022562,-0.0053780637495745775,1.024723890400001,0.9026986009384428,1.1270906077514895,2049447.7807999994,239584.7807999993,1809863.0,0.11690211531346151,0,25,0.0,0.0,0.0,0.0,0.0,202,0
2022-05-13,0.011473432121710925,0.010150576778996735,0.0013228553427141899,1.0364809904000007,0.9118615123955613,1.1285815855836767,2072961.9807999993,242075.98079999932,1830886.0,0.11677781987423481,0,25,0.0,0.0,0.0,2491.2,0.0,202,0
2022-05-16,0.0008905131966230329,-0.0012188038043021397,0.0021093170009251726,1.0374039904000008,0.9107501321152569,1.1309621219090795,2074807.9807999993,242075.98079999932,1832732.0,0.11667392020858733,0,25,0.0,0.0,0.0,0.0,0.0,202,0
2022-05-17,-0.006186692994621379,-0.0037833537472547773,-0.0024033392473666016,1.0309858904000009,0.9073044421901059,1.1282440362542105,2061971.7807999994,243692.7807999993,1818279.0,0.11818434329176508,0,25,0.0,0.0,0.0,1616.8,0.0,202,0
2022-05-18,-0.001794398950777376,0.0025813887869473636,-0.00437578773772474,1.0291358904000008,0.909646547703523,1.1233070798352083,2058271.7807999994,243692.7807999993,1814579.0,0.11839679437536764,0,25,0.0,0.0,0.0,0.0,0.0,202,0
2022-05-19,0.001211210309180366,0.002577480776751611,-0.001366270467571245,1.0303823904000007,0.9119911441938673,1.1217723385460159,2060764.7807999994,243692.7807999993,1817072.0,0.11825356443902177,0,25,0.0,0.0,0.0,0.0,0.0,202,0
2022-05-20,0.007241272822125389,0.007982290676937509,-0.0007410178548121205,1.0378436704000007,0.9192709226016156,1.1209410852141188,2075687.3407999994,245135.3407999993,1830552.0,0.11809839371353523,0,25,0.0,0.0,0.0,1442.56,0.0,202,0
2022-05-23,0.001311372838527225,0.0028179606847185167,-0.0015065878461912917,1.0392046704000006,0.9218613919201119,1.1192522889988388,2078409.3407999994,245135.3407999993,1833274.0,0.1179437255154196,0,25,0.0,0.0,0.0,0.0,0.0,202,0
2022-05-24,-0.015563825356726402,-0.026139001734171906,0.010575176377445504,1.0230306704000005,0.8977648553980458,1.1310885793658612,2046061.3407999994,245135.3407999993,1800926.0,0.11980840256927618,0,25,0.0,0.0,0.0,0.0,0.0,202,0
2022-05-25,0.026915615334615284,0.029514926496933953,-0.002599311162318669,1.0505661704000004,0.9242623191166497,1.1281485281959442,2101132.3407999994,245135.3407999993,1855997.0,0.11666820601441259,0,25,0.0,0.0,0.0,0.0,0.0,202,0
2022-05-26,0.004733162117819489,0.006514493029499409,-0.0017813309116799193,1.0555386704000005,0.930283419551964,1.1261389223497027,2111077.3407999994,245135.3407999993,1865942.0,0.11611859786581978,0,25,0.0,0.0,0.0,0.0,0.0,202,0
2022-05-27,-0.00012384198103365662,0.00174346916300043,-0.0018673111440340867,1.0554079504000005,0.9319053400068036,1.1240360705902686,2110815.9007999995,246165.9007999993,1864650.0,0.11662120827624162,0,25,0.0,0.0,0.0,1030.56,0.0,202,0
2022-05-30,0.0022555259310845788,0.007933530579758685,-0.005678004648674106,1.0577884504000006,0.939298639519188,1.1176537885561797,2115576.9007999995,246165.9007999993,1869411.0,0.1163587580800832,0,25,0.0,0.0,0.0,0.0,0.0,202,0
2022-05-31,0.004274011498509367,0.00882581138092656,-0.004551799882417194,1.0623094504000006,0.9475887121419453,1.1125664521728467,2124618.9007999995,246165.9007999993,1878453.0,0.11586355590986624,0,25,0.0,0.0,0.0,0.0,0.0,202,0
2022-06-01,1.7885560551933466e-05,0.0028789108706008385,-0.002861025310048905,1.0623284504000006,0.9503167355861895,1.1093833713940688,2124656.9007999995,246165.9007999993,1878491.0,0.11586148366228456,0,25,0.0,0.0,0.0,0.0,0.0,202,0
2022-06-02,-0.0054295825343171344,-0.006463285459614361,0.001033702925297227,1.0565604504000006,0.9441745672470471,1.1105301442303548,2113120.9007999995,246165.9007999993,1866955.0,0.11649399743611649,0,25,0.0,0.0,0.0,0.0,0.0,202,0
2022-06-06,-0.0011788251202554667,0.0029501446339874004,-0.0041289697542428675,1.0553149504000006,0.9469600187801583,1.1059447988536528,2110629.9007999995,246165.9007999993,1864464.0,0.11663148556110864,0,25,0.0,0.0,0.0,0.0,0.0,202,0
2022-06-07,0.01104551773438045,0.005530788170490221,0.005514729563890229,1.0669714504000005,0.9521974540499548,1.1120437853319216,2133942.9007999995,246165.9007999993,1887777.0,0.1153573044094636,0,25,0.0,0.0,0.0,0.0,0.0,202,0
2022-06-08,0.0004948586017010648,0.010307055207060068,-0.009812196605359003,1.0674994504000004,0.9620118057768697,1.101132193076477,2134998.9007999995,246165.9007999993,1888833.0,0.11530024709041263,0,25,0.0,0.0,0.0,0.0,0.0,202,0
2022-06-09,0.0025629989776339013,-0.003751316779908625,0.006314315757542526,1.0702354504000002,0.9584029947473888,1.1080850894343572,2140470.9007999995,246165.9007999993,1894305.0,0.11500548814188269,0,25,0.0,0.0,0.0,0.0,0.0,202,0
2022-06-10,0.006927447597843139,0.01473618315304136,-0.007808735555198221,1.0776494504000003,0.9725261968124095,1.0994323459983062,2155298.9007999995,246165.9007999993,1909133.0,0.11421427473870466,0,25,0.0,0.0,0.0,0.0,0.0,202,0
2022-06-13,-0.011231852802882525,-0.017658970626626892,0.006427117823744367,1.0655454504000001,0.9553523852692739,1.106498527225273,2131090.9007999995,246165.9007999993,1884925.0,0.115511684981429,0,25,0.0,0.0,0.0,0.0,0.0,202,0
2022-06-14,0.011976964469426532,0.015214193235469544,-0.003237228766043012,1.0783074504,0.9698873010667273,1.102916538363355,2156614.9007999995,246165.9007999993,1910449.0,0.11414457940946421,0,25,0.0,0.0,0.0,0.0,0.0,202,0
2022-06-15,-0.001966044099216413,-0.001993230965426667,2.7186866210253922e-05,1.0761874504,0.9679540916652669,1.1029465232077247,2152374.9007999995,250517.9007999993,1901857.0,0.11639138734933503,0,25,0.0,0.0,0.0,4352.0,0.0,202,0
2022-06-16,-0.011865962565586141,-0.009114587688269355,-0.002751374877316786,1.0634174504,0.9591315892185648,1.099911903852747,2126834.9007999995,250517.9007999993,1876317.0,0.11778906802110879,0,25,0.0,0.0,0.0,0.0,0.0,202,0
2022-06-17,-0.0004617189607104555,-0.00061911964491389,0.0001574006842034345,1.0629264504,0.9585377720096221,1.1000850307389767,2125852.9007999995,250517.9007999993,1875335.0,0.11784347858956967,0,25,0.0,0.0,0.0,0.0,0.0,202,0
2022-06-20,-0.003990398393420191,0.005866807707970183,-0.009857206101390376,1.0586849504,0.9641613287988288,1.0892412658619282,2117369.9007999995,250517.9007999993,1866852.0,0.11831560498963685,0,25,0.0,0.0,0.0,0.0,0.0,202,0
2022-06-21,0.003435866353465933,-0.0009777272789289978,0.00441359363239493,1.0623224504000002,0.9632186419663737,1.0940487341770782,2124644.9007999995,253301.9007999993,1871343.0,0.11922081694904532,0,25,0.0,0.0,0.0,2784.0,0.0,202,0
2022-06-22,-0.009163884276694345,-0.014195097129116168,0.0050312128524218225,1.0525874504000001,0.9495456597870857,1.0995531262296458,2105174.9007999995,253301.9007999993,1851873.0,0.12032344709398758,0,25,0.0,0.0,0.0,0.0,0.0,202,0
2022-06-23,0.004925842501760425,0.007038276970605651,-0.0021124344688452264,1.0577723304000002,0.9562288251369038,1.0972303923054718,2115544.6607999993,254691.6607999993,1860853.0,0.1203905857055681,0,25,0.0,0.0,0.0,1389.76,0.0,202,0
2022-06-24,-0.003589619326272331,-0.0022499937339258854,-0.0013396255923464454,1.0539753304000001,0.9540773162721464,1.095760514391239,2107950.6607999993,254691.6607999993,1853259.0,0.1208242989441413,0,25,0.0,0.0,0.0,0.0,0.0,202,0
2022-06-27,-0.0004188902598246669,0.003878929723315809,-0.004297819983140476,1.0535338304000001,0.9577781151325757,1.091051132955752,2107067.6607999993,254691.6607999993,1852376.0,0.12087493227592865,0,25,0.0,0.0,0.0,0.0,0.0,202,0
2022-06-28,0.007347177448550513,0.011252285882793978,-0.003905108434243465,1.0612743304,0.968555308296331,1.0867904599742557,2122548.6607999993,254691.6607999993,1867857.0,0.11999332006080123,0,25,0.0,0.0,0.0,0.0,0.0,202,0
2022-06-29,-0.004200233504488726,-0.010340498822261564,0.006140265317772838,1.0568167304000002,0.9585399632715976,1.0934636417433221,2113633.4607999995,261420.4607999993,1852213.0,0.12368296852239129,0,25,0.0,0.0,0.0,6728.8,0.0,202,0
2022-06-30,0.0025624121213287943,0.0021522473331289146,0.0004101647881998797,1.0595247304000002,0.9606029783512465,1.093912142026342,2119049.4607999995,262588.4607999993,1856461.0,0.1239180423381269,0,25,0.0,0.0,0.0,1168.0,0.0,202,0
2022-07-01,0.00305749649541176,0.008498537805128591,-0.005441041309716831,1.0627642235500003,0.9687666990784837,1.087960120872376,2125528.4470999995,90513.4470999993,2035015.0,0.04258397351655907,27,27,810010.0,638430.0,495.0137,0.0,0.0,202,1
2022-07-04,0.007998951989184988,0.011864555958816022,-0.003865603969631034,1.0712652235500002,0.9802606857907378,1.0837544979103315,2142530.4470999995,90513.4470999993,2052017.0,0.04224604939571004,0,27,0.0,0.0,0.0,0.0,0.0,202,0
2022-07-05,0.0044195404610547495,0.0060226288034867115,-0.001603088342431962,1.0759997235500003,0.9861644320319068,1.0820171437086732,2151999.4470999995,90513.4470999993,2061486.0,0.04206016280439746,0,27,0.0,0.0,0.0,0.0,0.0,202,0
2022-07-06,-0.002718402185411084,-0.012614384579350825,0.009895982393939741,1.0730747235500002,0.9737245746277793,1.0927247663127553,2146149.4470999995,90513.4470999993,2055636.0,0.04217481090252418,0,27,0.0,0.0,0.0,0.0,0.0,202,0
2022-07-07,0.005482880055673656,0.009822425392601182,-0.004339545336927526,1.0789582635500001,0.983288911615003,1.0879828376485576,2157916.527099999,100939.52709999931,2056977.0,0.04677638167758549,0,27,0.0,0.0,0.0,10426.08,0.0,202,0
2022-07-08,0.006715681453849376,0.004113270116666884,0.002602411337182492,1.0862042035500004,0.9873334445111989,1.0908142165199142,2172408.4070999995,104550.40709999931,2067858.0,0.04812649719007771,0,27,0.0,0.0,0.0,3610.88,0.0,202,0
2022-07-11,0.008797148794646548,0.008106801794583082,0.0006903470000634657,1.0957597035500002,0.9953375610510142,1.0915672568419152,2191519.4070999995,104550.40709999931,2086969.0,0.047706813255351956,0,27,0.0,0.0,0.0,0.0,0.0,202,0
2022-07-12,0.014999781381584532,0.005852074060899183,0.009147707320685348,1.11219585955,1.0011623501738796,1.1015525946283484,2224391.7190999994,108257.71909999932,2116134.0,0.04866845986272641,0,27,0.0,0.0,0.0,3707.312,0.0,202,0
2022-07-13,0.019861609634959088,0.012601108276953722,0.007260501358005366,1.13428585955,1.01377810535123,1.109550418737562,2268571.7190999994,108257.71909999932,2160314.0,0.04772065092257605,0,27,0.0,0.0,0.0,0.0,0.0,202,0
2022-07-14,-0.020232113277956598,-0.01660175627253306,-0.0036303570054235373,1.1113368595500002,0.9969476083317587,1.1055223546020274,2222673.7190999994,108257.71909999932,2114416.0,0.04870607780607349,0,27,0.0,0.0,0.0,0.0,0.0,202,0
2022-07-15,-0.00829814283648822,-0.018918868134979335,0.010620725298491115,1.1021148275500001,0.9780864879922471,1.1172638038415967,2204229.655099999,123583.65509999932,2080646.0,0.0560665966969729,0,27,0.0,0.0,0.0,15325.936,0.0,202,0
2022-07-18,0.024751504396906876,0.0257184422951916,-0.0009669378982847254,1.1293938275500002,1.0032413488933822,1.1161834791272804,2258787.655099999,123583.65509999932,2135204.0,0.054712382910791196,0,27,0.0,0.0,0.0,0.0,0.0,202,0
2022-07-19,-0.0030261011851054898,-0.00035888452988690303,-0.002667216655218587,1.1259761675500002,1.0028813010935216,1.1132063759614723,2251952.3350999993,124775.33509999931,2127177.0,0.055407627042185416,0,27,0.0,0.0,0.0,1191.68,0.0,202,0
2022-07-20,-0.0009898078059902282,0.0029799568038600785,-0.003969764609850306,1.1248616675500003,1.0058698440501792,1.1087872086867208,2249723.3350999993,129219.33509999931,2120504.0,0.05743787828660077,0,27,0.0,0.0,0.0,4444.0,0.0,202,0
2022-07-21,-0.01201081020871353,-0.01092813570933192,-0.0010826744993816095,1.1113511675500003,0.9948775618884743,1.1075867530506351,2222702.3350999993,129219.33509999931,2093483.0,0.05813614043564036,0,27,0.0,0.0,0.0,0.0,0.0,202,0
2022-07-22,0.005546851598302371,0.007623610179227184,-0.0020767585809248123,1.1175156675500002,1.002462120596372,1.1052865627571187,2235031.3350999993,129219.33509999931,2105812.0,0.05781544673252548,0,27,0.0,0.0,0.0,0.0,0.0,202,0
2022-07-25,-0.001334656903083875,-0.009361362787674552,0.008026705884590677,1.1160241675500002,0.9930777090045678,1.11415837291456,2232048.3350999993,129219.33509999931,2102829.0,0.0578927136424266,0,27,0.0,0.0,0.0,0.0,0.0,202,0
2022-07-26,-0.006313035331006245,0.008010621770972044,-0.014323657101978289,1.1089786675500002,1.001032878920587,1.098199550423634,2217957.3350999993,129219.33509999931,2088738.0,0.058260514327780476,0,27,0.0,0.0,0.0,0.0,0.0,202,0
2022-07-27,-0.00302350270398577,0.0034838574935350643,-0.006507360197520834,1.1056256675500002,1.0045203348170892,1.091053170380272,2211251.3350999993,129219.33509999931,2082032.0,0.05843719935805291,0,27,0.0,0.0,0.0,0.0,0.0,202,0
2022-07-28,0.0025822482995772056,0.0018413918475755926,0.000740856452001613,1.10848066755,1.0063700503723454,1.0918614841610248,2216961.3350999993,129219.33509999931,2087742.0,0.05828668865538455,0,27,0.0,0.0,0.0,0.0,0.0,202,0
2022-07-29,-0.0041644028038871905,-0.0032038275085395423,-0.0009605752953476482,1.1038645075500002,1.0031458143211922,1.0908126689933981,2207729.0150999995,130148.0150999993,2077581.0,0.05895108240632704,0,27,0.0,0.0,0.0,928.68,0.0,202,0
2022-08-01,-0.0023997510399889066,-0.005712807255647041,0.0033130562156581346,1.1012155075500003,0.9974150356346662,1.0944265926865253,2202431.0150999995,130148.0150999993,2072283.0,0.05909289063207732,0,27,0.0,0.0,0.0,0.0,0.0,202,0
2022-08-02,-0.02897888722162867,-0.0398971051879652,0.010918217966336533,1.0693035075500004,0.9576210630418919,1.1063757807736319,2138607.0150999995,130148.0150999993,2008459.0,0.06085644261945605,0,27,0.0,0.0,0.0,0.0,0.0,202,0
2022-08-03,-0.016081963519787634,-0.012450299382215748,-0.003631664137571886,1.0521070075500003,0.9456983941123046,1.1023577955279182,2104214.0150999995,130148.0150999993,1974066.0,0.06185113023962737,0,27,0.0,0.0,0.0,0.0,0.0,202,0
2022-08-04,0.0033741814991488095,0.014743167596247019,-0.011368986097098209,1.0556570075500002,0.959640984032204,1.0898251050765335,2111314.0150999995,130148.0150999993,1981166.0,0.06164313511357761,0,27,0.0,0.0,0.0,0.0,0.0,202,0
2022-08-05,0.005948901920875604,0.00526913060663016,0.0006797713142454448,1.0619370075500003,0.9646974577125448,1.0905659369205092,2123874.0150999995,130148.0150999993,1993726.0,0.06127859476348058,0,27,0.0,0.0,0.0,0.0,0.0,202,0
2022-08-08,0.00048684620304628723,0.0066362615221257654,-0.006149415319079478,1.0624540075500004,0.9710994423316551,1.0838595940415439,2124908.0150999995,130148.0150999993,1994760.0,0.06124877602942942,0,27,0.0,0.0,0.0,0.0,0.0,202,0
2022-08-09,-0.004950331932135454,0.0007855624624373028,-0.005735894394572757,1.0571945075500004,0.9718623016008447,1.077642689871577,2114389.0150999995,130148.0150999993,1984241.0,0.0615534862177876,0,27,0.0,0.0,0.0,0.0,0.0,202,0
2022-08-10,-0.006055650076007613,-0.001865947040605282,-0.004189703035402331,1.0507925075500004,0.9700488580152968,1.0731276870227429,2101585.0150999995,130148.0150999993,1971437.0,0.061928503565108685,0,27,0.0,0.0,0.0,0.0,0.0,202,0
2022-08-11,0.01492492560359615,0.015474049509405135,-0.0005491239058089837,1.0664755075500005,0.9850594420707676,1.0725384069558133,2132951.0150999995,130148.0150999993,2002803.0,0.06101781718315624,0,27,0.0,0.0,0.0,0.0,0.0,202,0
2022-08-12,0.004935884568125548,0.006714635037213698,-0.0017787504690881502,1.0717395075500005,0.991673756714234,1.0706306287613256,2143479.0150999995,130148.0150999993,2013331.0,0.06071811955384482,0,27,0.0,0.0,0.0,0.0,0.0,202,0
2022-08-15,0.0023065306285583453,0.004771826523879996,-0.0024652958953216503,1.0742115075500005,0.9964058518495588,1.0679912074668347,2148423.0150999995,130148.0150999993,2018275.0,0.06057839363350029,0,27,0.0,0.0,0.0,0.0,0.0,202,0
2022-08-16,0.002692207241938638,0.008267988936120222,-0.005575781694181584,1.0771035075500004,1.0046441244085362,1.0620363216426942,2154207.0150999995,130148.0150999993,2024059.0,0.060415741935534346,0,27,0.0,0.0,0.0,0.0,0.0,202,0
2022-08-17,0.005151779713930882,0.009428871262005695,-0.004277091548074813,1.0826525075500002,1.0141167845217147,1.0574938950676478,2165305.0150999995,130148.0150999993,2035157.0,0.06010608860756217,0,27,0.0,0.0,0.0,0.0,0.0,202,0
2022-08-18,-0.009449015199853972,-0.009644122102865188,0.0001951069030112166,1.0724225075500002,1.0043365184252224,1.0577002194264677,2144845.0150999995,130148.0150999993,2014697.0,0.0606794496496202,0,27,0.0,0.0,0.0,0.0,0.0,202,0
2022-08-19,0.006250335061797063,0.011613293754732136,-0.005362958692935073,1.0791255075500004,1.0160001734422994,1.052027816840175,2158251.0150999995,130148.0150999993,2028103.0,0.06030253857842809,0,27,0.0,0.0,0.0,0.0,0.0,202,0
2022-08-22,-0.0006727669718865625,0.0031623648202897636,-0.003835131792176326,1.0783995075500004,1.0192131366482018,1.0479931515135574,2156799.0150999995,130148.0150999993,2026651.0,0.06034313544693687,0,27,0.0,0.0,0.0,0.0,0.0,202,0
2022-08-23,0.007065563315501455,0.010649705806811538,-0.003584142491310083,1.0860190075500005,1.0300674567079429,1.0442369947286156,2172038.0150999995,130148.0150999993,2041890.0,0.059919768528548224,0,27,0.0,0.0,0.0,0.0,0.0,202,0
2022-08-24,-0.012055958421517077,-0.01765778651986208,0.005601828098345002,1.0729260075500004,1.0118787454563367,1.0500866308670178,2145852.0150999995,130148.0150999993,2015704.0,0.06065097415113886,0,27,0.0,0.0,0.0,0.0,0.0,202,0
2022-08-25,0.016937328270657304,0.017671570351994955,-0.0007342420813376514,1.0910985075500006,1.0297602318943568,1.0493156130735852,2182197.0150999995,130148.0150999993,2052049.0,0.05964081803770374,0,27,0.0,0.0,0.0,0.0,0.0,202,0
2022-08-26,-0.0008284568201177844,-0.006815859010746516,0.005987402190628732,1.0901945795500005,1.0227415313388912,1.055598287673963,2180389.1590999993,132958.1590999993,2047431.0,0.0609790956559702,0,27,0.0,0.0,0.0,2810.144,0.0,202,0
2022-08-29,0.0005173388407717638,0.0034802085240224954,-0.0029628696832507315,1.0907585795500006,1.0263008851341286,1.0524706875097223,2181517.1590999993,132958.1590999993,2048559.0,0.06094756511328663,0,27,0.0,0.0,0.0,0.0,0.0,202,0
2022-08-30,-0.0005716205324346468,-0.008425212503715094,0.007853591971280447,1.0901350795500004,1.0176540820841227,1.0607363628511568,2180270.1590999993,132958.1590999993,2047312.0,0.06098242391891632,0,27,0.0,0.0,0.0,0.0,0.0,202,0
2022-08-31,-0.005924953816426326,-0.023956759603708015,0.01803180578728169,1.0836760795500004,0.9932743878799012,1.0798633549375964,2167352.1590999993,132958.1590999993,2034394.0,0.06134589551667997,0,27,0.0,0.0,0.0,0.0,0.0,202,0
2022-09-01,0.0020928763149794527,-0.002206534948219578,0.004299411263199031,1.0859440795500004,0.9910826932298729,1.0845061316085312,2171888.1590999993,132958.1590999993,2038930.0,0.06121777428681932,0,27,0.0,0.0,0.0,0.0,0.0,202,0
2022-09-02,0.005049062933583093,0.0056188813712056435,-0.0005698184376225508,1.0914270795500003,0.9966514693121865,1.0838881600190258,2182854.1590999993,132958.1590999993,2049896.0,0.06091023467862761,0,27,0.0,0.0,0.0,0.0,0.0,202,0
2022-09-05,0.017678230970735287,0.02423200172166306,-0.006553770750927772,1.1107215795500003,1.0208023294324575,1.076784605498616,2221443.1590999993,132958.1590999993,2088485.0,0.05985215446784885,0,27,0.0,0.0,0.0,0.0,0.0,202,0
2022-09-06,0.00867229031770722,0.011385785174054058,-0.0027134948563468375,1.1203540795500002,1.0324249654605493,1.073862756010202,2240708.1590999993,132958.1590999993,2107750.0,0.05933756190427009,0,27,0.0,0.0,0.0,0.0,0.0,202,0
2022-09-07,0.0010349406684588836,0.004462312514780662,-0.0034273718463217785,1.1215135795500004,1.037031968304496,1.0701822290334393,2243027.1590999993,132958.1590999993,2110069.0,0.059276214539171215,0,27,0.0,0.0,0.0,0.0,0.0,202,0
2022-09-08,0.011064065764570419,-0.003214144069246896,0.014278209833817314,1.1339220795500005,1.0336987981539505,1.085462515460001,2267844.1590999993,132958.1590999993,2134886.0,0.05862755541049352,0,27,0.0,0.0,0.0,0.0,0.0,202,0
2022-09-09,0.006465611819561401,0.00016249147278395997,0.006303120346777441,1.1412535795500005,1.0338667653940776,1.092304316326861,2282507.1590999993,132958.1590999993,2149549.0,0.058250927524987554,0,27,0.0,0.0,0.0,0.0,0.0,202,0
2022-09-13,-0.0016131384233869506,-0.008746900269175161,0.007133761845788211,1.1394125795500005,1.024823635905561,1.1000965551826636,2278825.1590999993,132958.1590999993,2145867.0,0.05834504616076376,0,27,0.0,0.0,0.0,0.0,0.0,202,0
2022-09-14,-0.009332879231682467,-0.009260607310839405,-7.227192084306201e-05,1.1287785795500005,1.0153331466505728,1.1000170490915078,2257557.1590999993,132958.1590999993,2124599.0,0.058894703314180785,0,27,0.0,0.0,0.0,0.0,0.0,202,0
2022-09-15,-0.006406039351741333,-0.01550504503845566,0.009099005686714328,1.1215475795500005,0.9995903604827189,1.1100261104766742,2243095.1590999993,132958.1590999993,2110137.0,0.05927441756565794,0,27,0.0,0.0,0.0,0.0,0.0,202,0
2022-09-16,-0.02923638782507687,-0.031820887365898276,0.0025844995408214055,1.0887575795500004,0.9677825082097606,1.1128949724495008,2177515.1590999993,132958.1590999993,2044557.0,0.06105957910068142,0,27,0.0,0.0,0.0,0.0,0.0,202,0
2022-09-19,-0.0018511926234607845,-0.0072683570506597356,0.005417164427198951,1.0867420795500005,0.960748319392709,1.1189237075054628,2173484.1590999993,132958.1590999993,2040526.0,0.06117282177711149,0,27,0.0,0.0,0.0,0.0,0.0,202,0
2022-09-20,-7.177416009540583e-05,0.008174572908730703,-0.008246347068826109,1.0866640795500004,0.9686020265765253,1.109696674269835,2173328.1590999993,132958.1590999993,2040370.0,0.06117721272017145,0,27,0.0,0.0,0.0,0.0,0.0,202,0
2022-09-21,0.01307947899215156,0.01799868228367576,-0.004919203291524198,1.1008770795500005,0.9860355867122006,1.1042378507371735,2201754.1590999993,132958.1590999993,2068796.0,0.06038737728754784,0,27,0.0,0.0,0.0,0.0,0.0,202,0
2022-09-22,-0.004227538284203747,-0.0034809207593059924,-0.0007466175248977544,1.0962230795500005,0.9826032749689997,1.1034134074061577,2192446.1590999993,132958.1590999993,2059488.0,0.060643751066880795,0,27,0.0,0.0,0.0,0.0,0.0,202,0
2022-09-23,-0.0069447543497489495,-0.010787520968418058,0.003842766618669108,1.0886100795500004,0.9720034215366353,1.10765356761473,2177220.1590999993,132958.1590999993,2044262.0,0.061067852299769444,0,27,0.0,0.0,0.0,0.0,0.0,202,0
2022-09-26,-0.022334443210419774,-0.026993083546681458,0.004658640336261684,1.0642965795500003,0.9457660519714366,1.1128137272034242,2128593.1590999993,132958.1590999993,1995635.0,0.06246292699550719,0,27,0.0,0.0,0.0,0.0,0.0,202,0
2022-09-27,0.00749556106191096,0.01158115158185523,-0.00408559051994427,1.0722740795500003,0.9567191119802905,1.108267225989098,2144548.1590999993,132958.1590999993,2011590.0,0.06199821558486135,0,27,0.0,0.0,0.0,0.0,0.0,202,0
2022-09-28,-0.013271793351539718,-0.012570889710935507,-0.0007009036406042113,1.0580430795500002,0.944692301539242,1.1074904374556398,2116086.1590999993,132958.1590999993,1983128.0,0.06283211036952684,0,27,0.0,0.0,0.0,0.0,0.0,202,0
2022-09-29,-0.007345164058258691,-0.009487444155106566,0.002142280096847875,1.0502715795500002,0.9357295860846293,1.1098629921772503,2100543.1590999993,132958.1590999993,1967585.0,0.0632970374943244,0,27,0.0,0.0,0.0,0.0,0.0,202,0
2022-09-30,0.0007859871828139742,-0.0030617351928809,0.003847722375694874,1.0510970795500003,0.9328646298798942,1.1141334368462064,2102194.1590999993,132958.1590999993,1969236.0,0.0632473259068144,0,27,0.0,0.0,0.0,0.0,0.0,202,0
2022-10-10,0.0013634891846654451,-0.004314986055014319,0.005678475239679764,1.0525302390500002,0.9288393320107463,1.1204600159810367,2105060.478099999,91715.47809999905,2013345.0,0.043569046616076454,27,27,590959.0,550130.0,413.681,0.0,0.0,202,1
2022-10-11,0.006022154770318977,0.013082118403992104,-0.007059963633673127,1.0588687390500002,0.9409905181303959,1.1125496090152258,2117737.478099999,91715.47809999905,2026022.0,0.04330823770578247,0,27,0.0,0.0,0.0,0.0,0.0,202,0
2022-10-12,0.0060592968357497945,0.01232555928933994,-0.006266262453590146,1.0652847390500002,0.9525887525523188,1.1055780811724973,2130569.478099999,91715.47809999905,2038854.0,0.04304740072677149,0,27,0.0,0.0,0.0,0.0,0.0,202,0
2022-10-13,-0.0044509226746535235,0.006925607425062861,-0.011376530099716384,1.0605432390500003,0.9591860082900264,1.0930004388544516,2121086.478099999,91715.47809999905,2029371.0,0.04323985799115311,0,27,0.0,0.0,0.0,0.0,0.0,202,0
2022-10-14,0.006318931424241558,0.00999192732119372,-0.003672995896952162,1.0672447390500002,0.9687701251723663,1.0889858527271723,2134489.478099999,91715.47809999905,2042774.0,0.04296834397217968,0,27,0.0,0.0,0.0,0.0,0.0,202,0
2022-10-17,0.003238713552316863,0.0024553594998935344,0.0007833540524233287,1.0707012390500004,0.9711488041024212,1.0898389142079379,2141402.478099999,91715.47809999905,2049687.0,0.04282963106560678,0,27,0.0,0.0,0.0,0.0,0.0,202,0
2022-10-18,0.0019823457026006963,-0.0017856185114871088,0.003767964214087805,1.0728237390500004,0.9694147028204074,1.0939453882357937,2145647.478099999,91715.47809999905,2053932.0,0.042744895904901575,0,27,0.0,0.0,0.0,0.0,0.0,202,0
2022-10-19,0.0025898942192128516,-0.008576970351413506,0.011166864570626357,1.0756022390500004,0.9611000616560925,1.1061613282338842,2151204.478099999,91715.47809999905,2059489.0,0.04263447711907173,0,27,0.0,0.0,0.0,0.0,0.0,202,0
2022-10-20,-0.007112294603213831,-0.009001832545413877,0.0018895379422000456,1.0679522390500005,0.9524483998416774,1.1082514620337767,2135904.478099999,91715.47809999905,2044189.0,0.042939878182934876,0,27,0.0,0.0,0.0,0.0,0.0,202,0
2022-10-21,0.0027482502425490996,0.002007517985745758,0.0007407322568033416,1.0708872390500004,0.9543604571348543,1.1090723796403545,2141774.478099999,91715.47809999905,2050059.0,0.04282219208315586,0,27,0.0,0.0,0.0,0.0,0.0,202,0
2022-10-24,-0.016222062759297606,-0.01630119578225042,7.913302295281532e-05,1.0535152390500004,0.9388032404762611,1.109160143890429,2107030.478099999,91715.47809999905,2015315.0,0.04352831107725735,0,27,0.0,0.0,0.0,0.0,0.0,202,0
2022-10-25,0.0014375681944247543,-0.0039037144613334623,0.005341282655758216,1.0550297390500005,0.9351384206900673,1.1150844817294492,2110059.478099999,91715.47809999905,2018344.0,0.043465825988272214,0,27,0.0,0.0,0.0,0.0,0.0,202,0
2022-10-26,0.0003563880581589629,0.0072832690087037445,-0.006926880950544782,1.0554057390500005,0.9419492853683273,1.1073604242747093,2110811.478099999,91715.47809999905,2019096.0,0.04345034080568613,0,27,0.0,0.0,0.0,0.0,0.0,202,0
2022-10-27,-0.002180204176330469,-0.005418003752378962,0.003237799576048493,1.0531047390500006,0.936845800605651,1.1109458353869588,2106209.478099999,91715.47809999905,2014494.0,0.043545278403520966,0,27,0.0,0.0,0.0,0.0,0.0,202,0
2022-10-28,-0.016346427246666018,-0.02991588649008747,0.013569459243421452,1.0358902390500004,0.9088192279760172,1.126020769621891,2071780.478099999,91715.47809999905,1980065.0,0.04426891703512432,0,27,0.0,0.0,0.0,0.0,0.0,202,0
2022-10-31,-0.004318025048775542,-0.0030695900465858928,-0.0012484350021896495,1.0314172390500005,0.9060295255196762,1.1246150058799025,2062834.478099999,91715.47809999905,1971119.0,0.044460900316381564,0,27,0.0,0.0,0.0,0.0,0.0,202,0
2022-11-01,0.009674552278368775,0.019990470842744044,-0.010315918564375269,1.0413957390500006,0.9241414823322426,1.113013569062971,2082791.478099999,91715.47809999905,1991076.0,0.04403488254314607,0,27,0.0,0.0,0.0,0.0,0.0,203,0
2022-11-02,0.003272531154303371,0.004894155597259448,-0.0016216244429560775,1.0448037390500005,0.9286643745406586,1.1112086790540368,2089607.478099999,91715.47809999905,1997892.0,0.04389124706970922,0,27,0.0,0.0,0.0,0.0,0.0,203,0
2022-11-03,-0.002201848934893502,-0.0010835545250179295,-0.0011182944098755726,1.0425032390500004,0.9276581160554022,1.1099660206000455,2085006.478099999,91715.47809999905,1993291.0,0.04398810222574295,0,27,0.0,0.0,0.0,0.0,0.0,203,0
2022-11-04,0.011893008611942868,0.018044814049899487,-0.006151805437956619,1.0549017390500004,0.944397534261502,1.103137725598571,2109803.478099999,91715.47809999905,2018088.0,0.04347110005837804,0,27,0.0,0.0,0.0,0.0,0.0,203,0
2022-11-07,0.0012958552909687615,0.008397787328429192,-0.007101932037460431,1.0562687390500005,0.9523283839077229,1.0953033164434114,2112537.478099999,91715.47809999905,2020822.0,0.04341484070734086,0,27,0.0,0.0,0.0,0.0,0.0,203,0
2022-11-08,-0.0017078986940600727,-0.001133220488701022,-0.0005746782053590506,1.0544647390500006,0.9512491858711072,1.0946738694991938,2108929.478099999,91715.47809999905,2017214.0,0.04348911571126997,0,27,0.0,0.0,0.0,0.0,0.0,203,0
2022-11-09,-0.00010005076138919211,0.0012977683953287454,-0.0013978191567179375,1.0543592390500005,0.9524836870006129,1.0931437133940494,2108718.478099999,91715.47809999905,2017003.0,0.04349346726578537,0,27,0.0,0.0,0.0,0.0,0.0,203,0
2022-11-10,0.005899791806827537,-0.0017225137774987977,0.007622305584326335,1.0605797390500007,0.9508430207269115,1.101475988825124,2121159.478099999,91715.47809999905,2029444.0,0.043238369885394944,0,27,0.0,0.0,0.0,0.0,0.0,203,0
2022-11-11,0.008038528067334738,0.009152856098095628,-0.0011143280307608899,1.0691052390500007,0.9595459500675034,1.1002485832555662,2138210.478099999,91715.47809999905,2046495.0,0.042893568729256655,0,27,0.0,0.0,0.0,0.0,0.0,203,0
2022-11-14,-0.00040968838613975045,-0.0006727940061897067,0.0002631056200499563,1.0686672390500007,0.9589003733036344,1.1005380648412728,2137334.478099999,91715.47809999905,2045619.0,0.042911148928608624,0,27,0.0,0.0,0.0,0.0,0.0,203,0
2022-11-15,0.00274641150467847,0.009554933309415795,-0.006808521804737325,1.0716022390500006,0.9680626024209246,1.0930450274298575,2143204.478099999,91715.47809999905,2051489.0,0.04279362003820884,0,27,0.0,0.0,0.0,0.0,0.0,203,0
2022-11-16,-0.00019363528036664412,0.003189391579120943,-0.003383026859487587,1.0713947390500007,0.9711501331331478,1.089347226743433,2142789.478099999,91715.47809999905,2051074.0,0.0428019079976642,0,27,0.0,0.0,0.0,0.0,0.0,203,0
2022-11-17,-3.546778662899541e-05,-0.003906943535511041,0.003871475748882046,1.0713567390500007,0.9673559043984926,1.0935646081138821,2142713.478099999,91715.47809999905,2050998.0,0.04280342614044954,0,27,0.0,0.0,0.0,0.0,0.0,203,0
2022-11-18,-0.0037877206089153015,-0.004977569812316872,0.0011898492034015705,1.0672987390500008,0.9625408228509922,1.0948657850917145,2134597.478099999,91715.47809999905,2042882.0,0.04296616998799924,0,27,0.0,0.0,0.0,0.0,0.0,203,0
2022-11-21,-0.0047264180265874645,-0.0016233752000897493,-0.003103042826497715,1.062254239050001,0.9609782579501019,1.091468369671308,2124508.478099999,91715.47809999905,2032793.0,0.04317021044887639,0,27,0.0,0.0,0.0,0.0,0.0,203,0
2022-11-22,0.011470417864274163,0.003188379193119425,0.008282038671154738,1.074438739050001,0.9640422210327901,1.100507952917268,2148877.478099999,91715.47809999905,2057162.0,0.04268064560902389,0,27,0.0,0.0,0.0,0.0,0.0,203,0
2022-11-23,0.008807854423014794,0.010824529429153079,-0.002016675006138285,1.083902239050001,0.9744775244253058,1.0982885860345635,2167804.478099999,91715.47809999905,2076089.0,0.04230800287873946,0,27,0.0,0.0,0.0,0.0,0.0,203,0
2022-11-24,0.000735306166263161,0.002024091255625268,-0.0012887850893621069,1.084699239050001,0.9764499558612985,1.0968731280810655,2169398.478099999,91715.47809999905,2077683.0,0.042276916401418896,0,27,0.0,0.0,0.0,0.0,0.0,203,0
2022-11-25,0.01196645072911462,0.011483807412863466,0.00048264331625115335,1.097679239050001,0.9876633191027085,1.0974025265651095,2195358.478099999,91715.47809999905,2103643.0,0.041776994060384785,0,27,0.0,0.0,0.0,0.0,0.0,203,0
2022-11-28,0.0010153239310279893,0.003600970202417809,-0.0025856462713898195,1.098793739050001,0.9912198652848184,1.0945650318140827,2197587.478099999,91715.47809999905,2105872.0,0.04173461990204588,0,27,0.0,0.0,0.0,0.0,0.0,203,0
2022-11-29,0.005824569045627559,0.010778251583592323,-0.004953682537964764,1.105193739050001,1.0019034823675128,1.0891429041293184,2210387.478099999,91715.47809999905,2118672.0,0.041492941399955664,0,27,0.0,0.0,0.0,0.0,0.0,203,0
2022-11-30,-4.6145755443594005e-05,0.004757272885827874,-0.004803418641271468,1.105142739050001,1.0066698106383962,1.083911294800615,2210285.478099999,91715.47809999905,2118570.0,0.04149485621144257,0,27,0.0,0.0,0.0,0.0,0.0,203,0
2022-12-01,-0.006161195074088965,-0.004141382320726096,-0.0020198127533628697,1.098333739050001,1.0025008060818097,1.0817219969438627,2196667.478099999,91715.47809999905,2104952.0,0.04175209903837065,0,27,0.0,0.0,0.0,0.0,0.0,203,0
2022-12-02,-0.00295538585822519,-0.0026010906483592304,-0.0003542952098659598,1.0950877390500011,0.9998932106101377,1.081338748021939,2190175.478099999,91715.47809999905,2098460.0,0.041875858357962814,0,27,0.0,0.0,0.0,0.0,0.0,203,0
2022-12-05,0.022117405881113772,0.015535105369513365,0.006582300511600407,1.119308239050001,1.0154266569952273,1.088456444616257,2238616.478099999,91715.47809999905,2146901.0,0.040969714552374574,0,27,0.0,0.0,0.0,0.0,0.0,203,0
2022-12-06,-0.005455155056468097,-0.00886272149213397,0.003407566435665872,1.1132022390500012,1.0064272133385899,1.0921654322636156,2226404.478099999,91715.47809999905,2134689.0,0.04119443659144475,0,27,0.0,0.0,0.0,0.0,0.0,203,0
2022-12-07,0.0003530355816885322,-0.004754619372681971,0.005107654954370503,1.1135952390500012,1.0016420350128559,1.097743836444709,2227190.478099999,91715.47809999905,2135475.0,0.04117989862198086,0,27,0.0,0.0,0.0,0.0,0.0,203,0
2022-12-08,0.0039570032678653,0.0008371267893989985,0.0031198764784663015,1.1180017390500014,1.0024805363937532,1.1011686616194143,2236003.478099999,91715.47809999905,2144288.0,0.04101759187688407,0,27,0.0,0.0,0.0,0.0,0.0,203,0
2022-12-09,-0.007810810748309138,-0.006524560966084637,-0.001286249782224501,1.1092692390500014,0.9959397910167389,1.0997522836682139,2218538.478099999,91715.47809999905,2126823.0,0.04134049465689053,0,27,0.0,0.0,0.0,0.0,0.0,203,0
2022-12-12,-0.014178253075393443,-0.0139485800406467,-0.00022967303474674336,1.0935417390500013,0.982047845126077,1.099499700223754,2187083.478099999,91715.47809999905,2095368.0,0.04193506055821687,0,27,0.0,0.0,0.0,0.0,0.0,203,0
2022-12-13,0.0147781281892716,0.007283861196567472,0.0074942669927041275,1.1097022390500013,0.9892009453183637,1.107739644535629,2219404.478099999,91715.47809999905,2127689.0,0.04132436381245629,0,27,0.0,0.0,0.0,0.0,0.0,203,0
2022-12-14,-0.0073943258932456235,-0.0029499705786570755,-0.0044443553145885484,1.1014967390500012,0.9862828316332947,1.1028164559592566,2202993.478099999,91715.47809999905,2111278.0,0.041632205910614076,0,27,0.0,0.0,0.0,0.0,0.0,203,0
2022-12-15,-0.009228352331543843,-0.006537879369976052,-0.002690472961567791,1.0913317390500012,0.9798346334553978,1.0998493581029263,2182663.478099999,91715.47809999905,2090948.0,0.04201998110118059,0,27,0.0,0.0,0.0,0.0,0.0,203,0
2022-12-16,0.011034683194024009,0.0011847058714718334,0.009849977322552175,1.1033742390500012,0.9809954492987238,1.1106828493384637,2206748.478099999,91715.47809999905,2115033.0,0.0415613646096023,0,27,0.0,0.0,0.0,0.0,0.0,203,0
2022-12-19,-0.015992760548037777,-0.02265886244052905,0.0066661018924912725,1.0857282390500012,0.9587672083582791,1.1180867743823963,2171456.478099999,91715.47809999905,2079741.0,0.04223684841256828,0,27,0.0,0.0,0.0,0.0,0.0,203,0
2022-12-20,-0.006321102973249615,-0.0001888988284394446,-0.00613220414481017,1.078865239050001,0.958586098355874,1.111230438030271,2157730.478099999,91715.47809999905,2066015.0,0.042505530246187,0,27,0.0,0.0,0.0,0.0,0.0,203,0
2022-12-21,0.004372186468954764,-0.00428703872009878,0.008659225189053543,1.0835822390500012,0.9544766026356739,1.120852832630106,2167164.478099999,91715.47809999905,2075449.0,0.042320497141226696,0,27,0.0,0.0,0.0,0.0,0.0,203,0
2022-12-22,-0.007570260663548489,-0.013948194911290743,0.006377934247742254,1.0753792390500012,0.9411633769438449,1.1280015582980165,2150758.478099999,91715.47809999905,2059043.0,0.0426433181753729,0,27,0.0,0.0,0.0,0.0,0.0,203,0
2022-12-23,-0.0036182584326598377,-0.0009543096436134071,-0.002663948789046431,1.0714882390500011,0.9402652156570116,1.1249966199127461,2142976.478099999,91715.47809999905,2051261.0,0.04279817302582603,0,27,0.0,0.0,0.0,0.0,0.0,203,0
2022-12-26,0.0028502412706907787,0.007730277111208943,-0.004880035840518164,1.0745422390500012,0.9475337263320709,1.11950659608711,2149084.478099999,91715.47809999905,2057369.0,0.042676534605603084,0,27,0.0,0.0,0.0,0.0,0.0,203,0
2022-12-27,0.01406971215330377,0.009457367344895246,0.004612344808408525,1.0896607390500013,0.9564949008536707,1.1246701465235516,2179321.478099999,91715.47809999905,2087606.0,0.04208441894490917,0,27,0.0,0.0,0.0,0.0,0.0,203,0
2022-12-28,-5.643958508927405e-05,0.0043427991337384505,-0.0043992387188277245,1.0895992390500011,0.9606487660805232,1.1197224540690556,2179198.478099999,91715.47809999905,2087483.0,0.04208679430611754,0,27,0.0,0.0,0.0,0.0,0.0,203,0
2022-12-29,-0.006450077926015818,-0.008856046214987291,0.002405968288971473,1.082571239050001,0.9521412162117436,1.122416470785995,2165142.478099999,91715.47809999905,2073427.0,0.042360019734351675,0,27,0.0,0.0,0.0,0.0,0.0,203,0
2022-12-30,0.01206294747998271,0.012397582965979882,-0.0003346354859971711,1.095630239050001,0.9639454659350578,1.1220408704048022,2191260.478099999,91715.47809999905,2099545.0,0.04185512357687564,0,27,0.0,0.0,0.0,0.0,0.0,203,0
2023-01-03,0.002078747344519183,0.011776519159046667,-0.009697771814527485,1.097907777500001,0.9752973881829182,1.1111595740770426,2195815.5549999992,96251.55499999913,2099564.0,0.04383408013520478,27,27,872101.0,877231.0,593.9231,0.0,0.0,203,1
2023-01-04,0.004752220639041793,0.004791744585007182,-3.9523945965388996e-05,1.1031252775000011,0.9799707641615154,1.1111156566660778,2206250.5549999992,96251.55499999913,2109999.0,0.04362675616414708,0,27,0.0,0.0,0.0,0.0,0.0,203,0
2023-01-05,-0.0006431726427372775,0.0014145031047355524,-0.00205767574747283,1.1024157775000012,0.9813569358499719,1.1088293409267187,2204831.5549999992,96251.55499999913,2108580.0,0.04365483375894408,0,27,0.0,0.0,0.0,0.0,0.0,203,0
2023-01-06,-0.0001233654332383205,-0.0027696773423330676,0.002646311909094747,1.102279777500001,0.9786388937800068,1.1117636492167666,2204559.5549999992,96251.55499999913,2108308.0,0.0436602199208899,0,27,0.0,0.0,0.0,0.0,0.0,203,0
2023-01-09,-0.0005320790710051648,-0.0019417874087772635,0.0014097083377720987,1.101693277500001,0.9767385850983251,1.1133309117026995,2203386.5549999992,96251.55499999913,2107135.0,0.043683462977289145,0,27,0.0,0.0,0.0,0.0,0.0,203,0
2023-01-10,-0.007254287707133655,-0.007672685361186356,0.00041839765405270093,1.093701277500001,0.9692443772547353,1.11379672674434,2187402.5549999992,96251.55499999913,2091151.0,0.0440026710126976,0,27,0.0,0.0,0.0,0.0,0.0,203,0
2023-01-11,-0.0007332898081944261,-0.0015465706507853455,0.0008132808425909193,1.092899277500001,0.9677453723474344,1.1147025562847417,2185798.5549999992,96251.55499999913,2089547.0,0.044034961401097264,0,27,0.0,0.0,0.0,0.0,0.0,203,0
2023-01-12,-0.0016424203373123225,-0.004605930038367317,0.002963509701054995,1.091104277500001,0.9632880048674484,1.1180059881240823,2182208.5549999992,96251.55499999913,2085957.0,0.04410740429894391,0,27,0.0,0.0,0.0,0.0,0.0,203,0
2023-01-13,0.007538234584549164,0.004266065575892606,0.0032721690086565582,1.099329277500001,0.9673974546646836,1.1216642926699143,2198658.5549999992,96251.55499999913,2102407.0,0.04377739998833023,0,27,0.0,0.0,0.0,0.0,0.0,203,0
2023-01-16,0.002231360567034546,0.006162490688113488,-0.003931130121078942,1.101782277500001,0.9733590324707594,1.1172548843832608,2203564.5549999992,96251.55499999913,2107313.0,0.043679934305350616,0,27,0.0,0.0,0.0,0.0,0.0,203,0
2023-01-17,0.0018842198158337542,-0.00198126044532158,0.003865480261155334,1.103858277500001,0.9714305547206287,1.1215736110855237,2207716.5549999992,96251.55499999913,2111465.0,0.04359778649211568,0,27,0.0,0.0,0.0,0.0,0.0,203,0
2023-01-18,0.002448230950553354,0.005691792703545756,-0.0032435617529924018,1.106560777500001,0.976959736063989,1.117935717817441,2213121.5549999992,96251.55499999913,2116870.0,0.04349130972157522,0,27,0.0,0.0,0.0,0.0,0.0,203,0
2023-01-19,0.001947927347352607,0.0022911116668463626,-0.0003431843194937555,1.108716277500001,0.9791980599133242,1.117552059808884,2217432.5549999992,96251.55499999913,2121181.0,0.04340675651350269,0,27,0.0,0.0,0.0,0.0,0.0,203,0
2023-01-20,0.005298921030768344,0.009441569727570757,-0.004142648696802413,1.1145912775000009,0.9884432266730978,1.112922434224708,2229182.5549999992,96251.55499999913,2132931.0,0.043177959913650574,0,27,0.0,0.0,0.0,0.0,0.0,203,0
2023-01-30,0.0012152436748276152,0.003191681062767084,-0.001976437387939469,1.1159457775000008,0.9915980222012907,1.1107228127158295,2231891.5549999992,96251.55499999913,2135640.0,0.04312555185952983,0,27,0.0,0.0,0.0,0.0,0.0,203,0
2023-01-31,0.0020426619697480053,0.003274761883580379,-0.0012320999138323739,1.118225277500001,0.9948452696082292,1.1093542912339907,2236450.5549999992,96251.55499999913,2140199.0,0.04303764050799646,0,27,0.0,0.0,0.0,0.0,0.0,203,0
2023-02-01,0.003511814729121099,0.005878648195817806,-0.002366833466696707,1.122152277500001,1.0006936149575294,1.1067286343710745,2244304.5549999992,96251.55499999913,2148053.0,0.042887029207138584,0,27,0.0,0.0,0.0,0.0,0.0,203,0
2023-02-02,-0.0037423619629912697,-0.002538715416086106,-0.0012036465469051636,1.1179527775000009,0.9981531386504578,1.1053965242719526,2235905.5549999992,96251.55499999913,2139654.0,0.04304813089477707,0,27,0.0,0.0,0.0,0.0,0.0,203,0
2023-02-03,-0.004467093870608507,-0.00435920757359799,-0.00010788629701051749,1.112958777500001,0.9938019819288422,1.1052772671342206,2225917.5549999992,96251.55499999913,2129666.0,0.043241293813327766,0,27,0.0,0.0,0.0,0.0,0.0,203,0
2023-02-06,-0.00045015144327753553,0.0014991978609077638,-0.0019493493041852993,1.1124577775000009,0.9952918877343159,1.1031226956626006,2224915.5549999992,96251.55499999913,2128664.0,0.043260767710349875,0,27,0.0,0.0,0.0,0.0,0.0,203,0
2023-02-07,0.004996594129164533,0.007512276797985165,-0.0025156826688206317,1.1180162775000009,1.0027687958897653,1.1003475890155394,2236032.5549999992,96251.55499999913,2139781.0,0.043045685888951274,0,27,0.0,0.0,0.0,0.0,0.0,203,0
2023-02-08,-0.005633638907372673,-0.006198539708225806,0.0005649008008531331,1.111717777500001,0.9965530936902728,1.100969176249791,2223435.5549999992,96251.55499999913,2127184.0,0.04328956365906417,0,27,0.0,0.0,0.0,0.0,0.0,203,0
2023-02-09,0.003543165432559725,0.004894885970714352,-0.0013517205381546266,1.115656777500001,1.0014311074476492,1.0994809736023792,2231313.5549999992,96251.55499999913,2135062.0,0.043136723112856795,0,27,0.0,0.0,0.0,0.0,0.0,203,0
2023-02-10,0.00237752331496055,0.006494399987137982,-0.004116876672177432,1.118309277500001,1.0079348016189769,1.0949545460306527,2236618.5549999992,96251.55499999913,2140367.0,0.043034407804954995,0,27,0.0,0.0,0.0,0.0,0.0,203,0
2023-02-13,0.0016855802217916604,0.0019222303107922247,-0.00023665008900056422,1.1201942775000011,1.0098722844459511,1.094695424939883,2240388.5549999992,96251.55499999913,2144137.0,0.04296199192108405,0,27,0.0,0.0,0.0,0.0,0.0,203,0
2023-02-14,-0.00012899548132172534,0.00518520712314865,-0.005314202604470375,1.1200497775000011,1.0151086814087307,1.0888779916615656,2240099.5549999992,96251.55499999913,2143848.0,0.0429675345388831,0,27,0.0,0.0,0.0,0.0,0.0,203,0
2023-02-15,-0.004904246320427519,-0.005846101952166742,0.0009418556317392236,1.1145567775000012,1.0091742525646856,1.0899035575302891,2229113.5549999992,96251.55499999913,2132862.0,0.04317929644459013,0,27,0.0,0.0,0.0,0.0,0.0,203,0
2023-02-16,-0.010653113631979183,-0.015366513314141683,0.0047133996821625,1.102683277500001,0.9936667629763615,1.09504070861194,2205366.5549999992,96251.55499999913,2109115.0,0.04364424353030019,0,27,0.0,0.0,0.0,0.0,0.0,203,0
2023-02-17,-0.001144934384841978,-0.0016700310351245864,0.0005250966502826084,1.1014207775000011,0.9920073086436191,1.0956157108199551,2202841.5549999992,96251.55499999913,2106590.0,0.04369427060313431,0,27,0.0,0.0,0.0,0.0,0.0,203,0
2023-02-20,0.011677190282530336,0.01086250211419599,0.0008146881683343456,1.1142822775000012,1.002782990131058,1.0965082959766015,2228564.5549999992,96251.55499999913,2132313.0,0.04318993353100295,0,27,0.0,0.0,0.0,0.0,0.0,203,0
2023-02-21,0.0049125792544071345,0.005325279742817042,-0.00041270048840990736,1.1197562775000012,1.0081230900748444,1.0960557664673065,2239512.5549999992,96251.55499999913,2143261.0,0.04297879678553495,0,27,0.0,0.0,0.0,0.0,0.0,203,0
2023-02-22,-0.002232628698078498,-0.0027624302642176913,0.0005298015661391931,1.1172562775000012,1.0053382203407648,1.0966364585289567,2234512.5549999992,96251.55499999913,2138261.0,0.04307496719345986,0,27,0.0,0.0,0.0,0.0,0.0,203,0
2023-02-23,0.0012221904924585303,0.000537547428424517,0.0006846430640340133,1.1186217775000014,1.005878637315806,1.0973872630740553,2237243.5549999992,96251.55499999913,2140992.0,0.043022385642764394,0,27,0.0,0.0,0.0,0.0,0.0,203,0
2023-02-24,-0.0024333515176894194,-0.002498830488225049,6.547897053562962e-05,1.1158997775000012,1.0033651171094269,1.0974591188623204,2231799.5549999992,96251.55499999913,2135548.0,0.043127329595689955,0,27,0.0,0.0,0.0,0.0,0.0,203,0
2023-02-27,-0.0011497448300190616,-0.005668494929097377,0.004518750099078315,1.114616777500001,0.9976775470310589,1.1024182623644139,2229233.5549999992,96251.55499999913,2132982.0,0.04317697209613336,0,27,0.0,0.0,0.0,0.0,0.0,203,0
2023-02-28,0.007082254779715136,0.009690804987819683,-0.002608550208104547,1.1225107775000012,1.0073458455800632,1.099542548976705,2245021.5549999992,96251.55499999913,2148770.0,0.04287333223399682,0,27,0.0,0.0,0.0,0.0,0.0,203,0
2023-03-01,0.005900611497692276,0.00618117238842218,-0.0002805608907299039,1.129134277500001,1.0135724239063546,1.0992340603397686,2258268.5549999992,96251.55499999913,2162017.0,0.04262183733059117,0,27,0.0,0.0,0.0,0.0,0.0,203,0
2023-03-02,0.008926750521042415,0.0024069315269740587,0.0065198189940683555,1.139213777500001,1.0160120233283263,1.1064008674452985,2278427.5549999992,96251.55499999913,2182176.0,0.04224472917243979,0,27,0.0,0.0,0.0,0.0,0.0,203,0
2023-03-03,0.010436583751727069,0.007591147001489387,0.0028454367502376817,1.1511032775000012,1.0237247199526922,1.1095490611340224,2302206.5549999992,96251.55499999913,2205955.0,0.041808392383801185,0,27,0.0,0.0,0.0,0.0,0.0,203,0
2023-03-06,0.000364867347882214,-0.0003678596673754682,0.0007327270152576821,1.151523277500001,1.0233481329177263,1.110362057705869,2303046.5549999992,96251.55499999913,2206795.0,0.041793143430398076,0,27,0.0,0.0,0.0,0.0,0.0,203,0
2023-03-07,-0.0021336954693040866,-0.008048657247913139,0.005914961778609052,1.1490662775000011,1.0151115545505796,1.1169298068376168,2298132.5549999992,96251.55499999913,2201881.0,0.04188250794784949,0,27,0.0,0.0,0.0,0.0,0.0,203,0
2023-03-08,0.0056028099736831205,0.0008832798572623816,0.004719530116420739,1.155504277500001,1.0160081821395885,1.1222011906989149,2311008.5549999992,96251.55499999913,2214757.0,0.0416491556432162,0,27,0.0,0.0,0.0,0.0,0.0,203,0
2023-03-09,0.0007602741219623343,-0.0018607320373677546,0.002621006159330089,1.156382777500001,1.0141176631648536,1.1251424869317443,2312765.5549999992,96251.55499999913,2216514.0,0.04161751492359941,0,27,0.0,0.0,0.0,0.0,0.0,203,0
2023-03-10,-0.011848585318454341,-0.014379861311477926,0.0025312759930235847,1.142681277500001,0.9995347918150229,1.1279905330976456,2285362.5549999992,96251.55499999913,2189111.0,0.042116536297234976,0,27,0.0,0.0,0.0,0.0,0.0,203,0
2023-03-13,0.00816106834304886,0.001380163422290064,0.006780904920758796,1.152006777500001,1.0009143131739924,1.1356393296540968,2304013.5549999992,96251.55499999913,2207762.0,0.04177560274813538,0,27,0.0,0.0,0.0,0.0,0.0,203,0
2023-03-14,-0.0038858278331613816,-0.007770763137306729,0.0038849353041453477,1.147530277500001,0.9931364451255772,1.1400512149786457,2295060.5549999992,96251.55499999913,2198809.0,0.041938568806085014,0,27,0.0,0.0,0.0,0.0,0.0,203,0
2023-03-15,0.016678427031743492,0.016761436094657394,-8.300906291390173e-05,1.166669277500001,1.0097828381838247,1.1399565803956164,2333338.5549999992,96251.55499999913,2237087.0,0.04125057411567914,0,27,0.0,0.0,0.0,0.0,0.0,203,0
2023-03-16,-0.003211707098372596,-0.007294409678563667,0.004082702580191071,1.162922277500001,1.0024170684757292,1.1446106840677033,2325844.5549999992,96251.55499999913,2229593.0,0.04138348575061981,0,27,0.0,0.0,0.0,0.0,0.0,203,0
2023-03-17,0.005466401429393919,0.00375797927344095,0.001708422155952969,1.169279277500001,1.0061841310424045,1.146566162320305,2338558.5549999992,96251.55499999913,2242307.0,0.04115849688441912,0,27,0.0,0.0,0.0,0.0,0.0,203,0
2023-03-20,-0.004432217434897634,-0.008189383839140718,0.0037571664042430845,1.1640967775000008,0.997944102980446,1.1508740021856168,2328193.5549999992,96251.55499999913,2231942.0,0.04134173243169173,0,27,0.0,0.0,0.0,0.0,0.0,203,0
2023-03-21,-0.005959556055896709,0.0023431087527267937,-0.008302664808623503,1.1571592775000008,1.0002823945428716,1.1413186811085105,2314318.5549999992,96251.55499999913,2218067.0,0.04158958791219611,0,27,0.0,0.0,0.0,0.0,0.0,203,0
2023-03-22,0.004734871081738312,0.002921596568604576,0.0018132745131337362,1.1626382775000008,1.0032048161544036,1.143388205184328,2325276.5549999992,96251.55499999913,2229025.0,0.041393594578258315,0,27,0.0,0.0,0.0,0.0,0.0,203,0
2023-03-23,-0.001601529930705392,-0.0021887995405882456,0.0005872696098828535,1.1607762775000008,1.001009001913689,1.1440596823295313,2321552.5549999992,96251.55499999913,2225301.0,0.0414599939995755,0,27,0.0,0.0,0.0,0.0,0.0,203,0
2023-03-24,-0.010206962555710963,-0.005778783308324653,-0.00442817924738631,1.1489282775000007,0.9952243878019474,1.1389935809864682,2297856.5549999992,96251.55499999913,2201605.0,0.04188753853697328,0,27,0.0,0.0,0.0,0.0,0.0,203,0
2023-03-27,-0.011060742649360078,-0.010145925954660268,-0.0009148166946998104,1.1362202775000005,0.9851269148550368,1.1379516106434258,2272440.5549999992,96251.55499999913,2176189.0,0.04235602765855372,0,27,0.0,0.0,0.0,0.0,0.0,203,0
2023-03-28,-0.0006926473814845568,0.0015442544238664434,-0.002236901805351,1.1354332775000004,0.9866482014513716,1.1354061246311755,2270866.5549999992,96251.55499999913,2174615.0,0.042385385785030934,0,27,0.0,0.0,0.0,0.0,0.0,204,0
2023-03-29,-0.004902093421337073,-0.006495643933383083,0.0015935505120460106,1.1298672775000005,0.9802392860472307,1.1372154516424615,2259734.5549999992,96251.55499999913,2163483.0,0.042594186466294565,0,27,0.0,0.0,0.0,0.0,0.0,204,0
2023-03-30,0.0028405991251481133,0.00036205152125200446,0.0024785476038961087,1.1330767775000006,0.9805941831719349,1.1400340942752436,2266153.5549999992,96251.55499999913,2169902.0,0.042473536176589395,0,27,0.0,0.0,0.0,0.0,0.0,204,0
2023-03-31,0.004429973413694777,0.0031344373312451666,0.00129553608244961,1.1380962775000005,0.9836677941864709,1.1415110495796,2276192.5549999992,96251.55499999913,2179941.0,0.04228620939321154,0,27,0.0,0.0,0.0,0.0,0.0,204,0
2023-04-03,0.0019107982716339844,0.003198714859113502,-0.0012879165874795178,1.1402709499000006,0.9868142669761666,1.1400408785640552,2280541.8997999993,5147.899799999213,2275394.0,0.002257314281509442,28,28,670336.0,579688.0,455.6552,0.0,0.0,204,1
2023-04-04,0.010528637953157505,0.0008696680437563139,0.009658969909401191,1.1522764499000007,0.9876724678092785,1.1510524991055928,2304552.8997999993,4183.899799999213,2300369.0,0.0018154930617397904,28,28,5830.0,4946.0,80.0,0.0,0.0,204,1
2023-04-06,-0.004528861108332838,-0.00651912315281048,0.0019902620444776425,1.1470579499000007,0.9812337093569896,1.1533433952057637,2294115.8997999993,4904.899799999213,2289211.0,0.0021380348745356857,28,28,11359.0,12190.0,110.0,0.0,0.0,204,1
2023-04-07,-0.0010160776969477814,0.005322556226997826,-0.006338633923945607,1.1458924499000007,0.9864563809468678,1.1460327736349538,2291784.8997999993,5010.899799999213,2286774.0,0.002186461652852546,28,28,4803.0,4984.0,75.0,0.0,0.0,204,1
2023-04-10,-0.002104036901727002,0.0004502619107122232,-0.0025542988124392253,1.1434814499000008,0.9869005446817873,1.1431054634822417,2286962.8997999993,6414.899799999213,2280548.0,0.002804986386338061,28,28,6394.0,7898.0,100.0,0.0,0.0,204,1
2023-04-11,6.296560386376271e-05,-0.0036456655006559474,0.00370863110451971,1.1435534499000009,0.9833026354134624,1.1473448199598586,2287106.8997999993,6498.899799999213,2280608.0,0.0028415374028068047,28,28,4219.0,4378.0,75.0,0.0,0.0,205,1
2023-04-12,0.012538548155535567,0.005579541558988452,0.006959006596547115,1.1578919499000009,0.9887890133328148,1.1553292001304734,2315783.8997999993,6192.899799999213,2309591.0,0.0026742131683936735,28,28,8368.0,8157.0,95.0,0.0,0.0,205,1
2023-04-13,0.006332628878396918,0.004414084295317858,0.0019185445830790593,1.1652244499000008,0.9931536113879499,1.157545750709057,2330448.8997999993,7353.899799999213,2323095.0,0.0031555722164216217,28,28,8768.0,10014.0,85.0,0.0,0.0,205,1
2023-04-14,0.0013224919886740683,0.007128775619550982,-0.005806283630876914,1.1667654499000006,1.0002335806392815,1.150824711764724,2333530.8997999993,9737.899799999213,2323793.0,0.0041730322923231155,28,28,4464.0,6928.0,80.0,0.0,0.0,205,1
2023-04-17,0.01355670927807795,0.010464050249439298,0.0030926590286386516,1.1825829499000007,1.0107000750882675,1.1543838201999435,2365165.8997999993,8255.899799999213,2356910.0,0.003490621863226313,28,28,7248.0,5846.0,80.0,0.0,0.0,205,1
2023-04-18,-0.00042703135542643267,-0.0007436979120589688,0.00031666655663253613,1.1820779499000007,1.0099484195527066,1.1547493749493185,2364155.8997999993,26092.899799999213,2338063.0,0.011036877814278914,28,28,6160.0,24102.0,105.0,0.0,0.0,205,1
2023-04-19,0.0018302515499786232,-0.002169562629507439,0.003999814179486062,1.1842414499000007,1.007757273203915,1.1593681578729935,2368482.8997999993,26092.899799999213,2342390.0,0.011016714455570932,0,28,0.0,0.0,0.0,0.0,0.0,205,0
2023-04-20,0.0006865154061856948,-0.0029470923219897765,0.0036336077281754714,1.1850544499000006,1.0047873194816264,1.1635808469712414,2370108.8997999993,26092.899799999213,2344016.0,0.011009156500024557,0,28,0.0,0.0,0.0,0.0,0.0,205,0
2023-04-21,-0.008789469547900497,-0.01502609514259909,0.006236625594698593,1.1746384499000007,0.9896892896210183,1.1708376650629633,2349276.8997999993,26092.899799999213,2323184.0,0.011106779197556736,0,28,0.0,0.0,0.0,0.0,0.0,205,0
2023-04-24,0.0009645521139687308,-0.0009385127985291995,0.0019030649124979304,1.1757714499000007,0.9887604535561417,1.1730658451415756,2351542.8997999993,26092.899799999213,2325450.0,0.011096076453556699,0,28,0.0,0.0,0.0,0.0,0.0,205,0
2023-04-25,0.003978664391279363,-0.001954281755339904,0.005932946146619267,1.1804494499000007,0.9868281370413553,1.1800255816272391,2360898.8997999993,28372.899799999213,2332526.0,0.012017837698345656,0,28,0.0,0.0,0.0,2280.0,0.0,205,0
2023-04-26,0.00334830093769356,0.00812993454332459,-0.00478163360563103,1.1844019499000007,0.9948509852010124,1.1743831316506261,2368803.8997999993,28372.899799999213,2340431.0,0.011977732644899297,0,28,0.0,0.0,0.0,0.0,0.0,205,0
2023-04-27,0.005899601905071217,0.003999608255432053,0.0018999936496391636,1.1913894499000008,0.9988299994143471,1.1766144521430055,2382778.8997999993,28372.899799999213,2354406.0,0.01190748323412664,0,28,0.0,0.0,0.0,0.0,0.0,205,0
2023-04-28,0.015557465278507987,0.014047574195534296,0.0015098910829736915,1.2099244499000008,1.0128611379398458,1.1783910118123941,2419848.8997999993,28372.899799999213,2391476.0,0.011725070851466898,0,28,0.0,0.0,0.0,0.0,0.0,205,0
2023-05-04,0.043072937326216865,0.024221183725897513,0.018851753600319352,1.262039449900001,1.0373938336507083,1.2006057488119124,2524078.8997999993,28372.899799999213,2495706.0,0.011240892589469925,0,28,0.0,0.0,0.0,0.0,0.0,205,0
2023-05-05,0.004432508033281657,0.0015734954260407375,0.002859012607240919,1.267633449900001,1.0390261681029604,1.2040382957840916,2535266.8997999993,28372.899799999213,2506894.0,0.011191287119410379,0,28,0.0,0.0,0.0,0.0,0.0,205,0
2023-05-08,0.03302216425679072,0.01787916347521902,0.0151430007815717,1.3094934499000013,1.0576030868175037,1.2222710486381922,2618986.8997999993,28372.899799999213,2590614.0,0.010833540176228422,0,28,0.0,0.0,0.0,0.0,0.0,205,0
2023-05-09,-0.014819470843082105,-0.008594043999410009,-0.006225426843672097,1.2900874499000012,1.0485139993554822,1.2146618896417567,2580174.8997999993,28372.899799999213,2551802.0,0.010996502524770132,0,28,0.0,0.0,0.0,0.0,0.0,205,0
2023-05-10,-0.020724176490572344,-0.008395897720307115,-0.012328278770265228,1.2633514499000011,1.0397107830585834,1.199687199254636,2526702.8997999993,28372.899799999213,2498330.0,0.011229218837816296,0,28,0.0,0.0,0.0,0.0,0.0,205,0
2023-05-11,-0.00014247816790347034,0.007308495954521482,-0.007450974122424952,1.2631714499000013,1.0473095051104395,1.1907483609779854,2526342.8997999993,28372.899799999213,2497970.0,0.01123081898432924,0,28,0.0,0.0,0.0,0.0,0.0,205,0
2023-05-12,0.0013889642614539621,0.0024690027578358194,-0.0010800384963818572,1.2649259499000014,1.0498953151668649,1.1894623069086256,2529851.8997999993,28372.899799999213,2501479.0,0.011215241414820476,0,28,0.0,0.0,0.0,0.0,0.0,205,0
2023-05-15,0.0024712909085682355,0.0058495552504091285,-0.003378264341840893,1.2680519499000014,1.0560367358200793,1.1854439888112325,2536103.8997999993,28372.899799999213,2507731.0,0.011187593616427441,0,28,0.0,0.0,0.0,0.0,0.0,205,0
2023-05-16,-0.0049319745933856796,-0.005214765479239184,0.00028279088585350404,1.2617979499000014,1.0505297519053163,1.1857792215669583,2523595.8997999993,28372.899799999213,2495223.0,0.011243044023905661,0,28,0.0,0.0,0.0,0.0,0.0,205,0
2023-05-17,-0.006335800435112171,0.0033539903479820003,-0.009689790783094171,1.2538034499000013,1.0540532185534746,1.1742892689950342,2507606.8997999993,28372.899799999213,2479234.0,0.011314731907246772,0,28,0.0,0.0,0.0,0.0,0.0,205,0
2023-05-18,0.002749633525314543,-0.0006850038357494624,0.0034346373610640055,1.2572509499000013,1.0533311880556815,1.1783225267910211,2514501.8997999993,28372.899799999213,2486129.0,0.011283705851348119,0,28,0.0,0.0,0.0,0.0,0.0,205,0
2023-05-19,-0.013986070164750064,-0.010634102287677583,-0.0033519678770724814,1.2396669499000013,1.0421299564590965,1.1743728275323868,2479333.8997999993,28372.899799999213,2450961.0,0.01144375906863048,0,28,0.0,0.0,0.0,0.0,0.0,205,0
2023-05-22,0.0008941917827924861,0.012748691249516282,-0.011854499466723796,1.2407754499000012,1.0554157495158654,1.1604512254746693,2481550.8997999993,28372.899799999213,2453178.0,0.011433535295321135,0,28,0.0,0.0,0.0,0.0,0.0,205,0
2023-05-23,-0.016993808188016102,-0.015367237823561187,-0.001626570364454915,1.2196899499000011,1.039196924690323,1.1585636699019168,2439379.8997999993,28372.899799999213,2411007.0,0.011631193567810187,0,28,0.0,0.0,0.0,0.0,0.0,205,0
2023-05-24,-0.01717649637247376,-0.006023359004743156,-0.011153137367730603,1.198739949900001,1.0329374685362882,1.1456420501422386,2397479.8997999993,28372.899799999213,2369107.0,0.01183446826910462,0,28,0.0,0.0,0.0,0.0,0.0,205,0
2023-05-25,0.0046544707219156045,0.012438802110705182,-0.007784331388789577,1.2043194499000012,1.0457859733001438,1.1367239927709991,2408638.8997999993,28372.899799999213,2380266.0,0.011779640278314508,0,28,0.0,0.0,0.0,0.0,0.0,205,0
2023-05-26,0.008951113428330881,0.0038851187268684312,0.00506599470146245,1.2150994499000012,1.0498489759693086,1.142482630495402,2430198.8997999993,28372.899799999213,2401826.0,0.011675134822229673,0,28,0.0,0.0,0.0,0.0,0.0,205,0
2023-05-29,0.018669253781546047,0.01257562556775133,0.0060936282137947165,1.2377844499000012,1.0630514835937859,1.1494444948863591,2475568.8997999993,28372.899799999213,2447196.0,0.011461163453092118,0,28,0.0,0.0,0.0,0.0,0.0,205,0
2023-05-30,0.0025553722219209263,0.003000167849977587,-0.00044479562805666093,1.2409474499000013,1.0662408164777348,1.1489332270003398,2481894.8997999993,28372.899799999213,2453522.0,0.011431950564178044,0,28,0.0,0.0,0.0,0.0,0.0,205,0
2023-05-31,-0.00921537813782658,-0.013048173575434995,0.0038327954376084147,1.2295116499000012,1.0523283212311199,1.1533368530309036,2459023.299799999,29291.299799999215,2429732.0,0.011911761796800207,0,28,0.0,0.0,0.0,918.4,0.0,205,0
2023-06-01,-0.0076343318916607394,-0.0095327281472467,0.0018983962555859605,1.2201251499000012,1.042296761423175,1.1555263433941267,2440250.299799999,29291.299799999215,2410959.0,0.012003399734199359,0,28,0.0,0.0,0.0,0.0,0.0,205,0
2023-06-02,-0.003084929443761153,0.0023432110647064863,-0.005428140508467639,1.216361149900001,1.0447390827272496,1.1492539840409477,2432722.299799999,29291.299799999215,2403431.0,0.012040543962789066,0,28,0.0,0.0,0.0,0.0,0.0,205,0
2023-06-05,0.006677293171249099,0.005122217150435131,0.0015550760208139685,1.224483149900001,1.050090463174525,1.1510411613533549,2448966.299799999,29291.299799999215,2419675.0,0.011960679002561758,0,28,0.0,0.0,0.0,0.0,0.0,205,0
2023-06-06,-0.010667357897956142,-0.01951168619005199,0.008844328292095846,1.2114211499000012,1.0296014275858973,1.1612213472620792,2422842.299799999,29291.299799999215,2393551.0,0.012089643557245617,0,28,0.0,0.0,0.0,0.0,0.0,205,0
2023-06-07,0.01634897987511197,0.005356899935745009,0.01099207993936696,1.2312266499000013,1.035116899407175,1.1739855851384835,2462453.299799999,29291.299799999215,2433162.0,0.011895169667736748,0,28,0.0,0.0,0.0,0.0,0.0,205,0
2023-06-08,0.01138539358382018,0.006102115351980332,0.005283278231839848,1.2452446499000012,1.0414333021301418,1.1801880776249396,2490489.299799999,29291.299799999215,2461198.0,0.011761263058769808,0,28,0.0,0.0,0.0,0.0,0.0,205,0
2023-06-09,-0.006200789540127816,0.0020058842014143916,-0.008206673741542207,1.237523149900001,1.0435222967377116,1.170502659118214,2475046.299799999,29291.299799999215,2445755.0,0.011834647215434375,0,28,0.0,0.0,0.0,0.0,0.0,205,0
2023-06-12,-0.010050721072171531,-0.008993244446990886,-0.001057476625180645,1.225085149900001,1.034137645637264,1.1692648799164846,2450170.299799999,29291.299799999215,2420879.0,0.011954801591705762,0,28,0.0,0.0,0.0,0.0,0.0,205,0
2023-06-13,-0.0018072213186003383,-0.002240917224995999,0.0004336959063956608,1.2228711499000011,1.0318202287741387,1.1697719853083968,2445742.299799999,29291.299799999215,2416451.0,0.0119764456796591,0,28,0.0,0.0,0.0,0.0,0.0,205,0
2023-06-14,-0.011140585008579285,-0.009420157070755051,-0.0017204279378242333,1.209247649900001,1.0221003201503038,1.167759476903988,2418495.299799999,29291.299799999215,2389204.0,0.012111373465320152,0,28,0.0,0.0,0.0,0.0,0.0,205,0
2023-06-15,-0.0018503240425441492,0.0037177312388344715,-0.005568055281378621,1.2070101499000012,1.0259002144397493,1.161257327581233,2414020.299799999,33355.299799999215,2380665.0,0.013817323658281868,0,28,0.0,0.0,0.0,4064.0,0.0,205,0
2023-06-16,-0.0009076974208467314,0.0006951113424771011,-0.0016028087633238326,1.2059145499000012,1.0266133293150561,1.1593960541601118,2411829.099799999,35976.09979999922,2375853.0,0.014916521159389998,0,28,0.0,0.0,0.0,2620.8,0.0,205,0
2023-06-19,-0.006688218498291376,-0.0021876834503471183,-0.004500535047944258,1.1978491299000014,1.0243674243246077,1.154178151583916,2395698.259799999,37350.25979999922,2358348.0,0.015590552627907884,0,28,0.0,0.0,0.0,1374.16,0.0,205,0
2023-06-20,-0.009268997007099489,-0.009236138897885996,-3.285810921349261e-05,1.1867462699000015,1.0149062245110758,1.1541402274721595,2373492.5397999994,38477.53979999922,2335015.0,0.01621135906466405,0,28,0.0,0.0,0.0,1127.28,0.0,205,0
2023-06-21,-0.00011839093457766126,0.0012724832415617236,-0.0013908741761393848,1.1866057699000014,1.016197675673523,1.1525349636341249,2373211.5397999994,38477.53979999922,2334734.0,0.016213278569866506,0,28,0.0,0.0,0.0,0.0,0.0,205,0
2023-06-26,-0.0034240521182890005,0.01188121407149136,-0.015305266189780361,1.1825427699000013,1.0282713377971522,1.1348951092226758,2365085.5397999994,38477.53979999922,2326608.0,0.016268984420433702,0,28,0.0,0.0,0.0,0.0,0.0,205,0
2023-06-27,0.01739514250443519,0.01092553825253907,0.006469604251896121,1.2031132699000013,1.0395057556322445,1.142237431446759,2406226.5397999994,38477.53979999922,2367749.0,0.015990821796520203,0,28,0.0,0.0,0.0,0.0,0.0,205,0
2023-06-28,0.010541185370729123,0.012786083335944365,-0.002244897965215242,1.2157955099000013,1.052796962851952,1.1396732249611115,2431591.0197999994,46102.01979999922,2385489.0,0.01895961098087587,0,28,0.0,0.0,0.0,7624.48,0.0,205,0
2023-06-29,-0.004853941268861517,-0.007820198825548921,0.0029662575566874044,1.2098941099000011,1.0445638812795157,1.1430537892768067,2419788.219799999,50987.21979999922,2368801.0,0.021070943061378085,0,28,0.0,0.0,0.0,4885.2,0.0,205,0
2023-06-30,0.0024200464950125955,0.0009129887357572705,0.0015070577592553249,1.212822109900001,1.0455175563369028,1.1447764373591824,2425644.219799999,50987.21979999922,2374657.0,0.021020073506164583,0,28,0.0,0.0,0.0,0.0,0.0,205,0
2023-07-03,0.00953116525139297,0.009963318899655158,-0.0004321536482621881,1.224381717850001,1.0559343811658755,1.144281718045333,2448763.4356999993,18060.435699999303,2430703.0,0.007375328885060952,28,28,1248700.0,1216557.0,783.7841,0.0,0.0,205,1
2023-07-04,-0.007362083138441888,-0.008075143250953775,0.0007130601125118867,1.2153677178500009,1.0474075597743537,1.1450976596959477,2430735.4356999993,18060.435699999303,2412675.0,0.007430029379070737,0,28,0.0,0.0,0.0,0.0,0.0,205,0
2023-07-05,-0.00269178122139635,5.1424377991775224e-05,-0.002743205599388125,1.2120962138500009,1.0474614220566192,1.1419564213840234,2424192.4276999994,18827.4276999993,2405365.0,0.007766474098701066,0,28,0.0,0.0,0.0,766.992,0.0,205,0
2023-07-06,-0.0020204666692433815,-0.0014749318697882211,-0.0005455347994551604,1.209647213850001,1.0459164878228542,1.1413334444166972,2419294.4276999994,21419.4276999993,2397875.0,0.008853584522311553,0,28,0.0,0.0,0.0,2592.0,0.0,205,0
2023-07-07,0.006952026924639254,0.008775636030270107,-0.0018236091056308534,1.218056713850001,1.0550950702380462,1.139252098354898,2436113.4276999994,21419.4276999993,2414694.0,0.008792459109846114,0,28,0.0,0.0,0.0,0.0,0.0,205,0
2023-07-10,0.006212354411710752,0.007909638901236946,-0.0016972844895261942,1.2256237138500008,1.0634404912501043,1.1373184634387,2451247.4276999994,21419.4276999993,2429828.0,0.008738174473107804,0,28,0.0,0.0,0.0,0.0,0.0,205,0
2023-07-11,-0.0007710359952415313,-0.0017122536732800538,0.0009412176780385225,1.2246787138500008,1.0616196113626466,1.138388927682048,2449357.4276999994,21419.4276999993,2427938.0,0.008744917118981944,0,28,0.0,0.0,0.0,0.0,0.0,205,0
2023-07-12,-0.008759440234146099,-0.004348720241795009,-0.00441071999235109,1.2139512138500008,1.0570029246696273,1.1333678128796496,2427902.4276999994,21419.4276999993,2406483.0,0.008822194605361613,0,28,0.0,0.0,0.0,0.0,0.0,205,0
2023-07-13,0.011176890673364914,0.00574295673611544,0.005433933937249474,1.227519413850001,1.0630732467359523,1.1395264587014426,2455038.8276999993,25873.827699999303,2429165.0,0.01053907066889006,0,28,0.0,0.0,0.0,4454.400000000001,0.0,205,0
2023-07-14,-0.0021499293373478112,-0.004853119233073257,0.002703189895725446,1.224880333850001,1.0579140255160524,1.1426068151105162,2449760.667699999,33925.66769999931,2415835.0,0.013848564126001344,0,28,0.0,0.0,0.0,8051.84,0.0,205,0
2023-07-17,7.510937800003781e-05,-0.000581515110777173,0.0006566244887772108,1.224972333850001,1.0572988325243118,1.1433570787263614,2449944.667699999,33925.66769999931,2416019.0,0.013847524047083327,0,28,0.0,0.0,0.0,0.0,0.0,205,0
2023-07-18,0.003415995516281134,-0.001637463282553807,0.005053458798834941,1.229156833850001,1.0555675445073662,1.1491349866160614,2458313.667699999,33925.66769999931,2424388.0,0.013800382004034578,0,28,0.0,0.0,0.0,0.0,0.0,205,0
2023-07-19,0.0043497297112635724,0.001513018736804318,0.0028367109744592547,1.2345033338500009,1.0571646379801685,1.1523947504437302,2469006.667699999,37533.66769999931,2431473.0,0.01520193047310146,0,28,0.0,0.0,0.0,3608.0,0.0,205,0
2023-07-20,-0.010172917039303786,-0.011095332710756526,0.00092241567145274,1.221944833850001,1.045435044591732,1.1534577374212394,2443889.667699999,37533.66769999931,2406356.0,0.015358167840417733,0,28,0.0,0.0,0.0,0.0,0.0,205,0
2023-07-21,0.003873333614487162,0.00288148925400034,0.0009918443604868222,1.226677833850001,1.0484474544384783,1.1546017879731605,2453355.667699999,37533.66769999931,2415822.0,0.015298910057825743,0,28,0.0,0.0,0.0,0.0,0.0,205,0
2023-07-24,0.011175305872264119,0.002323279310342727,0.008852026561921392,1.2403863338500012,1.0508832907173566,1.1648223536687408,2480772.667699999,37533.66769999931,2443239.0,0.015129829584424569,0,28,0.0,0.0,0.0,0.0,0.0,205,0
2023-07-25,-0.00015156568148932958,0.0071103031743357595,-0.007261868855825089,1.2401983338500011,1.0583553895152007,1.1563635664960648,2480396.667699999,37533.66769999931,2442863.0,0.015132123094973839,0,28,0.0,0.0,0.0,0.0,0.0,205,0
2023-07-26,0.0024126786162590452,-0.0011054869673939865,0.0035181655836530315,1.2431905338500011,1.0571853914252205,1.1604318449979014,2486381.067699999,40772.06769999931,2445609.0,0.016398157237303566,0,28,0.0,0.0,0.0,3238.4,0.0,205,0
2023-07-27,0.0012576511463275875,-0.0009244610728521821,0.0021821122191797698,1.2447540338500012,1.05620806468406,1.1629640375063968,2489508.067699999,40772.06769999931,2448736.0,0.016377559980220394,0,28,0.0,0.0,0.0,0.0,0.0,205,0
2023-07-28,0.014936284193026728,0.011684392451033192,0.003251891741993536,1.263346033850001,1.0685492142217747,1.1667458706561993,2526692.067699999,44084.06769999931,2482608.0,0.01744734479660128,0,28,0.0,0.0,0.0,3312.0,0.0,205,0
2023-07-31,0.008293452244489297,0.009042443837738124,-0.0007489915932488277,1.273823533850001,1.0782115104792342,1.16587198780762,2547647.067699999,44084.06769999931,2503563.0,0.01730383625695774,0,28,0.0,0.0,0.0,0.0,0.0,205,0
2023-08-01,0.005007365487055937,0.00860722622748503,-0.003599860740429093,1.280202033850001,1.0874919208710074,1.1616750110103453,2560404.067699999,44084.06769999931,2516320.0,0.017217621334120067,0,28,0.0,0.0,0.0,0.0,0.0,205,0
2023-08-02,-0.01011559086580649,-0.009706562007626726,-0.0004090288581797639,1.267252033850001,1.07693611310828,1.1611998524070157,2534504.067699999,44084.06769999931,2490420.0,0.01739356754712354,0,28,0.0,0.0,0.0,0.0,0.0,205,0
2023-08-03,0.003035702367991222,0.003195449381873881,-0.00015974701388265893,1.2710990338500012,1.0803774079452293,1.1610143541980726,2542198.067699999,44084.06769999931,2498114.0,0.017340925658040268,0,28,0.0,0.0,0.0,0.0,0.0,205,0
2023-08-04,-0.004832825638607874,-0.005058154151930854,0.00022532851332297994,1.2649560338500012,1.0749126924735788,1.1612759638364507,2529912.067699999,44084.06769999931,2485828.0,0.01742513831323677,0,28,0.0,0.0,0.0,0.0,0.0,205,0
2023-08-07,-0.009151306203716403,-0.006943224986112433,-0.00220808121760397,1.2533800338500012,1.0674493318093068,1.1587117721922484,2506760.067699999,44084.06769999931,2462676.0,0.01758607386005127,0,28,0.0,0.0,0.0,0.0,0.0,205,0
2023-08-08,0.00035304535579738783,-0.0031690999414155747,0.0035221452972129625,1.253822533850001,1.0640664781944058,1.1627929234115006,2507645.067699999,44084.06769999931,2463561.0,0.017579867369520927,0,28,0.0,0.0,0.0,0.0,0.0,205,0
2023-08-09,-0.0065360126961798715,-0.007326738568169492,0.0007907258719896202,1.2456275338500011,1.0562703412895227,1.1637123738598087,2491255.067699999,44084.06769999931,2447171.0,0.017695525549175917,0,28,0.0,0.0,0.0,0.0,0.0,205,0
2023-08-10,0.010331740147251578,0.011376546436513847,-0.0010448062892622692,1.2584970338500012,1.0682870498767152,1.1624965198527077,2516994.067699999,44084.06769999931,2472910.0,0.017514569567612385,0,28,0.0,0.0,0.0,0.0,0.0,205,0
2023-08-11,-0.01757652136241461,-0.021672378493420658,0.004095857131006048,1.2363770338500013,1.0451347285921673,1.1672579395133162,2472754.067699999,45932.06769999931,2426822.0,0.018575267269794624,0,28,0.0,0.0,0.0,1848.0,0.0,205,0
2023-08-14,0.0027002280927235223,0.001540000747804029,0.0011602273449194934,1.2397155338500012,1.0467442368557554,1.168612224093314,2479431.067699999,45932.06769999931,2433499.0,0.018525244883136595,0,28,0.0,0.0,0.0,0.0,0.0,205,0
2023-08-15,0.008977059410910426,0.0032677412116308173,0.005709318199279609,1.2508445338500012,1.050164726136566,1.1752842031322304,2501689.067699999,45932.06769999931,2455757.0,0.018360422281506108,0,28,0.0,0.0,0.0,0.0,0.0,205,0
2023-08-16,-0.003375879164617568,-0.004941515341243559,0.0015656361766259912,1.2466218338500012,1.0449753210315293,1.1771242705984712,2493243.667699999,46829.66769999931,2446414.0,0.018782627749817718,0,28,0.0,0.0,0.0,897.6,0.0,205,0
2023-08-17,-0.0007712844215398418,0.0026618131631353315,-0.0034330975846751733,1.2456603338500014,1.0477568500962027,1.173083088108217,2491320.667699999,46829.66769999931,2444491.0,0.018797125680024448,0,28,0.0,0.0,0.0,0.0,0.0,205,0
2023-08-18,0.004911451246979004,0.00169136934229788,0.003220081904681124,1.2517783338500013,1.049528993910638,1.1768605117329216,2503556.667699999,46829.66769999931,2456727.0,0.01870525572845188,0,28,0.0,0.0,0.0,0.0,0.0,205,0
2023-08-21,-0.0035569396590415803,-0.0027932794558784358,-0.0007636602031631445,1.2473258338500013,1.0465973661335986,1.1759617901954371,2494651.667699999,46829.66769999931,2447822.0,0.018772026694682784,0,28,0.0,0.0,0.0,0.0,0.0,205,0
2023-08-22,0.0013043905255918364,-0.0010406143578422535,0.00234500488343409,1.248952833850001,1.04550826188752,1.1787194263361773,2497905.667699999,46829.66769999931,2451076.0,0.018747572538685475,0,28,0.0,0.0,0.0,0.0,0.0,205,0
2023-08-23,-0.004494565245267035,-0.00875715369890758,0.004262588453640545,1.2433393338500012,1.0363525853446933,1.1837438221529597,2486678.667699999,46829.66769999931,2439849.0,0.018832215158427937,0,28,0.0,0.0,0.0,0.0,0.0,205,0
2023-08-24,-0.013102617729912058,-0.010823869031737897,-0.0022787486981741614,1.2270483338500011,1.0251352406902194,1.181046367459257,2454096.667699999,46829.66769999931,2407267.0,0.019082242487166768,0,28,0.0,0.0,0.0,0.0,0.0,205,0
2023-08-25,0.006847326032901835,0.0042253189558734226,0.0026220070770284123,1.2354503338500011,1.0294667640550417,1.1841430793930339,2470900.667699999,46829.66769999931,2424071.0,0.01895246875447648,0,28,0.0,0.0,0.0,0.0,0.0,205,0
2023-08-28,0.0115933434210711,0.010483289382927814,0.0011100540381432863,1.2497733338500012,1.040258962052737,1.1854575422000535,2499546.667699999,46829.66769999931,2452717.0,0.018735264400200388,0,28,0.0,0.0,0.0,0.0,0.0,205,0
2023-08-29,-0.008308706642036867,0.002554640557217991,-0.010863347199254858,1.239389333850001,1.0429164497872063,1.172579505329159,2478778.667699999,46829.66769999931,2431949.0,0.018892234433924453,0,28,0.0,0.0,0.0,0.0,0.0,205,0
2023-08-30,-0.019746014695783964,-0.015651569906223697,-0.004094444789560267,1.214916333850001,1.0265931700670112,1.167778443283219,2429832.667699999,46829.66769999931,2383003.0,0.019272795333814798,0,28,0.0,0.0,0.0,0.0,0.0,205,0
2023-08-31,-0.0025038761231895856,-0.0045121805232876,0.0020083044000980144,1.211874333850001,1.0219609963596947,1.1701236978692042,2423748.667699999,46829.66769999931,2376919.0,0.019321173157957016,0,28,0.0,0.0,0.0,0.0,0.0,205,0
2023-09-01,0.006832391584443709,0.0025535129528697497,0.00427887863157396,1.2201543338500012,1.024570587001227,1.175130515156315,2440308.667699999,46829.66769999931,2393479.0,0.019190059159252367,0,28,0.0,0.0,0.0,0.0,0.0,205,0
2023-09-04,0.014959582975381247,0.014769420835459802,0.0001901621399214449,1.2384073338500012,1.0397029011762822,1.175353980489764,2476814.667699999,46829.66769999931,2429985.0,0.018907215106040178,0,28,0.0,0.0,0.0,0.0,0.0,205,0
2023-09-05,-0.007507222983811901,-0.0023722717963388,-0.005134951187473101,1.2291103338500013,1.03723644330725,1.1693185951719467,2458220.667699999,46829.66769999931,2411391.0,0.019050229426235705,0,28,0.0,0.0,0.0,0.0,0.0,205,0
2023-09-06,-0.0036693207076643475,-0.004622713920658118,0.0009533932129937705,1.2246003338500013,1.0324415959617597,1.170433415584411,2449200.667699999,46829.66769999931,2402371.0,0.019120388262827078,0,28,0.0,0.0,0.0,0.0,0.0,205,0
2023-09-07,-0.0031332671516893784,-0.0114490359840364,0.008315768832347022,1.2207633338500012,1.0206211349781775,1.1801664693020653,2441526.667699999,46829.66769999931,2394697.0,0.01918048584909148,0,28,0.0,0.0,0.0,0.0,0.0,205,0
2023-09-08,0.0017357991850206478,0.0050766667331115616,-0.0033408675480909138,1.2228823338500012,1.0258024883412318,1.176223689443429,2445764.667699999,46829.66769999931,2398935.0,0.019147250068028008,0,28,0.0,0.0,0.0,0.0,0.0,205,0
2023-09-11,0.010113810345973251,0.006708109578302356,0.003405700767670895,1.2352503338500014,1.03268368383872,1.180229555365519,2470500.667699999,46829.66769999931,2423671.0,0.01895553735818135,0,28,0.0,0.0,0.0,0.0,0.0,205,0
2023-09-12,-0.0003756323615422552,0.0005765308388761448,-0.0009521632004184,1.2347863338500014,1.033279057829257,1.179105784214854,2469572.667699999,46829.66769999931,2422743.0,0.018962660347068644,0,28,0.0,0.0,0.0,0.0,0.0,205,0
2023-09-13,0.0026927735664459274,0.0024350803541559884,0.0002576932122899389,1.2381113338500014,1.0357951753633379,1.179409631772018,2476222.667699999,46829.66769999931,2429393.0,0.018911735326086938,0,28,0.0,0.0,0.0,0.0,0.0,205,0
2023-09-14,0.010878262424202756,0.00567329078218035,0.005204971642022406,1.2515798338500015,1.0416715425839536,1.1855484254597193,2503159.667699999,46829.66769999931,2456330.0,0.018708222373616395,0,28,0.0,0.0,0.0,0.0,0.0,205,0
2023-09-15,-0.00048658502121001757,-0.005454501998163729,0.004967916976953712,1.2509708338500016,1.035989743073499,1.1914381316095612,2501941.667699999,46829.66769999931,2455112.0,0.018717329946005168,0,28,0.0,0.0,0.0,0.0,0.0,205,0
2023-09-18,-0.0037502872753326644,-0.0002718147644192328,-0.0034784725109134316,1.2462793338500018,1.0357081457655446,1.1872937468203033,2492558.667699999,46829.66769999931,2445729.0,0.018787789554101545,0,28,0.0,0.0,0.0,0.0,0.0,205,0
2023-09-19,0.00887401379419095,0.003246119289131411,0.005627894505059538,1.2573388338500018,1.0390701779554246,1.193975710773925,2514677.667699999,46829.66769999931,2467848.0,0.018622532939910008,0,28,0.0,0.0,0.0,0.0,0.0,205,0
2023-09-20,-0.0040402792495042306,-0.005472830359770496,0.0014325511102662655,1.2522588338500018,1.033383523139578,1.195686142004025,2504517.667699999,46829.66769999931,2457688.0,0.018698078398067322,0,28,0.0,0.0,0.0,0.0,0.0,205,0
2023-09-21,-0.0018470622346410392,-0.006632048091861744,0.004784985857220704,1.2499458338500018,1.0265300739167789,1.201407483283189,2499891.667699999,46829.66769999931,2453062.0,0.018732678821672493,0,28,0.0,0.0,0.0,0.0,0.0,205,0
2023-09-22,-0.0011612503203671798,0.005434060045303726,-0.006595310365670906,1.2484943338500019,1.0321082999767528,1.1934838280552966,2496988.667699999,46829.66769999931,2450159.0,0.018754457441384615,0,28,0.0,0.0,0.0,0.0,0.0,205,0
2023-09-25,0.0030232415940252277,-0.0035591643400333826,0.00658240593405861,1.252268833850002,1.0284348569204231,1.201339823087291,2504537.667699999,46829.66769999931,2457708.0,0.018697929084454362,0,28,0.0,0.0,0.0,0.0,0.0,205,0
2023-09-26,-0.0008189136168527122,-0.0023319619924454826,0.0015130483755927703,1.251243333850002,1.0260365859223786,1.203157508355148,2502486.667699999,46829.66769999931,2455657.0,0.018713253622661578,0,28,0.0,0.0,0.0,0.0,0.0,205,0
2023-09-27,-0.006971066110027846,-0.0028378329192472376,-0.004133233190780608,1.242520833850002,1.023124865522496,1.1981845778078777,2485041.667699999,46829.66769999931,2438212.0,0.01884462071951572,0,28,0.0,0.0,0.0,0.0,0.0,205,0
2023-09-28,0.003023289346674618,0.004983681480490604,-0.001960392133815986,1.246277333850002,1.02822379396703,1.1958356661866836,2492554.667699999,46829.66769999931,2445725.0,0.018787819704356296,0,28,0.0,0.0,0.0,0.0,0.0,205,0
2023-10-09,-0.004500331866482465,-0.004037583182924122,-0.0004627486835583434,1.240668672250002,1.0240722548682262,1.1952822948064037,2481337.344499999,17980.344499999206,2463357.0,0.007246231367876474,28,28,909228.0,880987.0,608.3232,0.0,0.0,205,1
2023-10-10,-0.007921534749625425,-0.007513739561077779,-0.0004077951885476461,1.230840672250002,1.0163776426534206,1.1947948644376254,2461681.344499999,17980.344499999206,2443701.0,0.007304090978376106,0,28,0.0,0.0,0.0,0.0,0.0,205,0
2023-10-11,-0.009750246535209062,-0.00755802661280012,-0.0021922199224089414,1.2188396722500021,1.008695833381591,1.1921756113326134,2437679.344499999,17980.344499999206,2419699.0,0.007376008883435494,0,28,0.0,0.0,0.0,0.0,0.0,205,0
2023-10-12,0.01101580487219822,0.008901806720467352,0.002113998151730868,1.2322661722500021,1.0176750487300947,1.1946958683715092,2464532.344499999,17980.344499999206,2446552.0,0.0072956415200333,0,28,0.0,0.0,0.0,0.0,0.0,205,0
2023-10-13,-0.007547070762333075,-0.007377931337902299,-0.0001691394244307757,1.222966172250002,1.0101667120962676,1.194493798199963,2445932.344499999,17980.344499999206,2427952.0,0.007351120950025612,0,28,0.0,0.0,0.0,0.0,0.0,205,0
2023-10-16,0.006110962158708322,0.004282781657288696,0.0018281805014196259,1.2304396722500022,1.0144930355616373,1.1966775484708987,2460879.344499999,17980.344499999206,2442899.0,0.007306471379909301,0,28,0.0,0.0,0.0,0.0,0.0,205,0
2023-10-17,0.001629092466056914,0.0007469556748847541,0.0008821367911721598,1.2324441722500021,1.015250816891681,1.1977331817635746,2464888.344499999,17980.344499999206,2446908.0,0.0072945878218457424,0,28,0.0,0.0,0.0,0.0,0.0,205,0
2023-10-18,-0.011794449052781375,-0.01661935630221723,0.004824907249435854,1.2179081722500023,0.998378001829641,1.2035121332751557,2435816.344499999,17980.344499999206,2417836.0,0.007381650320476044,0,28,0.0,0.0,0.0,0.0,0.0,205,0
2023-10-19,-0.015843969553427928,-0.012512831998383215,-0.003331137555044713,1.1986116722500022,0.9858854656218651,1.199503068810051,2397223.344499999,17980.344499999206,2379243.0,0.007500487821150205,0,28,0.0,0.0,0.0,0.0,0.0,205,0
2023-10-20,-0.0025688052863861444,-0.0005656597797902472,-0.002003145506595897,1.1955326722500024,0.985327789866483,1.1971002896276162,2391065.344499999,17980.344499999206,2373085.0,0.007519804735306853,0,28,0.0,0.0,0.0,0.0,0.0,205,0
2023-10-23,-0.01838343736657344,-0.020756331310820605,0.002372893944247164,1.1735546722500023,0.9648759998102556,1.19994088165553,2347109.344499999,17980.344499999206,2329129.0,0.007660633511656667,0,28,0.0,0.0,0.0,0.0,0.0,205,0
2023-10-24,0.01323542939011113,0.017452313675483864,-0.004216884285372733,1.1890871722500023,0.9817153184168903,1.1948808698083004,2378174.344499999,17980.344499999206,2360194.0,0.007560566171938708,0,28,0.0,0.0,0.0,0.0,0.0,205,0
2023-10-25,0.011846482182921392,0.010792743071946616,0.001053739110974776,1.2031736722500024,0.992310719618358,1.196139962513773,2406347.344499999,17980.344499999206,2388367.0,0.007472048680376705,0,28,0.0,0.0,0.0,0.0,0.0,205,0
2023-10-26,0.00789536890566711,0.011811802419957702,-0.003916433514290591,1.2126731722500024,1.004031697777696,1.1914553598768016,2425346.344499999,17980.344499999206,2407366.0,0.0074135162348146905,0,28,0.0,0.0,0.0,0.0,0.0,205,0
2023-10-27,0.003960259128260812,0.008858292072160942,-0.00489803294390013,1.2174756722500024,1.0129257038063184,1.1856195722729386,2434951.344499999,17980.344499999206,2416971.0,0.007384272601837697,0,28,0.0,0.0,0.0,0.0,0.0,205,0
2023-10-30,-0.007063385491808183,-0.004625063381007823,-0.00243832211080036,1.2088761722500023,1.008240858225962,1.182728649854868,2417752.344499999,17980.344499999206,2399772.0,0.007436801598352958,0,28,0.0,0.0,0.0,0.0,0.0,205,0
2023-10-31,0.0012668791354779607,-0.0011414674744346669,0.002408346609912628,1.2104076722500023,1.007089984079901,1.1855770703891926,2420815.344499999,17980.344499999206,2402835.0,0.007427391990409292,0,28,0.0,0.0,0.0,0.0,0.0,205,0
2023-11-01,0.00046348020824860114,0.0014438523316400906,-0.0009803721233914895,1.2109686722500024,1.008544073301586,1.1844147636792508,2421937.344499999,17980.344499999206,2403957.0,0.007423951135990757,0,28,0.0,0.0,0.0,0.0,0.0,205,0
2023-11-02,0.0003142112663352403,-0.0022865978171610875,0.002600809083496328,1.2113491722500023,1.0062379386250637,1.187495200355255,2422698.344499999,17980.344499999206,2404718.0,0.007421619179630068,0,28,0.0,0.0,0.0,0.0,0.0,205,0
2023-11-03,-0.005869488470276241,7.845991495161186e-05,-0.005947948385227853,1.2042391722500023,1.0063168879681494,1.1804320401958361,2408478.344499999,17980.344499999206,2390498.0,0.007465437478837673,0,28,0.0,0.0,0.0,0.0,0.0,205,0
2023-11-06,0.0013440021195922913,0.004546514754561262,-0.003202512634968971,1.2058576722500023,1.0108921225470608,1.1766516916723868,2411715.344499999,17980.344499999206,2393735.0,0.007455417382073721,0,28,0.0,0.0,0.0,0.0,0.0,206,0
2023-11-07,0.00025873700286527246,-0.00028538732930199394,0.0005441243321672663,1.2061696722500024,1.0106036267439948,1.1772919364883117,2412339.344499999,17980.344499999206,2394359.0,0.00745348888869777,0,28,0.0,0.0,0.0,0.0,0.0,206,0
2023-11-08,-0.005516636799188901,-0.003863949045809965,-0.001652687753378936,1.1995156722500024,1.0066987058247452,1.1753462405227257,2399031.344499999,17980.344499999206,2381051.0,0.007494835172212654,0,28,0.0,0.0,0.0,0.0,0.0,206,0
2023-11-09,0.0003655642107429635,0.0006914431234448172,-0.0003258789127018537,1.1999541722500022,1.0073947807222685,1.174963219967816,2399908.344499999,17980.344499999206,2381928.0,0.0074920963299309916,0,28,0.0,0.0,0.0,0.0,0.0,206,0
2023-11-10,0.0007812798369142282,0.006268508351265209,-0.0054872285143509805,1.2008916722500023,1.013709643318247,1.1685159282838948,2401783.344499999,17980.344499999206,2383803.0,0.007486247475724059,0,28,0.0,0.0,0.0,0.0,0.0,206,0
2023-11-13,0.004357179020316071,0.0030819814180513445,0.0012751976022647264,1.2061241722500022,1.0168338776022534,1.1700060169938507,2412248.344499999,17980.344499999206,2394268.0,0.007453770065173823,0,28,0.0,0.0,0.0,0.0,0.0,206,0
2023-11-14,-0.0013435598400926008,-0.001924812265991261,0.0005812524258986603,1.2045036722500022,1.014876663282169,1.1706860858295443,2409007.344499999,17980.344499999206,2391027.0,0.007463798124588579,0,28,0.0,0.0,0.0,0.0,0.0,206,0
2023-11-15,2.3246089360329236e-05,0.0030508881880778136,-0.0030276420987174844,1.2045316722500021,1.0179729385065324,1.1671416673517039,2409063.344499999,17980.344499999206,2391083.0,0.007463624624503605,0,28,0.0,0.0,0.0,0.0,0.0,206,0
2023-11-16,-0.002134439516395248,-0.004450235764764821,0.0023157962483695733,1.201960672250002,1.013442718928028,1.1698445296462727,2403921.344499999,17980.344499999206,2385941.0,0.0074795893555905865,0,28,0.0,0.0,0.0,0.0,0.0,206,0
2023-11-17,-0.00414281441561537,0.0004299372600145514,-0.004572751675629922,1.196981172250002,1.0138784357137856,1.1644951211131063,2393962.344499999,17980.344499999206,2375982.0,0.007510704811756161,0,28,0.0,0.0,0.0,0.0,0.0,206,0
2023-11-20,0.003639572702560434,0.003926678045539609,-0.00028710534297917475,1.2013376722500018,1.017859609908149,1.1641607883419616,2402675.344499999,17980.344499999206,2384695.0,0.007483468185228723,0,28,0.0,0.0,0.0,0.0,0.0,206,0
2023-11-21,0.0028788741749208313,0.0005711710684614251,0.0023077031064594063,1.2047961722500018,1.018440981869084,1.1668473258096366,2409592.344499999,17980.344499999206,2391612.0,0.00746198606624898,0,28,0.0,0.0,0.0,0.0,0.0,206,0
2023-11-22,-0.0012159733187598887,-0.0031187875771830444,0.0019028142584231558,1.2033311722500017,1.0152646807867367,1.16906761953859,2406662.344499999,17980.344499999206,2388682.0,0.007471070688869214,0,28,0.0,0.0,0.0,0.0,0.0,206,0
2023-11-23,0.004920091938555693,0.006699193399885347,-0.0017791014613296541,1.2092516722500017,1.0220661352354001,1.1669877296282758,2418503.344499999,17980.344499999206,2400523.0,0.0074344923032208824,0,28,0.0,0.0,0.0,0.0,0.0,206,0
2023-11-24,0.0004494515182176251,-0.0032476328312145424,0.0036970843494321675,1.2097951722500018,1.018746839698937,1.1713021816994638,2419590.344499999,17980.344499999206,2401610.0,0.0074311523605103446,0,28,0.0,0.0,0.0,0.0,0.0,206,0
2023-11-27,-0.002361556787077057,-0.0029316286026126437,0.0005700718155355867,1.2069381722500017,1.0157602523248543,1.1719699080607258,2413876.344499999,17980.344499999206,2395896.0,0.007448742990073746,0,28,0.0,0.0,0.0,0.0,0.0,206,0
2023-11-28,0.0014926199547087293,0.0034374320520331094,-0.00194481209732438,1.2087396722500017,1.019251859173377,1.1696906468058292,2417479.344499999,17980.344499999206,2399499.0,0.007437641418077155,0,28,0.0,0.0,0.0,0.0,0.0,206,0
2023-11-29,-0.006238729623197381,-0.006508050061085175,0.0002693204378877937,1.2011986722500017,1.0126185170490225,1.1700056684030202,2402397.344499999,17980.344499999206,2384417.0,0.007484334155281619,0,28,0.0,0.0,0.0,0.0,0.0,206,0
2023-11-30,0.005304284917386104,0.003983839790089713,0.0013204451272963913,1.2075701722500016,1.016652626989424,1.171550596686772,2415140.344499999,17980.344499999206,2397160.0,0.007444844578471747,0,28,0.0,0.0,0.0,0.0,0.0,206,0
2023-12-01,0.006258021416610138,0.004028457323833908,0.00222956409277623,1.2151271722500017,1.0207481687104145,1.1741626438300157,2430254.344499999,17980.344499999206,2412274.0,0.007398544329605338,0,28,0.0,0.0,0.0,0.0,0.0,206,0
2023-12-04,0.008646831574463665,0.0024892598964238307,0.006157571678039834,1.2256341722500017,1.0232890761911335,1.1813926344710757,2451268.344499999,17980.344499999206,2433288.0,0.007335118792825096,0,28,0.0,0.0,0.0,0.0,0.0,206,0
2023-12-05,-0.009784322493216147,-0.012215183257414634,0.0024308607641984874,1.2136421722500017,1.0107894126001482,1.1842644354733245,2427284.344499999,17980.344499999206,2409304.0,0.0074075971118674235,0,28,0.0,0.0,0.0,0.0,0.0,206,0
2023-12-06,0.0015181575279179516,0.0016423506443054494,-0.00012419311638749782,1.2154846722500017,1.0124494832431892,1.1841173579824562,2430969.344499999,17980.344499999206,2412989.0,0.007396368259714684,0,28,0.0,0.0,0.0,0.0,0.0,206,0
2023-12-07,-0.0015664533197901065,-0.0006428135957843818,-0.0009236397240057247,1.2135806722500018,1.0117986669503156,1.1830236601527389,2427161.344499999,17980.344499999206,2409181.0,0.007407972502834663,0,28,0.0,0.0,0.0,0.0,0.0,206,0
2023-12-08,0.0010448419532333997,-0.0008638825678789206,0.0019087245211123203,1.2148486722500018,1.010924591719734,1.1852817264219284,2429697.344499999,17980.344499999206,2411717.0,0.007400240421178602,0,28,0.0,0.0,0.0,0.0,0.0,206,0
2023-12-11,0.011750023131327447,0.009455267557671912,0.0022947555736555353,1.2291231722500018,1.0204831542150745,1.188001658269987,2458246.344499999,17980.344499999206,2440266.0,0.007314297259193672,0,28,0.0,0.0,0.0,0.0,0.0,206,0
2023-12-12,0.013822048419199762,0.006669702469923189,0.007152345949276572,1.2461121722500017,1.0272894732292577,1.1964986571182483,2492224.344499999,17980.344499999206,2474244.0,0.007214577026213305,0,28,0.0,0.0,0.0,0.0,0.0,206,0
2023-12-13,0.0031437779737970573,0.0013100085872291903,0.001833769386567867,1.2500296722500017,1.0286352312607583,1.1986927597267412,2500059.344499999,17980.344499999206,2482079.0,0.007191967078523568,0,28,0.0,0.0,0.0,0.0,0.0,206,0
2023-12-14,0.006556644359687613,0.008066667801073102,-0.0015100234413854881,1.2582256722500018,1.0369328899598187,1.1968827055605347,2516451.344499999,17980.344499999206,2498471.0,0.007145119073848722,0,28,0.0,0.0,0.0,0.0,0.0,206,0
2023-12-15,-0.000316318454453679,-0.006518194098986836,0.006201875644533157,1.2578276722500017,1.0301739601154374,1.2043056232615135,2515655.344499999,17980.344499999206,2497675.0,0.0071473799220190485,0,28,0.0,0.0,0.0,0.0,0.0,206,0
2023-12-18,-0.008359253204528128,-0.00948634874343657,0.001127095538908442,1.2473131722500017,1.0204013706633752,1.2056629907569738,2494626.344499999,17980.344499999206,2476646.0,0.007207630328943322,0,28,0.0,0.0,0.0,0.0,0.0,206,0
2023-12-19,-0.011514750520987271,-0.008861900385731944,-0.0026528501352553278,1.2329506722500017,1.011358675363092,1.2024645475288718,2465901.344499999,17980.344499999206,2447921.0,0.007291591182308637,0,28,0.0,0.0,0.0,0.0,0.0,206,0
2023-12-20,-0.0062030056612428774,-0.0030228733039752284,-0.003180132357267649,1.2253026722500018,1.0083014662225933,1.198640551112808,2450605.344499999,17980.344499999206,2432625.0,0.00733710327546346,0,28,0.0,0.0,0.0,0.0,0.0,206,0
2023-12-21,-7.875605120721829e-05,0.0014473493891514135,-0.0015261054403586318,1.2252061722500016,1.009760830733811,1.1968112992467204,2450412.344499999,17980.344499999206,2432432.0,0.007337681162256817,0,28,0.0,0.0,0.0,0.0,0.0,206,0
2023-12-22,-0.006368315942835379,-0.007292338253398837,0.0009240223105634587,1.2174036722500017,1.002397313201067,1.1979171795887589,2434807.344499999,17980.344499999206,2416827.0,0.0073847093243804745,0,28,0.0,0.0,0.0,0.0,0.0,206,0
2023-12-25,-0.006146276843547627,-0.00581248132198281,-0.00033379552156481695,1.2099211722500016,0.99657089754088,1.1975173201990066,2419842.344499999,17980.344499999206,2401862.0,0.007430378487617713,0,28,0.0,0.0,0.0,0.0,0.0,206,0
2023-12-26,-0.001960871546357046,-0.00257156990649927,0.000610698360142224,1.2075486722500017,0.9940081458110709,1.1982486420626939,2415097.344499999,17980.344499999206,2397117.0,0.007444977131438029,0,28,0.0,0.0,0.0,0.0,0.0,206,0
2023-12-27,0.005780719370088283,0.0044082484783954734,0.0013724708916928096,1.2145291722500018,0.9983899807073552,1.1998932034449354,2429058.344499999,17980.344499999206,2411078.0,0.007402187164713948,0,28,0.0,0.0,0.0,0.0,0.0,206,0
2023-12-28,-0.0009155811366308164,0.005087643929719184,-0.00600322506635,1.2134171722500018,1.0034694334321934,1.1926899744890718,2426834.344499999,17980.344499999206,2408854.0,0.007408970678509042,0,28,0.0,0.0,0.0,0.0,0.0,206,0
2023-12-29,0.004870954635527669,0.004165214652236137,0.0007057399832915319,1.2193276722500017,1.0076490990193963,1.1935317034917396,2438655.344499999,17980.344499999206,2420675.0,0.0073730568530526565,0,28,0.0,0.0,0.0,0.0,0.0,206,0
2024-01-02,0.01111242286086811,0.013544056837522082,-0.002431633976653972,1.2328773569500018,1.0212967556887929,1.1906294712493153,2465754.7138999994,20577.71389999923,2445177.0,0.008345401829305304,28,28,982062.0,985313.0,653.6306,0.0,0.0,206,1
2024-01-03,0.009801055986536467,0.009534302767600616,0.00026675321893585013,1.244960856950002,1.031034108173098,1.190947075493331,2489921.7138999994,20577.71389999923,2469344.0,0.008264401962970984,0,28,0.0,0.0,0.0,0.0,0.0,206,0
2024-01-04,0.003357535280458901,0.0002893616348617644,0.0030681736455971365,1.249140856950002,1.0313324498882372,1.1946011079236605,2498281.7138999994,20577.71389999923,2477704.0,0.00823674679501053,0,28,0.0,0.0,0.0,0.0,0.0,206,0
2024-01-05,-2.281568154738345e-05,-0.003494004654196655,0.0034711889726492715,1.249112356950002,1.0277289695083036,1.1987477941161997,2498224.7138999994,20577.71389999923,2477647.0,0.00823693472629017,0,28,0.0,0.0,0.0,0.0,0.0,206,0
2024-01-08,-0.009307809610008877,-0.01571363509279619,0.006405825482787314,1.237485856950002,1.0115796115071547,1.2064267632831842,2474971.7138999994,20577.71389999923,2454394.0,0.00831432286051196,0,28,0.0,0.0,0.0,0.0,0.0,206,0
2024-01-09,0.007436448625506964,0.005670636044659331,0.0017658125808476333,1.2466883569500022,1.0173159113142096,1.2085570868396611,2493376.7138999994,20577.71389999923,2472799.0,0.008252950220190647,0,28,0.0,0.0,0.0,0.0,0.0,206,0
2024-01-10,-0.0034752069158642263,-0.0063023130045711685,0.002827106088706942,1.2423558569500022,1.0109044680165769,1.2119738059384153,2484711.7138999994,20577.71389999923,2464134.0,0.00828173094885945,0,28,0.0,0.0,0.0,0.0,0.0,206,0
2024-01-11,-0.0028985253941978817,0.0025039140487398467,-0.005402439442937728,1.2387548569500022,1.0134356859159774,1.2054261908454063,2477509.7138999994,20577.71389999923,2456932.0,0.008305805537128085,0,28,0.0,0.0,0.0,0.0,0.0,206,0
2024-01-12,0.008847593967853395,0.008481336580829347,0.00036625738702404827,1.249714856950002,1.0220309750712546,1.2058676870923155,2499429.7138999994,20577.71389999923,2478852.0,0.008232963617884928,0,28,0.0,0.0,0.0,0.0,0.0,206,0
2024-01-15,0.004173752093121319,0.0006165623340780383,0.0035571897590432806,1.254930856950002,1.0226611208747447,1.2101571872796013,2509861.7138999994,20577.71389999923,2489284.0,0.008198744092567607,0,28,0.0,0.0,0.0,0.0,0.0,206,0
2024-01-16,0.0019387522320657435,-0.003781272895532189,0.005720025127597932,1.2573638569500019,1.0187941600970665,1.2170793167991838,2514727.7138999994,20577.71389999923,2494150.0,0.008182879516639997,0,28,0.0,0.0,0.0,0.0,0.0,206,0
2024-01-17,-0.009571612809989194,-0.01414196019345997,0.004570347383470777,1.2453288569500018,1.0043864136396443,1.2226417920701935,2490657.7138999994,20577.71389999923,2470080.0,0.008261959796867308,0,28,0.0,0.0,0.0,0.0,0.0,206,0
2024-01-18,-0.014190227666674438,-0.013781105669256423,-0.00040912199741801464,1.2276573569500018,0.9905448583405109,1.222141582418095,2455314.7138999994,20577.71389999923,2434737.0,0.008380886484125605,0,28,0.0,0.0,0.0,0.0,0.0,206,0
2024-01-19,-0.006728261719964879,-0.007188856412193678,0.0004605946922287994,1.2193973569500018,0.9834239735840642,1.2227044943441088,2438794.7138999994,20577.71389999923,2418217.0,0.008437657250409722,0,28,0.0,0.0,0.0,0.0,0.0,206,0
2024-01-22,-0.03608257779896451,-0.041663325197491774,0.005580747398527264,1.1753983569500017,0.9424512607656217,1.2295280992700872,2350796.7138999994,20577.71389999923,2330219.0,0.00875350632333519,0,28,0.0,0.0,0.0,0.0,0.0,206,0
2024-01-23,0.008147025170979871,0.005598245222789341,0.0025487799481905306,1.1849743569500018,0.9477273340339146,1.2326618958352435,2369948.7138999994,20577.71389999923,2349371.0,0.008682767597167301,0,28,0.0,0.0,0.0,0.0,0.0,206,0
2024-01-24,0.02632377638980099,0.022776448397436273,0.0035473279923647176,1.2161673569500018,0.9693131967523778,1.2370345518834613,2432334.7138999994,20577.71389999923,2411757.0,0.008460066693290323,0,28,0.0,0.0,0.0,0.0,0.0,206,0
2024-01-25,0.0216355913926094,0.03159637084039012,-0.009960779447780718,1.2424798569500017,0.99993997597745,1.2247127235428659,2484959.7138999994,20577.71389999923,2464382.0,0.008280904428709514,0,28,0.0,0.0,0.0,0.0,0.0,206,0
2024-01-26,0.017063455702246655,0.014494695667286103,0.0025687600349605516,1.2636808569500018,1.0144338016147965,1.2278587166414106,2527361.7138999994,20577.71389999923,2506784.0,0.008141974212407269,0,28,0.0,0.0,0.0,0.0,0.0,206,0
2024-01-29,0.00017567726754674773,-0.0071659955381742245,0.007341672805720972,1.263902856950002,1.0071643735186517,1.2368732535906442,2527805.7138999994,20577.71389999923,2507228.0,0.008140544103862758,0,28,0.0,0.0,0.0,0.0,0.0,206,0
2024-01-30,-0.014017691235190255,-0.01328467588801505,-0.0007330153471752053,1.246185856950002,0.9937845212505007,1.2359666065132517,2492371.7138999994,20577.71389999923,2471794.0,0.00825627806046625,0,28,0.0,0.0,0.0,0.0,0.0,206,0
2024-01-31,-0.00997965105336529,-0.019590941882017456,0.009611290828652166,1.233749356950002,0.9743153464514335,1.2478458410229527,2467498.7138999994,20577.71389999923,2446921.0,0.008339503394299718,0,28,0.0,0.0,0.0,0.0,0.0,206,0
2024-02-01,-0.01097305536471993,-0.018059973765097815,0.007086918400377885,1.220211356950002,0.9567192368555884,1.2566892226745332,2440422.7138999994,20577.71389999923,2419845.0,0.008432028509976588,0,28,0.0,0.0,0.0,0.0,0.0,206,0
2024-02-02,-0.009377883540276577,-0.024163368188951154,0.014785484648674577,1.208768356950002,0.9336016776819944,1.2752699818845423,2417536.7138999994,20577.71389999923,2396959.0,0.008511851663589842,0,28,0.0,0.0,0.0,0.0,0.0,206,0
2024-02-05,-0.01730480441494986,-0.04333600732695211,0.026031202912002248,1.187850856950002,0.8931431085375128,1.3084667935505643,2375701.7138999994,20577.71389999923,2355124.0,0.00866174140448737,0,28,0.0,0.0,0.0,0.0,0.0,206,0
2024-02-06,0.021698431119694828,0.01984431768058625,0.0018541134391085769,1.213625356950002,0.9108669241175575,1.3108928394171138,2427250.7138999994,20577.71389999923,2406673.0,0.008477786733013611,0,28,0.0,0.0,0.0,0.0,0.0,206,0
2024-02-07,0.004123595450062911,-0.004218097759910043,0.008341693209972955,1.218629856950002,0.9070247983853612,1.3218279053146815,2437259.7138999994,20577.71389999923,2416682.0,0.008442971334832286,0,28,0.0,0.0,0.0,0.0,0.0,206,0
2024-02-08,0.00903719856951768,0.026340099609236403,-0.017302901039718724,1.2296428569500022,0.9309159219228792,1.2989564478774829,2459285.7138999994,20577.71389999923,2438708.0,0.008367353896171159,0,28,0.0,0.0,0.0,0.0,0.0,206,0
2024-02-19,0.019956607612772848,0.023830818483034956,-0.0038742108702621084,1.2541823569500024,0.9531004102811904,1.2939240166871189,2508364.7138999994,20577.71389999923,2487787.0,0.008203637128990325,0,28,0.0,0.0,0.0,0.0,0.0,206,0
2024-02-20,0.006167364703495215,0.00598444213631341,0.0001829225671818053,1.2619173569500022,0.9588041845366146,1.2941607045899897,2523834.7138999994,20577.71389999923,2503257.0,0.008153352430992267,0,28,0.0,0.0,0.0,0.0,0.0,206,0
2024-02-21,0.005051836370178808,0.01052012926432598,-0.005468292894147173,1.2682923569500022,0.9688909284971166,1.2870838548051957,2536584.7138999994,20577.71389999923,2516007.0,0.008112370064850305,0,28,0.0,0.0,0.0,0.0,0.0,206,0
2024-02-22,0.0071884056937192575,0.00998514611060115,-0.0027967404168818925,1.2774093569500022,0.9785654459833962,1.2834842153685457,2554818.7138999994,20577.71389999923,2534241.0,0.008054471257800832,0,28,0.0,0.0,0.0,0.0,0.0,206,0
2024-02-23,0.005073549809807565,0.01124360461682265,-0.0061700548070150844,1.2838903569500024,0.9895680489497183,1.2755650474157831,2567780.7138999994,20577.71389999923,2547203.0,0.008013812779497578,0,28,0.0,0.0,0.0,0.0,0.0,206,0
2024-02-26,-0.0198918855194693,-0.009691133805106724,-0.010200751714362575,1.2583513569500024,0.9799780125780881,1.2625533250715757,2516702.7138999994,20577.71389999923,2496125.0,0.008176457944892128,0,28,0.0,0.0,0.0,0.0,0.0,206,0
2024-02-27,0.005121780943298182,0.010660149571437492,-0.00553836862813931,1.2647963569500025,0.9904247247688907,1.2555608393446462,2529592.7138999994,20577.71389999923,2509015.0,0.008134793315511073,0,28,0.0,0.0,0.0,0.0,0.0,206,0
2024-02-28,-0.008365773621862416,-0.023146221657425168,0.014780448035562752,1.2542153569500025,0.9675001345543955,1.2741185910860673,2508430.7138999994,20577.71389999923,2487853.0,0.008203421280871615,0,28,0.0,0.0,0.0,0.0,0.0,206,0
2024-02-29,0.009499564754950507,0.019191182609710273,-0.009691617854759766,1.2661298569500024,0.9860676063115481,1.2617703205996162,2532259.7138999994,20577.71389999923,2511682.0,0.00812622567386935,0,28,0.0,0.0,0.0,0.0,0.0,206,0
2024-03-01,-0.001829591164985489,-0.0006269515451156211,-0.0012026396198698678,1.2638133569500023,0.9854493897021827,1.2602528656208871,2527626.7138999994,20577.71389999923,2507049.0,0.008141120596185212,0,28,0.0,0.0,0.0,0.0,0.0,206,0
2024-03-04,0.0033600689347421664,-0.0001344700189556233,0.0034945389536977897,1.2680598569500021,0.9853168763040696,1.2646568683513086,2536119.7138999994,20577.71389999923,2515542.0,0.008113857475740052,0,28,0.0,0.0,0.0,0.0,0.0,206,0
2024-03-05,0.0046661835145793695,-0.0014346003833145952,0.006100783897893964,1.273976856950002,0.9839033403356375,1.2723722666101072,2547953.7138999994,20577.71389999923,2527376.0,0.008076172572421719,0,28,0.0,0.0,0.0,0.0,0.0,206,0
2024-03-06,0.0015294626345605522,0.008310982169741592,-0.00678151953518104,1.275925356950002,0.9920805434539162,1.2637436492280683,2551850.7138999994,20577.71389999923,2531273.0,0.008063839231625843,0,28,0.0,0.0,0.0,0.0,0.0,206,0
2024-03-07,0.0026369097390168683,0.003443401227042397,-0.0008064914880255287,1.279289856950002,0.9954966748145702,1.2627244507319195,2558579.7138999994,20577.71389999923,2538002.0,0.008042631538195451,0,28,0.0,0.0,0.0,0.0,0.0,206,0
2024-03-08,0.009636987218356374,0.0057555998533262214,0.003881387365030153,1.2916183569500022,1.0012263553301197,1.2676255734605049,2583236.7138999994,20577.71389999923,2562659.0,0.007965864602834776,0,28,0.0,0.0,0.0,0.0,0.0,206,0
2024-03-11,-0.0019533633804630357,0.010139251732025376,-0.012092615112488412,1.289095356950002,1.0113780413875502,1.2522966652938996,2578190.7138999994,20577.71389999923,2557613.0,0.007981455285311908,0,28,0.0,0.0,0.0,0.0,0.0,206,0
2024-03-12,-0.015277768160299021,-0.01013499259347887,-0.005142775566820152,1.2694008569500022,1.0011277324288803,1.2458563846012158,2538801.7138999994,20577.71389999923,2518224.0,0.008105285965160556,0,28,0.0,0.0,0.0,0.0,0.0,206,0
2024-03-13,-0.0008665505415231811,-0.0010971078129102803,0.00023055727138709915,1.268300856950002,1.0000293873719115,1.2461436258497895,2536601.7138999994,20577.71389999923,2516024.0,0.008112315696720556,0,28,0.0,0.0,0.0,0.0,0.0,206,0
2024-03-14,0.006265469235043897,0.0019548177033843457,0.004310651531659551,1.2762473569500021,1.0019842625222508,1.2515153167792268,2552494.7138999994,20577.71389999923,2531917.0,0.008061804707347738,0,28,0.0,0.0,0.0,0.0,0.0,206,0
2024-03-15,0.008472103735313485,0.010732890933335062,-0.0022607871980215768,1.2870598569500022,1.0127384503288204,1.2486859069729244,2574119.7138999994,20577.71389999923,2553542.0,0.00799407804884969,0,28,0.0,0.0,0.0,0.0,0.0,206,0
2024-03-18,0.0075994911558958655,0.008286795058491473,-0.0006873039025956078,1.2968408569500023,1.0211308063145497,1.2478276802759456,2593681.7138999994,20577.71389999923,2573104.0,0.007933785317496599,0,28,0.0,0.0,0.0,0.0,0.0,206,0
2024-03-19,-0.005935963506042419,-0.006593739436927332,0.0006577759308849136,1.2891428569500023,1.014397735846692,1.2486484712899233,2578285.7138999994,20577.71389999923,2557708.0,0.00798116119911036,0,28,0.0,0.0,0.0,0.0,0.0,206,0
2024-03-20,0.009554410462422336,0.006349786962755016,0.00320462349966732,1.3014598569500024,1.0208389453648197,1.2526499195238425,2602919.7138999994,20577.71389999923,2582342.0,0.007905627588169937,0,28,0.0,0.0,0.0,0.0,0.0,206,0
2024-03-21,0.0005309422309953682,0.00187082935058309,-0.0013398871195877218,1.3021508569500024,1.0227487608260266,1.25097151003132,2604301.7138999994,20577.71389999923,2583724.0,0.007901432384031898,0,28,0.0,0.0,0.0,0.0,0.0,206,0
2024-03-22,-0.007660786725867896,-0.008348801357392273,0.0006880146315243769,1.2921753569500023,1.0142100345833711,1.2518321967338417,2584350.7138999994,20577.71389999923,2563773.0,0.007962430868736757,0,28,0.0,0.0,0.0,0.0,0.0,206,0
2024-03-25,0.0012595039761797988,-0.004074677070924681,0.0053341810471044795,1.2938028569500024,1.0100774562103525,1.2585096963118143,2587605.7138999994,20577.71389999923,2567028.0,0.007952414770712814,0,28,0.0,0.0,0.0,0.0,0.0,206,0
2024-03-26,0.007789440211747323,0.006869473513309756,0.0009199666984375668,1.3038808569500022,1.0170161565421807,1.259667483322082,2607761.7138999994,20577.71389999923,2587184.0,0.007890948697618748,0,28,0.0,0.0,0.0,0.0,0.0,206,0
2024-03-27,-0.0074792109631945936,-0.011889724113139093,0.004410513149944499,1.2941288569500022,1.0049241150222892,1.2652232633218317,2588257.7138999994,20577.71389999923,2567680.0,0.007950411502490078,0,28,0.0,0.0,0.0,0.0,0.0,206,0
2024-03-28,0.00020786183582521822,0.005540886510615904,-0.005333024674790686,1.2943978569500023,1.0104922854954088,1.258475796439417,2588795.7138999994,20577.71389999923,2568218.0,0.007948759258798012,0,28,0.0,0.0,0.0,0.0,0.0,206,0
2024-03-29,0.014129349721803797,0.012404240433247848,0.001725109288555949,1.3126868569500023,1.023026674760636,1.2606468047252777,2625373.7138999994,20577.71389999923,2604796.0,0.007838013228764672,0,28,0.0,0.0,0.0,0.0,0.0,206,0
2024-04-01,-0.0010983881969764964,0.00829717279695803,-0.009395560993934526,1.3112450172000023,1.0315149038570224,1.2488023207796726,2622490.0343999993,19116.03439999916,2603374.0,0.0072892686527873595,28,28,988372.0,987560.0,649.6795,0.0,0.0,206,1
2024-04-02,0.007734633777031874,0.008886117425284784,-0.0011514836482529097,1.3213870172000022,1.0406810664186272,1.2473643453273946,2642774.0343999993,19116.03439999916,2623658.0,0.007233321559532864,0,28,0.0,0.0,0.0,0.0,0.0,206,0
2024-04-03,0.0029226865026898974,0.001774180362423512,0.0011485061402663854,1.3252490172000022,1.0425274223302132,1.2487969509371524,2650498.0343999993,19116.03439999916,2631382.0,0.007212242435911299,0,28,0.0,0.0,0.0,0.0,0.0,206,0
2024-04-08,0.006686290565015129,0.008537713555762775,-0.0018514229907476455,1.3341100172000022,1.0514282228360963,1.2464848995514117,2668220.0343999993,19116.03439999916,2649104.0,0.007164339579774488,0,28,0.0,0.0,0.0,0.0,0.0,206,0
2024-04-09,-0.0014219217122598549,-0.0012479925161645678,-0.0001739291960952871,1.3322130172000022,1.0501160482827125,1.2462680994348878,2664426.0343999993,19116.03439999916,2645310.0,0.007174541215704601,0,28,0.0,0.0,0.0,0.0,0.0,206,0
2024-04-10,0.0016866672003570393,0.0009025615591229795,0.0007841056412340598,1.334460017200002,1.0510638426605106,1.2472453052821448,2668920.0343999993,19116.03439999916,2649804.0,0.007162460528457399,0,28,0.0,0.0,0.0,0.0,0.0,206,0
2024-04-11,0.00868328751003955,0.009079150937413249,-0.0003958634273736987,1.346047517200002,1.060606609932883,1.24675156648082,2692095.0343999993,19116.03439999916,2672979.0,0.00710080222121863,0,28,0.0,0.0,0.0,0.0,0.0,206,0
2024-04-12,-0.004758004392981907,-0.01013392613754025,0.005375921744558343,1.339643017200002,1.0498585008868362,1.2534540053371264,2679286.0343999993,19116.03439999916,2660170.0,0.007134749390159836,0,28,0.0,0.0,0.0,0.0,0.0,206,0
2024-04-15,0.015396265822449795,-0.003989296561858328,0.019385562384308122,1.360268517200002,1.0456703039788107,1.2777529161534502,2720537.0343999993,19116.03439999916,2701421.0,0.00702656650443838,0,28,0.0,0.0,0.0,0.0,0.0,206,0
2024-04-16,-0.013888066775879393,-0.03677457033365567,0.02288650355777628,1.341377017200002,1.0072162278393266,1.3069962128149553,2682754.0343999993,19116.03439999916,2663638.0,0.007125526289358272,0,28,0.0,0.0,0.0,0.0,0.0,206,0
2024-04-17,0.017849567789657517,0.032672431912013945,-0.014822864122356429,1.365320017200002,1.0401244314640825,1.2876227855439648,2730640.0343999993,19116.03439999916,2711524.0,0.007000569155648341,0,28,0.0,0.0,0.0,0.0,0.0,206,0
2024-04-18,-0.007725295071576599,-0.009461995518891991,0.001736700447315392,1.3547725172000018,1.0302827787544793,1.2898590006115926,2709545.0343999993,19116.03439999916,2690429.0,0.0070550716660194605,0,28,0.0,0.0,0.0,0.0,0.0,206,0
2024-04-19,0.001858245549004156,0.0036943222447173977,-0.0018360766957132416,1.3572900172000018,1.0340889753423812,1.2874907205598136,2714580.0343999993,19116.03439999916,2695464.0,0.007041985927014436,0,28,0.0,0.0,0.0,0.0,0.0,206,0
2024-04-22,-0.00792903496203512,-0.010358216298718479,0.002429181336683359,1.3465280172000016,1.0233776580636647,1.2906182689893506,2693056.0343999993,19116.03439999916,2673940.0,0.007098268344890984,0,28,0.0,0.0,0.0,0.0,0.0,206,0
2024-04-23,-0.009988652169279244,-0.004898667837270461,-0.005089984332008783,1.3330780172000014,1.018364470844727,1.2840490422215904,2666156.0343999993,19116.03439999916,2647040.0,0.007169885840646643,0,28,0.0,0.0,0.0,0.0,0.0,206,0
2024-04-24,0.007418545555774703,0.010096220974373508,-0.002677675418598806,1.3429675172000015,1.0286461035748264,1.2806107756649585,2685935.0343999993,19116.03439999916,2666819.0,0.007117087403519206,0,28,0.0,0.0,0.0,0.0,0.0,206,0
2024-04-25,0.008682265096262576,0.006591917453872668,0.002090347642389908,1.3546275172000015,1.0354268537788394,1.2832876973806888,2709255.0343999993,19116.03439999916,2690139.0,0.0070558268443829475,0,28,0.0,0.0,0.0,0.0,0.0,206,0
2024-04-26,-0.008235105118090558,-0.002575434704734175,-0.0056596704133563824,1.3434720172000014,1.0327601795254036,1.276024711967999,2686944.0343999993,19116.03439999916,2667828.0,0.007114414798098991,0,28,0.0,0.0,0.0,0.0,0.0,206,0
2024-04-29,-0.002616727371312799,0.01197016781867077,-0.01458689518998357,1.3399565172000014,1.0451224921907631,1.2574114732346928,2679913.0343999993,19116.03439999916,2660797.0,0.007133080124101495,0,28,0.0,0.0,0.0,0.0,0.0,206,0
2024-04-30,0.008848421458313771,0.003067705536886703,0.005780715921427068,1.3518130172000014,1.0483286202467814,1.2646802117578058,2703626.0343999993,19116.03439999916,2684510.0,0.007070517207917579,0,28,0.0,0.0,0.0,0.0,0.0,206,0
2024-05-06,0.01326144945484553,0.02091374201110557,-0.0076522925562600395,1.3697400172000014,1.070253094553481,1.2550025087873222,2739480.0343999993,19116.03439999916,2720364.0,0.006977979090906553,0,28,0.0,0.0,0.0,0.0,0.0,206,0
2024-05-07,-0.005070670282524059,-0.004553985491750901,-0.0005166847907731578,1.3627945172000013,1.065379177488383,1.2543540680786496,2725589.0343999993,19116.03439999916,2706473.0,0.007013542452194115,0,28,0.0,0.0,0.0,0.0,0.0,206,0
2024-05-08,-0.003097679031372591,-0.0005169566330086145,-0.0025807223983639765,1.3585730172000015,1.064828422655911,1.2511169284396801,2717146.0343999993,19116.03439999916,2698030.0,0.007035335663959029,0,28,0.0,0.0,0.0,0.0,0.0,206,0
2024-05-09,0.008561556760469324,0.010132000574040423,-0.0015704438135710989,1.3702045172000012,1.0756172648455153,1.249152119599358,2740409.0343999993,19116.03439999916,2721293.0,0.006975613552589435,0,28,0.0,0.0,0.0,0.0,0.0,206,0
2024-05-10,0.0052494353286021145,0.011293160467999275,-0.00604372513939716,1.3773973172000011,1.0877643832195663,1.241602587531204,2754794.634399999,22885.63439999916,2731909.0,0.008307564605440618,0,28,0.0,0.0,0.0,3769.6,0.0,206,0
2024-05-13,0.012453559903013334,0.01572772386569505,-0.0032741639626817157,1.3945508172000012,1.1048724410697817,1.2375373770831368,2789101.634399999,22885.63439999916,2766216.0,0.008205378433591,0,28,0.0,0.0,0.0,0.0,0.0,206,0
2024-05-14,-0.002794089646602771,-0.0034020457027314796,0.0006079560561287087,1.3906543172000012,1.1011136145295737,1.2382897454262203,2781308.634399999,27325.63439999916,2753983.0,0.009824740074520357,0,28,0.0,0.0,0.0,4440.0,0.0,206,0
2024-05-15,-0.005407713410145898,-0.014290534740637103,0.008882821330491205,1.3831340572000015,1.0853781121677504,1.2492892519902208,2766268.1143999994,29706.11439999916,2736562.0,0.010738696746480187,0,28,0.0,0.0,0.0,2380.48,0.0,206,0
2024-05-16,-0.0030868302156069616,-0.002912319848467348,-0.00017451036713961353,1.3788645572000016,1.0822171439485924,1.2490712380641924,2757729.1143999994,29706.11439999916,2728023.0,0.010771947920803068,0,28,0.0,0.0,0.0,0.0,0.0,206,0
2024-05-17,0.007898527772818964,0.009210539765117712,-0.0013120119922987485,1.3897555572000015,1.0921849479874228,1.2474324416206166,2779511.1143999994,29706.11439999916,2749805.0,0.01068753215128326,0,28,0.0,0.0,0.0,0.0,0.0,206,0
2024-05-20,0.007379715049071756,0.010000015827947961,-0.0026203007788762056,1.4000115572000016,1.1031068147543437,1.2441637934222427,2800023.1143999994,29706.11439999916,2770317.0,0.0106092389906448,0,28,0.0,0.0,0.0,0.0,0.0,206,0
2024-05-21,0.002929618672722123,-0.003825449731791853,0.006755068404513976,1.4041130572000016,1.0988869350857038,1.2525682049532294,2808226.1143999994,29706.11439999916,2778520.0,0.010578248755565794,0,28,0.0,0.0,0.0,0.0,0.0,206,0
2024-05-22,0.0011256216099519989,0.00027519164477452743,0.0008504299651774715,1.4056935572000016,1.0991893395887913,1.2536334264881501,2811387.1143999994,29706.11439999916,2781681.0,0.0105663550379966,0,28,0.0,0.0,0.0,0.0,0.0,206,0
2024-05-23,-0.010319816809074345,-0.01713045061384588,0.006810633804771534,1.3911870572000016,1.0803597308916997,1.262171464681382,2782374.1143999994,29706.11439999916,2752668.0,0.010676534922553032,0,28,0.0,0.0,0.0,0.0,0.0,206,0
2024-05-24,0.006264793763637755,0.013053789680058412,-0.006788995916420657,1.3999025572000017,1.0944625195975644,1.2536025877618373,2799805.1143999994,29706.11439999916,2770099.0,0.010610065053176104,0,28,0.0,0.0,0.0,0.0,0.0,206,0
2024-05-27,0.015903964090565825,0.01292971924180325,0.002974244848762575,1.4221665572000017,1.1086136126966375,1.2573311088008834,2844333.1143999994,29706.11439999916,2814627.0,0.01044396461497638,0,28,0.0,0.0,0.0,0.0,0.0,206,0
2024-05-28,-0.006300893488623949,0.005745175155913058,-0.012046068644537007,1.4132056372000015,1.1149827920818092,1.242185211955356,2826411.274399999,32662.274399999158,2793749.0,0.011556094010746127,0,28,0.0,0.0,0.0,2956.16,0.0,206,0
2024-05-29,0.00253147872172943,-0.003665583299314457,0.006197062021043887,1.4167831372000013,1.1108957297801312,1.2498831107554669,2833566.274399999,32662.274399999158,2800904.0,0.011526913873548032,0,28,0.0,0.0,0.0,0.0,0.0,206,0
2024-05-30,-0.013791101465687294,-0.01964447345779175,0.005853371992104457,1.3972441372000013,1.0890727681020913,1.2571991415493675,2794488.274399999,32662.274399999158,2761826.0,0.011688105725550783,0,28,0.0,0.0,0.0,0.0,0.0,206,0
2024-05-31,-0.0018121385752055685,-0.0036013076617571705,0.001789169086551602,1.3947121372000013,1.0851506819981143,1.259448483389067,2789424.274399999,32662.274399999158,2756762.0,0.011709324644428558,0,28,0.0,0.0,0.0,0.0,0.0,206,0
2024-06-03,-0.009970874726822454,-0.017830815800476917,0.007859941073654463,1.3808056372000013,1.065801560071644,1.2693476742538083,2761611.274399999,32662.274399999158,2728949.0,0.01182725269945732,0,28,0.0,0.0,0.0,0.0,0.0,206,0
2024-06-04,0.014555632928002549,0.010536051149281174,0.004019581778721375,1.400904137200001,1.0770308998235425,1.2744499210361013,2801808.274399999,32662.274399999158,2769146.0,0.011657569398460611,0,28,0.0,0.0,0.0,0.0,0.0,206,0
2024-06-05,-0.00559959799653309,-0.01682738547792415,0.011227787481391058,1.393059637200001,1.0589072857005761,1.2887591739051703,2786119.274399999,32662.274399999158,2753457.0,0.011723214687940128,0,28,0.0,0.0,0.0,0.0,0.0,206,0
2024-06-06,-0.00319261277926286,-0.013598832280417241,0.010406219501154381,1.388612137200001,1.0445073831218221,1.3021702847529537,2777224.274399999,32662.274399999158,2744562.0,0.011760762247786282,0,28,0.0,0.0,0.0,0.0,0.0,206,0
2024-06-07,0.02083713603306392,0.020859502384006228,-2.2366350942309293e-05,1.417546837200001,1.0662952873701639,1.3021411599553783,2835093.674399999,38820.67439999916,2796273.0,0.013692907134087877,0,28,0.0,0.0,0.0,6158.4,0.0,206,0
2024-06-11,-0.019039229810077996,-0.011847964919804546,-0.00719126489027345,1.3905578372000011,1.0536618582112494,1.2927771179496113,2781115.674399999,38820.67439999916,2742295.0,0.013958669449581372,0,28,0.0,0.0,0.0,0.0,0.0,206,0
2024-06-12,0.004993679381205984,0.007642612147402835,-0.0026489327661968504,1.3975018372000012,1.0617145871280698,1.2893526382824851,2795003.674399999,38820.67439999916,2756183.0,0.013889310685193557,0,28,0.0,0.0,0.0,0.0,0.0,206,0
2024-06-13,-0.010311256569702665,-0.007164523769214248,-0.003146732800488417,1.3830918372000012,1.054107907732469,1.2852953900442055,2766183.674399999,41832.67439999916,2724351.0,0.015122883844317715,0,28,0.0,0.0,0.0,3012.0,0.0,206,0
2024-06-14,-0.001459772912901669,0.0003172319698624597,-0.0017770048827641287,1.3810728372000012,1.0544423044604867,1.2830114138603026,2762145.674399999,48004.67439999916,2714141.0,0.017379486840579786,0,28,0.0,0.0,0.0,6172.0,0.0,206,0
2024-06-17,-0.0066444721471783375,-0.012039437538388134,0.005394965391209797,1.3718963372000013,1.0417474121981007,1.289933216034606,2743792.674399999,48004.67439999916,2695788.0,0.01749573677628417,0,28,0.0,0.0,0.0,0.0,0.0,206,0
2024-06-18,0.00918407583601799,0.005469761845039741,0.0037143139909782494,1.3844959372000014,1.0474455224455108,1.294724433026351,2768991.874399999,49471.87439999916,2719520.0,0.017866384823075367,0,28,0.0,0.0,0.0,1467.2,0.0,206,0
2024-06-19,0.0012549693742791579,-0.005006427455395442,0.0062613968296746,1.3862334372000014,1.0422015624239085,1.3028312164866043,2772466.874399999,49471.87439999916,2722995.0,0.017843991160653837,0,28,0.0,0.0,0.0,0.0,0.0,206,0
2024-06-20,-0.002317286478450864,-0.011888051182851751,0.009570764704400887,1.3830211372000014,1.029811816906965,1.315300307509146,2766042.274399999,51226.27439999916,2714816.0,0.01851970046665718,0,28,0.0,0.0,0.0,1754.4,0.0,206,0
2024-06-21,0.0012342544550374424,0.001976974682241497,-0.0007427202272040547,1.3847281372000015,1.0318477287964631,1.3143234073659114,2769456.274399999,51226.27439999916,2718230.0,0.018496870621688113,0,28,0.0,0.0,0.0,0.0,0.0,206,0
2024-06-24,-0.010481118719337323,-0.014780718960125554,0.00429960024078823,1.3702146372000015,1.0165962775074788,1.3199744726046954,2740429.274399999,51226.27439999916,2689203.0,0.0186927919937707,0,28,0.0,0.0,0.0,0.0,0.0,206,0
2024-06-25,0.004589572924757812,0.0009385453473671689,0.0036510275773906434,1.3765033372000015,1.0175503992138841,1.3247937358056268,2753006.674399999,54888.67439999916,2698118.0,0.019937719334429806,0,28,0.0,0.0,0.0,3662.4,0.0,206,0
2024-06-26,0.0043872033120415654,0.009751995186117116,-0.0053647918740755505,1.3825423372000016,1.0274735458086495,1.3176864931369505,2765084.674399999,54888.67439999916,2710196.0,0.019850630582193492,0,28,0.0,0.0,0.0,0.0,0.0,206,0
2024-06-27,-0.0002232843014595698,-0.00938080241813786,0.00915751811667829,1.3822336372000017,1.017835019485555,1.3297532310699545,2764467.274399999,62626.27439999916,2701841.0,0.02265401185246137,0,28,0.0,0.0,0.0,7737.6,0.0,206,0
2024-06-28,0.016190736064949363,0.014918838657442033,0.0012718974075073292,1.404613017200002,1.0330199359211543,1.3314445407571769,2809226.0343999993,68917.03439999915,2740309.0,0.024532392038264232,0,28,0.0,0.0,0.0,6290.76,0.0,206,0
2024-07-01,0.016411910161528542,0.01919015688430155,-0.002778246722773006,1.427665399850002,1.0528437505560924,1.3277454593252642,2855330.7996999994,21165.79969999935,2834165.0,0.007412731198158606,28,28,1161552.0,1114542.0,741.2347,0.0,0.0,206,1
2024-07-02,0.012362490540048343,0.007901943083660408,0.004460547456387935,1.4453148998500018,1.0611632619489741,1.3336679309565882,2890629.7996999994,21165.79969999935,2869464.0,0.007322210440851338,0,28,0.0,0.0,0.0,0.0,0.0,206,0
2024-07-03,-0.002076018174524741,-0.006985380430534469,0.004909362256009729,1.4423143998500019,1.0537506328653536,1.340215389958877,2884628.7996999994,21165.79969999935,2863463.0,0.007337443106094131,0,28,0.0,0.0,0.0,0.0,0.0,206,0
2024-07-04,-0.005683573568184941,-0.014003988203266083,0.008320414635081142,1.4341168998500018,1.038993921433523,1.3513665377036517,2868233.7996999994,21165.79969999935,2847068.0,0.0073793843801063805,0,28,0.0,0.0,0.0,0.0,0.0,206,0
2024-07-05,-0.007468986664281196,-0.001728324257273402,-0.005740662407007794,1.4234054998500019,1.03719820303595,1.343608798622568,2846810.9996999996,25108.99969999935,2821702.0,0.008820044499843988,0,28,0.0,0.0,0.0,3943.2,0.0,206,0
2024-07-08,-0.00017423004198457992,-0.00961372825360777,0.00943949821162319,1.4231574998500018,1.027226861366832,1.356291791474287,2846314.9996999996,25108.99969999935,2821206.0,0.00882158148435638,0,28,0.0,0.0,0.0,0.0,0.0,206,0
2024-07-09,0.019279665112885924,0.0147143846292894,0.004565280483596524,1.450595499850002,1.0423418725065214,1.3624836439199666,2901190.9996999996,25108.99969999935,2876082.0,0.00865472135498689,0,28,0.0,0.0,0.0,0.0,0.0,206,0
2024-07-10,-0.016166808736429283,-0.015295706741383672,-0.000871101995045611,1.427143999850002,1.0263985169003969,1.361296781699531,2854287.9996999996,29460.99969999935,2824827.0,0.010321663302054961,0,28,0.0,0.0,0.0,4352.0,0.0,206,0
2024-07-11,0.0003020017601904623,0.014355673111785634,-0.014053671351595172,1.4275749998500018,1.0411331584914405,1.3421655641175416,2855149.9996999996,31108.99969999935,2824041.0,0.010895749681546706,0,28,0.0,0.0,0.0,1648.0,0.0,206,0
2024-07-12,0.0025651892197500192,0.00010514095847377193,0.0024600482612762474,1.4312369998500016,1.041242624229623,1.3454673561798938,2862473.9996999996,35396.999699999345,2827077.0,0.012365876407509418,0,28,0.0,0.0,0.0,4288.0,0.0,206,0
2024-07-15,0.005576365061018107,-0.004315284322291648,0.009891649383309754,1.4392180998500015,1.036749366257583,1.3587762475239138,2878436.1996999993,39554.19969999934,2838882.0,0.01374155859494882,0,28,0.0,0.0,0.0,4157.2,0.0,206,0
2024-07-16,-0.00500910876589955,-0.002950312368229214,-0.0020587963976703362,1.4320088998500016,1.0336906317795596,1.3559788038802716,2864017.7996999994,43843.79969999934,2820174.0,0.015308494138755667,0,28,0.0,0.0,0.0,4289.6,0.0,206,0
2024-07-17,-0.008526846447168723,-0.009273863960002845,0.0007470175128341215,1.4197983798500016,1.0241043254837066,1.356991743793802,2839596.7596999994,45928.75969999934,2793668.0,0.01617439502390884,0,28,0.0,0.0,0.0,2084.96,0.0,206,0
2024-07-18,0.00881860423120262,0.005866291904437469,0.002952312326765151,1.4323190198500013,1.030112020397591,1.360998007246323,2864638.039699999,49036.03969999934,2815602.0,0.017117708771728336,0,28,0.0,0.0,0.0,3107.2799999999997,0.0,206,0
2024-07-19,-0.006096407210255728,-0.0020422360916958495,-0.004054171118559878,1.4235870198500014,1.0280082884510453,1.3554802884329273,2847174.039699999,49036.03969999934,2798138.0,0.017222705397091274,0,28,0.0,0.0,0.0,0.0,0.0,206,0
2024-07-22,-0.008852637614894743,-0.003919061728161613,-0.00493357588673313,1.4109845198500013,1.023979460511544,1.3487929235669724,2821969.039699999,49036.03969999934,2772933.0,0.017376533551626886,0,28,0.0,0.0,0.0,0.0,0.0,206,0
2024-07-23,0.0003107759113094577,-0.0038567771751367107,0.004167553086446169,1.4114230198500013,1.0200301999004342,1.3544140896785608,2822846.039699999,49036.03969999934,2773810.0,0.017371135021310158,0,28,0.0,0.0,0.0,0.0,0.0,206,0
2024-07-24,0.00622846579400016,0.0020340257505854714,0.004194440043414688,1.4202140198500015,1.0221049675934066,1.3600950983716735,2840428.039699999,49036.03969999934,2791392.0,0.017263609221791248,0,28,0.0,0.0,0.0,0.0,0.0,206,0
2024-07-25,-0.00017743804558878473,0.0034673919047631353,-0.00364482995035192,1.4199620198500016,1.0256490060838583,1.3551377830218017,2839924.039699999,49036.03969999934,2790888.0,0.017266672986499792,0,28,0.0,0.0,0.0,0.0,0.0,206,0
2024-07-26,-0.0037946789594900387,0.003384822076948232,-0.00717950103643827,1.414573719850002,1.029120645482851,1.3454085699040799,2829147.4396999995,52006.43969999934,2777141.0,0.018382371653813158,0,28,0.0,0.0,0.0,2970.4,0.0,206,0
2024-07-29,0.010576684544645998,0.0072041465476438225,0.0033725379970021754,1.4295352198500018,1.0365345814281153,1.3499460114275739,2859070.4396999995,52006.43969999934,2807064.0,0.01818998195282532,0,28,0.0,0.0,0.0,0.0,0.0,206,0
2024-07-30,-0.001808280036829868,0.001000175383169338,-0.002808455419999206,1.4269502198500017,1.0375712978002636,1.3461547482350738,2853900.4396999995,52006.43969999934,2801894.0,0.018222934120808443,0,28,0.0,0.0,0.0,0.0,0.0,206,0
2024-07-31,-0.0013756611637134597,0.010031863159128188,-0.011407524322841648,1.4249872198500018,1.047980071077635,1.3307984552022734,2849974.4396999995,52006.43969999934,2797968.0,0.018248037236949313,0,28,0.0,0.0,0.0,0.0,0.0,206,0
2024-08-01,0.010746061288614106,-0.0006731129883062361,0.011419174276920342,1.4403002198500017,1.0472746620803066,1.3459950746896845,2880600.4396999995,52006.43969999934,2828594.0,0.01805402755038653,0,28,0.0,0.0,0.0,0.0,0.0,206,0
2024-08-02,-0.004797610876376646,-0.0072833286554938054,0.00248571777911716,1.4333902198500017,1.0396470165238045,1.3493408385774448,2866780.4396999995,52006.43969999934,2814774.0,0.01814106130340476,0,28,0.0,0.0,0.0,0.0,0.0,206,0
2024-08-05,-0.01347888365111205,-0.017193852448272956,0.0037149687971609058,1.4140697198500016,1.021771479123407,1.354353597689495,2828139.4396999995,52006.43969999934,2776133.0,0.018388923463234907,0,28,0.0,0.0,0.0,0.0,0.0,206,0
2024-08-06,-0.0057500700890918965,0.0036769619241923458,-0.009427032013284242,1.4059387198500015,1.0255284939473694,1.3415860629667695,2811877.4396999995,52006.43969999934,2759871.0,0.01849527257686876,0,28,0.0,0.0,0.0,0.0,0.0,206,0
2024-08-07,0.0022380065045335407,0.005848642836359577,-0.0036106363318260367,1.4090852198500015,1.0315264438269773,1.3367420835855504,2818170.4396999995,52006.43969999934,2766164.0,0.01845397246645435,0,28,0.0,0.0,0.0,0.0,0.0,206,0
2024-08-08,0.002150402230691517,-0.0004447499521974353,0.0025951521828889526,1.4121153198500014,1.0310676724903949,1.3402111327217268,2824230.6396999992,53201.63969999934,2771029.0,0.01883756905408073,0,28,0.0,0.0,0.0,1195.1999999999998,0.0,206,0
2024-08-09,-0.003196268701680438,-0.0042098223458962025,0.0010135536442157644,1.4076018198500013,1.0267270607626136,1.3415695085993153,2815203.6396999992,53201.63969999934,2762002.0,0.018897972050671525,0,28,0.0,0.0,0.0,0.0,0.0,206,0
2024-08-12,-0.0009438038380353841,-0.0016124092229557116,0.0006686053849203275,1.4062733198500013,1.0250715565803816,1.3424664891970097,2812546.6396999992,53201.63969999934,2759345.0,0.018915824878791735,0,28,0.0,0.0,0.0,0.0,0.0,206,0
2024-08-13,0.007531963986296741,0.004353308958146846,0.0031786550281498955,1.4168653198500014,1.0295340097703847,1.3467337270530184,2833730.6396999992,53201.63969999934,2780529.0,0.018774416648729773,0,28,0.0,0.0,0.0,0.0,0.0,206,0
2024-08-14,0.0015827192384363364,-0.0006474732877949193,0.002230192526231256,1.4191078198500013,1.028867414000182,1.3497372025459158,2838215.6396999992,53201.63969999934,2785014.0,0.018744748973909105,0,28,0.0,0.0,0.0,0.0,0.0,206,0
2024-08-15,0.01003693997085131,0.006611048592599115,0.0034258913782521955,1.4333513198500014,1.035669306469479,1.354361255591024,2866702.6396999992,53201.63969999934,2813501.0,0.018558478637870475,0,28,0.0,0.0,0.0,0.0,0.0,206,0
2024-08-16,2.4767131064251657e-05,-0.0076450714813947294,0.007669838612458981,1.4333868198500013,1.0277515405904334,1.3647489878443744,2866773.6396999992,53201.63969999934,2813572.0,0.018558019008981384,0,28,0.0,0.0,0.0,0.0,0.0,206,0
2024-08-19,0.01269510766249704,0.005730581706450707,0.006964525956046333,1.4515838198500013,1.0336411547677176,1.3742538175937045,2903167.6396999992,53201.63969999934,2849966.0,0.01832537638284538,0,28,0.0,0.0,0.0,0.0,0.0,206,0
2024-08-20,-0.0070378298933200245,-0.012058478019768564,0.00502064812644854,1.4413678198500013,1.0211770156226228,1.381153462448271,2882735.6396999992,53201.63969999934,2829534.0,0.018455261373025496,0,28,0.0,0.0,0.0,0.0,0.0,206,0
2024-08-21,-0.007524449936123001,-0.006183463824279538,-0.001340986111843463,1.4305223198500012,1.0148626044883344,1.3793013548368036,2861044.6396999992,53201.63969999934,2807843.0,0.018595179873033336,0,28,0.0,0.0,0.0,0.0,0.0,206,0
2024-08-22,0.004735333315673218,0.0003977233601963671,0.004337609955476851,1.437296319850001,1.0152662390535292,1.3852842261251463,2874592.6396999992,53201.63969999934,2821391.0,0.018507540499912923,0,28,0.0,0.0,0.0,0.0,0.0,206,0
2024-08-23,-0.005310595939462592,-0.004819816332259875,-0.0004907796072027171,1.4296634198500011,1.010372842252947,1.3846043568767845,2859326.8396999994,53400.839699999335,2805926.0,0.018676018060811178,0,28,0.0,0.0,0.0,199.20000000000002,0.0,206,0
2024-08-26,-0.004047805881895683,0.0030435218379118076,-0.007091327719807491,1.4238764198500011,1.013447934062777,1.374785673619898,2847752.8396999994,53400.839699999335,2794352.0,0.01875192220179646,0,28,0.0,0.0,0.0,0.0,0.0,206,0
2024-08-27,0.0004027737182841218,-0.008285676099611002,0.008688449817895124,1.4244499198500011,1.0050508327373129,1.3867304299555057,2848899.8396999994,53400.839699999335,2795499.0,0.01874437246120336,0,28,0.0,0.0,0.0,0.0,0.0,206,0
2024-08-28,-0.0036884413602643606,-0.00034944999697764936,-0.0033389913632867114,1.419195919850001,1.0046996177268506,1.3821001490266773,2838391.8396999994,53400.839699999335,2784991.0,0.01881376593361524,0,28,0.0,0.0,0.0,0.0,0.0,206,0
2024-08-29,-0.022433829998162014,-0.00985469491579091,-0.012579135082371103,1.387357919850001,0.9947986095121407,1.3647145245547057,2774715.8396999994,53400.839699999335,2721315.0,0.019245516580816073,0,28,0.0,0.0,0.0,0.0,0.0,206,0
2024-08-30,-0.009668377430281483,0.0007888298386959041,-0.010457207268977387,1.373944419850001,0.9955833363388171,1.3504434219084531,2747888.8396999994,53400.839699999335,2694488.0,0.019433406085607657,0,28,0.0,0.0,0.0,0.0,0.0,206,0
2024-09-02,0.004341878691607626,-0.0023391170515367674,0.006680995743144394,1.3799099198500009,0.9932545503805611,1.3594657286615808,2759819.8396999994,53400.839699999335,2706419.0,0.019349393366852586,0,28,0.0,0.0,0.0,0.0,0.0,206,0
2024-09-03,-0.01179134939603066,-0.008172683833353948,-0.003618665562676711,1.363638919850001,0.9851369949742607,1.3545462768456338,2727277.8396999994,53400.839699999335,2673877.0,0.019580271185671873,0,28,0.0,0.0,0.0,0.0,0.0,206,0
2024-09-04,-0.0008737650287445886,-0.004716344405504639,0.0038425793767600507,1.362447419850001,0.9804907496193582,1.359751228433908,2724894.8396999994,53400.839699999335,2671494.0,0.019597394703818577,0,28,0.0,0.0,0.0,0.0,0.0,206,0
2024-09-05,0.0025362446650458725,0.004091617289967766,-0.001555372624921893,1.365902919850001,0.9845025425231544,1.357636308596498,2731805.8396999994,53400.839699999335,2678405.0,0.01954781665810616,0,28,0.0,0.0,0.0,0.0,0.0,206,0
2024-09-06,-0.0023354514831480655,-0.007453356386154263,0.005117904903006197,1.362712919850001,0.9771646942106543,1.3645845621167632,2725425.8396999994,53400.839699999335,2672025.0,0.01959357650541591,0,28,0.0,0.0,0.0,0.0,0.0,206,0
2024-09-09,-0.014313726475967514,-0.00909687931094516,-0.005216847165022354,1.343207419850001,0.9682755449205034,1.357465733012451,2686414.8396999994,53400.839699999335,2633014.0,0.019878106281590813,0,28,0.0,0.0,0.0,0.0,0.0,206,0
2024-09-10,-0.0005978227845775397,0.0014053478456088277,-0.0020031706301863674,1.3424044198500011,0.9696363088715132,1.3547464975245962,2684808.8396999994,53400.839699999335,2631408.0,0.019889996974967628,0,28,0.0,0.0,0.0,0.0,0.0,206,0
2024-09-11,-0.025323963104798675,-0.01900371604155963,-0.0063202470632390435,1.3084094198500011,0.951209615794133,1.3461841649521828,2616818.8396999994,53400.839699999335,2563418.0,0.02040677745430837,0,28,0.0,0.0,0.0,0.0,0.0,206,0
2024-09-12,0.005480700376509162,0.006178600434677085,-0.0006979000581679232,1.3155804198500012,0.9570867599397477,1.345244662945158,2631160.8396999994,53400.839699999335,2577760.0,0.020295543660526664,0,28,0.0,0.0,0.0,0.0,0.0,206,0
2024-09-13,-0.0029184836913563883,-0.001639393334942707,-0.0012790903564136812,1.3117409198500012,0.9555177182845406,1.3435239734697677,2623481.8396999994,53400.839699999335,2570081.0,0.02035494924794518,0,28,0.0,0.0,0.0,0.0,0.0,206,0
2024-09-18,0.005983651101543419,0.0031631458933376448,0.0028205052082057743,1.3195899198500012,0.9585401602311436,1.3473133898342884,2639179.8396999994,53400.839699999335,2585779.0,0.020233876788809325,0,28,0.0,0.0,0.0,0.0,0.0,206,0
2024-09-19,-0.0008498852432333726,0.01331052929376433,-0.014160414536997703,1.3184684198500012,0.9712988371131498,1.3282348737229872,2636936.8396999994,53400.839699999335,2583536.0,0.02025108788956609,0,28,0.0,0.0,0.0,0.0,0.0,206,0
2024-09-20,-0.0030133448326749024,-0.0023683759960554597,-0.0006449688366194427,1.3144954198500012,0.9689984362623344,1.3273782036217248,2628990.8396999994,53400.839699999335,2575590.0,0.020312295841279172,0,28,0.0,0.0,0.0,0.0,0.0,206,0
2024-09-23,0.009264391352074686,0.007386758557277145,0.0018776327947975409,1.3266734198500014,0.9761561937533834,1.3298705324679445,2653346.8396999994,53400.839699999335,2599946.0,0.0201258421631893,0,28,0.0,0.0,0.0,0.0,0.0,206,0
2024-09-24,0.03327005677477923,0.034217202390076626,-0.0009471456152973928,1.3708119198500015,1.0095575277993698,1.3286109514242044,2741623.8396999994,53400.839699999335,2688223.0,0.01947781417958588,0,28,0.0,0.0,0.0,0.0,0.0,206,0
2024-09-25,0.015444496574203104,0.013332354221479641,0.0021121423527234624,1.3919834198500016,1.0230173063669523,1.3314171668849997,2783966.8396999994,53400.839699999335,2730566.0,0.01918156457127694,0,28,0.0,0.0,0.0,0.0,0.0,206,0
2024-09-26,0.023211483369163677,0.023197577826264526,1.3905542899150802e-05,1.4242934198500015,1.0467488299490153,1.3314356809635304,2848586.8396999994,53400.839699999335,2795186.0,0.018746432074938348,0,28,0.0,0.0,0.0,0.0,0.0,206,0
2024-09-27,0.005871683378892989,0.02027615257834788,-0.01440446919945489,1.4326564198500014,1.0679728689362686,1.3122570567060359,2865312.8396999994,53400.839699999335,2811912.0,0.01863700150298089,0,28,0.0,0.0,0.0,0.0,0.0,206,0
2024-09-30,0.06294740228745299,0.07276476370126654,-0.00981736141381355,1.5228384198500016,1.1456836623837798,1.2993741549125255,3045676.8396999994,53400.839699999335,2992276.0,0.017533324285730637,0,28,0.0,0.0,0.0,0.0,0.0,206,0
2024-10-08,0.016609570864708934,0.026715545753062727,-0.010105974888353794,1.5481321125000016,1.1762912266847303,1.2862427123324036,3096264.224999999,153203.2249999992,2943061.0,0.04948002297833585,28,27,993458.0,1093937.0,676.6146999999999,0.0,0.0,206,1
2024-10-09,-0.06786633979856815,-0.07390718331365373,0.0060408435150855755,1.4430660525000014,1.0893548553638992,1.2940127032800228,2886132.104999999,14607.104999999196,2871525.0,0.0050611352732931126,28,28,154577.0,16149.0,168.12,0.0,0.0,206,1
2024-10-10,0.02334265984681938,0.01984134460349886,0.0035013152433205214,1.4767510525000014,1.110969120444669,1.2985434496830677,2953502.104999999,14607.104999999196,2938895.0,0.004945689720440948,0,28,0.0,0.0,0.0,0.0,0.0,206,0
2024-10-11,-0.016983228119283877,-0.01972014940156291,0.0027369212822790333,1.4516710525000014,1.0890606434089773,1.3020974608864693,2903342.104999999,14607.104999999196,2888735.0,0.00503113462751893,0,28,0.0,0.0,0.0,0.0,0.0,206,0
2024-10-14,0.02363138669805509,0.02359815581502389,3.323088303119892e-05,1.4859760525000016,1.1147604661641524,1.3021407307348871,2971952.104999999,14607.104999999196,2957345.0,0.004914986676744981,0,28,0.0,0.0,0.0,0.0,0.0,206,0
2024-10-15,-0.020398713659619983,-0.018511079496581526,-0.0018876341630384569,1.4556640525000017,1.0941250465553416,1.299682765406468,2911328.104999999,14607.104999999196,2896721.0,0.005017333832937803,0,28,0.0,0.0,0.0,0.0,0.0,206,0
2024-10-16,0.01574676516922513,0.020296313756267906,-0.004549548587042776,1.4785860525000019,1.11633175178882,1.2937697955175091,2957172.104999999,14607.104999999196,2942565.0,0.004939551869605912,0,28,0.0,0.0,0.0,0.0,0.0,206,0
2024-10-17,-0.01877334089082383,-0.016528163977306942,-0.0022451769135168886,1.4508280525000017,1.09788083754218,1.2908650534412078,2901656.104999999,14607.104999999196,2887049.0,0.005034057955671904,0,28,0.0,0.0,0.0,0.0,0.0,206,0
2024-10-18,0.009697910083662276,0.010886769264934698,-0.0011888591812724229,1.4648980525000015,1.109833212900895,1.2893303966706404,2929796.104999999,14607.104999999196,2915189.0,0.004985707017314504,0,28,0.0,0.0,0.0,0.0,0.0,206,0
2024-10-21,-0.007609881097851989,-0.0037151171306145743,-0.003894763967237415,1.4537503525000015,1.1057100525195218,1.2843087590998237,2907500.704999999,15306.704999999196,2892194.0,0.005264557622867094,0,28,0.0,0.0,0.0,699.6,0.0,206,0
2024-10-22,0.008918312540873385,0.013886458138845707,-0.004968145597972321,1.4667153525000014,1.1210644488775352,1.2779281261918647,2933430.704999999,15306.704999999196,2918124.0,0.005218021674726828,0,28,0.0,0.0,0.0,0.0,0.0,206,0
2024-10-23,0.0043082660785060956,0.00739865312990219,-0.003090387051396095,1.4730343525000014,1.129358815871045,1.2739788336580664,2946068.704999999,15306.704999999196,2930762.0,0.005195637485989724,0,28,0.0,0.0,0.0,0.0,0.0,206,0
2024-10-24,-0.004132286521131845,-0.0006510770620325482,-0.0034812094590992966,1.4669473525000014,1.128623516251227,1.2695438464916438,2933894.704999999,15306.704999999196,2918588.0,0.00521719643650238,0,28,0.0,0.0,0.0,0.0,0.0,206,0
2024-10-25,0.000997922657214101,0.009735987567613107,-0.008738064910399006,1.4684112525000015,1.1396117807739647,1.2584504899544022,2936822.5049999994,17387.504999999197,2919435.0,0.005920516125981948,0,28,0.0,0.0,0.0,2080.7999999999997,0.0,206,0
2024-10-28,0.009389059077644202,0.019549819196019023,-0.010160760118374822,1.4821982525000015,1.1618909850417491,1.2456636764051243,2964396.5049999994,17387.504999999197,2947009.0,0.005865445115277924,0,28,0.0,0.0,0.0,0.0,0.0,206,0
2024-10-29,-0.011720092079922306,-0.014973079661802039,0.0032529875818797325,1.4648267525000016,1.1444938987643893,1.2497158048756687,2929653.5049999994,17387.504999999197,2912266.0,0.005935003907569336,0,28,0.0,0.0,0.0,0.0,0.0,206,0
2024-10-30,-0.005018682234914973,0.0007395880361640193,-0.005758270271078992,1.4574752525000017,1.1453403527593782,1.2425196035091555,2914950.5049999994,17387.504999999197,2897563.0,0.005964940046211591,0,28,0.0,0.0,0.0,0.0,0.0,206,0
2024-10-31,0.0003710526124351965,0.009531388277441126,-0.00916033566500593,1.4580160525000014,1.1562570363713491,1.2311377068706615,2916032.104999999,18849.104999999196,2897183.0,0.0064639566099699034,0,28,0.0,0.0,0.0,1461.6,0.0,206,0
2024-11-01,0.0045411022660877265,-0.0068522584375287285,0.011393360703616455,1.4646370525000014,1.1483340643379216,1.2451645028408622,2929274.104999999,18849.104999999196,2910425.0,0.006434735816571595,0,28,0.0,0.0,0.0,0.0,0.0,206,0
2024-11-04,0.005665226061184914,0.007621060941242011,-0.0019558348800570976,1.4729345525000015,1.157085588223145,1.242729166674797,2945869.104999999,18849.104999999196,2927020.0,0.006398486941597903,0,28,0.0,0.0,0.0,0.0,0.0,206,0
2024-11-05,0.012097618302018942,0.01437717220598498,-0.0022795539039660376,1.4907535525000015,1.1737212069820924,1.239896298551331,2981507.104999999,18849.104999999196,2962658.0,0.006322005729380679,0,28,0.0,0.0,0.0,0.0,0.0,206,0
2024-11-06,-0.0031349916907208453,-0.002542746357956985,-0.0005922453327638602,1.4860800525000015,1.1707367316577817,1.2391619757554029,2972160.104999999,18849.104999999196,2953311.0,0.006341887493977786,0,28,0.0,0.0,0.0,0.0,0.0,206,0
2024-11-07,0.023180110615205196,0.028548494368709234,-0.005368383753504038,1.5205275525000015,1.204159502648755,1.2325096787367977,3041055.104999999,18849.104999999196,3022206.0,0.0061982122484423715,0,28,0.0,0.0,0.0,0.0,0.0,206,0
2024-11-08,-0.007374743049912591,-0.006422003807645328,-0.0009527392422672629,1.5093140525000015,1.1964263857377324,1.231335418399391,3018628.104999999,18849.104999999196,2999779.0,0.006244262076795048,0,28,0.0,0.0,0.0,0.0,0.0,206,0
2024-11-11,-0.003765286615192376,0.006388190772041457,-0.010153477387233833,1.5036310525000014,1.2040693857345293,1.2188330820725726,3007262.104999999,18849.104999999196,2988413.0,0.006267862375101888,0,28,0.0,0.0,0.0,0.0,0.0,206,0
2024-11-12,-0.009167807473170031,-0.005234692359046565,-0.003933115114123466,1.4898460525000015,1.1977664529212628,1.2140392712558794,2979692.104999999,18849.104999999196,2960843.0,0.006325856610610848,0,28,0.0,0.0,0.0,0.0,0.0,206,0
2024-11-13,0.002655307904707138,-0.0008321255561793864,0.0034874334608865245,1.4938020525000015,1.1967697608454526,1.2182731524332875,2987604.104999999,18849.104999999196,2968755.0,0.0063091039968962695,0,28,0.0,0.0,0.0,0.0,0.0,206,0
2024-11-14,-0.009636818998814412,-0.014596800729779563,0.004959981730965152,1.4794065525000015,1.1793007511269655,1.224315765012682,2958813.104999999,18849.104999999196,2939964.0,0.006370495307103624,0,28,0.0,0.0,0.0,0.0,0.0,206,0
2024-11-15,0.0006019305501216987,-0.009847158251506848,0.010449088801628547,1.4802970525000014,1.1676879900044974,1.2371087491625334,2960594.104999999,18849.104999999196,2941745.0,0.006366663018130681,0,28,0.0,0.0,0.0,0.0,0.0,206,0
2024-11-18,0.015368536984910364,0.00913411267297173,0.0062344243119386335,1.5030470525000015,1.1783537836720746,1.2448214100248243,3006094.104999999,18849.104999999196,2987245.0,0.0062702977157793275,0,28,0.0,0.0,0.0,0.0,0.0,206,0
2024-11-19,0.0020634749889174575,0.008903739430064271,-0.006840264441146814,1.5061485525000013,1.188845538718321,1.2363065023982531,3012297.104999999,18849.104999999196,2993448.0,0.006257385756774215,0,28,0.0,0.0,0.0,0.0,0.0,206,0
2024-11-20,0.0038442423161975103,0.01081973060017288,-0.0069754882839753694,1.5119385525000015,1.2017085271724708,1.2276826608753717,3023877.104999999,18849.104999999196,3005028.0,0.006233422968424242,0,28,0.0,0.0,0.0,0.0,0.0,206,0
2024-11-21,-0.002801039759848356,-0.0008322346764869104,-0.001968805083361446,1.5077035525000015,1.2007084236651278,1.2252655930118856,3015407.104999999,18849.104999999196,2996558.0,0.006250932077710018,0,28,0.0,0.0,0.0,0.0,0.0,206,0
2024-11-22,-0.024562852517388323,-0.021547623715686994,-0.0030152288017013286,1.4706700525000016,1.174836010359736,1.2215711369061024,2941340.104999999,18849.104999999196,2922491.0,0.0064083391675643035,0,28,0.0,0.0,0.0,0.0,0.0,206,0
2024-11-25,0.0022360555954816785,0.007531565154827647,-0.005295509559345968,1.4739585525000016,1.183684364317998,1.215102295273195,2947917.104999999,18849.104999999196,2929068.0,0.006394041734765538,0,28,0.0,0.0,0.0,0.0,0.0,206,0
2024-11-26,0.004403108885926432,-0.007761326340632288,0.012164435226558721,1.4804485525000017,1.174497403682222,1.2298833284376884,2960897.104999999,18849.104999999196,2942048.0,0.006366011492992831,0,28,0.0,0.0,0.0,0.0,0.0,206,0
2024-11-27,0.007913479992409211,0.009412483895772384,-0.001499003903363173,1.4921640525000017,1.1855523415800073,1.228039728527679,2984328.104999999,18849.104999999196,2965479.0,0.0063160297181865,0,28,0.0,0.0,0.0,0.0,0.0,206,0
2024-11-28,0.0037261318490313666,0.0028264432387639137,0.0008996886102674529,1.4977240525000017,1.1889032379800668,1.2291445818843914,2995448.104999999,18849.104999999196,2976599.0,0.006292582725281165,0,28,0.0,0.0,0.0,0.0,0.0,206,0
2024-11-29,0.0029377908384762286,0.0023984832306386066,0.000539307607837622,1.5021240525000017,1.1917548024592137,1.229807468908534,3004248.104999999,18849.104999999196,2985399.0,0.0062741505831786825,0,28,0.0,0.0,0.0,0.0,0.0,206,0
2024-12-02,0.007131900978597727,0.012057430924662224,-0.004925529946064497,1.5128370525000017,1.2061243036690001,1.2237500153925314,3025674.104999999,18849.104999999196,3006825.0,0.006229720831087061,0,28,0.0,0.0,0.0,0.0,0.0,206,0
2024-12-03,0.008708472586805627,0.01161849384792171,-0.002910021261116084,1.5260115525000018,1.2201376514710074,1.220188876829448,3052023.104999999,18849.104999999196,3033174.0,0.006175937845660314,0,28,0.0,0.0,0.0,0.0,0.0,206,0
2024-12-04,-0.0022640719818535215,-0.010677705177567838,0.008413633195714317,1.5225565525000018,1.20710938135255,1.2304550984685816,3045113.104999999,18849.104999999196,3026264.0,0.006189952343329855,0,28,0.0,0.0,0.0,0.0,0.0,206,0
2024-12-05,-0.0009960221165578043,0.0028623626799554906,-0.003858384796513295,1.5210400525000018,1.2105645661963578,1.2257075292238582,3042080.104999999,18849.104999999196,3023231.0,0.006196123819691198,0,28,0.0,0.0,0.0,0.0,0.0,206,0
2024-12-06,0.01595848837780678,0.01447958108386911,0.0014789072939376691,1.5453135525000017,1.2280930339898568,1.2275202370290617,3090627.104999999,18849.104999999196,3071778.0,0.00609879625060727,0,28,0.0,0.0,0.0,0.0,0.0,206,0
2024-12-09,0.002058805473396097,0.0023487925067273248,-0.00028998703333122777,1.5484950525000019,1.2309775697056562,1.2271642720771716,3096990.104999999,18849.104999999196,3078141.0,0.006086265813238432,0,28,0.0,0.0,0.0,0.0,0.0,206,0
2024-12-10,-0.004876347514193968,-0.0024666355558475893,-0.002409711958346379,1.5409440525000018,1.2279411966637694,1.2242071596558919,3081888.104999999,18849.104999999196,3063039.0,0.006116089993474698,0,28,0.0,0.0,0.0,0.0,0.0,206,0
2024-12-11,0.002631179239390269,0.0060784353763844445,-0.0034472561369941757,1.5449985525000016,1.2354051578736904,1.219987004011816,3089997.104999999,18849.104999999196,3071148.0,0.0061000396956680004,0,28,0.0,0.0,0.0,0.0,0.0,206,0
2024-12-12,0.00859871355769437,0.008926710433312182,-0.00032799687561781143,1.5582835525000016,1.2464332619858491,1.2195868520862057,3116567.104999999,18849.104999999196,3097718.0,0.006048034380443479,0,28,0.0,0.0,0.0,0.0,0.0,206,0
2024-12-13,-0.017152205679845323,-0.01994807645665356,0.002795870776808238,1.5315555525000015,1.2215693159776393,1.222996659325733,3063111.104999999,18849.104999999196,3044262.0,0.006153581882560933,0,28,0.0,0.0,0.0,0.0,0.0,206,0
2024-12-16,0.017192650933894216,0.008345429915244788,0.008847221018649428,1.5578870525000015,1.2317638370907442,1.2338167810758578,3115774.104999999,18849.104999999196,3096925.0,0.006049573674083539,0,28,0.0,0.0,0.0,0.0,0.0,206,0
2024-12-17,-0.010799563404164103,-0.02124905447376055,0.010449491069596448,1.5410625525000015,1.2055900202175946,1.2467095385112283,3082125.104999999,18849.104999999196,3063276.0,0.006115619696754393,0,28,0.0,0.0,0.0,0.0,0.0,206,0
2024-12-18,0.005570831622683237,0.00769550891294175,-0.0021246772902585136,1.5496475525000013,1.2148676489635328,1.2440606830672047,3099295.104999999,18849.104999999196,3080446.0,0.006081739350857717,0,28,0.0,0.0,0.0,0.0,0.0,206,0
2024-12-19,-0.01116608739328162,-0.011791922427011946,0.0006258350337303258,1.5323440525000014,1.2005420238878683,1.2448392598267546,3064688.104999999,18849.104999999196,3045839.0,0.00615041542702082,0,28,0.0,0.0,0.0,0.0,0.0,206,0
2024-12-20,-0.002151931868446977,-0.0027014214549849233,0.0005494895865379465,1.5290465525000014,1.1972988539069265,1.245523286036943,3058093.104999999,20017.104999999196,3038076.0,0.006545616602473979,0,28,0.0,0.0,0.0,1168.0,0.0,206,0
2024-12-23,-0.00042706351806776066,-0.010192207333468036,0.009765143815400276,1.5283935525000014,1.1850957357477834,1.2576860000505237,3056787.104999999,20017.104999999196,3036770.0,0.006548413190849024,0,28,0.0,0.0,0.0,0.0,0.0,206,0
2024-12-24,0.014170434025041478,0.012953493501706433,0.0012169405233350451,1.5500515525000014,1.2004468656596923,1.2592165291096165,3100103.104999999,20017.104999999196,3080086.0,0.0064569158902214,0,28,0.0,0.0,0.0,0.0,0.0,206,0
2024-12-25,0.003410531728105237,-0.0074990715302448,0.010909603258350036,1.5553380525000013,1.1914446287458522,1.272954081858559,3110676.104999999,20017.104999999196,3090659.0,0.006434969223515221,0,28,0.0,0.0,0.0,0.0,0.0,206,0
2024-12-26,-0.008008548353831246,-0.004030598356454705,-0.003977949997376541,1.5428820525000013,1.1866423939834223,1.2678903341719692,3085764.104999999,20017.104999999196,3065747.0,0.006486920036293313,0,28,0.0,0.0,0.0,0.0,0.0,206,0
2024-12-27,0.014061022982831073,0.013684228732326744,0.0003767942505043288,1.5645765525000015,1.202880679926167,1.2683680679601552,3129153.104999999,20017.104999999196,3109136.0,0.0063969720650658935,0,28,0.0,0.0,0.0,0.0,0.0,206,0
2024-12-30,0.002811623370534866,-0.005996667057741268,0.008808290428276133,1.5689755525000013,1.1956674049784604,1.2795402222727,3137951.104999999,20017.104999999196,3117934.0,0.0063790366166330695,0,28,0.0,0.0,0.0,0.0,0.0,206,0
2024-12-31,-0.002014371731263842,-0.008478214143592054,0.006463842412328212,1.5658150525000012,1.18553028067454,1.2878109686297061,3131630.104999999,20017.104999999196,3111613.0,0.00639191230408714,0,28,0.0,0.0,0.0,0.0,0.0,206,0
2025-01-02,-0.03079012420593652,-0.025479825021271333,-0.005310299184665187,1.517603412550001,1.155323176565534,1.2809723070929888,3035206.825099999,24949.82509999923,3010257.0,0.00822014002264153,28,28,1403637.0,1409459.0,889.2799,0.0,0.0,206,1
2025-01-03,-0.007564888102557399,-0.020173477034604467,0.012608588932047068,1.506122912550001,1.132016290995543,1.2971235603464604,3012245.825099999,24949.82509999923,2987296.0,0.008282798466214476,0,28,0.0,0.0,0.0,0.0,0.0,206,0
2025-01-06,0.007927971814587043,0.0007012089505159907,0.007226762864071052,1.5180634125500012,1.132810070950919,1.3064975647224837,3036126.825099999,24949.82509999923,3011177.0,0.008217649175171551,0,28,0.0,0.0,0.0,0.0,0.0,206,0
2025-01-07,-0.004361807250777061,0.003157390485223801,-0.007519197736000863,1.5114419125500012,1.136386794690505,1.2966737511917317,3022883.825099999,24949.82509999923,2997934.0,0.008253650005611405,0,28,0.0,0.0,0.0,0.0,0.0,206,0
2025-01-08,0.002657727013288147,0.0016332322769134293,0.0010244947363747176,1.515458912550001,1.1382427782826519,1.2980021866246227,3030917.825099999,24949.82509999923,3005968.0,0.008231772202262217,0,28,0.0,0.0,0.0,0.0,0.0,206,0
2025-01-09,-0.012703082769566554,-0.00912846686559064,-0.003574615903975913,1.4962079125500012,1.127852366796101,1.2933623273649189,2992415.825099999,24949.82509999923,2967466.0,0.008337686524286934,0,28,0.0,0.0,0.0,0.0,0.0,206,0
2025-01-10,-0.015114543781190037,-0.017129883365954456,0.002015339584764419,1.4735934125500012,1.108532387298868,1.2959688916607004,2947186.825099999,24949.82509999923,2922237.0,0.008465640823144178,0,28,0.0,0.0,0.0,0.0,0.0,206,0
2025-01-13,-0.00706470313407892,-0.0025967864054444066,-0.0044679167286345136,1.463182912550001,1.1056537654655354,1.2901786105698596,2926365.825099999,24949.82509999923,2901416.0,0.008525873589009211,0,28,0.0,0.0,0.0,0.0,0.0,206,0
2025-01-14,0.018373984393479814,0.026434275694647298,-0.008060291301167484,1.490067412550001,1.1348809219246765,1.279779395138131,2980134.825099999,24949.82509999923,2955185.0,0.008372045751038138,0,28,0.0,0.0,0.0,0.0,0.0,206,0
2025-01-15,0.0015029521356806352,-0.002740292540811616,0.004243244676492251,1.4923069125500013,1.1317710161996168,1.2852098122436353,2984613.825099999,24949.82509999923,2959664.0,0.00835948184993859,0,28,0.0,0.0,0.0,0.0,0.0,206,0
2025-01-16,0.0058077865398278306,0.00638803234193324,-0.0005802458021054091,1.5009739125500012,1.1390008060547625,1.2844640746452562,3001947.825099999,24949.82509999923,2976998.0,0.00831121210415045,0,28,0.0,0.0,0.0,0.0,0.0,206,0
2025-01-17,-0.0019640581194323437,-0.002413563359939974,0.0004495052405076305,1.4980259125500013,1.1362517554423266,1.285041447978053,2996051.825099999,24949.82509999923,2971102.0,0.008327567931561558,0,28,0.0,0.0,0.0,0.0,0.0,206,0
2025-01-20,7.342997145665109e-06,0.0049314447706661395,-0.004924101773520474,1.4980369125500013,1.1418551182198629,1.2787137731050169,2996073.825099999,24949.82509999923,2971124.0,0.008327506782703022,0,28,0.0,0.0,0.0,0.0,0.0,206,0
2025-01-21,-0.0075545534994434504,-0.006561436485205251,-0.0009931170142381991,1.4867199125500012,1.1343629083863567,1.2774438607006056,2973439.825099999,24949.82509999923,2948490.0,0.008390896257387738,0,28,0.0,0.0,0.0,0.0,0.0,206,0
2025-01-22,-0.010801012258225051,-0.007013126560030202,-0.0037878856981948495,1.4706618325500014,1.1264074777448392,1.2726050493704109,2941323.6650999994,27337.66509999923,2913986.0,0.009294340988165204,0,28,0.0,0.0,0.0,2387.8399999999997,0.0,206,0
2025-01-23,0.011741992358677011,0.006463999848741724,0.005277992509935287,1.4879303325500015,1.1336885755106034,1.2793218492890939,2975860.6650999994,27337.66509999923,2948523.0,0.009186473486681402,0,28,0.0,0.0,0.0,0.0,0.0,206,0
2025-01-24,0.002769954956786558,0.0006877980039982579,0.0020821569527883,1.4920518325500014,1.1344683242499953,1.281985598172445,2984103.6650999994,27337.66509999923,2956766.0,0.00916109765881177,0,28,0.0,0.0,0.0,0.0,0.0,206,0
2025-01-27,0.013097400220072553,0.010382741360209061,0.002714658859863491,1.5115938325500013,1.146247215442033,1.2854657517347412,3023187.6650999994,27337.66509999923,2995850.0,0.009042662291722129,0,28,0.0,0.0,0.0,0.0,0.0,206,0
2025-02-05,-0.0165487576499308,-0.007820051770907693,-0.008728705879023108,1.4865788325500013,1.1372835028750174,1.2742452992702913,2973157.6650999994,27337.66509999923,2945820.0,0.00919482522602102,0,28,0.0,0.0,0.0,0.0,0.0,206,0
2025-02-06,0.004404408199980114,0.006293774520690357,-0.001889366320710243,1.4931263325500015,1.1444413088082137,1.2718377831175267,2986252.6650999994,27337.66509999923,2958915.0,0.009154505048916812,0,28,0.0,0.0,0.0,0.0,0.0,206,0
2025-02-07,0.004418916106537107,0.0056614410137416195,-0.001242524907204512,1.4997243325500014,1.1509204957717207,1.2702574929940793,2999448.6650999994,27337.66509999923,2972111.0,0.00911423003103399,0,28,0.0,0.0,0.0,0.0,0.0,206,0
2025-02-10,-0.002654154442658041,0.0051402436249669975,-0.0077943980676250385,1.4957438325500014,1.1568365075129552,1.2603566004453,2991487.6650999994,27337.66509999923,2964150.0,0.009138484981546928,0,28,0.0,0.0,0.0,0.0,0.0,206,0
2025-02-11,0.006613431915768464,0.001473164402579232,0.005140267513189232,1.5056358325500014,1.1585407178754272,1.2668351705336027,3011271.6650999994,27337.66509999923,2983934.0,0.00907844530164348,0,28,0.0,0.0,0.0,0.0,0.0,206,0
2025-02-12,-0.001282514641491761,0.004550897178887347,-0.005833411820379108,1.5037048325500015,1.1638131175600326,1.25944519927534,3007409.6650999994,27337.66509999923,2980072.0,0.009090103492465243,0,28,0.0,0.0,0.0,0.0,0.0,206,0
2025-02-13,-0.001898976406930597,-0.005246149500666228,0.0033471730937356314,1.5008493325500016,1.1577075799544763,1.2636607803593887,3001698.6650999994,27337.66509999923,2974361.0,0.009107398226826508,0,28,0.0,0.0,0.0,0.0,0.0,206,0
2025-02-14,-0.0013185867209186686,-0.0010004553213807034,-0.00031813139953796514,1.4988703325500015,1.156549345245508,1.2632587701867917,2997740.6650999994,27337.66509999923,2970403.0,0.009119422976866244,0,28,0.0,0.0,0.0,0.0,0.0,206,0
2025-02-17,0.007270141895103777,0.008993033251225727,-0.0017228913561219503,1.5097673325500014,1.1669502319639844,1.2610823125710917,3019534.6650999994,27337.66509999923,2992197.0,0.009053602005623563,0,28,0.0,0.0,0.0,0.0,0.0,206,0
2025-02-18,-0.0014664511228100752,-0.006153523163832164,0.004687072041022089,1.5075533325500015,1.1597693766805548,1.2669930962197713,3015106.6650999994,27337.66509999923,2987769.0,0.009066898168623347,0,28,0.0,0.0,0.0,0.0,0.0,206,0
2025-02-19,-0.0017564884391326752,0.0004492497831509319,-0.002205738222283607,1.5049053325500015,1.1602904028215337,1.2641984411200697,3009810.6650999994,27337.66509999923,2982473.0,0.009082852093319615,0,28,0.0,0.0,0.0,0.0,0.0,206,0
2025-02-20,-0.002121063651619348,-0.001565201002067499,-0.0005558626495518492,1.5017133325500016,1.1584743151203483,1.2634957204250294,3003426.6650999994,27337.66509999923,2976089.0,0.009102158350548246,0,28,0.0,0.0,0.0,0.0,0.0,206,0
2025-02-21,-0.005372197093236775,-0.005245037929191256,-0.00012715916404551844,1.4936458325500015,1.152398073397548,1.2633350553654452,2987291.6650999994,27337.66509999923,2959954.0,0.009151321050897152,0,28,0.0,0.0,0.0,0.0,0.0,206,0
2025-02-24,0.002766720135351619,0.0023709934764115253,0.0003957266589400938,1.4977783325500016,1.155130401711803,1.263834990726027,2995556.6650999994,27337.66509999923,2968219.0,0.009126071764389952,0,28,0.0,0.0,0.0,0.0,0.0,206,0
2025-02-25,-0.009429966833579218,-0.009208607603538943,-0.00022135923004027412,1.4836543325500016,1.1444932591115207,1.2635552291855818,2967308.6650999994,27337.66509999923,2939971.0,0.009212949573305661,0,28,0.0,0.0,0.0,0.0,0.0,206,0
2025-02-26,0.01067903732857256,0.00985222623810835,0.000826811090464211,1.4994983325500015,1.1557690656282775,1.2645999506624863,2998996.6650999994,27337.66509999923,2971659.0,0.009115603701109042,0,28,0.0,0.0,0.0,0.0,0.0,206,0
2025-02-27,0.004060024521432393,0.00134862940416174,0.0027113951172706525,1.5055863325500016,1.1573277697746045,1.2680287807940132,3011172.6650999994,27337.66509999923,2983835.0,0.009078743778743542,0,28,0.0,0.0,0.0,0.0,0.0,206,0
2025-02-28,-0.00583194720234248,-0.008894373592239515,0.003062426389897035,1.4968058325500015,1.1470340642215557,1.2719120255954657,2993611.6650999994,27337.66509999923,2966274.0,0.009132001127168924,0,28,0.0,0.0,0.0,0.0,0.0,206,0
2025-03-03,-0.003381534124153651,-0.0006225696180723468,-0.0027589645060813045,1.4917443325500015,1.1463199556622774,1.2684028654619899,2983488.6650999994,27337.66509999923,2956151.0,0.009162986077268351,0,28,0.0,0.0,0.0,0.0,0.0,206,0
2025-03-04,0.004853043408333146,0.004037579549576187,0.0008154638587569594,1.4989838325500016,1.1509483136725305,1.2694372021571179,2997967.6650999994,27337.66509999923,2970630.0,0.009118732472749122,0,28,0.0,0.0,0.0,0.0,0.0,206,0
2025-03-05,-0.0007134833457013157,-5.812943268052848e-05,-0.0006553539130207871,1.4979143325500015,1.150881409700012,1.26860527151935,2995828.6650999994,27337.66509999923,2968491.0,0.0091252431817848,0,28,0.0,0.0,0.0,0.0,0.0,206,0
2025-03-06,-0.0019139946375433814,0.001951887486539914,-0.0038658821240832955,1.4950473325500013,1.1531278007220969,1.2637009930776655,2990094.6650999994,27337.66509999923,2962757.0,0.009142742341599062,0,28,0.0,0.0,0.0,0.0,0.0,206,0
2025-03-07,-0.003738677617962982,-0.0029646320624882863,-0.0007740455554746959,1.4894578325500014,1.1497092010719294,1.2627228309405247,2978915.6650999994,27337.66509999923,2951578.0,0.009177052381938288,0,28,0.0,0.0,0.0,0.0,0.0,206,0
2025-03-10,0.0015999110199180766,0.0015355927597842532,6.43182601338234e-05,1.4918408325500014,1.1514746861969527,1.2628040470760422,2983681.6650999994,27337.66509999923,2956344.0,0.00916239336782029,0,28,0.0,0.0,0.0,0.0,0.0,206,0
2025-03-11,0.0024322299811285752,0.003062082400427199,-0.0006298524192986238,1.4954693325500015,1.1550005965680938,1.2620086668918913,2990938.6650999994,27337.66509999923,2963601.0,0.00914016239082095,0,28,0.0,0.0,0.0,0.0,0.0,206,0
2025-03-12,0.003206351274234187,0.005194320195187182,-0.001987968920952995,1.5002643325500014,1.1610000394923008,1.259499832884137,3000528.6650999994,27337.66509999923,2973191.0,0.009110949486325985,0,28,0.0,0.0,0.0,0.0,0.0,206,0
2025-03-13,0.0053663876593772475,0.007090224752635897,-0.0017238370932586497,1.5083153325500016,1.1692317907101204,1.2573286603532583,3016630.6650999994,27337.66509999923,2989293.0,0.009062317577114799,0,28,0.0,0.0,0.0,0.0,0.0,206,0
2025-03-14,0.006921961061251647,0.007211114843263655,-0.0002891537820120084,1.5187558325500015,1.1776632554313258,1.2569650990158852,3037511.6650999994,27337.66509999923,3010174.0,0.009000019790573952,0,28,0.0,0.0,0.0,0.0,0.0,206,0
2025-03-17,0.002472418488556727,0.0038633639706614656,-0.0013909454821047387,1.5225108325500014,1.182212997221931,1.2552167290902456,3045021.6650999994,27337.66509999923,3017684.0,0.008977822855359373,0,28,0.0,0.0,0.0,0.0,0.0,206,0
2025-03-18,0.008234752575783988,0.002591072348132994,0.005643680227650993,1.5350483325500015,1.1852761966286363,1.2623007709256289,3070096.6650999994,27337.66509999923,3042759.0,0.008904496529625978,0,28,0.0,0.0,0.0,0.0,0.0,206,0
2025-03-19,0.00762549279510627,0.006038178493004569,0.0015873143021017007,1.5467538325500014,1.1924331058673896,1.264304438992873,3093507.6650999994,27337.66509999923,3066170.0,0.008837109216962463,0,28,0.0,0.0,0.0,0.0,0.0,206,0
2025-03-20,-0.0011407762262279908,-0.00034613578912039616,-0.0007946404371075946,1.5449893325500013,1.192020362093317,1.2632997715608345,3089978.6650999994,27337.66509999923,3062641.0,0.008847201894552407,0,28,0.0,0.0,0.0,0.0,0.0,206,0
2025-03-21,-0.00042006762527535546,-0.0014436418444597927,0.0010235742191844373,1.5443403325500011,1.190299511619151,1.2645928526381058,3088680.6650999994,27337.66509999923,3061343.0,0.008850919879447668,0,28,0.0,0.0,0.0,0.0,0.0,206,0
2025-03-24,0.0019043729792018738,-0.0004115701135447666,0.0023159430927466402,1.547281332550001,1.1898096199140016,1.2675215777203097,3094562.6650999994,27337.66509999923,3067225.0,0.008834096464844355,0,28,0.0,0.0,0.0,0.0,0.0,206,0
2025-03-25,0.009004180239827075,0.009144765504167445,-0.0001405852643403694,1.561213332550001,1.2006901498827176,1.2673433828642489,3122426.6650999994,27337.66509999923,3095089.0,0.008755262503218378,0,28,0.0,0.0,0.0,0.0,0.0,206,0
2025-03-26,0.0008275614696997557,0.0011405428831668919,-0.0003129814134671361,1.562505332550001,1.2020595884880547,1.2669467279409319,3125010.6650999994,27337.66509999923,3097673.0,0.008748022976467004,0,28,0.0,0.0,0.0,0.0,0.0,206,0
2025-03-27,-0.00711421572037696,-0.00896973879122391,0.0018555230708469511,1.5513893325500008,1.1912774279678309,1.2692975768241603,3102778.6650999994,27337.66509999923,3075441.0,0.008810704226986222,0,28,0.0,0.0,0.0,0.0,0.0,206,0
2025-03-28,-0.006752012393164031,-0.009415517143538292,0.0026635047503742616,1.5409143325500008,1.1800609349220896,1.27267835694967,3081828.6650999994,27337.66509999923,3054491.0,0.00887059861879511,0,28,0.0,0.0,0.0,0.0,0.0,206,0
2025-03-31,0.003812995879061587,-0.0016635774256923833,0.0054765733047539705,1.546789832550001,1.1780978121898118,1.2796482732648786,3093579.6650999994,27337.66509999923,3066242.0,0.008836903542005777,0,28,0.0,0.0,0.0,0.0,0.0,206,0
2025-04-01,0.011492609807690402,0.015559450998231568,-0.004066841190541166,1.564566484550001,1.196428367369703,1.27444414695776,3129132.9690999994,23125.969099999274,3106007.0,0.007390535758105147,28,28,1027299.0,1023772.0,684.6959999999999,0.0,0.0,206,1
2025-04-02,-0.0018631359093943534,-0.0011862268712596255,-0.0006769090381347279,1.561651484550001,1.1950091318907918,1.2735814641960863,3123302.9690999994,23125.969099999274,3100177.0,0.00740433103313803,0,28,0.0,0.0,0.0,0.0,0.0,206,0
2025-04-03,0.012400333999989854,0.010987443274964006,0.0014128907250258484,1.581016484550001,1.2081392269405058,1.275380895634414,3162032.9690999994,23125.969099999274,3138907.0,0.007313639461065314,0,28,0.0,0.0,0.0,0.0,0.0,206,0
2025-04-07,-0.05994213275200222,-0.07485718731018831,0.014915054558186092,1.486246984550001,1.1177013225326342,1.2944032712752696,2972493.9690999994,23125.969099999274,2949368.0,0.0077799885686568,0,28,0.0,0.0,0.0,0.0,0.0,206,0
2025-04-08,0.026313930596024937,0.018383147384019298,0.007930783212005639,1.525355984550001,1.1382481906760649,1.3046689030086647,3050711.9690999994,23125.969099999274,3027586.0,0.0075805154122176085,0,28,0.0,0.0,0.0,0.0,0.0,206,0
2025-04-09,0.018052507269720186,0.010931703752115824,0.007120803517604362,1.5528924845500012,1.1506911826929174,1.313959193922518,3105784.9690999994,23125.969099999274,3082659.0,0.007446094732920535,0,28,0.0,0.0,0.0,0.0,0.0,206,0
2025-04-10,0.00696571083163855,0.010154360162777201,-0.0031886493311386512,1.5637094845500012,1.1623757153981134,1.3097694388176735,3127418.9690999994,23125.969099999274,3104293.0,0.007394586183844247,0,28,0.0,0.0,0.0,0.0,0.0,206,0
2025-04-11,-0.0012687778769666647,-0.00487368437036463,0.0036049064933979654,1.5617254845500013,1.1567106630414863,1.3144910351725216,3123450.9690999994,23125.969099999274,3100325.0,0.007403980190110959,0,28,0.0,0.0,0.0,0.0,0.0,206,0
2025-04-14,0.0052566856859388444,0.015841804513919113,-0.010585118827980269,1.5699349845500012,1.1750350472445552,1.3005769913669056,3139869.9690999994,23125.969099999274,3116744.0,0.00736526331586528,0,28,0.0,0.0,0.0,0.0,0.0,206,0
2025-04-15,-0.0050925675767978795,0.006352252459346964,-0.011444820036144844,1.5619399845500013,1.1824991665132332,1.2856921217575605,3123879.9690999994,23125.969099999274,3100754.0,0.007402963407285443,0,28,0.0,0.0,0.0,0.0,0.0,206,0
2025-04-16,0.01593467114369984,0.0048885053660269705,0.01104616577767287,1.5868289845500012,1.1882798200340556,1.2998940900735425,3173657.9690999994,23125.969099999274,3150532.0,0.007286849851232533,0,28,0.0,0.0,0.0,0.0,0.0,206,0
2025-04-17,-0.006586721128593487,0.0007013703024569181,-0.007288091431050405,1.576376984550001,1.1891132442108365,1.2904203430944046,3152753.9690999994,23125.969099999274,3129628.0,0.007335164534453326,0,28,0.0,0.0,0.0,0.0,0.0,206,0
2025-04-18,-0.0038493330335777065,-0.002148610972811436,-0.0017007220607662705,1.5703089845500011,1.1865583024464097,1.2882256967492423,3140617.9690999994,23125.969099999274,3117492.0,0.007363509133403588,0,28,0.0,0.0,0.0,0.0,0.0,206,0
2025-04-21,-0.005715435680686776,0.003917129457852154,-0.00963256513853893,1.561333984550001,1.1912062049263816,1.2758167788121655,3122667.9690999994,23125.969099999274,3099542.0,0.007405836716820243,0,28,0.0,0.0,0.0,0.0,0.0,206,0
2025-04-22,0.010734090313694322,0.0058663425616231534,0.004867747752071169,1.5780934845500008,1.198194228586011,1.282027133069283,3156186.9690999994,23125.969099999274,3133061.0,0.00732718604012035,0,28,0.0,0.0,0.0,0.0,0.0,206,0
2025-04-23,0.0005655558487109857,-0.004692980266504613,0.005258536115215599,1.5789859845500007,1.192571126715817,1.288768719049214,3157971.9690999994,23125.969099999274,3134846.0,0.0073230444495015635,0,28,0.0,0.0,0.0,0.0,0.0,206,0
2025-04-24,0.0019800682403721126,0.011660120244827626,-0.009680052004455514,1.582112484550001,1.206476649453833,1.276293370827102,3164224.9690999994,23125.969099999274,3141099.0,0.0073085729762688125,0,28,0.0,0.0,0.0,0.0,0.0,206,0
2025-04-25,0.00409600711914182,0.0135431115714408,-0.009447104452298979,1.5885928285500008,1.2228160973257245,1.2642360940411217,3177185.6570999995,25032.657099999276,3152153.0,0.007878877661448349,0,28,0.0,0.0,0.0,1906.688,0.0,206,0
2025-04-28,0.006660926456314442,0.0024696117406833506,0.0041913147156310915,1.5991743285500009,1.2258359783163766,1.2695349053861082,3198348.6570999995,25032.657099999276,3173316.0,0.007826744293318177,0,28,0.0,0.0,0.0,0.0,0.0,206,0
2025-04-29,-0.007677086719577231,-0.014236891804532586,0.006559805084955355,1.5868973285500008,1.208383884122983,1.2778628069139883,3173794.6570999995,25032.657099999276,3148762.0,0.00788729574674892,0,28,0.0,0.0,0.0,0.0,0.0,206,0
2025-04-30,-0.016684129164293182,-0.01207073956998411,-0.004613389594309071,1.5604213285500008,1.1937977969571687,1.2719675279376168,3120842.6570999995,29000.657099999276,3091842.0,0.009292572643488456,0,28,0.0,0.0,0.0,3968.0,0.0,206,0
2025-05-06,0.006426469451887407,0.013707706721802005,-0.007281237269914599,1.570449328550001,1.210162027042991,1.2627060305670763,3140898.6570999995,29000.657099999276,3111898.0,0.009233235537365495,0,28,0.0,0.0,0.0,0.0,0.0,206,0
2025-05-07,0.007814960837565943,0.0063460271560719745,0.0014689336814939684,1.582722328550001,1.217841748129853,1.2645608619852018,3165444.6570999995,29000.657099999276,3136444.0,0.009161637697551165,0,28,0.0,0.0,0.0,0.0,0.0,206,0
2025-05-08,0.0027348448441777418,0.006727990570665126,-0.003993145726487384,1.587050828550001,1.226035375927833,1.2595112861832825,3174101.6570999995,29000.657099999276,3145101.0,0.009136650376376277,0,28,0.0,0.0,0.0,0.0,0.0,206,0
2025-05-09,0.004548688592787897,0.005971162705263435,-0.0014224741124755375,1.5942698285500008,1.233356232639907,1.257719663984316,3188539.6570999995,30368.657099999276,3158171.0,0.009524315318574334,0,28,0.0,0.0,0.0,1368.0,0.0,206,0
2025-05-12,-0.0018641762810647222,0.00014028581252660422,-0.0020044620935913264,1.5912978285500008,1.2335292550211376,1.255198612593495,3182595.6570999995,30368.657099999276,3152227.0,0.009542103481556114,0,28,0.0,0.0,0.0,0.0,0.0,206,0
2025-05-13,0.014749281736522235,0.008116152469329643,0.0066331292671925925,1.6147683285500007,1.2435407665302678,1.2635245072468286,3229536.6570999995,30368.657099999276,3199168.0,0.009403409939080601,0,28,0.0,0.0,0.0,0.0,0.0,206,0
2025-05-14,0.010660972038916805,0.005375503961245402,0.005285468077671403,1.6319833285500007,1.2502254248467213,1.2702028256952373,3263966.6570999995,33202.65709999928,3230764.0,0.010172486605454325,0,28,0.0,0.0,0.0,2834.0,0.0,206,0
2025-05-15,0.0011942523957837459,-0.003424920509938582,0.004619172905722328,1.6339323285500007,1.245943502147117,1.2760701121724607,3267864.6570999995,33202.65709999928,3234662.0,0.010160352580043601,0,28,0.0,0.0,0.0,0.0,0.0,206,0
2025-05-16,-0.002064602028526985,-0.003556981511474051,0.0014923794829470659,1.6305589085500005,1.2415117041456385,1.277974493026669,3261117.817099999,35742.81709999928,3225375.0,0.010960296163658432,0,28,0.0,0.0,0.0,2540.1600000000003,0.0,206,0
2025-05-19,0.02499204400792765,0.012997596879878595,0.011994447128049054,1.6713099085500005,1.2576483727977745,1.2933030905142726,3342619.817099999,35742.81709999928,3306877.0,0.010693054865871389,0,28,0.0,0.0,0.0,0.0,0.0,206,0
2025-05-20,-0.011139166892244257,0.005978922505689352,-0.01711808939793361,1.6526929085500006,1.2651677549581388,1.2711642125922256,3305385.817099999,35742.81709999928,3269643.0,0.010813508339960889,0,28,0.0,0.0,0.0,0.0,0.0,206,0
2025-05-21,0.006734463458044848,0.006829536152023317,-9.507269397846917e-05,1.6638229085500005,1.2738082638789998,1.2710433595860453,3327645.817099999,35742.81709999928,3291903.0,0.010741172307559069,0,28,0.0,0.0,0.0,0.0,0.0,206,0
2025-05-22,-0.00517873624393661,-0.005871407651423053,0.0006926714074864428,1.6552064085500007,1.2663292162920148,1.271923774978906,3310412.817099999,35742.81709999928,3274670.0,0.010797087576319513,0,28,0.0,0.0,0.0,0.0,0.0,206,0
2025-05-23,-0.019546806871260758,-0.015415882225907392,-0.004130924645353366,1.6228524085500007,1.2468076342344314,1.266669553709835,3245704.817099999,35742.81709999928,3209962.0,0.011012343732457804,0,28,0.0,0.0,0.0,0.0,0.0,206,0
2025-05-26,-0.000587237628621784,0.0024681475236533164,-0.0030553851522751004,1.6218994085500007,1.249884939409339,1.262799390362591,3243798.817099999,35742.81709999928,3208056.0,0.011018814394893285,0,28,0.0,0.0,0.0,0.0,0.0,206,0
2025-05-27,0.004895186445069477,0.0040771789887965575,0.0008180074562729196,1.629838908550001,1.254980944022712,1.2638323696796845,3259677.817099999,35742.81709999928,3223935.0,0.010965137999987431,0,28,0.0,0.0,0.0,0.0,0.0,206,0
2025-05-28,0.002332132323053626,-0.0029260528613935786,0.005258185184447204,1.6336399085500009,1.2513088034404598,1.2704778343215588,3267279.817099999,35742.81709999928,3231537.0,0.010939625346115657,0,28,0.0,0.0,0.0,0.0,0.0,206,0
2025-05-29,0.0033253962342423282,0.005114261149714087,-0.0017888649154717585,1.639072408550001,1.2577083234401907,1.2682051210978564,3278144.817099999,38922.81709999928,3239222.0,0.011873428195412133,0,28,0.0,0.0,0.0,3180.0,0.0,206,0
2025-05-30,0.0023580410357948445,-0.0036194867860425027,0.005977527821837347,1.642937408550001,1.2531560647828033,1.2757858524930152,3285874.817099999,38922.81709999928,3246952.0,0.011845496029684792,0,28,0.0,0.0,0.0,0.0,0.0,206,0
2025-06-03,0.008886522349555337,0.0063405530760724145,0.0025459692734829224,1.6575374085500012,1.261101767324161,1.2790339640730066,3315074.817099999,38922.81709999928,3276152.0,0.011741157967001375,0,28,0.0,0.0,0.0,0.0,0.0,206,0
2025-06-04,0.003067683404170074,0.004233566416533849,-0.0011658830123637753,1.662622208550001,1.2664407254141359,1.2775427601020577,3325244.4170999993,41284.41709999928,3283960.0,0.01241545339876222,0,28,0.0,0.0,0.0,2361.6,0.0,206,0
2025-06-05,-0.00964801258969683,-0.004870536333308673,-0.004777476256388157,1.6465812085500011,1.2602724798470246,1.2714393298991495,3293162.4170999993,43508.41709999928,3249654.0,0.0132117434822159,0,28,0.0,0.0,0.0,2224.0,0.0,206,0
2025-06-06,0.0034378504811098942,0.0037929651633222686,-0.0003551146822123744,1.6522419085500013,1.2650526494593781,1.27098782312556,3304483.817099999,47846.81709999928,3256637.0,0.014479361905905607,0,28,0.0,0.0,0.0,4338.400000000001,0.0,206,0
2025-06-09,0.00037827390575539965,0.0027526243212788516,-0.002374350415523452,1.6528669085500012,1.268534864149978,1.2679700526595965,3305733.817099999,47846.81709999928,3257887.0,0.01447388681220969,0,28,0.0,0.0,0.0,0.0,0.0,206,0
2025-06-10,0.014442179147346579,0.0029180248460270656,0.011524154301319513,1.6767379085500012,1.272236480401619,1.282582335195898,3353475.817099999,47846.81709999928,3305629.0,0.014267828280144269,0,28,0.0,0.0,0.0,0.0,0.0,206,0
2025-06-11,0.0009360437263312704,0.00013848863869567643,0.000797555087635594,1.6783074085500012,1.2724126706998888,1.283605265262645,3356614.817099999,47846.81709999928,3308768.0,0.0142544854584588,0,28,0.0,0.0,0.0,0.0,0.0,206,0
2025-06-12,-0.006799111975474559,-0.003151339808969426,-0.0036477721665051327,1.666896408550001,1.2684028659972753,1.2789229657032406,3333792.817099999,47846.81709999928,3285946.0,0.014352066767490455,0,28,0.0,0.0,0.0,0.0,0.0,206,0
2025-06-13,-0.0008194390443183597,-0.0038693516869321588,0.003049912642613799,1.665530488550001,1.263494969228019,1.282823569025268,3331060.9770999993,50302.977099999276,3280758.0,0.015101187713409176,0,28,0.0,0.0,0.0,2456.16,0.0,206,0
2025-06-16,-0.0011146598712920008,0.003226236978849676,-0.004340896850141677,1.663673988550001,1.2675713034203329,1.2772549642351987,3327347.9770999993,50940.977099999276,3276407.0,0.015309783482398994,0,28,0.0,0.0,0.0,638.0,0.0,206,0
2025-06-17,0.003890786322650719,0.004846473510082716,-0.0009556871874319972,1.670146988550001,1.2737145541645007,1.2760343080307952,3340293.9770999993,50940.977099999276,3289353.0,0.015250447250821194,0,28,0.0,0.0,0.0,0.0,0.0,206,0
2025-06-18,-0.0027665229657489743,-0.004139877046927122,0.0013733540811781478,1.665526488550001,1.2684415325173781,1.2777867549554527,3331052.9770999993,50940.977099999276,3280112.0,0.015292755008762508,0,28,0.0,0.0,0.0,0.0,0.0,206,0
2025-06-19,-0.01018289418787044,-0.010918599475453353,0.0007357052875829138,1.6485666085500008,1.2545919274657906,1.278726829427477,3297133.217099999,52871.217099999274,3244262.0,0.016035511342335836,0,28,0.0,0.0,0.0,1930.24,0.0,206,0
2025-06-20,0.005008290206279353,0.001028422064674521,0.003979868141604832,1.656823108550001,1.255882177486159,1.2838159935977307,3313646.217099999,52871.217099999274,3260775.0,0.01595560106180271,0,28,0.0,0.0,0.0,0.0,0.0,206,0
2025-06-23,0.012084573118685382,0.008949743818550033,0.0031348293001353493,1.676845108550001,1.2671220012409428,1.2878405375904434,3353690.217099999,52871.217099999274,3300819.0,0.015765086718629022,0,28,0.0,0.0,0.0,0.0,0.0,206,0
2025-06-24,-0.004418118264009618,0.002084625904489324,-0.006502744168498942,1.669436608550001,1.269763476588878,1.2794660400446705,3338873.217099999,52871.217099999274,3286002.0,0.015835047832670007,0,28,0.0,0.0,0.0,0.0,0.0,206,0
2025-06-25,0.004035624932085202,0.0049573039366143925,-0.0009216790045291903,1.6761738285500012,1.2760580800699413,1.2782867830585531,3352347.6570999995,56622.65709999928,3295725.0,0.016890448990300004,0,28,0.0,0.0,0.0,3751.4399999999996,0.0,206,0
2025-06-26,-0.00034542956711169914,0.00026611690396272076,-0.0006115464710744198,1.6755948285500013,1.2763976606954859,1.2775050512873527,3351189.6570999995,56622.65709999928,3294567.0,0.016896285466874623,0,28,0.0,0.0,0.0,0.0,0.0,206,0
2025-06-27,-0.011387645554213233,-0.006846205025187199,-0.004541440529026034,1.6565137485500012,1.2676591806166952,1.271703338071401,3313027.4970999993,66104.49709999928,3246923.0,0.019952897208931317,0,28,0.0,0.0,0.0,9481.84,0.0,206,0
2025-06-30,-0.0012200321318003304,0.00163176439930817,-0.0028517965311085003,1.6544927485500012,1.269727701738082,1.26807669890329,3308985.4970999993,66104.49709999928,3242881.0,0.01997727012038384,0,28,0.0,0.0,0.0,0.0,0.0,206,0
2025-07-01,0.015454785082865685,0.012331861328426784,0.0031229237544389016,1.6800625784000012,1.2853858076807778,1.2720368057487457,3360125.1567999995,26019.15679999969,3334106.0,0.007743508228359839,28,28,1732778.0,1693757.0,1064.3402999999998,0.0,0.0,206,1
2025-07-02,0.0034977863774552365,0.001507784344806657,0.0019900020326485794,1.685939078400001,1.2873238922786354,1.2745681615777895,3371878.1567999995,26019.15679999969,3345859.0,0.007716517498571939,0,28,0.0,0.0,0.0,0.0,0.0,206,0
2025-07-03,-0.0022385150497736817,0.0028209374227126604,-0.0050594524724863425,1.682165078400001,1.2909553524215163,1.2681195445413425,3364330.1567999995,26019.15679999969,3338311.0,0.007733829792955858,0,28,0.0,0.0,0.0,0.0,0.0,206,0
2025-07-04,0.00645495506917082,0.009828999888293099,-0.0033740448191222783,1.6930233784000013,1.3036441524362585,1.263840852362055,3386046.7567999996,29292.75679999969,3356754.0,0.008651019582400261,0,28,0.0,0.0,0.0,3273.6,0.0,206,0
2025-07-07,0.009675294629115205,0.020928279367573598,-0.011252984738458392,1.7094038784000012,1.3309271814543482,1.2496188705385847,3418807.7567999996,29292.75679999969,3389515.0,0.00856812049222027,0,28,0.0,0.0,0.0,0.0,0.0,206,0
2025-07-08,-0.004229544633283067,-0.0017627346006757276,-0.002466810032607339,1.7021738784000011,1.3285811100606186,1.2465362981718047,3404347.7567999996,29292.75679999969,3375055.0,0.008604513666821786,0,28,0.0,0.0,0.0,0.0,0.0,206,0
2025-07-09,0.004483384510149735,0.004468733784995873,1.4650725153862038e-05,1.7098053784000011,1.3345181853532537,1.2465545608325035,3419610.7567999996,29292.75679999969,3390318.0,0.00856610850862197,0,28,0.0,0.0,0.0,0.0,0.0,206,0
2025-07-10,0.006933713128855601,0.0016167344914288855,0.0053169786374267156,1.721660678400001,1.3366757469329533,1.253182464802837,3443321.3567999997,34986.35679999969,3408335.0,0.010160642349255995,0,28,0.0,0.0,0.0,5693.6,0.0,206,0
2025-07-11,-0.0052324480154660735,-0.0051050154078575785,-0.000127432607608495,1.712652178400001,1.329851996649551,1.2530227684935378,3425304.3567999997,36318.35679999969,3388986.0,0.010602957581827607,0,28,0.0,0.0,0.0,1332.0,0.0,206,0
2025-07-14,0.0038183351426961387,0.009753550826322014,-0.005935215683625875,1.7191916584000009,1.3428227756903581,1.2455858081060347,3438383.3167999997,44277.31679999969,3394106.0,0.012877364947549612,0,28,0.0,0.0,0.0,7958.96,0.0,206,0
2025-07-15,-0.012505993671473203,-0.017376874077156868,0.004870880405683665,1.697691458400001,1.3194887134092486,1.251652907612336,3395382.9168,47622.916799999686,3347760.0,0.014025786771903243,0,28,0.0,0.0,0.0,3345.6000000000004,0.0,206,0
2025-07-16,-0.002324332834730103,-4.396331092141046e-05,-0.0022803695238086926,1.693745458400001,1.3194307043166837,1.2487986764674301,3387490.9168,47622.916799999686,3339868.0,0.01405846331980331,0,28,0.0,0.0,0.0,0.0,0.0,206,0
2025-07-17,-0.004915260412189926,-0.002592905514246897,-0.0023223548979430285,1.6854202584000009,1.3160095451677944,1.2458985227445911,3370840.5168,50012.516799999685,3320828.0,0.01483680896522434,0,28,0.0,0.0,0.0,2389.6,0.0,206,0
2025-07-18,0.004954550628178289,0.003131508527904286,0.001823042100274003,1.693770758400001,1.3201306402812907,1.2481698482042238,3387541.5168,52494.516799999685,3335047.0,0.015496346403331463,0,28,0.0,0.0,0.0,2482.0,0.0,206,0
2025-07-21,0.009335088542286707,0.007304358646237149,0.0020307298960495577,1.709582258400001,1.3297733479377918,1.2507045440303197,3419164.5168,52494.516799999685,3366670.0,0.015353024559674995,0,28,0.0,0.0,0.0,0.0,0.0,206,0
2025-07-22,0.008181238388078382,0.0015279649820936153,0.006653273405984767,1.723568758400001,1.3318051950475622,1.259025823311861,3447137.5168,52494.516799999685,3394643.0,0.015228437085599848,0,28,0.0,0.0,0.0,0.0,0.0,206,0
2025-07-23,3.8582736938019835e-05,-0.0048263111387106105,0.00486489387564863,1.723635258400001,1.3253774888001115,1.2651508503289743,3447270.5168,52494.516799999685,3394776.0,0.015227849553486392,0,28,0.0,0.0,0.0,0.0,0.0,206,0
2025-07-24,-0.004968858671381637,0.0009337110956700535,-0.005902569767051691,1.7150707584000011,1.3266150084673554,1.2576832091690628,3430141.5168,52494.516799999685,3377647.0,0.015303892432103543,0,28,0.0,0.0,0.0,0.0,0.0,206,0
2025-07-25,-0.010099291772753927,-0.005853770094870531,-0.004245521677883396,1.6977497584000012,1.3188493092033828,1.2523436878406256,3395499.5168,52494.516799999685,3343005.0,0.015460027763299985,0,28,0.0,0.0,0.0,0.0,0.0,206,0
2025-07-28,-0.004304815809184848,-0.002241917882762435,-0.0020628979264224125,1.690441258400001,1.315892557352411,1.249760230643811,3380882.5168,52494.516799999685,3328388.0,0.015526868070436729,0,28,0.0,0.0,0.0,0.0,0.0,206,0
2025-07-29,-0.0061708739940915525,-0.00582305770858478,-0.00034781628550677266,1.680009758400001,1.3082300390526507,1.2493255436826143,3360019.5168,52494.516799999685,3307525.0,0.015623277346315587,0,28,0.0,0.0,0.0,0.0,0.0,206,0
2025-07-30,0.00784912107448621,0.001968531286851057,0.005880589787635152,1.693196358400001,1.3108053308149243,1.256672314716226,3386392.7167999996,55473.71679999968,3330919.0,0.016381359587974792,0,28,0.0,0.0,0.0,2979.2000000000003,0.0,206,0
2025-07-31,-0.016192451551164444,-0.0159332538234573,-0.00025919772770714375,1.665779358400001,1.289919936765909,1.256346588107779,3331558.7167999996,55473.71679999968,3276085.0,0.016650979771199358,0,28,0.0,0.0,0.0,0.0,0.0,206,0
2025-08-01,0.0012561687653578346,0.00433659357557488,-0.0030804248102170454,1.6678718584000007,1.295513795276694,1.2524765069075403,3335743.7167999996,55473.71679999968,3280270.0,0.016630089572113763,0,28,0.0,0.0,0.0,0.0,0.0,206,0
2025-08-04,0.0034091348033502555,0.005843378802197034,-0.0024342439988467787,1.6735578584000006,1.3030839731259676,1.249427673486904,3347115.7167999996,55473.71679999968,3291642.0,0.0165735879765266,0,28,0.0,0.0,0.0,0.0,0.0,206,0
2025-08-05,0.008485813578968493,0.010018161406194142,-0.001532347827225649,1.6877593584000008,1.3161384786945682,1.2475131157061607,3375518.7167999996,59169.71679999968,3316349.0,0.01752907382960469,0,28,0.0,0.0,0.0,3696.0000000000005,0.0,206,0
2025-08-06,-0.0002444068806058963,0.0005341474742667984,-0.0007785543548726947,1.6873468584000009,1.3168414907387482,1.2465418589371668,3374693.7167999996,59169.71679999968,3315524.0,0.01753335910320965,0,28,0.0,0.0,0.0,0.0,0.0,206,0
2025-08-07,0.0021978290838888803,0.002561334544533151,-0.00036350546064427064,1.691055358400001,1.320214362338652,1.2460887341645215,3382110.7167999996,59169.71679999968,3322941.0,0.017494908284960996,0,28,0.0,0.0,0.0,0.0,0.0,206,0
2025-08-08,0.007148991273377536,0.008459783060697975,-0.0013107917873204384,1.703144698400001,1.3313830894376548,1.2444553712855062,3406289.3967999998,60305.39679999968,3345984.0,0.017704131908654885,0,28,0.0,0.0,0.0,1135.6799999999998,0.0,206,0
2025-08-11,-0.007043147896516944,-0.001529810830818815,-0.0055133370656981285,1.6911491984000009,1.329346325167464,1.2375942693603907,3382298.3967999998,60305.39679999968,3321993.0,0.01782970918741373,0,28,0.0,0.0,0.0,0.0,0.0,206,0
2025-08-12,0.003104102231173078,0.0050101680339893605,-0.0019060658028162824,1.6963986984000008,1.3360065736319193,1.2352353332458015,3392797.3967999998,60305.39679999968,3332492.0,0.01777453521300099,0,28,0.0,0.0,0.0,0.0,0.0,206,0
2025-08-13,-0.003876741951171492,-0.002193215103631401,-0.001683526847540091,1.6898221984000008,1.333076423836079,1.233155781399252,3379644.3967999998,60305.39679999968,3319339.0,0.017843710674738313,0,28,0.0,0.0,0.0,0.0,0.0,206,0
2025-08-14,-0.00817127388495309,-0.01251321753996624,0.0043419436550131505,1.6760141984000008,1.316395348547218,1.2385100743199413,3352028.3967999998,60305.39679999968,3291723.0,0.01799071775691697,0,28,0.0,0.0,0.0,0.0,0.0,206,0
2025-08-15,0.004313447945071935,0.0041948987987269135,0.00011854914634502195,1.6832435984000007,1.3219174938134883,1.2386568986319917,3366487.1967999996,62590.196799999685,3303897.0,0.0185921386718757,0,28,0.0,0.0,0.0,2284.8,0.0,206,0
2025-08-18,0.008221032305219422,0.004241625741539429,0.003979406563679993,1.697081598400001,1.3275245730834389,1.2435860180245553,3394163.1967999996,62590.196799999685,3331573.0,0.018440538409882416,0,28,0.0,0.0,0.0,0.0,0.0,206,0
2025-08-19,0.001693495470523887,0.0007315826195503499,0.0009619128509735371,1.6999555984000008,1.3284957669881328,1.244782239396584,3399911.1967999996,62590.196799999685,3337321.0,0.018409362238316594,0,28,0.0,0.0,0.0,0.0,0.0,206,0
2025-08-20,0.0031936128244229867,0.004454118241934314,-0.001260505417511327,1.7053845984000007,1.3344130442182072,1.2432131846402026,3410769.1967999996,62590.196799999685,3348179.0,0.018350757025342588,0,28,0.0,0.0,0.0,0.0,0.0,206,0
2025-08-21,0.008606563008584978,0.008812263886687174,-0.0002057008781021965,1.7200620984000006,1.3461722440976955,1.242957454596454,3440124.1967999996,62590.196799999685,3377534.0,0.01819416777400683,0,28,0.0,0.0,0.0,0.0,0.0,206,0
2025-08-22,0.00038693254192345705,-0.0012919339283806249,0.001678866470304082,1.7207276464000008,1.3444330785021015,1.2450442141909903,3441455.2927999995,64438.29279999968,3377017.0,0.01872414060842618,0,28,0.0,0.0,0.0,1848.096,0.0,206,0
2025-08-25,0.010682108838348414,0.004722666239924128,0.005959442598424286,1.7391086464000007,1.3507823872137807,1.2524639837179616,3478217.2927999995,64438.29279999968,3413779.0,0.018526241282679098,0,28,0.0,0.0,0.0,0.0,0.0,206,0
2025-08-26,-0.0054772311205042445,-0.000711528388704462,-0.004765702731799782,1.7295831464000007,1.349821267198316,1.246495112689276,3459166.2927999995,64438.29279999968,3394728.0,0.018628272637289296,0,28,0.0,0.0,0.0,0.0,0.0,206,0
2025-08-27,-0.010730620287686232,-0.018848487488233496,0.008117867200547264,1.7110236464000006,1.3243791779321772,1.2566139944802188,3422047.2927999995,64438.29279999968,3357609.0,0.018830333799178665,0,28,0.0,0.0,0.0,0.0,0.0,206,0
2025-08-28,-0.002724100283363562,-0.0010621043439089665,-0.0016619959394545954,1.7063626464000006,1.322972549054313,1.254525507123931,3412725.2927999995,64438.29279999968,3348287.0,0.018881769633186836,0,28,0.0,0.0,0.0,0.0,0.0,206,0
2025-08-29,0.004465053203124292,-0.003633959806188106,0.008099013009312397,1.7139816464000006,1.3181649199863594,1.2646859255266418,3427963.2927999995,64438.29279999968,3363525.0,0.018797836294030368,0,28,0.0,0.0,0.0,0.0,0.0,206,0
2025-09-01,0.006916060055192519,0.0021273075094084084,0.004788752545784111,1.7258356464000009,1.320969062119285,1.270742193472125,3451671.2927999995,64438.29279999968,3387233.0,0.01866872228952232,0,28,0.0,0.0,0.0,0.0,0.0,206,0
2025-09-02,0.011931321527025363,0.0040994345274714215,0.007831886999553941,1.746427146400001,1.3263842883022585,1.280694502736964,3492854.2927999995,64438.29279999968,3428416.0,0.018448606039143875,0,28,0.0,0.0,0.0,0.0,0.0,206,0
2025-09-03,-0.008607573485665987,-0.017258928807697818,0.008651355322031831,1.731394646400001,1.3034923162988008,1.2917742459391144,3462789.2927999995,64438.29279999968,3398351.0,0.018608782502008692,0,28,0.0,0.0,0.0,0.0,0.0,206,0
2025-09-04,0.00048429166726582373,0.004011334252774493,-0.0035270425855086695,1.7322331464000011,1.3087210596753986,1.2872181031628238,3464466.2927999995,64438.29279999968,3400028.0,0.01859977478606678,0,28,0.0,0.0,0.0,0.0,0.0,206,0
2025-09-05,0.005558720556763097,0.004866905886667686,0.0006918146700954112,1.7418621464000013,1.3150904819047389,1.2881086195302043,3483724.2927999995,64438.29279999968,3419286.0,0.018496955379958675,0,28,0.0,0.0,0.0,0.0,0.0,206,0
2025-09-08,0.013080541446457206,0.010105434567230029,0.002975106879227177,1.7646466464000015,1.3283800427196142,1.2919408803453605,3529293.2927999995,64438.29279999968,3464855.0,0.018258129164685243,0,28,0.0,0.0,0.0,0.0,0.0,206,0
2025-09-09,0.0031853402557771027,-0.0016664860735277765,0.004851826329304879,1.7702676464000013,1.3261663158780697,1.2982091531245255,3540535.2927999995,64438.29279999968,3476097.0,0.01820015547678364,0,28,0.0,0.0,0.0,0.0,0.0,206,0
2025-09-10,-0.006580078455191929,0.0009595977556065544,-0.007539676210798483,1.7586191464000014,1.3274389020983473,1.2884210764560717,3517238.2927999995,64438.29279999968,3452800.0,0.018320707167299066,0,28,0.0,0.0,0.0,0.0,0.0,206,0
2025-09-11,0.006680809784228137,0.004600134499456626,0.0020806752847715108,1.7703681464000014,1.3335452995878108,1.2911018623462327,3540736.2927999995,64438.29279999968,3476298.0,0.0181991222930195,0,28,0.0,0.0,0.0,0.0,0.0,206,0
2025-09-12,-0.0035427659567609515,-0.003975633230387889,0.00043286727362693705,1.7640961464000016,1.328243612580542,1.2916607380893612,3528192.2927999995,64438.29279999968,3463754.0,0.01826382675669329,0,28,0.0,0.0,0.0,0.0,0.0,206,0
2025-09-15,-0.007475783010417403,-0.0033425307373056543,-0.004133252273111749,1.7509081464000016,1.3238039174788616,1.2863219784075641,3501816.2927999995,64438.29279999968,3437378.0,0.018401391567138946,0,28,0.0,0.0,0.0,0.0,0.0,206,0
2025-09-16,-0.0033768190593872482,0.001048214900573384,-0.004425033959960632,1.7449956464000016,1.3251915484706003,1.2806299599696669,3489991.2927999995,64438.29279999968,3425553.0,0.018463740277214622,0,28,0.0,0.0,0.0,0.0,0.0,206,0
2025-09-17,-0.003809465091625941,0.0006880078883511026,-0.004497472979977044,1.7383481464000015,1.3261032907095243,1.2748703613273542,3476696.2927999995,64438.29279999968,3412258.0,0.01853434622214399,0,28,0.0,0.0,0.0,0.0,0.0,206,0
2025-09-18,-0.017659581058934837,-0.017368887792559438,-0.000290693266375399,1.7076496464000015,1.3030703514518467,1.2744997650978147,3415299.2927999995,64438.29279999968,3350861.0,0.018867539057512754,0,28,0.0,0.0,0.0,0.0,0.0,206,0
2025-09-19,-0.0007709426829884958,7.553788055199137e-05,-0.0008464805635404871,1.7063331464000016,1.3031687826244054,1.2734209258184224,3412666.2927999995,64438.29279999968,3348228.0,0.018882096071318424,0,28,0.0,0.0,0.0,0.0,0.0,206,0
2025-09-22,-0.007151592891309511,-0.004856857506803412,-0.002294735384506099,1.6941301464000016,1.2968394775398842,1.2704987617605763,3388260.2927999995,64438.29279999968,3323822.0,0.019018105821719204,0,28,0.0,0.0,0.0,0.0,0.0,206,0
2025-09-23,0.0055075461704210404,0.003561901694083634,0.0019456444763374064,1.7034606464000017,1.3014586922718878,1.2729707006585893,3406921.2927999995,64438.29279999968,3342483.0,0.018913936443492263,0,28,0.0,0.0,0.0,0.0,0.0,206,0
2025-09-24,0.0002274781051261332,0.007468449025651316,-0.007240970920525183,1.7038481464000017,1.3111785701741112,1.2637531568324398,3407696.2927999995,64438.29279999968,3343258.0,0.018909634915573043,0,28,0.0,0.0,0.0,0.0,0.0,206,0
2025-09-25,-0.010015563908119418,-0.010529394855402685,0.0005138309472832673,1.6867831464000016,1.2973726532828056,1.2644025123141471,3373566.2927999995,64438.29279999968,3309128.0,0.0191009416170438,0,28,0.0,0.0,0.0,0.0,0.0,206,0
2025-09-26,0.0047975935835447014,0.0019184180654981066,0.0028791755180465946,1.6948756464000017,1.2998615564185465,1.2680429490725587,3389751.2927999995,64438.29279999968,3325313.0,0.019009740607480504,0,28,0.0,0.0,0.0,0.0,0.0,206,0
2025-09-29,0.0031368083028937566,0.004312671785079573,-0.0011758634821858165,1.7001921464000016,1.3054674326774225,1.2665519036749011,3400384.2927999995,64438.29279999968,3335946.0,0.018950297158012944,0,28,0.0,0.0,0.0,0.0,0.0,206,0
2025-09-30,-0.00022173964325045148,-0.0040546097729876485,0.003832870129737197,1.6998151464000018,1.3001742716665714,1.2714064326342585,3399630.2927999995,64438.29279999968,3335192.0,0.01895450012210801,0,28,0.0,0.0,0.0,0.0,0.0,206,0
2025-10-09,0.010565187831179657,0.012476457880016185,-0.0019112700488365282,1.7177740127000019,1.3163958412037002,1.2689764315996666,3435548.0253999997,25527.02539999984,3410021.0,0.007430263006446471,28,28,1488270.0,1450272.0,913.2674,0.0,0.0,206,1
2025-10-10,0.015053493538044416,0.015012656245842049,4.0837292202366635e-05,1.7436325127000019,1.3361584394511477,1.2690282531610015,3487265.0253999997,25527.02539999984,3461738.0,0.007320070374367894,0,28,0.0,0.0,0.0,0.0,0.0,206,0
2025-10-13,-0.003534288306231148,-0.0005606121262248814,-0.0029736761800062666,1.7374700127000018,1.3354093728274337,1.2652545740728218,3474940.0253999997,25527.02539999984,3449413.0,0.007346033374219582,0,28,0.0,0.0,0.0,0.0,0.0,206,0
2025-10-14,0.014390464190599639,0.013897605782602492,0.000492858407997147,1.762473012700002,1.353968365849382,1.2658781654279103,3524946.0253999997,25527.02539999984,3499419.0,0.007241820219673609,0,28,0.0,0.0,0.0,0.0,0.0,206,0
2025-10-15,-0.0009834817256829664,0.004050048829544498,-0.005033530555227464,1.760739652700002,1.3594520038447306,1.2595063290030337,3521479.3054,29776.305399999837,3491703.0,0.008455624133397423,0,28,0.0,0.0,0.0,4249.28,0.0,206,0
2025-10-16,0.006900168336283707,-0.0020973298306401203,0.008997498166923829,1.7728890527000019,1.3566007846037436,1.2708387348894674,3545778.1054,30741.105399999837,3515037.0,0.008669776981583546,0,28,0.0,0.0,0.0,964.8,0.0,206,0
2025-10-17,-0.001918337752055299,-0.0040579579299161945,0.0021396201778608953,1.7694880527000019,1.3510957556921304,1.2735578470894442,3538976.1054,30741.105399999837,3508235.0,0.008686440508341681,0,28,0.0,0.0,0.0,0.0,0.0,206,0
2025-10-20,0.006739237364052242,0.011458427905067322,-0.00471919054101508,1.7814130527000018,1.3665771890015712,1.2675476849440241,3562826.1054,30741.105399999837,3532085.0,0.008628292397826282,0,28,0.0,0.0,0.0,0.0,0.0,206,0
2025-10-21,0.0029712367897931635,0.008563143189231792,-0.005591906399438629,1.7867060527000018,1.3782793851501294,1.260459676932992,3573412.1054,30741.105399999837,3542671.0,0.008602731645069733,0,28,0.0,0.0,0.0,0.0,0.0,206,0
2025-10-22,0.004122390467570014,-0.0014420950837896202,0.005564485551359634,1.794071552700002,1.3762917752247157,1.2674734865933572,3588143.1054,30741.105399999837,3557402.0,0.008567413421648597,0,28,0.0,0.0,0.0,0.0,0.0,206,0
2025-10-23,0.013007842393397695,0.008653137718264543,0.004354704675133152,1.817408552700002,1.38820101749625,1.2729929593110325,3634817.1054,30741.105399999837,3604076.0,0.008457400883893133,0,28,0.0,0.0,0.0,0.0,0.0,206,0
2025-10-24,-0.015869904407102675,-0.010602678797802705,-0.00526722560929997,1.788566452700002,1.3734823680009542,1.266287818195291,3577132.9054,31537.905399999836,3545595.0,0.008816531628553852,0,28,0.0,0.0,0.0,796.8000000000001,0.0,206,0
2025-10-27,0.005281324596992487,0.0050061201913369205,0.0002752044056555667,1.798012452700002,1.3803581858158491,1.2666363061816863,3596024.9054,31537.905399999836,3564487.0,0.008770213285408753,0,28,0.0,0.0,0.0,0.0,0.0,206,0
2025-10-28,0.012094465734842297,0.0006897981431915463,0.011404667591650751,1.819758452700002,1.381310354329364,1.281081872213205,3639516.9054,31537.905399999836,3607979.0,0.008665409783701408,0,28,0.0,0.0,0.0,0.0,0.0,206,0
2025-10-29,-0.003743903477899213,-0.0025351972380940153,-0.0012087062398051978,1.812945452700002,1.3778084601341176,1.2795334205605595,3625890.9054,34041.905399999836,3591849.0,0.009388563056131003,0,28,0.0,0.0,0.0,2504.0,0.0,206,0
2025-10-30,-0.002412372635639204,-0.0022962619644470105,-0.0001161106711921934,1.808571952700002,1.3746446509728183,1.2793848530762855,3617143.9054,34041.905399999836,3583102.0,0.009411266537993967,0,28,0.0,0.0,0.0,0.0,0.0,206,0
2025-10-31,-0.0078066675638324146,-0.004029095675534177,-0.0037775718882982375,1.7944530327000017,1.3691060761541876,1.27455188482099,3588906.0653999997,35082.06539999984,3553824.0,0.009775141717477575,0,28,0.0,0.0,0.0,1040.16,0.0,206,0
2025-11-03,0.010050137658306202,0.009319673055812687,0.0007304646024935153,1.8124875327000016,1.3818656971626713,1.275482899856893,3624975.0653999997,35082.06539999984,3589893.0,0.009677877714209516,0,28,0.0,0.0,0.0,0.0,0.0,206,0
2025-11-04,0.009886688695345702,0.008043675999184574,0.0018430126961611285,1.8304070327000017,1.3929809771050352,1.2778336310350655,3660814.0653999997,35082.06539999984,3625732.0,0.00958313226874214,0,28,0.0,0.0,0.0,0.0,0.0,206,0
2025-11-05,0.004356681250419436,0.009435317131944468,-0.0050786358815250315,1.8383815327000017,1.4061241943827871,1.2713439793058714,3676763.0653999997,35082.06539999984,3641681.0,0.009541562721334402,0,28,0.0,0.0,0.0,0.0,0.0,206,0
2025-11-06,0.003293657977028852,0.0048046894920151205,-0.0015110315149862684,1.8444365327000016,1.4128801845240062,1.2694229384867521,3688873.0653999997,35082.06539999984,3653791.0,0.009510239245978432,0,28,0.0,0.0,0.0,0.0,0.0,206,0
2025-11-07,-0.003974113432501758,-0.0007430785335278823,-0.0032310348989738756,1.8371065327000016,1.4118303035884396,1.2653213886709433,3674213.0653999997,35082.06539999984,3639131.0,0.009548184815509758,0,28,0.0,0.0,0.0,0.0,0.0,206,0
2025-11-10,0.0022565376183749652,0.0048122778077128074,-0.002555740189337842,1.8412520327000015,1.4186244232266547,1.2620875559454883,3682504.0653999997,35082.06539999984,3647422.0,0.009526687486817252,0,28,0.0,0.0,0.0,0.0,0.0,206,0
2025-11-11,0.002571891254374181,0.001594053867756747,0.000977837386617434,1.8459875327000013,1.4208857869753935,1.2633216723428764,3691975.0653999997,35082.06539999984,3656893.0,0.009502248736395229,0,28,0.0,0.0,0.0,0.0,0.0,206,0
2025-11-12,-0.00017296974889802197,-0.0020529005668640447,0.0018799308179660227,1.8456682327000014,1.4179688497378626,1.2656966296877181,3691336.4653999996,36788.46539999984,3654548.0,0.009966164218523326,0,28,0.0,0.0,0.0,1706.3999999999999,0.0,206,0
2025-11-13,-0.000960627684102433,0.0006663372737880097,-0.0016269649578904426,1.8438952327000013,1.4189136952355133,1.263637385623896,3687790.4653999996,36788.46539999984,3651002.0,0.009975747197450804,0,28,0.0,0.0,0.0,0.0,0.0,206,0
2025-11-14,0.0025817627355266826,0.0063718335165751025,-0.00379007078104842,1.8486557327000015,1.4279547770759422,1.2588481104908025,3697311.4653999996,36788.46539999984,3660523.0,0.009950058507180655,0,28,0.0,0.0,0.0,0.0,0.0,206,0
2025-11-17,-0.00905549892491353,-0.005858473001424222,-0.0031970259234893076,1.8319152327000015,1.419589142567188,1.2548235404478278,3663830.4653999996,36788.46539999984,3627042.0,0.01004098463272739,0,28,0.0,0.0,0.0,0.0,0.0,206,0
2025-11-18,-0.011200299901300115,-0.014601153636063508,0.003400853734763393,1.8113972327000014,1.3988615033964769,1.2590910117718288,3622794.4653999996,36788.46539999984,3586006.0,0.010154720548282044,0,28,0.0,0.0,0.0,0.0,0.0,206,0
2025-11-19,-0.0035928066370618517,-0.008244119898062494,0.004651313261000642,1.8048892327000015,1.3873291214416923,1.26494743849169,3609778.4653999996,36788.46539999984,3572990.0,0.0101913360480761,0,28,0.0,0.0,0.0,0.0,0.0,206,0
2025-11-20,0.0025137276669400244,0.0012809249662584124,0.001232802700681612,1.8094262327000017,1.3891061859497644,1.2665068691100827,3618852.4653999996,36788.46539999984,3582064.0,0.010165782040504803,0,28,0.0,0.0,0.0,0.0,0.0,206,0
2025-11-21,-0.02254195239511736,-0.03087167439058739,0.008329721995470031,1.7686382327000016,1.3462221520831725,1.2770565192351229,3537276.4653999996,36788.46539999984,3500488.0,0.010400223380854614,0,28,0.0,0.0,0.0,0.0,0.0,206,0
2025-11-24,-0.003931838558857814,-0.0010846711513714583,-0.0028471674074863557,1.7616842327000017,1.3447619437514706,1.2734205255360387,3523368.4653999996,36788.46539999984,3486580.0,0.010441276795563116,0,28,0.0,0.0,0.0,0.0,0.0,206,0
2025-11-25,0.009904158575148703,0.010201978795944673,-0.00029782022079597077,1.7791322327000016,1.3584811765872165,1.2730412751539575,3558264.4653999996,38592.46539999984,3519672.0,0.010845867634423148,0,28,0.0,0.0,0.0,1804.0,0.0,206,0
2025-11-26,-0.002196857506239658,-0.003112222615889278,0.0009153651096496201,1.7752237327000018,1.3542532807461818,1.2742065727203773,3550447.4653999996,38592.46539999984,3511855.0,0.010869746919534252,0,28,0.0,0.0,0.0,0.0,0.0,206,0
2025-11-27,0.003432806743030259,0.004282211334640484,-0.000849404591610225,1.7813177327000016,1.3600524794949673,1.2731242558068487,3562635.4653999996,38592.46539999984,3524043.0,0.01083256083166702,0,28,0.0,0.0,0.0,0.0,0.0,206,0
2025-11-28,0.00012603029537006094,0.005529724119869165,-0.005403693824499104,1.7815422327000017,1.3675731944951184,1.2662446821279252,3563084.4653999996,38592.46539999984,3524492.0,0.010831195772864555,0,28,0.0,0.0,0.0,0.0,0.0,206,0
2025-12-01,0.007168227486050505,0.004936898211954527,0.0022313292740959775,1.7943127327000017,1.3743247641537382,1.2690700909553256,3588625.4653999996,38592.46539999984,3550033.0,0.010754107881162852,0,28,0.0,0.0,0.0,0.0,0.0,206,0
2025-12-02,0.0066044785750185575,0.0008403963978712015,0.005764082177147356,1.806163232700002,1.3754797417350382,1.276385115248152,3612326.4653999996,38592.46539999984,3573734.0,0.01068354861324153,0,28,0.0,0.0,0.0,0.0,0.0,206,0
2025-12-03,0.004925357707952882,0.0015356266309913596,0.0033897310769615222,1.815059232700002,1.3775919650568356,1.2807117175394798,3630118.4653999996,40784.46539999984,3589334.0,0.01123502326128793,0,28,0.0,0.0,0.0,2192.0,0.0,206,0
2025-12-04,-0.007200040508077432,-0.006588500198286249,-0.000611540309791183,1.801990732700002,1.368515700121901,1.2799285106989826,3603981.4653999996,40784.46539999984,3563197.0,0.011316502537971083,0,28,0.0,0.0,0.0,0.0,0.0,206,0
2025-12-05,-0.0016753693263874547,0.00055612538189702,-0.0022314947082844746,1.7989717327000019,1.3692767664382635,1.2770723570003755,3597943.4653999996,40784.46539999984,3557159.0,0.011335493676375943,0,28,0.0,0.0,0.0,0.0,0.0,206,0
2025-12-08,-0.0030372906370237374,-0.002322487902312585,-0.0007148027347111522,1.7935077327000017,1.3660966377132928,1.2761595021871677,3587015.4653999996,40784.46539999984,3546231.0,0.01137002775521957,0,28,0.0,0.0,0.0,0.0,0.0,206,0
2025-12-09,-0.0017108930973944725,-0.006458086194344488,0.004747193096950015,1.7904392327000016,1.3572742678771361,1.2822176777665577,3580878.4653999996,40784.46539999984,3540094.0,0.011389513996098173,0,28,0.0,0.0,0.0,0.0,0.0,206,0
2025-12-10,0.0021706964017644825,-0.00010148013621930344,0.002272176537983786,1.7943257327000015,1.357136531499545,1.285131102690567,3588651.4653999996,40784.46539999984,3547867.0,0.011364844369319078,0,28,0.0,0.0,0.0,0.0,0.0,206,0
2025-12-11,-0.009644291270326066,-0.010102501254987982,0.0004582099846619156,1.7770207327000014,1.3434260579868806,1.2857199625934195,3554041.4653999996,40784.46539999984,3513257.0,0.011475517603565619,0,28,0.0,0.0,0.0,0.0,0.0,206,0
2025-12-12,-0.00884908077358637,0.002329647148151425,-0.011178727921737797,1.7612957327000014,1.346555766671622,1.2713472489480406,3522591.4653999996,40784.46539999984,3481807.0,0.011577972013103897,0,28,0.0,0.0,0.0,0.0,0.0,206,0
2025-12-15,0.006024482886660909,0.0014844535368287804,0.004540029349832129,1.7719066287000014,1.348554666141995,1.277119202772093,3543813.2574,42662.25739999984,3501151.0,0.012038517354410482,0,28,0.0,0.0,0.0,1877.792,0.0,206,0
2025-12-16,-0.007502088306849841,-0.015049600406710066,0.007547512099860225,1.7586136287000014,1.3282594572899535,1.2867582754079794,3517227.2574,42662.25739999984,3474565.0,0.012129514039856662,0,28,0.0,0.0,0.0,0.0,0.0,206,0
2025-12-17,0.004144173501821058,0.0014919041831256779,0.00265226931869538,1.7659016287000013,1.3302410931305606,1.2901711049024214,3531803.2574,42662.25739999984,3489141.0,0.012079454683839445,0,28,0.0,0.0,0.0,0.0,0.0,206,0
2025-12-18,0.008380704655046367,0.004924245228861171,0.003456459426185196,1.7807011287000014,1.336791526486644,1.2946305289793532,3561402.2574,42662.25739999984,3518740.0,0.011979061705639902,0,28,0.0,0.0,0.0,0.0,0.0,206,0
2025-12-19,0.003339134178199199,0.008465745785280305,-0.0051266116070811055,1.7866471287000014,1.3481084637177967,1.287993461082606,3573294.2574,42662.25739999984,3530632.0,0.0119391951311174,0,28,0.0,0.0,0.0,0.0,0.0,206,0
2025-12-22,-0.0028729791784541936,0.0010112432389250883,-0.003884222417379282,1.7815141287000014,1.349471729287069,1.282990608007631,3563028.2574,42662.25739999984,3520366.0,0.011973595020301969,0,28,0.0,0.0,0.0,0.0,0.0,206,0
2025-12-23,-0.002830738145018219,-0.003681623315853026,0.0008508851708348072,1.7764711287000015,1.3445034827044413,1.2840822856903051,3552942.2574,42662.25739999984,3510280.0,0.012007585350182292,0,28,0.0,0.0,0.0,0.0,0.0,206,0
2025-12-24,0.0034292704798744023,0.0046226509933574925,-0.0011933805134830902,1.7825631287000014,1.3507186530643378,1.2825498869128535,3565126.2574,42662.25739999984,3522464.0,0.011966548817576202,0,28,0.0,0.0,0.0,0.0,0.0,206,0
2025-12-25,0.003885696886960499,0.005830028262939367,-0.0019443313759788675,1.7894896287000015,1.3585933809869821,1.2800561849264709,3578979.2574,42662.25739999984,3536317.0,0.01192023041535939,0,28,0.0,0.0,0.0,0.0,0.0,206,0
2025-12-26,-0.003716981586996959,-3.973134592493187e-05,-0.0036772502410720273,1.7828381287000015,1.3585394022433908,1.2753490980118642,3565676.2574,42662.25739999984,3523014.0,0.011964702996089743,0,28,0.0,0.0,0.0,0.0,0.0,206,0
2025-12-29,-0.01081646151132154,-0.007709463872783914,-0.003106997638537626,1.7635541287000014,1.3480657918020418,1.2713865913760303,3527108.2574,42662.25739999984,3484446.0,0.0120955338726825,0,28,0.0,0.0,0.0,0.0,0.0,206,0
2025-12-30,-0.007354466635827506,-0.007172140052289816,-0.00018232658353768954,1.7505841287000015,1.3383972751435365,1.271154783802469,3501168.2574,42662.25739999984,3458506.0,0.012185149145525851,0,28,0.0,0.0,0.0,0.0,0.0,206,0
2025-12-31,-0.0011161988549793778,0.00017344663316891658,-0.0012896454881482944,1.7486301287000015,1.3386294156447525,1.2695154447708001,3497260.2574,44102.25739999984,3453158.0,0.012610516276757505,0,28,0.0,0.0,0.0,1440.0,0.0,206,0
2026-01-05,-0.0005843148778178486,0.00622383198168634,-0.0068081468595041885,1.7476083781000016,1.3469608202134684,1.2608723971823919,3495216.7562,25086.75620000015,3470130.0,0.007177453631595218,28,28,1424393.0,1406284.0,906.5011999999999,0.0,0.0,206,1
2026-01-06,0.007402402141184927,0.00766142985245534,-0.0002590277112704126,1.7605448781000017,1.3572804660515396,1.2605457962911457,3521089.7562,25086.75620000015,3496003.0,0.007124713636119875,0,28,0.0,0.0,0.0,0.0,0.0,206,0
2026-01-07,-0.003638930242388372,-0.0018930067504819574,-0.0017459234919064144,1.7541383781000017,1.3547111249670067,1.2583449797727773,3508276.7562,25086.75620000015,3483190.0,0.0071507346607321085,0,28,0.0,0.0,0.0,0.0,0.0,206,0
2026-01-08,-0.004059257860666965,0.002806843002335488,-0.0068661008630024525,1.7470178781000016,1.3585135864083064,1.2497050562212046,3494035.7562,25086.75620000015,3468949.0,0.007179879643614091,0,28,0.0,0.0,0.0,0.0,0.0,206,0
2026-01-09,0.0022824609009364227,0.00454205166649317,-0.002259590765556747,1.751005378100002,1.364684025307406,1.2468812342164977,3502010.7562,25086.75620000015,3476924.0,0.007163529168374559,0,28,0.0,0.0,0.0,0.0,0.0,206,0
2026-01-12,0.005470571432735438,0.009986052990805412,-0.004515481558069974,1.760584378100002,1.3783118322998313,1.2412509649982895,3521168.7562,25086.75620000015,3496082.0,0.0071245537879512065,0,28,0.0,0.0,0.0,0.0,0.0,206,0
2026-01-13,1.931176967318038e-05,0.001418800888373081,-0.0013994891186999007,1.760618378100002,1.3802673823519536,1.2395138477791985,3521236.7562,25998.75620000015,3495238.0,0.007383416112030232,0,28,0.0,0.0,0.0,912.0,0.0,206,0
2026-01-14,-0.007650437009828259,-0.0036362077752062926,-0.004014229234621967,1.747148878100002,1.3752484433643817,1.2345381550547245,3494297.7562,25998.75620000015,3468299.0,0.007440337948839664,0,28,0.0,0.0,0.0,0.0,0.0,206,0
2026-01-15,-0.0005131216985784226,-0.00154598638574766,0.0010328646871692374,1.746252378100002,1.3731223279939198,1.2358132659200438,3492504.7562,25998.75620000015,3466506.0,0.007444157707687118,0,28,0.0,0.0,0.0,0.0,0.0,206,0
2026-01-16,-0.0038035739182367134,-0.001183323977768178,-0.0026202499404685354,1.7396103781000019,1.3714974794187957,1.2325751262835867,3479220.7562,25998.75620000015,3453222.0,0.0074725802189096946,0,28,0.0,0.0,0.0,0.0,0.0,206,0
2026-01-19,0.00850506537915674,0.010599660236313776,-0.0020945948571570363,1.754405878100002,1.3860348867155958,1.2299933807630135,3508811.7562,25998.75620000015,3482813.0,0.007409561414647242,0,28,0.0,0.0,0.0,0.0,0.0,206,0
2026-01-20,0.012612246844477815,0.010036381269898488,0.002575865574579327,1.776532878100002,1.399945661292054,1.2331616783694814,3553065.7562,25998.75620000015,3527067.0,0.0073172741468781,0,28,0.0,0.0,0.0,0.0,0.0,206,0
2026-01-21,-0.009320683114916073,-0.007916241599336698,-0.0014044415155793754,1.7599743781000021,1.388863353211323,1.2314297749129577,3519948.7562,25998.75620000015,3493950.0,0.007386117810438637,0,28,0.0,0.0,0.0,0.0,0.0,206,0
2026-01-22,0.002014517963510043,0.009237213772541922,-0.007222695809031879,1.763519878100002,1.4016925809057852,1.2225355322385767,3527039.7562,25998.75620000015,3501041.0,0.007371268258118804,0,28,0.0,0.0,0.0,0.0,0.0,206,0
2026-01-23,8.278897324220935e-05,0.001992815088609022,-0.0019100261153668125,1.7636658781000023,1.4044858950306056,1.2202004574450371,3527331.7562,25998.75620000015,3501333.0,0.0073706580489068165,0,28,0.0,0.0,0.0,0.0,0.0,206,0
2026-01-26,0.003193065120739691,0.0007272930906379647,0.0024657720301017264,1.769297378100002,1.4055073679179597,1.2232091936041225,3538594.7562,25998.75620000015,3512596.0,0.007347197967342126,0,28,0.0,0.0,0.0,0.0,0.0,206,0
2026-01-27,-0.009043702996487268,-0.007550062996605654,-0.0014936399998816147,1.753296378100002,1.3948956987479857,1.2213821594243324,3506592.7562,25998.75620000015,3480594.0,0.007414250244494972,0,28,0.0,0.0,0.0,0.0,0.0,206,0
2026-01-28,0.004960370710070494,0.002420210771386908,0.0025401599386835863,1.761993378100002,1.3982716403430568,1.224484665455525,3523986.7562,25998.75620000015,3497988.0,0.007377654343978079,0,28,0.0,0.0,0.0,0.0,0.0,206,0
2026-01-29,0.0014225365606668205,0.0017398871066204495,-0.000317350545953629,1.764499878100002,1.4007044751416429,1.2240960745784308,3528999.7562,25998.75620000015,3503001.0,0.007367174269231293,0,28,0.0,0.0,0.0,0.0,0.0,206,0
2026-01-30,-0.002981864756865571,-0.0019121555283942411,-0.0010697092284713298,1.759238378100002,1.3980261103358542,1.2227866477109186,3518476.7562,25998.75620000015,3492478.0,0.0073892078878131165,0,28,0.0,0.0,0.0,0.0,0.0,206,0
2026-02-02,-0.01333446353377954,-0.015629656363663844,0.002295192829884305,1.735779878100002,1.3761754426438753,1.225593178857223,3471559.7562,25998.75620000015,3445561.0,0.007489070626990623,0,28,0.0,0.0,0.0,0.0,0.0,206,0
2026-02-03,0.0017652007830357697,0.0035376141424808653,-0.0017724133594450957,1.738843878100002,1.381043820352307,1.2234209211337717,3477687.7562,25998.75620000015,3451689.0,0.00747587420798481,0,28,0.0,0.0,0.0,0.0,0.0,206,0
2026-02-04,0.014094134791893476,0.013384085763419002,0.0007100490284744736,1.763351378100002,1.3995278292869422,1.2242896099702378,3526702.7562,25998.75620000015,3500704.0,0.0073719726320268745,0,28,0.0,0.0,0.0,0.0,0.0,206,0
2026-02-05,0.0011222947533759964,-0.003725974501726837,0.0048482692551028335,1.765330378100002,1.3943132242805618,1.2302252956455983,3530660.7562,27798.75620000015,3502862.0,0.00787352796532045,0,28,0.0,0.0,0.0,1800.0,0.0,206,0
2026-02-06,-0.0031164138272640196,0.001638659616046178,-0.004755073443310198,1.759828878100002,1.3965980290533095,1.2243754840129855,3519657.7562,27798.75620000015,3491859.0,0.007898141843772074,0,28,0.0,0.0,0.0,0.0,0.0,206,0
2026-02-09,0.005303356545709459,0.0052943157333983065,9.04081231115246e-06,1.7691618781000022,1.4039920599717595,1.224386553361935,3538323.7562,27798.75620000015,3510525.0,0.007856476149558105,0,28,0.0,0.0,0.0,0.0,0.0,206,0
2026-02-10,-0.002490727419885652,-0.003214259323575414,0.0007235319036897618,1.7647553781000023,1.3994792654027695,1.225272436095741,3529510.7562,27798.75620000015,3501712.0,0.007876093351229591,0,28,0.0,0.0,0.0,0.0,0.0,206,0
2026-02-11,0.003643847798850963,0.004107424905562877,-0.0004635771067119142,1.7711858781000023,1.4052275213923036,1.2247044278448818,3542371.7562,27798.75620000015,3514573.0,0.007847498261961258,0,28,0.0,0.0,0.0,0.0,0.0,206,0
2026-02-12,-0.008072839884732175,-0.004637231757989901,-0.0034356081267422735,1.7568873781000023,1.3987111557029017,1.2204968233597207,3513774.7562,27798.75620000015,3485976.0,0.007911365448496573,0,28,0.0,0.0,0.0,0.0,0.0,206,0
2026-02-13,-0.01320773334093539,-0.012033012257525023,-0.0011747210834103673,1.7336828781000022,1.3818804472215918,1.2190630800090847,3467365.7562,27798.75620000015,3439567.0,0.008017255217536011,0,28,0.0,0.0,0.0,0.0,0.0,206,0
2026-02-24,0.010553256441022896,0.01812771966035054,-0.007574463219327643,1.751978878100002,1.4069307885729447,1.2098293315475157,3503957.7562,27798.75620000015,3476159.0,0.00793353063426985,0,28,0.0,0.0,0.0,0.0,0.0,206,0
2026-02-25,0.0038308110239768656,0.005191558408303688,-0.0013607473843268228,1.7586903781000023,1.414234951938262,1.2081830594491305,3517380.7562,27798.75620000015,3489582.0,0.007903254758814487,0,28,0.0,0.0,0.0,0.0,0.0,206,0
2026-02-26,0.002399797060673947,0.0049109696986038886,-0.0025111726379299414,1.7629108781000022,1.4211802169339371,1.2051491032086312,3525821.7562,27798.75620000015,3498023.0,0.007884333957358247,0,28,0.0,0.0,0.0,0.0,0.0,206,0
2026-02-27,0.013816353567601247,0.018994806033636177,-0.0051784524660349295,1.7872678781000022,1.4481752594934383,1.1989082958631807,3574535.7562,27798.75620000015,3546737.0,0.007776885754124422,0,28,0.0,0.0,0.0,0.0,0.0,206,0
2026-03-02,0.004702428831728778,0.005713755522751815,-0.0010113266910230373,1.7956723781000024,1.4564497788802815,1.1976958079034854,3591344.7562,27798.75620000015,3563546.0,0.007740486666452484,0,28,0.0,0.0,0.0,0.0,0.0,206,0
2026-03-03,0.0006654888801398418,0.011137324217391265,-0.010471835337251423,1.7968673781000022,1.4726707322740191,1.1851537346190038,3593734.7562,27798.75620000015,3565936.0,0.0077353388844407745,0,28,0.0,0.0,0.0,0.0,0.0,206,0
2026-03-04,-0.017574752808630745,-0.01429069430199583,-0.003284058506634914,1.7652878781000023,1.4516252450315947,1.181261620415158,3530575.7562,27798.75620000015,3502777.0,0.007873717523603083,0,28,0.0,0.0,0.0,0.0,0.0,206,0
2026-03-05,0.0059474718714436214,0.005797232095912189,0.0001502397755314324,1.7757868781000026,1.4600406534933281,1.1814390928958531,3551573.7562,27798.75620000015,3523775.0,0.007827165675912465,0,28,0.0,0.0,0.0,0.0,0.0,206,0
2026-03-06,0.011495467306212648,0.010544904164505271,0.0009505631417073765,1.7962003781000027,1.475436642260697,1.182562125351732,3592400.7562,27798.75620000015,3564602.0,0.007738211320667172,0,28,0.0,0.0,0.0,0.0,0.0,206,0
2026-03-09,-0.005989031141046319,-0.0012803800557329124,-0.004708651085313407,1.7854428781000025,1.4735475226104489,1.176993852916744,3570885.7562,27798.75620000015,3543087.0,0.00778483493954803,0,28,0.0,0.0,0.0,0.0,0.0,206,0
2026-03-10,0.002747217544825542,0.0007365788669394103,0.0020106386778861317,1.7903478781000026,1.4746329065750345,1.1793603622810527,3580695.7562,27798.75620000015,3552897.0,0.007763506897190694,0,28,0.0,0.0,0.0,0.0,0.0,206,0
2026-03-11,0.012673793890872309,0.010679549542186396,0.0019942443486859127,1.8130383781000026,1.4903813217573407,1.1817122950185959,3626076.7562,27798.75620000015,3598278.0,0.007666345218001469,0,28,0.0,0.0,0.0,0.0,0.0,206,0
2026-03-12,0.019178854910087306,0.014145987919747126,0.00503286699034018,1.8478103781000026,1.511464237930737,1.187659695820274,3695620.7562,27798.75620000015,3667822.0,0.0075220803307166325,0,28,0.0,0.0,0.0,0.0,0.0,206,0
2026-03-13,-0.0057827903374951806,-0.011492417324523406,0.005709626987028225,1.8371248781000027,1.4940938601373441,1.1944407896709353,3674249.7562,27798.75620000015,3646451.0,0.007565831950615766,0,28,0.0,0.0,0.0,0.0,0.0,206,0
2026-03-16,-0.006333537876877293,-0.006835044192595428,0.0005015063157181344,1.8254893781000028,1.4838816625754199,1.1950398092707066,3650978.7562,27798.75620000015,3623180.0,0.0076140558618132195,0,28,0.0,0.0,0.0,0.0,0.0,206,0
2026-03-17,-0.0027767896438136708,-0.008669471894654357,0.0058926822508406865,1.8204203781000028,1.4710171922067292,1.2020817991438442,3640840.7562,27798.75620000015,3613042.0,0.007635257365393296,0,28,0.0,0.0,0.0,0.0,0.0,206,0
2026-03-18,-0.0026642197913989696,0.0042651103775391535,-0.006929330168938123,1.8155703781000028,1.4772912428987486,1.1937521774675053,3631140.7562,27798.75620000015,3603342.0,0.007655653709522302,0,28,0.0,0.0,0.0,0.0,0.0,206,0
2026-03-19,-0.007758167994974974,-0.00020975258715202435,-0.007548415407822949,1.8014848781000028,1.4769813772385736,1.1847412401379873,3602969.7562,27798.75620000015,3575171.0,0.007715511947377292,0,28,0.0,0.0,0.0,0.0,0.0,206,0
2026-03-20,-0.0026183955565449724,-0.004484591912136044,0.0018661963555910719,1.7967678781000027,1.470357718499834,1.1869521999226513,3593535.7562,27798.75620000015,3565737.0,0.007735767245960581,0,28,0.0,0.0,0.0,0.0,0.0,206,0
2026-03-23,-0.04430065840456321,-0.03678838480487568,-0.007512273599687529,1.7171698781000027,1.416265632950843,1.1780354902470813,3434339.7562,27798.75620000015,3406541.0,0.008094352386019806,0,28,0.0,0.0,0.0,0.0,0.0,206,0
2026-03-24,0.0308842477825666,0.03801495349894604,-0.007130705716379443,1.7702033781000028,1.4701049051296247,1.1696352658426787,3540406.7562,27798.75620000015,3512608.0,0.00785185378807637,0,28,0.0,0.0,0.0,0.0,0.0,206,0
2026-03-25,0.02867523620618262,0.026214276729884897,0.002460959476297722,1.820964378100003,1.508642641934654,1.1725136908339662,3641928.7562,27798.75620000015,3614130.0,0.007632976387216717,0,28,0.0,0.0,0.0,0.0,0.0,206,0
2026-03-26,-0.0023935119502709323,0.002189847826886286,-0.004583359777157218,1.816605878100003,1.5119463397456425,1.1671396387452317,3633211.7562,27798.75620000015,3605413.0,0.007651289840885864,0,28,0.0,0.0,0.0,0.0,0.0,206,0
2026-03-27,-0.009715095724813327,-0.0025290444569703286,-0.007186051267842998,1.7989573781000028,1.5081225602358723,1.1587525134644767,3597914.7562,27798.75620000015,3570116.0,0.007726352091054065,0,28,0.0,0.0,0.0,0.0,0.0,206,0
2026-03-30,-0.015603204579335839,-0.01984546795633687,0.004242263377001031,1.7708878781000028,1.4781931622924827,1.163668246815355,3541775.7562,27798.75620000015,3513977.0,0.007848818816758084,0,28,0.0,0.0,0.0,0.0,0.0,206,0
2026-03-31,-0.007265564443190264,-0.012307227198276148,0.005041662755085883,1.7580213781000027,1.4600007032012108,1.1695350696745999,3516042.7562,27798.75620000015,3488244.0,0.007906262274820556,0,28,0.0,0.0,0.0,0.0,0.0,206,0
2026-04-01,-0.0007405850498855004,-0.0038317640724340944,0.003091179022548594,1.7567194137500026,1.4544063249609558,1.1731503119481128,3513438.8275,29872.827499999927,3483566.0,0.008502447023179295,28,28,1436817.0,1439809.0,917.9286999999999,0.0,0.0,206,1
2026-04-02,0.0003221914641404755,-0.004622017823110808,0.004944209287251283,1.7572854137500027,1.4476840330049412,1.1789506126157885,3514570.8275,29872.827499999927,3484698.0,0.008499708489656246,0,28,0.0,0.0,0.0,0.0,0.0,206,0
2026-04-03,-0.016352209934229922,-0.028065680413750637,0.011713470479520715,1.7285499137500027,1.4070537955945348,1.1927602158134765,3457099.8275,29872.827499999927,3427227.0,0.008641008067621364,0,28,0.0,0.0,0.0,0.0,0.0,206,0
2026-04-07,-0.005207833414813345,0.005930413993943405,-0.011138247408756751,1.7195479137500027,1.4153982071141598,1.1794749574304237,3439095.8275,29872.827499999927,3409223.0,0.008686244582406863,0,28,0.0,0.0,0.0,0.0,0.0,206,0
2026-04-08,0.017632250754722634,0.01893003922611899,-0.001297788471396357,1.749867413750003,1.4421917506954092,1.1779442484283698,3499734.8275,29872.827499999927,3469862.0,0.008535740269596161,0,28,0.0,0.0,0.0,0.0,0.0,206,0
2026-04-09,-0.008769807289063847,-0.01406834274164599,0.005298535452582144,1.734521413750003,1.4219025028474517,1.1841856277898326,3469042.8275,29872.827499999927,3439170.0,0.008611259354652612,0,28,0.0,0.0,0.0,0.0,0.0,206,0
2026-04-10,-0.0012406880554719502,0.002906895502076285,-0.004147583557548235,1.732369413750003,1.4260358248373701,1.1792741189509266,3464738.8275,29872.827499999927,3434866.0,0.00862195651311323,0,28,0.0,0.0,0.0,0.0,0.0,206,0
2026-04-13,-0.0035165709759402697,0.004947972234699121,-0.008464543210639391,1.726277413750003,1.4330918105043517,1.1692921022138778,3452554.8275,29872.827499999927,3422682.0,0.008652383232862628,0,28,0.0,0.0,0.0,0.0,0.0,206,0
2026-04-14,0.0029152324880783453,0.0020109074385553424,0.000904325049523003,1.7313099137500028,1.4359736254862276,1.1703495223521194,3462619.8275,29872.827499999927,3432747.0,0.008627232843395345,0,28,0.0,0.0,0.0,0.0,0.0,206,0
2026-04-15,0.0047770187961819754,-0.0016492544956587278,0.006426273291840703,1.7395804137500026,1.4336053395287471,1.1778705082297294,3479160.8275,29872.827499999927,3449288.0,0.00858621632661502,0,28,0.0,0.0,0.0,0.0,0.0,206,0
2026-04-16,0.000849917594101246,0.0037701406335818514,-0.0029202230394806054,1.7410589137500028,1.4390102332718244,1.1744308636340721,3482117.8275,29872.827499999927,3452245.0,0.008578924947363783,0,28,0.0,0.0,0.0,0.0,0.0,206,0
2026-04-17,-0.0038034324672776565,-0.003646021016867774,-0.00015741145040988266,1.7344369137500029,1.4337635717178276,1.1742459947684214,3468873.8275,29872.827499999927,3439001.0,0.008611678886438231,0,28,0.0,0.0,0.0,0.0,0.0,206,0
2026-04-20,0.003580412726902571,0.011608418036269429,-0.008028005309366858,1.740646913750003,1.450407298623503,1.1648191416879177,3481293.8275,29872.827499999927,3451421.0,0.008580955524070864,0,28,0.0,0.0,0.0,0.0,0.0,206,0
2026-04-21,0.01162929703898996,0.00887922255901217,0.00275007447997779,1.7608894137500029,1.4632857878291967,1.1680224810832631,3521778.8275,29872.827499999927,3491906.0,0.008482312195966521,0,28,0.0,0.0,0.0,0.0,0.0,206,0
2026-04-22,-0.0005710182548367415,0.0006727591460389863,-0.0012437774008757277,1.7598839137500029,1.4642702267262275,1.166569721117577,3519767.8275,29872.827499999927,3489895.0,0.008487158518412228,0,28,0.0,0.0,0.0,0.0,0.0,206,0
2026-04-23,0.009252598920176824,0.010083081477477527,-0.0008304825573007026,1.7761674137500028,1.4790345827273526,1.1656009053123138,3552334.8275,29872.827499999927,3522462.0,0.008409350174072218,0,28,0.0,0.0,0.0,0.0,0.0,206,0
2026-04-24,-0.008481182507563023,-0.013563341415373995,0.005082158907810972,1.7611034137500028,1.4589739317166763,1.1715246743361991,3522206.8275,29872.827499999927,3492334.0,0.008481281470118304,0,28,0.0,0.0,0.0,0.0,0.0,206,0
2026-04-27,-0.006458167028239314,0.00034515720976509626,-0.006803324238004411,1.7497299137500029,1.4594775070880677,1.1635544121238675,3499459.8275,29872.827499999927,3469587.0,0.008536411038426166,0,28,0.0,0.0,0.0,0.0,0.0,206,0
2026-04-28,0.007980660266630801,0.007494817290904665,0.0004858429757261364,1.763693913750003,1.4704160243438777,1.164119716861873,3527387.8275,29872.827499999927,3497515.0,0.008468824229393565,0,28,0.0,0.0,0.0,0.0,0.0,206,0
2026-04-29,0.002960831218664639,0.005181798050686297,-0.0022209668320216577,1.7689159137500028,1.4780354232325208,1.1615342455822204,3537831.8275,29872.827499999927,3507959.0,0.008443823493190032,0,28,0.0,0.0,0.0,0.0,0.0,206,0
2026-04-30,-0.001109719226754291,-0.007868080372599118,0.006758361145844827,1.7669529137500029,1.4664061217289788,1.1693843134971316,3533905.8275,29872.827499999927,3504033.0,0.008453204176392254,0,28,0.0,0.0,0.0,0.0,0.0,206,0
2026-05-06,0.0007880798572299508,0.010123719358670655,-0.009335639501440705,1.768345413750003,1.4812516057711997,1.1584673631076827,3536690.8275,29872.827499999927,3506818.0,0.00844654762234795,0,28,0.0,0.0,0.0,0.0,0.0,206,0
2026-05-07,0.0004000915174708908,0.005807650072664505,-0.005407558555193614,1.7690529137500028,1.4898541967670913,1.1522028830073971,3538105.8275,29872.827499999927,3508233.0,0.008443169581817695,0,28,0.0,0.0,0.0,0.0,0.0,206,0
2026-05-08,0.0018054858479215063,0.0040306857340768705,-0.002225199886155364,1.7722469137500028,1.4958593308238548,1.1496390012833013,3544493.8275,29872.827499999927,3514621.0,0.008427953031891667,0,28,0.0,0.0,0.0,0.0,0.0,206,0
2026-05-11,0.0027151972801680024,0.005253260172663686,-0.002538062892495684,1.7770589137500028,1.503717469070379,1.1467211451943784,3554117.8275,29872.827499999927,3524245.0,0.008405131441861271,0,28,0.0,0.0,0.0,0.0,0.0,206,0
2026-05-12,0.003259936941412356,0.0026662390190551853,0.0005936979223571705,1.7828520137500026,1.5077267392600495,1.1474019511558033,3565704.0275,33804.027499999924,3531900.0,0.009480323447849577,0,28,0.0,0.0,0.0,3931.2000000000003,0.0,206,0
2026-05-13,0.00035140325454285914,0.012953609213643335,-0.012602205959100476,1.7834785137500027,1.5272572422413848,1.1329421554494643,3566957.0275,33804.027499999924,3533153.0,0.009476993201595257,0,28,0.0,0.0,0.0,0.0,0.0,206,0
2026-05-14,-0.0072495967292670604,-0.011508195771711107,0.004258599042444047,1.7705490137500026,1.5096812669039072,1.1377669018278058,3541098.0275,33804.027499999924,3507294.0,0.009546199296794228,0,28,0.0,0.0,0.0,0.0,0.0,206,0
2026-05-15,-0.008704079853378177,-0.011524440350560015,0.0028203604971818383,1.7551380137500026,1.4922830351951153,1.140975814652722,3510276.0275,33804.027499999924,3476472.0,0.00963001975775534,0,28,0.0,0.0,0.0,0.0,0.0,206,0
2026-05-18,0.00019998427317413636,0.0027996472078801963,-0.00259966293470606,1.7554890137500025,1.4964609012279662,1.1380096621179734,3510978.0275,33804.027499999924,3477174.0,0.009628094290316639,0,28,0.0,0.0,0.0,0.0,0.0,206,0
2026-05-19,0.01911319281248347,0.01950647591674303,-0.00039328310425956053,1.7890420137500027,1.525651579758117,1.1375621021453783,3578084.0275,37028.027499999924,3541056.0,0.010348562866443171,0,28,0.0,0.0,0.0,3224.0,0.0,206,0
2026-05-20,-0.017496235280908268,-0.024278656458087185,0.006782421177178918,1.7577405137500028,1.4886108091784318,1.1452775274373255,3515481.0275,37028.027499999924,3478453.0,0.010532848054177112,0,28,0.0,0.0,0.0,0.0,0.0,206,0
2026-05-21,-0.0047706131447753375,-0.015679158882352297,0.01090854573757696,1.749355013750003,1.4652706437873362,1.1577708397275948,3498710.0275,37028.027499999924,3461682.0,0.01058333706107627,0,28,0.0,0.0,0.0,0.0,0.0,206,0
2026-05-22,0.00015177022268964002,0.0045347778078924416,-0.0043830075852028015,1.749620513750003,1.471915320585339,1.152696321355142,3499241.0275,37028.027499999924,3462213.0,0.010581731069395426,0,28,0.0,0.0,0.0,0.0,0.0,206,0
2026-05-25,0.007589645809272572,0.008070266368713901,-0.0004806205594413294,1.762899513750003,1.4837940692946539,1.1521423118043064,3525799.0275,37028.027499999924,3488771.0,0.010502024423738918,0,28,0.0,0.0,0.0,0.0,0.0,206,0
2026-05-26,0.0020114589472299826,-0.001921262704423688,0.00393272165165367,1.7664455137500028,1.4809433110882728,1.1566733668197253,3532891.0275,37028.027499999924,3495863.0,0.010480942438296004,0,28,0.0,0.0,0.0,0.0,0.0,206,0
2026-05-27,-0.0037210318398364084,-0.0015285312593797218,-0.0021925005804566866,1.7598725137500029,1.478679642943905,1.1541373597915743,3519745.0275,37028.027499999924,3482717.0,0.010520088020779205,0,28,0.0,0.0,0.0,0.0,0.0,206,0
2026-05-28,0.000882166172759824,0.004803156018067361,-0.003920989845307537,1.761425013750003,1.485781971969705,1.1496119989237414,3522850.0275,37028.027499999924,3485822.0,0.010510815734689951,0,28,0.0,0.0,0.0,0.0,0.0,206,0
2026-05-29,0.025462679165952684,0.016379804780929322,0.009082874385023362,1.8062756137500031,1.510118790617593,1.1600537803014814,3612551.2275,39087.22749999992,3573464.0,0.01081984033955126,0,28,0.0,0.0,0.0,2059.2,0.0,206,0
