trade_date,code,target_weight,actual_weight,amount,close
2021-10-08,600969.XSHG,0.03553571428145,0.011399228229940564,2900,7.86
2021-10-08,000543.XSHE,0.03553571428145,0.011145678668100612,5100,4.37
2021-10-08,600617.XSHG,0.03553571428145,0.011804307411578356,4200,5.62
2021-10-08,000421.XSHE,0.03553571428145,0.012039853454234407,4500,5.35
2021-10-08,000539.XSHE,0.03553571428145,0.011117173096059434,4500,4.94
2021-10-08,601985.XSHG,0.03553571428145,0.01139422725238948,3200,7.12
2021-10-08,601991.XSHG,0.03553571428145,0.010922134971567164,6500,3.36
2021-10-08,600017.XSHG,0.03553571428145,0.012029851499132238,8500,2.83
2021-10-08,601077.XSHG,0.03553571428145,0.011927831557090129,6100,3.91
2021-10-08,000900.XSHE,0.03553571428145,0.01182831210382356,5400,4.38
2021-10-08,601018.XSHG,0.03553571428145,0.011861318555660711,5900,4.02
2021-10-08,600033.XSHG,0.03553571428145,0.011954336738110872,8300,2.88
2021-10-08,601988.XSHG,0.03553571428145,0.01182181083300715,7700,3.07
2021-10-08,002040.XSHE,0.03553571428145,0.011687284536882994,3800,6.15
2021-10-08,000429.XSHE,0.03553571428145,0.011332715228511148,3100,7.31
2021-10-08,600928.XSHG,0.03553571428145,0.011794805554231298,5300,4.45
2021-10-08,601006.XSHG,0.03553571428145,0.011694285905454512,3700,6.32
2021-10-08,600035.XSHG,0.03553571428145,0.011937833512192296,7300,3.27
2021-10-08,601288.XSHG,0.03553571428145,0.011842314840966595,8000,2.96
2021-10-08,601398.XSHG,0.03553571428145,0.011777302132802503,5000,4.71
2021-10-08,603323.XSHG,0.03553571428145,0.011904827060355143,4500,5.29
2021-10-08,002807.XSHE,0.03553571428145,0.011866819630966904,6100,3.89
2021-10-08,600368.XSHG,0.03553571428145,0.01189232461647743,5800,4.1
2021-10-08,601333.XSHG,0.03553571428145,0.011952336347090439,10000,2.39
2021-10-08,001872.XSHE,0.03553571428145,0.011292707408102478,1300,17.37
2021-10-08,601326.XSHG,0.03553571428145,0.012122369583827291,8000,3.03
2021-10-08,600106.XSHG,0.03553571428145,0.011913328722191986,8600,2.77
2021-10-08,600377.XSHG,0.03553571428145,0.011949835858314897,2700,8.85
2021-10-11,600969.XSHG,0.03553571428145,0.026231398535783858,6900,7.57
2021-10-11,000543.XSHE,0.03553571428145,0.012140176290927937,5100,4.74
2021-10-11,600617.XSHG,0.03553571428145,0.02632330108650942,9600,5.46
2021-10-11,000421.XSHE,0.03553571428145,0.02694954415074319,10300,5.21
2021-10-11,000539.XSHE,0.03553571428145,0.02704144670146876,10900,4.94
2021-10-11,601985.XSHG,0.03553571428145,0.026720541073525388,7700,6.91
2021-10-11,601991.XSHG,0.03553571428145,0.026034034041602726,16000,3.24
2021-10-11,600017.XSHG,0.03553571428145,0.027615963193436222,19500,2.82
2021-10-11,601077.XSHG,0.03553571428145,0.02782839367953958,14100,3.93
2021-10-11,000900.XSHE,0.03553571428145,0.0277153987401229,12600,4.38
2021-10-11,601018.XSHG,0.03553571428145,0.02779072869973402,13800,4.01
2021-10-11,600033.XSHG,0.03553571428145,0.027529082640018066,19100,2.87
2021-10-11,601988.XSHG,0.03553571428145,0.027687275555201417,17900,3.08
2021-10-11,002040.XSHE,0.03553571428145,0.027615963193436222,9000,6.11
2021-10-11,000429.XSHE,0.03553571428145,0.027165992234692474,7400,7.31
2021-10-11,600928.XSHG,0.03553571428145,0.028085017741948125,12400,4.51
2021-10-11,601006.XSHG,0.03553571428145,0.027744024124775127,8700,6.35
2021-10-11,600035.XSHG,0.03553571428145,0.027173023030922845,16700,3.24
2021-10-11,601288.XSHG,0.03553571428145,0.02807949354490998,18700,2.99
2021-10-11,601398.XSHG,0.03553571428145,0.027850992667422914,11700,4.74
2021-10-11,603323.XSHG,0.03553571428145,0.028527455704730764,10500,5.41
2021-10-11,002807.XSHE,0.03553571428145,0.027954445811955518,14200,3.92
2021-10-11,600368.XSHG,0.03553571428145,0.027593364205552893,13500,4.07
2021-10-11,601333.XSHG,0.03553571428145,0.027496439657519915,23200,2.36
2021-10-11,001872.XSHE,0.03553571428145,0.027913767633765515,3100,17.93
2021-10-11,601326.XSHG,0.03553571428145,0.02714590424546284,18200,2.97
2021-10-11,600106.XSHG,0.03553571428145,0.02754364643220955,19800,2.77
2021-10-11,600377.XSHG,0.03553571428145,0.027617971992359183,6200,8.87
2021-10-12,600969.XSHG,0.03553571428145,0.03444611265177439,9200,7.3
2021-10-12,000543.XSHE,0.03553571428145,0.03464511639967327,15600,4.33
2021-10-12,600617.XSHG,0.03553571428145,0.03540881892704808,13100,5.27
2021-10-12,000421.XSHE,0.03553571428145,0.03524366633214231,13500,5.09
2021-10-12,000539.XSHE,0.03553571428145,0.03528521092899749,14700,4.68
2021-10-12,601985.XSHG,0.03553571428145,0.034813859268381334,10300,6.59
2021-10-12,601991.XSHG,0.03553571428145,0.03520519911283196,22000,3.12
2021-10-12,600017.XSHG,0.03553571428145,0.03485232648769169,24800,2.74
2021-10-12,601077.XSHG,0.03553571428145,0.03562167087389868,17900,3.88
2021-10-12,000900.XSHE,0.03553571428145,0.03534265530983428,16100,4.28
2021-10-12,601018.XSHG,0.03553571428145,0.03529546885414691,17600,3.91
2021-10-12,600033.XSHG,0.03553571428145,0.03558063917330097,24600,2.82
2021-10-12,601988.XSHG,0.03553571428145,0.036017626784666544,22800,3.08
2021-10-12,002040.XSHE,0.03553571428145,0.03527187562630323,11500,5.98
2021-10-12,000429.XSHE,0.03553571428145,0.035500627357135446,9600,7.21
2021-10-12,600928.XSHG,0.03553571428145,0.036085329090652755,15600,4.51
2021-10-12,601006.XSHG,0.03553571428145,0.03609456122328724,11100,6.34
2021-10-12,600035.XSHG,0.03553571428145,0.03549447260204579,21900,3.16
2021-10-12,601288.XSHG,0.03553571428145,0.03607096799544356,23600,2.98
2021-10-12,601398.XSHG,0.03553571428145,0.036056606900234364,14800,4.75
2021-10-12,603323.XSHG,0.03553571428145,0.03608071302433551,13100,5.37
2021-10-12,002807.XSHE,0.03553571428145,0.035912995948142394,18000,3.89
2021-10-12,600368.XSHG,0.03553571428145,0.034960034701760664,17300,3.94
2021-10-12,601333.XSHG,0.03553571428145,0.03573194356925501,29900,2.33
2021-10-12,001872.XSHE,0.03553571428145,0.03426506027288701,3900,17.13
2021-10-12,601326.XSHG,0.03553571428145,0.03510261986133769,23600,2.9
2021-10-12,600106.XSHG,0.03553571428145,0.035304700986781394,25400,2.71
2021-10-12,600377.XSHG,0.03553571428145,0.03541343499336532,7900,8.74
2022-01-04,000421.XSHE,0.03553571428145,0.03356437523933707,13800,5.0
2022-01-04,003816.XSHE,0.03553571428145,0.011608409430602028,7600,3.14
2022-01-04,600017.XSHG,0.03553571428145,0.03504169419008876,25100,2.87
2022-01-04,600969.XSHG,0.03553571428145,0.035944040799783986,9100,8.12
2022-01-04,000900.XSHE,0.03553571428145,0.034144211982602146,16400,4.28
2022-01-04,600617.XSHG,0.03553571428145,0.029980283692040907,14400,4.28
2022-01-04,601077.XSHG,0.03553571428145,0.034261930516050254,18200,3.87
2022-01-04,601368.XSHG,0.03553571428145,0.011900273563118003,4400,5.56
2022-01-04,601985.XSHG,0.03553571428145,0.038502716361507365,9700,8.16
2022-01-04,002893.XSHE,0.03553571428145,0.01205690731423491,2700,9.18
2022-01-04,601006.XSHG,0.03553571428145,0.03488068247698412,11100,6.46
2022-01-04,601008.XSHG,0.03553571428145,0.011882761715167044,6200,3.94
2022-01-04,601288.XSHG,0.03553571428145,0.03418020855894578,23900,2.94
2022-01-04,600928.XSHG,0.03553571428145,0.03377840893651546,16000,4.34
2022-01-04,601988.XSHG,0.03553571428145,0.034347543994921605,23000,3.07
2022-01-04,601398.XSHG,0.03553571428145,0.03407513747124003,15000,4.67
2022-01-04,601229.XSHG,0.03553571428145,0.011509662065767456,3300,7.17
2022-01-04,600033.XSHG,0.03553571428145,0.034762477503315146,24900,2.87
2022-01-04,002807.XSHE,0.03553571428145,0.03435046263624677,18200,3.88
2022-01-04,600717.XSHG,0.03553571428145,0.01157727725646699,5600,4.25
2022-01-04,000429.XSHE,0.03553571428145,0.034556713289891385,9600,7.4
2022-01-04,600368.XSHG,0.03553571428145,0.03546441074201607,17400,4.19
2022-01-04,002040.XSHE,0.03553571428145,0.03513071275050614,11500,6.28
2022-01-04,600035.XSHG,0.03553571428145,0.03488068247698412,22200,3.23
2022-01-04,601018.XSHG,0.03553571428145,0.03498088916248127,17800,4.04
2022-01-04,601880.XSHG,0.03553571428145,0.011967888753817537,13900,1.77
2022-01-04,000755.XSHE,0.03553571428145,0.011838009214847928,5200,4.68
2022-01-04,600377.XSHG,0.03553571428145,0.03401190024252824,8000,8.74
2022-01-05,000421.XSHE,0.03553571428145,0.034554578999267234,14300,4.95
2022-01-05,003816.XSHE,0.03553571428145,0.026800118486399255,18000,3.05
2022-01-05,600017.XSHG,0.03553571428145,0.03518284407198119,25200,2.86
2022-01-05,600969.XSHG,0.03553571428145,0.03432270183567817,8900,7.9
2022-01-05,000900.XSHE,0.03553571428145,0.03501882148889503,16800,4.27
2022-01-05,600617.XSHG,0.03553571428145,0.03316673315488048,16100,4.22
2022-01-05,601077.XSHG,0.03553571428145,0.03532050588278564,18600,3.89
2022-01-05,601368.XSHG,0.03553571428145,0.027385913425992683,10200,5.5
2022-01-05,601985.XSHG,0.03553571428145,0.03413231848031031,9200,7.6
2022-01-05,002893.XSHE,0.03553571428145,0.027663189697400236,6200,9.14
2022-01-05,601006.XSHG,0.03553571428145,0.035319529557886316,11200,6.46
2022-01-05,601008.XSHG,0.03553571428145,0.02729462704790604,14300,3.91
2022-01-05,601288.XSHG,0.03553571428145,0.03552114064959639,24500,2.97
2022-01-05,600928.XSHG,0.03553571428145,0.03503785982443181,16500,4.35
2022-01-05,601988.XSHG,0.03553571428145,0.03544791628214721,23500,3.09
2022-01-05,601398.XSHG,0.03553571428145,0.035408375123724654,15400,4.71
2022-01-05,601229.XSHG,0.03553571428145,0.02752943318619307,7800,7.23
2022-01-05,600033.XSHG,0.03553571428145,0.035059827134666564,25200,2.85
2022-01-05,002807.XSHE,0.03553571428145,0.03522970766714866,18600,3.88
2022-01-05,600717.XSHG,0.03553571428145,0.02791801049612338,13300,4.3
2022-01-05,000429.XSHE,0.03553571428145,0.03522970766714866,9700,7.44
2022-01-05,600368.XSHG,0.03553571428145,0.035080329957552336,17400,4.13
2022-01-05,002040.XSHE,0.03553571428145,0.03581647893164141,11500,6.38
2022-01-05,600035.XSHG,0.03553571428145,0.03510083278043811,22400,3.21
2022-01-05,601018.XSHG,0.03553571428145,0.03652529080854946,17900,4.18
2022-01-05,601880.XSHG,0.03553571428145,0.027751058938339252,32300,1.76
2022-01-05,000755.XSHE,0.03553571428145,0.02734832491736877,12100,4.63
2022-01-05,600377.XSHG,0.03553571428145,0.03522580236755137,8200,8.8
2022-01-06,000421.XSHE,0.03553571428145,0.03554322668094768,14700,4.97
2022-01-06,003816.XSHE,0.03553571428145,0.03516667543536461,23700,3.05
2022-01-06,600017.XSHG,0.03553571428145,0.035571443699350544,25300,2.89
2022-01-06,600969.XSHG,0.03553571428145,0.035417223098769365,9100,8.0
2022-01-06,000900.XSHE,0.03553571428145,0.03535397805752156,16900,4.3
2022-01-06,600617.XSHG,0.03553571428145,0.03539581708480857,17200,4.23
2022-01-06,601077.XSHG,0.03553571428145,0.03529851702135041,18700,3.88
2022-01-06,601368.XSHG,0.03553571428145,0.03570523128660551,13200,5.56
2022-01-06,601985.XSHG,0.03553571428145,0.036008807484594965,9600,7.71
2022-01-06,002893.XSHE,0.03553571428145,0.03561182322568568,8000,9.15
2022-01-06,601006.XSHG,0.03553571428145,0.035144782921086526,11200,6.45
2022-01-06,601008.XSHG,0.03553571428145,0.035281003009927946,18500,3.92
2022-01-06,601288.XSHG,0.03553571428145,0.035281003009927946,24500,2.96
2022-01-06,600928.XSHG,0.03553571428145,0.0351301879115678,16600,4.35
2022-01-06,601988.XSHG,0.03553571428145,0.03532722054007057,23500,3.09
2022-01-06,601398.XSHG,0.03553571428145,0.03521289296550723,15400,4.7
2022-01-06,601229.XSHG,0.03553571428145,0.034979372813207656,10000,7.19
2022-01-06,600033.XSHG,0.03553571428145,0.035571443699350544,25300,2.89
2022-01-06,002807.XSHE,0.03553571428145,0.03529851702135041,18700,3.88
2022-01-06,600717.XSHG,0.03553571428145,0.03518954095027727,16900,4.28
2022-01-06,000429.XSHE,0.03553571428145,0.03525132649057321,9700,7.47
2022-01-06,600368.XSHG,0.03553571428145,0.03536273506323279,17600,4.13
2022-01-06,002040.XSHE,0.03553571428145,0.03552668567015979,11500,6.35
2022-01-06,600035.XSHG,0.03553571428145,0.035403601089885224,22600,3.22
2022-01-06,601018.XSHG,0.03553571428145,0.035928048431924695,17500,4.22
2022-01-06,601880.XSHG,0.03553571428145,0.03547754913811342,41200,1.77
2022-01-06,000755.XSHE,0.03553571428145,0.03605064651188197,15800,4.69
2022-01-06,600377.XSHG,0.03553571428145,0.035105862895703256,8200,8.8
2022-04-01,000421.XSHE,0.03553571428145,0.0355232431770785,14600,5.06
2022-04-01,600681.XSHG,0.03553571428145,0.011729363674515079,4700,5.19
2022-04-01,601006.XSHG,0.03553571428145,0.03639069580975284,11000,6.88
2022-04-01,600795.XSHG,0.03553571428145,0.01181735914667661,9600,2.56
2022-04-01,002267.XSHE,0.03553571428145,0.011548083384870829,3800,6.32
2022-04-01,003816.XSHE,0.03553571428145,0.03254293751337808,24700,2.74
2022-04-01,601077.XSHG,0.03553571428145,0.03613296043773873,18600,4.04
2022-04-01,600886.XSHG,0.03553571428145,0.011726959426641814,2600,9.38
2022-04-01,601985.XSHG,0.03553571428145,0.03611468815390192,9400,7.99
2022-04-01,601398.XSHG,0.03553571428145,0.03524002277760778,15300,4.79
2022-04-01,601288.XSHG,0.03553571428145,0.035840603896349604,24200,3.08
2022-04-01,601298.XSHG,0.03553571428145,0.011806299606459587,4300,5.71
2022-04-01,601988.XSHG,0.03553571428145,0.03654408682406721,23100,3.29
2022-04-01,600717.XSHG,0.03553571428145,0.03664987373049091,16900,4.51
2022-04-01,601939.XSHG,0.03553571428145,0.01181447404922869,3900,6.3
2022-04-01,001872.XSHE,0.03553571428145,0.011525964304436781,1500,15.98
2022-04-01,600350.XSHG,0.03553571428145,0.011922665203525657,4500,5.51
2022-04-01,601229.XSHG,0.03553571428145,0.03338153917157323,10300,6.74
2022-04-01,002807.XSHE,0.03553571428145,0.04016921176737755,18200,4.59
2022-04-01,600033.XSHG,0.03553571428145,0.035746357379717576,25200,2.95
2022-04-01,601326.XSHG,0.03553571428145,0.011964499116520484,8700,2.86
2022-04-01,601228.XSHG,0.03553571428145,0.012045281845062218,7500,3.34
2022-04-01,000582.XSHE,0.03553571428145,0.011848133519454414,3200,7.7
2022-04-01,000429.XSHE,0.03553571428145,0.03613344128731339,9500,7.91
2022-04-01,600012.XSHG,0.03553571428145,0.011910163114584675,3100,7.99
2022-04-06,000421.XSHE,0.03553571428145,0.03603887887494014,14600,5.19
2022-04-06,600681.XSHG,0.03553571428145,0.027994409831591002,10900,5.4
2022-04-06,601006.XSHG,0.03553571428145,0.03569929327147843,10800,6.95
2022-04-06,600795.XSHG,0.03553571428145,0.027257689803912875,22300,2.57
2022-04-06,002267.XSHE,0.03553571428145,0.027566360751597255,9000,6.44
2022-04-06,003816.XSHE,0.03553571428145,0.03451692659051793,26200,2.77
2022-04-06,601077.XSHG,0.03553571428145,0.03579251284889929,18400,4.09
2022-04-06,600886.XSHG,0.03553571428145,0.02802580009745721,6100,9.66
2022-04-06,601985.XSHG,0.03553571428145,0.035827707995476556,9300,8.1
2022-04-06,601398.XSHG,0.03553571428145,0.0351471099582865,15300,4.83
2022-04-06,601288.XSHG,0.03553571428145,0.03538539061281635,24000,3.1
2022-04-06,601298.XSHG,0.03553571428145,0.027300019101823367,10000,5.74
2022-04-06,601988.XSHG,0.03553571428145,0.0354710004288151,22600,3.3
2022-04-06,600717.XSHG,0.03553571428145,0.03602033008147374,16500,4.59
2022-04-06,601939.XSHG,0.03553571428145,0.027483128986042913,9100,6.35
2022-04-06,001872.XSHE,0.03553571428145,0.026517640505612575,3500,15.93
2022-04-06,600350.XSHG,0.03553571428145,0.02794684882270281,10400,5.65
2022-04-06,601229.XSHG,0.03553571428145,0.034910731744112175,10700,6.86
2022-04-06,002807.XSHE,0.03553571428145,0.03719270895056773,17000,4.6
2022-04-06,600033.XSHG,0.03553571428145,0.035932817825119465,25100,3.01
2022-04-06,601326.XSHG,0.03553571428145,0.02768050717292892,20000,2.91
2022-04-06,601228.XSHG,0.03553571428145,0.02797728786839125,17200,3.42
2022-04-06,000582.XSHE,0.03553571428145,0.02748740947684285,7400,7.81
2022-04-06,000429.XSHE,0.03553571428145,0.03534115887455033,9300,7.99
2022-04-06,600012.XSHG,0.03553571428145,0.027566360751597258,7200,8.05
2022-04-07,000421.XSHE,0.03553571428145,0.03849697947248536,14100,5.71
2022-04-07,600681.XSHG,0.03553571428145,0.034510576150428615,13800,5.23
2022-04-07,601006.XSHG,0.03553571428145,0.034944265464702993,10700,6.83
2022-04-07,600795.XSHG,0.03553571428145,0.03576000302826648,29100,2.57
2022-04-07,002267.XSHE,0.03553571428145,0.03497247678724124,11500,6.36
2022-04-07,003816.XSHE,0.03553571428145,0.03537173872485877,26900,2.75
2022-04-07,601077.XSHG,0.03553571428145,0.03515800209478088,18200,4.04
2022-04-07,600886.XSHG,0.03553571428145,0.03516134920084474,7700,9.55
2022-04-07,601985.XSHG,0.03553571428145,0.03572031591350929,9200,8.12
2022-04-07,601398.XSHG,0.03553571428145,0.035492712701166836,15400,4.82
2022-04-07,601288.XSHG,0.03553571428145,0.03546019795654649,24000,3.09
2022-04-07,601298.XSHG,0.03553571428145,0.034934224146511414,13000,5.62
2022-04-07,601988.XSHG,0.03553571428145,0.03528806107326228,22500,3.28
2022-04-07,600717.XSHG,0.03553571428145,0.034739135678789314,16400,4.43
2022-04-07,601939.XSHG,0.03553571428145,0.034965304417104395,11700,6.25
2022-04-07,001872.XSHE,0.03553571428145,0.034048675513616,4600,15.48
2022-04-07,600350.XSHG,0.03553571428145,0.0352192063199486,13200,5.58
2022-04-07,601229.XSHG,0.03553571428145,0.034806077800066504,10800,6.74
2022-04-07,002807.XSHE,0.03553571428145,0.03405967314782582,16300,4.37
2022-04-07,600033.XSHG,0.03553571428145,0.03531340344774579,24700,2.99
2022-04-07,601326.XSHG,0.03553571428145,0.03488640834559913,25600,2.85
2022-04-07,601228.XSHG,0.03553571428145,0.03481564096024896,21800,3.34
2022-04-07,000582.XSHE,0.03553571428145,0.03943082206430218,9600,8.59
2022-04-07,000429.XSHE,0.03553571428145,0.03504133154055492,9300,7.88
2022-04-07,600012.XSHG,0.03553571428145,0.03535261240449386,9300,7.95
2022-07-01,000883.XSHE,0.03553571428145,0.011824648324523504,4800,5.19
2022-07-01,002608.XSHE,0.03553571428145,0.011796168921044398,3800,6.54
2022-07-01,600017.XSHG,0.03553571428145,0.01161105279843023,8100,3.02
2022-07-01,600795.XSHG,0.03553571428145,0.048550737737725225,25700,3.98
2022-07-01,601985.XSHG,0.03553571428145,0.03209106649697774,9700,6.97
2022-07-01,003816.XSHE,0.03553571428145,0.03561824061786462,26800,2.8
2022-07-01,601991.XSHG,0.03553571428145,0.011861671549046335,10200,2.45
2022-07-01,600886.XSHG,0.03553571428145,0.037583319457922724,7400,10.7
2022-07-01,601077.XSHG,0.03553571428145,0.03283865083830419,18800,3.68
2022-07-01,601326.XSHG,0.03553571428145,0.03453412465876011,25800,2.82
2022-07-01,601288.XSHG,0.03553571428145,0.034574945137080156,24200,3.01
2022-07-01,601398.XSHG,0.03553571428145,0.034867333679465616,15400,4.77
2022-07-01,600033.XSHG,0.03553571428145,0.0333958978330453,25400,2.77
2022-07-01,601825.XSHG,0.03553571428145,0.011680827336954032,3900,6.31
2022-07-01,600035.XSHG,0.03553571428145,0.011760095009970868,7600,3.26
2022-07-01,601988.XSHG,0.03553571428145,0.03497080884543969,22600,3.26
2022-07-01,601939.XSHG,0.03553571428145,0.03434236334200082,11900,6.08
2022-07-01,601298.XSHG,0.03553571428145,0.03433476883440639,13200,5.48
2022-07-01,601000.XSHG,0.03553571428145,0.011756297756173654,9600,2.58
2022-07-01,601006.XSHG,0.03553571428145,0.03419854235443135,10900,6.61
2022-07-01,601169.XSHG,0.03553571428145,0.011636684261561423,5400,4.54
2022-07-01,601018.XSHG,0.03553571428145,0.011632412351039557,6300,3.89
2022-07-01,001872.XSHE,0.03553571428145,0.033646516583661405,4600,15.41
2022-07-01,000429.XSHE,0.03553571428145,0.0360264454010651,9200,8.25
2022-07-01,600350.XSHG,0.03553571428145,0.03364129535969024,13500,5.25
2022-07-01,600012.XSHG,0.03553571428145,0.03386438402027654,9500,7.51
2022-07-01,000755.XSHE,0.03553571428145,0.011648076022953063,6000,4.09
2022-07-04,000883.XSHE,0.03553571428145,0.027206980952776134,11100,5.2
2022-07-04,002608.XSHE,0.03553571428145,0.027874428718353595,8800,6.72
2022-07-04,600017.XSHG,0.03553571428145,0.027874428718353595,19200,3.08
2022-07-04,600795.XSHG,0.03553571428145,0.04037964709460361,21100,4.06
2022-07-04,601985.XSHG,0.03553571428145,0.03461631105666886,10300,7.13
2022-07-04,003816.XSHE,0.03553571428145,0.03624580747305395,26700,2.88
2022-07-04,601991.XSHG,0.03553571428145,0.02916784444486811,23800,2.6
2022-07-04,600886.XSHG,0.03553571428145,0.03654559333386416,7100,10.92
2022-07-04,601077.XSHG,0.03553571428145,0.03434527824225711,19800,3.68
2022-07-04,601326.XSHG,0.03553571428145,0.03533089496388315,26300,2.85
2022-07-04,601288.XSHG,0.03553571428145,0.03501838234483099,24600,3.02
2022-07-04,601398.XSHG,0.03553571428145,0.03507494571479518,15600,4.77
2022-07-04,600033.XSHG,0.03553571428145,0.03434527824225711,26400,2.76
2022-07-04,601825.XSHG,0.03553571428145,0.0273634729430104,9200,6.31
2022-07-04,600035.XSHG,0.03553571428145,0.02735216026901756,17800,3.26
2022-07-04,601988.XSHG,0.03553571428145,0.03535776256461614,22800,3.29
2022-07-04,601939.XSHG,0.03553571428145,0.03473415141076092,12100,6.09
2022-07-04,601298.XSHG,0.03553571428145,0.03480249881613433,13400,5.51
2022-07-04,601000.XSHG,0.03553571428145,0.027377613785501447,22600,2.57
2022-07-04,601006.XSHG,0.03553571428145,0.03479354294922333,11100,6.65
2022-07-04,601169.XSHG,0.03553571428145,0.02733142036669736,12800,4.53
2022-07-04,601018.XSHG,0.03553571428145,0.0275312776072375,14900,3.92
2022-07-04,001872.XSHE,0.03553571428145,0.03374052154505663,4700,15.23
2022-07-04,000429.XSHE,0.03553571428145,0.03534456444495783,9100,8.24
2022-07-04,600350.XSHG,0.03553571428145,0.03459415707009955,13900,5.28
2022-07-04,600012.XSHG,0.03553571428145,0.03441409700904688,9800,7.45
2022-07-04,000755.XSHE,0.03553571428145,0.027442661660960262,14200,4.1
2022-07-05,000883.XSHE,0.03553571428145,0.03545111850603658,14500,5.21
2022-07-05,002608.XSHE,0.03553571428145,0.035051299153767826,11300,6.61
2022-07-05,600017.XSHG,0.03553571428145,0.036331002643951976,24500,3.16
2022-07-05,600795.XSHG,0.03553571428145,0.03604850117673861,18600,4.13
2022-07-05,601985.XSHG,0.03553571428145,0.03523056088213245,10500,7.15
2022-07-05,003816.XSHE,0.03553571428145,0.0355191628793687,26100,2.9
2022-07-05,601991.XSHG,0.03553571428145,0.036312231782343114,29200,2.65
2022-07-05,600886.XSHG,0.03553571428145,0.03529391254006236,6900,10.9
2022-07-05,601077.XSHG,0.03553571428145,0.035133421673306596,20400,3.67
2022-07-05,601326.XSHG,0.03553571428145,0.03592742911936145,26400,2.9
2022-07-05,601288.XSHG,0.03553571428145,0.03540512989509487,24900,3.03
2022-07-05,601398.XSHG,0.03553571428145,0.03536430327109559,15700,4.8
2022-07-05,600033.XSHG,0.03553571428145,0.03535679492645205,27200,2.77
2022-07-05,601825.XSHG,0.03553571428145,0.035069600743836464,11900,6.28
2022-07-05,600035.XSHG,0.03553571428145,0.03566416778529716,23100,3.29
2022-07-05,601988.XSHG,0.03553571428145,0.03546285029454212,22900,3.3
2022-07-05,601939.XSHG,0.03553571428145,0.035267164062269735,12300,6.11
2022-07-05,601298.XSHG,0.03553571428145,0.035165332138041655,13600,5.51
2022-07-05,601000.XSHG,0.03553571428145,0.035749105934077256,29300,2.6
2022-07-05,601006.XSHG,0.03553571428145,0.035422492942083064,11300,6.68
2022-07-05,601169.XSHG,0.03553571428145,0.0352882812815797,16600,4.53
2022-07-05,601018.XSHG,0.03553571428145,0.03549382221619674,19100,3.96
2022-07-05,001872.XSHE,0.03553571428145,0.03534224750870518,4900,15.37
2022-07-05,000429.XSHE,0.03553571428145,0.03535867201261293,9100,8.28
2022-07-05,600350.XSHG,0.03553571428145,0.03518410299965052,14200,5.28
2022-07-05,600012.XSHG,0.03553571428145,0.035168147767282984,10100,7.42
2022-07-05,000755.XSHE,0.03553571428145,0.03495181358724086,18300,4.07
2022-10-10,600803.XSHG,0.03553571428145,0.012397562853565008,1300,19.87
2022-10-10,600795.XSHG,0.03553571428145,0.03664890633340653,18400,4.15
2022-10-10,600719.XSHG,0.03553571428145,0.011350794064759879,5500,4.3
2022-10-10,600008.XSHG,0.03553571428145,0.011775068988787269,9400,2.61
2022-10-10,000598.XSHE,0.03553571428145,0.011641163215253736,4900,4.95
2022-10-10,003816.XSHE,0.03553571428145,0.03408693852293345,26700,2.66
2022-10-10,000027.XSHE,0.03553571428145,0.011474620909102715,4300,5.56
2022-10-10,601077.XSHG,0.03553571428145,0.03544327442259567,20400,3.62
2022-10-10,600717.XSHG,0.03553571428145,0.011769309600678297,6100,4.02
2022-10-10,601825.XSHG,0.03553571428145,0.03209658998227556,12500,5.35
2022-10-10,601398.XSHG,0.03553571428145,0.033690500641432745,16100,4.36
2022-10-10,601288.XSHG,0.03553571428145,0.034711832132756595,25200,2.87
2022-10-10,601939.XSHG,0.03553571428145,0.03338141347958474,12600,5.52
2022-10-10,600350.XSHG,0.03553571428145,0.03709045942176083,14000,5.52
2022-10-10,601988.XSHG,0.03553571428145,0.034183888222767765,23200,3.07
2022-10-10,601298.XSHG,0.03553571428145,0.03531224834311662,13500,5.45
2022-10-10,600035.XSHG,0.03553571428145,0.035034357866858865,23100,3.16
2022-10-10,601006.XSHG,0.03553571428145,0.03606912793043698,11200,6.71
2022-10-10,600017.XSHG,0.03553571428145,0.03326046632929639,25200,2.75
2022-10-10,600033.XSHG,0.03553571428145,0.035769639748770586,27200,2.74
2022-10-10,601169.XSHG,0.03553571428145,0.03361562859601615,17000,4.12
2022-10-10,601008.XSHG,0.03553571428145,0.011580689640109562,6300,3.83
2022-10-10,001872.XSHE,0.03553571428145,0.034711832132756595,4900,14.76
2022-10-10,601326.XSHG,0.03553571428145,0.03408693852293345,26700,2.66
2022-10-10,600012.XSHG,0.03553571428145,0.03369242043746907,10400,6.75
2022-10-10,000429.XSHE,0.03553571428145,0.032934101003121476,9400,7.3
2022-10-10,000755.XSHE,0.03553571428145,0.04047457988478923,16900,4.99
2022-10-11,600803.XSHG,0.03553571428145,0.02752798444120115,2900,19.88
2022-10-11,600795.XSHG,0.03553571428145,0.03820503398136799,17900,4.47
2022-10-11,600719.XSHG,0.03553571428145,0.0272438806678279,13300,4.29
2022-10-11,600008.XSHG,0.03553571428145,0.02771086132389351,21900,2.65
2022-10-11,000598.XSHE,0.03553571428145,0.02767504992388848,11500,5.04
2022-10-11,003816.XSHE,0.03553571428145,0.035453286004981356,27500,2.7
2022-10-11,000027.XSHE,0.03553571428145,0.02800451480393477,10200,5.75
2022-10-11,601077.XSHG,0.03553571428145,0.03535874390896807,20400,3.63
2022-10-11,600717.XSHG,0.03553571428145,0.027340810190508182,14000,4.09
2022-10-11,601825.XSHG,0.03553571428145,0.03429490658615193,13400,5.36
2022-10-11,601398.XSHG,0.03553571428145,0.03463774105553344,16600,4.37
2022-10-11,601288.XSHG,0.03553571428145,0.03494476412490991,25500,2.87
2022-10-11,601939.XSHG,0.03553571428145,0.03452791942885134,13100,5.52
2022-10-11,600350.XSHG,0.03553571428145,0.03604393536239768,13700,5.51
2022-10-11,601988.XSHG,0.03553571428145,0.03477430186088596,23800,3.06
2022-10-11,601298.XSHG,0.03553571428145,0.03597851987172183,13700,5.5
2022-10-11,600035.XSHG,0.03553571428145,0.03522695795694956,23200,3.18
2022-10-11,601006.XSHG,0.03553571428145,0.035453286004981356,11000,6.75
2022-10-11,600017.XSHG,0.03553571428145,0.034408548095501236,26300,2.74
2022-10-11,600033.XSHG,0.03553571428145,0.035066522884927016,27000,2.72
2022-10-11,601169.XSHG,0.03553571428145,0.034623416495531426,17600,4.12
2022-10-11,601008.XSHG,0.03553571428145,0.027390946150515228,14900,3.85
2022-10-11,001872.XSHE,0.03553571428145,0.0336913651247338,4900,14.4
2022-10-11,601326.XSHG,0.03553571428145,0.034804383436890185,27300,2.67
2022-10-11,600012.XSHG,0.03553571428145,0.03412874169012859,10700,6.68
2022-10-11,000429.XSHE,0.03553571428145,0.03406571362611973,9800,7.28
2022-10-11,000755.XSHE,0.03553571428145,0.03706050163720718,15400,5.04
2022-10-12,600803.XSHG,0.03553571428145,0.03444100580711982,3800,19.1
2022-10-12,600795.XSHG,0.03553571428145,0.03597751692317733,16700,4.54
2022-10-12,600719.XSHG,0.03553571428145,0.035830414253017404,17200,4.39
2022-10-12,600008.XSHG,0.03553571428145,0.03573550930452713,28100,2.68
2022-10-12,000598.XSHE,0.03553571428145,0.03543560966729787,14700,5.08
2022-10-12,003816.XSHE,0.03553571428145,0.035361583807475463,27600,2.7
2022-10-12,000027.XSHE,0.03553571428145,0.03568758230553955,12900,5.83
2022-10-12,601077.XSHG,0.03553571428145,0.03533311232292838,20400,3.65
2022-10-12,600717.XSHG,0.03553571428145,0.03577726748186285,18300,4.12
2022-10-12,601825.XSHG,0.03553571428145,0.03529609939301717,13800,5.39
2022-10-12,601398.XSHG,0.03553571428145,0.035494450735361845,17000,4.4
2022-10-12,601288.XSHG,0.03553571428145,0.03514994577234215,25900,2.86
2022-10-12,601939.XSHG,0.03553571428145,0.03522681878061927,13400,5.54
2022-10-12,600350.XSHG,0.03553571428145,0.03509964614964231,13400,5.52
2022-10-12,601988.XSHG,0.03553571428145,0.035400020311614024,24300,3.07
2022-10-12,601298.XSHG,0.03553571428145,0.035489705487937326,13500,5.54
2022-10-12,600035.XSHG,0.03553571428145,0.03560169332715585,23300,3.22
2022-10-12,601006.XSHG,0.03553571428145,0.03528565984868324,11000,6.76
2022-10-12,600017.XSHG,0.03553571428145,0.035617827168399195,27000,2.78
2022-10-12,600033.XSHG,0.03553571428145,0.035494450735361845,27200,2.75
2022-10-12,601169.XSHG,0.03553571428145,0.035361583807475463,18000,4.14
2022-10-12,601008.XSHG,0.03553571428145,0.03534734806520192,19100,3.9
2022-10-12,001872.XSHE,0.03553571428145,0.03518790775173826,5100,14.54
2022-10-12,601326.XSHG,0.03553571428145,0.035617827168399195,27800,2.7
2022-10-12,600012.XSHG,0.03553571428145,0.03544842183534406,11100,6.73
2022-10-12,000429.XSHE,0.03553571428145,0.03538151384665842,10200,7.31
2022-10-12,000755.XSHE,0.03553571428145,0.035575119941578574,14700,5.1
2023-01-03,600098.XSHG,0.03553571428145,0.011885375323616084,4600,5.61
2023-01-03,601006.XSHG,0.03553571428145,0.03384333680267988,11100,6.62
2023-01-03,003816.XSHE,0.03553571428145,0.03482296143700258,27900,2.71
2023-01-03,600886.XSHG,0.03553571428145,0.011482840330481137,2300,10.84
2023-01-03,601985.XSHG,0.03553571428145,0.011780366194972185,4200,6.09
2023-01-03,002039.XSHE,0.03553571428145,0.011156759352060607,1600,15.14
2023-01-03,600461.XSHG,0.03553571428145,0.011877545695603162,3700,6.97
2023-01-03,600283.XSHG,0.03553571428145,0.011983475956954464,2100,12.39
2023-01-03,601077.XSHG,0.03553571428145,0.03381662395416521,20800,3.53
2023-01-03,600717.XSHG,0.03553571428145,0.034745125723227056,18400,4.1
2023-01-03,600035.XSHG,0.03553571428145,0.03596009976429112,23100,3.38
2023-01-03,601825.XSHG,0.03553571428145,0.03668411007230958,13500,5.9
2023-01-03,601939.XSHG,0.03553571428145,0.03474604685593446,13400,5.63
2023-01-03,601288.XSHG,0.03553571428145,0.034726703069079004,26000,2.9
2023-01-03,601997.XSHG,0.03553571428145,0.01163114269637296,4600,5.49
2023-01-03,601988.XSHG,0.03553571428145,0.03522043020024681,24200,3.16
2023-01-03,601398.XSHG,0.03553571428145,0.03414270493258574,17200,4.31
2023-01-03,000905.XSHE,0.03553571428145,0.011751350514689002,3500,7.29
2023-01-03,601880.XSHG,0.03553571428145,0.011788656389338808,15800,1.62
2023-01-03,600018.XSHG,0.03553571428145,0.011602587582443478,4700,5.36
2023-01-03,601298.XSHG,0.03553571428145,0.03463228696657023,13500,5.57
2023-01-03,601000.XSHG,0.03553571428145,0.011693319154122637,9300,2.73
2023-01-03,600033.XSHG,0.03553571428145,0.03617656595053074,26900,2.92
2023-01-03,600350.XSHG,0.03553571428145,0.035980364683853974,13400,5.83
2023-01-03,000429.XSHE,0.03553571428145,0.03573994904722189,10000,7.76
2023-01-03,600012.XSHG,0.03553571428145,0.03679786996167381,10900,7.33
2023-01-03,000755.XSHE,0.03553571428145,0.03772314776625974,14600,5.61
2023-01-04,600098.XSHG,0.03553571428145,0.027577902155255882,10700,5.62
2023-01-04,601006.XSHG,0.03553571428145,0.03466247049420544,11400,6.63
2023-01-04,003816.XSHE,0.03553571428145,0.03491837346760872,28200,2.7
2023-01-04,600886.XSHG,0.03553571428145,0.026721223384077876,5400,10.79
2023-01-04,601985.XSHG,0.03553571428145,0.027280724508723042,9800,6.07
2023-01-04,002039.XSHE,0.03553571428145,0.027096822909556884,3900,15.15
2023-01-04,600461.XSHG,0.03553571428145,0.027529289762458848,8600,6.98
2023-01-04,600283.XSHG,0.03553571428145,0.02769255402506022,4800,12.58
2023-01-04,601077.XSHG,0.03553571428145,0.03513483619779931,21400,3.58
2023-01-04,600717.XSHG,0.03553571428145,0.0353329546288212,18700,4.12
2023-01-04,600035.XSHG,0.03553571428145,0.035497136106381014,22900,3.38
2023-01-04,601825.XSHG,0.03553571428145,0.03607956760498704,13200,5.96
2023-01-04,601939.XSHG,0.03553571428145,0.03542651055458154,13600,5.68
2023-01-04,601288.XSHG,0.03553571428145,0.03547420573242015,26400,2.93
2023-01-04,601997.XSHG,0.03553571428145,0.027843435885722724,10900,5.57
2023-01-04,601988.XSHG,0.03553571428145,0.035661317583940824,24300,3.2
2023-01-04,601398.XSHG,0.03553571428145,0.03519170352522226,17600,4.36
2023-01-04,000905.XSHE,0.03553571428145,0.02745224370595033,8200,7.3
2023-01-04,601880.XSHG,0.03553571428145,0.027319247536977297,37000,1.61
2023-01-04,600018.XSHG,0.03553571428145,0.027438026874094593,11100,5.39
2023-01-04,601298.XSHG,0.03553571428145,0.03531002425486034,13700,5.62
2023-01-04,601000.XSHG,0.03553571428145,0.02749351837907989,21800,2.75
2023-01-04,600033.XSHG,0.03553571428145,0.03574294971524151,26600,2.93
2023-01-04,600350.XSHG,0.03553571428145,0.035534741919676836,13200,5.87
2023-01-04,000429.XSHE,0.03553571428145,0.035640680247376044,9900,7.85
2023-01-04,600012.XSHG,0.03553571428145,0.03587594588421454,10600,7.38
2023-01-04,000755.XSHE,0.03553571428145,0.0360176555952927,14100,5.57
2023-01-05,600098.XSHG,0.03553571428145,0.03540299380952244,13700,5.63
2023-01-05,601006.XSHG,0.03553571428145,0.03524739340370082,11600,6.62
2023-01-05,003816.XSHE,0.03553571428145,0.03531257115481194,28600,2.69
2023-01-05,600886.XSHG,0.03553571428145,0.035195985600007536,7100,10.8
2023-01-05,601985.XSHG,0.03553571428145,0.035208837550930856,12700,6.04
2023-01-05,002039.XSHE,0.03553571428145,0.035207001557941806,5100,15.04
2023-01-05,600461.XSHG,0.03553571428145,0.0350904160031374,11000,6.95
2023-01-05,600283.XSHG,0.03553571428145,0.03502661524676806,6100,12.51
2023-01-05,601077.XSHG,0.03553571428145,0.03545853259744108,21700,3.56
2023-01-05,600717.XSHG,0.03553571428145,0.03581104325133787,18800,4.15
2023-01-05,600035.XSHG,0.03553571428145,0.035527382334530296,22900,3.38
2023-01-05,601825.XSHG,0.03553571428145,0.03528962124244887,12900,5.96
2023-01-05,601939.XSHG,0.03553571428145,0.03545669660445203,13600,5.68
2023-01-05,601288.XSHG,0.03553571428145,0.03536994593571962,26300,2.93
2023-01-05,601997.XSHG,0.03553571428145,0.0354094197849841,13900,5.55
2023-01-05,601988.XSHG,0.03553571428145,0.03539794482880257,24100,3.2
2023-01-05,601398.XSHG,0.03553571428145,0.035178084668364334,17700,4.33
2023-01-05,000905.XSHE,0.03553571428145,0.03561459200150997,10600,7.32
2023-01-05,601880.XSHG,0.03553571428145,0.03554298827493718,47800,1.62
2023-01-05,600018.XSHG,0.03553571428145,0.035378207904170324,14300,5.39
2023-01-05,601298.XSHG,0.03553571428145,0.035914776855218954,13800,5.67
2023-01-05,601000.XSHG,0.03553571428145,0.035854189086580446,28200,2.77
2023-01-05,600033.XSHG,0.03553571428145,0.03527401530204198,26500,2.9
2023-01-05,600350.XSHG,0.03553571428145,0.03505507313809827,13100,5.83
2023-01-05,000429.XSHE,0.03553571428145,0.03526575333359127,9800,7.84
2023-01-05,600012.XSHG,0.03553571428145,0.03561596899625175,10500,7.39
2023-01-05,000755.XSHE,0.03553571428145,0.03579222432320015,13900,5.61
2023-04-03,600168.XSHG,0.03553571428145,0.011660706815561103,4300,6.11
2023-04-03,600098.XSHG,0.03553571428145,0.03585424349668055,13600,5.94
2023-04-03,600681.XSHG,0.03553571428145,0.011749916348919599,6100,4.34
2023-04-03,600283.XSHG,0.03553571428145,0.03423160641230909,6200,12.44
2023-04-03,601985.XSHG,0.03553571428145,0.03579033218919984,12600,6.4
2023-04-03,601077.XSHG,0.03553571428145,0.035249749046758795,21700,3.66
2023-04-03,600956.XSHG,0.03553571428145,0.01164428516016675,2800,9.37
2023-04-03,600617.XSHG,0.03553571428145,0.011856879023244962,6500,4.11
2023-04-03,601825.XSHG,0.03553571428145,0.03392092644538895,13200,5.79
2023-04-03,601006.XSHG,0.03553571428145,0.03653063816751811,11400,7.22
2023-04-03,600035.XSHG,0.03553571428145,0.03567449294439105,22900,3.51
2023-04-03,600717.XSHG,0.03553571428145,0.03448991461337698,19000,4.09
2023-04-03,600033.XSHG,0.03553571428145,0.03485119103205268,26800,2.93
2023-04-03,601298.XSHG,0.03553571428145,0.03758695005504657,13400,6.32
2023-04-03,600017.XSHG,0.03553571428145,0.011932329872354137,9500,2.83
2023-04-03,601880.XSHG,0.03553571428145,0.03437008091185064,48400,1.6
2023-04-03,600018.XSHG,0.03553571428145,0.03484364594714176,14300,5.49
2023-04-03,601288.XSHG,0.03553571428145,0.035910165890726174,26100,3.1
2023-04-03,601398.XSHG,0.03553571428145,0.03495815370637804,17700,4.45
2023-04-03,601939.XSHG,0.03553571428145,0.03565052620408578,13500,5.95
2023-04-03,601988.XSHG,0.03553571428145,0.03564120580507817,23900,3.36
2023-04-03,601169.XSHG,0.03553571428145,0.011770332461031494,6000,4.42
2023-04-03,001872.XSHE,0.03553571428145,0.01113787681408693,1500,16.73
2023-04-03,600377.XSHG,0.03553571428145,0.01143346661118523,3100,8.31
2023-04-03,000429.XSHE,0.03553571428145,0.033864116394294985,10000,7.63
2023-04-03,600350.XSHG,0.03553571428145,0.035945672172659905,13000,6.23
2023-04-03,600012.XSHG,0.03553571428145,0.04161558156895242,10500,8.93
2023-04-03,000755.XSHE,0.03553571428145,0.03442334033475123,14000,5.54
2023-04-04,600168.XSHG,0.03553571428145,0.027039237338504774,10100,6.09
2023-04-04,600098.XSHG,0.03553571428145,0.03590417190366251,13500,6.05
2023-04-04,600681.XSHG,0.03553571428145,0.027156610021679285,14300,4.32
2023-04-04,600283.XSHG,0.03553571428145,0.034092148682518995,6300,12.31
2023-04-04,601985.XSHG,0.03553571428145,0.03648663933889181,12500,6.64
2023-04-04,601077.XSHG,0.03553571428145,0.03526631511232839,21800,3.68
2023-04-04,600956.XSHG,0.03553571428145,0.02692450224371621,6600,9.28
2023-04-04,600617.XSHG,0.03553571428145,0.02708275754687285,15100,4.08
2023-04-04,601825.XSHG,0.03553571428145,0.03467549531387694,13600,5.8
2023-04-04,601006.XSHG,0.03553571428145,0.03562063115217354,11100,7.3
2023-04-04,600035.XSHG,0.03553571428145,0.03558106732638437,22800,3.55
2023-04-04,600717.XSHG,0.03553571428145,0.03503992210920153,19300,4.13
2023-04-04,600033.XSHG,0.03553571428145,0.03502453617695019,27100,2.94
2023-04-04,601298.XSHG,0.03553571428145,0.036406632491184844,12900,6.42
2023-04-04,600017.XSHG,0.03553571428145,0.027437513184782318,21900,2.85
2023-04-04,601880.XSHG,0.03553571428145,0.03489221715958867,49300,1.61
2023-04-04,600018.XSHG,0.03553571428145,0.035376654226473715,14500,5.55
2023-04-04,601288.XSHG,0.03553571428145,0.03586460807787335,25900,3.15
2023-04-04,601398.XSHG,0.03553571428145,0.035567000188326,17900,4.52
2023-04-04,601939.XSHG,0.03553571428145,0.035638215074746495,13400,6.05
2023-04-04,601988.XSHG,0.03553571428145,0.03588614838302523,23800,3.43
2023-04-04,601169.XSHG,0.03553571428145,0.02738695940738506,14000,4.45
2023-04-04,001872.XSHE,0.03553571428145,0.028422652446932397,3600,17.96
2023-04-04,600377.XSHG,0.03553571428145,0.027455536705419597,7400,8.44
2023-04-04,000429.XSHE,0.03553571428145,0.034819243880910886,10300,7.69
2023-04-04,600350.XSHG,0.03553571428145,0.036068141981655366,12800,6.41
2023-04-04,600012.XSHG,0.03553571428145,0.04121891250133965,10500,8.93
2023-04-04,000755.XSHE,0.03553571428145,0.03457438775908242,14300,5.5
2023-04-06,600168.XSHG,0.03553571428145,0.03520558733654493,13200,6.04
2023-04-06,600098.XSHG,0.03553571428145,0.0352373804617736,13300,6.0
2023-04-06,600681.XSHG,0.03553571428145,0.03556325999536744,18600,4.33
2023-04-06,600283.XSHG,0.03553571428145,0.03533231826627587,6500,12.31
2023-04-06,601985.XSHG,0.03553571428145,0.035317304846029,12100,6.61
2023-04-06,601077.XSHG,0.03553571428145,0.03549040075005175,21900,3.67
2023-04-06,600956.XSHG,0.03553571428145,0.03482318669143345,8600,9.17
2023-04-06,600617.XSHG,0.03553571428145,0.03514376737082252,19700,4.04
2023-04-06,601825.XSHG,0.03553571428145,0.03559946883243343,13900,5.8
2023-04-06,601006.XSHG,0.03553571428145,0.03526387473279749,11000,7.26
2023-04-06,600035.XSHG,0.03553571428145,0.035383540523588726,22700,3.53
2023-04-06,600717.XSHG,0.03553571428145,0.03521750975850568,19500,4.09
2023-04-06,600033.XSHG,0.03553571428145,0.03532083741549885,27300,2.93
2023-04-06,601298.XSHG,0.03553571428145,0.034773730718855526,12500,6.3
2023-04-06,600017.XSHG,0.03553571428145,0.03536455296268827,28400,2.82
2023-04-06,601880.XSHG,0.03553571428145,0.03561757325096642,50100,1.61
2023-04-06,600018.XSHG,0.03553571428145,0.03547141318915129,14500,5.54
2023-04-06,601288.XSHG,0.03553571428145,0.03594742692521385,25600,3.18
2023-04-06,601398.XSHG,0.03553571428145,0.03580568257523604,17900,4.53
2023-04-06,601939.XSHG,0.03553571428145,0.03547229633151876,13300,6.04
2023-04-06,601988.XSHG,0.03553571428145,0.03584851498005799,23600,3.44
2023-04-06,601169.XSHG,0.03553571428145,0.035486426609398165,18100,4.44
2023-04-06,001872.XSHE,0.03553571428145,0.03536985181689305,4500,17.8
2023-04-06,600377.XSHG,0.03553571428145,0.03544712677404606,9500,8.45
2023-04-06,000429.XSHE,0.03553571428145,0.03565466523039986,10500,7.69
2023-04-06,600350.XSHG,0.03553571428145,0.03533011041035721,12600,6.35
2023-04-06,600012.XSHG,0.03553571428145,0.041403922042583974,10500,8.93
2023-04-06,000755.XSHE,0.03553571428145,0.03492209863658931,14700,5.38
2023-07-03,000883.XSHE,0.03553571428145,0.011669351964453779,6100,4.62
2023-07-03,601985.XSHG,0.03553571428145,0.03532854693092032,12000,7.11
2023-07-03,601018.XSHG,0.03553571428145,0.011788190372437536,8300,3.43
2023-07-03,002267.XSHE,0.03553571428145,0.01152152857891301,3500,7.95
2023-07-03,600617.XSHG,0.03553571428145,0.035891683637742304,19700,4.4
2023-07-03,600642.XSHG,0.03553571428145,0.011610553867123837,4000,7.01
2023-07-03,000027.XSHE,0.03553571428145,0.01184036333204016,4300,6.65
2023-07-03,601006.XSHG,0.03553571428145,0.03437949595148209,11100,7.48
2023-07-03,000421.XSHE,0.03553571428145,0.011842433687579947,5200,5.5
2023-07-03,601825.XSHG,0.03553571428145,0.032734805510675535,14400,5.49
2023-07-03,600017.XSHG,0.03553571428145,0.03492027281847438,28300,2.98
2023-07-03,000429.XSHE,0.03553571428145,0.03419150766846946,10600,7.79
2023-07-03,600035.XSHG,0.03553571428145,0.037702002521731795,22100,4.12
2023-07-03,601228.XSHG,0.03553571428145,0.011805995430079702,8800,3.24
2023-07-03,601077.XSHG,0.03553571428145,0.034098755740287014,22500,3.66
2023-07-03,600020.XSHG,0.03553571428145,0.011828769341017356,7700,3.71
2023-07-03,002807.XSHE,0.03553571428145,0.011924419766955501,7700,3.74
2023-07-03,601997.XSHG,0.03553571428145,0.01191075542039291,5500,5.23
2023-07-03,601229.XSHG,0.03553571428145,0.011788190372437534,4900,5.81
2023-07-03,600018.XSHG,0.03553571428145,0.032888011820619754,15100,5.26
2023-07-03,600908.XSHG,0.03553571428145,0.011784877803573877,5300,5.37
2023-07-03,603323.XSHG,0.03553571428145,0.011901645856017848,6700,4.29
2023-07-03,601880.XSHG,0.03553571428145,0.03347971943389079,51500,1.57
2023-07-03,000557.XSHE,0.03553571428145,0.01171904049740866,5300,5.34
2023-07-03,600033.XSHG,0.03553571428145,0.03560804492879152,27300,3.15
2023-07-03,600012.XSHG,0.03553571428145,0.0421329774479833,9700,10.49
2023-07-03,600377.XSHG,0.03553571428145,0.0375612183450263,9200,9.86
2023-07-03,600350.XSHG,0.03553571428145,0.03402670736750244,12800,6.42
2023-07-04,000883.XSHE,0.03553571428145,0.027356938920396687,14400,4.56
2023-07-04,601985.XSHG,0.03553571428145,0.035296050580774965,12000,7.06
2023-07-04,601018.XSHG,0.03553571428145,0.02756108274457728,19400,3.41
2023-07-04,002267.XSHE,0.03553571428145,0.027248617707566168,8300,7.88
2023-07-04,600617.XSHG,0.03553571428145,0.035989722962939626,19500,4.43
2023-07-04,600642.XSHG,0.03553571428145,0.027217787823914406,9400,6.95
2023-07-04,000027.XSHE,0.03553571428145,0.02720528922243396,10000,6.53
2023-07-04,601006.XSHG,0.03553571428145,0.03488484659206834,11300,7.41
2023-07-04,000421.XSHE,0.03553571428145,0.028133102072332283,12300,5.49
2023-07-04,601825.XSHG,0.03553571428145,0.03463945738300229,15200,5.47
2023-07-04,600017.XSHG,0.03553571428145,0.03503108022938954,28600,2.94
2023-07-04,000429.XSHE,0.03553571428145,0.03505107799175825,10800,7.79
2023-07-04,600035.XSHG,0.03553571428145,0.03560226631704585,21100,4.05
2023-07-04,601228.XSHG,0.03553571428145,0.027671903677703884,20500,3.24
2023-07-04,601077.XSHG,0.03553571428145,0.03507107575412696,23000,3.66
2023-07-04,600020.XSHG,0.03553571428145,0.027219870924161147,17900,3.65
2023-07-04,002807.XSHE,0.03553571428145,0.027667320857161056,17900,3.71
2023-07-04,601997.XSHG,0.03553571428145,0.027460677312684374,12700,5.19
2023-07-04,601229.XSHG,0.03553571428145,0.027451928291648064,11400,5.78
2023-07-04,600018.XSHG,0.03553571428145,0.03464487344364381,15900,5.23
2023-07-04,600908.XSHG,0.03553571428145,0.027483591415398523,12400,5.32
2023-07-04,603323.XSHG,0.03553571428145,0.027703150181404994,15500,4.29
2023-07-04,601880.XSHG,0.03553571428145,0.03505941039274522,53600,1.57
2023-07-04,000557.XSHE,0.03553571428145,0.027496923256977664,12500,5.28
2023-07-04,600033.XSHG,0.03553571428145,0.03537229204980567,27300,3.11
2023-07-04,600012.XSHG,0.03553571428145,0.03708335059247851,8600,10.35
2023-07-04,600377.XSHG,0.03553571428145,0.03607596331315469,8800,9.84
2023-07-04,600350.XSHG,0.03553571428145,0.03443822989916713,13100,6.31
2023-07-05,000883.XSHE,0.03553571428145,0.03550600216186774,18600,4.57
2023-07-05,601985.XSHG,0.03553571428145,0.03553148234035618,12100,7.03
2023-07-05,601018.XSHG,0.03553571428145,0.03546715533236898,24900,3.41
2023-07-05,002267.XSHE,0.03553571428145,0.035548608361963156,10800,7.88
2023-07-05,600617.XSHG,0.03553571428145,0.035047358949075916,19200,4.37
2023-07-05,600642.XSHG,0.03553571428145,0.03615344932018043,12400,6.98
2023-07-05,000027.XSHE,0.03553571428145,0.03502480272549599,13000,6.45
2023-07-05,601006.XSHG,0.03553571428145,0.03552354589131879,11400,7.46
2023-07-05,000421.XSHE,0.03553571428145,0.034929565337047414,15400,5.43
2023-07-05,601825.XSHG,0.03553571428145,0.035415359559703964,15500,5.47
2023-07-05,600017.XSHG,0.03553571428145,0.035490964679481124,28900,2.94
2023-07-05,000429.XSHE,0.03553571428145,0.03528587012804143,10900,7.75
2023-07-05,600035.XSHG,0.03553571428145,0.03552605213838323,21000,4.05
2023-07-05,601228.XSHG,0.03553571428145,0.035458383467643455,26200,3.24
2023-07-05,601077.XSHG,0.03553571428145,0.0351776837964266,23200,3.63
2023-07-05,600020.XSHG,0.03553571428145,0.0351776837964266,23200,3.63
2023-07-05,002807.XSHE,0.03553571428145,0.035333071114421646,22800,3.71
2023-07-05,601997.XSHG,0.03553571428145,0.03555362085609203,16400,5.19
2023-07-05,601229.XSHG,0.03553571428145,0.035490964679481124,14700,5.78
2023-07-05,600018.XSHG,0.03553571428145,0.03525537745542412,16200,5.21
2023-07-05,600908.XSHG,0.03553571428145,0.035488458432416686,16000,5.31
2023-07-05,603323.XSHG,0.03553571428145,0.035826384078271496,19900,4.31
2023-07-05,601880.XSHG,0.03553571428145,0.035350614843872696,54600,1.55
2023-07-05,000557.XSHE,0.03553571428145,0.03557575937182788,16100,5.29
2023-07-05,600033.XSHG,0.03553571428145,0.03548010427553523,27400,3.1
2023-07-05,600012.XSHG,0.03553571428145,0.03480007590538488,8200,10.16
2023-07-05,600377.XSHG,0.03553571428145,0.0352403399730375,8600,9.81
2023-07-05,600350.XSHG,0.03553571428145,0.03552605213838323,13500,6.3
2023-10-09,601985.XSHG,0.03553571428145,0.03601356602945662,12000,7.36
2023-10-09,003816.XSHE,0.03553571428145,0.011929493747257505,9200,3.18
2023-10-09,600969.XSHG,0.03553571428145,0.011502158860494932,4300,6.56
2023-10-09,600617.XSHG,0.03553571428145,0.03411135491614803,19500,4.29
2023-10-09,000421.XSHE,0.03553571428145,0.03248193677921745,15900,5.01
2023-10-09,000407.XSHE,0.03553571428145,0.011648545524948905,7700,3.71
2023-10-09,600717.XSHG,0.03553571428145,0.01158248803291118,6500,4.37
2023-10-09,600396.XSHG,0.03553571428145,0.011722758262917214,11100,2.59
2023-10-09,600033.XSHG,0.03553571428145,0.03641643517842744,26900,3.32
2023-10-09,600017.XSHG,0.03553571428145,0.03523514780538243,28900,2.99
2023-10-09,601825.XSHG,0.03553571428145,0.03706640827909495,15100,6.02
2023-10-09,002807.XSHE,0.03553571428145,0.035049615960461654,22800,3.77
2023-10-09,600908.XSHG,0.03553571428145,0.03572364703662438,15900,5.51
2023-10-09,600020.XSHG,0.03553571428145,0.03392174544826196,23500,3.54
2023-10-09,601229.XSHG,0.03553571428145,0.036362202792989066,14500,6.15
2023-10-09,601077.XSHG,0.03553571428145,0.03730250264878534,22700,4.03
2023-10-09,603323.XSHG,0.03553571428145,0.03552425127362161,19800,4.4
2023-10-09,601880.XSHG,0.03553571428145,0.03492239412394455,54900,1.56
2023-10-09,601166.XSHG,0.03553571428145,0.011243637564495434,1700,16.22
2023-10-09,000582.XSHE,0.03553571428145,0.011449965286539198,3600,7.8
2023-10-09,000429.XSHE,0.03553571428145,0.03708598086932835,10700,8.5
2023-10-09,601008.XSHG,0.03553571428145,0.011795747713995936,6400,4.52
2023-10-09,000755.XSHE,0.03553571428145,0.011864659542109366,6100,4.77
2023-10-09,601018.XSHG,0.03553571428145,0.03516949807564123,25000,3.45
2023-10-09,601006.XSHG,0.03553571428145,0.034090966801321565,11500,7.27
2023-10-09,600035.XSHG,0.03553571428145,0.033785960603517746,21300,3.89
2023-10-09,600377.XSHG,0.03553571428145,0.03625414578440883,8500,10.46
2023-10-09,000900.XSHE,0.03553571428145,0.011788407992658411,7000,4.13
2023-10-10,601985.XSHG,0.03553571428145,0.03606577789522948,11900,7.38
2023-10-10,003816.XSHE,0.03553571428145,0.027466367848474622,21300,3.14
2023-10-10,600969.XSHG,0.03553571428145,0.02735302318883258,10200,6.53
2023-10-10,600617.XSHG,0.03553571428145,0.03523540506263453,20000,4.29
2023-10-10,000421.XSHE,0.03553571428145,0.03470317796518494,16800,5.03
2023-10-10,000407.XSHE,0.03553571428145,0.02787867958137538,18200,3.73
2023-10-10,600717.XSHG,0.03553571428145,0.027131261898228586,15400,4.29
2023-10-10,600396.XSHG,0.03553571428145,0.02797477614063711,26000,2.62
2023-10-10,600033.XSHG,0.03553571428145,0.035804181706128105,26500,3.29
2023-10-10,600017.XSHG,0.03553571428145,0.034894549745595055,29000,2.93
2023-10-10,601825.XSHG,0.03553571428145,0.03652285255530771,14700,6.05
2023-10-10,002807.XSHE,0.03553571428145,0.03536024845586344,22900,3.76
2023-10-10,600908.XSHG,0.03553571428145,0.035946683868794,15800,5.54
2023-10-10,600020.XSHG,0.03553571428145,0.03468428718857794,24200,3.49
2023-10-10,601229.XSHG,0.03553571428145,0.03580541371329812,14200,6.14
2023-10-10,601077.XSHG,0.03553571428145,0.03651422850511755,21900,4.06
2023-10-10,603323.XSHG,0.03553571428145,0.035614863271001364,19800,4.38
2023-10-10,601880.XSHG,0.03553571428145,0.03532780560038619,55500,1.55
2023-10-10,601166.XSHG,0.03553571428145,0.02724296388164393,4100,16.18
2023-10-10,000582.XSHE,0.03553571428145,0.026382201538855097,8600,7.47
2023-10-10,000429.XSHE,0.03553571428145,0.035784880260464426,10300,8.46
2023-10-10,601008.XSHG,0.03553571428145,0.02618918708221829,14900,4.28
2023-10-10,000755.XSHE,0.03553571428145,0.027349737836379187,14200,4.69
2023-10-10,601018.XSHG,0.03553571428145,0.035046497296564456,25100,3.4
2023-10-10,601006.XSHG,0.03553571428145,0.03518119674715355,11800,7.26
2023-10-10,600035.XSHG,0.03553571428145,0.03460297471535647,22000,3.83
2023-10-10,600377.XSHG,0.03553571428145,0.0353466963769932,8300,10.37
2023-10-10,000900.XSHE,0.03553571428145,0.027478687920174844,16400,4.08
2023-10-11,601985.XSHG,0.03553571428145,0.03523316229700078,11700,7.26
2023-10-11,003816.XSHE,0.03553571428145,0.035375020759311225,27600,3.09
2023-10-11,600969.XSHG,0.03553571428145,0.03547954804732945,13200,6.48
2023-10-11,600617.XSHG,0.03553571428145,0.03510001444202518,20100,4.21
2023-10-11,000421.XSHE,0.03553571428145,0.03438781859469464,17200,4.82
2023-10-11,000407.XSHE,0.03553571428145,0.03493202415771017,23200,3.63
2023-10-11,600717.XSHG,0.03553571428145,0.0357773678600163,20200,4.27
2023-10-11,600396.XSHG,0.03553571428145,0.03583419420310558,33100,2.61
2023-10-11,600033.XSHG,0.03553571428145,0.03580806238110102,26400,3.27
2023-10-11,600017.XSHG,0.03553571428145,0.035607718412399424,29500,2.91
2023-10-11,601825.XSHG,0.03553571428145,0.03558905282525331,14300,6.0
2023-10-11,002807.XSHE,0.03553571428145,0.035145226642001315,22900,3.7
2023-10-11,600908.XSHG,0.03553571428145,0.035459638087706934,15600,5.48
2023-10-11,600020.XSHG,0.03553571428145,0.035346400192353855,24700,3.45
2023-10-11,601229.XSHG,0.03553571428145,0.03553927792619701,14000,6.12
2023-10-11,601077.XSHG,0.03553571428145,0.035526004619781996,21200,4.04
2023-10-11,603323.XSHG,0.03553571428145,0.03530035841072678,19700,4.32
2023-10-11,601880.XSHG,0.03553571428145,0.03568238076098387,55500,1.55
2023-10-11,601166.XSHG,0.03553571428145,0.035526004619781996,5300,16.16
2023-10-11,000582.XSHE,0.03553571428145,0.03544180208221176,11500,7.43
2023-10-11,000429.XSHE,0.03553571428145,0.03562389525459272,10200,8.42
2023-10-11,601008.XSHG,0.03553571428145,0.03535013330978308,20100,4.24
2023-10-11,000755.XSHE,0.03553571428145,0.035718467562799686,18400,4.68
2023-10-11,601018.XSHG,0.03553571428145,0.035926692557185204,25400,3.41
2023-10-11,601006.XSHG,0.03553571428145,0.03553927792619701,11900,7.2
2023-10-11,600035.XSHG,0.03553571428145,0.03546461557761257,22500,3.8
2023-10-11,600377.XSHG,0.03553571428145,0.03518504656124635,8300,10.22
2023-10-11,000900.XSHE,0.03553571428145,0.03561394027478146,21200,4.05
2024-01-02,002039.XSHE,0.03553571428145,0.011607237295104782,2000,14.09
2024-01-02,000900.XSHE,0.03553571428145,0.0346548938901221,21300,3.95
2024-01-02,600795.XSHG,0.03553571428145,0.011987829461913754,6800,4.28
2024-01-02,000027.XSHE,0.03553571428145,0.01169579499625622,4500,6.31
2024-01-02,601006.XSHG,0.03553571428145,0.035383538417270446,11800,7.28
2024-01-02,600017.XSHG,0.03553571428145,0.034105012350414333,30000,2.76
2024-01-02,000692.XSHE,0.03553571428145,0.011795885793371567,8600,3.33
2024-01-02,000791.XSHE,0.03553571428145,0.011931811567231913,5100,5.68
2024-01-02,601825.XSHG,0.03553571428145,0.03422363848032882,14400,5.77
2024-01-02,601991.XSHG,0.03553571428145,0.012047966319439846,11700,2.5
2024-01-02,601077.XSHG,0.03553571428145,0.036241518377728335,21100,4.17
2024-01-02,600617.XSHG,0.03553571428145,0.03342291210340605,20700,3.92
2024-01-02,000905.XSHE,0.03553571428145,0.011646367442125185,3900,7.25
2024-01-02,601229.XSHG,0.03553571428145,0.03459928789172469,14000,6.0
2024-01-02,002807.XSHE,0.03553571428145,0.03411489786124054,23200,3.57
2024-01-02,601018.XSHG,0.03553571428145,0.036819820761061446,24900,3.59
2024-01-02,600717.XSHG,0.03553571428145,0.03495516628146814,20400,4.16
2024-01-02,601169.XSHG,0.03553571428145,0.011619594183637541,6200,4.55
2024-01-02,603323.XSHG,0.03553571428145,0.03442629145226606,19900,4.2
2024-01-02,600033.XSHG,0.03553571428145,0.03486248961747245,26700,3.17
2024-01-02,601398.XSHG,0.03553571428145,0.011640600894143231,5900,4.79
2024-01-02,000582.XSHE,0.03553571428145,0.035592781729758494,11400,7.58
2024-01-02,601228.XSHG,0.03553571428145,0.011714330329055358,9000,3.16
2024-01-02,600020.XSHG,0.03553571428145,0.03737958781159542,24200,3.75
2024-01-02,600035.XSHG,0.03553571428145,0.03607552417510494,22400,3.91
2024-01-02,000429.XSHE,0.03553571428145,0.03573570974045407,10100,8.59
2024-01-02,600350.XSHG,0.03553571428145,0.012108515073250364,4100,7.17
2024-01-02,600377.XSHG,0.03553571428145,0.03572582422962787,8300,10.45
2024-01-03,002039.XSHE,0.03553571428145,0.02722473279227859,4700,14.19
2024-01-03,000900.XSHE,0.03553571428145,0.03500480239910446,21600,3.97
2024-01-03,600795.XSHG,0.03553571428145,0.028006862671426415,15700,4.37
2024-01-03,000027.XSHE,0.03553571428145,0.027476598207432146,10600,6.35
2024-01-03,601006.XSHG,0.03553571428145,0.035259525282501245,11800,7.32
2024-01-03,600017.XSHG,0.03553571428145,0.03495255155122819,30800,2.78
2024-01-03,000692.XSHE,0.03553571428145,0.026748352015156716,20100,3.26
2024-01-03,000791.XSHE,0.03553571428145,0.027841537723067925,11800,5.78
2024-01-03,601825.XSHG,0.03553571428145,0.03498398370190376,14700,5.83
2024-01-03,601991.XSHG,0.03553571428145,0.028225254887159237,26800,2.58
2024-01-03,601077.XSHG,0.03553571428145,0.03566120367555002,20800,4.2
2024-01-03,600617.XSHG,0.03553571428145,0.03484274312873824,21500,3.97
2024-01-03,000905.XSHE,0.03553571428145,0.02734025615125502,9200,7.28
2024-01-03,601229.XSHG,0.03553571428145,0.03495336797072626,14200,6.03
2024-01-03,002807.XSHE,0.03553571428145,0.03497541129717406,23800,3.6
2024-01-03,601018.XSHG,0.03553571428145,0.035908578783464214,24300,3.62
2024-01-03,600717.XSHG,0.03553571428145,0.035234216278061184,20600,4.19
2024-01-03,601169.XSHG,0.03553571428145,0.027296169498359422,14600,4.58
2024-01-03,603323.XSHG,0.03553571428145,0.034886829781633835,20300,4.21
2024-01-03,600033.XSHG,0.03553571428145,0.03571018884543402,27000,3.24
2024-01-03,601398.XSHG,0.03553571428145,0.027462719075965012,13900,4.84
2024-01-03,000582.XSHE,0.03553571428145,0.035057053246980725,11300,7.6
2024-01-03,601228.XSHG,0.03553571428145,0.027390057740637082,21100,3.18
2024-01-03,600020.XSHG,0.03553571428145,0.03601144764022061,23400,3.77
2024-01-03,600035.XSHG,0.03553571428145,0.03581509875093558,22100,3.97
2024-01-03,000429.XSHE,0.03553571428145,0.035759174015318015,10000,8.76
2024-01-03,600350.XSHG,0.03553571428145,0.027561505835231072,9300,7.26
2024-01-03,600377.XSHG,0.03553571428145,0.03595021617786561,8200,10.74
2024-01-04,002039.XSHE,0.03553571428145,0.03532092175620197,6100,14.23
2024-01-04,000900.XSHE,0.03553571428145,0.0353778890159265,21900,3.97
2024-01-04,600795.XSHG,0.03553571428145,0.035047072000526196,19800,4.35
2024-01-04,000027.XSHE,0.03553571428145,0.03480862332767924,13600,6.29
2024-01-04,601006.XSHG,0.03553571428145,0.03573556202519693,11900,7.38
2024-01-04,600017.XSHG,0.03553571428145,0.035264361405475474,31400,2.76
2024-01-04,000692.XSHE,0.03553571428145,0.035092238899307786,26700,3.23
2024-01-04,000791.XSHE,0.03553571428145,0.035637090047673105,15100,5.8
2024-01-04,601825.XSHG,0.03553571428145,0.035589481694903315,14900,5.87
2024-01-04,601991.XSHG,0.03553571428145,0.03537910974292059,33700,2.58
2024-01-04,601077.XSHG,0.03553571428145,0.03554757006810599,20800,4.2
2024-01-04,600617.XSHG,0.03553571428145,0.03546700208649558,21900,3.98
2024-01-04,000905.XSHE,0.03553571428145,0.035348184659070137,11900,7.3
2024-01-04,601229.XSHG,0.03553571428145,0.035261919951487274,14300,6.06
2024-01-04,002807.XSHE,0.03553571428145,0.03530342466928658,24100,3.6
2024-01-04,601018.XSHG,0.03553571428145,0.03520495269176275,23900,3.62
2024-01-04,600717.XSHG,0.03553571428145,0.03546089845152509,20700,4.21
2024-01-04,601169.XSHG,0.03553571428145,0.03564115913765342,19000,4.61
2024-01-04,603323.XSHG,0.03553571428145,0.035289589763353474,20600,4.21
2024-01-04,600033.XSHG,0.03553571428145,0.03565987695156291,26800,3.27
2024-01-04,601398.XSHG,0.03553571428145,0.035617151506769515,17900,4.89
2024-01-04,000582.XSHE,0.03553571428145,0.03539375846684976,11400,7.63
2024-01-04,601228.XSHG,0.03553571428145,0.03508532144634124,27200,3.17
2024-01-04,600020.XSHG,0.03553571428145,0.03531603884822558,22900,3.79
2024-01-04,600035.XSHG,0.03553571428145,0.03582345436877191,21900,4.02
2024-01-04,000429.XSHE,0.03553571428145,0.03561104787179903,9900,8.84
2024-01-04,600350.XSHG,0.03553571428145,0.03598703178598092,12000,7.37
2024-01-04,600377.XSHG,0.03553571428145,0.03561267550779116,8000,10.94
2024-04-01,000027.XSHE,0.03553571428145,0.037092768509085855,13300,7.19
2024-04-01,600795.XSHG,0.03553571428145,0.036865077008622245,19200,4.95
2024-04-01,600578.XSHG,0.03553571428145,0.011824830309426023,9100,3.35
2024-04-01,600803.XSHG,0.03553571428145,0.010950138088735331,1500,18.82
2024-04-01,601006.XSHG,0.03553571428145,0.03430500221635681,12000,7.37
2024-04-01,000692.XSHE,0.03553571428145,0.029636744621672796,29500,2.59
2024-04-01,000690.XSHE,0.03553571428145,0.011846164266028233,6000,5.09
2024-04-01,000900.XSHE,0.03553571428145,0.033164605263438576,22800,3.75
2024-04-01,600886.XSHG,0.03553571428145,0.011489305355591234,2000,14.81
2024-04-01,600018.XSHG,0.03553571428145,0.011729797230016171,5600,5.4
2024-04-01,600017.XSHG,0.03553571428145,0.034506705078777726,32000,2.78
2024-04-01,002807.XSHE,0.03553571428145,0.03623359189319677,24200,3.86
2024-04-01,601077.XSHG,0.03553571428145,0.0366369976180386,20400,4.63
2024-04-01,600717.XSHG,0.03553571428145,0.035257660351175585,20800,4.37
2024-04-01,601229.XSHG,0.03553571428145,0.03681853019421742,14000,6.78
2024-04-01,603323.XSHG,0.03553571428145,0.03649852084518424,20500,4.59
2024-04-01,601398.XSHG,0.03553571428145,0.03631931560972566,17700,5.29
2024-04-01,601187.XSHG,0.03553571428145,0.011878747036111612,5800,5.28
2024-04-01,600000.XSHG,0.03553571428145,0.011778671385141236,4200,7.23
2024-04-01,600033.XSHG,0.03553571428145,0.03485037572513336,26900,3.34
2024-04-01,601816.XSHG,0.03553571428145,0.011799617451623409,6000,5.07
2024-04-01,601880.XSHG,0.03553571428145,0.012007526555964964,21800,1.42
2024-04-01,601298.XSHG,0.03553571428145,0.011641358282646999,4100,7.32
2024-04-01,600035.XSHG,0.03553571428145,0.036194027100952667,21500,4.34
2024-04-01,000429.XSHE,0.03553571428145,0.03705126426624155,9600,9.95
2024-04-01,600377.XSHG,0.03553571428145,0.03462695101599019,7900,11.3
2024-04-01,600020.XSHG,0.03553571428145,0.03380152084054461,23300,3.74
2024-04-01,600350.XSHG,0.03553571428145,0.03653343095598786,11500,8.19
2024-04-02,000027.XSHE,0.03553571428145,0.03631468349013244,12900,7.31
2024-04-02,600795.XSHG,0.03553571428145,0.03593497344101983,18700,4.99
2024-04-02,600578.XSHG,0.03553571428145,0.027676472423555268,21200,3.39
2024-04-02,600803.XSHG,0.03553571428145,0.027058384564705624,3700,18.99
2024-04-02,601006.XSHG,0.03553571428145,0.03471997830415339,12200,7.39
2024-04-02,000692.XSHE,0.03553571428145,0.03436337434322207,33800,2.64
2024-04-02,000690.XSHE,0.03553571428145,0.02755015914149752,14000,5.11
2024-04-02,000900.XSHE,0.03553571428145,0.03501188521817709,23800,3.82
2024-04-02,600886.XSHG,0.03553571428145,0.026642860078912,4700,14.72
2024-04-02,600018.XSHG,0.03553571428145,0.027595216013451045,13100,5.47
2024-04-02,600017.XSHG,0.03553571428145,0.03527760523226198,32600,2.81
2024-04-02,002807.XSHE,0.03553571428145,0.03552715098461996,23900,3.86
2024-04-02,601077.XSHG,0.03553571428145,0.035635364497602365,19900,4.65
2024-04-02,600717.XSHG,0.03553571428145,0.03565538977402615,20900,4.43
2024-04-02,601229.XSHG,0.03553571428145,0.03566655771664711,13600,6.81
2024-04-02,603323.XSHG,0.03553571428145,0.035606481887375745,20100,4.6
2024-04-02,601398.XSHG,0.03553571428145,0.035782088157553585,17400,5.34
2024-04-02,601187.XSHG,0.03553571428145,0.027298302780321405,13400,5.29
2024-04-02,600000.XSHG,0.03553571428145,0.027436939309409176,9800,7.27
2024-04-02,600033.XSHG,0.03553571428145,0.03519519351774869,27200,3.36
2024-04-02,601816.XSHG,0.03553571428145,0.02744233072998481,14000,5.09
2024-04-02,601880.XSHG,0.03553571428145,0.02745157316525733,50200,1.42
2024-04-02,601298.XSHG,0.03553571428145,0.027542457112103756,9600,7.45
2024-04-02,600035.XSHG,0.03553571428145,0.03559030762564884,21100,4.38
2024-04-02,000429.XSHE,0.03553571428145,0.03552792118755934,9300,9.92
2024-04-02,600377.XSHG,0.03553571428145,0.03478236474224289,8000,11.29
2024-04-02,600020.XSHG,0.03553571428145,0.034936405330118186,24000,3.78
2024-04-02,600350.XSHG,0.03553571428145,0.036553831502808845,11300,8.4
2024-04-03,000027.XSHE,0.03553571428145,0.03527458867525622,12600,7.29
2024-04-03,600795.XSHG,0.03553571428145,0.03538058064593111,18500,4.98
2024-04-03,600578.XSHG,0.03553571428145,0.03600885189239526,27100,3.46
2024-04-03,600803.XSHG,0.03553571428145,0.03459946590552273,4800,18.77
2024-04-03,601006.XSHG,0.03553571428145,0.03528610954163393,12400,7.41
2024-04-03,000692.XSHE,0.03553571428145,0.03498080658262475,34900,2.61
2024-04-03,000690.XSHE,0.03553571428145,0.03553035190884127,18000,5.14
2024-04-03,000900.XSHE,0.03553571428145,0.03542820022695895,23900,3.86
2024-04-03,600886.XSHG,0.03553571428145,0.034952772474439,6200,14.68
2024-04-03,600018.XSHG,0.03553571428145,0.036000403257051616,16800,5.58
2024-04-03,600017.XSHG,0.03553571428145,0.03577305816053158,32800,2.84
2024-04-03,002807.XSHE,0.03553571428145,0.03548426844333045,24000,3.85
2024-04-03,601077.XSHG,0.03553571428145,0.035585652067454246,19800,4.68
2024-04-03,600717.XSHG,0.03553571428145,0.03586522509155322,20800,4.49
2024-04-03,601229.XSHG,0.03553571428145,0.03520200721707668,13500,6.79
2024-04-03,603323.XSHG,0.03553571428145,0.035507310176085854,20100,4.6
2024-04-03,601398.XSHG,0.03553571428145,0.03520623153474851,17200,5.33
2024-04-03,601187.XSHG,0.03553571428145,0.03561560632003628,17400,5.33
2024-04-03,600000.XSHG,0.03553571428145,0.035261915722240744,12700,7.23
2024-04-03,600033.XSHG,0.03553571428145,0.03556568256573289,27400,3.38
2024-04-03,601816.XSHG,0.03553571428145,0.03538019661705185,18100,5.09
2024-04-03,601880.XSHG,0.03553571428145,0.035445865555404764,65000,1.42
2024-04-03,601298.XSHG,0.03553571428145,0.03566284187218487,12300,7.55
2024-04-03,600035.XSHG,0.03553571428145,0.035484268443330455,21000,4.4
2024-04-03,000429.XSHE,0.03553571428145,0.03529532623473609,9200,9.99
2024-04-03,600377.XSHG,0.03553571428145,0.03490131260461859,8100,11.22
2024-04-03,600020.XSHG,0.03553571428145,0.035461226710575035,24300,3.8
2024-04-03,600350.XSHG,0.03553571428145,0.03535753891317569,11000,8.37
2024-07-01,000900.XSHE,0.03553571428145,0.03315889191412314,24800,3.73
2024-07-01,601991.XSHG,0.03553571428145,0.012078634674590217,10800,3.12
2024-07-01,601018.XSHG,0.03553571428145,0.011906574351590357,9600,3.46
2024-07-01,000027.XSHE,0.03553571428145,0.03386147156637257,12800,7.38
2024-07-01,000539.XSHE,0.03553571428145,0.011883632975190375,6400,5.18
2024-07-01,600021.XSHG,0.03553571428145,0.012006584414334026,3300,10.15
2024-07-01,000883.XSHE,0.03553571428145,0.011885066811215374,5400,6.14
2024-07-01,600795.XSHG,0.03553571428145,0.038474838976806335,17800,6.03
2024-07-01,600011.XSHG,0.03553571428145,0.011568905967703129,3300,9.78
2024-07-01,601077.XSHG,0.03553571428145,0.035590677812521176,19700,5.04
2024-07-01,600017.XSHG,0.03553571428145,0.03290653677372335,34000,2.7
2024-07-01,601008.XSHG,0.03553571428145,0.011918761957802846,9500,3.5
2024-07-01,601398.XSHG,0.03553571428145,0.035883180361620935,17200,5.82
2024-07-01,601939.XSHG,0.03553571428145,0.01193955258016533,4400,7.57
2024-07-01,002807.XSHE,0.03553571428145,0.033685109735297716,24600,3.82
2024-07-01,600000.XSHG,0.03553571428145,0.03680370308967019,12400,8.28
2024-07-01,600908.XSHG,0.03553571428145,0.011938835662152831,6100,5.46
2024-07-01,600033.XSHG,0.03553571428145,0.034326034438472194,28000,3.42
2024-07-01,601816.XSHG,0.03553571428145,0.035165545431109016,18100,5.42
2024-07-01,601326.XSHG,0.03553571428145,0.011925572678921591,10300,3.23
2024-07-01,600035.XSHG,0.03553571428145,0.03375823537257266,21600,4.36
2024-07-01,601169.XSHG,0.03553571428145,0.011572849016771877,5500,5.87
2024-07-01,600717.XSHG,0.03553571428145,0.033293672500473034,21500,4.32
2024-07-01,000429.XSHE,0.03553571428145,0.034561183546572005,9200,10.48
2024-07-01,600018.XSHG,0.03553571428145,0.035169130021171516,16800,5.84
2024-07-01,600020.XSHG,0.03553571428145,0.03286854011906088,25400,3.61
2024-07-01,600377.XSHG,0.03553571428145,0.03689869472632636,7900,13.03
2024-07-01,600350.XSHG,0.03553571428145,0.03525085867459645,11000,8.94
2024-07-02,000900.XSHE,0.03553571428145,0.03474294598848636,26000,3.77
2024-07-02,601991.XSHG,0.03553571428145,0.027689440324633285,24800,3.15
2024-07-02,601018.XSHG,0.03553571428145,0.027540572365898696,22200,3.5
2024-07-02,000027.XSHE,0.03553571428145,0.03471600797690581,13200,7.42
2024-07-02,000539.XSHE,0.03553571428145,0.02712090650127548,14800,5.17
2024-07-02,600021.XSHG,0.03553571428145,0.026929150392524498,7500,10.13
2024-07-02,000883.XSHE,0.03553571428145,0.02746968286173937,12500,6.2
2024-07-02,600795.XSHG,0.03553571428145,0.03624048676385215,16900,6.05
2024-07-02,600011.XSHG,0.03553571428145,0.02712161539631707,7800,9.81
2024-07-02,601077.XSHG,0.03553571428145,0.035847404463288685,19600,5.16
2024-07-02,600017.XSHG,0.03553571428145,0.03451468178509333,35800,2.72
2024-07-02,601008.XSHG,0.03553571428145,0.027682351374217352,22000,3.55
2024-07-02,601398.XSHG,0.03553571428145,0.03597287888565069,17000,5.97
2024-07-02,601939.XSHG,0.03553571428145,0.02783830828336787,10200,7.7
2024-07-02,002807.XSHE,0.03553571428145,0.035069037707619266,25500,3.88
2024-07-02,600000.XSHG,0.03553571428145,0.036583591963983295,12100,8.53
2024-07-02,600908.XSHG,0.03553571428145,0.027637336539076178,14100,5.53
2024-07-02,600033.XSHG,0.03553571428145,0.03507470886795201,28600,3.46
2024-07-02,601816.XSHG,0.03553571428145,0.03547771569909779,18100,5.53
2024-07-02,601326.XSHG,0.03553571428145,0.027870563007760366,23900,3.29
2024-07-02,600035.XSHG,0.03553571428145,0.03477839074056603,22300,4.4
2024-07-02,601169.XSHG,0.03553571428145,0.027462593911323437,13000,5.96
2024-07-02,600717.XSHG,0.03553571428145,0.0346961589157412,22400,4.37
2024-07-02,000429.XSHE,0.03553571428145,0.03504032745843474,9300,10.63
2024-07-02,600018.XSHG,0.03553571428145,0.03560921572931334,16800,5.98
2024-07-02,600020.XSHG,0.03553571428145,0.03463732062728896,26700,3.66
2024-07-02,600377.XSHG,0.03553571428145,0.03588958371826348,7700,13.15
2024-07-02,600350.XSHG,0.03553571428145,0.03501232610429181,11000,8.98
2024-07-03,000900.XSHE,0.03553571428145,0.035576056793444874,26500,3.78
2024-07-03,601991.XSHG,0.03553571428145,0.035348046126963975,31900,3.12
2024-07-03,601018.XSHG,0.03553571428145,0.03555119581734883,28600,3.5
2024-07-03,000027.XSHE,0.03553571428145,0.03509659511159252,13500,7.32
2024-07-03,000539.XSHE,0.03553571428145,0.0349580839590574,19300,5.1
2024-07-03,600021.XSHG,0.03553571428145,0.03561761013920542,9900,10.13
2024-07-03,000883.XSHE,0.03553571428145,0.03498152430794795,16200,6.08
2024-07-03,600795.XSHG,0.03553571428145,0.035570729441424295,16500,6.07
2024-07-03,600011.XSHG,0.03553571428145,0.035392795883936866,10200,9.77
2024-07-03,601077.XSHG,0.03553571428145,0.03541481560562194,19400,5.14
2024-07-03,600017.XSHG,0.03553571428145,0.03554977519014334,36800,2.72
2024-07-03,601008.XSHG,0.03553571428145,0.03545459316737561,28200,3.54
2024-07-03,601398.XSHG,0.03553571428145,0.03514347580937364,16800,5.89
2024-07-03,601939.XSHG,0.03553571428145,0.035135662359743455,13000,7.61
2024-07-03,002807.XSHE,0.03553571428145,0.035369355535046304,25800,3.86
2024-07-03,600000.XSHG,0.03553571428145,0.03544500393373856,11700,8.53
2024-07-03,600908.XSHG,0.03553571428145,0.035420142957642516,18100,5.51
2024-07-03,600033.XSHG,0.03553571428145,0.03559523526071897,28800,3.48
2024-07-03,601816.XSHG,0.03553571428145,0.035484426338690866,18100,5.52
2024-07-03,601326.XSHG,0.03553571428145,0.035638209233685,30500,3.29
2024-07-03,600035.XSHG,0.03553571428145,0.035548354562937846,22800,4.39
2024-07-03,601169.XSHG,0.03553571428145,0.03523084438251118,16700,5.94
2024-07-03,600717.XSHG,0.03553571428145,0.035704268398740205,22900,4.39
2024-07-03,000429.XSHE,0.03553571428145,0.03622244217194213,9400,10.85
2024-07-03,600018.XSHG,0.03553571428145,0.035705333869144325,16700,6.02
2024-07-03,600020.XSHG,0.03553571428145,0.03568047289304828,27300,3.68
2024-07-03,600377.XSHG,0.03553571428145,0.035791281815076376,7600,13.26
2024-07-03,600350.XSHG,0.03553571428145,0.03512536281250366,11100,8.91
2024-10-08,600795.XSHG,0.03553571428145,0.03059315061044683,17300,5.4
2024-10-08,000027.XSHE,0.03553571428145,0.0339973017621873,13500,7.69
2024-10-08,600017.XSHG,0.03553571428145,0.03730648381012741,35600,3.2
2024-10-08,000539.XSHE,0.03553571428145,0.033263419825578316,19800,5.13
2024-10-08,600717.XSHG,0.03553571428145,0.03736804998776351,22200,5.14
2024-10-08,600681.XSHG,0.03553571428145,0.011851489194948307,9400,3.85
2024-10-08,600021.XSHG,0.03553571428145,0.03226722667467938,10200,9.66
2024-10-08,600803.XSHG,0.03553571428145,0.01200835195605304,1700,21.57
2024-10-08,000601.XSHE,0.03553571428145,0.011660568548342756,8300,4.29
2024-10-08,601077.XSHG,0.03553571428145,0.034243238993063405,19400,5.39
2024-10-08,000905.XSHE,0.03553571428145,0.011848214398265536,5400,6.7
2024-10-08,600033.XSHG,0.03553571428145,0.03518605295803318,28500,3.77
2024-10-08,600020.XSHG,0.03553571428145,0.037261946575241726,26400,4.31
2024-10-08,601818.XSHG,0.03553571428145,0.011713947734271923,9800,3.65
2024-10-08,601326.XSHG,0.03553571428145,0.03681657422638487,29900,3.76
2024-10-08,600035.XSHG,0.03553571428145,0.033353149254686236,23200,4.39
2024-10-08,002807.XSHE,0.03553571428145,0.03670359374082927,25300,4.43
2024-10-08,601816.XSHG,0.03553571428145,0.03456678890532118,17800,5.93
2024-10-08,600908.XSHG,0.03553571428145,0.03660698723868753,17800,6.28
2024-10-08,601166.XSHG,0.03553571428145,0.011795162692004646,1800,20.01
2024-10-08,601988.XSHG,0.03553571428145,0.011718532449627804,7200,4.97
2024-10-08,601018.XSHG,0.03553571428145,0.036532649353988624,28100,3.97
2024-10-08,601398.XSHG,0.03553571428145,0.03407098468754965,17000,6.12
2024-10-08,601880.XSHG,0.03553571428145,0.011801057326033633,23400,1.54
2024-10-08,600350.XSHG,0.03553571428145,0.033009950562331844,11200,9.0
2024-10-08,000429.XSHE,0.03553571428145,0.03389709298369451,9300,11.13
2024-10-08,000828.XSHE,0.03553571428145,0.0,0,12.23
2024-10-08,600377.XSHG,0.03553571428145,0.033771340791076104,7500,13.75
2024-10-09,600795.XSHG,0.03553571428145,0.03423303246612541,19100,5.14
2024-10-09,000027.XSHE,0.03553571428145,0.03470377414752038,13900,7.16
2024-10-09,600017.XSHG,0.03553571428145,0.03596989492170195,34500,2.99
2024-10-09,000539.XSHE,0.03553571428145,0.03488649165940998,20800,4.81
2024-10-09,600717.XSHG,0.03553571428145,0.03522124129951307,21400,4.72
2024-10-09,600681.XSHG,0.03553571428145,0.027016388141569713,22200,3.49
2024-10-09,600021.XSHG,0.03553571428145,0.034207228848034135,10900,9.0
2024-10-09,600803.XSHG,0.03553571428145,0.025758984805932493,3800,19.44
2024-10-09,000601.XSHE,0.03553571428145,0.027271634742148314,19800,3.95
2024-10-09,601077.XSHG,0.03553571428145,0.03525053189302209,19900,5.08
2024-10-09,000905.XSHE,0.03553571428145,0.02724025196338865,12600,6.2
2024-10-09,600033.XSHG,0.03553571428145,0.03472643948773569,28700,3.47
2024-10-09,600020.XSHG,0.03553571428145,0.03508176228280345,25600,3.93
2024-10-09,601818.XSHG,0.03553571428145,0.027229442339593655,22900,3.41
2024-10-09,601326.XSHG,0.03553571428145,0.035636888769307734,29200,3.5
2024-10-09,600035.XSHG,0.03553571428145,0.03451338528971175,24200,4.09
2024-10-09,002807.XSHE,0.03553571428145,0.034956928562848336,25000,4.01
2024-10-09,601816.XSHG,0.03553571428145,0.035650836670978694,18000,5.68
2024-10-09,600908.XSHG,0.03553571428145,0.035595045064294846,17600,5.8
2024-10-09,601166.XSHG,0.03553571428145,0.02660597113490166,4100,18.61
2024-10-09,601988.XSHG,0.03553571428145,0.028177550955677293,16800,4.81
2024-10-09,601018.XSHG,0.03553571428145,0.03483906879372871,27600,3.62
2024-10-09,601398.XSHG,0.03553571428145,0.03664671685028538,17400,6.04
2024-10-09,601880.XSHG,0.03553571428145,0.027332308114417,55200,1.42
2024-10-09,600350.XSHG,0.03553571428145,0.0342291967931659,11700,8.39
2024-10-09,000429.XSHE,0.03553571428145,0.03508176228280345,9600,10.48
2024-10-09,000828.XSHE,0.03553571428145,0.023802791596580084,6200,11.01
2024-10-09,600377.XSHG,0.03553571428145,0.034072282899367576,7700,12.69
2024-10-10,600795.XSHG,0.03553571428145,0.035751439296618795,19900,5.27
2024-10-10,000027.XSHE,0.03553571428145,0.03314353725682654,13300,7.31
2024-10-10,600017.XSHG,0.03553571428145,0.03554655705793708,34300,3.04
2024-10-10,000539.XSHE,0.03553571428145,0.035144292429576965,21300,4.84
2024-10-10,600717.XSHG,0.03553571428145,0.03610018227527337,21700,4.88
2024-10-10,600681.XSHG,0.03553571428145,0.035298721138599956,29500,3.51
2024-10-10,600021.XSHG,0.03553571428145,0.03509349799769081,11300,9.11
2024-10-10,600803.XSHG,0.03553571428145,0.03495747800894871,5200,19.72
2024-10-10,000601.XSHE,0.03553571428145,0.03478191336182544,25700,3.97
2024-10-10,601077.XSHG,0.03553571428145,0.03688562100725786,20000,5.41
2024-10-10,000905.XSHE,0.03553571428145,0.035268039938131816,16500,6.27
2024-10-10,600033.XSHG,0.03553571428145,0.03531610715219857,29100,3.56
2024-10-10,600020.XSHG,0.03553571428145,0.03593552649942767,25900,4.07
2024-10-10,601818.XSHG,0.03553571428145,0.03594302634843099,29700,3.55
2024-10-10,601326.XSHG,0.03553571428145,0.03551553495524151,28700,3.63
2024-10-10,600035.XSHG,0.03553571428145,0.03553905720893375,25000,4.17
2024-10-10,002807.XSHE,0.03553571428145,0.035510080519602735,25100,4.15
2024-10-10,601816.XSHG,0.03553571428145,0.03555882953812434,17800,5.86
2024-10-10,600908.XSHG,0.03553571428145,0.03559019254304733,17400,6.0
2024-10-10,601166.XSHG,0.03553571428145,0.0357129173449199,5400,19.4
2024-10-10,601988.XSHG,0.03553571428145,0.0362079073791393,21200,5.01
2024-10-10,601018.XSHG,0.03553571428145,0.03598529822463154,28300,3.73
2024-10-10,601398.XSHG,0.03553571428145,0.03612302272451077,16900,6.27
2024-10-10,601880.XSHG,0.03553571428145,0.035492012701549266,72300,1.44
2024-10-10,600350.XSHG,0.03553571428145,0.03559803329427808,12100,8.63
2024-10-10,000429.XSHE,0.03553571428145,0.035283039636138464,9700,10.67
2024-10-10,000828.XSHE,0.03553571428145,0.033162286879334854,9300,10.46
2024-10-10,600377.XSHG,0.03553571428145,0.03520838204833265,8000,12.91
2025-01-02,000539.XSHE,0.03553571428145,0.032109886460414225,22300,4.38
2025-01-02,600969.XSHG,0.03553571428145,0.011805250351101365,5700,6.3
2025-01-02,000900.XSHE,0.03553571428145,0.01170564046927503,8300,4.29
2025-01-02,600795.XSHG,0.03553571428145,0.03087446092938,21200,4.43
2025-01-02,601991.XSHG,0.03553571428145,0.011704654232821304,12900,2.76
2025-01-02,600744.XSHG,0.03553571428145,0.011831549989867395,11800,3.05
2025-01-02,600098.XSHG,0.03553571428145,0.011505434469168633,5700,6.14
2025-01-02,002039.XSHE,0.03553571428145,0.011732268853525634,2400,14.87
2025-01-02,000905.XSHE,0.03553571428145,0.03642762965482707,16200,6.84
2025-01-02,600017.XSHG,0.03553571428145,0.03495550737489858,34300,3.1
2025-01-02,600717.XSHG,0.03553571428145,0.033992283105092766,22000,4.7
2025-01-02,600908.XSHG,0.03553571428145,0.033471550257525386,17800,5.72
2025-01-02,601228.XSHG,0.03553571428145,0.011609975533263598,10800,3.27
2025-01-02,002807.XSHE,0.03553571428145,0.03473886410056342,25100,4.21
2025-01-02,002966.XSHE,0.03553571428145,0.011686901976654234,4500,7.9
2025-01-02,600020.XSHG,0.03553571428145,0.03525006332907811,25900,4.14
2025-01-02,601825.XSHG,0.03553571428145,0.011732926344494785,4300,8.3
2025-01-02,601326.XSHG,0.03553571428145,0.03215952702858511,30100,3.25
2025-01-02,601818.XSHG,0.03553571428145,0.03592826526375709,29300,3.73
2025-01-02,601528.XSHG,0.03553571428145,0.011624440334584915,6500,5.44
2025-01-02,601997.XSHG,0.03553571428145,0.011671122193394617,6100,5.82
2025-01-02,600035.XSHG,0.03553571428145,0.03639212514249293,24600,4.5
2025-01-02,600033.XSHG,0.03553571428145,0.03648285889623573,28900,3.84
2025-01-02,601018.XSHG,0.03553571428145,0.03454457551917938,28400,3.7
2025-01-02,601006.XSHG,0.03553571428145,0.011716489070266017,5400,6.6
2025-01-02,000828.XSHE,0.03553571428145,0.03256947264785058,9600,10.32
2025-01-02,000429.XSHE,0.03553571428145,0.040534318248142534,9000,13.7
2025-01-02,600377.XSHG,0.03553571428145,0.038273864296202324,7700,15.12
2025-01-03,000539.XSHE,0.03553571428145,0.0343613412127861,23800,4.36
2025-01-03,600969.XSHG,0.03553571428145,0.026424668768602364,13300,6.0
2025-01-03,000900.XSHE,0.03553571428145,0.027055483229807727,19500,4.19
2025-01-03,600795.XSHG,0.03553571428145,0.03410239270430179,23300,4.42
2025-01-03,601991.XSHG,0.03553571428145,0.02748165551934646,30400,2.73
2025-01-03,600744.XSHG,0.03553571428145,0.026947201692372472,27400,2.97
2025-01-03,600098.XSHG,0.03553571428145,0.02787636986987496,13600,6.19
2025-01-03,002039.XSHE,0.03553571428145,0.027296219247286094,5600,14.72
2025-01-03,000905.XSHE,0.03553571428145,0.035508065873759403,15700,6.83
2025-01-03,600017.XSHG,0.03553571428145,0.035059376322613335,34600,3.06
2025-01-03,600717.XSHG,0.03553571428145,0.03502361361300169,22600,4.68
2025-01-03,600908.XSHG,0.03553571428145,0.03522461328646712,18500,5.75
2025-01-03,601228.XSHG,0.03553571428145,0.027380990114513688,25600,3.23
2025-01-03,002807.XSHE,0.03553571428145,0.035157392637845244,25400,4.18
2025-01-03,002966.XSHE,0.03553571428145,0.027729345397027094,10600,7.9
2025-01-03,600020.XSHG,0.03553571428145,0.035126928107435326,26000,4.08
2025-01-03,601825.XSHG,0.03553571428145,0.026855145828742506,10000,8.11
2025-01-03,601326.XSHG,0.03553571428145,0.034439489356011536,32100,3.24
2025-01-03,601818.XSHG,0.03553571428145,0.0356269437695981,29000,3.71
2025-01-03,601528.XSHG,0.03553571428145,0.027763783561838305,15300,5.48
2025-01-03,601997.XSHG,0.03553571428145,0.027513444594556808,14400,5.77
2025-01-03,600035.XSHG,0.03553571428145,0.03525938258747845,24200,4.4
2025-01-03,600033.XSHG,0.03553571428145,0.03695877356643167,28400,3.93
2025-01-03,601018.XSHG,0.03553571428145,0.035190506257856025,28800,3.69
2025-01-03,601006.XSHG,0.03553571428145,0.02809227067234524,12700,6.68
2025-01-03,000828.XSHE,0.03553571428145,0.03397987231026191,10100,10.16
2025-01-03,000429.XSHE,0.03553571428145,0.03765349731425783,8300,13.7
2025-01-03,600377.XSHG,0.03553571428145,0.03564350057960349,7200,14.95
2025-01-06,000539.XSHE,0.03553571428145,0.03572066394082693,24600,4.42
2025-01-06,600969.XSHG,0.03553571428145,0.03526139262981199,17800,6.03
2025-01-06,000900.XSHE,0.03553571428145,0.03532249739651355,25600,4.2
2025-01-06,600795.XSHG,0.03553571428145,0.035139840136911044,24200,4.42
2025-01-06,601991.XSHG,0.03553571428145,0.03502814325154261,39200,2.72
2025-01-06,600744.XSHG,0.03553571428145,0.0354801871170337,36000,3.0
2025-01-06,600098.XSHG,0.03553571428145,0.0352370821312318,17300,6.2
2025-01-06,002039.XSHE,0.03553571428145,0.03467596954238093,7200,14.66
2025-01-06,000905.XSHE,0.03553571428145,0.037112932764919414,15800,7.15
2025-01-06,600017.XSHG,0.03553571428145,0.035400356696020374,35100,3.07
2025-01-06,600717.XSHG,0.03553571428145,0.03512932748887637,22800,4.69
2025-01-06,600908.XSHG,0.03553571428145,0.03531855515350055,18600,5.78
2025-01-06,601228.XSHG,0.03553571428145,0.035449306213431835,33100,3.26
2025-01-06,002807.XSHE,0.03553571428145,0.03551960954716374,25500,4.24
2025-01-06,002966.XSHE,0.03553571428145,0.03574628852041145,13500,8.06
2025-01-06,600020.XSHG,0.03553571428145,0.03568354115245448,26300,4.13
2025-01-06,601825.XSHG,0.03553571428145,0.03586258468929506,13200,8.27
2025-01-06,601326.XSHG,0.03553571428145,0.035233796928720966,33000,3.25
2025-01-06,601818.XSHG,0.03553571428145,0.03519634562009743,28800,3.72
2025-01-06,601528.XSHG,0.03553571428145,0.035233796928720966,19500,5.5
2025-01-06,601997.XSHG,0.03553571428145,0.0353717754341761,18500,5.82
2025-01-06,600035.XSHG,0.03553571428145,0.03536487650890334,24300,4.43
2025-01-06,600033.XSHG,0.03553571428145,0.035653645809605866,27200,3.99
2025-01-06,601018.XSHG,0.03553571428145,0.03531855515350055,28900,3.72
2025-01-06,601006.XSHG,0.03553571428145,0.034796864994779714,16000,6.62
2025-01-06,000828.XSHE,0.03553571428145,0.0352190135174222,10500,10.21
2025-01-06,000429.XSHE,0.03553571428145,0.035233796928720966,7800,13.75
2025-01-06,600377.XSHG,0.03553571428145,0.03595325627859415,7200,15.2
2025-04-01,600098.XSHG,0.03553571428145,0.03578473052790483,17200,6.51
2025-04-01,002039.XSHE,0.03553571428145,0.03666614987199051,7000,16.39
2025-04-01,601008.XSHG,0.03553571428145,0.011779955410804238,9500,3.88
2025-04-01,000543.XSHE,0.03553571428145,0.012120634533645185,4900,7.74
2025-04-01,600803.XSHG,0.03553571428145,0.01137855486831997,1800,19.78
2025-04-01,600578.XSHG,0.03553571428145,0.012093789274434455,10200,3.71
2025-04-01,000791.XSHE,0.03553571428145,0.011821501645297036,5400,6.85
2025-04-01,000407.XSHE,0.03553571428145,0.011953490836416466,11300,3.31
2025-04-01,000900.XSHE,0.03553571428145,0.03493015644302989,25900,4.22
2025-04-01,000905.XSHE,0.03553571428145,0.037748269487318326,15300,7.72
2025-04-01,600033.XSHG,0.03553571428145,0.034929517270191536,27600,3.96
2025-04-01,600035.XSHG,0.03553571428145,0.03498512530712805,24600,4.45
2025-04-01,601825.XSHG,0.03553571428145,0.03564666919482107,13200,8.45
2025-04-01,601398.XSHG,0.03553571428145,0.011517894547080432,5300,6.8
2025-04-01,601006.XSHG,0.03553571428145,0.03422482921590984,16300,6.57
2025-04-01,601997.XSHG,0.03553571428145,0.034764610677897045,18500,5.88
2025-04-01,002807.XSHE,0.03553571428145,0.03565721554665386,25300,4.41
2025-04-01,600908.XSHG,0.03553571428145,0.03424688067883294,18800,5.7
2025-04-01,601988.XSHG,0.03553571428145,0.011466760720012374,6500,5.52
2025-04-01,002966.XSHE,0.03553571428145,0.0345536836412413,13600,7.95
2025-04-01,600017.XSHG,0.03553571428145,0.03485952784439213,35300,3.09
2025-04-01,600717.XSHG,0.03553571428145,0.034836198035792326,22900,4.76
2025-04-01,601228.XSHG,0.03553571428145,0.034794971387718705,33500,3.25
2025-04-01,601018.XSHG,0.03553571428145,0.034595869048572446,29100,3.72
2025-04-01,600350.XSHG,0.03553571428145,0.01167001768260791,3400,10.74
2025-04-01,600020.XSHG,0.03553571428145,0.03669171678552454,25800,4.45
2025-04-01,000828.XSHE,0.03553571428145,0.03462143596210648,10600,10.22
2025-04-01,600377.XSHG,0.03553571428145,0.035757885268694105,7200,15.54
2025-04-02,600098.XSHG,0.03553571428145,0.035393577126608705,17100,6.47
2025-04-02,002039.XSHE,0.03553571428145,0.033979267225972054,6800,15.62
2025-04-02,601008.XSHG,0.03553571428145,0.02741349106658128,22200,3.86
2025-04-02,000543.XSHE,0.03553571428145,0.027373822569028927,11200,7.64
2025-04-02,600803.XSHG,0.03553571428145,0.026466565641138057,4300,19.24
2025-04-02,600578.XSHG,0.03553571428145,0.027057434310325094,23300,3.63
2025-04-02,000791.XSHE,0.03553571428145,0.02687220801933468,12500,6.72
2025-04-02,000407.XSHE,0.03553571428145,0.027323917039850164,26200,3.26
2025-04-02,000900.XSHE,0.03553571428145,0.03506823146523176,26100,4.2
2025-04-02,000905.XSHE,0.03553571428145,0.038044328503373075,14700,8.09
2025-04-02,600033.XSHG,0.03553571428145,0.03570164779711608,27900,4.0
2025-04-02,600035.XSHG,0.03553571428145,0.035384299816697266,24800,4.46
2025-04-02,601825.XSHG,0.03553571428145,0.035956933773299754,13100,8.58
2025-04-02,601398.XSHG,0.03553571428145,0.027611193739866386,12600,6.85
2025-04-02,601006.XSHG,0.03553571428145,0.03515332679062632,16700,6.58
2025-04-02,601997.XSHG,0.03553571428145,0.035654301525843916,18700,5.96
2025-04-02,002807.XSHE,0.03553571428145,0.036294116002494735,25100,4.52
2025-04-02,600908.XSHG,0.03553571428145,0.035440603490642535,19200,5.77
2025-04-02,601988.XSHG,0.03553571428145,0.027897190810929305,15600,5.59
2025-04-02,002966.XSHE,0.03553571428145,0.0354502007077923,13800,8.03
2025-04-02,600017.XSHG,0.03553571428145,0.03506151341322693,35700,3.07
2025-04-02,600717.XSHG,0.03553571428145,0.03503112222558601,23200,4.72
2025-04-02,601228.XSHG,0.03553571428145,0.03513733142871005,33900,3.24
2025-04-02,601018.XSHG,0.03553571428145,0.034941548198854894,29600,3.69
2025-04-02,600350.XSHG,0.03553571428145,0.026769837703070547,8000,10.46
2025-04-02,600020.XSHG,0.03553571428145,0.03605322585203571,25100,4.49
2025-04-02,000828.XSHE,0.03553571428145,0.03501736621433802,10700,10.23
2025-04-02,600377.XSHG,0.03553571428145,0.03497865743850064,7100,15.4
2025-04-03,600098.XSHG,0.03553571428145,0.03536769033355485,17200,6.51
2025-04-03,002039.XSHE,0.03553571428145,0.035635225375462834,7100,15.89
2025-04-03,601008.XSHG,0.03553571428145,0.038661498381980436,28800,4.25
2025-04-03,000543.XSHE,0.03553571428145,0.035357582752278516,14500,7.72
2025-04-03,600803.XSHG,0.03553571428145,0.03577420461801244,5700,19.87
2025-04-03,600578.XSHG,0.03553571428145,0.03512416079717816,30300,3.67
2025-04-03,000791.XSHE,0.03553571428145,0.03563933158035634,16400,6.88
2025-04-03,000407.XSHE,0.03553571428145,0.035651650195036876,34100,3.31
2025-04-03,000900.XSHE,0.03553571428145,0.034447900437408384,26600,4.1
2025-04-03,000905.XSHE,0.03553571428145,0.035199651794835786,14000,7.96
2025-04-03,600033.XSHG,0.03553571428145,0.03495833329186329,27600,4.01
2025-04-03,600035.XSHG,0.03553571428145,0.03525018970121746,24800,4.5
2025-04-03,601825.XSHG,0.03553571428145,0.0348105099156969,12800,8.61
2025-04-03,601398.XSHG,0.03553571428145,0.035038246356329315,16100,6.89
2025-04-03,601006.XSHG,0.03553571428145,0.035181963527602195,16800,6.63
2025-04-03,601997.XSHG,0.03553571428145,0.03500223809803237,18500,5.99
2025-04-03,002807.XSHE,0.03553571428145,0.03519902007100601,24600,4.53
2025-04-03,600908.XSHG,0.03553571428145,0.035174382841644945,19200,5.8
2025-04-03,601988.XSHG,0.03553571428145,0.03557679092120902,19900,5.66
2025-04-03,002966.XSHE,0.03553571428145,0.035524989567167806,13800,8.15
2025-04-03,600017.XSHG,0.03553571428145,0.03681812824670889,36200,3.22
2025-04-03,600717.XSHG,0.03553571428145,0.03562922399908001,23500,4.8
2025-04-03,601228.XSHG,0.03553571428145,0.035651650195036876,34100,3.31
2025-04-03,601018.XSHG,0.03553571428145,0.035557839206315896,30100,3.74
2025-04-03,600350.XSHG,0.03553571428145,0.03485409885995109,10600,10.41
2025-04-03,600020.XSHG,0.03553571428145,0.035108051839519,24700,4.5
2025-04-03,000828.XSHE,0.03553571428145,0.03523881867228158,10800,10.33
2025-04-03,600377.XSHG,0.03553571428145,0.035000027064628174,7200,15.39
2025-07-01,600011.XSHG,0.03553571428145,0.0117714519017132,5500,7.17
2025-07-01,600795.XSHG,0.03553571428145,0.012065178506792083,8100,4.99
2025-07-01,601991.XSHG,0.03553571428145,0.012177714004876168,12400,3.29
2025-07-01,000027.XSHE,0.03553571428145,0.011689960678962656,6100,6.42
2025-07-01,600027.XSHG,0.03553571428145,0.011677722070417703,7100,5.51
2025-07-01,000543.XSHE,0.03553571428145,0.03194217129703376,15200,7.04
2025-07-01,600021.XSHG,0.03553571428145,0.01168936367366778,4400,8.9
2025-07-01,601018.XSHG,0.03553571428145,0.03383348407120022,30800,3.68
2025-07-01,600035.XSHG,0.03553571428145,0.033038870023720565,25800,4.29
2025-07-01,600033.XSHG,0.03553571428145,0.03126068975293305,29500,3.55
2025-07-01,000900.XSHE,0.03553571428145,0.03664418499947541,26400,4.65
2025-07-01,600020.XSHG,0.03553571428145,0.03583285480373922,24700,4.86
2025-07-01,600350.XSHG,0.03553571428145,0.03417556810516405,10700,10.7
2025-07-01,001213.XSHE,0.03553571428145,0.011634439186539206,9600,4.06
2025-07-01,601398.XSHG,0.03553571428145,0.0363558314420504,15900,7.66
2025-07-01,600717.XSHG,0.03553571428145,0.03315707707210597,24200,4.59
2025-07-01,601997.XSHG,0.03553571428145,0.03536719067373611,18600,6.37
2025-07-01,601333.XSHG,0.03553571428145,0.011732348054898836,13600,2.89
2025-07-01,601228.XSHG,0.03553571428145,0.033864528346533765,34800,3.26
2025-07-01,600018.XSHG,0.03553571428145,0.011651155334795731,6800,5.74
2025-07-01,600908.XSHG,0.03553571428145,0.036411352934473847,19000,6.42
2025-07-01,002807.XSHE,0.03553571428145,0.035540919214544955,24600,4.84
2025-07-01,601009.XSHG,0.03553571428145,0.01176160131434775,3300,11.94
2025-07-01,000001.XSHE,0.03553571428145,0.011749064203155359,3200,12.3
2025-07-01,601326.XSHG,0.03553571428145,0.011738616610495032,12100,3.25
2025-07-01,601939.XSHG,0.03553571428145,0.011883688897149847,4100,9.71
2025-07-01,600377.XSHG,0.03553571428145,0.03368841178454541,7300,15.46
2025-07-01,000429.XSHE,0.03553571428145,0.011660408916866306,2900,13.47
2025-07-02,600011.XSHG,0.03553571428145,0.02813038546728797,12800,7.38
2025-07-02,600795.XSHG,0.03553571428145,0.027490435874118067,18500,4.99
2025-07-02,601991.XSHG,0.03553571428145,0.028048195570724504,28200,3.34
2025-07-02,000027.XSHE,0.03553571428145,0.02750919661137712,14300,6.46
2025-07-02,600027.XSHG,0.03553571428145,0.02770007966825097,16700,5.57
2025-07-02,000543.XSHE,0.03553571428145,0.03431755749953139,16300,7.07
2025-07-02,600021.XSHG,0.03553571428145,0.027390378608736454,10300,8.93
2025-07-02,601018.XSHG,0.03553571428145,0.03511652667518279,31700,3.72
2025-07-02,600035.XSHG,0.03553571428145,0.03494351098712708,27100,4.33
2025-07-02,600033.XSHG,0.03553571428145,0.03412578107421663,32100,3.57
2025-07-02,000900.XSHE,0.03553571428145,0.034407192133102414,26200,4.41
2025-07-02,600020.XSHG,0.03553571428145,0.035749627110305736,24500,4.9
2025-07-02,600350.XSHG,0.03553571428145,0.034017087913906244,10900,10.48
2025-07-02,001213.XSHE,0.03553571428145,0.02739127197717736,22600,4.07
2025-07-02,601398.XSHG,0.03553571428145,0.035677562056072545,15600,7.68
2025-07-02,600717.XSHG,0.03553571428145,0.034807421194628874,25300,4.62
2025-07-02,601997.XSHG,0.03553571428145,0.03555963742187279,18600,6.42
2025-07-02,601333.XSHG,0.03553571428145,0.027833489355426455,31900,2.93
2025-07-02,601228.XSHG,0.03553571428145,0.03507424056897984,35800,3.29
2025-07-02,600018.XSHG,0.03553571428145,0.027730156405761517,16000,5.82
2025-07-02,600908.XSHG,0.03553571428145,0.03572580395188154,18600,6.45
2025-07-02,002807.XSHE,0.03553571428145,0.03582258553297983,24500,4.91
2025-07-02,601009.XSHG,0.03553571428145,0.02733230966007748,7700,11.92
2025-07-02,000001.XSHE,0.03553571428145,0.027515747979943772,7500,12.32
2025-07-02,601326.XSHG,0.03553571428145,0.027739685669131195,28400,3.28
2025-07-02,601939.XSHG,0.03553571428145,0.027611040613640548,9500,9.76
2025-07-02,600377.XSHG,0.03553571428145,0.03432768234186167,7500,15.37
2025-07-02,000429.XSHE,0.03553571428145,0.026851081859908768,6800,13.26
2025-07-03,600011.XSHG,0.03553571428145,0.0354667576543552,16100,7.38
2025-07-03,600795.XSHG,0.03553571428145,0.03538496961216215,23900,4.96
2025-07-03,601991.XSHG,0.03553571428145,0.03527989884262948,35600,3.32
2025-07-03,000027.XSHE,0.03553571428145,0.035370641779953145,18400,6.44
2025-07-03,600027.XSHG,0.03553571428145,0.03558018632600978,21400,5.57
2025-07-03,000543.XSHE,0.03553571428145,0.03545422080117232,16800,7.07
2025-07-03,600021.XSHG,0.03553571428145,0.035412431290562735,13300,8.92
2025-07-03,601018.XSHG,0.03553571428145,0.03545242982214619,32100,3.7
2025-07-03,600035.XSHG,0.03553571428145,0.03546138471727683,27500,4.32
2025-07-03,600033.XSHG,0.03553571428145,0.035698689438238396,33500,3.57
2025-07-03,000900.XSHE,0.03553571428145,0.03527870485661206,26800,4.41
2025-07-03,600020.XSHG,0.03553571428145,0.03525184017122019,24300,4.86
2025-07-03,600350.XSHG,0.03553571428145,0.035180499506679536,11300,10.43
2025-07-03,001213.XSHE,0.03553571428145,0.03568346611651633,29300,4.08
2025-07-03,601398.XSHG,0.03553571428145,0.03534795604562223,15500,7.64
2025-07-03,600717.XSHG,0.03553571428145,0.035425565136754315,25800,4.6
2025-07-03,601997.XSHG,0.03553571428145,0.03564406457794158,18600,6.42
2025-07-03,601333.XSHG,0.03553571428145,0.0354745185634684,40700,2.92
2025-07-03,601228.XSHG,0.03553571428145,0.03523661684949812,36100,3.27
2025-07-03,600018.XSHG,0.03553571428145,0.035368850800927026,20500,5.78
2025-07-03,600908.XSHG,0.03553571428145,0.036004648355201424,18500,6.52
2025-07-03,002807.XSHE,0.03553571428145,0.03568704807456858,24300,4.92
2025-07-03,601009.XSHG,0.03553571428145,0.03564048261988933,10000,11.94
2025-07-03,000001.XSHE,0.03553571428145,0.03538974555623182,9600,12.35
2025-07-03,601326.XSHG,0.03553571428145,0.035638094647854494,36400,3.28
2025-07-03,601939.XSHG,0.03553571428145,0.035251243178211475,12200,9.68
2025-07-03,600377.XSHG,0.03553571428145,0.03507393625462509,7700,15.26
2025-07-03,000429.XSHE,0.03553571428145,0.03546138471727682,9000,13.2
2025-10-09,600795.XSHG,0.03553571428145,0.03621842607777576,23900,5.17
2025-10-09,000421.XSHE,0.03553571428145,0.011855999757159296,6400,6.32
2025-10-09,600011.XSHG,0.03553571428145,0.034995834726235235,16400,7.28
2025-10-09,603689.XSHG,0.03553571428145,0.011751356958669733,4700,8.53
2025-10-09,600027.XSHG,0.03553571428145,0.0337497940080864,22100,5.21
2025-10-09,600803.XSHG,0.03553571428145,0.011884725231254471,2200,18.43
2025-10-09,600033.XSHG,0.03553571428145,0.03378291623842063,34200,3.37
2025-10-09,601139.XSHG,0.03553571428145,0.011836067795542237,6000,6.73
2025-10-09,600908.XSHG,0.03553571428145,0.03291939331306978,19100,5.88
2025-10-09,600017.XSHG,0.03553571428145,0.01181261842893393,13000,3.1
2025-10-09,600035.XSHG,0.03553571428145,0.03304836482941546,28400,3.97
2025-10-09,601528.XSHG,0.03553571428145,0.011695371595892403,7500,5.32
2025-10-09,601880.XSHG,0.03553571428145,0.011880914709180622,22900,1.77
2025-10-09,600020.XSHG,0.03553571428145,0.03189113858729557,25600,4.25
2025-10-09,001872.XSHE,0.03553571428145,0.011795031403977701,2000,20.12
2025-10-09,000755.XSHE,0.03553571428145,0.01160919517360688,8200,4.83
2025-10-09,002839.XSHE,0.03553571428145,0.011749012022008903,9300,4.31
2025-10-09,601333.XSHG,0.03553571428145,0.03827933228556322,39100,3.34
2025-10-09,601326.XSHG,0.03553571428145,0.036405141659394395,36000,3.45
2025-10-09,000828.XSHE,0.03553571428145,0.011695371595892403,3500,11.4
2025-10-09,002807.XSHE,0.03553571428145,0.032852269501153504,25300,4.43
2025-10-09,600717.XSHG,0.03553571428145,0.035467753229227385,25800,4.69
2025-10-09,000001.XSHE,0.03553571428145,0.033081193942667085,9900,11.4
2025-10-09,601018.XSHG,0.03553571428145,0.03494893599301862,32400,3.68
2025-10-09,601398.XSHG,0.03553571428145,0.03385443680657596,15800,7.31
2025-10-09,601997.XSHG,0.03553571428145,0.03264181143584395,19300,5.77
2025-10-09,600350.XSHG,0.03553571428145,0.03089688544310342,12200,8.64
2025-10-09,600377.XSHG,0.03553571428145,0.03045955475585852,8300,12.52
2025-10-10,600795.XSHG,0.03553571428145,0.03529499994548471,23600,5.17
2025-10-10,000421.XSHE,0.03553571428145,0.028102470697176904,14900,6.52
2025-10-10,600011.XSHG,0.03553571428145,0.035054323291101176,16600,7.3
2025-10-10,603689.XSHG,0.03553571428145,0.027619960289109926,11000,8.68
2025-10-10,600027.XSHG,0.03553571428145,0.034692151210225966,22800,5.26
2025-10-10,600803.XSHG,0.03553571428145,0.027632399106584073,5100,18.73
2025-10-10,600033.XSHG,0.03553571428145,0.03502510653377818,35300,3.43
2025-10-10,601139.XSHG,0.03553571428145,0.027579461813612694,14000,6.81
2025-10-10,600908.XSHG,0.03553571428145,0.034479534213865515,20100,5.93
2025-10-10,600017.XSHG,0.03553571428145,0.027700957240104383,30400,3.15
2025-10-10,600035.XSHG,0.03553571428145,0.034653966933328575,29800,4.02
2025-10-10,601528.XSHG,0.03553571428145,0.02744408119552196,17700,5.36
2025-10-10,601880.XSHG,0.03553571428145,0.027393168826325445,53200,1.78
2025-10-10,600020.XSHG,0.03553571428145,0.03432014378530142,27400,4.33
2025-10-10,001872.XSHE,0.03553571428145,0.02761128204436052,4600,20.75
2025-10-10,000755.XSHE,0.03553571428145,0.02769661811772968,19500,4.91
2025-10-10,002839.XSHE,0.03553571428145,0.027494993564718476,21800,4.36
2025-10-10,601333.XSHG,0.03553571428145,0.03637225939371099,37200,3.38
2025-10-10,601326.XSHG,0.03553571428145,0.036045957391133324,35400,3.52
2025-10-10,000828.XSHE,0.03553571428145,0.028140944248899274,8100,12.01
2025-10-10,002807.XSHE,0.03553571428145,0.034472302343241015,26600,4.48
2025-10-10,600717.XSHG,0.03553571428145,0.03559989561101384,25800,4.77
2025-10-10,000001.XSHE,0.03553571428145,0.03438667699504687,10400,11.43
2025-10-10,601018.XSHG,0.03553571428145,0.035580803472565155,32800,3.75
2025-10-10,601398.XSHG,0.03553571428145,0.0344679632208663,16300,7.31
2025-10-10,601997.XSHG,0.03553571428145,0.03434502142024972,20400,5.82
2025-10-10,600350.XSHG,0.03553571428145,0.03391747322892898,13400,8.75
2025-10-10,600377.XSHG,0.03553571428145,0.03438436279644703,9200,12.92
2025-10-13,600795.XSHG,0.03553571428145,0.03544590448421178,23700,5.16
2025-10-13,000421.XSHE,0.03553571428145,0.035783285775053554,19200,6.43
2025-10-13,600011.XSHG,0.03553571428145,0.03570937492525574,16900,7.29
2025-10-13,603689.XSHG,0.03553571428145,0.03601342387207106,14200,8.75
2025-10-13,600027.XSHG,0.03553571428145,0.03562358037019633,23500,5.23
2025-10-13,600803.XSHG,0.03553571428145,0.034872878013426395,6500,18.51
2025-10-13,600033.XSHG,0.03553571428145,0.03497983136078087,35600,3.39
2025-10-13,601139.XSHG,0.03553571428145,0.03550213469935208,18200,6.73
2025-10-13,600908.XSHG,0.03553571428145,0.035407065057259206,20600,5.93
2025-10-13,600017.XSHG,0.03553571428145,0.03576763406568461,39300,3.14
2025-10-13,600035.XSHG,0.03553571428145,0.03533344405393119,30400,4.01
2025-10-13,601528.XSHG,0.03553571428145,0.035355472385635626,22800,5.35
2025-10-13,601880.XSHG,0.03553571428145,0.035604160656720035,69400,1.77
2025-10-13,600020.XSHG,0.03553571428145,0.03571893985875899,28200,4.37
2025-10-13,001872.XSHE,0.03553571428145,0.03509113240518228,5900,20.52
2025-10-13,000755.XSHE,0.03553571428145,0.03586328340071707,25200,4.91
2025-10-13,002839.XSHE,0.03553571428145,0.03542938323543344,28100,4.35
2025-10-13,601333.XSHG,0.03553571428145,0.03511374042982632,36600,3.31
2025-10-13,601326.XSHG,0.03553571428145,0.03520069437076492,35100,3.46
2025-10-13,000828.XSHE,0.03553571428145,0.035841255069012624,10400,11.89
2025-10-13,002807.XSHE,0.03553571428145,0.035449382641849325,27300,4.48
2025-10-13,600717.XSHG,0.03553571428145,0.035383007800266195,25700,4.75
2025-10-13,000001.XSHE,0.03553571428145,0.03535547238563563,10700,11.4
2025-10-13,601018.XSHG,0.03553571428145,0.03575980821100013,32900,3.75
2025-10-13,601398.XSHG,0.03553571428145,0.03476853328430007,16500,7.27
2025-10-13,601997.XSHG,0.03553571428145,0.03560763881435758,21000,5.85
2025-10-13,600350.XSHG,0.03553571428145,0.03551894579460021,13800,8.88
2025-10-13,600377.XSHG,0.03553571428145,0.03512330536332957,9300,13.03
2026-01-05,002039.XSHE,0.03553571428145,0.011403003296714941,2200,17.99
2026-01-05,000543.XSHE,0.03553571428145,0.011697456512371179,5000,8.12
2026-01-05,600027.XSHG,0.03553571428145,0.03449856515602987,23900,5.01
2026-01-05,000027.XSHE,0.03553571428145,0.011907204008455078,6300,6.56
2026-01-05,600011.XSHG,0.03553571428145,0.03570144399689563,16700,7.42
2026-01-05,600795.XSHG,0.03553571428145,0.03456742456751895,23900,5.02
2026-01-05,001872.XSHE,0.03553571428145,0.03336368138257593,6000,19.3
2026-01-05,600908.XSHG,0.03553571428145,0.03519551459700095,20600,5.93
2026-01-05,601991.XSHG,0.03553571428145,0.011966843749786625,11700,3.55
2026-01-05,600017.XSHG,0.03553571428145,0.03448732868302538,39900,3.0
2026-01-05,600020.XSHG,0.03553571428145,0.034775443375448314,28400,4.25
2026-01-05,601528.XSHG,0.03553571428145,0.03639925778194398,22400,5.64
2026-01-05,000828.XSHE,0.03553571428145,0.033232877312215914,10700,10.78
2026-01-05,600035.XSHG,0.03553571428145,0.034697076179109276,30800,3.91
2026-01-05,603323.XSHG,0.03553571428145,0.011785331493560177,8100,5.05
2026-01-05,600018.XSHG,0.03553571428145,0.011733470848924047,7500,5.43
2026-01-05,000001.XSHE,0.03553571428145,0.03545251290264221,10700,11.5
2026-01-05,002839.XSHE,0.03553571428145,0.036551958568928136,27700,4.58
2026-01-05,600717.XSHG,0.03553571428145,0.034022599684147184,26300,4.49
2026-01-05,601000.XSHG,0.03553571428145,0.011757960597779997,10600,3.85
2026-01-05,601997.XSHG,0.03553571428145,0.03558763869338857,20900,5.91
2026-01-05,601298.XSHG,0.03553571428145,0.01183056550027058,4900,8.38
2026-01-05,601006.XSHG,0.03553571428145,0.011744707321928541,7900,5.16
2026-01-05,600033.XSHG,0.03553571428145,0.03930345388156717,33600,4.06
2026-01-05,601860.XSHG,0.03553571428145,0.011891357700371816,14900,2.77
2026-01-05,000755.XSHE,0.03553571428145,0.03630072255713533,24900,5.06
2026-01-05,600377.XSHG,0.03553571428145,0.03321847157759477,9600,12.01
2026-01-05,000548.XSHE,0.03553571428145,0.011625427839265446,7500,5.38
2026-01-06,002039.XSHE,0.03553571428145,0.027622463976835834,5300,18.2
2026-01-06,000543.XSHE,0.03553571428145,0.02733953846979547,11700,8.16
2026-01-06,600027.XSHG,0.03553571428145,0.03493213654030993,24300,5.02
2026-01-06,000027.XSHE,0.03553571428145,0.02776106311186371,14600,6.64
2026-01-06,600011.XSHG,0.03553571428145,0.03536683382744281,16600,7.44
2026-01-06,600795.XSHG,0.03553571428145,0.0347929646815836,24300,5.0
2026-01-06,001872.XSHE,0.03553571428145,0.034408094356216945,6200,19.38
2026-01-06,600908.XSHG,0.03553571428145,0.03538831096613514,20700,5.97
2026-01-06,601991.XSHG,0.03553571428145,0.028066324843144103,27000,3.63
2026-01-06,600017.XSHG,0.03553571428145,0.035314429609033506,40700,3.03
2026-01-06,600020.XSHG,0.03553571428145,0.035175544112156405,28700,4.28
2026-01-06,601528.XSHG,0.03553571428145,0.03546877864576909,22000,5.63
2026-01-06,000828.XSHE,0.03553571428145,0.035123712617445575,11100,11.05
2026-01-06,600035.XSHG,0.03553571428145,0.03522508471207339,31300,3.93
2026-01-06,603323.XSHG,0.03553571428145,0.027494173868380285,18900,5.08
2026-01-06,600018.XSHG,0.03553571428145,0.027619027634645067,17600,5.48
2026-01-06,000001.XSHE,0.03553571428145,0.03575771775164331,10700,11.67
2026-01-06,002839.XSHE,0.03553571428145,0.035620264064012364,27100,4.59
2026-01-06,600717.XSHG,0.03553571428145,0.035102235478753234,27000,4.54
2026-01-06,601000.XSHG,0.03553571428145,0.027951207379753186,24900,3.92
2026-01-06,601997.XSHG,0.03553571428145,0.03543097888167058,20900,5.92
2026-01-06,601298.XSHG,0.03553571428145,0.027715817939685188,11400,8.49
2026-01-06,601006.XSHG,0.03553571428145,0.0276009868381435,18500,5.21
2026-01-06,600033.XSHG,0.03553571428145,0.03662281689817058,31500,4.06
2026-01-06,601860.XSHG,0.03553571428145,0.02764365475367894,34600,2.79
2026-01-06,000755.XSHE,0.03553571428145,0.035430119796122886,24500,5.05
2026-01-06,600377.XSHG,0.03553571428145,0.034248877168044436,10000,11.96
2026-01-06,000548.XSHE,0.03553571428145,0.02762389578608199,17700,5.45
2026-01-07,002039.XSHE,0.03553571428145,0.03525512725180115,6800,18.04
2026-01-07,000543.XSHE,0.03553571428145,0.03651965835839373,15200,8.36
2026-01-07,600027.XSHG,0.03553571428145,0.03556407519261638,24700,5.01
2026-01-07,000027.XSHE,0.03553571428145,0.03533387305252987,18600,6.61
2026-01-07,600011.XSHG,0.03553571428145,0.03561206989598024,16700,7.42
2026-01-07,600795.XSHG,0.03553571428145,0.03570805930270795,24800,5.01
2026-01-07,001872.XSHE,0.03553571428145,0.03508901384734421,6300,19.38
2026-01-07,600908.XSHG,0.03553571428145,0.03544825563898983,20800,5.93
2026-01-07,601991.XSHG,0.03553571428145,0.03586842483849855,34100,3.66
2026-01-07,600017.XSHG,0.03553571428145,0.0354982620963869,40900,3.02
2026-01-07,600020.XSHG,0.03553571428145,0.035299098447098574,28900,4.25
2026-01-07,601528.XSHG,0.03553571428145,0.03531375551219771,22100,5.56
2026-01-07,000828.XSHE,0.03553571428145,0.034867433510257194,11100,10.93
2026-01-07,600035.XSHG,0.03553571428145,0.03548734114592088,31500,3.92
2026-01-07,603323.XSHG,0.03553571428145,0.03541261885325859,24400,5.05
2026-01-07,600018.XSHG,0.03553571428145,0.03539824918159276,22600,5.45
2026-01-07,000001.XSHE,0.03553571428145,0.03545975137632249,10600,11.64
2026-01-07,002839.XSHE,0.03553571428145,0.0356166681909133,27000,4.59
2026-01-07,600717.XSHG,0.03553571428145,0.0355416585048177,27300,4.53
2026-01-07,601000.XSHG,0.03553571428145,0.035418366721924915,31600,3.9
2026-01-07,601997.XSHG,0.03553571428145,0.03537841903469392,20900,5.89
2026-01-07,601298.XSHG,0.03553571428145,0.03516201177940661,14600,8.38
2026-01-07,601006.XSHG,0.03553571428145,0.03495221457308557,23800,5.11
2026-01-07,600033.XSHG,0.03553571428145,0.03590808513229623,30400,4.11
2026-01-07,601860.XSHG,0.03553571428145,0.03534594357672916,44400,2.77
2026-01-07,000755.XSHE,0.03553571428145,0.03534651836359579,24500,5.02
2026-01-07,600377.XSHG,0.03553571428145,0.03498900093255007,10300,11.82
2026-01-07,000548.XSHE,0.03553571428145,0.03535916367466172,22700,5.42
2026-04-01,002039.XSHE,0.03553571428145,0.03544952388691511,6700,18.46
2026-04-01,000027.XSHE,0.03553571428145,0.03619129203280001,18300,6.9
2026-04-01,600717.XSHG,0.03553571428145,0.03572983657882988,27100,4.6
2026-04-01,000543.XSHE,0.03553571428145,0.03607091234915563,15000,8.39
2026-04-01,600886.XSHG,0.03553571428145,0.011645014682827526,2900,14.01
2026-04-01,600023.XSHG,0.03553571428145,0.011758515527406513,7500,5.47
2026-04-01,600642.XSHG,0.03553571428145,0.011773706297009258,4600,8.93
2026-04-01,601139.XSHG,0.03553571428145,0.01193593225163478,5800,7.18
2026-04-01,601333.XSHG,0.03553571428145,0.01169975877705628,13000,3.14
2026-04-01,600035.XSHG,0.03553571428145,0.03543461973560676,31700,3.9
2026-04-01,600908.XSHG,0.03553571428145,0.03430820983864862,21000,5.7
2026-04-01,001872.XSHE,0.03553571428145,0.03791960034798005,6000,22.05
2026-04-01,600020.XSHG,0.03553571428145,0.03313995367070934,29800,3.88
2026-04-01,601528.XSHG,0.03553571428145,0.03428413390191974,22400,5.34
2026-04-01,601997.XSHG,0.03553571428145,0.03503048794051491,21000,5.82
2026-04-01,601128.XSHG,0.03553571428145,0.011632116859579914,5700,7.12
2026-04-01,601006.XSHG,0.03553571428145,0.03605314201490337,23600,5.33
2026-04-01,603323.XSHG,0.03553571428145,0.034619477306357664,24600,4.91
2026-04-01,000001.XSHE,0.03553571428145,0.034514575010610414,10800,11.15
2026-04-01,000828.XSHE,0.03553571428145,0.03296110385500912,11500,10.0
2026-04-01,601169.XSHG,0.03553571428145,0.01180150827156522,7500,5.49
2026-04-01,601816.XSHG,0.03553571428145,0.011793769577616653,8100,5.08
2026-04-01,600017.XSHG,0.03553571428145,0.035752766042381194,40500,3.08
2026-04-01,601880.XSHG,0.03553571428145,0.011823004643644575,25000,1.65
2026-04-01,600350.XSHG,0.03553571428145,0.011599442374019296,3800,10.65
2026-04-01,600012.XSHG,0.03553571428145,0.011356963296964185,2600,15.24
2026-04-01,600033.XSHG,0.03553571428145,0.03369427345206228,31100,3.78
2026-04-01,600377.XSHG,0.03553571428145,0.034614318177058616,10200,11.84
2026-04-02,002039.XSHE,0.03553571428145,0.03602494342124239,6700,18.76
2026-04-02,000027.XSHE,0.03553571428145,0.034978233261690646,18000,6.78
2026-04-02,600717.XSHG,0.03553571428145,0.03569677169816277,26900,4.63
2026-04-02,000543.XSHE,0.03553571428145,0.0351037696937508,14900,8.22
2026-04-02,600886.XSHG,0.03553571428145,0.02717233205813325,6700,14.15
2026-04-02,600023.XSHG,0.03553571428145,0.027636644889040645,17500,5.51
2026-04-02,600642.XSHG,0.03553571428145,0.02723280737129465,10700,8.88
2026-04-02,601139.XSHG,0.03553571428145,0.027844439211514638,13400,7.25
2026-04-02,601333.XSHG,0.03553571428145,0.02771431697371713,30600,3.16
2026-04-02,600035.XSHG,0.03553571428145,0.03525223515449773,31700,3.88
2026-04-02,600908.XSHG,0.03553571428145,0.0351244058195689,21500,5.7
2026-04-02,001872.XSHE,0.03553571428145,0.03597392633241429,5700,22.02
2026-04-02,600020.XSHG,0.03553571428145,0.03433851336132934,31200,3.84
2026-04-02,601528.XSHG,0.03553571428145,0.034983105680286584,22900,5.33
2026-04-02,601997.XSHG,0.03553571428145,0.035181155165568696,21200,5.79
2026-04-02,601128.XSHG,0.03553571428145,0.02747184249535438,13500,7.1
2026-04-02,601006.XSHG,0.03553571428145,0.03559416429478941,23300,5.33
2026-04-02,603323.XSHG,0.03553571428145,0.035110075176639666,25000,4.9
2026-04-02,000001.XSHE,0.03553571428145,0.03553139607875933,11000,11.27
2026-04-02,000828.XSHE,0.03553571428145,0.034368034485763574,12100,9.91
2026-04-02,601169.XSHG,0.03553571428145,0.027586487638788303,17500,5.5
2026-04-02,601816.XSHG,0.03553571428145,0.027680783269262706,18900,5.11
2026-04-02,600017.XSHG,0.03553571428145,0.03592204940501044,40300,3.11
2026-04-02,601880.XSHG,0.03553571428145,0.027403628635011192,58300,1.64
2026-04-02,600350.XSHG,0.03553571428145,0.02739445702353648,9000,10.62
2026-04-02,600012.XSHG,0.03553571428145,0.027259175754284447,6200,15.34
2026-04-02,600033.XSHG,0.03553571428145,0.03490113440273133,32300,3.77
2026-04-02,600377.XSHG,0.03553571428145,0.035336785947780246,10300,11.97
2026-04-03,002039.XSHE,0.03553571428145,0.035350218880300856,6600,18.38
2026-04-03,000027.XSHE,0.03553571428145,0.03500402522423697,18200,6.6
2026-04-03,600717.XSHG,0.03553571428145,0.03530009656645995,26800,4.52
2026-04-03,000543.XSHE,0.03553571428145,0.035158180480177874,15100,7.99
2026-04-03,600886.XSHG,0.03553571428145,0.03551690471470198,8800,13.85
2026-04-03,600023.XSHG,0.03553571428145,0.035471736350484895,22500,5.41
2026-04-03,600642.XSHG,0.03553571428145,0.035483101293739515,13900,8.76
2026-04-03,601139.XSHG,0.03553571428145,0.03488163352764873,17100,7.0
2026-04-03,601333.XSHG,0.03553571428145,0.03529776529604875,39200,3.09
2026-04-03,600035.XSHG,0.03553571428145,0.035417534313424384,31900,3.81
2026-04-03,600908.XSHG,0.03553571428145,0.03579141180562132,21700,5.66
2026-04-03,001872.XSHE,0.03553571428145,0.03596683990406447,5600,22.04
2026-04-03,600020.XSHG,0.03553571428145,0.03535896114434287,32100,3.78
2026-04-03,601528.XSHG,0.03553571428145,0.035578683380598906,23300,5.24
2026-04-03,601997.XSHG,0.03553571428145,0.03567076856184149,21400,5.72
2026-04-03,601128.XSHG,0.03553571428145,0.035696412536364734,17400,7.04
2026-04-03,601006.XSHG,0.03553571428145,0.03515555780096527,23200,5.2
2026-04-03,603323.XSHG,0.03553571428145,0.03546911367127229,25200,4.83
2026-04-03,000001.XSHE,0.03553571428145,0.035321078000160794,10900,11.12
2026-04-03,000828.XSHE,0.03553571428145,0.03595256087279584,12500,9.87
2026-04-03,601169.XSHG,0.03553571428145,0.03566843729143029,22500,5.44
2026-04-03,601816.XSHG,0.03553571428145,0.035613069619164175,24200,5.05
2026-04-03,600017.XSHG,0.03553571428145,0.035374114402015704,39800,3.05
2026-04-03,601880.XSHG,0.03553571428145,0.03564221049930424,75500,1.62
2026-04-03,600350.XSHG,0.03553571428145,0.035933036483102004,11600,10.63
2026-04-03,600012.XSHG,0.03553571428145,0.03485249264750868,8000,14.95
2026-04-03,600033.XSHG,0.03553571428145,0.03525755088145547,32700,3.7
2026-04-03,600377.XSHG,0.03553571428145,0.03508765955023894,10300,11.69
