trade_date,code,side,amount,price,value,commission,target_amount,reason
2021-10-08,000421.XSHE,buy,4500,5.25,23625.0,7.0874999999999995,4500,
2021-10-08,000429.XSHE,buy,3100,7.42,23002.0,6.900599999999999,3100,
2021-10-08,000539.XSHE,buy,4500,5.21,23445.0,7.033499999999999,4500,
2021-10-08,000543.XSHE,buy,5100,4.6,23460.0,7.037999999999999,5100,
2021-10-08,000900.XSHE,buy,5400,4.34,23436.0,7.030799999999999,5400,
2021-10-08,001872.XSHE,buy,1300,17.42,22646.000000000004,6.7938,1300,
2021-10-08,002040.XSHE,buy,3800,6.15,23370.0,7.010999999999999,3800,
2021-10-08,002807.XSHE,buy,6100,3.85,23485.0,7.0455,6100,
2021-10-08,600017.XSHG,buy,8500,2.78,23630.0,7.0889999999999995,8500,
2021-10-08,600033.XSHG,buy,8300,2.85,23655.0,7.0965,8300,
2021-10-08,600035.XSHG,buy,7300,3.22,23506.0,7.051799999999999,7300,
2021-10-08,600106.XSHG,buy,8600,2.73,23478.0,7.043399999999999,8600,
2021-10-08,600368.XSHG,buy,5800,4.05,23490.0,7.047,5800,
2021-10-08,600377.XSHG,buy,2700,8.73,23571.0,7.071299999999999,2700,
2021-10-08,600617.XSHG,buy,4200,5.57,23394.0,7.018199999999999,4200,
2021-10-08,600928.XSHG,buy,5300,4.4,23320.000000000004,6.996,5300,
2021-10-08,600969.XSHG,buy,2900,8.09,23461.0,7.0383,2900,
2021-10-08,601006.XSHG,buy,3700,6.29,23273.0,6.9818999999999996,3700,
2021-10-08,601018.XSHG,buy,5900,3.99,23541.0,7.0623,5900,
2021-10-08,601077.XSHG,buy,6100,3.87,23607.0,7.0821,6100,
2021-10-08,601288.XSHG,buy,8000,2.95,23600.0,7.079999999999999,8000,
2021-10-08,601326.XSHG,buy,8000,2.96,23680.0,7.103999999999999,8000,
2021-10-08,601333.XSHG,buy,10000,2.36,23600.0,7.079999999999999,10000,
2021-10-08,601398.XSHG,buy,5000,4.66,23300.0,6.989999999999999,5000,
2021-10-08,601985.XSHG,buy,3200,7.3,23360.0,7.007999999999999,3200,
2021-10-08,601988.XSHG,buy,7700,3.05,23485.0,7.0455,7700,
2021-10-08,601991.XSHG,buy,6500,3.64,23660.0,7.097999999999999,6500,
2021-10-08,603323.XSHG,buy,4500,5.2,23400.0,7.02,4500,
2021-10-11,000421.XSHE,buy,5800,5.34,30972.0,9.291599999999999,10300,
2021-10-11,000429.XSHE,buy,4300,7.35,31605.0,9.481499999999999,7400,
2021-10-11,000539.XSHE,buy,6400,5.02,32127.999999999996,9.638399999999997,10900,
2021-10-11,000543.XSHE,buy_skipped,6400,4.81,0.0,0.0,11500,high_limit
2021-10-11,000900.XSHE,buy,7200,4.39,31607.999999999996,9.482399999999998,12600,
2021-10-11,001872.XSHE,buy,1800,17.42,31356.000000000004,9.4068,3100,
2021-10-11,002040.XSHE,buy,5200,6.13,31876.0,9.5628,9000,
2021-10-11,002807.XSHE,buy,8100,3.9,31590.0,9.476999999999999,14200,
2021-10-11,600017.XSHG,buy,11000,2.84,31240.0,9.372,19500,
2021-10-11,600033.XSHG,buy,10800,2.89,31212.0,9.3636,19100,
2021-10-11,600035.XSHG,buy,9400,3.31,31114.0,9.3342,16700,
2021-10-11,600106.XSHG,buy,11200,2.8,31359.999999999996,9.407999999999998,19800,
2021-10-11,600368.XSHG,buy,7700,4.09,31493.0,9.447899999999999,13500,
2021-10-11,600377.XSHG,buy,3500,8.84,30940.0,9.282,6200,
2021-10-11,600617.XSHG,buy,5400,5.79,31266.0,9.3798,9600,
2021-10-11,600928.XSHG,buy,7100,4.46,31666.0,9.499799999999999,12400,
2021-10-11,600969.XSHG,buy,4000,7.98,31920.0,9.575999999999999,6900,
2021-10-11,601006.XSHG,buy,5000,6.3,31500.0,9.45,8700,
2021-10-11,601018.XSHG,buy,7900,4.01,31679.0,9.503699999999998,13800,
2021-10-11,601077.XSHG,buy,8000,3.91,31280.0,9.383999999999999,14100,
2021-10-11,601288.XSHG,buy,10700,2.96,31672.0,9.5016,18700,
2021-10-11,601326.XSHG,buy,10200,3.05,31110.0,9.332999999999998,18200,
2021-10-11,601333.XSHG,buy,13200,2.39,31548.0,9.4644,23200,
2021-10-11,601398.XSHG,buy,6700,4.72,31624.0,9.4872,11700,
2021-10-11,601985.XSHG,buy,4500,7.15,32175.0,9.6525,7700,
2021-10-11,601988.XSHG,buy,10200,3.08,31416.0,9.4248,17900,
2021-10-11,601991.XSHG,buy,9500,3.42,32490.0,9.747,16000,
2021-10-11,603323.XSHG,buy,6000,5.27,31619.999999999996,9.485999999999999,10500,
2021-10-12,000421.XSHE,buy,3200,5.2,16640.0,5.0,13500,
2021-10-12,000429.XSHE,buy,2200,7.3,16060.0,5.0,9600,
2021-10-12,000539.XSHE,buy,3800,4.79,18202.0,5.4605999999999995,14700,
2021-10-12,000543.XSHE,buy,10500,4.5,47250.0,14.174999999999999,15600,
2021-10-12,000900.XSHE,buy,3500,4.37,15295.0,5.0,16100,
2021-10-12,001872.XSHE,buy,800,17.8,14240.0,5.0,3900,
2021-10-12,002040.XSHE,buy,2500,6.08,15200.0,5.0,11500,
2021-10-12,002807.XSHE,buy,3800,3.91,14858.0,5.0,18000,
2021-10-12,600017.XSHG,buy,5300,2.83,14999.0,5.0,24800,
2021-10-12,600033.XSHG,buy,5500,2.86,15730.0,5.0,24600,
2021-10-12,600035.XSHG,buy,5200,3.21,16692.0,5.007599999999999,21900,
2021-10-12,600106.XSHG,buy,5600,2.77,15512.0,5.0,25400,
2021-10-12,600368.XSHG,buy,3800,4.07,15466.000000000002,5.0,17300,
2021-10-12,600377.XSHG,buy,1700,8.82,14994.0,5.0,7900,
2021-10-12,600617.XSHG,buy,3500,5.34,18690.0,5.606999999999999,13100,
2021-10-12,600928.XSHG,buy,3200,4.49,14368.0,5.0,15600,
2021-10-12,600969.XSHG,buy,2300,7.63,17549.0,5.2646999999999995,9200,
2021-10-12,601006.XSHG,buy,2400,6.34,15216.0,5.0,11100,
2021-10-12,601018.XSHG,buy,3800,3.99,15162.0,5.0,17600,
2021-10-12,601077.XSHG,buy,3800,3.92,14896.0,5.0,17900,
2021-10-12,601288.XSHG,buy,4900,2.98,14602.0,5.0,23600,
2021-10-12,601326.XSHG,buy,5400,2.98,16092.0,5.0,23600,
2021-10-12,601333.XSHG,buy,6700,2.35,15745.0,5.0,29900,
2021-10-12,601398.XSHG,buy,3100,4.74,14694.0,5.0,14800,
2021-10-12,601985.XSHG,buy,2600,6.82,17732.0,5.319599999999999,10300,
2021-10-12,601988.XSHG,buy,4900,3.08,15092.0,5.0,22800,
2021-10-12,601991.XSHG,buy,6000,3.2,19200.0,5.76,22000,
2021-10-12,603323.XSHG,buy,2600,5.36,13936.0,5.0,13100,
2022-01-04,000543.XSHE,sell,15600,5.6,87360.0,26.208,0,
2022-01-04,600106.XSHG,sell,25400,4.5,114300.0,34.29,0,
2022-01-04,600969.XSHG,sell,100,8.05,805.0000000000001,5.0,9100,
2022-01-04,601333.XSHG,sell,29900,2.25,67275.0,20.182499999999997,0,
2022-01-04,601991.XSHG,sell,22000,3.28,72160.0,21.648,0,
2022-01-04,603323.XSHG,sell,13100,4.88,63928.0,19.1784,0,
2022-01-04,001872.XSHE,sell,3900,17.05,66495.0,19.9485,0,
2022-01-04,000539.XSHE,sell,14700,6.24,91728.0,27.518399999999996,0,
2022-01-04,601985.XSHG,sell,600,8.32,4992.0,5.0,9700,
2022-01-04,601326.XSHG,sell,23600,2.78,65608.0,19.682399999999998,0,
2022-01-04,000421.XSHE,buy,300,4.95,1485.0,5.0,13800,
2022-01-04,000755.XSHE,buy,5200,4.61,23972.0,7.191599999999999,5200,
2022-01-04,000900.XSHE,buy,300,4.24,1272.0,5.0,16400,
2022-01-04,002807.XSHE,buy,200,3.85,770.0,5.0,18200,
2022-01-04,002893.XSHE,buy,2700,8.89,24003.0,7.200899999999999,2700,
2022-01-04,003816.XSHE,buy,7600,3.15,23940.0,7.1819999999999995,7600,
2022-01-04,600017.XSHG,buy,300,2.81,843.0,5.0,25100,
2022-01-04,600033.XSHG,buy,300,2.82,846.0,5.0,24900,
2022-01-04,600035.XSHG,buy,300,3.16,948.0,5.0,22200,
2022-01-04,600368.XSHG,buy,100,4.09,409.0,5.0,17400,
2022-01-04,600377.XSHG,buy,100,8.62,861.9999999999999,5.0,8000,
2022-01-04,600617.XSHG,buy,1300,4.23,5499.000000000001,5.0,14400,
2022-01-04,600717.XSHG,buy,5600,4.24,23744.0,7.1232,5600,
2022-01-04,600928.XSHG,buy,400,4.3,1720.0,5.0,16000,
2022-01-04,601008.XSHG,buy,6200,3.87,23994.0,7.198199999999999,6200,
2022-01-04,601018.XSHG,buy,200,3.98,796.0,5.0,17800,
2022-01-04,601077.XSHG,buy,300,3.85,1155.0,5.0,18200,
2022-01-04,601229.XSHG,buy,3300,7.14,23562.0,7.068599999999999,3300,
2022-01-04,601288.XSHG,buy,300,2.94,882.0,5.0,23900,
2022-01-04,601368.XSHG,buy,4400,5.4,23760.0,7.127999999999999,4400,
2022-01-04,601398.XSHG,buy,200,4.64,927.9999999999999,5.0,15000,
2022-01-04,601880.XSHG,buy,13900,1.73,24047.0,7.214099999999999,13900,
2022-01-04,601988.XSHG,buy,200,3.06,612.0,5.0,23000,
2022-01-05,600969.XSHG,sell,200,8.17,1634.0,5.0,8900,
2022-01-05,601985.XSHG,sell,500,8.09,4045.0,5.0,9200,
2022-01-05,000421.XSHE,buy,500,5.0,2500.0,5.0,14300,
2022-01-05,000429.XSHE,buy,100,7.39,739.0,5.0,9700,
2022-01-05,000755.XSHE,buy,6900,4.69,32361.000000000004,9.7083,12100,
2022-01-05,000900.XSHE,buy,400,4.28,1712.0,5.0,16800,
2022-01-05,002807.XSHE,buy,400,3.87,1548.0,5.0,18600,
2022-01-05,002893.XSHE,buy,3500,9.17,32095.0,9.628499999999999,6200,
2022-01-05,003816.XSHE,buy,10400,3.13,32552.0,9.7656,18000,
2022-01-05,600017.XSHG,buy,100,2.88,288.0,5.0,25200,
2022-01-05,600033.XSHG,buy,300,2.88,864.0,5.0,25200,
2022-01-05,600035.XSHG,buy,200,3.23,646.0,5.0,22400,
2022-01-05,600377.XSHG,buy,200,8.72,1744.0000000000002,5.0,8200,
2022-01-05,600617.XSHG,buy,1700,4.28,7276.0,5.0,16100,
2022-01-05,600717.XSHG,buy,7700,4.24,32648.0,9.7944,13300,
2022-01-05,600928.XSHG,buy,500,4.34,2170.0,5.0,16500,
2022-01-05,601006.XSHG,buy,100,6.46,646.0,5.0,11200,
2022-01-05,601008.XSHG,buy,8100,3.98,32238.0,9.671399999999998,14300,
2022-01-05,601018.XSHG,buy,100,4.05,405.0,5.0,17900,
2022-01-05,601077.XSHG,buy,400,3.87,1548.0,5.0,18600,
2022-01-05,601229.XSHG,buy,4500,7.17,32265.0,9.679499999999999,7800,
2022-01-05,601288.XSHG,buy,600,2.94,1764.0,5.0,24500,
2022-01-05,601368.XSHG,buy,5800,5.57,32306.0,9.691799999999999,10200,
2022-01-05,601398.XSHG,buy,400,4.66,1864.0,5.0,15400,
2022-01-05,601880.XSHG,buy,18400,1.76,32384.0,9.7152,32300,
2022-01-05,601988.XSHG,buy,500,3.07,1535.0,5.0,23500,
2022-01-06,601018.XSHG,sell,400,4.14,1655.9999999999998,5.0,17500,
2022-01-06,000421.XSHE,buy,400,4.92,1968.0,5.0,14700,
2022-01-06,000755.XSHE,buy,3700,4.57,16909.0,5.072699999999999,15800,
2022-01-06,000900.XSHE,buy,100,4.27,426.99999999999994,5.0,16900,
2022-01-06,002807.XSHE,buy,100,3.87,387.0,5.0,18700,
2022-01-06,002893.XSHE,buy,1800,9.06,16308.0,5.0,8000,
2022-01-06,003816.XSHE,buy,5700,3.05,17385.0,5.2155,23700,
2022-01-06,600017.XSHG,buy,100,2.86,286.0,5.0,25300,
2022-01-06,600033.XSHG,buy,100,2.86,286.0,5.0,25300,
2022-01-06,600035.XSHG,buy,200,3.21,642.0,5.0,22600,
2022-01-06,600368.XSHG,buy,200,4.12,824.0,5.0,17600,
2022-01-06,600617.XSHG,buy,1100,4.2,4620.0,5.0,17200,
2022-01-06,600717.XSHG,buy,3600,4.27,15371.999999999998,5.0,16900,
2022-01-06,600928.XSHG,buy,100,4.35,434.99999999999994,5.0,16600,
2022-01-06,600969.XSHG,buy,200,7.92,1584.0,5.0,9100,
2022-01-06,601008.XSHG,buy,4200,3.92,16464.0,5.0,18500,
2022-01-06,601077.XSHG,buy,100,3.88,388.0,5.0,18700,
2022-01-06,601229.XSHG,buy,2200,7.22,15884.0,5.0,10000,
2022-01-06,601368.XSHG,buy,3000,5.49,16470.0,5.0,13200,
2022-01-06,601880.XSHG,buy,8900,1.76,15664.0,5.0,41200,
2022-01-06,601985.XSHG,buy,400,7.5,3000.0,5.0,9600,
2022-04-01,601018.XSHG,sell,17500,3.93,68775.0,20.632499999999997,0,
2022-04-01,600368.XSHG,sell,17600,4.27,75151.99999999999,22.545599999999993,0,
2022-04-01,000429.XSHE,sell,200,7.91,1582.0,5.0,9500,
2022-04-01,002893.XSHE,sell,8000,8.36,66880.0,20.063999999999997,0,
2022-04-01,600969.XSHG,sell,9100,8.1,73710.0,22.113,0,
2022-04-01,601288.XSHG,sell,300,3.07,921.0,5.0,24200,
2022-04-01,601880.XSHG,sell,41200,1.72,70864.0,21.2592,0,
2022-04-01,600377.XSHG,sell,8200,8.4,68880.0,20.663999999999998,0,
2022-04-01,600017.XSHG,sell,25300,2.87,72611.0,21.783299999999997,0,
2022-04-01,000421.XSHE,sell,100,5.0,500.0,5.0,14600,
2022-04-01,600617.XSHG,sell,17200,4.34,74648.0,22.394399999999997,0,
2022-04-01,000900.XSHE,sell,16900,4.24,71656.0,21.496799999999997,0,
2022-04-01,601006.XSHG,sell,200,6.84,1368.0,5.0,11000,
2022-04-01,601368.XSHG,sell,13200,5.66,74712.0,22.4136,0,
2022-04-01,600035.XSHG,sell,22600,3.34,75484.0,22.6452,0,
2022-04-01,002807.XSHE,sell,500,4.21,2105.0,5.0,18200,
2022-04-01,600928.XSHG,sell,16600,3.92,65072.0,19.5216,0,
2022-04-01,601077.XSHG,sell,100,3.96,396.0,5.0,18600,
2022-04-01,601398.XSHG,sell,100,4.75,475.0,5.0,15300,
2022-04-01,601985.XSHG,sell,200,7.98,1596.0,5.0,9400,
2022-04-01,000755.XSHE,sell,15800,4.44,70152.0,21.045599999999997,0,
2022-04-01,600033.XSHG,sell,100,2.91,291.0,5.0,25200,
2022-04-01,601008.XSHG,sell,18500,4.16,76960.0,23.087999999999997,0,
2022-04-01,002040.XSHE,sell,11500,6.53,75095.0,22.528499999999998,0,
2022-04-01,601988.XSHG,sell,400,3.26,1304.0,5.0,23100,
2022-04-01,000582.XSHE,buy,3200,7.42,23744.0,7.1232,3200,
2022-04-01,001872.XSHE,buy,1500,15.49,23235.0,6.9704999999999995,1500,
2022-04-01,002267.XSHE,buy,3800,6.29,23902.0,7.170599999999999,3800,
2022-04-01,003816.XSHE,buy,1000,2.72,2720.0,5.0,24700,
2022-04-01,600012.XSHG,buy,3100,7.74,23994.0,7.198199999999999,3100,
2022-04-01,600350.XSHG,buy,4500,5.36,24120.0,7.236,4500,
2022-04-01,600681.XSHG,buy,4700,5.16,24252.0,7.275599999999999,4700,
2022-04-01,600795.XSHG,buy,9600,2.53,24287.999999999996,7.286399999999999,9600,
2022-04-01,600886.XSHG,buy,2600,9.29,24153.999999999996,7.246199999999998,2600,
2022-04-01,601228.XSHG,buy,7500,3.23,24225.0,7.267499999999999,7500,
2022-04-01,601229.XSHG,buy,300,6.6,1980.0,5.0,10300,
2022-04-01,601298.XSHG,buy,4300,5.55,23865.0,7.1594999999999995,4300,
2022-04-01,601326.XSHG,buy,8700,2.77,24099.0,7.229699999999999,8700,
2022-04-01,601939.XSHG,buy,3900,6.24,24336.0,7.3008,3900,
2022-04-06,000429.XSHE,sell,200,7.9,1580.0,5.0,9300,
2022-04-06,600717.XSHG,sell,400,4.5,1800.0,5.0,16500,
2022-04-06,601006.XSHG,sell,200,6.87,1374.0,5.0,10800,
2022-04-06,002807.XSHE,sell,1200,4.46,5352.0,5.0,17000,
2022-04-06,601077.XSHG,sell,200,4.02,803.9999999999999,5.0,18400,
2022-04-06,601985.XSHG,sell,100,7.95,795.0,5.0,9300,
2022-04-06,600033.XSHG,sell,100,2.94,294.0,5.0,25100,
2022-04-06,601288.XSHG,sell,200,3.07,614.0,5.0,24000,
2022-04-06,601988.XSHG,sell,500,3.28,1640.0,5.0,22600,
2022-04-06,000582.XSHE,buy,4200,7.68,32256.0,9.676799999999998,7400,
2022-04-06,001872.XSHE,buy,2000,15.98,31960.0,9.588,3500,
2022-04-06,002267.XSHE,buy,5200,6.29,32708.0,9.812399999999998,9000,
2022-04-06,003816.XSHE,buy,1500,2.73,4095.0,5.0,26200,
2022-04-06,600012.XSHG,buy,4100,7.9,32390.0,9.716999999999999,7200,
2022-04-06,600350.XSHG,buy,5900,5.51,32509.0,9.752699999999999,10400,
2022-04-06,600681.XSHG,buy,6200,5.24,32488.0,9.7464,10900,
2022-04-06,600795.XSHG,buy,12700,2.56,32512.0,9.753599999999999,22300,
2022-04-06,600886.XSHG,buy,3500,9.37,32795.0,9.8385,6100,
2022-04-06,601228.XSHG,buy,9700,3.34,32398.0,9.719399999999998,17200,
2022-04-06,601229.XSHG,buy,400,6.71,2684.0,5.0,10700,
2022-04-06,601298.XSHG,buy,5700,5.69,32433.000000000004,9.7299,10000,
2022-04-06,601326.XSHG,buy,11300,2.86,32318.0,9.6954,20000,
2022-04-06,601939.XSHG,buy,5200,6.28,32656.0,9.7968,9100,
2022-04-07,600717.XSHG,sell,100,4.54,454.0,5.0,16400,
2022-04-07,000421.XSHE,sell,500,5.26,2630.0,5.0,14100,
2022-04-07,601006.XSHG,sell,100,6.94,694.0,5.0,10700,
2022-04-07,002807.XSHE,sell,700,4.55,3185.0,5.0,16300,
2022-04-07,601077.XSHG,sell,200,4.09,818.0,5.0,18200,
2022-04-07,601985.XSHG,sell,100,8.05,805.0000000000001,5.0,9200,
2022-04-07,600033.XSHG,sell,400,3.01,1204.0,5.0,24700,
2022-04-07,601988.XSHG,sell,100,3.3,330.0,5.0,22500,
2022-04-07,000582.XSHE,buy,2200,7.74,17028.0,5.1084,9600,
2022-04-07,001872.XSHE,buy,1100,15.92,17512.0,5.2536,4600,
2022-04-07,002267.XSHE,buy,2500,6.43,16075.0,5.0,11500,
2022-04-07,003816.XSHE,buy,700,2.77,1939.0,5.0,26900,
2022-04-07,600012.XSHG,buy,2100,7.99,16779.0,5.0337,9300,
2022-04-07,600350.XSHG,buy,2800,5.64,15792.0,5.0,13200,
2022-04-07,600681.XSHG,buy,2900,5.38,15602.0,5.0,13800,
2022-04-07,600795.XSHG,buy,6800,2.56,17408.0,5.2223999999999995,29100,
2022-04-07,600886.XSHG,buy,1600,9.62,15391.999999999998,5.0,7700,
2022-04-07,601228.XSHG,buy,4600,3.41,15686.0,5.0,21800,
2022-04-07,601229.XSHG,buy,100,6.85,685.0,5.0,10800,
2022-04-07,601298.XSHG,buy,3000,5.7,17100.0,5.13,13000,
2022-04-07,601326.XSHG,buy,5600,2.91,16296.0,5.0,25600,
2022-04-07,601398.XSHG,buy,100,4.82,482.0,5.0,15400,
2022-04-07,601939.XSHG,buy,2600,6.34,16484.0,5.0,11700,
2022-07-01,600795.XSHG,sell,3400,3.92,13328.0,5.0,25700,
2022-07-01,600886.XSHG,sell,300,10.54,3161.9999999999995,5.0,7400,
2022-07-01,601228.XSHG,sell,21800,3.69,80442.0,24.132599999999996,0,
2022-07-01,000429.XSHE,sell,100,8.09,809.0,5.0,9200,
2022-07-01,600717.XSHG,sell,16400,4.01,65764.0,19.7292,0,
2022-07-01,000421.XSHE,sell,14100,4.78,67398.0,20.219399999999997,0,
2022-07-01,002267.XSHE,sell,11500,7.01,80615.0,24.184499999999996,0,
2022-07-01,002807.XSHE,sell,16300,4.55,74165.0,22.249499999999998,0,
2022-07-01,003816.XSHE,sell,100,2.8,280.0,5.0,26800,
2022-07-01,600681.XSHG,sell,13800,4.45,61410.0,18.423,0,
2022-07-01,601229.XSHG,sell,10800,6.55,70740.0,21.221999999999998,0,
2022-07-01,000582.XSHE,sell,9600,7.76,74496.0,22.348799999999997,0,
2022-07-01,000755.XSHE,buy,6000,4.14,24839.999999999996,7.451999999999998,6000,
2022-07-01,000883.XSHE,buy,4800,5.1,24480.0,7.343999999999999,4800,
2022-07-01,002608.XSHE,buy,3800,6.49,24662.0,7.398599999999999,3800,
2022-07-01,600012.XSHG,buy,200,7.46,1492.0,5.0,9500,
2022-07-01,600017.XSHG,buy,8100,3.04,24624.0,7.387199999999999,8100,
2022-07-01,600033.XSHG,buy,700,2.77,1939.0,5.0,25400,
2022-07-01,600035.XSHG,buy,7600,3.27,24852.0,7.4556,7600,
2022-07-01,600350.XSHG,buy,300,5.26,1578.0,5.0,13500,
2022-07-01,601000.XSHG,buy,9600,2.59,24864.0,7.459199999999999,9600,
2022-07-01,601006.XSHG,buy,200,6.61,1322.0,5.0,10900,
2022-07-01,601018.XSHG,buy,6300,3.91,24633.0,7.389899999999999,6300,
2022-07-01,601077.XSHG,buy,600,3.7,2220.0,5.0,18800,
2022-07-01,601169.XSHG,buy,5400,4.54,24516.0,7.354799999999999,5400,
2022-07-01,601288.XSHG,buy,200,3.02,604.0,5.0,24200,
2022-07-01,601298.XSHG,buy,200,5.48,1096.0,5.0,13200,
2022-07-01,601326.XSHG,buy,200,2.83,566.0,5.0,25800,
2022-07-01,601825.XSHG,buy,3900,6.28,24492.0,7.347599999999999,3900,
2022-07-01,601939.XSHG,buy,200,6.07,1214.0,5.0,11900,
2022-07-01,601985.XSHG,buy,500,6.88,3440.0,5.0,9700,
2022-07-01,601988.XSHG,buy,100,3.26,326.0,5.0,22600,
2022-07-01,601991.XSHG,buy,10200,2.42,24684.0,7.4052,10200,
2022-07-04,600795.XSHG,sell,4600,3.96,18216.0,5.464799999999999,21100,
2022-07-04,600886.XSHG,sell,300,10.7,3210.0,5.0,7100,
2022-07-04,000429.XSHE,sell,100,8.26,826.0,5.0,9100,
2022-07-04,003816.XSHE,sell,100,2.81,281.0,5.0,26700,
2022-07-04,000755.XSHE,buy,8200,4.09,33538.0,10.061399999999999,14200,
2022-07-04,000883.XSHE,buy,6300,5.22,32886.0,9.865799999999998,11100,
2022-07-04,001872.XSHE,buy,100,15.48,1548.0,5.0,4700,
2022-07-04,002608.XSHE,buy,5000,6.55,32750.0,9.825,8800,
2022-07-04,600012.XSHG,buy,300,7.52,2256.0,5.0,9800,
2022-07-04,600017.XSHG,buy,11100,3.02,33522.0,10.0566,19200,
2022-07-04,600033.XSHG,buy,1000,2.77,2770.0,5.0,26400,
2022-07-04,600035.XSHG,buy,10200,3.26,33252.0,9.975599999999998,17800,
2022-07-04,600350.XSHG,buy,400,5.26,2104.0,5.0,13900,
2022-07-04,601000.XSHG,buy,13000,2.57,33410.0,10.023,22600,
2022-07-04,601006.XSHG,buy,200,6.62,1324.0,5.0,11100,
2022-07-04,601018.XSHG,buy,8600,3.89,33454.0,10.0362,14900,
2022-07-04,601077.XSHG,buy,1000,3.69,3690.0,5.0,19800,
2022-07-04,601169.XSHG,buy,7400,4.53,33522.0,10.0566,12800,
2022-07-04,601288.XSHG,buy,400,3.01,1204.0,5.0,24600,
2022-07-04,601298.XSHG,buy,200,5.49,1098.0,5.0,13400,
2022-07-04,601326.XSHG,buy,500,2.82,1410.0,5.0,26300,
2022-07-04,601398.XSHG,buy,200,4.77,953.9999999999999,5.0,15600,
2022-07-04,601825.XSHG,buy,5300,6.32,33496.0,10.0488,9200,
2022-07-04,601939.XSHG,buy,200,6.09,1218.0,5.0,12100,
2022-07-04,601985.XSHG,buy,600,6.99,4194.0,5.0,10300,
2022-07-04,601988.XSHG,buy,200,3.27,654.0,5.0,22800,
2022-07-04,601991.XSHG,buy,13600,2.44,33184.0,9.9552,23800,
2022-07-05,600795.XSHG,sell,2500,4.04,10100.0,5.0,18600,
2022-07-05,600886.XSHG,sell,200,10.87,2174.0,5.0,6900,
2022-07-05,003816.XSHE,sell,600,2.88,1728.0,5.0,26100,
2022-07-05,000755.XSHE,buy,4100,4.11,16851.0,5.0553,18300,
2022-07-05,000883.XSHE,buy,3400,5.18,17612.0,5.2836,14500,
2022-07-05,001872.XSHE,buy,200,15.33,3066.0,5.0,4900,
2022-07-05,002608.XSHE,buy,2500,6.66,16650.0,5.0,11300,
2022-07-05,600012.XSHG,buy,300,7.45,2235.0,5.0,10100,
2022-07-05,600017.XSHG,buy,5300,3.07,16271.0,5.0,24500,
2022-07-05,600033.XSHG,buy,800,2.76,2208.0,5.0,27200,
2022-07-05,600035.XSHG,buy,5300,3.25,17225.0,5.1674999999999995,23100,
2022-07-05,600350.XSHG,buy,300,5.28,1584.0,5.0,14200,
2022-07-05,601000.XSHG,buy,6700,2.57,17219.0,5.165699999999999,29300,
2022-07-05,601006.XSHG,buy,200,6.65,1330.0,5.0,11300,
2022-07-05,601018.XSHG,buy,4200,3.93,16506.0,5.0,19100,
2022-07-05,601077.XSHG,buy,600,3.68,2208.0,5.0,20400,
2022-07-05,601169.XSHG,buy,3800,4.53,17214.0,5.164199999999999,16600,
2022-07-05,601288.XSHG,buy,300,3.02,906.0,5.0,24900,
2022-07-05,601298.XSHG,buy,200,5.51,1102.0,5.0,13600,
2022-07-05,601326.XSHG,buy,100,2.85,285.0,5.0,26400,
2022-07-05,601398.XSHG,buy,100,4.78,478.0,5.0,15700,
2022-07-05,601825.XSHG,buy,2700,6.31,17037.0,5.1110999999999995,11900,
2022-07-05,601939.XSHG,buy,200,6.11,1222.0,5.0,12300,
2022-07-05,601985.XSHG,buy,200,7.14,1428.0,5.0,10500,
2022-07-05,601988.XSHG,buy,100,3.29,329.0,5.0,22900,
2022-07-05,601991.XSHG,buy,5400,2.58,13932.0,5.0,29200,
2022-10-10,601000.XSHG,sell,29300,2.58,75594.0,22.678199999999997,0,
2022-10-10,600795.XSHG,sell,200,4.06,811.9999999999999,5.0,18400,
2022-10-10,600886.XSHG,sell,6900,10.74,74106.0,22.2318,0,
2022-10-10,601018.XSHG,sell,19100,3.65,69715.0,20.914499999999997,0,
2022-10-10,600350.XSHG,sell,200,5.43,1086.0,5.0,14000,
2022-10-10,002608.XSHE,sell,11300,5.82,65766.0,19.729799999999997,0,
2022-10-10,601006.XSHG,sell,100,6.7,670.0,5.0,11200,
2022-10-10,601991.XSHG,sell,29200,3.33,97236.0,29.170799999999996,0,
2022-10-10,601298.XSHG,sell,100,5.49,549.0,5.0,13500,
2022-10-10,601985.XSHG,sell,10500,5.85,61424.99999999999,18.427499999999995,0,
2022-10-10,000755.XSHE,sell,1400,5.2,7280.0,5.0,16900,
2022-10-10,000883.XSHE,sell,14500,4.39,63654.99999999999,19.096499999999995,0,
2022-10-10,000027.XSHE,buy,4300,5.61,24123.0,7.2368999999999994,4300,
2022-10-10,000429.XSHE,buy,300,7.31,2193.0,5.0,9400,
2022-10-10,000598.XSHE,buy,4900,4.99,24451.0,7.335299999999999,4900,
2022-10-10,003816.XSHE,buy,600,2.64,1584.0,5.0,26700,
2022-10-10,600008.XSHG,buy,9400,2.61,24534.0,7.360199999999999,9400,
2022-10-10,600012.XSHG,buy,300,6.67,2001.0,5.0,10400,
2022-10-10,600017.XSHG,buy,700,2.76,1931.9999999999998,5.0,25200,
2022-10-10,600717.XSHG,buy,6100,3.99,24339.0,7.301699999999999,6100,
2022-10-10,600719.XSHG,buy,5500,4.42,24310.0,7.292999999999999,5500,
2022-10-10,600803.XSHG,buy,1300,18.92,24596.000000000004,7.3788,1300,
2022-10-10,601008.XSHG,buy,6300,3.88,24444.0,7.3332,6300,
2022-10-10,601169.XSHG,buy,400,4.11,1644.0000000000002,5.0,17000,
2022-10-10,601288.XSHG,buy,300,2.85,855.0,5.0,25200,
2022-10-10,601326.XSHG,buy,300,2.68,804.0,5.0,26700,
2022-10-10,601398.XSHG,buy,400,4.35,1739.9999999999998,5.0,16100,
2022-10-10,601825.XSHG,buy,600,5.3,3180.0,5.0,12500,
2022-10-10,601939.XSHG,buy,300,5.5,1650.0,5.0,12600,
2022-10-10,601988.XSHG,buy,300,3.08,924.0,5.0,23200,
2022-10-11,600795.XSHG,sell,500,4.18,2090.0,5.0,17900,
2022-10-11,600350.XSHG,sell,300,5.45,1635.0,5.0,13700,
2022-10-11,601006.XSHG,sell,200,6.71,1342.0,5.0,11000,
2022-10-11,000755.XSHE,sell,1500,5.01,7515.0,5.0,15400,
2022-10-11,600033.XSHG,sell,200,2.74,548.0,5.0,27000,
2022-10-11,000027.XSHE,buy,5900,5.57,32863.0,9.858899999999998,10200,
2022-10-11,000429.XSHE,buy,400,7.32,2928.0,5.0,9800,
2022-10-11,000598.XSHE,buy,6600,4.96,32736.0,9.820799999999998,11500,
2022-10-11,003816.XSHE,buy,800,2.65,2120.0,5.0,27500,
2022-10-11,600008.XSHG,buy,12500,2.62,32750.0,9.825,21900,
2022-10-11,600012.XSHG,buy,300,6.75,2025.0,5.0,10700,
2022-10-11,600017.XSHG,buy,1100,2.75,3025.0,5.0,26300,
2022-10-11,600035.XSHG,buy,100,3.18,318.0,5.0,23200,
2022-10-11,600717.XSHG,buy,7900,4.1,32389.999999999996,9.716999999999999,14000,
2022-10-11,600719.XSHG,buy,7800,4.29,33462.0,10.038599999999999,13300,
2022-10-11,600803.XSHG,buy,1600,19.51,31216.000000000004,9.3648,2900,
2022-10-11,601008.XSHG,buy,8600,3.83,32938.0,9.8814,14900,
2022-10-11,601169.XSHG,buy,600,4.13,2478.0,5.0,17600,
2022-10-11,601288.XSHG,buy,300,2.87,861.0,5.0,25500,
2022-10-11,601298.XSHG,buy,200,5.36,1072.0,5.0,13700,
2022-10-11,601326.XSHG,buy,600,2.67,1602.0,5.0,27300,
2022-10-11,601398.XSHG,buy,500,4.36,2180.0,5.0,16600,
2022-10-11,601825.XSHG,buy,900,5.34,4806.0,5.0,13400,
2022-10-11,601939.XSHG,buy,500,5.52,2760.0,5.0,13100,
2022-10-11,601988.XSHG,buy,600,3.07,1842.0,5.0,23800,
2022-10-12,600795.XSHG,sell,1200,4.45,5340.0,5.0,16700,
2022-10-12,600350.XSHG,sell,300,5.53,1659.0,5.0,13400,
2022-10-12,601298.XSHG,sell,200,5.5,1100.0,5.0,13500,
2022-10-12,000755.XSHE,sell,700,5.05,3535.0,5.0,14700,
2022-10-12,000027.XSHE,buy,2700,5.76,15552.0,5.0,12900,
2022-10-12,000429.XSHE,buy,400,7.29,2916.0,5.0,10200,
2022-10-12,000598.XSHE,buy,3200,5.04,16128.0,5.0,14700,
2022-10-12,001872.XSHE,buy,200,14.36,2872.0,5.0,5100,
2022-10-12,003816.XSHE,buy,100,2.69,269.0,5.0,27600,
2022-10-12,600008.XSHG,buy,6200,2.64,16368.0,5.0,28100,
2022-10-12,600012.XSHG,buy,400,6.69,2676.0,5.0,11100,
2022-10-12,600017.XSHG,buy,700,2.75,1925.0,5.0,27000,
2022-10-12,600033.XSHG,buy,200,2.73,546.0,5.0,27200,
2022-10-12,600035.XSHG,buy,100,3.18,318.0,5.0,23300,
2022-10-12,600717.XSHG,buy,4300,4.06,17458.0,5.237399999999999,18300,
2022-10-12,600719.XSHG,buy,3900,4.3,16770.0,5.031,17200,
2022-10-12,600803.XSHG,buy,900,19.35,17415.0,5.2245,3800,
2022-10-12,601008.XSHG,buy,4200,3.88,16296.0,5.0,19100,
2022-10-12,601169.XSHG,buy,400,4.12,1648.0,5.0,18000,
2022-10-12,601288.XSHG,buy,400,2.87,1148.0,5.0,25900,
2022-10-12,601326.XSHG,buy,500,2.67,1335.0,5.0,27800,
2022-10-12,601398.XSHG,buy,400,4.37,1748.0,5.0,17000,
2022-10-12,601825.XSHG,buy,400,5.37,2148.0,5.0,13800,
2022-10-12,601939.XSHG,buy,300,5.52,1655.9999999999998,5.0,13400,
2022-10-12,601988.XSHG,buy,500,3.06,1530.0,5.0,24300,
2023-01-03,601169.XSHG,sell,18000,4.32,77760.0,23.328,0,
2023-01-03,600795.XSHG,sell,16700,4.27,71309.0,21.392699999999998,0,
2023-01-03,000429.XSHE,sell,200,7.92,1584.0,5.0,10000,
2023-01-03,600008.XSHG,sell,28100,2.84,79804.0,23.9412,0,
2023-01-03,600012.XSHG,sell,200,7.3,1460.0,5.0,10900,
2023-01-03,600017.XSHG,sell,27000,2.81,75870.0,22.761,0,
2023-01-03,000027.XSHE,sell,12900,6.17,79593.0,23.877899999999997,0,
2023-01-03,600803.XSHG,sell,3800,16.08,61103.99999999999,18.331199999999995,0,
2023-01-03,600035.XSHG,sell,200,3.39,678.0,5.0,23100,
2023-01-03,001872.XSHE,sell,5100,14.45,73695.0,22.1085,0,
2023-01-03,601825.XSHG,sell,300,5.9,1770.0,5.0,13500,
2023-01-03,000598.XSHE,sell,14700,4.91,72177.0,21.6531,0,
2023-01-03,601326.XSHG,sell,27800,2.73,75894.0,22.768199999999997,0,
2023-01-03,000755.XSHE,sell,100,5.33,533.0,5.0,14600,
2023-01-03,600033.XSHG,sell,300,2.9,870.0,5.0,26900,
2023-01-03,601008.XSHG,sell,19100,4.83,92253.0,27.6759,0,
2023-01-03,601988.XSHG,sell,100,3.17,317.0,5.0,24200,
2023-01-03,600719.XSHG,sell,17200,5.15,88580.0,26.573999999999998,0,
2023-01-03,000905.XSHE,buy,3500,7.23,25305.0,7.591499999999999,3500,
2023-01-03,002039.XSHE,buy,1600,15.22,24352.0,7.305599999999999,1600,
2023-01-03,003816.XSHE,buy,300,2.7,810.0,5.0,27900,
2023-01-03,600018.XSHG,buy,4700,5.36,25192.0,7.557599999999999,4700,
2023-01-03,600098.XSHG,buy,4600,5.55,25530.0,7.658999999999999,4600,
2023-01-03,600283.XSHG,buy,2100,12.17,25557.0,7.6671,2100,
2023-01-03,600461.XSHG,buy,3700,6.92,25604.0,7.6812,3700,
2023-01-03,600717.XSHG,buy,100,4.08,408.0,5.0,18400,
2023-01-03,600886.XSHG,buy,2300,10.84,24932.0,7.4796,2300,
2023-01-03,601000.XSHG,buy,9300,2.75,25575.0,7.672499999999999,9300,
2023-01-03,601006.XSHG,buy,100,6.68,668.0,5.0,11100,
2023-01-03,601077.XSHG,buy,400,3.53,1412.0,5.0,20800,
2023-01-03,601288.XSHG,buy,100,2.91,291.0,5.0,26000,
2023-01-03,601398.XSHG,buy,200,4.34,868.0,5.0,17200,
2023-01-03,601880.XSHG,buy,15800,1.62,25596.0,7.678799999999999,15800,
2023-01-03,601985.XSHG,buy,4200,6.01,25242.0,7.5725999999999996,4200,
2023-01-03,601997.XSHG,buy,4600,5.5,25300.0,7.589999999999999,4600,
2023-01-04,000429.XSHE,sell,100,7.76,776.0,5.0,9900,
2023-01-04,600350.XSHG,sell,200,5.86,1172.0,5.0,13200,
2023-01-04,600012.XSHG,sell,300,7.33,2199.0,5.0,10600,
2023-01-04,600035.XSHG,sell,200,3.38,676.0,5.0,22900,
2023-01-04,601825.XSHG,sell,300,5.88,1764.0,5.0,13200,
2023-01-04,000755.XSHE,sell,500,5.55,2775.0,5.0,14100,
2023-01-04,600033.XSHG,sell,300,2.91,873.0,5.0,26600,
2023-01-04,000905.XSHE,buy,4700,7.3,34310.0,10.293,8200,
2023-01-04,002039.XSHE,buy,2300,15.06,34638.0,10.391399999999999,3900,
2023-01-04,003816.XSHE,buy,300,2.72,816.0000000000001,5.0,28200,
2023-01-04,600018.XSHG,buy,6400,5.35,34240.0,10.271999999999998,11100,
2023-01-04,600098.XSHG,buy,6100,5.61,34221.0,10.2663,10700,
2023-01-04,600283.XSHG,buy,2700,12.42,33534.0,10.060199999999998,4800,
2023-01-04,600461.XSHG,buy,4900,6.98,34202.0,10.260599999999998,8600,
2023-01-04,600717.XSHG,buy,300,4.08,1224.0,5.0,18700,
2023-01-04,600886.XSHG,buy,3100,10.88,33728.0,10.1184,5400,
2023-01-04,601000.XSHG,buy,12500,2.75,34375.0,10.312499999999998,21800,
2023-01-04,601006.XSHG,buy,300,6.63,1989.0,5.0,11400,
2023-01-04,601077.XSHG,buy,600,3.54,2124.0,5.0,21400,
2023-01-04,601288.XSHG,buy,400,2.9,1160.0,5.0,26400,
2023-01-04,601298.XSHG,buy,200,5.58,1116.0,5.0,13700,
2023-01-04,601398.XSHG,buy,400,4.32,1728.0,5.0,17600,
2023-01-04,601880.XSHG,buy,21200,1.62,34344.0,10.303199999999999,37000,
2023-01-04,601939.XSHG,buy,200,5.63,1126.0,5.0,13600,
2023-01-04,601985.XSHG,buy,5600,6.08,34048.0,10.2144,9800,
2023-01-04,601988.XSHG,buy,100,3.16,316.0,5.0,24300,
2023-01-04,601997.XSHG,buy,6300,5.49,34587.0,10.3761,10900,
2023-01-05,000429.XSHE,sell,100,7.84,784.0,5.0,9800,
2023-01-05,600350.XSHG,sell,100,5.9,590.0,5.0,13100,
2023-01-05,600012.XSHG,sell,100,7.38,738.0,5.0,10500,
2023-01-05,601825.XSHG,sell,300,5.97,1791.0,5.0,12900,
2023-01-05,000755.XSHE,sell,200,5.56,1112.0,5.0,13900,
2023-01-05,600033.XSHG,sell,100,2.92,292.0,5.0,26500,
2023-01-05,601288.XSHG,sell,100,2.94,294.0,5.0,26300,
2023-01-05,601988.XSHG,sell,200,3.21,642.0,5.0,24100,
2023-01-05,000905.XSHE,buy,2400,7.3,17520.0,5.255999999999999,10600,
2023-01-05,002039.XSHE,buy,1200,15.16,18192.0,5.457599999999999,5100,
2023-01-05,003816.XSHE,buy,400,2.71,1084.0,5.0,28600,
2023-01-05,600018.XSHG,buy,3200,5.4,17280.0,5.183999999999999,14300,
2023-01-05,600098.XSHG,buy,3000,5.63,16890.0,5.066999999999999,13700,
2023-01-05,600283.XSHG,buy,1300,12.54,16301.999999999998,5.0,6100,
2023-01-05,600461.XSHG,buy,2400,7.0,16800.0,5.039999999999999,11000,
2023-01-05,600717.XSHG,buy,100,4.12,412.0,5.0,18800,
2023-01-05,600886.XSHG,buy,1700,10.87,18479.0,5.543699999999999,7100,
2023-01-05,601000.XSHG,buy,6400,2.75,17600.0,5.279999999999999,28200,
2023-01-05,601006.XSHG,buy,200,6.66,1332.0,5.0,11600,
2023-01-05,601077.XSHG,buy,300,3.57,1071.0,5.0,21700,
2023-01-05,601298.XSHG,buy,100,5.61,561.0,5.0,13800,
2023-01-05,601398.XSHG,buy,100,4.36,436.00000000000006,5.0,17700,
2023-01-05,601880.XSHG,buy,10800,1.62,17496.0,5.248799999999999,47800,
2023-01-05,601985.XSHG,buy,2900,6.07,17603.0,5.2809,12700,
2023-01-05,601997.XSHG,buy,3000,5.58,16740.0,5.021999999999999,13900,
2023-04-03,601000.XSHG,sell,28200,3.1,87420.0,26.226,0,
2023-04-03,601997.XSHG,sell,13900,5.51,76589.0,22.976699999999997,0,
2023-04-03,600886.XSHG,sell,7100,10.87,77177.0,23.1531,0,
2023-04-03,601939.XSHG,sell,100,5.93,593.0,5.0,13500,
2023-04-03,600350.XSHG,sell,100,6.14,614.0,5.0,13000,
2023-04-03,002039.XSHE,sell,5100,14.83,75633.0,22.689899999999998,0,
2023-04-03,600012.XSHG,sell_skipped,600,8.93,0.0,0.0,9900,paused
2023-04-03,600098.XSHG,sell,100,5.89,589.0,5.0,13600,
2023-04-03,601006.XSHG,sell,200,7.2,1440.0,5.0,11400,
2023-04-03,600461.XSHG,sell,11000,7.19,79090.0,23.726999999999997,0,
2023-04-03,601298.XSHG,sell,400,6.34,2536.0,5.0,13400,
2023-04-03,003816.XSHE,sell,28600,2.86,81796.0,24.5388,0,
2023-04-03,601985.XSHG,sell,100,6.37,637.0,5.0,12600,
2023-04-03,601288.XSHG,sell,200,3.11,622.0,5.0,26100,
2023-04-03,000905.XSHE,sell,10600,7.21,76426.0,22.927799999999998,0,
2023-04-03,601988.XSHG,sell,200,3.38,676.0,5.0,23900,
2023-04-03,000429.XSHE,buy,200,7.58,1516.0,5.0,10000,
2023-04-03,000755.XSHE,buy,100,5.52,552.0,5.0,14000,
2023-04-03,001872.XSHE,buy,1500,16.96,25440.0,7.632,1500,
2023-04-03,600017.XSHG,buy,9500,2.8,26600.0,7.9799999999999995,9500,
2023-04-03,600033.XSHG,buy,300,2.9,870.0,5.0,26800,
2023-04-03,600168.XSHG,buy,4300,6.06,26058.0,7.817399999999999,4300,
2023-04-03,600283.XSHG,buy,100,12.37,1237.0,5.0,6200,
2023-04-03,600377.XSHG,buy,3100,8.34,25854.0,7.7562,3100,
2023-04-03,600617.XSHG,buy,6500,4.08,26520.0,7.9559999999999995,6500,
2023-04-03,600681.XSHG,buy,6100,4.35,26534.999999999996,7.960499999999998,6100,
2023-04-03,600717.XSHG,buy,200,4.07,814.0,5.0,19000,
2023-04-03,600956.XSHG,buy,2800,9.35,26180.0,7.853999999999999,2800,
2023-04-03,601169.XSHG,buy,6000,4.41,26460.0,7.938,6000,
2023-04-03,601825.XSHG,buy,300,5.76,1728.0,5.0,13200,
2023-04-03,601880.XSHG,buy,600,1.61,966.0000000000001,5.0,48400,
2023-04-04,601939.XSHG,sell,100,5.95,595.0,5.0,13400,
2023-04-04,600350.XSHG,sell,200,6.25,1250.0,5.0,12800,
2023-04-04,600012.XSHG,sell_skipped,1100,8.93,0.0,0.0,9400,paused
2023-04-04,600098.XSHG,sell,100,5.95,595.0,5.0,13500,
2023-04-04,601006.XSHG,sell,300,7.24,2172.0,5.0,11100,
2023-04-04,600035.XSHG,sell,100,3.51,351.0,5.0,22800,
2023-04-04,601298.XSHG,sell,500,6.33,3165.0,5.0,12900,
2023-04-04,601985.XSHG,sell,100,6.4,640.0,5.0,12500,
2023-04-04,601288.XSHG,sell,200,3.1,620.0,5.0,25900,
2023-04-04,601988.XSHG,sell,100,3.37,337.0,5.0,23800,
2023-04-04,000429.XSHE,buy,300,7.63,2289.0,5.0,10300,
2023-04-04,000755.XSHE,buy,300,5.54,1662.0,5.0,14300,
2023-04-04,001872.XSHE,buy,2100,16.82,35322.0,10.596599999999999,3600,
2023-04-04,600017.XSHG,buy,12400,2.84,35216.0,10.564799999999998,21900,
2023-04-04,600018.XSHG,buy,200,5.48,1096.0,5.0,14500,
2023-04-04,600033.XSHG,buy,300,2.93,879.0,5.0,27100,
2023-04-04,600168.XSHG,buy,5800,6.12,35496.0,10.6488,10100,
2023-04-04,600283.XSHG,buy,100,12.43,1243.0,5.0,6300,
2023-04-04,600377.XSHG,buy,4300,8.33,35819.0,10.7457,7400,
2023-04-04,600617.XSHG,buy,8600,4.11,35346.0,10.6038,15100,
2023-04-04,600681.XSHG,buy,8200,4.34,35588.0,10.6764,14300,
2023-04-04,600717.XSHG,buy,300,4.09,1227.0,5.0,19300,
2023-04-04,600956.XSHG,buy,3800,9.36,35568.0,10.670399999999999,6600,
2023-04-04,601077.XSHG,buy,100,3.66,366.0,5.0,21800,
2023-04-04,601169.XSHG,buy,8000,4.43,35440.0,10.632,14000,
2023-04-04,601398.XSHG,buy,200,4.45,890.0,5.0,17900,
2023-04-04,601825.XSHG,buy,400,5.79,2316.0,5.0,13600,
2023-04-04,601880.XSHG,buy,900,1.61,1449.0,5.0,49300,
2023-04-06,601939.XSHG,sell,100,6.04,604.0,5.0,13300,
2023-04-06,600350.XSHG,sell,200,6.38,1276.0,5.0,12600,
2023-04-06,600012.XSHG,sell_skipped,1500,8.93,0.0,0.0,9000,paused
2023-04-06,600098.XSHG,sell,200,6.04,1208.0,5.0,13300,
2023-04-06,601006.XSHG,sell,100,7.3,730.0,5.0,11000,
2023-04-06,600035.XSHG,sell,100,3.55,355.0,5.0,22700,
2023-04-06,601298.XSHG,sell,400,6.43,2572.0,5.0,12500,
2023-04-06,601985.XSHG,sell,400,6.63,2652.0,5.0,12100,
2023-04-06,601288.XSHG,sell,300,3.15,945.0,5.0,25600,
2023-04-06,601988.XSHG,sell,200,3.42,684.0,5.0,23600,
2023-04-06,000429.XSHE,buy,200,7.69,1538.0,5.0,10500,
2023-04-06,000755.XSHE,buy,400,5.47,2188.0,5.0,14700,
2023-04-06,001872.XSHE,buy,900,17.93,16137.0,5.0,4500,
2023-04-06,600017.XSHG,buy,6500,2.84,18460.0,5.537999999999999,28400,
2023-04-06,600033.XSHG,buy,200,2.95,590.0,5.0,27300,
2023-04-06,600168.XSHG,buy,3100,6.08,18848.0,5.6544,13200,
2023-04-06,600283.XSHG,buy,200,12.26,2452.0,5.0,6500,
2023-04-06,600377.XSHG,buy,2100,8.43,17703.0,5.310899999999999,9500,
2023-04-06,600617.XSHG,buy,4600,4.08,18768.0,5.6304,19700,
2023-04-06,600681.XSHG,buy,4300,4.32,18576.0,5.572799999999999,18600,
2023-04-06,600717.XSHG,buy,200,4.13,826.0,5.0,19500,
2023-04-06,600956.XSHG,buy,2000,9.29,18580.0,5.574,8600,
2023-04-06,601077.XSHG,buy,100,3.68,368.0,5.0,21900,
2023-04-06,601169.XSHG,buy,4100,4.45,18245.0,5.4735,18100,
2023-04-06,601825.XSHG,buy,300,5.78,1734.0,5.0,13900,
2023-04-06,601880.XSHG,buy,800,1.61,1288.0,5.0,50100,
2023-07-03,601169.XSHG,sell,18100,4.64,83984.0,25.195199999999996,0,
2023-07-03,601939.XSHG,sell,13300,6.26,83258.0,24.9774,0,
2023-07-03,600717.XSHG,sell,19500,4.42,86190.0,25.857,0,
2023-07-03,600377.XSHG,sell,300,9.83,2949.0,5.0,9200,
2023-07-03,600012.XSHG,sell,800,10.55,8440.0,5.0,9700,
2023-07-03,600017.XSHG,sell,100,3.02,302.0,5.0,28300,
2023-07-03,600098.XSHG,sell,13300,6.18,82194.0,24.658199999999997,0,
2023-07-03,600283.XSHG,sell,6500,14.55,94575.0,28.3725,0,
2023-07-03,600956.XSHG,sell,8600,8.73,75078.0,22.5234,0,
2023-07-03,600168.XSHG,sell,13200,6.0,79200.0,23.759999999999998,0,
2023-07-03,600035.XSHG,sell,600,4.09,2454.0,5.0,22100,
2023-07-03,001872.XSHE,sell,4500,17.37,78165.0,23.449499999999997,0,
2023-07-03,601298.XSHG,sell,12500,7.4,92500.0,27.749999999999996,0,
2023-07-03,601398.XSHG,sell,17900,4.84,86636.0,25.990799999999997,0,
2023-07-03,601985.XSHG,sell,100,7.09,709.0,5.0,12000,
2023-07-03,000755.XSHE,sell,14700,4.88,71736.0,21.520799999999998,0,
2023-07-03,600681.XSHG,sell,18600,4.67,86862.0,26.0586,0,
2023-07-03,601288.XSHG,sell,25600,3.54,90624.0,27.187199999999997,0,
2023-07-03,601988.XSHG,sell,23600,3.92,92512.0,27.7536,0,
2023-07-03,000027.XSHE,buy,4300,6.58,28294.0,8.488199999999999,4300,
2023-07-03,000421.XSHE,buy,5200,5.41,28132.0,8.439599999999999,5200,
2023-07-03,000429.XSHE,buy,100,7.78,778.0,5.0,10600,
2023-07-03,000557.XSHE,buy,5300,5.29,28037.0,8.4111,5300,
2023-07-03,000883.XSHE,buy,6100,4.61,28121.000000000004,8.436300000000001,6100,
2023-07-03,002267.XSHE,buy,3500,7.95,27825.0,8.3475,3500,
2023-07-03,002807.XSHE,buy,7700,3.7,28490.0,8.546999999999999,7700,
2023-07-03,600018.XSHG,buy,600,5.24,3144.0,5.0,15100,
2023-07-03,600020.XSHG,buy,7700,3.7,28490.0,8.546999999999999,7700,
2023-07-03,600350.XSHG,buy,200,6.38,1276.0,5.0,12800,
2023-07-03,600642.XSHG,buy,4000,7.01,28040.0,8.411999999999999,4000,
2023-07-03,600908.XSHG,buy,5300,5.33,28249.0,8.474699999999999,5300,
2023-07-03,601006.XSHG,buy,100,7.43,743.0,5.0,11100,
2023-07-03,601018.XSHG,buy,8300,3.4,28220.0,8.466,8300,
2023-07-03,601077.XSHG,buy,600,3.59,2154.0,5.0,22500,
2023-07-03,601228.XSHG,buy,8800,3.24,28512.000000000004,8.553600000000001,8800,
2023-07-03,601229.XSHG,buy,4900,5.75,28175.0,8.452499999999999,4900,
2023-07-03,601825.XSHG,buy,500,5.46,2730.0,5.0,14400,
2023-07-03,601880.XSHG,buy,1400,1.57,2198.0,5.0,51500,
2023-07-03,601997.XSHG,buy,5500,5.16,28380.0,8.514,5500,
2023-07-03,603323.XSHG,buy,6700,4.21,28207.0,8.4621,6700,
2023-07-04,600377.XSHG,sell,400,9.89,3956.0,5.0,8800,
2023-07-04,600012.XSHG,sell,1100,10.49,11539.0,5.0,8600,
2023-07-04,600617.XSHG,sell,200,4.4,880.0000000000001,5.0,19500,
2023-07-04,600035.XSHG,sell,1000,4.15,4150.0,5.0,21100,
2023-07-04,000027.XSHE,buy,5700,6.63,37791.0,11.337299999999999,10000,
2023-07-04,000421.XSHE,buy,7100,5.41,38411.0,11.523299999999999,12300,
2023-07-04,000429.XSHE,buy,200,7.81,1562.0,5.0,10800,
2023-07-04,000557.XSHE,buy,7200,5.33,38376.0,11.512799999999999,12500,
2023-07-04,000883.XSHE,buy,8300,4.62,38346.0,11.503799999999998,14400,
2023-07-04,002267.XSHE,buy,4800,7.95,38160.0,11.447999999999999,8300,
2023-07-04,002807.XSHE,buy,10200,3.73,38046.0,11.413799999999998,17900,
2023-07-04,600017.XSHG,buy,300,2.98,894.0,5.0,28600,
2023-07-04,600018.XSHG,buy,800,5.25,4200.0,5.0,15900,
2023-07-04,600020.XSHG,buy,10200,3.71,37842.0,11.352599999999999,17900,
2023-07-04,600350.XSHG,buy,300,6.43,1929.0,5.0,13100,
2023-07-04,600642.XSHG,buy,5400,7.01,37854.0,11.3562,9400,
2023-07-04,600908.XSHG,buy,7100,5.35,37985.0,11.395499999999998,12400,
2023-07-04,601006.XSHG,buy,200,7.47,1494.0,5.0,11300,
2023-07-04,601018.XSHG,buy,11100,3.43,38073.0,11.421899999999999,19400,
2023-07-04,601077.XSHG,buy,500,3.67,1835.0,5.0,23000,
2023-07-04,601228.XSHG,buy,11700,3.24,37908.0,11.372399999999999,20500,
2023-07-04,601229.XSHG,buy,6500,5.82,37830.0,11.348999999999998,11400,
2023-07-04,601825.XSHG,buy,800,5.49,4392.0,5.0,15200,
2023-07-04,601880.XSHG,buy,2100,1.57,3297.0,5.0,53600,
2023-07-04,601997.XSHG,buy,7200,5.22,37584.0,11.2752,12700,
2023-07-04,603323.XSHG,buy,8800,4.29,37752.0,11.3256,15500,
2023-07-05,600377.XSHG,sell,200,9.82,1964.0,5.0,8600,
2023-07-05,600012.XSHG,sell,400,10.31,4124.0,5.0,8200,
2023-07-05,600617.XSHG,sell,300,4.42,1326.0,5.0,19200,
2023-07-05,600035.XSHG,sell,100,4.04,404.0,5.0,21000,
2023-07-05,000027.XSHE,buy,3000,6.52,19560.0,5.867999999999999,13000,
2023-07-05,000421.XSHE,buy,3100,5.5,17050.0,5.114999999999999,15400,
2023-07-05,000429.XSHE,buy,100,7.79,779.0,5.0,10900,
2023-07-05,000557.XSHE,buy,3600,5.28,19008.0,5.7024,16100,
2023-07-05,000883.XSHE,buy,4200,4.56,19152.0,5.7456,18600,
2023-07-05,002267.XSHE,buy,2500,7.88,19700.0,5.909999999999999,10800,
2023-07-05,002807.XSHE,buy,4900,3.72,18228.0,5.4684,22800,
2023-07-05,600017.XSHG,buy,300,2.94,882.0,5.0,28900,
2023-07-05,600018.XSHG,buy,300,5.23,1569.0000000000002,5.0,16200,
2023-07-05,600020.XSHG,buy,5300,3.66,19398.0,5.8194,23200,
2023-07-05,600033.XSHG,buy,100,3.1,310.0,5.0,27400,
2023-07-05,600350.XSHG,buy,400,6.3,2520.0,5.0,13500,
2023-07-05,600642.XSHG,buy,3000,6.83,20490.0,6.146999999999999,12400,
2023-07-05,600908.XSHG,buy,3600,5.32,19152.0,5.7456,16000,
2023-07-05,601006.XSHG,buy,100,7.41,741.0,5.0,11400,
2023-07-05,601018.XSHG,buy,5500,3.41,18755.0,5.626499999999999,24900,
2023-07-05,601077.XSHG,buy,200,3.66,732.0,5.0,23200,
2023-07-05,601228.XSHG,buy,5700,3.24,18468.0,5.540399999999999,26200,
2023-07-05,601229.XSHG,buy,3300,5.77,19041.0,5.7123,14700,
2023-07-05,601825.XSHG,buy,300,5.47,1641.0,5.0,15500,
2023-07-05,601880.XSHG,buy,1000,1.56,1560.0,5.0,54600,
2023-07-05,601985.XSHG,buy,100,7.03,703.0,5.0,12100,
2023-07-05,601997.XSHG,buy,3700,5.19,19203.0,5.7608999999999995,16400,
2023-07-05,603323.XSHG,buy,4400,4.28,18832.0,5.6495999999999995,19900,
2023-10-09,601997.XSHG,sell,16400,5.56,91184.0,27.355199999999996,0,
2023-10-09,601228.XSHG,sell,26200,3.23,84626.0,25.3878,0,
2023-10-09,000429.XSHE,sell,200,8.4,1680.0,5.0,10700,
2023-10-09,600350.XSHG,sell,13500,7.1,95850.0,28.755,0,
2023-10-09,600377.XSHG,sell,100,10.26,1026.0,5.0,8500,
2023-10-09,600012.XSHG,sell,8200,11.08,90856.0,27.2568,0,
2023-10-09,000557.XSHE,sell,16100,4.58,73738.0,22.121399999999998,0,
2023-10-09,000027.XSHE,sell,13000,6.37,82810.0,24.842999999999996,0,
2023-10-09,603323.XSHG,sell,100,4.44,444.00000000000006,5.0,19800,
2023-10-09,002267.XSHE,sell,10800,7.18,77544.0,23.263199999999998,0,
2023-10-09,601825.XSHG,sell,400,6.02,2408.0,5.0,15100,
2023-10-09,601077.XSHG,sell,500,3.97,1985.0,5.0,22700,
2023-10-09,600908.XSHG,sell,100,5.56,556.0,5.0,15900,
2023-10-09,601985.XSHG,sell,100,7.29,729.0,5.0,12000,
2023-10-09,000883.XSHE,sell,18600,4.36,81096.0,24.328799999999998,0,
2023-10-09,601229.XSHG,sell,200,6.13,1226.0,5.0,14500,
2023-10-09,600033.XSHG,sell,500,3.34,1670.0,5.0,26900,
2023-10-09,600018.XSHG,sell,16200,5.14,83268.0,24.9804,0,
2023-10-09,600642.XSHG,sell,12400,6.36,78864.0,23.6592,0,
2023-10-09,000407.XSHE,buy,7700,3.75,28875.0,8.6625,7700,
2023-10-09,000421.XSHE,buy,500,5.08,2540.0,5.0,15900,
2023-10-09,000582.XSHE,buy,3600,7.87,28332.0,8.4996,3600,
2023-10-09,000755.XSHE,buy,6100,4.75,28975.0,8.692499999999999,6100,
2023-10-09,000900.XSHE,buy,7000,4.15,29050.000000000004,8.715,7000,
2023-10-09,003816.XSHE,buy,9200,3.14,28888.0,8.6664,9200,
2023-10-09,600020.XSHG,buy,300,3.58,1074.0,5.0,23500,
2023-10-09,600035.XSHG,buy,300,3.95,1185.0,5.0,21300,
2023-10-09,600396.XSHG,buy,11100,2.6,28860.0,8.658,11100,
2023-10-09,600617.XSHG,buy,300,4.33,1299.0,5.0,19500,
2023-10-09,600717.XSHG,buy,6500,4.41,28665.0,8.599499999999999,6500,
2023-10-09,600969.XSHG,buy,4300,6.62,28466.0,8.5398,4300,
2023-10-09,601006.XSHG,buy,100,7.28,728.0,5.0,11500,
2023-10-09,601008.XSHG,buy,6400,4.52,28927.999999999996,8.678399999999998,6400,
2023-10-09,601018.XSHG,buy,100,3.44,344.0,5.0,25000,
2023-10-09,601166.XSHG,buy,1700,16.24,27607.999999999996,8.282399999999997,1700,
2023-10-09,601880.XSHG,buy,300,1.57,471.0,5.0,54900,
2023-10-10,000429.XSHE,sell,400,8.61,3444.0,5.0,10300,
2023-10-10,600377.XSHG,sell,200,10.48,2096.0,5.0,8300,
2023-10-10,601825.XSHG,sell,400,6.0,2400.0,5.0,14700,
2023-10-10,601077.XSHG,sell,800,4.03,3224.0,5.0,21900,
2023-10-10,600908.XSHG,sell,100,5.53,553.0,5.0,15800,
2023-10-10,601985.XSHG,sell,100,7.34,734.0,5.0,11900,
2023-10-10,601229.XSHG,sell,300,6.16,1848.0,5.0,14200,
2023-10-10,600033.XSHG,sell,400,3.31,1324.0,5.0,26500,
2023-10-10,000407.XSHE,buy,10500,3.71,38955.0,11.686499999999999,18200,
2023-10-10,000421.XSHE,buy,900,5.02,4518.0,5.0,16800,
2023-10-10,000582.XSHE,buy,5000,7.8,39000.0,11.7,8600,
2023-10-10,000755.XSHE,buy,8100,4.77,38637.0,11.591099999999999,14200,
2023-10-10,000900.XSHE,buy,9400,4.13,38822.0,11.6466,16400,
2023-10-10,002807.XSHE,buy,100,3.78,378.0,5.0,22900,
2023-10-10,003816.XSHE,buy,12100,3.18,38478.0,11.543399999999998,21300,
2023-10-10,600017.XSHG,buy,100,3.0,300.0,5.0,29000,
2023-10-10,600020.XSHG,buy,700,3.54,2478.0,5.0,24200,
2023-10-10,600035.XSHG,buy,700,3.9,2730.0,5.0,22000,
2023-10-10,600396.XSHG,buy,14900,2.6,38740.0,11.621999999999998,26000,
2023-10-10,600617.XSHG,buy,500,4.28,2140.0,5.0,20000,
2023-10-10,600717.XSHG,buy,8900,4.38,38982.0,11.6946,15400,
2023-10-10,600969.XSHG,buy,5900,6.58,38822.0,11.6466,10200,
2023-10-10,601006.XSHG,buy,300,7.26,2178.0,5.0,11800,
2023-10-10,601008.XSHG,buy,8500,4.53,38505.0,11.551499999999999,14900,
2023-10-10,601018.XSHG,buy,100,3.45,345.0,5.0,25100,
2023-10-10,601166.XSHG,buy,2400,16.3,39120.0,11.735999999999999,4100,
2023-10-10,601880.XSHG,buy,600,1.56,936.0,5.0,55500,
2023-10-11,000429.XSHE,sell,100,8.49,849.0,5.0,10200,
2023-10-11,603323.XSHG,sell,100,4.39,438.99999999999994,5.0,19700,
2023-10-11,601825.XSHG,sell,400,6.04,2416.0,5.0,14300,
2023-10-11,601077.XSHG,sell,700,4.07,2849.0,5.0,21200,
2023-10-11,600908.XSHG,sell,200,5.55,1110.0,5.0,15600,
2023-10-11,601985.XSHG,sell,200,7.39,1478.0,5.0,11700,
2023-10-11,601229.XSHG,sell,200,6.15,1230.0,5.0,14000,
2023-10-11,600033.XSHG,sell,100,3.28,328.0,5.0,26400,
2023-10-11,000407.XSHE,buy,5000,3.73,18650.0,5.595,23200,
2023-10-11,000421.XSHE,buy,400,5.02,2007.9999999999998,5.0,17200,
2023-10-11,000582.XSHE,buy,2900,7.5,21750.0,6.5249999999999995,11500,
2023-10-11,000755.XSHE,buy,4200,4.7,19740.0,5.922,18400,
2023-10-11,000900.XSHE,buy,4800,4.08,19584.0,5.8751999999999995,21200,
2023-10-11,003816.XSHE,buy,6300,3.13,19719.0,5.915699999999999,27600,
2023-10-11,600017.XSHG,buy,500,2.93,1465.0,5.0,29500,
2023-10-11,600020.XSHG,buy,500,3.5,1750.0,5.0,24700,
2023-10-11,600035.XSHG,buy,500,3.85,1925.0,5.0,22500,
2023-10-11,600396.XSHG,buy,7100,2.61,18531.0,5.5592999999999995,33100,
2023-10-11,600617.XSHG,buy,100,4.3,430.0,5.0,20100,
2023-10-11,600717.XSHG,buy,4800,4.28,20544.0,6.1632,20200,
2023-10-11,600969.XSHG,buy,3000,6.56,19680.0,5.904,13200,
2023-10-11,601006.XSHG,buy,100,7.25,725.0,5.0,11900,
2023-10-11,601008.XSHG,buy,5200,4.31,22411.999999999996,6.7235999999999985,20100,
2023-10-11,601018.XSHG,buy,300,3.4,1020.0,5.0,25400,
2023-10-11,601166.XSHG,buy,1200,16.31,19572.0,5.871599999999999,5300,
2024-01-02,601018.XSHG,sell,500,3.55,1775.0,5.0,24900,
2024-01-02,000429.XSHE,sell,100,8.46,846.0000000000001,5.0,10100,
2024-01-02,600020.XSHG,sell,500,3.68,1840.0,5.0,24200,
2024-01-02,600969.XSHG,sell,13200,6.5,85800.0,25.74,0,
2024-01-02,601880.XSHG,sell,55500,1.45,80475.0,24.1425,0,
2024-01-02,000421.XSHE,sell,17200,7.01,120572.0,36.1716,0,
2024-01-02,600396.XSHG,sell,33100,2.59,85729.0,25.7187,0,
2024-01-02,601166.XSHG,sell,5300,14.92,79076.0,23.7228,0,
2024-01-02,601006.XSHG,sell,100,7.19,719.0,5.0,11800,
2024-01-02,600035.XSHG,sell,100,3.83,383.0,5.0,22400,
2024-01-02,601077.XSHG,sell,100,4.08,408.0,5.0,21100,
2024-01-02,600908.XSHG,sell,15600,5.05,78780.0,23.633999999999997,0,
2024-01-02,003816.XSHE,sell,27600,3.11,85836.0,25.750799999999998,0,
2024-01-02,601985.XSHG,sell,11700,7.51,87867.0,26.3601,0,
2024-01-02,000407.XSHE,sell,23200,3.62,83984.0,25.195199999999996,0,
2024-01-02,000755.XSHE,sell,18400,4.56,83904.0,25.1712,0,
2024-01-02,601008.XSHG,sell,20100,4.07,81807.0,24.542099999999998,0,
2024-01-02,000582.XSHE,sell,100,7.52,752.0,5.0,11400,
2024-01-02,000027.XSHE,buy,4500,6.29,28305.0,8.491499999999998,4500,
2024-01-02,000692.XSHE,buy,8600,3.28,28208.0,8.462399999999999,8600,
2024-01-02,000791.XSHE,buy,5100,5.54,28254.0,8.476199999999999,5100,
2024-01-02,000900.XSHE,buy,100,3.92,392.0,5.0,21300,
2024-01-02,000905.XSHE,buy,3900,7.2,28080.0,8.424,3900,
2024-01-02,002039.XSHE,buy,2000,13.73,27460.0,8.238,2000,
2024-01-02,002807.XSHE,buy,300,3.55,1065.0,5.0,23200,
2024-01-02,600017.XSHG,buy,500,2.75,1375.0,5.0,30000,
2024-01-02,600033.XSHG,buy,300,3.1,930.0,5.0,26700,
2024-01-02,600350.XSHG,buy,4100,6.93,28413.0,8.5239,4100,
2024-01-02,600617.XSHG,buy,600,3.86,2316.0,5.0,20700,
2024-01-02,600717.XSHG,buy,200,4.1,819.9999999999999,5.0,20400,
2024-01-02,600795.XSHG,buy,6800,4.14,28151.999999999996,8.445599999999999,6800,
2024-01-02,601169.XSHG,buy,6200,4.53,28086.0,8.425799999999999,6200,
2024-01-02,601228.XSHG,buy,9000,3.13,28170.0,8.450999999999999,9000,
2024-01-02,601398.XSHG,buy,5900,4.78,28202.0,8.4606,5900,
2024-01-02,601825.XSHG,buy,100,5.74,574.0,5.0,14400,
2024-01-02,601991.XSHG,buy,11700,2.43,28431.000000000004,8.529300000000001,11700,
2024-01-02,603323.XSHG,buy,200,4.17,834.0,5.0,19900,
2024-01-03,601018.XSHG,sell,600,3.58,2148.0,5.0,24300,
2024-01-03,000429.XSHE,sell,100,8.55,855.0000000000001,5.0,10000,
2024-01-03,600020.XSHG,sell,800,3.73,2984.0,5.0,23400,
2024-01-03,600377.XSHG,sell,100,10.45,1045.0,5.0,8200,
2024-01-03,600035.XSHG,sell,300,3.9,1170.0,5.0,22100,
2024-01-03,601077.XSHG,sell,300,4.16,1248.0,5.0,20800,
2024-01-03,000582.XSHE,sell,100,7.59,759.0,5.0,11300,
2024-01-03,000027.XSHE,buy,6100,6.31,38491.0,11.547299999999998,10600,
2024-01-03,000692.XSHE,buy,11500,3.32,38180.0,11.453999999999999,20100,
2024-01-03,000791.XSHE,buy,6700,5.65,37855.0,11.356499999999999,11800,
2024-01-03,000900.XSHE,buy,300,3.95,1185.0,5.0,21600,
2024-01-03,000905.XSHE,buy,5300,7.25,38425.0,11.5275,9200,
2024-01-03,002039.XSHE,buy,2700,14.08,38016.0,11.4048,4700,
2024-01-03,002807.XSHE,buy,600,3.57,2142.0,5.0,23800,
2024-01-03,600017.XSHG,buy,800,2.76,2208.0,5.0,30800,
2024-01-03,600033.XSHG,buy,300,3.16,948.0,5.0,27000,
2024-01-03,600350.XSHG,buy,5200,7.16,37232.0,11.169599999999999,9300,
2024-01-03,600617.XSHG,buy,800,3.92,3136.0,5.0,21500,
2024-01-03,600717.XSHG,buy,200,4.15,830.0000000000001,5.0,20600,
2024-01-03,600795.XSHG,buy,8900,4.27,38002.99999999999,11.400899999999996,15700,
2024-01-03,601169.XSHG,buy,8400,4.55,38220.0,11.466,14600,
2024-01-03,601228.XSHG,buy,12100,3.16,38236.0,11.470799999999999,21100,
2024-01-03,601229.XSHG,buy,200,6.01,1202.0,5.0,14200,
2024-01-03,601398.XSHG,buy,8000,4.79,38320.0,11.495999999999999,13900,
2024-01-03,601825.XSHG,buy,300,5.77,1730.9999999999998,5.0,14700,
2024-01-03,601991.XSHG,buy,15100,2.5,37750.0,11.325,26800,
2024-01-03,603323.XSHG,buy,400,4.19,1676.0000000000002,5.0,20300,
2024-01-04,601018.XSHG,sell,400,3.63,1452.0,5.0,23900,
2024-01-04,000429.XSHE,sell,100,8.74,874.0,5.0,9900,
2024-01-04,600020.XSHG,sell,500,3.79,1895.0,5.0,22900,
2024-01-04,600377.XSHG,sell,200,10.76,2152.0,5.0,8000,
2024-01-04,600035.XSHG,sell,200,3.96,792.0,5.0,21900,
2024-01-04,600033.XSHG,sell,200,3.24,648.0,5.0,26800,
2024-01-04,000027.XSHE,buy,3000,6.37,19110.0,5.733,13600,
2024-01-04,000582.XSHE,buy,100,7.61,761.0,5.0,11400,
2024-01-04,000692.XSHE,buy,6600,3.26,21516.0,6.4548,26700,
2024-01-04,000791.XSHE,buy,3300,5.76,19008.0,5.7024,15100,
2024-01-04,000900.XSHE,buy,300,3.97,1191.0,5.0,21900,
2024-01-04,000905.XSHE,buy,2700,7.29,19683.0,5.9049,11900,
2024-01-04,002039.XSHE,buy,1400,14.27,19978.0,5.993399999999999,6100,
2024-01-04,002807.XSHE,buy,300,3.6,1080.0,5.0,24100,
2024-01-04,600017.XSHG,buy,600,2.77,1662.0,5.0,31400,
2024-01-04,600350.XSHG,buy,2700,7.25,19575.0,5.8725,12000,
2024-01-04,600617.XSHG,buy,400,3.97,1588.0,5.0,21900,
2024-01-04,600717.XSHG,buy,100,4.19,419.00000000000006,5.0,20700,
2024-01-04,600795.XSHG,buy,4100,4.38,17958.0,5.3873999999999995,19800,
2024-01-04,601006.XSHG,buy,100,7.31,731.0,5.0,11900,
2024-01-04,601169.XSHG,buy,4400,4.57,20108.0,6.032399999999999,19000,
2024-01-04,601228.XSHG,buy,6100,3.19,19459.0,5.8377,27200,
2024-01-04,601229.XSHG,buy,100,6.05,605.0,5.0,14300,
2024-01-04,601398.XSHG,buy,4000,4.84,19360.0,5.808,17900,
2024-01-04,601825.XSHG,buy,200,5.82,1164.0,5.0,14900,
2024-01-04,601991.XSHG,buy,6900,2.58,17802.0,5.340599999999999,33700,
2024-01-04,603323.XSHG,buy,300,4.21,1263.0,5.0,20600,
2024-04-01,601169.XSHG,sell,19000,5.69,108110.00000000001,32.433,0,
2024-04-01,600795.XSHG,sell,600,5.06,3035.9999999999995,5.0,19200,
2024-04-01,601018.XSHG,sell,23900,3.42,81738.0,24.521399999999996,0,
2024-04-01,601228.XSHG,sell,27200,3.55,96560.0,28.967999999999996,0,
2024-04-01,000429.XSHE,sell,300,10.01,3003.0,5.0,9600,
2024-04-01,600350.XSHG,sell,500,8.56,4280.0,5.0,11500,
2024-04-01,600377.XSHG,sell,100,11.56,1156.0,5.0,7900,
2024-04-01,600617.XSHG,sell,21900,3.35,73365.0,22.0095,0,
2024-04-01,002039.XSHE,sell,6100,15.95,97295.0,29.188499999999998,0,
2024-04-01,000027.XSHE,sell,300,7.11,2133.0,5.0,13300,
2024-04-01,601991.XSHG,sell,33700,2.95,99415.0,29.824499999999997,0,
2024-04-01,603323.XSHG,sell,100,4.51,451.0,5.0,20500,
2024-04-01,600035.XSHG,sell,400,4.43,1772.0,5.0,21500,
2024-04-01,601825.XSHG,sell,14900,6.79,101171.0,30.3513,0,
2024-04-01,601077.XSHG,sell,400,4.64,1855.9999999999998,5.0,20400,
2024-04-01,000791.XSHE,sell,15100,5.84,88184.0,26.455199999999998,0,
2024-04-01,601398.XSHG,sell,200,5.28,1056.0,5.0,17700,
2024-04-01,601229.XSHG,sell,300,6.73,2019.0000000000002,5.0,14000,
2024-04-01,000582.XSHE,sell,11400,7.92,90288.0,27.086399999999998,0,
2024-04-01,000905.XSHE,sell,11900,6.44,76636.0,22.990799999999997,0,
2024-04-01,000690.XSHE,buy,6000,5.04,30240.0,9.072,6000,
2024-04-01,000692.XSHE,buy,2800,2.6,7280.0,5.0,29500,
2024-04-01,000900.XSHE,buy,900,3.71,3339.0,5.0,22800,
2024-04-01,002807.XSHE,buy,100,3.75,375.0,5.0,24200,
2024-04-01,600000.XSHG,buy,4200,7.15,30030.0,9.008999999999999,4200,
2024-04-01,600017.XSHG,buy,600,2.76,1655.9999999999998,5.0,32000,
2024-04-01,600018.XSHG,buy,5600,5.39,30184.0,9.0552,5600,
2024-04-01,600020.XSHG,buy,400,3.76,1504.0,5.0,23300,
2024-04-01,600033.XSHG,buy,100,3.36,336.0,5.0,26900,
2024-04-01,600578.XSHG,buy,9100,3.36,30576.0,9.172799999999999,9100,
2024-04-01,600717.XSHG,buy,100,4.32,432.0,5.0,20800,
2024-04-01,600803.XSHG,buy,1500,19.37,29055.0,8.7165,1500,
2024-04-01,600886.XSHG,buy,2000,15.04,30080.0,9.024,2000,
2024-04-01,601006.XSHG,buy,100,7.34,734.0,5.0,12000,
2024-04-01,601187.XSHG,buy,5800,5.23,30334.000000000004,9.100200000000001,5800,
2024-04-01,601298.XSHG,buy,4100,7.38,30258.0,9.077399999999999,4100,
2024-04-01,601816.XSHG,buy,6000,5.03,30180.0,9.053999999999998,6000,
2024-04-01,601880.XSHG,buy,21800,1.4,30519.999999999996,9.155999999999999,21800,
2024-04-02,600795.XSHG,sell,500,4.92,2460.0,5.0,18700,
2024-04-02,000429.XSHE,sell,300,9.89,2967.0,5.0,9300,
2024-04-02,600350.XSHG,sell,200,8.17,1634.0,5.0,11300,
2024-04-02,000027.XSHE,sell,400,7.19,2876.0,5.0,12900,
2024-04-02,603323.XSHG,sell,400,4.58,1832.0,5.0,20100,
2024-04-02,600035.XSHG,sell,400,4.36,1744.0000000000002,5.0,21100,
2024-04-02,601077.XSHG,sell,500,4.64,2320.0,5.0,19900,
2024-04-02,002807.XSHE,sell,300,3.85,1155.0,5.0,23900,
2024-04-02,601398.XSHG,sell,300,5.29,1587.0,5.0,17400,
2024-04-02,601229.XSHG,sell,400,6.79,2716.0,5.0,13600,
2024-04-02,000690.XSHE,buy,8000,5.08,40640.0,12.191999999999998,14000,
2024-04-02,000692.XSHE,buy,4300,2.54,10922.0,5.0,33800,
2024-04-02,000900.XSHE,buy,1000,3.75,3750.0,5.0,23800,
2024-04-02,600000.XSHG,buy,5600,7.24,40544.0,12.1632,9800,
2024-04-02,600017.XSHG,buy,600,2.78,1667.9999999999998,5.0,32600,
2024-04-02,600018.XSHG,buy,7500,5.39,40425.0,12.1275,13100,
2024-04-02,600020.XSHG,buy,700,3.74,2618.0,5.0,24000,
2024-04-02,600033.XSHG,buy,300,3.34,1002.0,5.0,27200,
2024-04-02,600377.XSHG,buy,100,11.28,1128.0,5.0,8000,
2024-04-02,600578.XSHG,buy,12100,3.35,40535.0,12.160499999999999,21200,
2024-04-02,600717.XSHG,buy,100,4.36,436.00000000000006,5.0,20900,
2024-04-02,600803.XSHG,buy,2200,18.82,41404.0,12.421199999999999,3700,
2024-04-02,600886.XSHG,buy,2700,14.82,40014.0,12.004199999999999,4700,
2024-04-02,601006.XSHG,buy,200,7.37,1474.0,5.0,12200,
2024-04-02,601187.XSHG,buy,7600,5.28,40128.0,12.0384,13400,
2024-04-02,601298.XSHG,buy,5500,7.33,40315.0,12.094499999999998,9600,
2024-04-02,601816.XSHG,buy,8000,5.07,40560.0,12.168,14000,
2024-04-02,601880.XSHG,buy,28400,1.42,40328.0,12.0984,50200,
2024-04-03,600795.XSHG,sell,200,4.98,996.0000000000001,5.0,18500,
2024-04-03,000429.XSHE,sell,100,9.94,994.0,5.0,9200,
2024-04-03,600350.XSHG,sell,300,8.39,2517.0,5.0,11000,
2024-04-03,600717.XSHG,sell,100,4.43,443.0,5.0,20800,
2024-04-03,000027.XSHE,sell,300,7.29,2187.0,5.0,12600,
2024-04-03,600035.XSHG,sell,100,4.39,438.99999999999994,5.0,21000,
2024-04-03,601077.XSHG,sell,100,4.65,465.00000000000006,5.0,19800,
2024-04-03,601398.XSHG,sell,200,5.34,1068.0,5.0,17200,
2024-04-03,601229.XSHG,sell,100,6.81,681.0,5.0,13500,
2024-04-03,000690.XSHE,buy,4000,5.1,20400.0,6.119999999999999,18000,
2024-04-03,000692.XSHE,buy,1100,2.64,2904.0,5.0,34900,
2024-04-03,000900.XSHE,buy,100,3.86,386.0,5.0,23900,
2024-04-03,002807.XSHE,buy,100,3.84,384.0,5.0,24000,
2024-04-03,600000.XSHG,buy,2900,7.23,20967.0,6.2901,12700,
2024-04-03,600017.XSHG,buy,200,2.81,562.0,5.0,32800,
2024-04-03,600018.XSHG,buy,3700,5.49,20313.0,6.0939,16800,
2024-04-03,600020.XSHG,buy,300,3.79,1137.0,5.0,24300,
2024-04-03,600033.XSHG,buy,200,3.36,672.0,5.0,27400,
2024-04-03,600377.XSHG,buy,100,11.33,1133.0,5.0,8100,
2024-04-03,600578.XSHG,buy,5900,3.4,20060.0,6.018,27100,
2024-04-03,600803.XSHG,buy,1100,18.99,20889.0,6.266699999999999,4800,
2024-04-03,600886.XSHG,buy,1500,14.73,22095.0,6.6285,6200,
2024-04-03,601006.XSHG,buy,200,7.4,1480.0,5.0,12400,
2024-04-03,601187.XSHG,buy,4000,5.3,21200.0,6.359999999999999,17400,
2024-04-03,601298.XSHG,buy,2700,7.47,20169.0,6.050699999999999,12300,
2024-04-03,601816.XSHG,buy,4100,5.08,20828.0,6.248399999999999,18100,
2024-04-03,601880.XSHG,buy,14800,1.42,21016.0,6.304799999999999,65000,
2024-07-01,600795.XSHG,sell,700,5.96,4172.0,5.0,17800,
2024-07-01,600886.XSHG,sell,6200,18.25,113150.0,33.945,0,
2024-07-01,601187.XSHG,sell,17400,5.33,92742.0,27.822599999999998,0,
2024-07-01,601880.XSHG,sell,65000,1.24,80600.0,24.179999999999996,0,
2024-07-01,600377.XSHG,sell,200,12.61,2522.0,5.0,7900,
2024-07-01,600578.XSHG,sell,27100,3.23,87533.0,26.2599,0,
2024-07-01,601006.XSHG,sell,12400,7.16,88784.0,26.635199999999998,0,
2024-07-01,603323.XSHG,sell,20100,4.8,96480.0,28.944,0,
2024-07-01,600000.XSHG,sell,300,8.22,2466.0,5.0,12400,
2024-07-01,601077.XSHG,sell,100,5.01,501.0,5.0,19700,
2024-07-01,000690.XSHE,sell,18000,5.1,91800.0,27.54,0,
2024-07-01,601298.XSHG,sell,12300,9.57,117711.0,35.3133,0,
2024-07-01,601229.XSHG,sell,13500,7.28,98280.0,29.483999999999998,0,
2024-07-01,000692.XSHE,sell,34900,3.03,105747.0,31.724099999999996,0,
2024-07-01,600803.XSHG,sell,4800,20.8,99840.0,29.951999999999998,0,
2024-07-01,000027.XSHE,buy,200,7.3,1460.0,5.0,12800,
2024-07-01,000539.XSHE,buy,6400,5.08,32512.0,9.753599999999999,6400,
2024-07-01,000883.XSHE,buy,5400,5.99,32346.0,9.7038,5400,
2024-07-01,000900.XSHE,buy,900,3.67,3303.0,5.0,24800,
2024-07-01,002807.XSHE,buy,600,3.77,2262.0,5.0,24600,
2024-07-01,600011.XSHG,buy,3300,9.63,31779.000000000004,9.5337,3300,
2024-07-01,600017.XSHG,buy,1200,2.68,3216.0,5.0,34000,
2024-07-01,600020.XSHG,buy,1100,3.54,3894.0,5.0,25400,
2024-07-01,600021.XSHG,buy,3300,9.85,32505.0,9.751499999999998,3300,
2024-07-01,600033.XSHG,buy,600,3.35,2010.0,5.0,28000,
2024-07-01,600035.XSHG,buy,600,4.26,2556.0,5.0,21600,
2024-07-01,600717.XSHG,buy,700,4.27,2988.9999999999995,5.0,21500,
2024-07-01,600908.XSHG,buy,6100,5.29,32269.0,9.6807,6100,
2024-07-01,601008.XSHG,buy,9500,3.42,32490.0,9.747,9500,
2024-07-01,601018.XSHG,buy,9600,3.4,32640.0,9.792,9600,
2024-07-01,601169.XSHG,buy,5500,5.84,32120.0,9.636,5500,
2024-07-01,601326.XSHG,buy,10300,3.17,32651.0,9.7953,10300,
2024-07-01,601939.XSHG,buy,4400,7.4,32560.0,9.767999999999999,4400,
2024-07-01,601991.XSHG,buy,10800,3.0,32400.0,9.719999999999999,10800,
2024-07-02,600795.XSHG,sell,900,6.01,5409.0,5.0,16900,
2024-07-02,600377.XSHG,sell,200,12.95,2590.0,5.0,7700,
2024-07-02,600000.XSHG,sell,300,8.27,2481.0,5.0,12100,
2024-07-02,601077.XSHG,sell,100,5.06,505.99999999999994,5.0,19600,
2024-07-02,601398.XSHG,sell,200,5.82,1164.0,5.0,17000,
2024-07-02,000027.XSHE,buy,400,7.4,2960.0,5.0,13200,
2024-07-02,000429.XSHE,buy,100,10.48,1048.0,5.0,9300,
2024-07-02,000539.XSHE,buy,8400,5.19,43596.0,13.0788,14800,
2024-07-02,000883.XSHE,buy,7100,6.14,43594.0,13.078199999999999,12500,
2024-07-02,000900.XSHE,buy,1200,3.72,4464.0,5.0,26000,
2024-07-02,002807.XSHE,buy,900,3.82,3438.0,5.0,25500,
2024-07-02,600011.XSHG,buy,4500,9.76,43920.0,13.175999999999998,7800,
2024-07-02,600017.XSHG,buy,1800,2.7,4860.0,5.0,35800,
2024-07-02,600020.XSHG,buy,1300,3.61,4693.0,5.0,26700,
2024-07-02,600021.XSHG,buy,4200,10.18,42756.0,12.826799999999999,7500,
2024-07-02,600033.XSHG,buy,600,3.43,2058.0,5.0,28600,
2024-07-02,600035.XSHG,buy,700,4.35,3044.9999999999995,5.0,22300,
2024-07-02,600717.XSHG,buy,900,4.32,3888.0000000000005,5.0,22400,
2024-07-02,600908.XSHG,buy,8000,5.46,43680.0,13.104,14100,
2024-07-02,601008.XSHG,buy,12500,3.51,43875.0,13.1625,22000,
2024-07-02,601018.XSHG,buy,12600,3.47,43722.0,13.116599999999998,22200,
2024-07-02,601169.XSHG,buy,7500,5.88,44100.0,13.229999999999999,13000,
2024-07-02,601326.XSHG,buy,13600,3.23,43928.0,13.178399999999998,23900,
2024-07-02,601939.XSHG,buy,5800,7.55,43790.0,13.136999999999999,10200,
2024-07-02,601991.XSHG,buy,14000,3.11,43540.0,13.062,24800,
2024-07-03,600795.XSHG,sell,400,6.05,2420.0,5.0,16500,
2024-07-03,600377.XSHG,sell,100,13.1,1310.0,5.0,7600,
2024-07-03,600000.XSHG,sell,400,8.53,3411.9999999999995,5.0,11700,
2024-07-03,601077.XSHG,sell,200,5.16,1032.0,5.0,19400,
2024-07-03,601398.XSHG,sell,200,5.96,1192.0,5.0,16800,
2024-07-03,600018.XSHG,sell,100,5.99,599.0,5.0,16700,
2024-07-03,000027.XSHE,buy,300,7.4,2220.0,5.0,13500,
2024-07-03,000429.XSHE,buy,100,10.58,1058.0,5.0,9400,
2024-07-03,000539.XSHE,buy,4500,5.18,23310.0,6.992999999999999,19300,
2024-07-03,000883.XSHE,buy,3700,6.15,22755.0,6.826499999999999,16200,
2024-07-03,000900.XSHE,buy,500,3.77,1885.0,5.0,26500,
2024-07-03,002807.XSHE,buy,300,3.87,1161.0,5.0,25800,
2024-07-03,600011.XSHG,buy,2400,9.79,23495.999999999996,7.048799999999998,10200,
2024-07-03,600017.XSHG,buy,1000,2.72,2720.0,5.0,36800,
2024-07-03,600020.XSHG,buy,600,3.66,2196.0,5.0,27300,
2024-07-03,600021.XSHG,buy,2400,10.11,24264.0,7.2791999999999994,9900,
2024-07-03,600033.XSHG,buy,200,3.47,694.0,5.0,28800,
2024-07-03,600035.XSHG,buy,500,4.39,2195.0,5.0,22800,
2024-07-03,600350.XSHG,buy,100,8.99,899.0,5.0,11100,
2024-07-03,600717.XSHG,buy,500,4.37,2185.0,5.0,22900,
2024-07-03,600908.XSHG,buy,4000,5.53,22120.0,6.635999999999999,18100,
2024-07-03,601008.XSHG,buy,6200,3.55,22010.0,6.603,28200,
2024-07-03,601018.XSHG,buy,6400,3.5,22400.0,6.72,28600,
2024-07-03,601169.XSHG,buy,3700,5.98,22126.0,6.6377999999999995,16700,
2024-07-03,601326.XSHG,buy,6600,3.28,21648.0,6.4944,30500,
2024-07-03,601939.XSHG,buy,2800,7.68,21504.0,6.451199999999999,13000,
2024-07-03,601991.XSHG,buy,7100,3.14,22294.0,6.688199999999999,31900,
2024-10-08,601169.XSHG,sell,16700,6.25,104375.0,31.312499999999996,0,
2024-10-08,601816.XSHG,sell,300,6.6,1980.0,5.0,17800,
2024-10-08,601018.XSHG,sell,500,4.2,2100.0,5.0,28100,
2024-10-08,000429.XSHE,sell,100,12.25,1225.0,5.0,9300,
2024-10-08,600020.XSHG,sell,900,4.65,4185.0,5.0,26400,
2024-10-08,601939.XSHG,sell,13000,8.35,108550.0,32.565,0,
2024-10-08,600377.XSHG,sell,100,15.6,1560.0,5.0,7500,
2024-10-08,600717.XSHG,sell,700,5.49,3843.0,5.0,22200,
2024-10-08,600017.XSHG,sell,1200,3.44,4128.0,5.0,35600,
2024-10-08,000900.XSHE,sell,26500,4.67,123755.0,37.1265,0,
2024-10-08,601991.XSHG,sell,31900,3.26,103994.0,31.198199999999996,0,
2024-10-08,600000.XSHG,sell,11700,10.88,127296.00000000001,38.1888,0,
2024-10-08,002807.XSHE,sell,500,4.7,2350.0,5.0,25300,
2024-10-08,600908.XSHG,sell,300,6.66,1998.0,5.0,17800,
2024-10-08,000883.XSHE,sell,16200,5.87,95094.0,28.5282,0,
2024-10-08,601326.XSHG,sell,600,3.98,2388.0,5.0,29900,
2024-10-08,600011.XSHG,sell,10200,8.45,86190.0,25.857,0,
2024-10-08,600033.XSHG,sell,300,4.11,1233.0,5.0,28500,
2024-10-08,601008.XSHG,sell,28200,4.28,120696.0,36.2088,0,
2024-10-08,600018.XSHG,sell,16700,7.1,118570.0,35.571,0,
2024-10-08,000027.XSHE,buy_skipped,400,7.69,0.0,0.0,13900,high_limit
2024-10-08,000539.XSHE,buy,500,5.51,2755.0,5.0,19800,
2024-10-08,000601.XSHE,buy,8300,4.57,37931.0,11.379299999999999,8300,
2024-10-08,000828.XSHE,buy_skipped,3100,12.23,0.0,0.0,3100,high_limit
2024-10-08,000905.XSHE,buy,5400,7.03,37962.0,11.388599999999999,5400,
2024-10-08,600021.XSHG,buy,300,10.58,3174.0,5.0,10200,
2024-10-08,600035.XSHG,buy,400,4.75,1900.0,5.0,23200,
2024-10-08,600350.XSHG,buy,100,9.91,991.0,5.0,11200,
2024-10-08,600681.XSHG,buy,9400,4.05,38070.0,11.421,9400,
2024-10-08,600795.XSHG,buy,800,6.0,4800.0,5.0,17300,
2024-10-08,600803.XSHG,buy,1700,22.48,38216.0,11.464799999999999,1700,
2024-10-08,601166.XSHG,buy,1800,21.0,37800.0,11.34,1800,
2024-10-08,601398.XSHG,buy,200,6.5,1300.0,5.0,17000,
2024-10-08,601818.XSHG,buy,9800,3.89,38122.0,11.436599999999999,9800,
2024-10-08,601880.XSHG,buy,23400,1.63,38142.0,11.442599999999999,23400,
2024-10-08,601988.XSHG,buy,7200,5.3,38160.0,11.447999999999999,7200,
2024-10-09,601018.XSHG,sell,500,3.92,1960.0,5.0,27600,
2024-10-09,600020.XSHG,sell,800,4.25,3400.0,5.0,25600,
2024-10-09,600717.XSHG,sell,800,5.1,4079.9999999999995,5.0,21400,
2024-10-09,600017.XSHG,sell,1100,3.16,3476.0,5.0,34500,
2024-10-09,002807.XSHE,sell,300,4.32,1296.0,5.0,25000,
2024-10-09,600908.XSHG,sell,200,6.1,1220.0,5.0,17600,
2024-10-09,601326.XSHG,sell,700,3.72,2604.0,5.0,29200,
2024-10-09,000027.XSHE,buy,400,7.61,3044.0,5.0,13900,
2024-10-09,000429.XSHE,buy,300,11.02,3306.0,5.0,9600,
2024-10-09,000539.XSHE,buy,1000,5.04,5040.0,5.0,20800,
2024-10-09,000601.XSHE,buy,11500,4.2,48300.0,14.489999999999998,19800,
2024-10-09,000828.XSHE,buy,6200,11.5,71300.0,21.389999999999997,6200,
2024-10-09,000905.XSHE,buy,7200,6.58,47376.0,14.212799999999998,12600,
2024-10-09,600021.XSHG,buy,700,9.49,6643.0,5.0,10900,
2024-10-09,600033.XSHG,buy,200,3.72,744.0,5.0,28700,
2024-10-09,600035.XSHG,buy,1000,4.34,4340.0,5.0,24200,
2024-10-09,600350.XSHG,buy,500,8.9,4450.0,5.0,11700,
2024-10-09,600377.XSHG,buy,200,13.64,2728.0,5.0,7700,
2024-10-09,600681.XSHG,buy,12800,3.75,48000.0,14.399999999999999,22200,
2024-10-09,600795.XSHG,buy,1800,5.35,9630.0,5.0,19100,
2024-10-09,600803.XSHG,buy,2100,21.6,45360.0,13.607999999999999,3800,
2024-10-09,601077.XSHG,buy,500,5.32,2660.0,5.0,19900,
2024-10-09,601166.XSHG,buy,2300,19.91,45793.0,13.737899999999998,4100,
2024-10-09,601398.XSHG,buy,400,6.06,2424.0,5.0,17400,
2024-10-09,601816.XSHG,buy,200,5.9,1180.0,5.0,18000,
2024-10-09,601818.XSHG,buy,13100,3.64,47684.0,14.3052,22900,
2024-10-09,601880.XSHG,buy,31800,1.51,48018.0,14.405399999999998,55200,
2024-10-09,601988.XSHG,buy,9600,4.95,47520.0,14.255999999999998,16800,
2024-10-10,601816.XSHG,sell,200,5.75,1150.0,5.0,17800,
2024-10-10,600017.XSHG,sell,200,2.99,598.0,5.0,34300,
2024-10-10,000027.XSHE,sell,600,7.7,4620.0,5.0,13300,
2024-10-10,600908.XSHG,sell,200,5.88,1176.0,5.0,17400,
2024-10-10,601398.XSHG,sell,500,6.05,3025.0,5.0,16900,
2024-10-10,601326.XSHG,sell,500,3.57,1785.0,5.0,28700,
2024-10-10,000429.XSHE,buy,100,10.51,1051.0,5.0,9700,
2024-10-10,000539.XSHE,buy,500,4.82,2410.0,5.0,21300,
2024-10-10,000601.XSHE,buy,5900,3.99,23541.0,7.0623,25700,
2024-10-10,000828.XSHE,buy,3100,10.95,33945.0,10.183499999999999,9300,
2024-10-10,000905.XSHE,buy,3900,6.22,24258.0,7.277399999999999,16500,
2024-10-10,002807.XSHE,buy,100,4.08,408.0,5.0,25100,
2024-10-10,600020.XSHG,buy,300,3.96,1188.0,5.0,25900,
2024-10-10,600021.XSHG,buy,400,9.05,3620.0000000000005,5.0,11300,
2024-10-10,600033.XSHG,buy,400,3.52,1408.0,5.0,29100,
2024-10-10,600035.XSHG,buy,800,4.1,3279.9999999999995,5.0,25000,
2024-10-10,600350.XSHG,buy,400,8.44,3376.0,5.0,12100,
2024-10-10,600377.XSHG,buy,300,12.72,3816.0,5.0,8000,
2024-10-10,600681.XSHG,buy,7300,3.48,25404.0,7.621199999999999,29500,
2024-10-10,600717.XSHG,buy,300,4.73,1419.0000000000002,5.0,21700,
2024-10-10,600795.XSHG,buy,800,5.16,4128.0,5.0,19900,
2024-10-10,600803.XSHG,buy,1400,19.67,27538.000000000004,8.2614,5200,
2024-10-10,601018.XSHG,buy,700,3.62,2534.0,5.0,28300,
2024-10-10,601077.XSHG,buy,100,5.12,512.0,5.0,20000,
2024-10-10,601166.XSHG,buy,1300,18.91,24583.0,7.374899999999999,5400,
2024-10-10,601818.XSHG,buy,6800,3.45,23460.0,7.037999999999999,29700,
2024-10-10,601880.XSHG,buy,17100,1.42,24282.0,7.284599999999999,72300,
2024-10-10,601988.XSHG,buy,4400,4.84,21296.0,6.3888,21200,
2025-01-02,601816.XSHG,sell,17800,6.17,109826.0,32.947799999999994,0,
2025-01-02,000429.XSHE,sell,700,14.52,10164.0,5.0,9000,
2025-01-02,601880.XSHG,sell,72300,1.73,125079.0,37.5237,0,
2025-01-02,600350.XSHG,sell,12100,10.32,124872.0,37.4616,0,
2025-01-02,600377.XSHG,sell,300,15.4,4620.0,5.0,7700,
2025-01-02,000601.XSHE,sell,25700,4.05,104085.0,31.225499999999997,0,
2025-01-02,000027.XSHE,sell,13300,6.46,85918.0,25.775399999999998,0,
2025-01-02,601166.XSHG,sell,5400,19.21,103734.0,31.120199999999997,0,
2025-01-02,600021.XSHG,sell,11300,9.17,103621.0,31.086299999999998,0,
2025-01-02,600035.XSHG,sell,400,4.61,1844.0000000000002,5.0,24600,
2025-01-02,601077.XSHG,sell,20000,6.05,121000.0,36.3,0,
2025-01-02,601818.XSHG,sell,400,3.87,1548.0,5.0,29300,
2025-01-02,601988.XSHG,sell,21200,5.51,116812.0,35.0436,0,
2025-01-02,601398.XSHG,sell,16900,6.91,116779.0,35.033699999999996,0,
2025-01-02,600681.XSHG,sell,29500,3.48,102660.0,30.798,0,
2025-01-02,600033.XSHG,sell,200,3.87,774.0,5.0,28900,
2025-01-02,000905.XSHE,sell,300,7.03,2109.0,5.0,16200,
2025-01-02,600803.XSHG,sell,5200,21.67,112684.00000000001,33.8052,0,
2025-01-02,000539.XSHE,buy,1000,4.54,4540.0,5.0,22300,
2025-01-02,000828.XSHE,buy,300,10.7,3210.0,5.0,9600,
2025-01-02,000900.XSHE,buy,8300,4.41,36603.0,10.980899999999998,8300,
2025-01-02,002039.XSHE,buy,2400,15.26,36624.0,10.9872,2400,
2025-01-02,002966.XSHE,buy,4500,8.12,36540.0,10.962,4500,
2025-01-02,600098.XSHG,buy,5700,6.42,36594.0,10.9782,5700,
2025-01-02,600717.XSHG,buy,300,4.87,1461.0,5.0,22000,
2025-01-02,600744.XSHG,buy,11800,3.12,36816.0,11.044799999999999,11800,
2025-01-02,600795.XSHG,buy,1300,4.59,5967.0,5.0,21200,
2025-01-02,600908.XSHG,buy,400,5.92,2368.0,5.0,17800,
2025-01-02,600969.XSHG,buy,5700,6.41,36537.0,10.961099999999998,5700,
2025-01-02,601006.XSHG,buy,5400,6.78,36612.0,10.9836,5400,
2025-01-02,601018.XSHG,buy,100,3.85,385.0,5.0,28400,
2025-01-02,601228.XSHG,buy,10800,3.38,36504.0,10.951199999999998,10800,
2025-01-02,601326.XSHG,buy,1400,3.35,4690.0,5.0,30100,
2025-01-02,601528.XSHG,buy,6500,5.63,36595.0,10.978499999999999,6500,
2025-01-02,601825.XSHG,buy,4300,8.51,36593.0,10.977899999999998,4300,
2025-01-02,601991.XSHG,buy,12900,2.84,36636.0,10.990799999999998,12900,
2025-01-02,601997.XSHG,buy,6100,6.01,36661.0,10.998299999999999,6100,
2025-01-03,000429.XSHE,sell,700,13.52,9464.0,5.0,8300,
2025-01-03,600377.XSHG,sell,500,15.42,7710.0,5.0,7200,
2025-01-03,600035.XSHG,sell,400,4.5,1800.0,5.0,24200,
2025-01-03,601818.XSHG,sell,300,3.75,1125.0,5.0,29000,
2025-01-03,600033.XSHG,sell,500,3.83,1915.0,5.0,28400,
2025-01-03,000905.XSHE,sell,500,6.96,3480.0,5.0,15700,
2025-01-03,000539.XSHE,buy,1500,4.39,6584.999999999999,5.0,23800,
2025-01-03,000828.XSHE,buy,500,10.38,5190.0,5.0,10100,
2025-01-03,000900.XSHE,buy,11200,4.31,48271.99999999999,14.481599999999997,19500,
2025-01-03,002039.XSHE,buy,3200,14.9,47680.0,14.303999999999998,5600,
2025-01-03,002807.XSHE,buy,300,4.23,1269.0000000000002,5.0,25400,
2025-01-03,002966.XSHE,buy,6100,7.91,48251.0,14.475299999999999,10600,
2025-01-03,600017.XSHG,buy,300,3.11,933.0,5.0,34600,
2025-01-03,600020.XSHG,buy,100,4.14,413.99999999999994,5.0,26000,
2025-01-03,600098.XSHG,buy,7900,6.16,48664.0,14.599199999999998,13600,
2025-01-03,600717.XSHG,buy,600,4.71,2826.0,5.0,22600,
2025-01-03,600744.XSHG,buy,15600,3.07,47892.0,14.3676,27400,
2025-01-03,600795.XSHG,buy,2100,4.44,9324.0,5.0,23300,
2025-01-03,600908.XSHG,buy,700,5.74,4018.0,5.0,18500,
2025-01-03,600969.XSHG,buy,7600,6.33,48108.0,14.4324,13300,
2025-01-03,601006.XSHG,buy,7300,6.62,48326.0,14.497799999999998,12700,
2025-01-03,601018.XSHG,buy,400,3.72,1488.0,5.0,28800,
2025-01-03,601228.XSHG,buy,14800,3.28,48544.0,14.563199999999998,25600,
2025-01-03,601326.XSHG,buy,2000,3.26,6520.0,5.0,32100,
2025-01-03,601528.XSHG,buy,8800,5.47,48136.0,14.4408,15300,
2025-01-03,601825.XSHG,buy,5700,8.35,47595.0,14.2785,10000,
2025-01-03,601991.XSHG,buy,17500,2.76,48299.99999999999,14.489999999999997,30400,
2025-01-03,601997.XSHG,buy,8300,5.84,48472.0,14.541599999999999,14400,
2025-01-06,000429.XSHE,sell,500,13.6,6800.0,5.0,7800,
2025-01-06,601818.XSHG,sell,200,3.71,742.0,5.0,28800,
2025-01-06,600033.XSHG,sell,1200,3.93,4716.0,5.0,27200,
2025-01-06,000539.XSHE,buy,800,4.35,3479.9999999999995,5.0,24600,
2025-01-06,000828.XSHE,buy,400,10.12,4047.9999999999995,5.0,10500,
2025-01-06,000900.XSHE,buy,6100,4.18,25498.0,7.649399999999999,25600,
2025-01-06,000905.XSHE,buy,100,6.74,674.0,5.0,15800,
2025-01-06,002039.XSHE,buy,1600,14.76,23616.0,7.0847999999999995,7200,
2025-01-06,002807.XSHE,buy,100,4.19,419.00000000000006,5.0,25500,
2025-01-06,002966.XSHE,buy,2900,7.88,22852.0,6.855599999999999,13500,
2025-01-06,600017.XSHG,buy,500,3.05,1525.0,5.0,35100,
2025-01-06,600020.XSHG,buy,300,4.07,1221.0,5.0,26300,
2025-01-06,600035.XSHG,buy,100,4.4,440.00000000000006,5.0,24300,
2025-01-06,600098.XSHG,buy,3700,6.19,22903.0,6.8709,17300,
2025-01-06,600717.XSHG,buy,200,4.68,936.0,5.0,22800,
2025-01-06,600744.XSHG,buy,8600,2.97,25542.0,7.662599999999999,36000,
2025-01-06,600795.XSHG,buy,900,4.42,3978.0,5.0,24200,
2025-01-06,600908.XSHG,buy,100,5.73,573.0,5.0,18600,
2025-01-06,600969.XSHG,buy,4500,5.99,26955.0,8.0865,17800,
2025-01-06,601006.XSHG,buy,3300,6.66,21978.0,6.593399999999999,16000,
2025-01-06,601018.XSHG,buy,100,3.7,370.0,5.0,28900,
2025-01-06,601228.XSHG,buy,7500,3.23,24225.0,7.267499999999999,33100,
2025-01-06,601326.XSHG,buy,900,3.24,2916.0,5.0,33000,
2025-01-06,601528.XSHG,buy,4200,5.47,22974.0,6.892199999999999,19500,
2025-01-06,601825.XSHG,buy,3200,8.08,25856.0,7.756799999999999,13200,
2025-01-06,601991.XSHG,buy,8800,2.73,24024.0,7.207199999999999,39200,
2025-01-06,601997.XSHG,buy,4100,5.77,23657.0,7.097099999999999,18500,
2025-04-01,600744.XSHG,sell,36000,3.21,115560.0,34.668,0,
2025-04-01,600795.XSHG,sell,24200,4.45,107690.0,32.306999999999995,0,
2025-04-01,000429.XSHE,sell,7800,14.2,110760.0,33.227999999999994,0,
2025-04-01,600020.XSHG,sell,500,4.42,2210.0,5.0,25800,
2025-04-01,600969.XSHG,sell,17800,6.62,117836.0,35.3508,0,
2025-04-01,601528.XSHG,sell,19500,5.31,103544.99999999999,31.063499999999994,0,
2025-04-01,002039.XSHE,sell,200,16.6,3320.0000000000005,5.0,7000,
2025-04-01,600098.XSHG,sell,100,6.38,638.0,5.0,17200,
2025-04-01,601991.XSHG,sell,39200,2.95,115640.0,34.692,0,
2025-04-01,000539.XSHE,sell,24600,4.52,111191.99999999999,33.35759999999999,0,
2025-04-01,002807.XSHE,sell,200,4.42,884.0,5.0,25300,
2025-04-01,601818.XSHG,sell,28800,3.77,108576.0,32.572799999999994,0,
2025-04-01,601326.XSHG,sell,33000,3.35,110550.0,33.165,0,
2025-04-01,000905.XSHE,sell,500,7.56,3780.0,5.0,15300,
2025-04-01,000407.XSHE,buy,11300,3.23,36499.0,10.949699999999998,11300,
2025-04-01,000543.XSHE,buy,4900,7.47,36603.0,10.980899999999998,4900,
2025-04-01,000791.XSHE,buy,5400,6.7,36180.0,10.854,5400,
2025-04-01,000828.XSHE,buy,100,10.06,1006.0,5.0,10600,
2025-04-01,000900.XSHE,buy,300,4.14,1242.0,5.0,25900,
2025-04-01,002966.XSHE,buy,100,7.87,787.0,5.0,13600,
2025-04-01,600017.XSHG,buy,200,3.08,616.0,5.0,35300,
2025-04-01,600033.XSHG,buy,400,3.85,1540.0,5.0,27600,
2025-04-01,600035.XSHG,buy,300,4.36,1308.0,5.0,24600,
2025-04-01,600350.XSHG,buy,3400,10.68,36312.0,10.8936,3400,
2025-04-01,600578.XSHG,buy,10200,3.58,36516.0,10.954799999999999,10200,
2025-04-01,600717.XSHG,buy,100,4.73,473.00000000000006,5.0,22900,
2025-04-01,600803.XSHG,buy,1800,19.6,35280.0,10.584,1800,
2025-04-01,600908.XSHG,buy,200,5.72,1144.0,5.0,18800,
2025-04-01,601006.XSHG,buy,300,6.52,1955.9999999999998,5.0,16300,
2025-04-01,601008.XSHG,buy,9500,3.85,36575.0,10.972499999999998,9500,
2025-04-01,601018.XSHG,buy,200,3.73,746.0,5.0,29100,
2025-04-01,601228.XSHG,buy,400,3.2,1280.0,5.0,33500,
2025-04-01,601398.XSHG,buy,5300,6.87,36411.0,10.9233,5300,
2025-04-01,601988.XSHG,buy,6500,5.6,36400.0,10.92,6500,
2025-04-02,600020.XSHG,sell,700,4.47,3129.0,5.0,25100,
2025-04-02,600377.XSHG,sell,100,15.55,1555.0,5.0,7100,
2025-04-02,002039.XSHE,sell,200,16.3,3260.0,5.0,6800,
2025-04-02,600098.XSHG,sell,100,6.48,648.0,5.0,17100,
2025-04-02,002807.XSHE,sell,200,4.43,886.0,5.0,25100,
2025-04-02,601825.XSHG,sell,100,8.45,844.9999999999999,5.0,13100,
2025-04-02,000905.XSHE,sell,600,7.72,4632.0,5.0,14700,
2025-04-02,000407.XSHE,buy,14900,3.3,49170.0,14.751,26200,
2025-04-02,000543.XSHE,buy,6300,7.69,48447.0,14.534099999999999,11200,
2025-04-02,000791.XSHE,buy,7100,6.91,49061.0,14.7183,12500,
2025-04-02,000828.XSHE,buy,100,10.23,1023.0,5.0,10700,
2025-04-02,000900.XSHE,buy,200,4.22,844.0,5.0,26100,
2025-04-02,002966.XSHE,buy,200,7.95,1590.0,5.0,13800,
2025-04-02,600017.XSHG,buy,400,3.09,1236.0,5.0,35700,
2025-04-02,600033.XSHG,buy,300,3.95,1185.0,5.0,27900,
2025-04-02,600035.XSHG,buy,200,4.44,888.0000000000001,5.0,24800,
2025-04-02,600350.XSHG,buy,4600,10.78,49588.0,14.876399999999999,8000,
2025-04-02,600578.XSHG,buy,13100,3.71,48601.0,14.5803,23300,
2025-04-02,600717.XSHG,buy,300,4.76,1428.0,5.0,23200,
2025-04-02,600803.XSHG,buy,2500,19.73,49325.0,14.7975,4300,
2025-04-02,600908.XSHG,buy,400,5.71,2284.0,5.0,19200,
2025-04-02,601006.XSHG,buy,400,6.56,2624.0,5.0,16700,
2025-04-02,601008.XSHG,buy,12700,3.89,49403.0,14.820899999999998,22200,
2025-04-02,601018.XSHG,buy,500,3.72,1860.0,5.0,29600,
2025-04-02,601228.XSHG,buy,400,3.25,1300.0,5.0,33900,
2025-04-02,601398.XSHG,buy,7300,6.79,49567.0,14.870099999999999,12600,
2025-04-02,601988.XSHG,buy,9100,5.5,50050.0,15.014999999999999,15600,
2025-04-02,601997.XSHG,buy,200,5.88,1176.0,5.0,18700,
2025-04-03,601997.XSHG,sell,200,5.95,1190.0,5.0,18500,
2025-04-03,600020.XSHG,sell,400,4.46,1784.0,5.0,24700,
2025-04-03,002807.XSHE,sell,500,4.49,2245.0,5.0,24600,
2025-04-03,601825.XSHG,sell,300,8.57,2571.0,5.0,12800,
2025-04-03,600033.XSHG,sell,300,3.99,1197.0,5.0,27600,
2025-04-03,000905.XSHE,sell,700,7.88,5516.0,5.0,14000,
2025-04-03,000407.XSHE,buy,7900,3.23,25517.0,7.655099999999999,34100,
2025-04-03,000543.XSHE,buy,3300,7.6,25080.0,7.523999999999999,14500,
2025-04-03,000791.XSHE,buy,3900,6.72,26208.0,7.862399999999999,16400,
2025-04-03,000828.XSHE,buy,100,10.16,1016.0,5.0,10800,
2025-04-03,000900.XSHE,buy,500,4.15,2075.0,5.0,26600,
2025-04-03,002039.XSHE,buy,300,15.49,4647.0,5.0,7100,
2025-04-03,600017.XSHG,buy,500,3.05,1525.0,5.0,36200,
2025-04-03,600098.XSHG,buy,100,6.42,642.0,5.0,17200,
2025-04-03,600350.XSHG,buy,2600,10.37,26961.999999999996,8.088599999999998,10600,
2025-04-03,600377.XSHG,buy,100,15.3,1530.0,5.0,7200,
2025-04-03,600578.XSHG,buy,7000,3.64,25480.0,7.643999999999999,30300,
2025-04-03,600717.XSHG,buy,300,4.7,1410.0,5.0,23500,
2025-04-03,600803.XSHG,buy,1400,19.17,26838.000000000004,8.051400000000001,5700,
2025-04-03,601006.XSHG,buy,100,6.56,656.0,5.0,16800,
2025-04-03,601008.XSHG,buy,6600,3.83,25278.0,7.583399999999999,28800,
2025-04-03,601018.XSHG,buy,500,3.66,1830.0,5.0,30100,
2025-04-03,601228.XSHG,buy,200,3.23,646.0,5.0,34100,
2025-04-03,601398.XSHG,buy,3500,6.82,23870.0,7.161,16100,
2025-04-03,601988.XSHG,buy,4300,5.55,23865.0,7.1594999999999995,19900,
2025-07-01,600017.XSHG,sell,36200,3.1,112220.0,33.666,0,
2025-07-01,002039.XSHE,sell,7100,15.91,112961.0,33.888299999999994,0,
2025-07-01,000900.XSHE,sell,200,4.5,900.0,5.0,26400,
2025-07-01,002966.XSHE,sell,13800,8.89,122682.00000000001,36.8046,0,
2025-07-01,600098.XSHG,sell,17200,6.27,107843.99999999999,32.353199999999994,0,
2025-07-01,000828.XSHE,sell,10800,10.67,115236.0,34.5708,0,
2025-07-01,600578.XSHG,sell,30300,4.52,136956.0,41.0868,0,
2025-07-01,601006.XSHG,sell,16800,6.6,110880.0,33.263999999999996,0,
2025-07-01,600908.XSHG,sell,200,6.31,1262.0,5.0,19000,
2025-07-01,601825.XSHG,sell,12800,9.77,125056.0,37.516799999999996,0,
2025-07-01,000791.XSHE,sell,16400,6.34,103976.0,31.1928,0,
2025-07-01,601988.XSHG,sell,19900,5.62,111838.0,33.551399999999994,0,
2025-07-01,601398.XSHG,sell,200,7.59,1518.0,5.0,15900,
2025-07-01,000407.XSHE,sell,34100,3.41,116281.0,34.884299999999996,0,
2025-07-01,601008.XSHG,sell,28800,6.66,191808.0,57.542399999999994,0,
2025-07-01,000905.XSHE,sell,14000,8.07,112980.0,33.894,0,
2025-07-01,600803.XSHG,sell,5700,18.92,107844.00000000001,32.3532,0,
2025-07-01,000001.XSHE,buy,3200,12.06,38592.0,11.577599999999999,3200,
2025-07-01,000027.XSHE,buy,6100,6.4,39040.0,11.712,6100,
2025-07-01,000429.XSHE,buy,2900,13.35,38715.0,11.6145,2900,
2025-07-01,000543.XSHE,buy,700,7.01,4907.0,5.0,15200,
2025-07-01,001213.XSHE,buy,9600,4.07,39072.0,11.721599999999999,9600,
2025-07-01,600011.XSHG,buy,5500,7.14,39270.0,11.780999999999999,5500,
2025-07-01,600018.XSHG,buy,6800,5.71,38828.0,11.648399999999999,6800,
2025-07-01,600021.XSHG,buy,4400,8.8,38720.0,11.616,4400,
2025-07-01,600027.XSHG,buy,7100,5.47,38837.0,11.6511,7100,
2025-07-01,600033.XSHG,buy,1900,3.54,6726.0,5.0,29500,
2025-07-01,600035.XSHG,buy,1000,4.23,4230.0,5.0,25800,
2025-07-01,600350.XSHG,buy,100,10.66,1066.0,5.0,10700,
2025-07-01,600377.XSHG,buy,100,15.33,1533.0,5.0,7300,
2025-07-01,600717.XSHG,buy,700,4.56,3191.9999999999995,5.0,24200,
2025-07-01,600795.XSHG,buy,8100,4.86,39366.0,11.8098,8100,
2025-07-01,601009.XSHG,buy,3300,11.62,38346.0,11.503799999999998,3300,
2025-07-01,601018.XSHG,buy,700,3.66,2562.0,5.0,30800,
2025-07-01,601228.XSHG,buy,700,3.24,2268.0,5.0,34800,
2025-07-01,601326.XSHG,buy,12100,3.23,39083.0,11.724899999999998,12100,
2025-07-01,601333.XSHG,buy,13600,2.89,39304.0,11.791199999999998,13600,
2025-07-01,601939.XSHG,buy,4100,9.47,38827.0,11.6481,4100,
2025-07-01,601991.XSHG,buy,12400,3.17,39308.0,11.792399999999999,12400,
2025-07-01,601997.XSHG,buy,100,6.26,626.0,5.0,18600,
2025-07-02,600020.XSHG,sell,200,4.85,969.9999999999999,5.0,24500,
2025-07-02,000900.XSHE,sell,200,4.56,911.9999999999999,5.0,26200,
2025-07-02,600908.XSHG,sell,400,6.42,2568.0,5.0,18600,
2025-07-02,002807.XSHE,sell,100,4.84,484.0,5.0,24500,
2025-07-02,601398.XSHG,sell,300,7.68,2304.0,5.0,15600,
2025-07-02,000001.XSHE,buy,4300,12.31,52933.0,15.8799,7500,
2025-07-02,000027.XSHE,buy,8200,6.43,52726.0,15.817799999999998,14300,
2025-07-02,000429.XSHE,buy,3900,13.47,52533.0,15.759899999999998,6800,
2025-07-02,000543.XSHE,buy,1100,7.06,7766.0,5.0,16300,
2025-07-02,001213.XSHE,buy,13000,4.07,52910.00000000001,15.873000000000001,22600,
2025-07-02,600011.XSHG,buy,7300,7.18,52414.0,15.724199999999998,12800,
2025-07-02,600018.XSHG,buy,9200,5.75,52900.0,15.87,16000,
2025-07-02,600021.XSHG,buy,5900,8.9,52510.0,15.752999999999998,10300,
2025-07-02,600027.XSHG,buy,9600,5.51,52896.0,15.868799999999998,16700,
2025-07-02,600033.XSHG,buy,2600,3.55,9230.0,5.0,32100,
2025-07-02,600035.XSHG,buy,1300,4.28,5564.0,5.0,27100,
2025-07-02,600350.XSHG,buy,200,10.72,2144.0,5.0,10900,
2025-07-02,600377.XSHG,buy,200,15.47,3094.0,5.0,7500,
2025-07-02,600717.XSHG,buy,1100,4.6,5060.0,5.0,25300,
2025-07-02,600795.XSHG,buy,10400,5.0,52000.0,15.599999999999998,18500,
2025-07-02,601009.XSHG,buy,4400,11.94,52536.0,15.760799999999998,7700,
2025-07-02,601018.XSHG,buy,900,3.69,3321.0,5.0,31700,
2025-07-02,601228.XSHG,buy,1000,3.27,3270.0,5.0,35800,
2025-07-02,601326.XSHG,buy,16300,3.25,52975.0,15.892499999999998,28400,
2025-07-02,601333.XSHG,buy,18300,2.89,52887.0,15.8661,31900,
2025-07-02,601939.XSHG,buy,5400,9.75,52650.0,15.794999999999998,9500,
2025-07-02,601991.XSHG,buy,15800,3.29,51982.0,15.594599999999998,28200,
2025-07-03,600020.XSHG,sell,200,4.91,982.0,5.0,24300,
2025-07-03,600908.XSHG,sell,100,6.45,645.0,5.0,18500,
2025-07-03,002807.XSHE,sell,200,4.91,982.0,5.0,24300,
2025-07-03,601398.XSHG,sell,100,7.68,768.0,5.0,15500,
2025-07-03,000001.XSHE,buy,2100,12.33,25893.0,7.767899999999999,9600,
2025-07-03,000027.XSHE,buy,4100,6.46,26486.0,7.945799999999999,18400,
2025-07-03,000429.XSHE,buy,2200,13.26,29172.0,8.7516,9000,
2025-07-03,000543.XSHE,buy,500,7.09,3545.0,5.0,16800,
2025-07-03,000900.XSHE,buy,600,4.44,2664.0000000000005,5.0,26800,
2025-07-03,001213.XSHE,buy,6700,4.07,27269.000000000004,8.1807,29300,
2025-07-03,600011.XSHG,buy,3300,7.4,24420.0,7.326,16100,
2025-07-03,600018.XSHG,buy,4500,5.82,26190.0,7.856999999999999,20500,
2025-07-03,600021.XSHG,buy,3000,8.93,26790.0,8.036999999999999,13300,
2025-07-03,600027.XSHG,buy,4700,5.57,26179.0,7.853699999999999,21400,
2025-07-03,600033.XSHG,buy,1400,3.56,4984.0,5.0,33500,
2025-07-03,600035.XSHG,buy,400,4.34,1736.0,5.0,27500,
2025-07-03,600350.XSHG,buy,400,10.51,4204.0,5.0,11300,
2025-07-03,600377.XSHG,buy,200,15.37,3074.0,5.0,7700,
2025-07-03,600717.XSHG,buy,500,4.62,2310.0,5.0,25800,
2025-07-03,600795.XSHG,buy,5400,4.99,26946.0,8.0838,23900,
2025-07-03,601009.XSHG,buy,2300,11.94,27462.0,8.2386,10000,
2025-07-03,601018.XSHG,buy,400,3.72,1488.0,5.0,32100,
2025-07-03,601228.XSHG,buy,300,3.3,990.0,5.0,36100,
2025-07-03,601326.XSHG,buy,8000,3.28,26240.0,7.871999999999999,36400,
2025-07-03,601333.XSHG,buy,8800,2.93,25784.0,7.735199999999999,40700,
2025-07-03,601939.XSHG,buy,2700,9.77,26379.0,7.9136999999999995,12200,
2025-07-03,601991.XSHG,buy,7400,3.35,24790.0,7.436999999999999,35600,
2025-10-09,601228.XSHG,sell,36100,3.29,118769.0,35.6307,0,
2025-10-09,000429.XSHE,sell,9000,10.91,98190.0,29.456999999999997,0,
2025-10-09,000543.XSHE,sell,16800,7.18,120624.0,36.1872,0,
2025-10-09,601939.XSHG,sell,12200,8.56,104432.0,31.329599999999996,0,
2025-10-09,000900.XSHE,sell,26800,4.1,109879.99999999999,32.96399999999999,0,
2025-10-09,000027.XSHE,sell,18400,6.69,123096.0,36.928799999999995,0,
2025-10-09,601333.XSHG,sell,1600,3.33,5328.0,5.0,39100,
2025-10-09,601009.XSHG,sell,10000,10.88,108800.00000000001,32.64,0,
2025-10-09,600021.XSHG,sell,13300,21.56,286748.0,86.02439999999999,0,
2025-10-09,601991.XSHG,sell,35600,3.41,121396.0,36.4188,0,
2025-10-09,601326.XSHG,sell,400,3.4,1360.0,5.0,36000,
2025-10-09,001213.XSHE,sell,29300,4.17,122181.0,36.6543,0,
2025-10-09,600018.XSHG,sell,20500,5.47,112135.0,33.640499999999996,0,
2025-10-09,000001.XSHE,buy,300,11.33,3399.0,5.0,9900,
2025-10-09,000421.XSHE,buy,6400,6.25,40000.0,11.999999999999998,6400,
2025-10-09,000755.XSHE,buy,8200,4.84,39688.0,11.9064,8200,
2025-10-09,000828.XSHE,buy,3500,11.28,39480.0,11.844,3500,
2025-10-09,001872.XSHE,buy,2000,20.02,40040.0,12.011999999999999,2000,
2025-10-09,002807.XSHE,buy,1000,4.41,4410.0,5.0,25300,
2025-10-09,002839.XSHE,buy,9300,4.3,39990.0,11.996999999999998,9300,
2025-10-09,600011.XSHG,buy,300,7.06,2118.0,5.0,16400,
2025-10-09,600017.XSHG,buy,13000,3.07,39910.0,11.972999999999999,13000,
2025-10-09,600020.XSHG,buy,1300,4.23,5499.000000000001,5.0,25600,
2025-10-09,600027.XSHG,buy,700,5.09,3563.0,5.0,22100,
2025-10-09,600033.XSHG,buy,700,3.36,2352.0,5.0,34200,
2025-10-09,600035.XSHG,buy,900,3.95,3555.0,5.0,28400,
2025-10-09,600350.XSHG,buy,900,8.59,7731.0,5.0,12200,
2025-10-09,600377.XSHG,buy,600,12.56,7536.0,5.0,8300,
2025-10-09,600803.XSHG,buy,2200,17.97,39534.0,11.860199999999999,2200,
2025-10-09,600908.XSHG,buy,600,5.88,3528.0,5.0,19100,
2025-10-09,601018.XSHG,buy,300,3.64,1092.0,5.0,32400,
2025-10-09,601139.XSHG,buy,6000,6.62,39720.0,11.915999999999999,6000,
2025-10-09,601398.XSHG,buy,300,7.25,2175.0,5.0,15800,
2025-10-09,601528.XSHG,buy,7500,5.3,39750.0,11.924999999999999,7500,
2025-10-09,601880.XSHG,buy,22900,1.75,40075.0,12.022499999999999,22900,
2025-10-09,601997.XSHG,buy,700,5.77,4038.9999999999995,5.0,19300,
2025-10-09,603689.XSHG,buy,4700,8.52,40044.0,12.0132,4700,
2025-10-10,600795.XSHG,sell,300,5.16,1548.0,5.0,23600,
2025-10-10,601333.XSHG,sell,1900,3.34,6346.0,5.0,37200,
2025-10-10,601326.XSHG,sell,600,3.44,2064.0,5.0,35400,
2025-10-10,000001.XSHE,buy,500,11.37,5685.0,5.0,10400,
2025-10-10,000421.XSHE,buy,8500,6.29,53465.0,16.0395,14900,
2025-10-10,000755.XSHE,buy,11300,4.81,54352.99999999999,16.305899999999998,19500,
2025-10-10,000828.XSHE,buy,4600,11.53,53038.0,15.911399999999999,8100,
2025-10-10,001872.XSHE,buy,2600,20.1,52260.00000000001,15.678,4600,
2025-10-10,002807.XSHE,buy,1300,4.43,5759.0,5.0,26600,
2025-10-10,002839.XSHE,buy,12500,4.31,53874.99999999999,16.162499999999998,21800,
2025-10-10,600011.XSHG,buy,200,7.25,1450.0,5.0,16600,
2025-10-10,600017.XSHG,buy,17400,3.09,53766.0,16.1298,30400,
2025-10-10,600020.XSHG,buy,1800,4.26,7668.0,5.0,27400,
2025-10-10,600027.XSHG,buy,700,5.22,3654.0,5.0,22800,
2025-10-10,600033.XSHG,buy,1100,3.37,3707.0,5.0,35300,
2025-10-10,600035.XSHG,buy,1400,3.96,5544.0,5.0,29800,
2025-10-10,600350.XSHG,buy,1200,8.65,10380.0,5.0,13400,
2025-10-10,600377.XSHG,buy,900,12.5,11250.0,5.0,9200,
2025-10-10,600803.XSHG,buy,2900,18.37,53273.0,15.981899999999998,5100,
2025-10-10,600908.XSHG,buy,1000,5.88,5880.0,5.0,20100,
2025-10-10,601018.XSHG,buy,400,3.67,1468.0,5.0,32800,
2025-10-10,601139.XSHG,buy,8000,6.72,53760.0,16.128,14000,
2025-10-10,601398.XSHG,buy,500,7.29,3645.0,5.0,16300,
2025-10-10,601528.XSHG,buy,10200,5.31,54161.99999999999,16.248599999999996,17700,
2025-10-10,601880.XSHG,buy,30300,1.77,53631.0,16.089299999999998,53200,
2025-10-10,601997.XSHG,buy,1100,5.76,6336.0,5.0,20400,
2025-10-10,603689.XSHG,buy,6300,8.51,53613.0,16.0839,11000,
2025-10-13,600717.XSHG,sell,100,4.71,471.0,5.0,25700,
2025-10-13,601333.XSHG,sell,600,3.31,1986.0,5.0,36600,
2025-10-13,601326.XSHG,sell,300,3.46,1038.0,5.0,35100,
2025-10-13,000001.XSHE,buy,300,11.32,3396.0,5.0,10700,
2025-10-13,000421.XSHE,buy,4300,6.31,27133.0,8.139899999999999,19200,
2025-10-13,000755.XSHE,buy,5700,4.81,27416.999999999996,8.225099999999998,25200,
2025-10-13,000828.XSHE,buy,2300,11.63,26749.0,8.0247,10400,
2025-10-13,001872.XSHE,buy,1300,20.52,26676.0,8.002799999999999,5900,
2025-10-13,002807.XSHE,buy,700,4.44,3108.0000000000005,5.0,27300,
2025-10-13,002839.XSHE,buy,6300,4.32,27216.0,8.1648,28100,
2025-10-13,600011.XSHG,buy,300,7.18,2154.0,5.0,16900,
2025-10-13,600017.XSHG,buy,8900,3.09,27501.0,8.2503,39300,
2025-10-13,600020.XSHG,buy,800,4.3,3440.0,5.0,28200,
2025-10-13,600027.XSHG,buy,700,5.16,3612.0,5.0,23500,
2025-10-13,600033.XSHG,buy,300,3.41,1023.0,5.0,35600,
2025-10-13,600035.XSHG,buy,600,3.99,2394.0,5.0,30400,
2025-10-13,600350.XSHG,buy,400,8.75,3500.0,5.0,13800,
2025-10-13,600377.XSHG,buy,100,12.93,1293.0,5.0,9300,
2025-10-13,600795.XSHG,buy,100,5.11,511.00000000000006,5.0,23700,
2025-10-13,600803.XSHG,buy,1400,18.58,26011.999999999996,7.8035999999999985,6500,
2025-10-13,600908.XSHG,buy,500,5.87,2935.0,5.0,20600,
2025-10-13,601018.XSHG,buy,100,3.69,369.0,5.0,32900,
2025-10-13,601139.XSHG,buy,4200,6.67,28014.0,8.4042,18200,
2025-10-13,601398.XSHG,buy,200,7.32,1464.0,5.0,16500,
2025-10-13,601528.XSHG,buy,5100,5.31,27080.999999999996,8.124299999999998,22800,
2025-10-13,601880.XSHG,buy,16200,1.75,28350.0,8.504999999999999,69400,
2025-10-13,601997.XSHG,buy,600,5.77,3461.9999999999995,5.0,21000,
2025-10-13,603689.XSHG,buy,3200,8.55,27360.000000000004,8.208,14200,
2026-01-05,601997.XSHG,sell,100,5.88,588.0,5.0,20900,
2026-01-05,601018.XSHG,sell,32900,3.64,119756.0,35.9268,0,
2026-01-05,601139.XSHG,sell,18200,6.62,120484.0,36.145199999999996,0,
2026-01-05,601880.XSHG,sell,69400,1.61,111734.0,33.520199999999996,0,
2026-01-05,600350.XSHG,sell,13800,9.68,133584.0,40.075199999999995,0,
2026-01-05,601528.XSHG,sell,400,5.69,2276.0,5.0,22400,
2026-01-05,000421.XSHE,sell,19200,6.9,132480.0,39.744,0,
2026-01-05,603689.XSHG,sell,14200,8.12,115303.99999999999,34.59119999999999,0,
2026-01-05,601333.XSHG,sell,36600,3.04,111264.0,33.3792,0,
2026-01-05,002839.XSHE,sell,400,4.56,1823.9999999999998,5.0,27700,
2026-01-05,002807.XSHE,sell,27300,4.57,124761.00000000001,37.4283,0,
2026-01-05,601398.XSHG,sell,16500,7.91,130515.0,39.1545,0,
2026-01-05,601326.XSHG,sell,35100,3.49,122499.00000000001,36.749700000000004,0,
2026-01-05,600011.XSHG,sell,200,7.46,1492.0,5.0,16700,
2026-01-05,000755.XSHE,sell,300,5.05,1515.0,5.0,24900,
2026-01-05,600033.XSHG,sell,2000,4.13,8260.0,5.0,33600,
2026-01-05,600803.XSHG,sell,6500,20.75,134875.0,40.4625,0,
2026-01-05,000027.XSHE,buy,6300,6.53,41139.0,12.3417,6300,
2026-01-05,000543.XSHE,buy,5000,8.13,40650.00000000001,12.195,5000,
2026-01-05,000548.XSHE,buy,7500,5.44,40800.0,12.239999999999998,7500,
2026-01-05,000828.XSHE,buy,300,10.78,3234.0,5.0,10700,
2026-01-05,001872.XSHE,buy,100,19.4,1939.9999999999998,5.0,6000,
2026-01-05,002039.XSHE,buy,2200,18.15,39930.0,11.979,2200,
2026-01-05,600017.XSHG,buy,600,3.0,1800.0,5.0,39900,
2026-01-05,600018.XSHG,buy,7500,5.45,40875.0,12.2625,7500,
2026-01-05,600020.XSHG,buy,200,4.27,853.9999999999999,5.0,28400,
2026-01-05,600027.XSHG,buy,400,4.97,1988.0,5.0,23900,
2026-01-05,600035.XSHG,buy,400,3.89,1556.0,5.0,30800,
2026-01-05,600377.XSHG,buy,300,12.08,3624.0,5.0,9600,
2026-01-05,600717.XSHG,buy,600,4.47,2682.0,5.0,26300,
2026-01-05,600795.XSHG,buy,200,5.03,1006.0,5.0,23900,
2026-01-05,601000.XSHG,buy,10600,3.85,40810.0,12.242999999999999,10600,
2026-01-05,601006.XSHG,buy,7900,5.17,40843.0,12.252899999999999,7900,
2026-01-05,601298.XSHG,buy,4900,8.39,41111.0,12.3333,4900,
2026-01-05,601860.XSHG,buy,14900,2.76,41124.0,12.3372,14900,
2026-01-05,601991.XSHG,buy,11700,3.51,41067.0,12.320099999999998,11700,
2026-01-05,603323.XSHG,buy,8100,5.05,40905.0,12.2715,8100,
2026-01-06,601528.XSHG,sell,400,5.65,2260.0,5.0,22000,
2026-01-06,002839.XSHE,sell,600,4.58,2748.0,5.0,27100,
2026-01-06,000755.XSHE,sell,400,5.06,2023.9999999999998,5.0,24500,
2026-01-06,600011.XSHG,sell,100,7.42,742.0,5.0,16600,
2026-01-06,600033.XSHG,sell,2100,4.04,8484.0,5.0,31500,
2026-01-06,000027.XSHE,buy,8300,6.56,54448.0,16.3344,14600,
2026-01-06,000543.XSHE,buy,6700,8.12,54403.99999999999,16.321199999999997,11700,
2026-01-06,000548.XSHE,buy,10200,5.4,55080.0,16.523999999999997,17700,
2026-01-06,000828.XSHE,buy,400,10.88,4352.0,5.0,11100,
2026-01-06,001872.XSHE,buy,200,19.39,3878.0,5.0,6200,
2026-01-06,002039.XSHE,buy,3100,18.0,55800.0,16.74,5300,
2026-01-06,600017.XSHG,buy,800,3.0,2400.0,5.0,40700,
2026-01-06,600018.XSHG,buy,10100,5.43,54843.0,16.4529,17600,
2026-01-06,600020.XSHG,buy,300,4.26,1278.0,5.0,28700,
2026-01-06,600027.XSHG,buy,400,5.01,2004.0,5.0,24300,
2026-01-06,600035.XSHG,buy,500,3.91,1955.0,5.0,31300,
2026-01-06,600377.XSHG,buy,400,12.01,4804.0,5.0,10000,
2026-01-06,600717.XSHG,buy,700,4.5,3150.0,5.0,27000,
2026-01-06,600795.XSHG,buy,400,5.01,2004.0,5.0,24300,
2026-01-06,600908.XSHG,buy,100,5.93,593.0,5.0,20700,
2026-01-06,601000.XSHG,buy,14300,3.85,55055.0,16.516499999999997,24900,
2026-01-06,601006.XSHG,buy,10600,5.16,54696.0,16.4088,18500,
2026-01-06,601298.XSHG,buy,6500,8.39,54535.00000000001,16.360500000000002,11400,
2026-01-06,601860.XSHG,buy,19700,2.77,54569.0,16.3707,34600,
2026-01-06,601991.XSHG,buy,15300,3.55,54315.0,16.2945,27000,
2026-01-06,603323.XSHG,buy,10800,5.06,54647.99999999999,16.394399999999997,18900,
2026-01-07,002839.XSHE,sell,100,4.58,458.0,5.0,27000,
2026-01-07,000001.XSHE,sell,100,11.66,1166.0,5.0,10600,
2026-01-07,600033.XSHG,sell,1100,4.07,4477.0,5.0,30400,
2026-01-07,000027.XSHE,buy,4000,6.64,26560.0,7.967999999999999,18600,
2026-01-07,000543.XSHE,buy,3500,8.13,28455.000000000004,8.5365,15200,
2026-01-07,000548.XSHE,buy,5000,5.46,27300.0,8.19,22700,
2026-01-07,001872.XSHE,buy,100,19.38,1938.0,5.0,6300,
2026-01-07,002039.XSHE,buy,1500,18.11,27165.0,8.1495,6800,
2026-01-07,600011.XSHG,buy,100,7.42,742.0,5.0,16700,
2026-01-07,600017.XSHG,buy,200,3.03,606.0,5.0,40900,
2026-01-07,600018.XSHG,buy,5000,5.48,27400.000000000004,8.22,22600,
2026-01-07,600020.XSHG,buy,200,4.28,856.0,5.0,28900,
2026-01-07,600027.XSHG,buy,400,5.02,2007.9999999999998,5.0,24700,
2026-01-07,600035.XSHG,buy,200,3.93,786.0,5.0,31500,
2026-01-07,600377.XSHG,buy,300,11.96,3588.0000000000005,5.0,10300,
2026-01-07,600717.XSHG,buy,300,4.54,1362.0,5.0,27300,
2026-01-07,600795.XSHG,buy,500,4.99,2495.0,5.0,24800,
2026-01-07,600908.XSHG,buy,100,5.96,596.0,5.0,20800,
2026-01-07,601000.XSHG,buy,6700,3.92,26264.0,7.879199999999999,31600,
2026-01-07,601006.XSHG,buy,5300,5.19,27507.000000000004,8.2521,23800,
2026-01-07,601298.XSHG,buy,3200,8.49,27168.0,8.1504,14600,
2026-01-07,601528.XSHG,buy,100,5.61,561.0,5.0,22100,
2026-01-07,601860.XSHG,buy,9800,2.79,27342.0,8.202599999999999,44400,
2026-01-07,601991.XSHG,buy,7100,3.63,25773.0,7.7318999999999996,34100,
2026-01-07,603323.XSHG,buy,5500,5.08,27940.0,8.382,24400,
2026-04-01,601000.XSHG,sell,31600,4.69,148204.0,44.4612,0,
2026-04-01,600795.XSHG,sell,24800,4.87,120776.0,36.2328,0,
2026-04-01,000548.XSHE,sell,22700,5.56,126211.99999999999,37.86359999999999,0,
2026-04-01,000543.XSHE,sell,200,8.47,1694.0000000000002,5.0,15000,
2026-04-01,600027.XSHG,sell,24700,4.74,117078.0,35.1234,0,
2026-04-01,600377.XSHG,sell,100,12.12,1212.0,5.0,10200,
2026-04-01,600717.XSHG,sell,200,4.64,927.9999999999999,5.0,27100,
2026-04-01,600017.XSHG,sell,400,3.12,1248.0,5.0,40500,
2026-04-01,002039.XSHE,sell,100,18.77,1877.0,5.0,6700,
2026-04-01,002839.XSHE,sell,27000,4.52,122039.99999999999,36.611999999999995,0,
2026-04-01,000027.XSHE,sell,300,7.02,2106.0,5.0,18300,
2026-04-01,601006.XSHG,sell,200,5.37,1074.0,5.0,23600,
2026-04-01,601991.XSHG,sell,34100,4.02,137082.0,41.124599999999994,0,
2026-04-01,601860.XSHG,sell,44400,2.8,124319.99999999999,37.29599999999999,0,
2026-04-01,001872.XSHE,sell,300,22.0,6600.0,5.0,6000,
2026-04-01,601298.XSHG,sell,14600,8.65,126290.0,37.88699999999999,0,
2026-04-01,000755.XSHE,sell,24500,5.25,128625.0,38.5875,0,
2026-04-01,600011.XSHG,sell,16700,7.07,118069.0,35.4207,0,
2026-04-01,600018.XSHG,sell,22600,5.11,115486.0,34.645799999999994,0,
2026-04-01,000001.XSHE,buy,200,11.09,2218.0,5.0,10800,
2026-04-01,000828.XSHE,buy,400,10.08,4032.0,5.0,11500,
2026-04-01,600012.XSHG,buy,2600,15.53,40378.0,12.113399999999999,2600,
2026-04-01,600020.XSHG,buy,900,3.91,3519.0,5.0,29800,
2026-04-01,600023.XSHG,buy,7500,5.47,41025.0,12.3075,7500,
2026-04-01,600033.XSHG,buy,700,3.81,2667.0,5.0,31100,
2026-04-01,600035.XSHG,buy,200,3.88,776.0,5.0,31700,
2026-04-01,600350.XSHG,buy,3800,10.74,40812.0,12.243599999999999,3800,
2026-04-01,600642.XSHG,buy,4600,8.95,41170.0,12.350999999999999,4600,
2026-04-01,600886.XSHG,buy,2900,14.15,41035.0,12.3105,2900,
2026-04-01,600908.XSHG,buy,200,5.78,1156.0,5.0,21000,
2026-04-01,601128.XSHG,buy,5700,7.17,40869.0,12.260699999999998,5700,
2026-04-01,601139.XSHG,buy,5800,7.08,41064.0,12.319199999999999,5800,
2026-04-01,601169.XSHG,buy,7500,5.52,41400.0,12.419999999999998,7500,
2026-04-01,601333.XSHG,buy,13000,3.18,41340.0,12.402,13000,
2026-04-01,601528.XSHG,buy,300,5.36,1608.0,5.0,22400,
2026-04-01,601816.XSHG,buy,8100,5.09,41229.0,12.368699999999999,8100,
2026-04-01,601880.XSHG,buy,25000,1.66,41500.0,12.45,25000,
2026-04-01,601997.XSHG,buy,100,5.83,583.0,5.0,21000,
2026-04-01,603323.XSHG,buy,200,4.93,986.0,5.0,24600,
2026-04-02,000543.XSHE,sell,100,8.33,833.0,5.0,14900,
2026-04-02,600717.XSHG,sell,200,4.6,919.9999999999999,5.0,26900,
2026-04-02,600017.XSHG,sell,200,3.08,616.0,5.0,40300,
2026-04-02,000027.XSHE,sell,300,6.9,2070.0,5.0,18000,
2026-04-02,601006.XSHG,sell,300,5.32,1596.0,5.0,23300,
2026-04-02,001872.XSHE,sell,300,22.06,6618.0,5.0,5700,
2026-04-02,000001.XSHE,buy,200,11.15,2230.0,5.0,11000,
2026-04-02,000828.XSHE,buy,600,9.97,5982.0,5.0,12100,
2026-04-02,600012.XSHG,buy,3600,15.23,54828.0,16.4484,6200,
2026-04-02,600020.XSHG,buy,1400,3.87,5418.0,5.0,31200,
2026-04-02,600023.XSHG,buy,10000,5.47,54700.0,16.41,17500,
2026-04-02,600033.XSHG,buy,1200,3.76,4512.0,5.0,32300,
2026-04-02,600350.XSHG,buy,5200,10.58,55016.0,16.5048,9000,
2026-04-02,600377.XSHG,buy,100,11.9,1190.0,5.0,10300,
2026-04-02,600642.XSHG,buy,6100,8.92,54412.0,16.3236,10700,
2026-04-02,600886.XSHG,buy,3800,14.2,53960.0,16.188,6700,
2026-04-02,600908.XSHG,buy,500,5.69,2845.0,5.0,21500,
2026-04-02,601128.XSHG,buy,7800,7.12,55536.0,16.6608,13500,
2026-04-02,601139.XSHG,buy,7600,7.15,54340.0,16.302,13400,
2026-04-02,601169.XSHG,buy,10000,5.49,54900.0,16.47,17500,
2026-04-02,601333.XSHG,buy,17600,3.14,55264.0,16.5792,30600,
2026-04-02,601528.XSHG,buy,500,5.34,2670.0,5.0,22900,
2026-04-02,601816.XSHG,buy,10800,5.08,54864.0,16.4592,18900,
2026-04-02,601880.XSHG,buy,33300,1.65,54945.0,16.4835,58300,
2026-04-02,601997.XSHG,buy,200,5.81,1162.0,5.0,21200,
2026-04-02,603323.XSHG,buy,400,4.91,1964.0,5.0,25000,
2026-04-03,600717.XSHG,sell,100,4.62,462.0,5.0,26800,
2026-04-03,600017.XSHG,sell,500,3.11,1555.0,5.0,39800,
2026-04-03,002039.XSHE,sell,100,18.68,1868.0,5.0,6600,
2026-04-03,601006.XSHG,sell,100,5.33,533.0,5.0,23200,
2026-04-03,001872.XSHE,sell,100,22.02,2202.0,5.0,5600,
2026-04-03,000001.XSHE,sell,100,11.28,1128.0,5.0,10900,
2026-04-03,000027.XSHE,buy,200,6.79,1358.0,5.0,18200,
2026-04-03,000543.XSHE,buy,200,8.18,1636.0,5.0,15100,
2026-04-03,000828.XSHE,buy,400,9.88,3952.0000000000005,5.0,12500,
2026-04-03,600012.XSHG,buy,1800,15.4,27720.0,8.315999999999999,8000,
2026-04-03,600020.XSHG,buy,900,3.86,3474.0,5.0,32100,
2026-04-03,600023.XSHG,buy,5000,5.51,27550.0,8.264999999999999,22500,
2026-04-03,600033.XSHG,buy,400,3.78,1512.0,5.0,32700,
2026-04-03,600035.XSHG,buy,200,3.88,776.0,5.0,31900,
2026-04-03,600350.XSHG,buy,2600,10.6,27560.0,8.267999999999999,11600,
2026-04-03,600642.XSHG,buy,3200,8.91,28512.0,8.5536,13900,
2026-04-03,600886.XSHG,buy,2100,14.08,29568.0,8.8704,8800,
2026-04-03,600908.XSHG,buy,200,5.71,1142.0,5.0,21700,
2026-04-03,601128.XSHG,buy,3900,7.11,27729.0,8.3187,17400,
2026-04-03,601139.XSHG,buy,3700,7.24,26788.0,8.036399999999999,17100,
2026-04-03,601169.XSHG,buy,5000,5.51,27550.0,8.264999999999999,22500,
2026-04-03,601333.XSHG,buy,8600,3.16,27176.0,8.1528,39200,
2026-04-03,601528.XSHG,buy,400,5.32,2128.0,5.0,23300,
2026-04-03,601816.XSHG,buy,5300,5.12,27136.0,8.140799999999999,24200,
2026-04-03,601880.XSHG,buy,17200,1.64,28208.0,8.462399999999999,75500,
2026-04-03,601997.XSHG,buy,200,5.79,1158.0,5.0,21400,
2026-04-03,603323.XSHG,buy,200,4.91,982.0,5.0,25200,
