trade_date,strategy_return,benchmark_return,excess_return,strategy_nav,benchmark_nav,excess_nav,portfolio_value,cash,invested_value,cash_weight,selected_count,holding_count,buy_turnover,sell_turnover,commission,dividend_cash,corporate_action_share_value,benchmark_constituent_count,rebalance
2021-10-08,-0.0005992770500001798,0.0,-0.0005992770500001798,0.9994007229499998,1.0,0.9994007229499998,1998801.4458999997,17558.4458999996,1981243.0,0.008784487291629691,28,28,1981847.0,0.0,594.5541,0.0,0.0,0,1
2021-10-11,-0.0010661389125824483,-0.015819417688734034,0.014753278776151586,0.9983352229499998,0.9841805823112659,1.0141451604247684,1996670.4458999997,17558.4458999996,1979112.0,0.00879386277092168,0,28,0.0,0.0,0.0,0.0,0.0,201,0
2021-10-12,-0.022766901815642338,-0.01515995785052897,-0.007606943965113367,0.9756062229499998,0.9692604461661182,1.0064306150169262,1951212.4458999997,17558.4458999996,1933654.0,0.008998736112458907,0,28,0.0,0.0,0.0,0.0,0.0,201,0
2021-10-13,-0.01986252193165139,-0.030525850683934624,0.010663328752283235,0.9562282229499999,0.9396729465126074,1.0171625155312143,1912456.4458999997,17558.4458999996,1894898.0,0.009181095829733584,0,28,0.0,0.0,0.0,0.0,0.0,201,0
2021-10-14,-0.001996385333734141,-0.004030917484482752,0.002034532150748611,0.9543192229499998,0.9358852024028144,1.0192319653715989,1908638.4458999997,17558.4458999996,1891080.0,0.009199461499749937,0,28,0.0,0.0,0.0,0.0,0.0,201,0
2021-10-15,-0.011322731157607735,-0.011212178000039937,-0.00011055315756779843,0.9435137229499999,0.9253918909258706,1.019119286059533,1887027.4458999997,17558.4458999996,1869469.0,0.009304817446163464,0,28,0.0,0.0,0.0,0.0,0.0,201,0
2021-10-18,0.016863559705578623,0.019668993343306046,-0.0028054336377274225,0.95942472295,0.943593417868441,1.0162602145335649,1918849.4458999997,17558.4458999996,1901291.0,0.00915050731964234,0,28,0.0,0.0,0.0,0.0,0.0,201,0
2021-10-19,0.0012340728476951668,0.003324494570527402,-0.0020904217228322353,0.9606087229500001,0.94673038906293,1.0141358021050537,1921217.4458999997,17558.4458999996,1903659.0,0.009139228845475269,0,28,0.0,0.0,0.0,0.0,0.0,201,0
2021-10-20,0.0034472932848563786,0.007798603562473192,-0.004351310277616813,0.9639202229500001,0.9541135640477776,1.0097229825664549,1927840.4458999997,17558.4458999996,1910282.0,0.009107831479177497,0,28,0.0,0.0,0.0,0.0,0.0,201,0
2021-10-21,-0.0054667387139913926,-0.004530224056215051,-0.0009365146577763415,0.9586507229500002,0.9497912158275672,1.0087773621929879,1917301.4458999997,17558.4458999996,1899743.0,0.009157895299952427,0,28,0.0,0.0,0.0,0.0,0.0,201,0
2021-10-22,-0.015123860706415138,-0.02106928706456589,0.005945426358150752,0.9441522229500002,0.9297797920498931,1.0147749737116758,1888304.4458999997,17558.4458999996,1870746.0,0.009298524895243219,0,28,0.0,0.0,0.0,0.0,0.0,201,0
2021-10-25,0.004755589078603295,0.012601213326828474,-0.007845624248225179,0.9486422229500002,0.9414961455564881,1.0068134305714314,1897284.4458999997,17558.4458999996,1879726.0,0.00925451422845062,0,28,0.0,0.0,0.0,0.0,0.0,201,0
2021-10-26,-0.002036594991515428,0.0006140746918744854,-0.0026506696833899133,0.9467102229500002,0.9420742945119718,1.004144700734186,1893420.4458999997,17558.4458999996,1875862.0,0.009273400389237659,0,28,0.0,0.0,0.0,0.0,0.0,201,0
2021-10-27,-0.002657624201162667,0.0011461862058039145,-0.0038038104069665814,0.9441942229500001,0.9431540870731839,1.0003251246714329,1888388.4458999997,17558.4458999996,1870830.0,0.009298111274786636,0,28,0.0,0.0,0.0,0.0,0.0,201,0
2021-10-28,-0.008887472297576582,-0.014737242855207808,0.005849770557631227,0.9358027229500001,0.9292545962421046,1.0061767971337947,1871605.4458999997,17558.4458999996,1854047.0,0.009381488998369665,0,28,0.0,0.0,0.0,0.0,0.0,201,0
2021-10-29,-0.0007020710496854488,-0.00047367814790780764,-0.00022839290177764112,0.9351457229500001,0.9288144286460218,1.005946993495396,1870291.4458999997,17558.4458999996,1852733.0,0.009388080097618332,0,28,0.0,0.0,0.0,0.0,0.0,201,0
2021-11-01,-0.0014211688802976408,0.0031734994339729285,-0.004594668314270569,0.9338167229500001,0.9317620207095959,1.001325000718547,1867633.4458999997,17558.4458999996,1850075.0,0.009401441133186767,0,28,0.0,0.0,0.0,0.0,0.0,201,0
2021-11-02,-0.01901122518337095,-0.027143127939151687,0.008131902755780736,0.91606372295,0.9064710849726328,1.0094676782513223,1832127.4458999997,17558.4458999996,1814569.0,0.009583637830049714,0,28,0.0,0.0,0.0,0.0,0.0,201,0
2021-11-03,0.0043266640744556994,0.006839861107437159,-0.0025131970329814596,0.92002722295,0.9126712212917535,1.0069306870774504,1840054.4458999997,17558.4458999996,1822496.0,0.009542351281573892,0,28,0.0,0.0,0.0,0.0,0.0,201,0
2021-11-04,0.0021292848202019155,0.008977997036133455,-0.00684871221593154,0.9219862229499999,0.9208651808114752,1.0000345085802667,1843972.4458999997,17558.4458999996,1826414.0,0.009522076069542206,0,28,0.0,0.0,0.0,0.0,0.0,201,0
2021-11-05,-0.014657485831795158,-0.018926218769110128,0.0042687329373149695,0.90847222295,0.903436684942581,1.0043033888254949,1816944.4458999997,17558.4458999996,1799386.0,0.009663721936914947,0,28,0.0,0.0,0.0,0.0,0.0,201,0
2021-11-08,0.0019582326845648534,0.002768557728614336,-0.0008103250440494826,0.9102512229499999,0.9059379015589925,1.0034895766377059,1820502.4458999997,17558.4458999996,1802944.0,0.009644835105573972,0,28,0.0,0.0,0.0,0.0,0.0,201,0
2021-11-09,0.004528969471350397,0.004067412490189416,0.0004615569811609807,0.9143737229499999,0.9096227246951295,1.0039527442573253,1828747.4458999997,17558.4458999996,1811189.0,0.009601350880552226,0,28,0.0,0.0,0.0,0.0,0.0,201,0
2021-11-10,-0.005641019498415778,-0.00483677927529244,-0.0008042402231233379,0.9092157229499999,0.9052230803519891,1.0031453250782785,1818431.4458999997,17558.4458999996,1800873.0,0.009655819546889415,0,28,0.0,0.0,0.0,0.0,0.0,201,0
2021-11-11,0.008505132285778982,0.0042721923250942035,0.004232939960684779,0.9169487229499997,0.9090903674483669,1.0073915790111765,1833897.4458999997,17558.4458999996,1816339.0,0.00957438810946304,0,28,0.0,0.0,0.0,0.0,0.0,201,0
2021-11-12,-0.003392774232774287,0.0005498743596420955,-0.003942648592416382,0.9138377229499997,0.9095902529320244,1.003419788020176,1827675.4458999997,17558.4458999996,1810117.0,0.00960698243191275,0,28,0.0,0.0,0.0,0.0,0.0,201,0
2021-11-15,0.004097007494846983,0.010570161813108363,-0.006473154318261381,0.9175817229499997,0.9192047690891422,0.9969244968863243,1835163.4458999997,17558.4458999996,1817605.0,0.009567783152627365,0,28,0.0,0.0,0.0,0.0,0.0,201,0
2021-11-16,-0.0063138790312584625,-0.005110444474133944,-0.0012034345571245181,0.9117882229499997,0.914507224156353,0.9957247634959273,1823576.4458999997,17558.4458999996,1806018.0,0.009628576821924174,0,28,0.0,0.0,0.0,0.0,0.0,201,0
2021-11-17,0.0021463317366265944,0.007148719850035481,-0.005002388113408886,0.9137452229499997,0.9210447801026804,0.9907437617747884,1827490.4458999997,17558.4458999996,1809932.0,0.009607954963262444,0,28,0.0,0.0,0.0,0.0,0.0,201,0
2021-11-18,0.0009045190926761926,-0.0008630908768787167,0.0017676099695549093,0.9145717229499997,0.920249834755777,0.9924950103253759,1829143.4458999997,17558.4458999996,1811585.0,0.009599272238247152,0,28,0.0,0.0,0.0,0.0,0.0,201,0
2021-11-19,0.007090750607379626,0.009920705458225664,-0.0028299548508460386,0.9210567229499996,0.92937936231437,0.9896862942564651,1842113.4458999997,17558.4458999996,1824555.0,0.009531685433966899,0,28,0.0,0.0,0.0,0.0,0.0,201,0
2021-11-22,-0.0009016817089614326,0.0015471075948829307,-0.0024487893038443636,0.9202262229499997,0.9308172121843341,0.9872627610449285,1840452.4458999997,17558.4458999996,1822894.0,0.009540287736917508,0,28,0.0,0.0,0.0,0.0,0.0,201,0
2021-11-23,0.006078396659974228,0.0008679915826532719,0.005210405077320956,0.9258197229499997,0.9316251536894989,0.9924067999477268,1851639.4458999997,17558.4458999996,1834081.0,0.009482648438322298,0,28,0.0,0.0,0.0,0.0,0.0,201,0
2021-11-24,0.0023514297071391965,0.005956406548612456,-0.0036049768414732593,0.9279967229499997,0.9371742918557872,0.9888291964165947,1855993.4458999997,17558.4458999996,1838435.0,0.009460402965747133,0,28,0.0,0.0,0.0,0.0,0.0,201,0
2021-11-25,0.0019014075765169114,-0.0004896684338851197,0.002391076010402031,0.9297612229499996,0.9367153871880167,0.9911935621865315,1859522.4458999997,17558.4458999996,1841964.0,0.00944244902163652,0,28,0.0,0.0,0.0,0.0,0.0,201,0
2021-11-26,-7.690146484395921e-05,-0.003794922836830173,0.0037180213719862137,0.9296897229499996,0.9331606245735667,0.9948788410345163,1859379.4458999997,17558.4458999996,1841821.0,0.00944317521564338,0,28,0.0,0.0,0.0,0.0,0.0,201,0
2021-11-29,-0.0028418083310812747,-0.0021358904663223324,-0.0007059178647589423,0.9270477229499997,0.9311674956919926,0.9941765382873594,1854095.4458999997,17558.4458999996,1836537.0,0.00947008738888117,0,28,0.0,0.0,0.0,0.0,0.0,201,0
2021-11-30,0.0012334855819085,0.0011432217211657554,9.026386074274459e-05,0.9281912229499997,0.9322320265991113,0.9942662764999651,1856382.4458999997,17558.4458999996,1838824.0,0.00945842056348848,0,28,0.0,0.0,0.0,0.0,0.0,201,0
2021-12-01,0.014375809283771579,0.014990098416368641,-0.0006142891325970623,0.9415347229499996,0.9462062764247228,0.9936555095314035,1883069.4458999997,17558.4458999996,1865511.0,0.00932437512500112,0,28,0.0,0.0,0.0,0.0,0.0,201,0
2021-12-02,-0.001991960523902603,-0.005882394888722134,0.0038904343648195313,0.9396592229499997,0.9406403174606052,0.9975212610724767,1879318.4458999997,17558.4458999996,1861760.0,0.009342985984257136,0,28,0.0,0.0,0.0,0.0,0.0,201,0
2021-12-03,0.02066653476675695,0.01802829877157058,0.00263823599518637,0.9590787229499997,0.9575984621403699,1.000152957569402,1918157.4458999997,17558.4458999996,1900599.0,0.009153808482995083,0,28,0.0,0.0,0.0,0.0,0.0,201,0
2021-12-06,-0.002662972224161342,-0.0009369378294161795,-0.0017260343947451623,0.9565247229499998,0.9567012519157999,0.998426659164631,1913049.4458999997,17558.4458999996,1895491.0,0.00917824990756534,0,28,0.0,0.0,0.0,0.0,0.0,201,0
2021-12-07,0.0028708092264788654,0.008300669019150868,-0.005429859792672003,0.9592707229499998,0.9646425123581603,0.9930053423921013,1918541.4458999997,17558.4458999996,1900983.0,0.00915197632947816,0,28,0.0,0.0,0.0,0.0,0.0,201,0
2021-12-08,0.005292562233513154,0.004841720625130302,0.00045084160838285234,0.9643477229499998,0.9693130419061224,0.9934530305177981,1928695.4458999997,17558.4458999996,1911137.0,0.009103793933523905,0,28,0.0,0.0,0.0,0.0,0.0,201,0
2021-12-09,0.007145762711939563,0.006710577359689639,0.00043518535224992393,0.9712387229499998,0.9758176920595896,0.9938853667248277,1942477.4458999997,17558.4458999996,1924919.0,0.009039201941345743,0,28,0.0,0.0,0.0,0.0,0.0,201,0
2021-12-10,0.0005009067168597614,-0.004830265038959758,0.00533117175581952,0.9717252229499997,0.9711042339772357,0.9991839403204335,1943450.4458999997,17558.4458999996,1925892.0,0.009034676411246695,0,28,0.0,0.0,0.0,0.0,0.0,201,0
2021-12-13,0.005538602758155431,0.003735919537153962,0.001802683221001469,0.9771072229499999,0.9747322012575642,1.0009851524443432,1954214.4458999997,17558.4458999996,1936656.0,0.008984912549816497,0,28,0.0,0.0,0.0,0.0,0.0,201,0
2021-12-14,-0.0022965749789721768,-0.0004825823798594612,-0.0018139925991127155,0.9748632229499999,0.9742618126721557,0.9991693727859874,1949726.4458999997,17558.4458999996,1932168.0,0.00900559457298358,0,28,0.0,0.0,0.0,0.0,0.0,201,0
2021-12-15,0.013604472594490602,0.02016260751065019,-0.006558134916159589,0.98812572295,0.993905471213679,0.9926166852351622,1976251.4458999997,17558.4458999996,1958693.0,0.008884722607756702,0,28,0.0,0.0,0.0,0.0,0.0,201,0
2021-12-16,0.003593166251557811,0.008606837112984921,-0.00501367086142711,0.9916762229500001,1.0024598537101195,0.9876400318838323,1983352.4458999997,17558.4458999996,1965794.0,0.008852912620899298,0,28,0.0,0.0,0.0,0.0,0.0,201,0
2021-12-17,0.0007078923379968405,0.0019579316400464746,-0.001250039302049634,0.9923782229500001,1.0044226015755748,0.9864054430277001,1984756.4458999997,17558.4458999996,1967198.0,0.008846650145044682,0,28,0.0,0.0,0.0,0.0,0.0,201,0
2021-12-20,-0.0015719812909261721,-0.01419869724467732,0.012626715953751148,0.9908182229500001,0.990161109150092,0.998860504372045,1981636.4458999997,17558.4458999996,1964078.0,0.008860578809159457,0,28,0.0,0.0,0.0,0.0,0.0,201,0
2021-12-21,0.01437902500176258,0.012146737932591242,0.0022322870691713383,1.0050652229500001,1.002188336653982,1.0010902477598607,2010130.4458999997,17558.4458999996,1992572.0,0.008734978337258168,0,28,0.0,0.0,0.0,0.0,0.0,201,0
2021-12-22,-0.0030878593041860913,-0.005059402652753552,0.0019715433485674606,1.0019617229500002,0.9971178623249564,1.0030639405791473,2003923.4458999997,17558.4458999996,1986365.0,0.008762034266290932,0,28,0.0,0.0,0.0,0.0,0.0,201,0
2021-12-23,0.002952707605725191,0.007861833968086493,-0.004909126362361302,1.0049202229500003,1.0049570374051684,0.9981397729453162,2009840.4458999997,17558.4458999996,1992282.0,0.00873623870781294,0,28,0.0,0.0,0.0,0.0,0.0,201,0
2021-12-24,-0.0017608362928607235,-0.008750234181853674,0.00698939788899295,1.0031507229500003,0.9961634279851712,1.00511616896726,2006301.4458999997,17558.4458999996,1988743.0,0.008751648928869269,0,28,0.0,0.0,0.0,0.0,0.0,201,0
2021-12-27,0.006350491361124755,0.0057139785672489455,0.0006365127938758094,1.0095212229500004,1.0018554844621557,1.0057559382681394,2019042.4458999997,17558.4458999996,2001484.0,0.008696422373712317,0,28,0.0,0.0,0.0,0.0,0.0,201,0
2021-12-28,-0.0009529269698648202,-0.01287864033348026,0.011925713363615439,1.0085592229500004,0.9889529480116429,1.0177502953016793,2017118.4458999997,17558.4458999996,1999560.0,0.008704717333624578,0,28,0.0,0.0,0.0,0.0,0.0,201,0
2021-12-29,0.00042684652542357426,-0.007306202771404495,0.00773304929682807,1.0089897229500004,0.9817274572420917,1.0256206085071087,2017979.4458999997,17558.4458999996,2000421.0,0.008701003340580953,0,28,0.0,0.0,0.0,0.0,0.0,201,0
2021-12-30,0.010726571097628756,0.005198495469954224,0.0055280756276745325,1.0198127229500005,0.9868309629812944,1.0312903167962375,2039625.4458999997,17558.4458999996,2022067.0,0.008608661916478398,0,28,0.0,0.0,0.0,0.0,0.0,201,0
2021-12-31,-0.0034020952297632023,0.00587014481743243,-0.009272240047195632,1.0163432229500005,0.992623803644321,1.0217279454205543,2032686.4458999997,17558.4458999996,2015128.0,0.00863804938307903,0,28,0.0,0.0,0.0,0.0,0.0,201,0
2022-01-04,0.013897748940561172,0.008840707880626844,0.005057041059934328,1.0304681059000003,1.0013993007276971,1.0268948655926284,2060936.2117999995,15646.21179999951,2045290.0,0.007591798188811617,28,28,630849.0,629397.0,460.2341,0.0,0.0,201,1
2022-01-05,-0.00367502883235038,-0.012771267461006071,0.009096238628655691,1.0266811059000003,0.9886101624228392,1.0362357463366003,2053362.2117999995,15646.21179999951,2037716.0,0.007619801177836945,0,28,0.0,0.0,0.0,0.0,0.0,201,0
2022-01-06,0.003165052888697506,0.003707399908806234,-0.0005423470201087279,1.0299306059000002,0.9922753356488505,1.0356737469674446,2059861.2117999995,15646.21179999951,2044215.0,0.007595760195089622,0,28,0.0,0.0,0.0,0.0,0.0,201,0
2022-01-07,-0.003763845814264921,-0.006467263949894922,0.002703418135630001,1.0260541059000001,0.9858580291422387,1.0384736061575923,2052108.2117999995,15646.21179999951,2036462.0,0.007624457477452171,0,28,0.0,0.0,0.0,0.0,0.0,201,0
2022-01-10,0.0009463438569337068,0.002625565201260265,-0.001679221344326558,1.0270251059000002,0.9884464636769377,1.0367297791126127,2054050.2117999995,15646.21179999951,2038404.0,0.007617248940710396,0,28,0.0,0.0,0.0,0.0,0.0,201,0
2022-01-11,0.003991625887672434,0.0037658097670174853,0.00022581612065494892,1.0311246059,0.9921687650240262,1.0369638894094995,2062249.2117999995,15646.21179999951,2046603.0,0.007586964616338962,0,28,0.0,0.0,0.0,0.0,0.0,201,0
2022-01-12,-0.0024851506649512523,0.0028184764270990973,-0.00530362709205035,1.0285621059,0.9949651692999504,1.0314642196321493,2057124.2117999995,15646.21179999951,2041478.0,0.00760586634013167,0,28,0.0,0.0,0.0,0.0,0.0,201,0
2022-01-13,-0.0007617430153276095,-0.0035933616763953505,0.002831618661067741,1.0277786059,0.9913898995912397,1.0343849329646833,2055557.2117999995,15646.21179999951,2039911.0,0.007611664472378522,0,28,0.0,0.0,0.0,0.0,0.0,201,0
2022-01-14,-0.018350255484725464,-0.01937065800391524,0.0010204025191897746,1.0089186059000002,0.9721860248977219,1.0354404219560924,2017837.2117999995,15646.21179999951,2002191.0,0.007753951462735887,0,28,0.0,0.0,0.0,0.0,0.0,201,0
2022-01-17,0.0016924060969980559,0.002189809080639022,-0.0004974029836409661,1.0106261059000001,0.9743149266831131,1.034925390800829,2021252.2117999995,15646.21179999951,2005606.0,0.0077408507996466125,0,28,0.0,0.0,0.0,0.0,0.0,201,0
2022-01-18,0.0008643156899474924,0.005431100371744718,-0.004566784681797225,1.0114996059,0.9796065288436182,1.0301991093793166,2022999.2117999995,15646.21179999951,2007353.0,0.007734166038590799,0,28,0.0,0.0,0.0,0.0,0.0,202,0
2022-01-19,0.0059510650967027345,0.00132638362659521,0.004624681470107524,1.0175191059000002,0.9809058629039823,1.0349634521109843,2035038.2117999995,15646.21179999951,2019392.0,0.007688411799481825,0,28,0.0,0.0,0.0,0.0,0.0,202,0
2022-01-20,-0.004552248673407422,-0.008756515087661823,0.0042042664142544015,1.0128871059000002,0.9723165459158876,1.0393147141926753,2025774.2117999995,15646.21179999951,2010128.0,0.007723571417219832,0,28,0.0,0.0,0.0,0.0,0.0,202,0
2022-01-21,-0.0066285768284455315,-0.010148149182594112,0.0035195723541485806,1.0061731059000003,0.9624493325552286,1.0429726575280076,2012346.2117999995,15646.21179999951,1996700.0,0.007775109326741703,0,28,0.0,0.0,0.0,0.0,0.0,202,0
2022-01-24,-0.005438428007977225,-0.007551781357908499,0.002113353349931274,1.0007011059000004,0.9551811256277065,1.0451768272876811,2001402.2117999995,15646.21179999951,1985756.0,0.007817624917046429,0,28,0.0,0.0,0.0,0.0,0.0,202,0
2022-01-25,-0.024932020013669454,-0.033656257912277596,0.008724237898608142,0.9757516059000004,0.9230333033106408,1.0542951985750513,1951503.2117999995,15646.21179999951,1935857.0,0.008017517832096203,0,28,0.0,0.0,0.0,0.0,0.0,202,0
2022-01-26,0.007928247264184174,0.009490212025547621,-0.001561964761363447,0.9834876059000004,0.9317930850657004,1.0526484266268024,1966975.2117999995,15646.21179999951,1951329.0,0.007954452962160869,0,28,0.0,0.0,0.0,0.0,0.0,202,0
2022-01-27,-0.008547133639073778,-0.017001136545757908,0.00845400290668413,0.9750816059000004,0.9159515435941055,1.061547519485222,1950163.2117999995,15646.21179999951,1934517.0,0.008023026844793193,0,28,0.0,0.0,0.0,0.0,0.0,202,0
2022-01-28,0.007787040545177426,0.005576100371482473,0.002210940173694953,0.9826746059000004,0.9210589813366005,1.063894537542338,1965349.2117999995,15646.21179999951,1949703.0,0.007961033950638042,0,28,0.0,0.0,0.0,0.0,0.0,202,0
2022-02-07,0.027595095911900902,0.026769132444052022,0.0008259634678488802,1.0097916059000003,0.9457149311967835,1.064773275563992,2019583.2117999995,15646.21179999951,2003937.0,0.007747247901736353,0,28,0.0,0.0,0.0,0.0,0.0,202,0
2022-02-08,0.029187210339039815,0.025401272754246026,0.0037859375847937894,1.0392646059000004,0.969737294111876,1.0688044407272337,2078529.2117999995,15646.21179999951,2062883.0,0.007527540008182007,0,28,0.0,0.0,0.0,0.0,0.0,202,0
2022-02-09,-0.0027832180405057416,0.007329311572575268,-0.01011252961308101,1.0363721059000004,0.976844800883968,1.057996124169787,2072744.2117999995,15646.21179999951,2057098.0,0.00754854926668068,0,28,0.0,0.0,0.0,0.0,0.0,202,0
2022-02-10,0.00940395823519058,0.007216075880310417,0.002187882354880162,1.0461181059000004,0.9838937870904334,1.0603108952213898,2092236.2117999995,15646.21179999951,2076590.0,0.0074782243571526325,0,28,0.0,0.0,0.0,0.0,0.0,202,0
2022-02-11,-0.007144986744655912,-0.010064196149043806,0.0029192094043878937,1.0386436059000004,0.9739916870273296,1.063406164758295,2077287.2117999995,15646.21179999951,2061641.0,0.007532040688028807,0,28,0.0,0.0,0.0,0.0,0.0,202,0
2022-02-14,-0.008733505842112077,-0.013063020294480657,0.00432951445236858,1.0295726059000003,0.9612684138530362,1.068010197117354,2059145.2117999995,15646.21179999951,2043499.0,0.007598401370791325,0,28,0.0,0.0,0.0,0.0,0.0,202,0
2022-02-15,-0.0038889923615439415,-0.0036773698248527627,-0.00021162253669117876,1.0255686059000004,0.957733474394349,1.0677841820902279,2051137.2117999995,15646.21179999951,2035491.0,0.007628066864560949,0,28,0.0,0.0,0.0,0.0,0.0,202,0
2022-02-16,0.012671994760014238,0.010609519958300123,0.002062474801714115,1.0385646059000004,0.9678945668056679,1.069986460059458,2077129.2117999995,15646.21179999951,2061483.0,0.0075326136241860514,0,28,0.0,0.0,0.0,0.0,0.0,202,0
2022-02-17,-0.0039414976947463876,-0.0002736214124938807,-0.003667876282252507,1.0344711059000005,0.9676297301271534,1.0660618821002745,2068942.2117999995,15646.21179999951,2053296.0,0.0075624208886855065,0,28,0.0,0.0,0.0,0.0,0.0,202,0
2022-02-18,0.013047730306838368,0.008312259927791842,0.004735470379046525,1.0479686059000004,0.9756729199578293,1.071110186565191,2095937.2117999995,15646.21179999951,2080291.0,0.007465019329735779,0,28,0.0,0.0,0.0,0.0,0.0,202,0
2022-02-21,0.000352109784513166,0.004077966236323402,-0.0037258564518102364,1.0483376059000005,0.9796516811831125,1.0671193837659776,2096675.2117999995,15646.21179999951,2081029.0,0.007462391748585232,0,28,0.0,0.0,0.0,0.0,0.0,202,0
2022-02-22,-0.009566097737560897,-0.007594726251776257,-0.0019713714857846395,1.0383091059000005,0.9722114948424344,1.0650156950408933,2076618.2117999995,15646.21179999951,2060972.0,0.007534467198203695,0,28,0.0,0.0,0.0,0.0,0.0,202,0
2022-02-23,-0.003377606899594876,0.0012035476581863432,-0.004581154557781219,1.0348021059000005,0.973381597710314,1.0601366935354481,2069604.2117999995,15646.21179999951,2053958.0,0.007560001912825405,0,28,0.0,0.0,0.0,0.0,0.0,202,0
2022-02-24,-0.01764298690146293,-0.0110939323259415,-0.006549054575521431,1.0165451059000006,0.9625829681379989,1.0531938004719716,2033090.2117999995,15646.21179999951,2017444.0,0.007695778430877946,0,28,0.0,0.0,0.0,0.0,0.0,202,0
2022-02-25,0.013239943728895476,0.015588440432868878,-0.0023484967039734024,1.0300041059000007,0.9775881353985122,1.050720378302918,2060008.2117999995,15646.21179999951,2044362.0,0.007595218169702402,0,28,0.0,0.0,0.0,0.0,0.0,202,0
2022-02-28,0.0031223176505592587,1.3055475258044131e-05,0.0031092621753012147,1.0332201059000008,0.9776008982762264,1.0539873434319935,2066440.2117999995,15646.21179999951,2050794.0,0.007571577300255242,0,28,0.0,0.0,0.0,0.0,0.0,202,0
2022-03-01,0.007571474805153633,0.005405941633324501,0.0021655331718291315,1.041043105900001,0.9828857516729933,1.0562697879868834,2082086.2117999995,15646.21179999951,2066440.0,0.00751468008929039,0,28,0.0,0.0,0.0,0.0,0.0,202,0
2022-03-02,0.011007229129185392,0.007108028018270385,0.003899201110915007,1.052502105900001,0.9898721311346438,1.0603883963176277,2105004.2117999997,15646.21179999951,2089358.0,0.0074328648428785594,0,28,0.0,0.0,0.0,0.0,0.0,202,0
2022-03-03,0.028061226513884208,0.01757016003671892,0.010491066477165287,1.082036605900001,1.0072643428945673,1.0715130014750107,2164073.2117999997,15646.21179999951,2148427.0,0.007229982661716672,0,28,0.0,0.0,0.0,0.0,0.0,202,0
2022-03-04,-0.018749827768650307,-0.013372221711425488,-0.005377606057224819,1.0617486059000012,0.9937949807793679,1.0657508266678835,2123497.2117999997,15646.21179999951,2107851.0,0.007368133903381428,0,28,0.0,0.0,0.0,0.0,0.0,202,0
2022-03-07,-0.013356269008688249,-0.014012089560087544,0.0006558205513992957,1.047567605900001,0.9798698365043219,1.0664497679626832,2095135.2117999995,15646.21179999951,2079489.0,0.007467876875859165,0,28,0.0,0.0,0.0,0.0,0.0,202,0
2022-03-08,-0.02939762534327528,-0.03588574243650103,0.006488117093225748,1.016771605900001,0.9447064799302315,1.0733690189312686,2033543.2117999995,15646.21179999951,2017897.0,0.007694064089324268,0,28,0.0,0.0,0.0,0.0,0.0,202,0
2022-03-09,-0.005112750955902801,-0.004660543921417761,-0.00045220703448503943,1.0115731059000008,0.9403036338876687,1.0728836339103096,2023146.2117999995,15646.21179999951,2007500.0,0.007733604080981882,0,28,0.0,0.0,0.0,0.0,0.0,202,0
2022-03-10,0.011638802901472012,0.017609096795808764,-0.005970293894336752,1.0233466059000007,0.9568615315942472,1.066478203301441,2046693.2117999995,15646.21179999951,2031047.0,0.007644629742158172,0,28,0.0,0.0,0.0,0.0,0.0,202,0
2022-03-11,0.005071595459522404,-0.0021678109851095023,0.007239406444631906,1.0285366059000007,0.9547872366548285,1.074198872479481,2057073.2117999995,15646.21179999951,2041427.0,0.007606054908618744,0,28,0.0,0.0,0.0,0.0,0.0,202,0
2022-03-14,-0.0227143106681722,-0.03054972468277112,0.007835414014598922,1.0051741059000008,0.9256187494443996,1.082615665379373,2010348.2117999995,15646.21179999951,1994702.0,0.0077828366788211326,0,28,0.0,0.0,0.0,0.0,0.0,202,0
2022-03-15,-0.05000626230318017,-0.05622094912758391,0.006214686824403737,0.9549091059000008,0.8735795848203481,1.0893437826908994,1909818.2117999995,15646.21179999951,1894172.0,0.008192513666132124,0,28,0.0,0.0,0.0,0.0,0.0,202,0
2022-03-16,0.025033272645850424,0.029197887577602055,-0.004164614931751631,0.9788136059000008,0.8990862633280209,1.084807085307694,1957627.2117999995,15646.21179999951,1941981.0,0.007992436816207274,0,28,0.0,0.0,0.0,0.0,0.0,202,0
2022-03-17,-0.0008586925998307349,0.0057797036487624315,-0.006638396248593166,0.9779731059000007,0.9042827154847299,1.0776057060221402,1955946.2117999995,15646.21179999951,1940300.0,0.007999305760867914,0,28,0.0,0.0,0.0,0.0,0.0,202,0
2022-03-18,0.02256299264967354,0.023677802680765705,-0.0011148100310921644,1.000039105900001,0.9256941431896044,1.0764043803715047,2000078.2117999995,15646.21179999951,1984432.0,0.007822799982365927,0,28,0.0,0.0,0.0,0.0,0.0,202,0
2022-03-21,-0.00044948242258535664,0.0024399867301221206,-0.0028894691527074773,0.9995896059000009,0.9279528246151388,1.073294143118582,1999179.2117999995,15646.21179999951,1983533.0,0.007826317774639194,0,28,0.0,0.0,0.0,0.0,0.0,202,0
2022-03-22,0.009345335270457555,0.005023362437966639,0.004321972832490917,1.008931105900001,0.9326142679785157,1.0779328912464123,2017862.2117999995,15646.21179999951,2002216.0,0.007753855396321919,0,28,0.0,0.0,0.0,0.0,0.0,202,0
2022-03-23,-0.006489541220120687,-0.002755490633706555,-0.003734050586414132,1.002383605900001,0.9300444580982398,1.0739078353017386,2004767.2117999995,15646.21179999951,1989121.0,0.007804503040505839,0,28,0.0,0.0,0.0,0.0,0.0,202,0
2022-03-24,-0.007323044747334251,-0.0077595399700550755,0.0004364952227208247,0.9950431059000011,0.9228277409516983,1.0743765909414904,1990086.2117999995,15646.21179999951,1974440.0,0.007862077385003222,0,28,0.0,0.0,0.0,0.0,0.0,202,0
2022-03-25,0.0073182759187238045,-0.004473866021769736,0.01179214194049354,1.0023251059000011,0.918699133277508,1.087045792199416,2004650.2117999995,15646.21179999951,1989004.0,0.007804958544837899,0,28,0.0,0.0,0.0,0.0,0.0,202,0
2022-03-28,0.008978124908803675,0.006160373329147012,0.0028177515796566632,1.011324105900001,0.9243586629156613,1.090108817197545,2022648.2117999995,15646.21179999951,2007002.0,0.007735508186109932,0,28,0.0,0.0,0.0,0.0,0.0,202,0
2022-03-29,0.0001236003366980043,-0.005114791667301993,0.005238392003999997,1.0114491059000013,0.9196307609289818,1.0958192345090425,2022898.2117999995,15646.21179999951,2007252.0,0.007734552192854687,0,28,0.0,0.0,0.0,0.0,0.0,202,0
2022-03-30,0.0048193230599207215,0.009345831169462939,-0.004526508109542218,1.0163236059000014,0.9282254747588689,1.090858999857445,2032647.2117999995,15646.21179999951,2017001.0,0.0076974556672547685,0,28,0.0,0.0,0.0,0.0,0.0,202,0
2022-03-31,0.0185221516953058,0.004927185297209324,0.013594966398096476,1.0351481059000014,0.9327990136705958,1.1056891913055682,2070296.2117999995,15646.21179999951,2054650.0,0.007557474969437373,0,28,0.0,0.0,0.0,0.0,0.0,202,0
2022-04-01,0.01265401967635471,0.012308232415501469,0.00034578726085324196,1.0482468904000013,0.9442801207278041,1.1060715245423847,2096493.7807999994,236764.7807999993,1859729.0,0.1129336909884142,25,25,894899.0,1116667.0,649.4309999999999,0.0,0.0,202,1
2022-04-06,0.01241835308000061,0.016232785329623425,-0.003814432249622815,1.0612643904000012,0.9596084172186093,1.1018524896487807,2122528.7807999994,236764.7807999993,1885764.0,0.11154844303725324,0,25,0.0,0.0,0.0,0.0,0.0,202,0
2022-04-07,-0.00567200789402833,-0.02037660853110406,0.01470460063707573,1.0552448904000011,0.9400548521577934,1.1180547904700335,2110489.7807999994,236764.7807999993,1873725.0,0.11218475585806986,0,25,0.0,0.0,0.0,0.0,0.0,202,0
2022-04-08,0.01006543608656929,0.00353337678525007,0.006532059301319221,1.0658663904000012,0.9433764201492695,1.1253579906635078,2131732.7807999994,236764.7807999993,1894968.0,0.11106681988121697,0,25,0.0,0.0,0.0,0.0,0.0,202,0
2022-04-11,-0.010384978923902444,-0.022959108961996832,0.012574130038094388,1.0547973904000012,0.921717338126884,1.1395083883775194,2109594.7807999994,236764.7807999993,1872830.0,0.11223235047548492,0,25,0.0,0.0,0.0,0.0,0.0,202,0
2022-04-12,0.014004111248699935,0.017294142505274016,-0.0032900312565740802,1.0695688904000011,0.9376576491220321,1.135759370162629,2139137.7807999994,236764.7807999993,1902373.0,0.11068234263594443,0,25,0.0,0.0,0.0,0.0,0.0,202,0
2022-04-13,-0.001988651707329092,-0.00823432220258369,0.006245670495254598,1.0674418904000011,0.9299366739234441,1.1428529489505628,2134883.7807999994,236764.7807999993,1898119.0,0.11090288985720669,0,25,0.0,0.0,0.0,0.0,0.0,202,0
2022-04-14,-0.007446775390294369,0.0012231926884196426,-0.008669968078714011,1.0594928904000012,0.9310741656636806,1.1329444503644972,2118985.7807999994,236764.7807999993,1882221.0,0.11173495497011378,0,25,0.0,0.0,0.0,0.0,0.0,202,0
2022-04-15,-0.005412495026592357,-0.0014164097465462129,-0.003996085280046144,1.0537583904000012,0.9297553831406772,1.1284171077232856,2107516.7807999994,236764.7807999993,1870752.0,0.11234301095819743,0,25,0.0,0.0,0.0,0.0,0.0,202,0
2022-04-18,-0.0032811126644387567,-0.0041372775659830816,0.0008561649015443248,1.050300890400001,0.9259087270521573,1.1293832188452206,2100601.7807999994,236764.7807999993,1863837.0,0.11271283446681127,0,25,0.0,0.0,0.0,0.0,0.0,202,0
2022-04-19,0.007322663505570315,0.010927085479490943,-0.003604421973920628,1.0579918904000012,0.936026210858863,1.1253124451542378,2115983.7807999994,236764.7807999993,1879219.0,0.11189347619218735,0,25,0.0,0.0,0.0,0.0,0.0,202,0
2022-04-20,-0.008784566388770898,-0.012330288994637976,0.003545722605867078,1.048697890400001,0.9244847371724173,1.1293024909296847,2097395.7807999994,236764.7807999993,1860631.0,0.11288512304992399,0,25,0.0,0.0,0.0,0.0,0.0,202,0
2022-04-21,-0.021231090673318298,-0.03131023730680253,0.010079146633484234,1.026432890400001,0.895538900665032,1.140684896329324,2052865.7807999994,236764.7807999993,1816101.0,0.1153337850990591,0,25,0.0,0.0,0.0,0.0,0.0,202,0
2022-04-22,0.020839160747922136,0.016323013489303068,0.004516147258619069,1.047822890400001,0.9101567942207829,1.1458363972968297,2095645.7807999994,236764.7807999993,1858881.0,0.11297938944128996,0,25,0.0,0.0,0.0,0.0,0.0,202,0
2022-04-25,-0.03617071200413624,-0.055157096716303144,0.018986384712166904,1.009922390400001,0.8599551878949468,1.1675916879531107,2019844.7807999994,239584.7807999993,1780260.0,0.11861544168018051,0,25,0.0,0.0,0.0,2820.0,0.0,202,0
2022-04-26,-0.016386407665885505,-0.027126568204620474,0.010740160538734968,0.9933733904000009,0.8366275548375974,1.1801318101254197,1986746.7807999994,239584.7807999993,1747162.0,0.12059150321286852,0,25,0.0,0.0,0.0,0.0,0.0,202,0
2022-04-27,0.01091029828736989,0.024801045152250793,-0.013890746864880902,1.004211390400001,0.857376792600742,1.1637388978837737,2008422.7807999994,239584.7807999993,1768838.0,0.11929001358198466,0,25,0.0,0.0,0.0,0.0,0.0,202,0
2022-04-28,0.002326701352261429,-0.0023068766272980423,0.0046335779795594716,1.006547890400001,0.8553989301171036,1.1691311728149647,2013095.7807999994,239584.7807999993,1773511.0,0.11901310562818272,0,25,0.0,0.0,0.0,0.0,0.0,202,0
2022-04-29,0.008887306888542668,0.02443558671325063,-0.015548279824707963,1.015493390400001,0.8763011048484018,1.1509531941882487,2030986.7807999994,239584.7807999993,1791402.0,0.11796471698630535,0,25,0.0,0.0,0.0,0.0,0.0,202,0
2022-05-05,0.013097574170089832,0.016008025504722703,-0.0029104513346328714,1.028793890400001,0.8903289552846319,1.1476034009281235,2057587.7807999994,239584.7807999993,1818003.0,0.11643964016293276,0,25,0.0,0.0,0.0,0.0,0.0,202,0
2022-05-06,-0.013153752297983101,-0.017255853517305148,0.004102101219322047,1.015261390400001,0.8749655692500249,1.152310986238369,2030522.7807999994,239584.7807999993,1790938.0,0.11799167340816834,0,25,0.0,0.0,0.0,0.0,0.0,202,0
2022-05-09,0.004669240891877369,0.009027149576914742,-0.004357908685037373,1.020001890400001,0.8828640143182952,1.1472893201835768,2040003.7807999994,239584.7807999993,1800419.0,0.1174433023384127,0,25,0.0,0.0,0.0,0.0,0.0,202,0
2022-05-10,0.008324494375858693,0.016318131534088738,-0.007993637158230045,1.028492890400001,0.8972707054306548,1.1381183056425168,2056985.7807999994,239584.7807999993,1817401.0,0.11647371753188318,0,25,0.0,0.0,0.0,0.0,0.0,202,0
2022-05-11,-0.006027265776809676,-0.0016926048081778201,-0.004334660968631856,1.022293890400001,0.8957519807204057,1.1331849486453627,2044587.7807999994,239584.7807999993,1805003.0,0.11717999249034707,0,25,0.0,0.0,0.0,0.0,0.0,202,0
2022-05-12,0.002377007260651043,0.00775507101022562,-0.0053780637495745775,1.024723890400001,0.9026986009384428,1.1270906077514895,2049447.7807999994,239584.7807999993,1809863.0,0.11690211531346151,0,25,0.0,0.0,0.0,0.0,0.0,202,0
2022-05-13,0.011473432121710925,0.010150576778996735,0.0013228553427141899,1.0364809904000007,0.9118615123955613,1.1285815855836767,2072961.9807999993,242075.98079999932,1830886.0,0.11677781987423481,0,25,0.0,0.0,0.0,2491.2,0.0,202,0
2022-05-16,0.0008905131966230329,-0.0012188038043021397,0.0021093170009251726,1.0374039904000008,0.9107501321152569,1.1309621219090795,2074807.9807999993,242075.98079999932,1832732.0,0.11667392020858733,0,25,0.0,0.0,0.0,0.0,0.0,202,0
2022-05-17,-0.006186692994621379,-0.0037833537472547773,-0.0024033392473666016,1.0309858904000009,0.9073044421901059,1.1282440362542105,2061971.7807999994,243692.7807999993,1818279.0,0.11818434329176508,0,25,0.0,0.0,0.0,1616.8,0.0,202,0
2022-05-18,-0.001794398950777376,0.0025813887869473636,-0.00437578773772474,1.0291358904000008,0.909646547703523,1.1233070798352083,2058271.7807999994,243692.7807999993,1814579.0,0.11839679437536764,0,25,0.0,0.0,0.0,0.0,0.0,202,0
2022-05-19,0.001211210309180366,0.002577480776751611,-0.001366270467571245,1.0303823904000007,0.9119911441938673,1.1217723385460159,2060764.7807999994,243692.7807999993,1817072.0,0.11825356443902177,0,25,0.0,0.0,0.0,0.0,0.0,202,0
2022-05-20,0.007241272822125389,0.007982290676937509,-0.0007410178548121205,1.0378436704000007,0.9192709226016156,1.1209410852141188,2075687.3407999994,245135.3407999993,1830552.0,0.11809839371353523,0,25,0.0,0.0,0.0,1442.56,0.0,202,0
2022-05-23,0.001311372838527225,0.0028179606847185167,-0.0015065878461912917,1.0392046704000006,0.9218613919201119,1.1192522889988388,2078409.3407999994,245135.3407999993,1833274.0,0.1179437255154196,0,25,0.0,0.0,0.0,0.0,0.0,202,0
2022-05-24,-0.015563825356726402,-0.026139001734171906,0.010575176377445504,1.0230306704000005,0.8977648553980458,1.1310885793658612,2046061.3407999994,245135.3407999993,1800926.0,0.11980840256927618,0,25,0.0,0.0,0.0,0.0,0.0,202,0
2022-05-25,0.026915615334615284,0.029514926496933953,-0.002599311162318669,1.0505661704000004,0.9242623191166497,1.1281485281959442,2101132.3407999994,245135.3407999993,1855997.0,0.11666820601441259,0,25,0.0,0.0,0.0,0.0,0.0,202,0
2022-05-26,0.004733162117819489,0.006514493029499409,-0.0017813309116799193,1.0555386704000005,0.930283419551964,1.1261389223497027,2111077.3407999994,245135.3407999993,1865942.0,0.11611859786581978,0,25,0.0,0.0,0.0,0.0,0.0,202,0
2022-05-27,-0.00012384198103365662,0.00174346916300043,-0.0018673111440340867,1.0554079504000005,0.9319053400068036,1.1240360705902686,2110815.9007999995,246165.9007999993,1864650.0,0.11662120827624162,0,25,0.0,0.0,0.0,1030.56,0.0,202,0
2022-05-30,0.0022555259310845788,0.007933530579758685,-0.005678004648674106,1.0577884504000006,0.939298639519188,1.1176537885561797,2115576.9007999995,246165.9007999993,1869411.0,0.1163587580800832,0,25,0.0,0.0,0.0,0.0,0.0,202,0
2022-05-31,0.004274011498509367,0.00882581138092656,-0.004551799882417194,1.0623094504000006,0.9475887121419453,1.1125664521728467,2124618.9007999995,246165.9007999993,1878453.0,0.11586355590986624,0,25,0.0,0.0,0.0,0.0,0.0,202,0
2022-06-01,1.7885560551933466e-05,0.0028789108706008385,-0.002861025310048905,1.0623284504000006,0.9503167355861895,1.1093833713940688,2124656.9007999995,246165.9007999993,1878491.0,0.11586148366228456,0,25,0.0,0.0,0.0,0.0,0.0,202,0
2022-06-02,-0.0054295825343171344,-0.006463285459614361,0.001033702925297227,1.0565604504000006,0.9441745672470471,1.1105301442303548,2113120.9007999995,246165.9007999993,1866955.0,0.11649399743611649,0,25,0.0,0.0,0.0,0.0,0.0,202,0
2022-06-06,-0.0011788251202554667,0.0029501446339874004,-0.0041289697542428675,1.0553149504000006,0.9469600187801583,1.1059447988536528,2110629.9007999995,246165.9007999993,1864464.0,0.11663148556110864,0,25,0.0,0.0,0.0,0.0,0.0,202,0
2022-06-07,0.01104551773438045,0.005530788170490221,0.005514729563890229,1.0669714504000005,0.9521974540499548,1.1120437853319216,2133942.9007999995,246165.9007999993,1887777.0,0.1153573044094636,0,25,0.0,0.0,0.0,0.0,0.0,202,0
2022-06-08,0.0004948586017010648,0.010307055207060068,-0.009812196605359003,1.0674994504000004,0.9620118057768697,1.101132193076477,2134998.9007999995,246165.9007999993,1888833.0,0.11530024709041263,0,25,0.0,0.0,0.0,0.0,0.0,202,0
2022-06-09,0.0025629989776339013,-0.003751316779908625,0.006314315757542526,1.0702354504000002,0.9584029947473888,1.1080850894343572,2140470.9007999995,246165.9007999993,1894305.0,0.11500548814188269,0,25,0.0,0.0,0.0,0.0,0.0,202,0
2022-06-10,0.006927447597843139,0.01473618315304136,-0.007808735555198221,1.0776494504000003,0.9725261968124095,1.0994323459983062,2155298.9007999995,246165.9007999993,1909133.0,0.11421427473870466,0,25,0.0,0.0,0.0,0.0,0.0,202,0
2022-06-13,-0.011231852802882525,-0.017658970626626892,0.006427117823744367,1.0655454504000001,0.9553523852692739,1.106498527225273,2131090.9007999995,246165.9007999993,1884925.0,0.115511684981429,0,25,0.0,0.0,0.0,0.0,0.0,202,0
2022-06-14,0.011976964469426532,0.015214193235469544,-0.003237228766043012,1.0783074504,0.9698873010667273,1.102916538363355,2156614.9007999995,246165.9007999993,1910449.0,0.11414457940946421,0,25,0.0,0.0,0.0,0.0,0.0,202,0
2022-06-15,-0.001966044099216413,-0.001993230965426667,2.7186866210253922e-05,1.0761874504,0.9679540916652669,1.1029465232077247,2152374.9007999995,250517.9007999993,1901857.0,0.11639138734933503,0,25,0.0,0.0,0.0,4352.0,0.0,202,0
2022-06-16,-0.011865962565586141,-0.009114587688269355,-0.002751374877316786,1.0634174504,0.9591315892185648,1.099911903852747,2126834.9007999995,250517.9007999993,1876317.0,0.11778906802110879,0,25,0.0,0.0,0.0,0.0,0.0,202,0
2022-06-17,-0.0004617189607104555,-0.00061911964491389,0.0001574006842034345,1.0629264504,0.9585377720096221,1.1000850307389767,2125852.9007999995,250517.9007999993,1875335.0,0.11784347858956967,0,25,0.0,0.0,0.0,0.0,0.0,202,0
2022-06-20,-0.003990398393420191,0.005866807707970183,-0.009857206101390376,1.0586849504,0.9641613287988288,1.0892412658619282,2117369.9007999995,250517.9007999993,1866852.0,0.11831560498963685,0,25,0.0,0.0,0.0,0.0,0.0,202,0
2022-06-21,0.003435866353465933,-0.0009777272789289978,0.00441359363239493,1.0623224504000002,0.9632186419663737,1.0940487341770782,2124644.9007999995,253301.9007999993,1871343.0,0.11922081694904532,0,25,0.0,0.0,0.0,2784.0,0.0,202,0
2022-06-22,-0.009163884276694345,-0.014195097129116168,0.0050312128524218225,1.0525874504000001,0.9495456597870857,1.0995531262296458,2105174.9007999995,253301.9007999993,1851873.0,0.12032344709398758,0,25,0.0,0.0,0.0,0.0,0.0,202,0
2022-06-23,0.004925842501760425,0.007038276970605651,-0.0021124344688452264,1.0577723304000002,0.9562288251369038,1.0972303923054718,2115544.6607999993,254691.6607999993,1860853.0,0.1203905857055681,0,25,0.0,0.0,0.0,1389.76,0.0,202,0
2022-06-24,-0.003589619326272331,-0.0022499937339258854,-0.0013396255923464454,1.0539753304000001,0.9540773162721464,1.095760514391239,2107950.6607999993,254691.6607999993,1853259.0,0.1208242989441413,0,25,0.0,0.0,0.0,0.0,0.0,202,0
2022-06-27,-0.0004188902598246669,0.003878929723315809,-0.004297819983140476,1.0535338304000001,0.9577781151325757,1.091051132955752,2107067.6607999993,254691.6607999993,1852376.0,0.12087493227592865,0,25,0.0,0.0,0.0,0.0,0.0,202,0
2022-06-28,0.007347177448550513,0.011252285882793978,-0.003905108434243465,1.0612743304,0.968555308296331,1.0867904599742557,2122548.6607999993,254691.6607999993,1867857.0,0.11999332006080123,0,25,0.0,0.0,0.0,0.0,0.0,202,0
2022-06-29,-0.004200233504488726,-0.010340498822261564,0.006140265317772838,1.0568167304000002,0.9585399632715976,1.0934636417433221,2113633.4607999995,261420.4607999993,1852213.0,0.12368296852239129,0,25,0.0,0.0,0.0,6728.8,0.0,202,0
2022-06-30,0.0025624121213287943,0.0021522473331289146,0.0004101647881998797,1.0595247304000002,0.9606029783512465,1.093912142026342,2119049.4607999995,262588.4607999993,1856461.0,0.1239180423381269,0,25,0.0,0.0,0.0,1168.0,0.0,202,0
2022-07-01,0.00305749649541176,0.008498537805128591,-0.005441041309716831,1.0627642235500003,0.9687666990784837,1.087960120872376,2125528.4470999995,90513.4470999993,2035015.0,0.04258397351655907,27,27,810010.0,638430.0,495.0137,0.0,0.0,202,1
2022-07-04,0.007998951989184988,0.011864555958816022,-0.003865603969631034,1.0712652235500002,0.9802606857907378,1.0837544979103315,2142530.4470999995,90513.4470999993,2052017.0,0.04224604939571004,0,27,0.0,0.0,0.0,0.0,0.0,202,0
2022-07-05,0.0044195404610547495,0.0060226288034867115,-0.001603088342431962,1.0759997235500003,0.9861644320319068,1.0820171437086732,2151999.4470999995,90513.4470999993,2061486.0,0.04206016280439746,0,27,0.0,0.0,0.0,0.0,0.0,202,0
2022-07-06,-0.002718402185411084,-0.012614384579350825,0.009895982393939741,1.0730747235500002,0.9737245746277793,1.0927247663127553,2146149.4470999995,90513.4470999993,2055636.0,0.04217481090252418,0,27,0.0,0.0,0.0,0.0,0.0,202,0
2022-07-07,0.005482880055673656,0.009822425392601182,-0.004339545336927526,1.0789582635500001,0.983288911615003,1.0879828376485576,2157916.527099999,100939.52709999931,2056977.0,0.04677638167758549,0,27,0.0,0.0,0.0,10426.08,0.0,202,0
2022-07-08,0.006715681453849376,0.004113270116666884,0.002602411337182492,1.0862042035500004,0.9873334445111989,1.0908142165199142,2172408.4070999995,104550.40709999931,2067858.0,0.04812649719007771,0,27,0.0,0.0,0.0,3610.88,0.0,202,0
2022-07-11,0.008797148794646548,0.008106801794583082,0.0006903470000634657,1.0957597035500002,0.9953375610510142,1.0915672568419152,2191519.4070999995,104550.40709999931,2086969.0,0.047706813255351956,0,27,0.0,0.0,0.0,0.0,0.0,202,0
2022-07-12,0.014999781381584532,0.005852074060899183,0.009147707320685348,1.11219585955,1.0011623501738796,1.1015525946283484,2224391.7190999994,108257.71909999932,2116134.0,0.04866845986272641,0,27,0.0,0.0,0.0,3707.312,0.0,202,0
2022-07-13,0.019861609634959088,0.012601108276953722,0.007260501358005366,1.13428585955,1.01377810535123,1.109550418737562,2268571.7190999994,108257.71909999932,2160314.0,0.04772065092257605,0,27,0.0,0.0,0.0,0.0,0.0,202,0
2022-07-14,-0.020232113277956598,-0.01660175627253306,-0.0036303570054235373,1.1113368595500002,0.9969476083317587,1.1055223546020274,2222673.7190999994,108257.71909999932,2114416.0,0.04870607780607349,0,27,0.0,0.0,0.0,0.0,0.0,202,0
2022-07-15,-0.00829814283648822,-0.018918868134979335,0.010620725298491115,1.1021148275500001,0.9780864879922471,1.1172638038415967,2204229.655099999,123583.65509999932,2080646.0,0.0560665966969729,0,27,0.0,0.0,0.0,15325.936,0.0,202,0
2022-07-18,0.024751504396906876,0.0257184422951916,-0.0009669378982847254,1.1293938275500002,1.0032413488933822,1.1161834791272804,2258787.655099999,123583.65509999932,2135204.0,0.054712382910791196,0,27,0.0,0.0,0.0,0.0,0.0,202,0
2022-07-19,-0.0030261011851054898,-0.00035888452988690303,-0.002667216655218587,1.1259761675500002,1.0028813010935216,1.1132063759614723,2251952.3350999993,124775.33509999931,2127177.0,0.055407627042185416,0,27,0.0,0.0,0.0,1191.68,0.0,202,0
2022-07-20,-0.0009898078059902282,0.0029799568038600785,-0.003969764609850306,1.1248616675500003,1.0058698440501792,1.1087872086867208,2249723.3350999993,129219.33509999931,2120504.0,0.05743787828660077,0,27,0.0,0.0,0.0,4444.0,0.0,202,0
2022-07-21,-0.01201081020871353,-0.01092813570933192,-0.0010826744993816095,1.1113511675500003,0.9948775618884743,1.1075867530506351,2222702.3350999993,129219.33509999931,2093483.0,0.05813614043564036,0,27,0.0,0.0,0.0,0.0,0.0,202,0
2022-07-22,0.005546851598302371,0.007623610179227184,-0.0020767585809248123,1.1175156675500002,1.002462120596372,1.1052865627571187,2235031.3350999993,129219.33509999931,2105812.0,0.05781544673252548,0,27,0.0,0.0,0.0,0.0,0.0,202,0
2022-07-25,-0.001334656903083875,-0.009361362787674552,0.008026705884590677,1.1160241675500002,0.9930777090045678,1.11415837291456,2232048.3350999993,129219.33509999931,2102829.0,0.0578927136424266,0,27,0.0,0.0,0.0,0.0,0.0,202,0
2022-07-26,-0.006313035331006245,0.008010621770972044,-0.014323657101978289,1.1089786675500002,1.001032878920587,1.098199550423634,2217957.3350999993,129219.33509999931,2088738.0,0.058260514327780476,0,27,0.0,0.0,0.0,0.0,0.0,202,0
2022-07-27,-0.00302350270398577,0.0034838574935350643,-0.006507360197520834,1.1056256675500002,1.0045203348170892,1.091053170380272,2211251.3350999993,129219.33509999931,2082032.0,0.05843719935805291,0,27,0.0,0.0,0.0,0.0,0.0,202,0
2022-07-28,0.0025822482995772056,0.0018413918475755926,0.000740856452001613,1.10848066755,1.0063700503723454,1.0918614841610248,2216961.3350999993,129219.33509999931,2087742.0,0.05828668865538455,0,27,0.0,0.0,0.0,0.0,0.0,202,0
2022-07-29,-0.0041644028038871905,-0.0032038275085395423,-0.0009605752953476482,1.1038645075500002,1.0031458143211922,1.0908126689933981,2207729.0150999995,130148.0150999993,2077581.0,0.05895108240632704,0,27,0.0,0.0,0.0,928.68,0.0,202,0
2022-08-01,-0.0023997510399889066,-0.005712807255647041,0.0033130562156581346,1.1012155075500003,0.9974150356346662,1.0944265926865253,2202431.0150999995,130148.0150999993,2072283.0,0.05909289063207732,0,27,0.0,0.0,0.0,0.0,0.0,202,0
2022-08-02,-0.02897888722162867,-0.0398971051879652,0.010918217966336533,1.0693035075500004,0.9576210630418919,1.1063757807736319,2138607.0150999995,130148.0150999993,2008459.0,0.06085644261945605,0,27,0.0,0.0,0.0,0.0,0.0,202,0
2022-08-03,-0.016081963519787634,-0.012450299382215748,-0.003631664137571886,1.0521070075500003,0.9456983941123046,1.1023577955279182,2104214.0150999995,130148.0150999993,1974066.0,0.06185113023962737,0,27,0.0,0.0,0.0,0.0,0.0,202,0
2022-08-04,0.0033741814991488095,0.014743167596247019,-0.011368986097098209,1.0556570075500002,0.959640984032204,1.0898251050765335,2111314.0150999995,130148.0150999993,1981166.0,0.06164313511357761,0,27,0.0,0.0,0.0,0.0,0.0,202,0
2022-08-05,0.005948901920875604,0.00526913060663016,0.0006797713142454448,1.0619370075500003,0.9646974577125448,1.0905659369205092,2123874.0150999995,130148.0150999993,1993726.0,0.06127859476348058,0,27,0.0,0.0,0.0,0.0,0.0,202,0
2022-08-08,0.00048684620304628723,0.0066362615221257654,-0.006149415319079478,1.0624540075500004,0.9710994423316551,1.0838595940415439,2124908.0150999995,130148.0150999993,1994760.0,0.06124877602942942,0,27,0.0,0.0,0.0,0.0,0.0,202,0
2022-08-09,-0.004950331932135454,0.0007855624624373028,-0.005735894394572757,1.0571945075500004,0.9718623016008447,1.077642689871577,2114389.0150999995,130148.0150999993,1984241.0,0.0615534862177876,0,27,0.0,0.0,0.0,0.0,0.0,202,0
2022-08-10,-0.006055650076007613,-0.001865947040605282,-0.004189703035402331,1.0507925075500004,0.9700488580152968,1.0731276870227429,2101585.0150999995,130148.0150999993,1971437.0,0.061928503565108685,0,27,0.0,0.0,0.0,0.0,0.0,202,0
2022-08-11,0.01492492560359615,0.015474049509405135,-0.0005491239058089837,1.0664755075500005,0.9850594420707676,1.0725384069558133,2132951.0150999995,130148.0150999993,2002803.0,0.06101781718315624,0,27,0.0,0.0,0.0,0.0,0.0,202,0
2022-08-12,0.004935884568125548,0.006714635037213698,-0.0017787504690881502,1.0717395075500005,0.991673756714234,1.0706306287613256,2143479.0150999995,130148.0150999993,2013331.0,0.06071811955384482,0,27,0.0,0.0,0.0,0.0,0.0,202,0
2022-08-15,0.0023065306285583453,0.004771826523879996,-0.0024652958953216503,1.0742115075500005,0.9964058518495588,1.0679912074668347,2148423.0150999995,130148.0150999993,2018275.0,0.06057839363350029,0,27,0.0,0.0,0.0,0.0,0.0,202,0
2022-08-16,0.002692207241938638,0.008267988936120222,-0.005575781694181584,1.0771035075500004,1.0046441244085362,1.0620363216426942,2154207.0150999995,130148.0150999993,2024059.0,0.060415741935534346,0,27,0.0,0.0,0.0,0.0,0.0,202,0
2022-08-17,0.005151779713930882,0.009428871262005695,-0.004277091548074813,1.0826525075500002,1.0141167845217147,1.0574938950676478,2165305.0150999995,130148.0150999993,2035157.0,0.06010608860756217,0,27,0.0,0.0,0.0,0.0,0.0,202,0
2022-08-18,-0.009449015199853972,-0.009644122102865188,0.0001951069030112166,1.0724225075500002,1.0043365184252224,1.0577002194264677,2144845.0150999995,130148.0150999993,2014697.0,0.0606794496496202,0,27,0.0,0.0,0.0,0.0,0.0,202,0
2022-08-19,0.006250335061797063,0.011613293754732136,-0.005362958692935073,1.0791255075500004,1.0160001734422994,1.052027816840175,2158251.0150999995,130148.0150999993,2028103.0,0.06030253857842809,0,27,0.0,0.0,0.0,0.0,0.0,202,0
2022-08-22,-0.0006727669718865625,0.0031623648202897636,-0.003835131792176326,1.0783995075500004,1.0192131366482018,1.0479931515135574,2156799.0150999995,130148.0150999993,2026651.0,0.06034313544693687,0,27,0.0,0.0,0.0,0.0,0.0,202,0
2022-08-23,0.007065563315501455,0.010649705806811538,-0.003584142491310083,1.0860190075500005,1.0300674567079429,1.0442369947286156,2172038.0150999995,130148.0150999993,2041890.0,0.059919768528548224,0,27,0.0,0.0,0.0,0.0,0.0,202,0
2022-08-24,-0.012055958421517077,-0.01765778651986208,0.005601828098345002,1.0729260075500004,1.0118787454563367,1.0500866308670178,2145852.0150999995,130148.0150999993,2015704.0,0.06065097415113886,0,27,0.0,0.0,0.0,0.0,0.0,202,0
2022-08-25,0.016937328270657304,0.017671570351994955,-0.0007342420813376514,1.0910985075500006,1.0297602318943568,1.0493156130735852,2182197.0150999995,130148.0150999993,2052049.0,0.05964081803770374,0,27,0.0,0.0,0.0,0.0,0.0,202,0
2022-08-26,-0.0008284568201177844,-0.006815859010746516,0.005987402190628732,1.0901945795500005,1.0227415313388912,1.055598287673963,2180389.1590999993,132958.1590999993,2047431.0,0.0609790956559702,0,27,0.0,0.0,0.0,2810.144,0.0,202,0
2022-08-29,0.0005173388407717638,0.0034802085240224954,-0.0029628696832507315,1.0907585795500006,1.0263008851341286,1.0524706875097223,2181517.1590999993,132958.1590999993,2048559.0,0.06094756511328663,0,27,0.0,0.0,0.0,0.0,0.0,202,0
2022-08-30,-0.0005716205324346468,-0.008425212503715094,0.007853591971280447,1.0901350795500004,1.0176540820841227,1.0607363628511568,2180270.1590999993,132958.1590999993,2047312.0,0.06098242391891632,0,27,0.0,0.0,0.0,0.0,0.0,202,0
2022-08-31,-0.005924953816426326,-0.023956759603708015,0.01803180578728169,1.0836760795500004,0.9932743878799012,1.0798633549375964,2167352.1590999993,132958.1590999993,2034394.0,0.06134589551667997,0,27,0.0,0.0,0.0,0.0,0.0,202,0
2022-09-01,0.0020928763149794527,-0.002206534948219578,0.004299411263199031,1.0859440795500004,0.9910826932298729,1.0845061316085312,2171888.1590999993,132958.1590999993,2038930.0,0.06121777428681932,0,27,0.0,0.0,0.0,0.0,0.0,202,0
2022-09-02,0.005049062933583093,0.0056188813712056435,-0.0005698184376225508,1.0914270795500003,0.9966514693121865,1.0838881600190258,2182854.1590999993,132958.1590999993,2049896.0,0.06091023467862761,0,27,0.0,0.0,0.0,0.0,0.0,202,0
2022-09-05,0.017678230970735287,0.02423200172166306,-0.006553770750927772,1.1107215795500003,1.0208023294324575,1.076784605498616,2221443.1590999993,132958.1590999993,2088485.0,0.05985215446784885,0,27,0.0,0.0,0.0,0.0,0.0,202,0
2022-09-06,0.00867229031770722,0.011385785174054058,-0.0027134948563468375,1.1203540795500002,1.0324249654605493,1.073862756010202,2240708.1590999993,132958.1590999993,2107750.0,0.05933756190427009,0,27,0.0,0.0,0.0,0.0,0.0,202,0
2022-09-07,0.0010349406684588836,0.004462312514780662,-0.0034273718463217785,1.1215135795500004,1.037031968304496,1.0701822290334393,2243027.1590999993,132958.1590999993,2110069.0,0.059276214539171215,0,27,0.0,0.0,0.0,0.0,0.0,202,0
2022-09-08,0.011064065764570419,-0.003214144069246896,0.014278209833817314,1.1339220795500005,1.0336987981539505,1.085462515460001,2267844.1590999993,132958.1590999993,2134886.0,0.05862755541049352,0,27,0.0,0.0,0.0,0.0,0.0,202,0
2022-09-09,0.006465611819561401,0.00016249147278395997,0.006303120346777441,1.1412535795500005,1.0338667653940776,1.092304316326861,2282507.1590999993,132958.1590999993,2149549.0,0.058250927524987554,0,27,0.0,0.0,0.0,0.0,0.0,202,0
2022-09-13,-0.0016131384233869506,-0.008746900269175161,0.007133761845788211,1.1394125795500005,1.024823635905561,1.1000965551826636,2278825.1590999993,132958.1590999993,2145867.0,0.05834504616076376,0,27,0.0,0.0,0.0,0.0,0.0,202,0
2022-09-14,-0.009332879231682467,-0.009260607310839405,-7.227192084306201e-05,1.1287785795500005,1.0153331466505728,1.1000170490915078,2257557.1590999993,132958.1590999993,2124599.0,0.058894703314180785,0,27,0.0,0.0,0.0,0.0,0.0,202,0
2022-09-15,-0.006406039351741333,-0.01550504503845566,0.009099005686714328,1.1215475795500005,0.9995903604827189,1.1100261104766742,2243095.1590999993,132958.1590999993,2110137.0,0.05927441756565794,0,27,0.0,0.0,0.0,0.0,0.0,202,0
2022-09-16,-0.02923638782507687,-0.031820887365898276,0.0025844995408214055,1.0887575795500004,0.9677825082097606,1.1128949724495008,2177515.1590999993,132958.1590999993,2044557.0,0.06105957910068142,0,27,0.0,0.0,0.0,0.0,0.0,202,0
2022-09-19,-0.0018511926234607845,-0.0072683570506597356,0.005417164427198951,1.0867420795500005,0.960748319392709,1.1189237075054628,2173484.1590999993,132958.1590999993,2040526.0,0.06117282177711149,0,27,0.0,0.0,0.0,0.0,0.0,202,0
2022-09-20,-7.177416009540583e-05,0.008174572908730703,-0.008246347068826109,1.0866640795500004,0.9686020265765253,1.109696674269835,2173328.1590999993,132958.1590999993,2040370.0,0.06117721272017145,0,27,0.0,0.0,0.0,0.0,0.0,202,0
2022-09-21,0.01307947899215156,0.01799868228367576,-0.004919203291524198,1.1008770795500005,0.9860355867122006,1.1042378507371735,2201754.1590999993,132958.1590999993,2068796.0,0.06038737728754784,0,27,0.0,0.0,0.0,0.0,0.0,202,0
2022-09-22,-0.004227538284203747,-0.0034809207593059924,-0.0007466175248977544,1.0962230795500005,0.9826032749689997,1.1034134074061577,2192446.1590999993,132958.1590999993,2059488.0,0.060643751066880795,0,27,0.0,0.0,0.0,0.0,0.0,202,0
2022-09-23,-0.0069447543497489495,-0.010787520968418058,0.003842766618669108,1.0886100795500004,0.9720034215366353,1.10765356761473,2177220.1590999993,132958.1590999993,2044262.0,0.061067852299769444,0,27,0.0,0.0,0.0,0.0,0.0,202,0
2022-09-26,-0.022334443210419774,-0.026993083546681458,0.004658640336261684,1.0642965795500003,0.9457660519714366,1.1128137272034242,2128593.1590999993,132958.1590999993,1995635.0,0.06246292699550719,0,27,0.0,0.0,0.0,0.0,0.0,202,0
2022-09-27,0.00749556106191096,0.01158115158185523,-0.00408559051994427,1.0722740795500003,0.9567191119802905,1.108267225989098,2144548.1590999993,132958.1590999993,2011590.0,0.06199821558486135,0,27,0.0,0.0,0.0,0.0,0.0,202,0
2022-09-28,-0.013271793351539718,-0.012570889710935507,-0.0007009036406042113,1.0580430795500002,0.944692301539242,1.1074904374556398,2116086.1590999993,132958.1590999993,1983128.0,0.06283211036952684,0,27,0.0,0.0,0.0,0.0,0.0,202,0
2022-09-29,-0.007345164058258691,-0.009487444155106566,0.002142280096847875,1.0502715795500002,0.9357295860846293,1.1098629921772503,2100543.1590999993,132958.1590999993,1967585.0,0.0632970374943244,0,27,0.0,0.0,0.0,0.0,0.0,202,0
2022-09-30,0.0007859871828139742,-0.0030617351928809,0.003847722375694874,1.0510970795500003,0.9328646298798942,1.1141334368462064,2102194.1590999993,132958.1590999993,1969236.0,0.0632473259068144,0,27,0.0,0.0,0.0,0.0,0.0,202,0
2022-10-10,0.0013634891846654451,-0.004314986055014319,0.005678475239679764,1.0525302390500002,0.9288393320107463,1.1204600159810367,2105060.478099999,91715.47809999905,2013345.0,0.043569046616076454,27,27,590959.0,550130.0,413.681,0.0,0.0,202,1
2022-10-11,0.006022154770318977,0.013082118403992104,-0.007059963633673127,1.0588687390500002,0.9409905181303959,1.1125496090152258,2117737.478099999,91715.47809999905,2026022.0,0.04330823770578247,0,27,0.0,0.0,0.0,0.0,0.0,202,0
2022-10-12,0.0060592968357497945,0.01232555928933994,-0.006266262453590146,1.0652847390500002,0.9525887525523188,1.1055780811724973,2130569.478099999,91715.47809999905,2038854.0,0.04304740072677149,0,27,0.0,0.0,0.0,0.0,0.0,202,0
2022-10-13,-0.0044509226746535235,0.006925607425062861,-0.011376530099716384,1.0605432390500003,0.9591860082900264,1.0930004388544516,2121086.478099999,91715.47809999905,2029371.0,0.04323985799115311,0,27,0.0,0.0,0.0,0.0,0.0,202,0
2022-10-14,0.006318931424241558,0.00999192732119372,-0.003672995896952162,1.0672447390500002,0.9687701251723663,1.0889858527271723,2134489.478099999,91715.47809999905,2042774.0,0.04296834397217968,0,27,0.0,0.0,0.0,0.0,0.0,202,0
2022-10-17,0.003238713552316863,0.0024553594998935344,0.0007833540524233287,1.0707012390500004,0.9711488041024212,1.0898389142079379,2141402.478099999,91715.47809999905,2049687.0,0.04282963106560678,0,27,0.0,0.0,0.0,0.0,0.0,202,0
2022-10-18,0.0019823457026006963,-0.0017856185114871088,0.003767964214087805,1.0728237390500004,0.9694147028204074,1.0939453882357937,2145647.478099999,91715.47809999905,2053932.0,0.042744895904901575,0,27,0.0,0.0,0.0,0.0,0.0,202,0
2022-10-19,0.0025898942192128516,-0.008576970351413506,0.011166864570626357,1.0756022390500004,0.9611000616560925,1.1061613282338842,2151204.478099999,91715.47809999905,2059489.0,0.04263447711907173,0,27,0.0,0.0,0.0,0.0,0.0,202,0
2022-10-20,-0.007112294603213831,-0.009001832545413877,0.0018895379422000456,1.0679522390500005,0.9524483998416774,1.1082514620337767,2135904.478099999,91715.47809999905,2044189.0,0.042939878182934876,0,27,0.0,0.0,0.0,0.0,0.0,202,0
2022-10-21,0.0027482502425490996,0.002007517985745758,0.0007407322568033416,1.0708872390500004,0.9543604571348543,1.1090723796403545,2141774.478099999,91715.47809999905,2050059.0,0.04282219208315586,0,27,0.0,0.0,0.0,0.0,0.0,202,0
2022-10-24,-0.016222062759297606,-0.01630119578225042,7.913302295281532e-05,1.0535152390500004,0.9388032404762611,1.109160143890429,2107030.478099999,91715.47809999905,2015315.0,0.04352831107725735,0,27,0.0,0.0,0.0,0.0,0.0,202,0
2022-10-25,0.0014375681944247543,-0.0039037144613334623,0.005341282655758216,1.0550297390500005,0.9351384206900673,1.1150844817294492,2110059.478099999,91715.47809999905,2018344.0,0.043465825988272214,0,27,0.0,0.0,0.0,0.0,0.0,202,0
2022-10-26,0.0003563880581589629,0.0072832690087037445,-0.006926880950544782,1.0554057390500005,0.9419492853683273,1.1073604242747093,2110811.478099999,91715.47809999905,2019096.0,0.04345034080568613,0,27,0.0,0.0,0.0,0.0,0.0,202,0
2022-10-27,-0.002180204176330469,-0.005418003752378962,0.003237799576048493,1.0531047390500006,0.936845800605651,1.1109458353869588,2106209.478099999,91715.47809999905,2014494.0,0.043545278403520966,0,27,0.0,0.0,0.0,0.0,0.0,202,0
2022-10-28,-0.016346427246666018,-0.02991588649008747,0.013569459243421452,1.0358902390500004,0.9088192279760172,1.126020769621891,2071780.478099999,91715.47809999905,1980065.0,0.04426891703512432,0,27,0.0,0.0,0.0,0.0,0.0,202,0
2022-10-31,-0.004318025048775542,-0.0030695900465858928,-0.0012484350021896495,1.0314172390500005,0.9060295255196762,1.1246150058799025,2062834.478099999,91715.47809999905,1971119.0,0.044460900316381564,0,27,0.0,0.0,0.0,0.0,0.0,202,0
2022-11-01,0.009674552278368775,0.019990470842744044,-0.010315918564375269,1.0413957390500006,0.9241414823322426,1.113013569062971,2082791.478099999,91715.47809999905,1991076.0,0.04403488254314607,0,27,0.0,0.0,0.0,0.0,0.0,203,0
2022-11-02,0.003272531154303371,0.004894155597259448,-0.0016216244429560775,1.0448037390500005,0.9286643745406586,1.1112086790540368,2089607.478099999,91715.47809999905,1997892.0,0.04389124706970922,0,27,0.0,0.0,0.0,0.0,0.0,203,0
2022-11-03,-0.002201848934893502,-0.0010835545250179295,-0.0011182944098755726,1.0425032390500004,0.9276581160554022,1.1099660206000455,2085006.478099999,91715.47809999905,1993291.0,0.04398810222574295,0,27,0.0,0.0,0.0,0.0,0.0,203,0
2022-11-04,0.011893008611942868,0.018044814049899487,-0.006151805437956619,1.0549017390500004,0.944397534261502,1.103137725598571,2109803.478099999,91715.47809999905,2018088.0,0.04347110005837804,0,27,0.0,0.0,0.0,0.0,0.0,203,0
2022-11-07,0.0012958552909687615,0.008397787328429192,-0.007101932037460431,1.0562687390500005,0.9523283839077229,1.0953033164434114,2112537.478099999,91715.47809999905,2020822.0,0.04341484070734086,0,27,0.0,0.0,0.0,0.0,0.0,203,0
2022-11-08,-0.0017078986940600727,-0.001133220488701022,-0.0005746782053590506,1.0544647390500006,0.9512491858711072,1.0946738694991938,2108929.478099999,91715.47809999905,2017214.0,0.04348911571126997,0,27,0.0,0.0,0.0,0.0,0.0,203,0
2022-11-09,-0.00010005076138919211,0.0012977683953287454,-0.0013978191567179375,1.0543592390500005,0.9524836870006129,1.0931437133940494,2108718.478099999,91715.47809999905,2017003.0,0.04349346726578537,0,27,0.0,0.0,0.0,0.0,0.0,203,0
2022-11-10,0.005899791806827537,-0.0017225137774987977,0.007622305584326335,1.0605797390500007,0.9508430207269115,1.101475988825124,2121159.478099999,91715.47809999905,2029444.0,0.043238369885394944,0,27,0.0,0.0,0.0,0.0,0.0,203,0
2022-11-11,0.008038528067334738,0.009152856098095628,-0.0011143280307608899,1.0691052390500007,0.9595459500675034,1.1002485832555662,2138210.478099999,91715.47809999905,2046495.0,0.042893568729256655,0,27,0.0,0.0,0.0,0.0,0.0,203,0
2022-11-14,-0.00040968838613975045,-0.0006727940061897067,0.0002631056200499563,1.0686672390500007,0.9589003733036344,1.1005380648412728,2137334.478099999,91715.47809999905,2045619.0,0.042911148928608624,0,27,0.0,0.0,0.0,0.0,0.0,203,0
2022-11-15,0.00274641150467847,0.009554933309415795,-0.006808521804737325,1.0716022390500006,0.9680626024209246,1.0930450274298575,2143204.478099999,91715.47809999905,2051489.0,0.04279362003820884,0,27,0.0,0.0,0.0,0.0,0.0,203,0
2022-11-16,-0.00019363528036664412,0.003189391579120943,-0.003383026859487587,1.0713947390500007,0.9711501331331478,1.089347226743433,2142789.478099999,91715.47809999905,2051074.0,0.0428019079976642,0,27,0.0,0.0,0.0,0.0,0.0,203,0
2022-11-17,-3.546778662899541e-05,-0.003906943535511041,0.003871475748882046,1.0713567390500007,0.9673559043984926,1.0935646081138821,2142713.478099999,91715.47809999905,2050998.0,0.04280342614044954,0,27,0.0,0.0,0.0,0.0,0.0,203,0
2022-11-18,-0.0037877206089153015,-0.004977569812316872,0.0011898492034015705,1.0672987390500008,0.9625408228509922,1.0948657850917145,2134597.478099999,91715.47809999905,2042882.0,0.04296616998799924,0,27,0.0,0.0,0.0,0.0,0.0,203,0
2022-11-21,-0.0047264180265874645,-0.0016233752000897493,-0.003103042826497715,1.062254239050001,0.9609782579501019,1.091468369671308,2124508.478099999,91715.47809999905,2032793.0,0.04317021044887639,0,27,0.0,0.0,0.0,0.0,0.0,203,0
2022-11-22,0.011470417864274163,0.003188379193119425,0.008282038671154738,1.074438739050001,0.9640422210327901,1.100507952917268,2148877.478099999,91715.47809999905,2057162.0,0.04268064560902389,0,27,0.0,0.0,0.0,0.0,0.0,203,0
2022-11-23,0.008807854423014794,0.010824529429153079,-0.002016675006138285,1.083902239050001,0.9744775244253058,1.0982885860345635,2167804.478099999,91715.47809999905,2076089.0,0.04230800287873946,0,27,0.0,0.0,0.0,0.0,0.0,203,0
2022-11-24,0.000735306166263161,0.002024091255625268,-0.0012887850893621069,1.084699239050001,0.9764499558612985,1.0968731280810655,2169398.478099999,91715.47809999905,2077683.0,0.042276916401418896,0,27,0.0,0.0,0.0,0.0,0.0,203,0
2022-11-25,0.01196645072911462,0.011483807412863466,0.00048264331625115335,1.097679239050001,0.9876633191027085,1.0974025265651095,2195358.478099999,91715.47809999905,2103643.0,0.041776994060384785,0,27,0.0,0.0,0.0,0.0,0.0,203,0
2022-11-28,0.0010153239310279893,0.003600970202417809,-0.0025856462713898195,1.098793739050001,0.9912198652848184,1.0945650318140827,2197587.478099999,91715.47809999905,2105872.0,0.04173461990204588,0,27,0.0,0.0,0.0,0.0,0.0,203,0
2022-11-29,0.005824569045627559,0.010778251583592323,-0.004953682537964764,1.105193739050001,1.0019034823675128,1.0891429041293184,2210387.478099999,91715.47809999905,2118672.0,0.041492941399955664,0,27,0.0,0.0,0.0,0.0,0.0,203,0
2022-11-30,-4.6145755443594005e-05,0.004757272885827874,-0.004803418641271468,1.105142739050001,1.0066698106383962,1.083911294800615,2210285.478099999,91715.47809999905,2118570.0,0.04149485621144257,0,27,0.0,0.0,0.0,0.0,0.0,203,0
2022-12-01,-0.006161195074088965,-0.004141382320726096,-0.0020198127533628697,1.098333739050001,1.0025008060818097,1.0817219969438627,2196667.478099999,91715.47809999905,2104952.0,0.04175209903837065,0,27,0.0,0.0,0.0,0.0,0.0,203,0
2022-12-02,-0.00295538585822519,-0.0026010906483592304,-0.0003542952098659598,1.0950877390500011,0.9998932106101377,1.081338748021939,2190175.478099999,91715.47809999905,2098460.0,0.041875858357962814,0,27,0.0,0.0,0.0,0.0,0.0,203,0
2022-12-05,0.022117405881113772,0.015535105369513365,0.006582300511600407,1.119308239050001,1.0154266569952273,1.088456444616257,2238616.478099999,91715.47809999905,2146901.0,0.040969714552374574,0,27,0.0,0.0,0.0,0.0,0.0,203,0
2022-12-06,-0.005455155056468097,-0.00886272149213397,0.003407566435665872,1.1132022390500012,1.0064272133385899,1.0921654322636156,2226404.478099999,91715.47809999905,2134689.0,0.04119443659144475,0,27,0.0,0.0,0.0,0.0,0.0,203,0
2022-12-07,0.0003530355816885322,-0.004754619372681971,0.005107654954370503,1.1135952390500012,1.0016420350128559,1.097743836444709,2227190.478099999,91715.47809999905,2135475.0,0.04117989862198086,0,27,0.0,0.0,0.0,0.0,0.0,203,0
2022-12-08,0.0039570032678653,0.0008371267893989985,0.0031198764784663015,1.1180017390500014,1.0024805363937532,1.1011686616194143,2236003.478099999,91715.47809999905,2144288.0,0.04101759187688407,0,27,0.0,0.0,0.0,0.0,0.0,203,0
2022-12-09,-0.007810810748309138,-0.006524560966084637,-0.001286249782224501,1.1092692390500014,0.9959397910167389,1.0997522836682139,2218538.478099999,91715.47809999905,2126823.0,0.04134049465689053,0,27,0.0,0.0,0.0,0.0,0.0,203,0
2022-12-12,-0.014178253075393443,-0.0139485800406467,-0.00022967303474674336,1.0935417390500013,0.982047845126077,1.099499700223754,2187083.478099999,91715.47809999905,2095368.0,0.04193506055821687,0,27,0.0,0.0,0.0,0.0,0.0,203,0
2022-12-13,0.0147781281892716,0.007283861196567472,0.0074942669927041275,1.1097022390500013,0.9892009453183637,1.107739644535629,2219404.478099999,91715.47809999905,2127689.0,0.04132436381245629,0,27,0.0,0.0,0.0,0.0,0.0,203,0
2022-12-14,-0.0073943258932456235,-0.0029499705786570755,-0.0044443553145885484,1.1014967390500012,0.9862828316332947,1.1028164559592566,2202993.478099999,91715.47809999905,2111278.0,0.041632205910614076,0,27,0.0,0.0,0.0,0.0,0.0,203,0
2022-12-15,-0.009228352331543843,-0.006537879369976052,-0.002690472961567791,1.0913317390500012,0.9798346334553978,1.0998493581029263,2182663.478099999,91715.47809999905,2090948.0,0.04201998110118059,0,27,0.0,0.0,0.0,0.0,0.0,203,0
2022-12-16,0.011034683194024009,0.0011847058714718334,0.009849977322552175,1.1033742390500012,0.9809954492987238,1.1106828493384637,2206748.478099999,91715.47809999905,2115033.0,0.0415613646096023,0,27,0.0,0.0,0.0,0.0,0.0,203,0
2022-12-19,-0.015992760548037777,-0.02265886244052905,0.0066661018924912725,1.0857282390500012,0.9587672083582791,1.1180867743823963,2171456.478099999,91715.47809999905,2079741.0,0.04223684841256828,0,27,0.0,0.0,0.0,0.0,0.0,203,0
2022-12-20,-0.006321102973249615,-0.0001888988284394446,-0.00613220414481017,1.078865239050001,0.958586098355874,1.111230438030271,2157730.478099999,91715.47809999905,2066015.0,0.042505530246187,0,27,0.0,0.0,0.0,0.0,0.0,203,0
2022-12-21,0.004372186468954764,-0.00428703872009878,0.008659225189053543,1.0835822390500012,0.9544766026356739,1.120852832630106,2167164.478099999,91715.47809999905,2075449.0,0.042320497141226696,0,27,0.0,0.0,0.0,0.0,0.0,203,0
2022-12-22,-0.007570260663548489,-0.013948194911290743,0.006377934247742254,1.0753792390500012,0.9411633769438449,1.1280015582980165,2150758.478099999,91715.47809999905,2059043.0,0.0426433181753729,0,27,0.0,0.0,0.0,0.0,0.0,203,0
2022-12-23,-0.0036182584326598377,-0.0009543096436134071,-0.002663948789046431,1.0714882390500011,0.9402652156570116,1.1249966199127461,2142976.478099999,91715.47809999905,2051261.0,0.04279817302582603,0,27,0.0,0.0,0.0,0.0,0.0,203,0
2022-12-26,0.0028502412706907787,0.007730277111208943,-0.004880035840518164,1.0745422390500012,0.9475337263320709,1.11950659608711,2149084.478099999,91715.47809999905,2057369.0,0.042676534605603084,0,27,0.0,0.0,0.0,0.0,0.0,203,0
2022-12-27,0.01406971215330377,0.009457367344895246,0.004612344808408525,1.0896607390500013,0.9564949008536707,1.1246701465235516,2179321.478099999,91715.47809999905,2087606.0,0.04208441894490917,0,27,0.0,0.0,0.0,0.0,0.0,203,0
2022-12-28,-5.643958508927405e-05,0.0043427991337384505,-0.0043992387188277245,1.0895992390500011,0.9606487660805232,1.1197224540690556,2179198.478099999,91715.47809999905,2087483.0,0.04208679430611754,0,27,0.0,0.0,0.0,0.0,0.0,203,0
2022-12-29,-0.006450077926015818,-0.008856046214987291,0.002405968288971473,1.082571239050001,0.9521412162117436,1.122416470785995,2165142.478099999,91715.47809999905,2073427.0,0.042360019734351675,0,27,0.0,0.0,0.0,0.0,0.0,203,0
2022-12-30,0.01206294747998271,0.012397582965979882,-0.0003346354859971711,1.095630239050001,0.9639454659350578,1.1220408704048022,2191260.478099999,91715.47809999905,2099545.0,0.04185512357687564,0,27,0.0,0.0,0.0,0.0,0.0,203,0
2023-01-03,0.002078747344519183,0.011776519159046667,-0.009697771814527485,1.097907777500001,0.9752973881829182,1.1111595740770426,2195815.5549999992,96251.55499999913,2099564.0,0.04383408013520478,27,27,872101.0,877231.0,593.9231,0.0,0.0,203,1
2023-01-04,0.004752220639041793,0.004791744585007182,-3.9523945965388996e-05,1.1031252775000011,0.9799707641615154,1.1111156566660778,2206250.5549999992,96251.55499999913,2109999.0,0.04362675616414708,0,27,0.0,0.0,0.0,0.0,0.0,203,0
2023-01-05,-0.0006431726427372775,0.0014145031047355524,-0.00205767574747283,1.1024157775000012,0.9813569358499719,1.1088293409267187,2204831.5549999992,96251.55499999913,2108580.0,0.04365483375894408,0,27,0.0,0.0,0.0,0.0,0.0,203,0
2023-01-06,-0.0001233654332383205,-0.0027696773423330676,0.002646311909094747,1.102279777500001,0.9786388937800068,1.1117636492167666,2204559.5549999992,96251.55499999913,2108308.0,0.0436602199208899,0,27,0.0,0.0,0.0,0.0,0.0,203,0
2023-01-09,-0.0005320790710051648,-0.0019417874087772635,0.0014097083377720987,1.101693277500001,0.9767385850983251,1.1133309117026995,2203386.5549999992,96251.55499999913,2107135.0,0.043683462977289145,0,27,0.0,0.0,0.0,0.0,0.0,203,0
2023-01-10,-0.007254287707133655,-0.007672685361186356,0.00041839765405270093,1.093701277500001,0.9692443772547353,1.11379672674434,2187402.5549999992,96251.55499999913,2091151.0,0.0440026710126976,0,27,0.0,0.0,0.0,0.0,0.0,203,0
2023-01-11,-0.0007332898081944261,-0.0015465706507853455,0.0008132808425909193,1.092899277500001,0.9677453723474344,1.1147025562847417,2185798.5549999992,96251.55499999913,2089547.0,0.044034961401097264,0,27,0.0,0.0,0.0,0.0,0.0,203,0
2023-01-12,-0.0016424203373123225,-0.004605930038367317,0.002963509701054995,1.091104277500001,0.9632880048674484,1.1180059881240823,2182208.5549999992,96251.55499999913,2085957.0,0.04410740429894391,0,27,0.0,0.0,0.0,0.0,0.0,203,0
2023-01-13,0.007538234584549164,0.004266065575892606,0.0032721690086565582,1.099329277500001,0.9673974546646836,1.1216642926699143,2198658.5549999992,96251.55499999913,2102407.0,0.04377739998833023,0,27,0.0,0.0,0.0,0.0,0.0,203,0
2023-01-16,0.002231360567034546,0.006162490688113488,-0.003931130121078942,1.101782277500001,0.9733590324707594,1.1172548843832608,2203564.5549999992,96251.55499999913,2107313.0,0.043679934305350616,0,27,0.0,0.0,0.0,0.0,0.0,203,0
2023-01-17,0.0018842198158337542,-0.00198126044532158,0.003865480261155334,1.103858277500001,0.9714305547206287,1.1215736110855237,2207716.5549999992,96251.55499999913,2111465.0,0.04359778649211568,0,27,0.0,0.0,0.0,0.0,0.0,203,0
2023-01-18,0.002448230950553354,0.005691792703545756,-0.0032435617529924018,1.106560777500001,0.976959736063989,1.117935717817441,2213121.5549999992,96251.55499999913,2116870.0,0.04349130972157522,0,27,0.0,0.0,0.0,0.0,0.0,203,0
2023-01-19,0.001947927347352607,0.0022911116668463626,-0.0003431843194937555,1.108716277500001,0.9791980599133242,1.117552059808884,2217432.5549999992,96251.55499999913,2121181.0,0.04340675651350269,0,27,0.0,0.0,0.0,0.0,0.0,203,0
2023-01-20,0.005298921030768344,0.009441569727570757,-0.004142648696802413,1.1145912775000009,0.9884432266730978,1.112922434224708,2229182.5549999992,96251.55499999913,2132931.0,0.043177959913650574,0,27,0.0,0.0,0.0,0.0,0.0,203,0
2023-01-30,0.0012152436748276152,0.003191681062767084,-0.001976437387939469,1.1159457775000008,0.9915980222012907,1.1107228127158295,2231891.5549999992,96251.55499999913,2135640.0,0.04312555185952983,0,27,0.0,0.0,0.0,0.0,0.0,203,0
2023-01-31,0.0020426619697480053,0.003274761883580379,-0.0012320999138323739,1.118225277500001,0.9948452696082292,1.1093542912339907,2236450.5549999992,96251.55499999913,2140199.0,0.04303764050799646,0,27,0.0,0.0,0.0,0.0,0.0,203,0
2023-02-01,0.003511814729121099,0.005878648195817806,-0.002366833466696707,1.122152277500001,1.0006936149575294,1.1067286343710745,2244304.5549999992,96251.55499999913,2148053.0,0.042887029207138584,0,27,0.0,0.0,0.0,0.0,0.0,203,0
2023-02-02,-0.0037423619629912697,-0.002538715416086106,-0.0012036465469051636,1.1179527775000009,0.9981531386504578,1.1053965242719526,2235905.5549999992,96251.55499999913,2139654.0,0.04304813089477707,0,27,0.0,0.0,0.0,0.0,0.0,203,0
2023-02-03,-0.004467093870608507,-0.00435920757359799,-0.00010788629701051749,1.112958777500001,0.9938019819288422,1.1052772671342206,2225917.5549999992,96251.55499999913,2129666.0,0.043241293813327766,0,27,0.0,0.0,0.0,0.0,0.0,203,0
2023-02-06,-0.00045015144327753553,0.0014991978609077638,-0.0019493493041852993,1.1124577775000009,0.9952918877343159,1.1031226956626006,2224915.5549999992,96251.55499999913,2128664.0,0.043260767710349875,0,27,0.0,0.0,0.0,0.0,0.0,203,0
2023-02-07,0.004996594129164533,0.007512276797985165,-0.0025156826688206317,1.1180162775000009,1.0027687958897653,1.1003475890155394,2236032.5549999992,96251.55499999913,2139781.0,0.043045685888951274,0,27,0.0,0.0,0.0,0.0,0.0,203,0
2023-02-08,-0.005633638907372673,-0.006198539708225806,0.0005649008008531331,1.111717777500001,0.9965530936902728,1.100969176249791,2223435.5549999992,96251.55499999913,2127184.0,0.04328956365906417,0,27,0.0,0.0,0.0,0.0,0.0,203,0
2023-02-09,0.003543165432559725,0.004894885970714352,-0.0013517205381546266,1.115656777500001,1.0014311074476492,1.0994809736023792,2231313.5549999992,96251.55499999913,2135062.0,0.043136723112856795,0,27,0.0,0.0,0.0,0.0,0.0,203,0
2023-02-10,0.00237752331496055,0.006494399987137982,-0.004116876672177432,1.118309277500001,1.0079348016189769,1.0949545460306527,2236618.5549999992,96251.55499999913,2140367.0,0.043034407804954995,0,27,0.0,0.0,0.0,0.0,0.0,203,0
2023-02-13,0.0016855802217916604,0.0019222303107922247,-0.00023665008900056422,1.1201942775000011,1.0098722844459511,1.094695424939883,2240388.5549999992,96251.55499999913,2144137.0,0.04296199192108405,0,27,0.0,0.0,0.0,0.0,0.0,203,0
2023-02-14,-0.00012899548132172534,0.00518520712314865,-0.005314202604470375,1.1200497775000011,1.0151086814087307,1.0888779916615656,2240099.5549999992,96251.55499999913,2143848.0,0.0429675345388831,0,27,0.0,0.0,0.0,0.0,0.0,203,0
2023-02-15,-0.004904246320427519,-0.005846101952166742,0.0009418556317392236,1.1145567775000012,1.0091742525646856,1.0899035575302891,2229113.5549999992,96251.55499999913,2132862.0,0.04317929644459013,0,27,0.0,0.0,0.0,0.0,0.0,203,0
2023-02-16,-0.010653113631979183,-0.015366513314141683,0.0047133996821625,1.102683277500001,0.9936667629763615,1.09504070861194,2205366.5549999992,96251.55499999913,2109115.0,0.04364424353030019,0,27,0.0,0.0,0.0,0.0,0.0,203,0
2023-02-17,-0.001144934384841978,-0.0016700310351245864,0.0005250966502826084,1.1014207775000011,0.9920073086436191,1.0956157108199551,2202841.5549999992,96251.55499999913,2106590.0,0.04369427060313431,0,27,0.0,0.0,0.0,0.0,0.0,203,0
2023-02-20,0.011677190282530336,0.01086250211419599,0.0008146881683343456,1.1142822775000012,1.002782990131058,1.0965082959766015,2228564.5549999992,96251.55499999913,2132313.0,0.04318993353100295,0,27,0.0,0.0,0.0,0.0,0.0,203,0
2023-02-21,0.0049125792544071345,0.005325279742817042,-0.00041270048840990736,1.1197562775000012,1.0081230900748444,1.0960557664673065,2239512.5549999992,96251.55499999913,2143261.0,0.04297879678553495,0,27,0.0,0.0,0.0,0.0,0.0,203,0
2023-02-22,-0.002232628698078498,-0.0027624302642176913,0.0005298015661391931,1.1172562775000012,1.0053382203407648,1.0966364585289567,2234512.5549999992,96251.55499999913,2138261.0,0.04307496719345986,0,27,0.0,0.0,0.0,0.0,0.0,203,0
2023-02-23,0.0012221904924585303,0.000537547428424517,0.0006846430640340133,1.1186217775000014,1.005878637315806,1.0973872630740553,2237243.5549999992,96251.55499999913,2140992.0,0.043022385642764394,0,27,0.0,0.0,0.0,0.0,0.0,203,0
2023-02-24,-0.0024333515176894194,-0.002498830488225049,6.547897053562962e-05,1.1158997775000012,1.0033651171094269,1.0974591188623204,2231799.5549999992,96251.55499999913,2135548.0,0.043127329595689955,0,27,0.0,0.0,0.0,0.0,0.0,203,0
2023-02-27,-0.0011497448300190616,-0.005668494929097377,0.004518750099078315,1.114616777500001,0.9976775470310589,1.1024182623644139,2229233.5549999992,96251.55499999913,2132982.0,0.04317697209613336,0,27,0.0,0.0,0.0,0.0,0.0,203,0
2023-02-28,0.007082254779715136,0.009690804987819683,-0.002608550208104547,1.1225107775000012,1.0073458455800632,1.099542548976705,2245021.5549999992,96251.55499999913,2148770.0,0.04287333223399682,0,27,0.0,0.0,0.0,0.0,0.0,203,0
2023-03-01,0.005900611497692276,0.00618117238842218,-0.0002805608907299039,1.129134277500001,1.0135724239063546,1.0992340603397686,2258268.5549999992,96251.55499999913,2162017.0,0.04262183733059117,0,27,0.0,0.0,0.0,0.0,0.0,203,0
2023-03-02,0.008926750521042415,0.0024069315269740587,0.0065198189940683555,1.139213777500001,1.0160120233283263,1.1064008674452985,2278427.5549999992,96251.55499999913,2182176.0,0.04224472917243979,0,27,0.0,0.0,0.0,0.0,0.0,203,0
2023-03-03,0.010436583751727069,0.007591147001489387,0.0028454367502376817,1.1511032775000012,1.0237247199526922,1.1095490611340224,2302206.5549999992,96251.55499999913,2205955.0,0.041808392383801185,0,27,0.0,0.0,0.0,0.0,0.0,203,0
2023-03-06,0.000364867347882214,-0.0003678596673754682,0.0007327270152576821,1.151523277500001,1.0233481329177263,1.110362057705869,2303046.5549999992,96251.55499999913,2206795.0,0.041793143430398076,0,27,0.0,0.0,0.0,0.0,0.0,203,0
2023-03-07,-0.0021336954693040866,-0.008048657247913139,0.005914961778609052,1.1490662775000011,1.0151115545505796,1.1169298068376168,2298132.5549999992,96251.55499999913,2201881.0,0.04188250794784949,0,27,0.0,0.0,0.0,0.0,0.0,203,0
2023-03-08,0.0056028099736831205,0.0008832798572623816,0.004719530116420739,1.155504277500001,1.0160081821395885,1.1222011906989149,2311008.5549999992,96251.55499999913,2214757.0,0.0416491556432162,0,27,0.0,0.0,0.0,0.0,0.0,203,0
2023-03-09,0.0007602741219623343,-0.0018607320373677546,0.002621006159330089,1.156382777500001,1.0141176631648536,1.1251424869317443,2312765.5549999992,96251.55499999913,2216514.0,0.04161751492359941,0,27,0.0,0.0,0.0,0.0,0.0,203,0
2023-03-10,-0.011848585318454341,-0.014379861311477926,0.0025312759930235847,1.142681277500001,0.9995347918150229,1.1279905330976456,2285362.5549999992,96251.55499999913,2189111.0,0.042116536297234976,0,27,0.0,0.0,0.0,0.0,0.0,203,0
2023-03-13,0.00816106834304886,0.001380163422290064,0.006780904920758796,1.152006777500001,1.0009143131739924,1.1356393296540968,2304013.5549999992,96251.55499999913,2207762.0,0.04177560274813538,0,27,0.0,0.0,0.0,0.0,0.0,203,0
2023-03-14,-0.0038858278331613816,-0.007770763137306729,0.0038849353041453477,1.147530277500001,0.9931364451255772,1.1400512149786457,2295060.5549999992,96251.55499999913,2198809.0,0.041938568806085014,0,27,0.0,0.0,0.0,0.0,0.0,203,0
2023-03-15,0.016678427031743492,0.016761436094657394,-8.300906291390173e-05,1.166669277500001,1.0097828381838247,1.1399565803956164,2333338.5549999992,96251.55499999913,2237087.0,0.04125057411567914,0,27,0.0,0.0,0.0,0.0,0.0,203,0
2023-03-16,-0.003211707098372596,-0.007294409678563667,0.004082702580191071,1.162922277500001,1.0024170684757292,1.1446106840677033,2325844.5549999992,96251.55499999913,2229593.0,0.04138348575061981,0,27,0.0,0.0,0.0,0.0,0.0,203,0
2023-03-17,0.005466401429393919,0.00375797927344095,0.001708422155952969,1.169279277500001,1.0061841310424045,1.146566162320305,2338558.5549999992,96251.55499999913,2242307.0,0.04115849688441912,0,27,0.0,0.0,0.0,0.0,0.0,203,0
2023-03-20,-0.004432217434897634,-0.008189383839140718,0.0037571664042430845,1.1640967775000008,0.997944102980446,1.1508740021856168,2328193.5549999992,96251.55499999913,2231942.0,0.04134173243169173,0,27,0.0,0.0,0.0,0.0,0.0,203,0
2023-03-21,-0.005959556055896709,0.0023431087527267937,-0.008302664808623503,1.1571592775000008,1.0002823945428716,1.1413186811085105,2314318.5549999992,96251.55499999913,2218067.0,0.04158958791219611,0,27,0.0,0.0,0.0,0.0,0.0,203,0
2023-03-22,0.004734871081738312,0.002921596568604576,0.0018132745131337362,1.1626382775000008,1.0032048161544036,1.143388205184328,2325276.5549999992,96251.55499999913,2229025.0,0.041393594578258315,0,27,0.0,0.0,0.0,0.0,0.0,203,0
2023-03-23,-0.001601529930705392,-0.0021887995405882456,0.0005872696098828535,1.1607762775000008,1.001009001913689,1.1440596823295313,2321552.5549999992,96251.55499999913,2225301.0,0.0414599939995755,0,27,0.0,0.0,0.0,0.0,0.0,203,0
2023-03-24,-0.010206962555710963,-0.005778783308324653,-0.00442817924738631,1.1489282775000007,0.9952243878019474,1.1389935809864682,2297856.5549999992,96251.55499999913,2201605.0,0.04188753853697328,0,27,0.0,0.0,0.0,0.0,0.0,203,0
2023-03-27,-0.011060742649360078,-0.010145925954660268,-0.0009148166946998104,1.1362202775000005,0.9851269148550368,1.1379516106434258,2272440.5549999992,96251.55499999913,2176189.0,0.04235602765855372,0,27,0.0,0.0,0.0,0.0,0.0,203,0
2023-03-28,-0.0006926473814845568,0.0015442544238664434,-0.002236901805351,1.1354332775000004,0.9866482014513716,1.1354061246311755,2270866.5549999992,96251.55499999913,2174615.0,0.042385385785030934,0,27,0.0,0.0,0.0,0.0,0.0,204,0
2023-03-29,-0.004902093421337073,-0.006495643933383083,0.0015935505120460106,1.1298672775000005,0.9802392860472307,1.1372154516424615,2259734.5549999992,96251.55499999913,2163483.0,0.042594186466294565,0,27,0.0,0.0,0.0,0.0,0.0,204,0
2023-03-30,0.0028405991251481133,0.00036205152125200446,0.0024785476038961087,1.1330767775000006,0.9805941831719349,1.1400340942752436,2266153.5549999992,96251.55499999913,2169902.0,0.042473536176589395,0,27,0.0,0.0,0.0,0.0,0.0,204,0
2023-03-31,0.004429973413694777,0.0031344373312451666,0.00129553608244961,1.1380962775000005,0.9836677941864709,1.1415110495796,2276192.5549999992,96251.55499999913,2179941.0,0.04228620939321154,0,27,0.0,0.0,0.0,0.0,0.0,204,0
2023-04-03,0.0019107982716339844,0.003198714859113502,-0.0012879165874795178,1.1402709499000006,0.9868142669761666,1.1400408785640552,2280541.8997999993,5147.899799999213,2275394.0,0.002257314281509442,28,28,670336.0,579688.0,455.6552,0.0,0.0,204,1
2023-04-04,0.010523376045888266,0.0008696680437563139,0.009653708002131953,1.1522704499000005,0.9876724678092785,1.1510465003162065,2304540.8997999993,5147.899799999213,2299393.0,0.0022338070894927387,0,28,0.0,0.0,0.0,0.0,0.0,204,0
2023-04-06,-0.004482020692666566,-0.00651912315281048,0.002037102460143914,1.1471059499000005,0.9812337093569896,1.1533912999737408,2294211.8997999993,5147.899799999213,2289064.0,0.002243864134977239,0,28,0.0,0.0,0.0,0.0,0.0,204,0
2023-04-07,-0.0010404444333185214,0.005322556226997826,-0.006363000660316347,1.1459124499000004,0.9864563809468678,1.1460522703704048,2291824.8997999993,5147.899799999213,2286677.0,0.002246201182493678,0,28,0.0,0.0,0.0,0.0,0.0,204,0
2023-04-10,-0.0020459678225893674,0.0004502619107122232,-0.0024962297333015904,1.1435679499000004,0.9869005446817873,1.1431914606171885,2287135.8997999993,5147.899799999213,2281988.0,0.0022508062596758574,0,28,0.0,0.0,0.0,0.0,0.0,204,0
2023-04-11,0.0001517181379691035,-0.0036456655006559474,0.003797383638625051,1.1437414499000005,0.9833026354134624,1.1475325971655521,2287482.8997999993,5147.899799999213,2282335.0,0.0022504648233432948,0,28,0.0,0.0,0.0,0.0,0.0,205,0
2023-04-12,0.012605558713693954,0.005579541558988452,0.007026017154705502,1.1581589499000005,0.9887890133328148,1.155595180878821,2316317.8997999993,5147.899799999213,2311170.0,0.0022224496043672178,0,28,0.0,0.0,0.0,0.0,0.0,205,0
2023-04-13,0.006347142592676658,0.004414084295317858,0.0019330582973587996,1.1655099499000003,0.9931536113879499,1.1578290137316067,2331019.8997999993,5147.899799999213,2325872.0,0.0022084323692135367,0,28,0.0,0.0,0.0,0.0,0.0,205,0
2023-04-14,0.0014478640874278081,0.007128775619550982,-0.005680911532123174,1.1671974499000004,1.0002335806392815,1.1512514895352721,2334394.8997999993,5147.899799999213,2329247.0,0.002205239482163135,0,28,0.0,0.0,0.0,0.0,0.0,205,0
2023-04-17,0.013606952278177653,0.010464050249439298,0.003142902028738355,1.1830794499000004,1.0107000750882675,1.1548697601773206,2366158.8997999993,5147.899799999213,2361011.0,0.002175635710870619,0,28,0.0,0.0,0.0,0.0,0.0,205,0
2023-04-18,-0.0003106300257612604,-0.0007436979120589688,0.0004330678862977084,1.1827119499000003,1.0099484195527066,1.1553698971833095,2365423.8997999993,5147.899799999213,2360276.0,0.002176311738642058,0,28,0.0,0.0,0.0,0.0,0.0,205,0
2023-04-19,0.0021285825345831455,-0.002169562629507439,0.004298145164090585,1.1852294499000002,1.007757273203915,1.160335844719624,2370458.8997999993,5147.899799999213,2365311.0,0.0021716891191125706,0,28,0.0,0.0,0.0,0.0,0.0,205,0
2023-04-20,0.0008719830578687304,-0.0029470923219897765,0.003819075379858507,1.1862629499000001,1.0047873194816264,1.16476725477656,2372525.8997999993,5147.899799999213,2367378.0,0.002169797092808628,0,28,0.0,0.0,0.0,0.0,0.0,205,0
2023-04-21,-0.008729514818677342,-0.01502609514259909,0.006296580323921748,1.1759074499000002,0.9896892896210183,1.1721013053549343,2351814.8997999993,5147.899799999213,2346667.0,0.0021889051729525977,0,28,0.0,0.0,0.0,0.0,0.0,205,0
2023-04-24,0.0010430242619046126,-0.0009385127985291995,0.0019815370604338123,1.1771339499000002,0.9887604535561417,1.174423867530078,2354267.8997999993,5147.899799999213,2349120.0,0.0021866244705781106,0,28,0.0,0.0,0.0,0.0,0.0,205,0
2023-04-25,0.004301549539396321,-0.001954281755339904,0.006255831294736225,1.1821974499000003,0.9868281370413553,1.1817708651138579,2364394.8997999993,7367.899799999213,2357027.0,0.003116188332423849,0,28,0.0,0.0,0.0,2220.0,0.0,205,0
2023-04-26,0.003476576607695847,0.00812993454332459,-0.004653357935628743,1.1863074499000004,0.9948509852010124,1.1762716622805856,2372614.8997999993,7367.899799999213,2365247.0,0.0031053921985486534,0,28,0.0,0.0,0.0,0.0,0.0,205,0
2023-04-27,0.006033427507011968,0.003999608255432053,0.002033819251579915,1.1934649499000003,0.9988299994143471,1.1786639862324197,2386929.8997999993,7367.899799999213,2379562.0,0.0030867684051452743,0,28,0.0,0.0,0.0,0.0,0.0,205,0
2023-04-28,0.015339369624163712,0.014047574195534296,0.0012917954286294168,1.2117719499000004,1.0128611379398458,1.1801865789817247,2423543.8997999993,7367.899799999213,2416176.0,0.0030401346559504215,0,28,0.0,0.0,0.0,0.0,0.0,205,0
2023-05-04,0.04385891256550867,0.024221183725897513,0.019637728839611155,1.2649189499000004,1.0373938336507083,1.2033627629999162,2529837.8997999993,7367.899799999213,2522470.0,0.0029123999607175207,0,28,0.0,0.0,0.0,0.0,0.0,205,0
2023-05-05,0.0045611618044429925,0.0015734954260407375,0.0029876663784022548,1.2706884499000004,1.0390261681029604,1.2069580094679524,2541376.8997999993,7367.899799999213,2534009.0,0.0028991763482933406,0,28,0.0,0.0,0.0,0.0,0.0,205,0
2023-05-08,0.03355700604924494,0.01787916347521902,0.01567784257402592,1.3133289499000005,1.0576030868175037,1.2258805071338505,2626657.8997999993,7367.899799999213,2619290.0,0.002805047357160681,0,28,0.0,0.0,0.0,0.0,0.0,205,0
2023-05-09,-0.015241040716816645,-0.008594043999410009,-0.006646996717406636,1.2933124499000006,1.0485139993554822,1.2177320834269991,2586624.8997999993,7367.899799999213,2579257.0,0.002848460865187259,0,28,0.0,0.0,0.0,0.0,0.0,205,0
2023-05-10,-0.02115768699366949,-0.008395897720307115,-0.012761789273362373,1.2659489499000005,1.0397107830585834,1.2021916431868913,2531897.8997999993,7367.899799999213,2524530.0,0.002910030377046887,0,28,0.0,0.0,0.0,0.0,0.0,205,0
2023-05-11,-0.0001927407894444233,0.007308495954521482,-0.007501236743965905,1.2657049499000004,1.0473095051104395,1.1931737190597291,2531409.8997999993,7367.899799999213,2524042.0,0.0029105913667246595,0,28,0.0,0.0,0.0,0.0,0.0,205,0
2023-05-12,0.0016236011403465422,0.0024690027578358194,-0.0008454016174892771,1.2677599499000003,1.0498953151668649,1.1921650080676904,2535519.8997999993,7367.899799999213,2528152.0,0.002905873387379208,0,28,0.0,0.0,0.0,0.0,0.0,205,0
2023-05-15,0.0024488074420121464,0.0058495552504091285,-0.003400747808396982,1.2708644499000004,1.0560367358200793,1.1881107555292567,2541728.8997999993,7367.899799999213,2534361.0,0.0028987748459636943,0,28,0.0,0.0,0.0,0.0,0.0,205,0
2023-05-16,-0.004687754072016714,-0.005214765479239184,0.0005270114072224693,1.2649069499000003,1.0505297519053163,1.1887369034504642,2529813.8997999993,7367.899799999213,2522446.0,0.0029124275902593865,0,28,0.0,0.0,0.0,0.0,0.0,205,0
2023-05-17,-0.006847934546240553,0.0033539903479820003,-0.010201924894222553,1.2562449499000004,1.0540532185534746,1.176609498842472,2512489.8997999993,7367.899799999213,2505122.0,0.0029325092214642205,0,28,0.0,0.0,0.0,0.0,0.0,205,0
2023-05-18,0.002763394193366686,-0.0006850038357494624,0.0034483980291161484,1.2597164499000002,1.0533311880556815,1.1806669167193198,2519432.8997999993,7367.899799999213,2512065.0,0.002924427874457026,0,28,0.0,0.0,0.0,0.0,0.0,205,0
2023-05-19,-0.014146040564457674,-0.010634102287677583,-0.003511938276780091,1.2418964499000003,1.0421299564590965,1.1765204873823654,2483792.8997999993,7367.899799999213,2476425.0,0.002966390555586375,0,28,0.0,0.0,0.0,0.0,0.0,205,0
2023-05-22,0.0008905734452249181,0.012748691249516282,-0.011858117804291364,1.2430024499000003,1.0554157495158654,1.1625691688438229,2486004.8997999993,7367.899799999213,2478637.0,0.002963751117542836,0,28,0.0,0.0,0.0,0.0,0.0,205,0
2023-05-23,-0.017119033033049846,-0.015367237823561187,-0.0017517952094886595,1.2217234499000003,1.039196924690323,1.160532585743143,2443446.8997999993,7367.899799999213,2436079.0,0.003015371359452211,0,28,0.0,0.0,0.0,0.0,0.0,205,0
2023-05-24,-0.017619372045090897,-0.006023359004743156,-0.011596013040347741,1.2001974499,1.0329374685362882,1.147075034745117,2400394.8997999993,7367.899799999213,2393027.0,0.0030694531973106203,0,28,0.0,0.0,0.0,0.0,0.0,205,0
2023-05-25,0.004655483979294939,0.012438802110705182,-0.007783318131410243,1.2057849499000002,1.0457859733001438,1.1381469848290975,2411569.8997999993,7367.899799999213,2404202.0,0.003055229624739578,0,28,0.0,0.0,0.0,0.0,0.0,205,0
2023-05-26,0.009171204202637506,0.0038851187268684312,0.005286085475769075,1.2168434499,1.0498489759693086,1.144163327074893,2433686.8997999993,7367.899799999213,2426319.0,0.0030274641329600402,0,28,0.0,0.0,0.0,0.0,0.0,205,0
2023-05-29,0.019233780649370535,0.01257562556775133,0.006658155081619205,1.2402479498999999,1.0630514835937859,1.1517813439452589,2480495.8997999993,7367.899799999213,2473128.0,0.0029703333920420034,0,28,0.0,0.0,0.0,0.0,0.0,205,0
2023-05-30,0.0024329812439869425,0.003000167849977587,-0.0005671866059906447,1.2432654498999998,1.0662408164777348,1.1511280689939432,2486530.8997999993,7367.899799999213,2479163.0,0.0029631241665212527,0,28,0.0,0.0,0.0,0.0,0.0,205,0
2023-05-31,-0.009228680810620782,-0.013048173575434995,0.0038194927648142127,1.2317917498999997,1.0523283212311199,1.1555247943248401,2463583.4997999994,8289.499799999214,2455294.0,0.0033648138172187704,0,28,0.0,0.0,0.0,921.6,0.0,205,0
2023-06-01,-0.007561748973197946,-0.0095327281472467,0.001970979174048754,1.2224772498999996,1.042296761423175,1.1578023096295513,2444954.4997999994,8289.499799999214,2436665.0,0.003390451560827535,0,28,0.0,0.0,0.0,0.0,0.0,205,0
2023-06-02,-0.0032360520413149407,0.0023432110647064863,-0.005579263106021427,1.2185212498999995,1.0447390827272496,1.1513426259193689,2437042.4997999994,8289.499799999214,2428753.0,0.003401458858710715,0,28,0.0,0.0,0.0,0.0,0.0,205,0
2023-06-05,0.0068899085680196315,0.005122217150435131,0.0017676914175845009,1.2269167498999995,1.050090463174525,1.153377844397906,2453833.4997999994,8289.499799999214,2445544.0,0.0033781834833842036,0,28,0.0,0.0,0.0,0.0,0.0,205,0
2023-06-06,-0.010533314506508518,-0.01951168619005199,0.00897837168354347,1.2139932498999997,1.0296014275858973,1.1637332993764744,2427986.4997999994,8289.499799999214,2419697.0,0.0034141457543862145,0,28,0.0,0.0,0.0,0.0,0.0,205,0
2023-06-07,0.016877359080610832,0.005356899935745009,0.011520459144865823,1.2344822498999997,1.035116899407175,1.177140041307461,2468964.4997999994,8289.499799999214,2460675.0,0.0033574803528648193,0,28,0.0,0.0,0.0,0.0,0.0,205,0
2023-06-08,0.011472825956912125,0.006102115351980332,0.005370710604931793,1.2486452498999996,1.0414333021301418,1.183462119810801,2497290.4997999994,8289.499799999214,2489001.0,0.0033193974832575928,0,28,0.0,0.0,0.0,0.0,0.0,205,0
2023-06-09,-0.006280807139280031,0.0020058842014143916,-0.008286691340694423,1.2408027498999996,1.0435222967377116,1.173655134510525,2481605.4997999994,8289.499799999214,2473316.0,0.0033403777516882887,0,28,0.0,0.0,0.0,0.0,0.0,205,0
2023-06-12,-0.010249413132768281,-0.008993244446990886,-0.0012561686857773952,1.2280852498999995,1.034137645637264,1.1721808256826511,2456170.4997999994,8289.499799999214,2447881.0,0.0033749692053846466,0,28,0.0,0.0,0.0,0.0,0.0,205,0
2023-06-13,-0.0018618414317622678,-0.002240917224995999,0.0003790757932337313,1.2257987498999996,1.0318202287741387,1.1726251710589604,2451597.4997999994,8289.499799999214,2443308.0,0.003381264583878662,0,28,0.0,0.0,0.0,0.0,0.0,205,0
2023-06-14,-0.01138971629815988,-0.009420157070755051,-0.0019695592274048285,1.2118372498999996,1.0221003201503038,1.170315616333014,2423674.4997999994,8289.499799999214,2415385.0,0.0034202199184268597,0,28,0.0,0.0,0.0,0.0,0.0,205,0
2023-06-15,-0.002041940863102054,0.0037177312388344715,-0.005759672101936526,1.2093627498999997,1.0259002144397493,1.1635749821271602,2418725.4997999994,12481.499799999214,2406244.0,0.005160362265594541,0,28,0.0,0.0,0.0,4192.0,0.0,205,0
2023-06-16,-0.0011277840334613654,0.0006951113424771011,-0.0018228953759384665,1.2079988498999996,1.0266133293150561,1.1614539066726828,2415997.699799999,15068.699799999215,2400929.0,0.006237050557310808,0,28,0.0,0.0,0.0,2587.2000000000003,0.0,205,0
2023-06-19,-0.006670188469688365,-0.0021876834503471183,-0.004482505019341247,1.1999412698999998,1.0243674243246077,1.156247683706289,2399882.5397999994,16396.539799999213,2383486.0,0.0068322259644281015,0,28,0.0,0.0,0.0,1327.8400000000001,0.0,205,0
2023-06-20,-0.009388926177144485,-0.009236138897885996,-0.0001527872792584893,1.1886751098999997,1.0149062245110758,1.1560710237685465,2377350.219799999,17616.219799999213,2359734.0,0.007410022996730042,0,28,0.0,0.0,0.0,1219.68,0.0,205,0
2023-06-21,-0.00014175446141395653,0.0012724832415617236,-0.00141423770297568,1.1885066098999997,1.016197675673523,1.1544360645394154,2377013.219799999,17616.219799999213,2359397.0,0.007411073549469546,0,28,0.0,0.0,0.0,0.0,0.0,205,0
2023-06-26,-0.0035847507826299863,0.01188121407149136,-0.015465964854121347,1.1842461098999997,1.0282713377971522,1.1365815969389186,2368492.219799999,17616.219799999213,2350876.0,0.007437735979342489,0,28,0.0,0.0,0.0,0.0,0.0,205,0
2023-06-27,0.017858196723809172,0.01092553825253907,0.006932658471270102,1.2053946098999997,1.0395057556322445,1.144461128975227,2410789.219799999,17616.219799999213,2393173.0,0.007307241817457881,0,28,0.0,0.0,0.0,0.0,0.0,205,0
2023-06-28,0.010935174167647554,0.012786083335944365,-0.00185090916829681,1.2185758098999997,1.052796962851952,1.1423428353788474,2437151.619799999,25330.619799999215,2411821.0,0.010393534646842338,0,28,0.0,0.0,0.0,7714.4,0.0,205,0
2023-06-29,-0.005063317316717608,-0.007820198825548921,0.002756881508831313,1.2124057738999998,1.0445638812795157,1.1454921392184492,2424811.5477999994,30085.547799999214,2394726.0,0.012407375668965059,0,28,0.0,0.0,0.0,4754.928,0.0,205,0
2023-06-30,0.002251308974898558,0.0009129887357572705,0.0013383202391412875,1.2151352738999996,1.0455175563369028,1.1470251745321425,2430270.5477999994,30085.547799999214,2400185.0,0.012379505576954851,0,28,0.0,0.0,0.0,0.0,0.0,205,0
2023-07-03,0.009538457074659723,0.009963318899655158,-0.00042486182499543515,1.2267257895499997,1.0559343811658755,1.146537847323175,2453451.5790999993,19375.579099999246,2434076.0,0.007897273891627728,28,28,1255012.0,1245097.0,794.9686999999999,0.0,0.0,205,1
2023-07-04,-0.007359020309919084,-0.008075143250953775,0.0007161229410346907,1.2176982895499997,1.0474075597743537,1.1473589093784076,2435396.5790999993,19375.579099999246,2416021.0,0.007955820939503614,0,28,0.0,0.0,0.0,0.0,0.0,205,0
2023-07-05,-0.0026909851382076466,5.1424377991775224e-05,-0.0027424095161994217,1.2144214815499998,1.0474614220566192,1.1442123813868321,2428842.9630999994,20143.963099999244,2408699.0,0.008293645742452178,0,28,0.0,0.0,0.0,768.384,0.0,205,0
2023-07-06,-0.0020211269623353623,-0.0014749318697882211,-0.0005461950925471411,1.2119669815499998,1.0459164878228542,1.1435874181992869,2423933.9630999994,22735.963099999244,2401198.0,0.009379778263811254,0,28,0.0,0.0,0.0,2592.0,0.0,205,0
2023-07-07,0.006949034196648718,0.008775636030270107,-0.0018266018336213895,1.22038898155,1.0550950702380462,1.1414985393242978,2440777.9630999994,22735.963099999244,2418042.0,0.00931504767894684,0,28,0.0,0.0,0.0,0.0,0.0,205,0
2023-07-10,0.00620744706362264,0.007909638901236946,-0.0017021918376143065,1.22796448155,1.0634404912501043,1.1395554898280114,2455928.9630999994,22735.963099999244,2433193.0,0.009257581730418109,0,28,0.0,0.0,0.0,0.0,0.0,205,0
2023-07-11,-0.0007650872758258043,-0.0017122536732800538,0.0009471663974542496,1.22702498155,1.0616196113626466,1.140634838496011,2454049.9630999994,22735.963099999244,2431314.0,0.009264670011558679,0,28,0.0,0.0,0.0,0.0,0.0,205,0
2023-07-12,-0.00875247053766881,-0.004348720241795009,-0.004403750295873802,1.2162854815500002,1.0570029246696273,1.1356117674885002,2432570.9630999994,22735.963099999244,2409835.0,0.009346474756495974,0,28,0.0,0.0,0.0,0.0,0.0,205,0
2023-07-13,0.011169417218305888,0.00574295673611544,0.005426460482190448,1.2298706815500002,1.0630732467359523,1.141774119867887,2459741.3630999993,27190.363099999246,2432551.0,0.011054155330270729,0,28,0.0,0.0,0.0,4454.400000000001,0.0,205,0
2023-07-14,-0.002151510756126962,-0.004853119233073257,0.0027016084769462953,1.2272246015500001,1.0579140255160524,1.14485874650888,2454449.203099999,35266.20309999925,2419183.0,0.014368275805202082,0,28,0.0,0.0,0.0,8075.84,0.0,205,0
2023-07-17,7.007682203519217e-05,-0.000581515110777173,0.0006515919328123652,1.2273106015500002,1.0572988325243118,1.1456047272323147,2454621.203099999,35266.20309999925,2419355.0,0.014367268992649753,0,28,0.0,0.0,0.0,0.0,0.0,205,0
2023-07-18,0.0034103021637017505,-0.001637463282553807,0.005047765446255558,1.23149610155,1.0555675445073662,1.151387471189505,2462992.203099999,35266.20309999925,2427726.0,0.01431843878986385,0,28,0.0,0.0,0.0,0.0,0.0,205,0
2023-07-19,0.0043471513984185695,0.001513018736804318,0.0028341326616142517,1.2368496015500001,1.0571646379801685,1.1546506560277765,2473699.203099999,38874.20309999925,2434825.0,0.015715008134894792,0,28,0.0,0.0,0.0,3608.0,0.0,205,0
2023-07-20,-0.010168172415012555,-0.011095332710756526,0.0009271602957439708,1.2242731015500001,1.045435044591732,1.1557212022715002,2448546.203099999,38874.20309999925,2409672.0,0.01587644253997833,0,28,0.0,0.0,0.0,0.0,0.0,205,0
2023-07-21,0.0038704599439460807,0.00288148925400034,0.0009889706899457408,1.22901160155,1.0484474544384783,1.1568641766662955,2458023.203099999,38874.20309999925,2419149.0,0.01581523032450306,0,28,0.0,0.0,0.0,0.0,0.0,205,0
2023-07-24,0.011168731021487854,0.002323279310342727,0.008845451711145128,1.24273810155,1.0508832907173566,1.167097162877351,2485476.203099999,38874.20309999925,2446602.0,0.015640545281227627,0,28,0.0,0.0,0.0,0.0,0.0,205,0
2023-07-25,-0.00014242743485470832,0.0071103031743357595,-0.007252730609190468,1.2425611015500002,1.0583553895152007,1.158632521560251,2485122.203099999,38874.20309999925,2446248.0,0.0156427732412944,0,28,0.0,0.0,0.0,0.0,0.0,205,0
2023-07-26,0.0024105052027330043,-0.0011054869673939865,0.0035159921701269905,1.2455563015500002,1.0571853914252205,1.1627062644341113,2491112.603099999,42112.60309999925,2449000.0,0.016905138309522155,0,28,0.0,0.0,0.0,3238.4,0.0,205,0
2023-07-27,0.001254058124916746,-0.0009244610728521821,0.0021785191977689283,1.2471183015500003,1.05620806468406,1.1652392423525473,2494236.603099999,42112.60309999925,2452124.0,0.01688396483623846,0,28,0.0,0.0,0.0,0.0,0.0,205,0
2023-07-28,0.014924406110364385,0.011684392451033192,0.0032400136593311937,1.2657308015500004,1.0685492142217747,1.1690146334141582,2531461.603099999,45424.60309999925,2486037.0,0.017944022158729485,0,28,0.0,0.0,0.0,3312.0,0.0,205,0
2023-07-31,0.008288887326714622,0.009042443837738124,-0.000753556511023502,1.2762223015500005,1.0782115104792342,1.1681337148256672,2552444.603099999,45424.60309999925,2507020.0,0.017796508901634964,0,28,0.0,0.0,0.0,0.0,0.0,205,0
2023-08-01,0.005006964689646232,0.00860722622748503,-0.0036002615378387982,1.2826123015500004,1.0874919208710074,1.1639281279411275,2565224.603099999,45424.60309999925,2519800.0,0.017707846340279502,0,28,0.0,0.0,0.0,0.0,0.0,205,0
2023-08-02,-0.010106717348909444,-0.009706562007626726,-0.00040015534128271836,1.2696493015500003,1.07693611310828,1.1634623758838627,2539298.603099999,45424.60309999925,2493874.0,0.017888641786572276,0,28,0.0,0.0,0.0,0.0,0.0,205,0
2023-08-03,0.003032333413092836,0.003195449381873881,-0.0001631159687810451,1.2734993015500005,1.0803774079452293,1.16327259659128,2546998.603099999,45424.60309999925,2501574.0,0.017834561449979646,0,28,0.0,0.0,0.0,0.0,0.0,205,0
2023-08-04,-0.004831961817733599,-0.005058154151930854,0.000226192334197255,1.2673458015500005,1.0749126924735788,1.1635357199352108,2534691.603099999,45424.60309999925,2489267.0,0.017921155790488943,0,28,0.0,0.0,0.0,0.0,0.0,205,0
2023-08-07,-0.009146280348917624,-0.006943224986112433,-0.002203055362805191,1.2557543015500006,1.0674493318093068,1.160972386327592,2511508.603099999,45424.60309999925,2466084.0,0.018086580728384077,0,28,0.0,0.0,0.0,0.0,0.0,205,0
2023-08-08,0.0003495906798471893,-0.0031690999414155747,0.003518690621262764,1.2561933015500004,1.0640664781944058,1.165057488974908,2512386.603099999,45424.60309999925,2466962.0,0.01808026003798558,0,28,0.0,0.0,0.0,0.0,0.0,205,0
2023-08-09,-0.006532434132449749,-0.007326738568169492,0.0007943044357197424,1.2479873015500005,1.0562703412895227,1.165982899306269,2495974.603099999,45424.60309999925,2450550.0,0.018199144752347206,0,28,0.0,0.0,0.0,0.0,0.0,205,0
2023-08-10,0.010339047507915033,0.011376546436513847,-0.0010374989285988137,1.2608903015500006,1.0682870498767152,1.1647731932974743,2521780.603099999,45424.60309999925,2476356.0,0.0180129084362689,0,28,0.0,0.0,0.0,0.0,0.0,205,0
2023-08-11,-0.017579641918691546,-0.021672378493420658,0.004092736574729111,1.2387243015500007,1.0451347285921673,1.169540303146947,2477448.603099999,47272.60309999925,2430176.0,0.019081164001080654,0,28,0.0,0.0,0.0,1848.0,0.0,205,0
2023-08-14,0.002695111410846218,0.001540000747804029,0.0011551106630421893,1.2420628015500006,1.0467442368557554,1.1708912516219694,2484125.603099999,47272.60309999925,2436853.0,0.019029876364144653,0,28,0.0,0.0,0.0,0.0,0.0,205,0
2023-08-15,0.008957276545208614,0.0032677412116308173,0.005689535333577797,1.2531883015500005,1.050164726136566,1.1775530787698496,2506376.603099999,47272.60309999925,2459104.0,0.018860933764515028,0,28,0.0,0.0,0.0,0.0,0.0,205,0
2023-08-16,-0.0033764279436429012,-0.004941515341243559,0.0015650873976006579,1.2489570015500007,1.0449753210315293,1.1793960522534384,2497914.0030999994,48175.00309999925,2449739.0,0.01928609353252849,0,28,0.0,0.0,0.0,902.4,0.0,205,0
2023-08-17,-0.0007690416874304162,0.0026618131631353315,-0.0034308548505657477,1.2479965015500005,1.0477568500962027,1.1753497155868267,2495993.0030999994,48175.00309999925,2447818.0,0.01930093675750147,0,28,0.0,0.0,0.0,0.0,0.0,205,0
2023-08-18,0.004907465679906409,0.00169136934229788,0.0032160963376085287,1.2541210015500004,1.049528993910638,1.1791297535025347,2508242.0030999994,48175.00309999925,2460067.0,0.019206680631477565,0,28,0.0,0.0,0.0,0.0,0.0,205,0
2023-08-21,-0.003550295381782975,-0.0027932794558784358,-0.0007570159259045394,1.2496685015500004,1.0465973661335986,1.1782371335004254,2499337.0030999994,48175.00309999925,2451162.0,0.019275112976059817,0,28,0.0,0.0,0.0,0.0,0.0,205,0
2023-08-22,0.0012931429399041239,-0.0010406143578422535,0.0023337572977463776,1.2512845015500003,1.04550826188752,1.1809868530092078,2502569.0030999994,48175.00309999925,2454394.0,0.019250219690375603,0,28,0.0,0.0,0.0,0.0,0.0,205,0
2023-08-23,-0.004495380541381433,-0.00875715369890758,0.004261773157526147,1.2456595015500003,1.0363525853446933,1.1860199510787537,2491319.0030999994,48175.00309999925,2443144.0,0.019337147527094728,0,28,0.0,0.0,0.0,0.0,0.0,205,0
2023-08-24,-0.013094268521778085,-0.010823869031737897,-0.0022703994900401883,1.2293485015500003,1.0251352406902194,1.1833272119866471,2458697.0030999994,48175.00309999925,2410522.0,0.01959371286468351,0,28,0.0,0.0,0.0,0.0,0.0,205,0
2023-08-25,0.006843462199199513,0.0042253189558734226,0.00261814324332609,1.2377615015500003,1.0294667640550417,1.1864253321313538,2475523.0030999994,48175.00309999925,2427348.0,0.019460535426118683,0,28,0.0,0.0,0.0,0.0,0.0,205,0
2023-08-28,0.011595125540766693,0.010483289382927814,0.0011118361578388788,1.2521135015500005,1.040258962052737,1.1877444427141934,2504227.0030999994,48175.00309999925,2456052.0,0.019237474494270324,0,28,0.0,0.0,0.0,0.0,0.0,205,0
2023-08-29,-0.008313543450425231,0.002554640557217991,-0.010868184007643222,1.2417040015500005,1.0429164497872063,1.17483581755672,2483408.0030999994,48175.00309999925,2435233.0,0.019398746818832486,0,28,0.0,0.0,0.0,0.0,0.0,205,0
2023-08-30,-0.01974101715819665,-0.015651569906223697,-0.0040894472519729524,1.2171915015500006,1.0265931700670112,1.1700313884510933,2434383.0030999994,48175.00309999925,2386208.0,0.019789409899203244,0,28,0.0,0.0,0.0,0.0,0.0,205,0
2023-08-31,-0.0025074115257242013,-0.0045121805232876,0.0020047689975633987,1.2141395015500005,1.0219609963596947,1.172377031104836,2428279.0030999994,48175.00309999925,2380104.0,0.019839154824671253,0,28,0.0,0.0,0.0,0.0,0.0,205,0
2023-09-01,0.006827469157718147,0.0025535129528697497,0.0042739562048483976,1.2224290015500003,1.024570587001227,1.1773877191913482,2444858.0030999994,48175.00309999925,2396683.0,0.01970462212484935,0,28,0.0,0.0,0.0,0.0,0.0,205,0
2023-09-04,0.014955060765753814,0.014769420835459802,0.00018563993029401156,1.2407105015500004,1.0397029011762822,1.177606289365468,2481421.0030999994,48175.00309999925,2433246.0,0.019414280382012965,0,28,0.0,0.0,0.0,0.0,0.0,205,0
2023-09-05,-0.007501347001071523,-0.0023722717963388,-0.005129075204732723,1.2314035015500004,1.03723644330725,1.1715662581457462,2462807.0030999994,48175.00309999925,2414632.0,0.019561014338257167,0,28,0.0,0.0,0.0,0.0,0.0,205,0
2023-09-06,-0.0036689842072993306,-0.004622713920658118,0.0009537297133587874,1.2268855015500004,1.0324415959617597,1.1726836156973084,2453771.0030999994,48175.00309999925,2405596.0,0.019633047680136743,0,28,0.0,0.0,0.0,0.0,0.0,205,0
2023-09-07,-0.003135989458787458,-0.0114490359840364,0.008313046525248943,1.2230380015500004,1.0206211349781775,1.1824321891539973,2446076.0030999994,48175.00309999925,2397901.0,0.019694810397937492,0,28,0.0,0.0,0.0,0.0,0.0,205,0
2023-09-08,0.0017329796762766136,0.0050766667331115616,-0.003343687056834948,1.2251575015500005,1.0258024883412318,1.178478505947538,2450315.0030999994,48175.00309999925,2402140.0,0.019660738737285195,0,28,0.0,0.0,0.0,0.0,0.0,205,0
2023-09-11,0.01011135301732824,0.006708109578302356,0.0034032434390258836,1.2375455015500003,1.03268368383872,1.182489155190937,2475091.0030999994,48175.00309999925,2426916.0,0.01946393204923014,0,28,0.0,0.0,0.0,0.0,0.0,205,0
2023-09-12,-0.0003761477856102369,0.0005765308388761448,-0.0009526786244863816,1.2370800015500003,1.033279057829257,1.1813626230490997,2474160.0030999994,48175.00309999925,2425985.0,0.01947125611910239,0,28,0.0,0.0,0.0,0.0,0.0,205,0
2023-09-13,0.002688993432786946,0.0024350803541559884,0.00025391307863095736,1.2404065015500003,1.0357951753633379,1.1816625864696977,2480813.0030999994,48175.00309999925,2432638.0,0.0194190384522333,0,28,0.0,0.0,0.0,0.0,0.0,205,0
2023-09-14,0.010870226803189942,0.00567329078218035,0.005196936021009592,1.2538900015500003,1.0416715425839536,1.1878036113300015,2507780.0030999994,48175.00309999925,2459605.0,0.01921021901460558,0,28,0.0,0.0,0.0,0.0,0.0,205,0
2023-09-15,-0.00048608729573296205,-0.005454501998163729,0.004968414702430767,1.2532805015500004,1.035989743073499,1.1937051122561337,2506561.0030999994,48175.00309999925,2458386.0,0.019219561399231307,0,28,0.0,0.0,0.0,0.0,0.0,205,0
2023-09-18,-0.003746168550610496,-0.0002718147644192328,-0.003474353786191263,1.2485855015500005,1.0357081457655446,1.1895577583797707,2497171.0030999994,48175.00309999925,2448996.0,0.01929183185300269,0,28,0.0,0.0,0.0,0.0,0.0,205,0
2023-09-19,0.00886483143225636,0.003246119289131411,0.005618712143124948,1.2596540015500004,1.0390701779554246,1.1962415410017277,2519308.0030999994,48175.00309999925,2471133.0,0.01912231574730842,0,28,0.0,0.0,0.0,0.0,0.0,205,0
2023-09-20,-0.004040792149063721,-0.005472830359770496,0.001432038210706775,1.2545640015500004,1.033383523139578,1.197954604597677,2509128.0030999994,48175.00309999925,2460953.0,0.019199898546618417,0,28,0.0,0.0,0.0,0.0,0.0,205,0
2023-09-21,-0.0018468567543284964,-0.006632048091861744,0.004785191337533247,1.2522470015500005,1.0265300739167789,1.2036870465943559,2504494.0030999994,48175.00309999925,2456319.0,0.019235423618650892,0,28,0.0,0.0,0.0,0.0,0.0,205,0
2023-09-22,-0.0011559221129763264,0.005434060045303726,-0.0065899821582800526,1.2507995015500004,1.0321082999767528,1.1957547704331462,2501599.0030999994,48175.00309999925,2453424.0,0.01925768400143286,0,28,0.0,0.0,0.0,0.0,0.0,205,0
2023-09-25,0.0030180696389165984,-0.0035591643400333826,0.006577233978949981,1.2545745015500005,1.0284348569204231,1.2036195293397307,2509149.0030999994,48175.00309999925,2460974.0,0.01919973785553591,0,28,0.0,0.0,0.0,0.0,0.0,205,0
2023-09-26,-0.0008201984009149621,-0.0023319619924454826,0.0015117635915305205,1.2535455015500006,1.0260365859223786,1.2054391175222416,2507091.0030999994,48175.00309999925,2458916.0,0.019215498376577163,0,28,0.0,0.0,0.0,0.0,0.0,205,0
2023-09-27,-0.006964246602301549,-0.0028378329192472376,-0.004126413683054312,1.2448155015500006,1.023124865522496,1.2004649770536089,2489631.0030999994,48175.00309999925,2441456.0,0.019350258347527592,0,28,0.0,0.0,0.0,0.0,0.0,205,0
2023-09-28,0.003024142931472573,0.004983681480490604,-0.001959538549018031,1.2485800015500006,1.02822379396703,1.1981126196543264,2497160.0030999994,48175.00309999925,2448985.0,0.019291916833600698,0,28,0.0,0.0,0.0,0.0,0.0,205,0
2023-10-09,-0.004496658638637685,-0.004037583182924122,-0.000459075455713563,1.2429655635000005,1.0240722548682262,1.1975625955574625,2485931.1269999994,19005.12699999918,2466926.0,0.007645073829110625,28,28,910148.0,881587.0,608.8761,0.0,0.0,205,1
2023-10-10,-0.007915746251484945,-0.007513739561077779,-0.0004020066904071662,1.2331265635000006,1.0163776426534206,1.197081167381867,2466253.1269999994,19005.12699999918,2447248.0,0.007706073148751524,0,28,0.0,0.0,0.0,0.0,0.0,205,0
2023-10-11,-0.00974514729931042,-0.00755802661280012,-0.002187120686510299,1.2211095635000007,1.008695833381591,1.1944630063972543,2442219.1269999994,19005.12699999918,2423214.0,0.0077819089982089,0,28,0.0,0.0,0.0,0.0,0.0,205,0
2023-10-12,0.011012934794691676,0.008901806720467352,0.002111128074224323,1.2345575635000006,1.0176750487300947,1.196984670783682,2469115.1269999994,19005.12699999918,2450110.0,0.007697140887509205,0,28,0.0,0.0,0.0,0.0,0.0,205,0
2023-10-13,-0.007543188163376402,-0.007377931337902299,-0.00016525682547410304,1.2252450635000005,1.0101667120962676,1.196786860896847,2450490.1269999994,19005.12699999918,2431485.0,0.007755643163217357,0,28,0.0,0.0,0.0,0.0,0.0,205,0
2023-10-16,0.006113878948103224,0.004282781657288696,0.0018310972908145281,1.2327360635000006,1.0144930355616373,1.1989782940755176,2465472.1269999994,19005.12699999918,2446467.0,0.00770851424028254,0,28,0.0,0.0,0.0,0.0,0.0,205,0
2023-10-17,0.0016297081423057858,0.0007469556748847541,0.0008827524674210317,1.2347450635000006,1.015250816891681,1.200036695122997,2469490.1269999994,19005.12699999918,2450485.0,0.007695972051966492,0,28,0.0,0.0,0.0,0.0,0.0,205,0
2023-10-18,-0.01179150290241271,-0.01661935630221723,0.004827853399804519,1.2201855635000005,0.998378001829641,1.2058302963614367,2440371.1269999994,19005.12699999918,2421366.0,0.007787801941159084,0,28,0.0,0.0,0.0,0.0,0.0,205,0
2023-10-19,-0.01583775499241924,-0.012512831998383215,-0.0033249229940360246,1.2008605635000005,0.9858854656218651,1.2018210034821593,2401721.1269999994,19005.12699999918,2382716.0,0.007913128125636538,0,28,0.0,0.0,0.0,0.0,0.0,205,0
2023-10-20,-0.0025648273360090457,-0.0005656597797902472,-0.0019991675562187985,1.1977805635000005,0.985327789866483,1.1994183619236154,2395561.1269999994,19005.12699999918,2376556.0,0.007933476122063982,0,28,0.0,0.0,0.0,0.0,0.0,205,0
2023-10-23,-0.018372313485950142,-0.020756331310820605,0.0023840178248704623,1.1757745635000005,0.9648759998102556,1.2022777966779181,2351549.1269999994,19005.12699999918,2332544.0,0.008081960432714865,0,28,0.0,0.0,0.0,0.0,0.0,205,0
2023-10-24,0.013224473876790155,0.017452313675483864,-0.004227839798693709,1.1913235635000006,0.9817153184168903,1.1971947587600376,2382647.1269999994,19005.12699999918,2363642.0,0.007976475737692895,0,28,0.0,0.0,0.0,0.0,0.0,205,0
2023-10-25,0.011843969541361243,0.010792743071946616,0.0010512264694146276,1.2054335635000004,0.992310719618358,1.1984532815794906,2410867.1269999994,19005.12699999918,2391862.0,0.007883108441421451,0,28,0.0,0.0,0.0,0.0,0.0,205,0
2023-10-26,0.007892181110651375,0.011811802419957702,-0.003919621309306327,1.2149470635000004,1.004031697777696,1.1937557985588034,2429894.1269999994,19005.12699999918,2410889.0,0.007821380688492518,0,28,0.0,0.0,0.0,0.0,0.0,205,0
2023-10-27,0.003961901011664937,0.008858292072160942,-0.004896391060496006,1.2197605635000004,1.0129257038063184,1.187910703338325,2439521.1269999994,19005.12699999918,2420516.0,0.007790515437499297,0,28,0.0,0.0,0.0,0.0,0.0,205,0
2023-10-30,-0.007059172314353934,-0.004625063381007823,-0.0024341089333461113,1.2111500635000005,1.008240858225962,1.1850191992833117,2422300.1269999994,19005.12699999918,2403295.0,0.007845901004652501,0,28,0.0,0.0,0.0,0.0,0.0,205,0
2023-10-31,0.0012678032609458878,-0.0011414674744346669,0.002409270735380555,1.2126855635000007,1.007089984079901,1.1878742313610091,2425371.1269999994,19005.12699999918,2406366.0,0.007835966540719516,0,28,0.0,0.0,0.0,0.0,0.0,205,0
2023-11-01,0.00045972345740707965,0.0014438523316400906,-0.000984128874233011,1.2132430635000004,1.008544073301586,1.1867052100309694,2426486.1269999994,19005.12699999918,2407481.0,0.007832365818425792,0,28,0.0,0.0,0.0,0.0,0.0,205,0
2023-11-02,0.000314446471179064,-0.0022865978171610875,0.0026010442883401515,1.2136245635000005,1.0062379386250637,1.189791882839464,2427249.1269999994,19005.12699999918,2408244.0,0.007829903732827333,0,28,0.0,0.0,0.0,0.0,0.0,205,0
2023-11-03,-0.005875787467118143,7.845991495161186e-05,-0.005954247382069755,1.2064935635000005,1.0063168879681494,1.1827075676358594,2412987.1269999994,19005.12699999918,2393982.0,0.007876182507292415,0,28,0.0,0.0,0.0,0.0,0.0,205,0
2023-11-06,0.001343148483361034,0.004546514754561262,-0.003203366271200228,1.2081140635000003,1.0108921225470608,1.1789189221050014,2416228.1269999994,19005.12699999918,2397223.0,0.007865617814653964,0,28,0.0,0.0,0.0,0.0,0.0,206,0
2023-11-07,0.0002586676286961964,-0.00028538732930199394,0.0005440549579981903,1.2084265635000004,1.0106036267439948,1.1795603187896506,2416853.1269999994,19005.12699999918,2397848.0,0.00786358376008969,0,28,0.0,0.0,0.0,0.0,0.0,206,0
2023-11-08,-0.005517091564662513,-0.003863949045809965,-0.001653142518852548,1.2017595635000005,1.0066987058247452,1.1776103374731082,2403519.1269999994,19005.12699999918,2384514.0,0.007907208553701342,0,28,0.0,0.0,0.0,0.0,0.0,206,0
2023-11-09,0.00036779403586573167,0.0006914431234448172,-0.00032364908757908555,1.2022015635000003,1.0073947807222685,1.1772292049618613,2404403.1269999994,19005.12699999918,2385398.0,0.007904301398789181,0,28,0.0,0.0,0.0,0.0,0.0,206,0
2023-11-10,0.0007818988333898602,0.006268508351265209,-0.0054866095178753484,1.2031415635000005,1.013709643318247,1.1707702080011968,2406283.1269999994,19005.12699999918,2387278.0,0.00789812586339063,0,28,0.0,0.0,0.0,0.0,0.0,206,0
2023-11-13,0.004358173766972451,0.0030819814180513445,0.0012761923489211062,1.2083850635000004,1.0168338776022534,1.1722643359829927,2416770.1269999994,19005.12699999918,2397765.0,0.007863853821956474,0,28,0.0,0.0,0.0,0.0,0.0,206,0
2023-11-14,-0.0013427011380797715,-0.001924812265991261,0.0005821111279114895,1.2067625635000003,1.014876663282169,1.1729467240978222,2413525.1269999994,19005.12699999918,2394520.0,0.007874426823814536,0,28,0.0,0.0,0.0,0.0,0.0,206,0
2023-11-15,2.195958078377025e-05,0.0030508881880778136,-0.0030289286072940434,1.2067890635000003,1.0179729385065324,1.1693939522103705,2413578.1269999994,19005.12699999918,2394573.0,0.00787425390849972,0,28,0.0,0.0,0.0,0.0,0.0,206,0
2023-11-16,-0.0021312755292466345,-0.004450235764764821,0.0023189602355181867,1.2042170635000002,1.013442718928028,1.1721057302852018,2408434.1269999994,19005.12699999918,2389429.0,0.007891071957061329,0,28,0.0,0.0,0.0,0.0,0.0,206,0
2023-11-17,-0.004143771211393421,0.0004299372600145514,-0.004573708471407973,1.1992270635000002,1.0138784357137856,1.1667448603772106,2398454.1269999994,19005.12699999918,2379449.0,0.00792390681399894,0,28,0.0,0.0,0.0,0.0,0.0,206,0
2023-11-20,0.0036385936682123976,0.003926678045539609,-0.0002880843773272112,1.2035905635000002,1.017859609908149,1.166408739410609,2407181.1269999994,19005.12699999918,2388176.0,0.007895179463991861,0,28,0.0,0.0,0.0,0.0,0.0,206,0
2023-11-21,0.002876808862584568,0.0005711710684614251,0.002305637794123143,1.2070530635,1.018440981869084,1.1690980554835897,2414106.1269999994,19005.12699999918,2395101.0,0.00787253169504059,0,28,0.0,0.0,0.0,0.0,0.0,206,0
2023-11-22,-0.0012149424448232304,-0.0031187875771830444,0.001903845132359814,1.2055865635,1.0152646807867367,1.1713238371257735,2411173.1269999994,19005.12699999918,2392168.0,0.007882108002607639,0,28,0.0,0.0,0.0,0.0,0.0,206,0
2023-11-23,0.00491918223008625,0.006699193399885347,-0.0017800111697990973,1.2115170634999999,1.0220661352354001,1.1692388676122376,2423034.1269999994,19005.12699999918,2404029.0,0.007843524277361192,0,28,0.0,0.0,0.0,0.0,0.0,206,0
2023-11-24,0.00045108733212662067,-0.0032476328312145424,0.003698720163341163,1.2120635634999999,1.018746839698937,1.173563554987637,2424127.1269999994,19005.12699999918,2405122.0,0.007839987758199442,0,28,0.0,0.0,0.0,0.0,0.0,206,0
2023-11-27,-0.002359199703803272,-0.0029316286026126437,0.0005724288988093718,1.2092040634999999,1.0157602523248543,1.1742353366811016,2418408.1269999994,19005.12699999918,2399403.0,0.007858527594171941,0,28,0.0,0.0,0.0,0.0,0.0,206,0
2023-11-28,0.0014898229789153117,0.0034374320520331094,-0.0019476090731177977,1.2110055634999999,1.019251859173377,1.171948385285406,2422011.1269999994,19005.12699999918,2403006.0,0.007846837195805824,0,28,0.0,0.0,0.0,0.0,0.0,206,0
2023-11-29,-0.006234075406045814,-0.006508050061085175,0.00027397465503936104,1.2034560634999998,1.0126185170490225,1.1722694694399884,2406912.1269999994,19005.12699999918,2387907.0,0.007896061840731746,0,28,0.0,0.0,0.0,0.0,0.0,206,0
2023-11-30,0.0053051375896782105,0.003983839790089713,0.0013212977995884978,1.2098405634999998,1.016652626989424,1.1738183865104843,2419681.1269999994,19005.12699999918,2400676.0,0.007854393204100559,0,28,0.0,0.0,0.0,0.0,0.0,206,0
2023-12-01,0.006252063476957392,0.004028457323833908,0.0022236061531234847,1.2174045634999997,1.0207481687104145,1.1764284962973786,2434809.1269999994,19005.12699999918,2415804.0,0.0078055921465252425,0,28,0.0,0.0,0.0,0.0,0.0,206,0
2023-12-04,0.008644620133297254,0.0024892598964238307,0.006155360236873423,1.2279285634999997,1.0232890761911335,1.183669837485012,2455857.1269999994,19005.12699999918,2436852.0,0.007738694075911193,0,28,0.0,0.0,0.0,0.0,0.0,206,0
2023-12-05,-0.0097782561273565,-0.012215183257414634,0.0024369271300581346,1.2159215634999998,1.0107894126001482,1.1865543546250108,2431843.1269999994,19005.12699999918,2412838.0,0.007815112245107898,0,28,0.0,0.0,0.0,0.0,0.0,206,0
2023-12-06,0.001512844294581761,0.0016423506443054494,-0.0001295063497236883,1.2177610634999998,1.0124494832431892,1.1864006883017946,2435522.1269999994,19005.12699999918,2416517.0,0.0078033070565485295,0,28,0.0,0.0,0.0,0.0,0.0,206,0
2023-12-07,-0.0015602403927574837,-0.0006428135957843818,-0.0009174267969731019,1.2158610634999998,1.0117986669503156,1.185312252518399,2431722.1269999994,19005.12699999918,2412717.0,0.00781550111708104,0,28,0.0,0.0,0.0,0.0,0.0,206,0
2023-12-08,0.0010358913841475026,-0.0008638825678789206,0.0018997739520264232,1.2171205634999998,1.010924591719734,1.187564077860751,2434241.1269999994,19005.12699999918,2415236.0,0.007807413484719743,0,28,0.0,0.0,0.0,0.0,0.0,206,0
2023-12-11,0.011738360544099047,0.009455267557671912,0.002283092986427135,1.2314075634999997,1.0204831542150745,1.1902753970778477,2462815.1269999994,19005.12699999918,2443810.0,0.007716830545518727,0,28,0.0,0.0,0.0,0.0,0.0,206,0
2023-12-12,0.013810212397643795,0.006669702469923189,0.007140509927720606,1.2484135634999998,1.0272894732292577,1.1987745703674038,2496827.1269999994,19005.12699999918,2477822.0,0.0076117111971762,0,28,0.0,0.0,0.0,0.0,0.0,206,0
2023-12-13,0.0031371815514562584,0.0013100085872291903,0.0018271729642270682,1.2523300634999996,1.0286352312607583,1.2009649388525818,2504660.1269999994,19005.12699999918,2485655.0,0.007587906556712308,0,28,0.0,0.0,0.0,0.0,0.0,206,0
2023-12-14,0.006547794578278143,0.008066667801073102,-0.0015188732227949583,1.2605300634999996,1.0369328899598187,1.199140825365443,2521060.1269999994,19005.12699999918,2502055.0,0.007538545707997381,0,28,0.0,0.0,0.0,0.0,0.0,206,0
2023-12-15,-0.0003224833835944185,-0.006518194098986836,0.006195710715392417,1.2601235634999997,1.0301739601154374,1.2065703550264242,2520247.1269999994,19005.12699999918,2501242.0,0.0075409775479526545,0,28,0.0,0.0,0.0,0.0,0.0,206,0
2023-12-18,-0.008344816575600822,-0.00948634874343657,0.0011415321678357477,1.2496080634999998,1.0204013706633752,1.207947693899444,2499216.1269999994,19005.12699999918,2480211.0,0.007604435164561973,0,28,0.0,0.0,0.0,0.0,0.0,206,0
2023-12-19,-0.011499205566706028,-0.008861900385731944,-0.002637305180974084,1.2352385634999998,1.011358675363092,1.2047619671879775,2470477.1269999994,19005.12699999918,2451472.0,0.0076928973728560175,0,28,0.0,0.0,0.0,0.0,0.0,206,0
2023-12-20,-0.006195564343713156,-0.0030228733039752284,-0.0031726910397379274,1.2275855634999997,1.0083014662225933,1.200939629689663,2455171.1269999994,19005.12699999918,2436166.0,0.007740856346425739,0,28,0.0,0.0,0.0,0.0,0.0,206,0
2023-12-21,-8.268262760491307e-05,0.0014473493891514135,-0.0015300320167563265,1.2274840634999997,1.009760830733811,1.1991021536060464,2454968.1269999994,19005.12699999918,2435963.0,0.0077414964336924704,0,28,0.0,0.0,0.0,0.0,0.0,206,0
2023-12-22,-0.00635609066707854,-0.007292338253398837,0.0009362475863202973,1.2196820634999996,1.002397313201067,1.2002248101031117,2439364.1269999994,19005.12699999918,2420359.0,0.007791016843136179,0,28,0.0,0.0,0.0,0.0,0.0,206,0
2023-12-25,-0.006142994329603857,-0.00581248132198281,-0.0003305130076210472,1.2121895634999995,0.99657089754088,1.1998281201913032,2424379.1269999994,19005.12699999918,2405374.0,0.007839172837425268,0,28,0.0,0.0,0.0,0.0,0.0,206,0
2023-12-26,-0.0019662766218825345,-0.00257156990649927,0.0006052932846167354,1.2098060634999994,0.9940081458110709,1.2005543680951494,2419612.1269999994,19005.12699999918,2400607.0,0.007854617187575033,0,28,0.0,0.0,0.0,0.0,0.0,206,0
2023-12-27,0.005779025424763828,0.0044082484783954734,0.001370776946368355,1.2167975634999995,0.9983899807073552,1.202200060345796,2433595.1269999994,19005.12699999918,2414590.0,0.007809485969602364,0,28,0.0,0.0,0.0,0.0,0.0,206,0
2023-12-28,-0.000924558064337333,0.005087643929719184,-0.006012201994056517,1.2156725634999994,1.0034694334321934,1.1949721907457302,2431345.1269999994,19005.12699999918,2412340.0,0.00781671297461966,0,28,0.0,0.0,0.0,0.0,0.0,206,0
2023-12-29,0.0048639742127403185,0.004165214652236137,0.0006987595605041814,1.2215855634999992,1.0076490990193963,1.1958071889885504,2443171.1269999994,19005.12699999918,2424166.0,0.007778876718855062,0,28,0.0,0.0,0.0,0.0,0.0,206,0
2024-01-02,0.011141568963048742,0.013544056837522082,-0.0024024878744733393,1.2351959432999993,1.0212967556887929,1.1929342767167974,2470391.8865999994,17909.886599999314,2452482.0,0.007249815989579165,28,28,986926.0,986486.0,655.2403999999999,0.0,0.0,206,1
2024-01-03,0.009811803597428392,0.009534302767600616,0.0002775008298277759,1.247315443299999,1.031034108173098,1.1932653169685161,2494630.8865999994,17909.886599999314,2476721.0,0.007179373387944053,0,28,0.0,0.0,0.0,0.0,0.0,206,0
2024-01-04,0.0033608178448503168,0.0002893616348617644,0.0030714562099885523,1.251507443299999,1.0313324498882372,1.196930379136483,2503014.8865999994,17909.886599999314,2485105.0,0.007155325641841238,0,28,0.0,0.0,0.0,0.0,0.0,206,0
2024-01-05,-2.9963864938031826e-05,-0.003494004654196655,0.003464040789258623,1.2514699432999992,1.0277289695083036,1.2010765947917144,2502939.8865999994,17909.886599999314,2485030.0,0.0071555400494768395,0,28,0.0,0.0,0.0,0.0,0.0,206,0
2024-01-08,-0.009333024786197464,-0.01571363509279619,0.006380610306598727,1.239789943299999,1.0115796115071547,1.2087401964914568,2479579.8865999994,17909.886599999314,2461670.0,0.007222952039894692,0,28,0.0,0.0,0.0,0.0,0.0,206,0
2024-01-09,0.007441986483162966,0.005670636044659331,0.001771350438503635,1.249016443299999,1.0173159113142096,1.2108812989685491,2498032.8865999994,17909.886599999314,2480123.0,0.0071695960033480366,0,28,0.0,0.0,0.0,0.0,0.0,206,0
2024-01-10,-0.003479137543232702,-0.0063023130045711685,0.0028231754613384664,1.244670943299999,1.0109044680165769,1.2142998293383906,2489341.8865999994,17909.886599999314,2471432.0,0.007194627100603305,0,28,0.0,0.0,0.0,0.0,0.0,206,0
2024-01-11,-0.0028947409910986543,0.0025039140487398467,-0.005398655039838501,1.241067943299999,1.0134356859159774,1.207744243444858,2482135.8865999994,17909.886599999314,2464226.0,0.007215514145171184,0,28,0.0,0.0,0.0,0.0,0.0,206,0
2024-01-12,0.008852859393648993,0.008481336580829347,0.0003715228128196458,1.252054943299999,1.0220309750712546,1.2081929479833493,2504109.8865999994,17909.886599999314,2486200.0,0.0071521967529615035,0,28,0.0,0.0,0.0,0.0,0.0,206,0
2024-01-15,0.004167548738913229,0.0006165623340780383,0.003550986404835191,1.257272943299999,1.0226611208747447,1.2124832247160557,2514545.8865999994,17909.886599999314,2496636.0,0.007122513331508881,0,28,0.0,0.0,0.0,0.0,0.0,206,0
2024-01-16,0.0019267892567875755,-0.003781272895532189,0.005708062152319764,1.2596954432999992,1.0187941600970665,1.21940415432138,2519390.8865999994,17909.886599999314,2501481.0,0.0071088161409400405,0,28,0.0,0.0,0.0,0.0,0.0,206,0
2024-01-17,-0.009576521106083757,-0.01414196019345997,0.004565439087376213,1.2476319432999992,1.0043864136396443,1.2249712697108277,2495263.8865999994,17909.886599999314,2477354.0,0.007177552120310207,0,28,0.0,0.0,0.0,0.0,0.0,206,0
2024-01-18,-0.014210921814893585,-0.013781105669256423,-0.0004298161456371616,1.2299019432999991,0.9905448583405109,1.2244447572811643,2459803.8865999994,17909.886599999314,2441894.0,0.007281022156914629,0,28,0.0,0.0,0.0,0.0,0.0,206,0
2024-01-19,-0.006741594356500236,-0.007188856412193678,0.0004472620556934424,1.2216104432999992,0.9834239735840642,1.2249924049603889,2443220.8865999994,17909.886599999314,2425311.0,0.007330441016703495,0,28,0.0,0.0,0.0,0.0,0.0,206,0
2024-01-22,-0.03613836165377193,-0.041663325197491774,0.005524963543719841,1.1774634432999993,0.9424512607656217,1.2317604433391287,2354926.8865999994,17909.886599999314,2337017.0,0.007605283502392418,0,28,0.0,0.0,0.0,0.0,0.0,206,0
2024-01-23,0.008147599022788388,0.005598245222789341,0.002549353799999047,1.1870569432999993,0.9477273340339146,1.2349006365060438,2374113.8865999994,17909.886599999314,2356204.0,0.0075438194861192215,0,28,0.0,0.0,0.0,0.0,0.0,206,0
2024-01-24,0.026362256820641194,0.022776448397436273,0.003585808423204922,1.2183504432999992,0.9693131967523778,1.2393287536102484,2436700.8865999994,17909.886599999314,2418791.0,0.00735005543704197,0,28,0.0,0.0,0.0,0.0,0.0,206,0
2024-01-25,0.021686699541417553,0.03159637084039012,-0.009909671298972564,1.2447724432999991,0.99993997597745,1.2270474130306055,2489544.8865999994,17909.886599999314,2471635.0,0.007194040443455935,0,28,0.0,0.0,0.0,0.0,0.0,206,0
2024-01-26,0.01707822189864827,0.014494695667286103,0.002583526231362168,1.2660309432999992,1.0144338016147965,1.2302175222092953,2532061.8865999994,17909.886599999314,2514152.0,0.007073242046247275,0,28,0.0,0.0,0.0,0.0,0.0,206,0
2024-01-29,0.0001674524632451213,-0.0071659955381742245,0.007333448001419346,1.2662429432999993,1.0071643735186517,1.239239258438852,2532485.8865999994,17909.886599999314,2514576.0,0.007072057812746319,0,28,0.0,0.0,0.0,0.0,0.0,206,0
2024-01-30,-0.014038775176643425,-0.01328467588801505,-0.0007540992886283758,1.2484664432999995,0.9937845212505007,1.238304748995623,2496932.8865999994,17909.886599999314,2479023.0,0.0071727545005771795,0,28,0.0,0.0,0.0,0.0,0.0,206,0
2024-01-31,-0.00999225895653677,-0.019590941882017456,0.009598682925480686,1.2359914432999994,0.9743153464514335,1.2501908436463487,2471982.8865999994,17909.886599999314,2454073.0,0.00724514991470383,0,28,0.0,0.0,0.0,0.0,0.0,206,0
2024-02-01,-0.01099522174984946,-0.018059973765097815,0.007064752015248355,1.2224014432999994,0.9567192368555884,1.2590231319284442,2444802.8865999994,17909.886599999314,2426893.0,0.0073256975841134945,0,28,0.0,0.0,0.0,0.0,0.0,206,0
2024-02-02,-0.009390941137151998,-0.024163368188951154,0.014772427051799156,1.2109219432999996,0.9336016776819944,1.277621959301385,2421843.8865999994,17909.886599999314,2403934.0,0.007395144955087428,0,28,0.0,0.0,0.0,0.0,0.0,206,0
2024-02-05,-0.0173607391593793,-0.04333600732695211,0.025975268167572806,1.1898994432999996,0.8931431085375128,1.3108085323110183,2379798.8865999994,17909.886599999314,2361889.0,0.007525798377688559,0,28,0.0,0.0,0.0,0.0,0.0,206,0
2024-02-06,0.021734609714814113,0.01984431768058625,0.0018902920342278619,1.2157614432999997,0.9108669241175575,1.3132863432380437,2431522.8865999994,17909.886599999314,2413613.0,0.007365707597777426,0,28,0.0,0.0,0.0,0.0,0.0,206,0
2024-02-07,0.004127454467037106,-0.004218097759910043,0.00834555222694715,1.2207794432999997,0.9070247983853612,1.3242464430044731,2441558.8865999994,17909.886599999314,2423649.0,0.007335430940574111,0,28,0.0,0.0,0.0,0.0,0.0,206,0
2024-02-08,0.009073711112022709,0.026340099609236403,-0.017266388497213694,1.2318564432999997,0.9309159219228792,1.3013814894535045,2463712.8865999994,17909.886599999314,2445803.0,0.0072694698710268615,0,28,0.0,0.0,0.0,0.0,0.0,206,0
2024-02-19,0.019975136010233596,0.023830818483034956,-0.0038556824728013597,1.2564629432999999,0.9531004102811904,1.2963637756541906,2512925.8865999994,17909.886599999314,2495016.0,0.007127104979698178,0,28,0.0,0.0,0.0,0.0,0.0,206,0
2024-02-20,0.006166118978130575,0.00598444213631341,0.000181676841817165,1.2642104432999999,0.9588041845366146,1.2965992949307976,2528420.8865999994,17909.886599999314,2510511.0,0.007083427721593842,0,28,0.0,0.0,0.0,0.0,0.0,206,0
2024-02-21,0.005088551541472697,0.01052012926432598,-0.005431577722853284,1.2706434433,0.9688909284971166,1.2895567150849843,2541286.8865999994,17909.886599999314,2523377.0,0.007047565819678487,0,28,0.0,0.0,0.0,0.0,0.0,206,0
2024-02-22,0.007233736614678188,0.00998514611060115,-0.0027514094959229622,1.2798349433,0.9785654459833962,1.2860086164935682,2559669.8865999994,17909.886599999314,2541760.0,0.006996951713874696,0,28,0.0,0.0,0.0,0.0,0.0,206,0
2024-02-23,0.005078779911447118,0.01124360461682265,-0.006164824705375532,1.2863349433000002,0.9895680489497183,1.2780805988032828,2572669.8865999994,17909.886599999314,2554760.0,0.006961595303495678,0,28,0.0,0.0,0.0,0.0,0.0,206,0
2024-02-26,-0.019903058789897954,-0.009691133805106724,-0.01021192498479123,1.2607329433000003,0.9799780125780881,1.2650289356037867,2521465.8865999994,17909.886599999314,2503556.0,0.00710296605446025,0,28,0.0,0.0,0.0,0.0,0.0,206,0
2024-02-27,0.005137487708575472,0.010660149571437492,-0.00552266186286202,1.2672099433000001,0.9904247247688907,1.2580426085457108,2534419.8865999994,17909.886599999314,2516510.0,0.007066661169560963,0,28,0.0,0.0,0.0,0.0,0.0,206,0
2024-02-28,-0.00839442592464068,-0.023146221657425168,0.014751795732784487,1.2565724433,0.9675001345543955,1.2766009961301166,2513144.8865999994,17909.886599999314,2495235.0,0.007126483910853769,0,28,0.0,0.0,0.0,0.0,0.0,206,0
2024-02-29,0.009508405236567485,0.019191182609710273,-0.009682777373142788,1.2685204433000001,0.9860676063115481,1.2642399528902564,2537040.8865999994,17909.886599999314,2519131.0,0.007059360649091132,0,28,0.0,0.0,0.0,0.0,0.0,206,0
2024-03-01,-0.0018233840946093594,-0.0006269515451156211,-0.0011964325494937381,1.2662074433000001,0.9854493897021827,1.2627273750602481,2532414.8865999994,17909.886599999314,2514505.0,0.007072256088355644,0,28,0.0,0.0,0.0,0.0,0.0,206,0
2024-03-04,0.003380172832379902,-0.0001344700189556233,0.003514642851335525,1.2704874433,0.9853168763040696,1.2671654108021893,2540974.8865999994,17909.886599999314,2523065.0,0.0070484311727944645,0,28,0.0,0.0,0.0,0.0,0.0,206,0
2024-03-05,0.004670254736708124,-0.0014346003833145952,0.0061048551200227185,1.2764209433,0.9839033403356375,1.2749012720482407,2552841.8865999994,17909.886599999314,2534932.0,0.007015666224378895,0,28,0.0,0.0,0.0,0.0,0.0,206,0
2024-03-06,0.0015300595076030987,0.008310982169741592,-0.006780922662138493,1.2783739432999999,0.9920805434539162,1.2662562651206195,2556747.8865999994,17909.886599999314,2538838.0,0.00700494823672902,0,28,0.0,0.0,0.0,0.0,0.0,206,0
2024-03-07,0.002640463706015783,0.003443401227042397,-0.0008029375210266139,1.2817494432999998,0.9954966748145702,1.2652395404541192,2563498.8865999994,17909.886599999314,2545589.0,0.006986500635369271,0,28,0.0,0.0,0.0,0.0,0.0,206,0
2024-03-08,0.009650872145613887,0.0057555998533262214,0.0038952722922876654,1.2941194432999998,1.0012263553301197,1.270167992979157,2588238.8865999994,17909.886599999314,2570329.0,0.006919719309034246,0,28,0.0,0.0,0.0,0.0,0.0,206,0
2024-03-11,-0.0019468836613529827,0.010139251732025376,-0.012086135393378359,1.2915999432999998,1.0113780413875502,1.2548165706436751,2583199.8865999994,17909.886599999314,2565290.0,0.006933217476860553,0,28,0.0,0.0,0.0,0.0,0.0,206,0
2024-03-12,-0.015301951740183228,-0.01013499259347887,-0.005166959146704359,1.2718359433,1.0011277324288803,1.2483329846865516,2543671.8865999994,17909.886599999314,2525762.0,0.007040957874460206,0,28,0.0,0.0,0.0,0.0,0.0,206,0
2024-03-13,-0.0008589944369439273,-0.0010971078129102803,0.00023811337596635297,1.2707434433,1.0000293873719115,1.2486302294678655,2541486.8865999994,17909.886599999314,2523577.0,0.007047011217893458,0,28,0.0,0.0,0.0,0.0,0.0,206,0
2024-03-14,0.006273099453733,0.0019548177033843457,0.004318281750348654,1.2787149433,1.0019842625222508,1.2540221666007103,2557429.8865999994,17909.886599999314,2539520.0,0.007003080199320651,0,28,0.0,0.0,0.0,0.0,0.0,206,0
2024-03-15,0.00848312601400103,0.010732890933335062,-0.002249764919334032,1.2895624433000001,1.0127384503288204,1.2512009115222247,2579124.8865999994,17909.886599999314,2561215.0,0.006944171913912049,0,28,0.0,0.0,0.0,0.0,0.0,206,0
2024-03-18,0.007594436431428875,0.008286795058491473,-0.0006923586270625986,1.2993559433000001,1.0211308063145497,1.2503346317769437,2598711.8865999994,17909.886599999314,2580802.0,0.006891832331375352,0,28,0.0,0.0,0.0,0.0,0.0,206,0
2024-03-19,-0.005937172211955555,-0.006593739436927332,0.0006565672249717776,1.2916414433,1.014397735846692,1.2511555605164157,2583282.8865999994,17909.886599999314,2565373.0,0.006932994714942544,0,28,0.0,0.0,0.0,0.0,0.0,206,0
2024-03-20,0.009569993332219973,0.006349786962755016,0.0032202063694649567,1.3040024433000001,1.0208389453648197,1.2551845396215822,2608004.8865999994,17909.886599999314,2590095.0,0.006867274939560429,0,28,0.0,0.0,0.0,0.0,0.0,206,0
2024-03-21,0.0005233885898807689,0.00187082935058309,-0.0013474407607023211,1.3046849433,1.0227487608260266,1.2534932528106926,2609369.8865999994,17909.886599999314,2591460.0,0.0068636825664206,0,28,0.0,0.0,0.0,0.0,0.0,206,0
2024-03-22,-0.007664302444318705,-0.008348801357392273,0.0006844989130735685,1.2946854433000001,1.0142100345833711,1.2543512675797865,2589370.8865999994,17909.886599999314,2571461.0,0.006916694202704997,0,28,0.0,0.0,0.0,0.0,0.0,206,0
2024-03-25,0.0012562897099193115,-0.004074677070924681,0.005330966780843992,1.2963119433000003,1.0100774562103525,1.2610381725187638,2592623.8865999994,17909.886599999314,2574714.0,0.006908015733622886,0,28,0.0,0.0,0.0,0.0,0.0,206,0
2024-03-26,0.007790563106508941,0.006869473513309756,0.000921089593199185,1.3064109433000002,1.0170161565421807,1.262199701656098,2612821.8865999994,17909.886599999314,2594912.0,0.006854614427355784,0,28,0.0,0.0,0.0,0.0,0.0,206,0
2024-03-27,-0.007485393512777994,-0.011889724113139093,0.004404330600361099,1.2966319433000002,1.0049241150222892,1.2677588464258687,2593263.8865999994,17909.886599999314,2575354.0,0.006906310882029355,0,28,0.0,0.0,0.0,0.0,0.0,206,0
2024-03-28,0.0002144016283391892,0.005540886510615904,-0.005326484882276715,1.2969099433000004,1.0104922854954088,1.2610061480960086,2593819.8865999994,17909.886599999314,2575910.0,0.006904830475132081,0,28,0.0,0.0,0.0,0.0,0.0,206,0
2024-03-29,0.014145932101745196,0.012404240433247848,0.0017416916684973478,1.3152559433000004,1.023026674760636,1.2632024319980715,2630511.8865999994,17909.886599999314,2612602.0,0.006808517646787097,0,28,0.0,0.0,0.0,0.0,0.0,206,0
2024-04-01,-0.0010877924614508538,0.00829717279695803,-0.009384965258408883,1.3138252178000003,1.0315149038570224,1.251347321059432,2627650.435599999,20961.435599999255,2606689.0,0.007977254248133241,28,28,989107.0,992805.0,646.451,0.0,0.0,206,1
2024-04-02,0.007729719191267526,0.008886117425284784,-0.0011563982340172582,1.3239807178000003,1.0406810664186272,1.2499002652272166,2647961.435599999,20961.435599999255,2627000.0,0.007916065286369862,0,28,0.0,0.0,0.0,0.0,0.0,206,0
2024-04-03,0.002921492698494399,0.001774180362423512,0.001147312336070887,1.3278487178000002,1.0425274223302132,1.25133429122037,2655697.435599999,20961.435599999255,2634736.0,0.00789300592718442,0,28,0.0,0.0,0.0,0.0,0.0,206,0
2024-04-08,0.006675459245602866,0.008537713555762775,-0.0018622543101599089,1.3367127178000002,1.0514282228360963,1.249003988543094,2673425.435599999,20961.435599999255,2652464.0,0.007840665881633187,0,28,0.0,0.0,0.0,0.0,0.0,206,0
2024-04-09,-0.0014221455176463005,-0.0012479925161645678,-0.00017415300148173273,1.3348117178,1.0501160482827125,1.2487864707496266,2669623.435599999,20961.435599999255,2648662.0,0.007851832329786304,0,28,0.0,0.0,0.0,0.0,0.0,206,0
2024-04-10,0.0016818851453448413,0.0009025615591229795,0.0007793235862218618,1.3370567178000001,1.0510638426605106,1.2497596795004366,2674113.435599999,20961.435599999255,2653152.0,0.00783864862310752,0,28,0.0,0.0,0.0,0.0,0.0,206,0
2024-04-11,0.008674650705232878,0.009079150937413249,-0.00040450023218037076,1.3486552178000002,1.060606609932883,1.249254151419909,2697310.435599999,20961.435599999255,2676349.0,0.007771235866418365,0,28,0.0,0.0,0.0,0.0,0.0,206,0
2024-04-12,-0.0047532534004185445,-0.01013392613754025,0.005380672737121705,1.3422447178,1.0498585008868362,1.2559759791741902,2684489.435599999,20961.435599999255,2663528.0,0.0078083509370616136,0,28,0.0,0.0,0.0,0.0,0.0,206,0
2024-04-15,0.015378715763421535,-0.003989296561858328,0.019368012325279862,1.3628867178000001,1.0456703039788107,1.2803017374190915,2725773.435599999,20961.435599999255,2704812.0,0.007690087270729165,0,28,0.0,0.0,0.0,0.0,0.0,206,0
2024-04-16,-0.013883765798630932,-0.03677457033365567,0.02289080453502474,1.3439647178,1.0072162278393266,1.3096088742362044,2687929.435599999,20961.435599999255,2666968.0,0.007798357844658317,0,28,0.0,0.0,0.0,0.0,0.0,206,0
2024-04-17,0.01783714980199913,0.032672431912013945,-0.014835282110014815,1.3679372178000002,1.0401244314640825,1.2901804571331315,2735874.435599999,20961.435599999255,2714913.0,0.007661695042448922,0,28,0.0,0.0,0.0,0.0,0.0,206,0
2024-04-18,-0.007718190471475039,-0.009461995518891991,0.0017438050474169516,1.3573792178000001,1.0302827787544793,1.292430280326359,2714758.435599999,20961.435599999255,2693797.0,0.0077212894249158075,0,28,0.0,0.0,0.0,0.0,0.0,206,0
2024-04-19,0.0018583605575517304,0.0036943222447173977,-0.0018359616871656674,1.3599017178000001,1.0340889753423812,1.290057427848347,2719803.435599999,20961.435599999255,2698842.0,0.007706967101236521,0,28,0.0,0.0,0.0,0.0,0.0,206,0
2024-04-22,-0.007925205078375464,-0.010358216298718479,0.002433011220343015,1.3491242178,1.0233776580636647,1.293196152045189,2698248.435599999,20961.435599999255,2677287.0,0.007768534328951864,0,28,0.0,0.0,0.0,0.0,0.0,206,0
2024-04-23,-0.009971283461160274,-0.004898667837270461,-0.005072615623889813,1.3356717178000002,1.018364470844727,1.2866362650395702,2671343.435599999,20961.435599999255,2650382.0,0.0078467767643254,0,28,0.0,0.0,0.0,0.0,0.0,206,0
2024-04-24,0.007406760110407085,0.010096220974373508,-0.002689460863966424,1.3455647178,1.0286461035748264,1.2831759071585864,2691129.435599999,20961.435599999255,2670168.0,0.007789084881131261,0,28,0.0,0.0,0.0,0.0,0.0,206,0
2024-04-25,0.008679627107862409,0.006591917453872668,0.002087709653989741,1.3572437178000003,1.0354268537788394,1.2858548058877284,2714487.435599999,20961.435599999255,2693526.0,0.0077220602774188294,0,28,0.0,0.0,0.0,0.0,0.0,206,0
2024-04-26,-0.008229546288197276,-0.002575434704734175,-0.005654111583463101,1.3460742178000003,1.0327601795254036,1.278584439335107,2692148.435599999,20961.435599999255,2671187.0,0.00778613664938114,0,28,0.0,0.0,0.0,0.0,0.0,206,0
2024-04-29,-0.00260572556373051,0.01197016781867077,-0.01457589338240128,1.3425667178000003,1.0451224921907631,1.259947928866961,2685133.435599999,20961.435599999255,2664172.0,0.007806478189161342,0,28,0.0,0.0,0.0,0.0,0.0,206,0
2024-04-30,0.008843508365421027,0.003067705536886703,0.005775802828534324,1.3544397178000005,1.0483286202467814,1.267225139678317,2708879.435599999,20961.435599999255,2687918.0,0.0077380467083639085,0,28,0.0,0.0,0.0,0.0,0.0,206,0
2024-05-06,0.013246067554148144,0.02091374201110557,-0.007667674456957426,1.3723807178000007,1.070253094553481,1.2575084698435912,2744761.435599999,20961.435599999255,2723800.0,0.007636887974352179,0,28,0.0,0.0,0.0,0.0,0.0,206,0
2024-05-07,-0.00506309940811378,-0.004553985491750901,-0.0005091139163628791,1.3654322178000007,1.065379177488383,1.2568682547816497,2730864.435599999,20961.435599999255,2709903.0,0.007675751065026343,0,28,0.0,0.0,0.0,0.0,0.0,206,0
2024-05-08,-0.0030986525327614256,-0.0005169566330086145,-0.002581695899752811,1.3612012178000006,1.064828422655911,1.2536234031617504,2722402.435599999,20961.435599999255,2701441.0,0.007699609479441086,0,28,0.0,0.0,0.0,0.0,0.0,206,0
2024-05-09,0.008558249763270132,0.010132000574040423,-0.0015737508107702917,1.3728507178000005,1.0756172648455153,1.251650512314624,2745701.435599999,20961.435599999255,2724740.0,0.0076342734604058285,0,28,0.0,0.0,0.0,0.0,0.0,206,0
2024-05-10,0.0052444886444302785,0.011293160467999275,-0.006048671823568996,1.3800506178000005,1.0877643832195663,1.2440796891278307,2760101.2355999993,24746.235599999254,2735355.0,0.008965698533380004,0,28,0.0,0.0,0.0,3784.7999999999997,0.0,206,0
2024-05-13,0.012444833383994824,0.01572772386569505,-0.003282890481700225,1.3972251178000006,1.1048724410697817,1.2399955117579164,2794450.2355999993,24746.235599999254,2769704.0,0.008855493393564035,0,28,0.0,0.0,0.0,0.0,0.0,206,0
2024-05-14,-0.0027930359612663436,-0.0034020457027314796,0.000609009741465136,1.3933226178000007,1.1011136145295737,1.24075068110395,2786645.2355999993,29186.235599999254,2757459.0,0.010473610069605828,0,28,0.0,0.0,0.0,4440.0,0.0,206,0
2024-05-15,-0.005399510424856868,-0.014290534740637103,0.008891024315780234,1.3857993578000007,1.0853781121677504,1.2517822255794662,2771598.7155999993,31566.715599999254,2740032.0,0.011389352802887864,0,28,0.0,0.0,0.0,2380.48,0.0,206,0
2024-05-16,-0.0030808933313246634,-0.002912319848467348,-0.00016857348285731532,1.3815298578000008,1.0822171439485924,1.2515712082899213,2763059.7155999993,31566.715599999254,2731493.0,0.011424550624720947,0,28,0.0,0.0,0.0,0.0,0.0,206,0
2024-05-17,0.007895956745640698,0.009210539765117712,-0.0013145830194770149,1.3924383578000008,1.0921849479874228,1.249925914031837,2784876.7155999993,31566.715599999254,2753310.0,0.01133504956365662,0,28,0.0,0.0,0.0,0.0,0.0,206,0
2024-05-20,0.007376269076806885,0.010000015827947961,-0.002623746751141076,1.4027093578000007,1.1031068147543437,1.246646424975729,2805418.7155999993,31566.715599999254,2773852.0,0.011252051404828541,0,28,0.0,0.0,0.0,0.0,0.0,206,0
2024-05-21,0.002932182620105195,-0.003825449731791853,0.0067576323518970475,1.4068223578000008,1.0988869350857038,1.2550708031885216,2813644.7155999993,31566.715599999254,2782078.0,0.011219154794128928,0,28,0.0,0.0,0.0,0.0,0.0,206,0
2024-05-22,0.0011216767996691246,0.00027519164477452743,0.0008464851548945972,1.4084003578000008,1.0991893395887913,1.2561332019917624,2816800.7155999993,31566.715599999254,2785234.0,0.011206584628148006,0,28,0.0,0.0,0.0,0.0,0.0,206,0
2024-05-23,-0.010314893715798856,-0.01713045061384588,0.0068155568980470226,1.3938728578000008,1.0803597308916997,1.2646944493014631,2787745.7155999993,31566.715599999254,2756179.0,0.011323384131972465,0,28,0.0,0.0,0.0,0.0,0.0,206,0
2024-05-24,0.006259896626276129,0.013053789680058412,-0.006793893053782283,1.402598357800001,1.0944625195975644,1.2561022504671968,2805196.7155999993,31566.715599999254,2773630.0,0.011252941879068005,0,28,0.0,0.0,0.0,0.0,0.0,206,0
2024-05-27,0.015894428990326004,0.01292971924180325,0.0029647097485227536,1.424891857800001,1.1086136126966375,1.2598262290542983,2849783.7155999993,31566.715599999254,2818217.0,0.011076881177753918,0,28,0.0,0.0,0.0,0.0,0.0,206,0
2024-05-28,-0.006299720186386137,0.005745175155913058,-0.012044895342299196,1.415915437800001,1.1149827920818092,1.2446517539758557,2831830.8755999994,34522.87559999926,2797308.0,0.012191008967894193,0,28,0.0,0.0,0.0,2956.16,0.0,206,0
2024-05-29,0.0025340496361667686,-0.003665583299314457,0.0061996329354812255,1.4195034378000009,1.1108957297801312,1.252368137983009,2839006.8755999994,34522.87559999926,2804484.0,0.012160194431619031,0,28,0.0,0.0,0.0,0.0,0.0,206,0
2024-05-30,-0.013788272348487007,-0.01964447345779175,0.005856201109304744,1.3999309378000009,1.0890727681020913,1.259702257661923,2799861.8755999994,34522.87559999926,2765339.0,0.01233020667942812,0,28,0.0,0.0,0.0,0.0,0.0,206,0
2024-05-31,-0.0018154466991021634,-0.0036013076617571705,0.0017858609626550071,1.397389437800001,1.0851506819981143,1.26195191074845,2794778.8755999994,34522.87559999926,2760256.0,0.012352632224825903,0,28,0.0,0.0,0.0,0.0,0.0,206,0
2024-06-03,-0.009969303919981298,-0.017830815800476917,0.007861511880495619,1.383458437800001,1.065801560071644,1.2718727606874132,2766916.8755999994,34522.87559999926,2732394.0,0.012477019423474026,0,28,0.0,0.0,0.0,0.0,0.0,206,0
2024-06-04,0.014551936979049662,0.010536051149281174,0.004015885829768489,1.403590437800001,1.0770308998235425,1.2769804564843263,2807180.8755999994,34522.87559999926,2772658.0,0.012298058846179774,0,28,0.0,0.0,0.0,0.0,0.0,206,0
2024-06-05,-0.005595649406325731,-0.01682738547792415,0.011231736071598417,1.395736437800001,1.0589072857005761,1.2913231639401475,2791472.8755999994,34522.87559999926,2756950.0,0.012367261706807344,0,28,0.0,0.0,0.0,0.0,0.0,206,0
2024-06-06,-0.0032026103775335546,-0.013598832280417241,0.010396221902883687,1.391266437800001,1.0445073831218221,1.3047480461008032,2782532.8755999994,34522.87559999926,2748010.0,0.01240699648249621,0,28,0.0,0.0,0.0,0.0,0.0,206,0
2024-06-07,0.020828145646797802,0.020859502384006228,-3.1356737208425994e-05,1.420243937800001,1.0662952873701639,1.3047071334591984,2840487.8755999994,40710.87559999926,2799777.0,0.01433235323752257,0,28,0.0,0.0,0.0,6188.0,0.0,206,0
2024-06-11,-0.019029829510742835,-0.011847964919804546,-0.007181864590938289,1.3932169378000008,1.0536618582112494,1.2953369034958633,2786433.8755999994,40710.87559999926,2745723.0,0.014610386399796777,0,28,0.0,0.0,0.0,0.0,0.0,206,0
2024-06-12,0.004984148420536183,0.007642612147402835,-0.0026584637268666517,1.4001609378000008,1.0617145871280698,1.2918932973238477,2800321.8755999994,40710.87559999926,2759611.0,0.014537927212841027,0,28,0.0,0.0,0.0,0.0,0.0,206,0
2024-06-13,-0.01031131465693147,-0.007164523769214248,-0.003146790887717222,1.3857234378000007,1.054107907732469,1.2878279792679261,2771446.8755999994,43722.87559999926,2727724.0,0.015776191124187995,0,28,0.0,0.0,0.0,3012.0,0.0,206,0
2024-06-14,-0.0014501450615501676,0.0003172319698624597,-0.0017673770314126274,1.3837139378000007,1.0544423044604867,1.2855519016769574,2767427.8755999994,49894.87559999926,2717533.0,0.018029331871632488,0,28,0.0,0.0,0.0,6172.0,0.0,206,0
2024-06-17,-0.006646605016223606,-0.012039437538388134,0.005392832522164529,1.3745169378000008,1.0417474121981007,1.2924846677812514,2749033.8755999994,49894.87559999926,2699139.0,0.018149967536907594,0,28,0.0,0.0,0.0,0.0,0.0,206,0
2024-06-18,0.009173477352837578,0.005469761845039741,0.0037037155077978366,1.3871260378000008,1.0474455224455108,1.2972716632889039,2774252.075599999,51362.075599999254,2722890.0,0.018513845966535308,0,28,0.0,0.0,0.0,1467.2,0.0,206,0
2024-06-19,0.0012543921407168757,-0.005006427455395442,0.006260819596112317,1.3888660378000008,1.0422015624239085,1.3053936471399041,2777732.075599999,51362.075599999254,2726370.0,0.018490651438693877,0,28,0.0,0.0,0.0,0.0,0.0,206,0
2024-06-20,-0.0023250766539839596,-0.011888051182851751,0.009562974528867792,1.385636817800001,1.029811816906965,1.317877093337649,2771273.635599999,53124.63559999925,2718149.0,0.019169754627459377,0,28,0.0,0.0,0.0,1762.5600000000002,0.0,206,0
2024-06-21,0.0012340896099418686,0.001976974682241497,-0.0007428850722996285,1.3873468178000008,1.0318477287964631,1.3168980621178827,2774693.635599999,53124.63559999925,2721569.0,0.019146126591562094,0,28,0.0,0.0,0.0,0.0,0.0,206,0
2024-06-24,-0.010477913535024697,-0.014780718960125554,0.004302805425100857,1.3728103178000006,1.0165962775074788,1.3225644182438683,2745620.635599999,53124.63559999925,2692496.0,0.01934886229771869,0,28,0.0,0.0,0.0,0.0,0.0,206,0
2024-06-25,0.004589272034388747,0.0009385453473671689,0.0036507266870215785,1.3791105178000005,1.0175503992138841,1.3273927394608565,2758221.035599999,56787.03559999925,2701434.0,0.020588283124179096,0,28,0.0,0.0,0.0,3662.4,0.0,206,0
2024-06-26,0.0043883357583656135,0.009751995186117116,-0.005363659427751502,1.3851625178000004,1.0274735458086495,1.3202730568795182,2770325.035599999,56787.03559999925,2713538.0,0.02049832957153357,0,28,0.0,0.0,0.0,0.0,0.0,206,0
2024-06-27,-0.00022733794479223857,-0.00938080241813786,0.009153464473345621,1.3848476178000007,1.017835019485555,1.3323581294007802,2769695.2355999993,64534.23559999926,2705161.0,0.02330012153341456,0,28,0.0,0.0,0.0,7747.2,0.0,206,0
2024-06-28,0.01617967183681568,0.014918838657442033,0.0012608331793736455,1.4072539978000007,1.0330199359211543,1.334038010737137,2814507.995599999,70824.99559999925,2743683.0,0.02516425453781691,0,28,0.0,0.0,0.0,6290.76,0.0,206,0
2024-07-01,0.016404185552920225,0.01919015688430155,-0.0027859713313813234,1.4303388535000008,1.0528437505560924,1.3303214190842503,2860677.706999999,22293.70699999921,2838384.0,0.007793155777544295,28,28,1164130.0,1116341.0,742.2886000000001,0.0,0.0,206,1
2024-07-02,0.012360357796852739,0.007901943083660408,0.004458414713192331,1.4480183535000009,1.0611632619489741,1.3362525436723705,2896036.706999999,22293.70699999921,2873743.0,0.007698005673102547,0,28,0.0,0.0,0.0,0.0,0.0,206,0
2024-07-03,-0.002075595238648309,-0.006985380430534469,0.0049097851918861605,1.4450128535000009,1.0537506328653536,1.3428132566239133,2890025.706999999,22293.70699999921,2867732.0,0.007714016849746734,0,28,0.0,0.0,0.0,0.0,0.0,206,0
2024-07-04,-0.0056812643431617404,-0.014003988203266083,0.008322723860104343,1.4368033535000009,1.038993921433523,1.3539891205544814,2873606.706999999,22293.70699999921,2851313.0,0.007758092624746653,0,28,0.0,0.0,0.0,0.0,0.0,206,0
2024-07-05,-0.007467549385838712,-0.001728324257273402,-0.00573922512856531,1.4260739535000009,1.03719820303595,1.3462182721699911,2852147.906999999,26236.90699999921,2825911.0,0.0091989994402486,0,28,0.0,0.0,0.0,3943.2,0.0,206,0
2024-07-08,-0.00017741015420624784,-0.00961372825360777,0.009436318099401523,1.4258209535000008,1.027226861366832,1.3589216160174138,2851641.906999999,26236.90699999921,2825405.0,0.00920063172574186,0,28,0.0,0.0,0.0,0.0,0.0,206,0
2024-07-09,0.019269951064020407,0.0147143846292894,0.004555566434731007,1.4532964535000008,1.0423418725065214,1.365112273718773,2906592.906999999,26236.90699999921,2880356.0,0.00902668789179675,0,28,0.0,0.0,0.0,0.0,0.0,206,0
2024-07-10,-0.01614343717931599,-0.015295706741383672,-0.0008477304379323168,1.4298352535000007,1.0263985169003969,1.3639550264931468,2859670.5069999993,30614.506999999212,2829056.0,0.010705606441392452,0,28,0.0,0.0,0.0,4377.6,0.0,206,0
2024-07-11,0.0003042308538239169,0.014355673111785634,-0.014051442257961717,1.4302702535000005,1.0411331584914405,1.3447894911959217,2860540.5069999993,32262.506999999212,2828278.0,0.011278465353330939,0,28,0.0,0.0,0.0,1648.0,0.0,206,0
2024-07-12,0.0025666478003136817,0.00010514095847377193,0.00246150684183991,1.4339412535000002,1.041242624229623,1.3480996997293349,2867882.5069999993,36582.50699999921,2831300.0,0.012755929474344823,0,28,0.0,0.0,0.0,4320.0,0.0,206,0
2024-07-15,0.0055780527831783555,-0.004315284322291648,0.009893337105470003,1.4419398535,1.036749366257583,1.36143690451054,2883879.706999999,40739.70699999921,2843140.0,0.01412670122859574,0,28,0.0,0.0,0.0,4157.2,0.0,206,0
2024-07-16,-0.00500901614063054,-0.002950312368229214,-0.002058703772401326,1.4347171535,1.0336906317795596,1.3586341092193377,2869434.306999999,45029.30699999921,2824405.0,0.01569274713491436,0,28,0.0,0.0,0.0,4289.6,0.0,206,0
2024-07-17,-0.008517497661604367,-0.009273863960002845,0.0007563662983984774,1.4224969535,1.0241043254837066,1.359661734271406,2844993.906999999,47120.906999999206,2797873.0,0.016562744434727966,0,28,0.0,0.0,0.0,2091.6,0.0,206,0
2024-07-18,0.008812419576123887,0.005866291904437469,0.002946127671686417,1.4350325935000001,1.030112020397591,1.363667471330876,2870065.186999999,50228.186999999205,2819837.0,0.017500712955060563,0,28,0.0,0.0,0.0,3107.2799999999997,0.0,206,0
2024-07-19,-0.006096377210961235,-0.0020422360916958495,-0.004054141119265385,1.4262840935,1.0280082884510453,1.3581389709623488,2852568.186999999,50228.186999999205,2802340.0,0.017608058320535153,0,28,0.0,0.0,0.0,0.0,0.0,206,0
2024-07-22,-0.008850270473832467,-0.003919061728161613,-0.0049312087456708535,1.4136610935,1.023979460511544,1.3514417041909028,2827322.186999999,50228.186999999205,2777094.0,0.01776528590584686,0,28,0.0,0.0,0.0,0.0,0.0,206,0
2024-07-23,0.00031726133092457864,-0.0038567771751367107,0.00417403850606129,1.4141095935,1.0200301999004342,1.3570826739028927,2828219.186999999,50228.186999999205,2777991.0,0.017759651455189433,0,28,0.0,0.0,0.0,0.0,0.0,206,0
2024-07-24,0.006220168536039239,0.0020340257505854714,0.0041861427854537675,1.4229055935000001,1.0221049675934066,1.3627636157475156,2845811.186999999,50228.186999999205,2795583.0,0.017649866312089674,0,28,0.0,0.0,0.0,0.0,0.0,206,0
2024-07-25,-0.0001746426475059959,0.0034673919047631353,-0.003642034552269131,1.4226570935000002,1.0256490060838583,1.357800383572388,2845314.186999999,50228.186999999205,2795086.0,0.017652949269886455,0,28,0.0,0.0,0.0,0.0,0.0,206,0
2024-07-26,-0.0037945194415887062,0.003384822076948232,-0.007179341518536938,1.4172587935000005,1.029120645482851,1.3480522709047214,2834517.5869999994,53198.58699999921,2781319.0,0.018768127332843117,0,28,0.0,0.0,0.0,2970.4,0.0,206,0
2024-07-29,0.010575697302949827,0.0072041465476438225,0.0033715507553060044,1.4322472935000004,1.0365345814281153,1.3525972975568823,2864494.5869999994,53198.58699999921,2811296.0,0.0185717184600144,0,28,0.0,0.0,0.0,0.0,0.0,206,0
2024-07-30,-0.0018027613050608515,0.001000175383169338,-0.0028029366882301896,1.4296652935000005,1.0375712978002636,1.348806052967159,2859330.5869999994,53198.58699999921,2806132.0,0.018605259301553864,0,28,0.0,0.0,0.0,0.0,0.0,206,0
2024-07-31,-0.001368851862668552,0.010031863159128188,-0.01140071502179674,1.4277082935000005,1.047980071077635,1.333428699537606,2855416.5869999994,53198.58699999921,2802218.0,0.018630762054895642,0,28,0.0,0.0,0.0,0.0,0.0,206,0
2024-08-01,0.010743090916982112,-0.0006731129883062361,0.011416203905288348,1.4430462935000004,1.0472746620803066,1.3486513934646907,2886092.5869999994,53198.58699999921,2832894.0,0.018432737480295957,0,28,0.0,0.0,0.0,0.0,0.0,206,0
2024-08-02,-0.004797143398088788,-0.0072833286554938054,0.0024861852574050176,1.4361237935000004,1.0396470165238045,1.3520043906765011,2872247.5869999994,53198.58699999921,2819049.0,0.01852158819482689,0,28,0.0,0.0,0.0,0.0,0.0,206,0
2024-08-05,-0.013471679870193598,-0.017193852448272956,0.003722172578079358,1.4167767935000004,1.021771479123407,1.35703678434492,2833553.5869999994,53198.58699999921,2780355.0,0.01877451241581168,0,28,0.0,0.0,0.0,0.0,0.0,206,0
2024-08-06,-0.0057440240674015985,0.0036769619241923458,-0.009420985991593944,1.4086387935000004,1.0255284939473694,1.344252159809529,2817277.5869999994,53198.58699999921,2764079.0,0.01888297668837388,0,28,0.0,0.0,0.0,0.0,0.0,206,0
2024-08-07,0.0022351365123041145,0.005848642836359577,-0.003613506324055463,1.4117872935000002,1.0315264438269773,1.339394696128932,2823574.5869999994,53198.58699999921,2770376.0,0.01884086478357273,0,28,0.0,0.0,0.0,0.0,0.0,206,0
2024-08-08,0.002150182264690992,-0.0004447499521974353,0.0025949322168884272,1.4148228935,1.0310676724903949,1.3428703345770463,2829645.786999999,54393.7869999992,2775252.0,0.019222825432743545,0,28,0.0,0.0,0.0,1195.1999999999998,0.0,206,0
2024-08-09,-0.003192272347832259,-0.0042098223458962025,0.0010175499980639435,1.4103063935,1.0267270607626136,1.3442367722833954,2820612.786999999,54393.7869999992,2766219.0,0.01928438644634111,0,28,0.0,0.0,0.0,0.0,0.0,206,0
2024-08-12,-0.000946248280622286,-0.0016124092229557116,0.0006661609423334255,1.4089718935,1.0250715565803816,1.3451322503183392,2817943.786999999,54393.7869999992,2763550.0,0.019302651547179077,0,28,0.0,0.0,0.0,0.0,0.0,206,0
2024-08-13,0.007532442661887684,0.004353308958146846,0.003179133703740838,1.4195848935,1.0295340097703847,1.3494086055913148,2839169.786999999,54393.7869999992,2784776.0,0.019158342431318365,0,28,0.0,0.0,0.0,0.0,0.0,206,0
2024-08-14,0.0015761649833307967,-0.0006474732877949193,0.002223638271125716,1.4218223935,1.028867414000182,1.3524092022100942,2843644.786999999,54393.7869999992,2789251.0,0.019128193242934466,0,28,0.0,0.0,0.0,0.0,0.0,206,0
2024-08-15,0.010031140362679825,0.006611048592599115,0.0034200917700807094,1.4360848935,1.035669306469479,1.3570345657923542,2872169.786999999,54393.7869999992,2817776.0,0.018938221286985225,0,28,0.0,0.0,0.0,0.0,0.0,206,0
2024-08-16,3.1335194878634454e-05,-0.0076450714813947294,0.007676406676273364,1.4361298935,1.0277515405904334,1.3674517149931362,2872259.786999999,54393.7869999992,2817866.0,0.018937627872725297,0,28,0.0,0.0,0.0,0.0,0.0,206,0
2024-08-19,0.01269244521857038,0.005730581706450707,0.0069618635121196735,1.4543578935,1.0336411547677176,1.3769717271923323,2908715.786999999,54393.7869999992,2854322.0,0.018700275648484737,0,28,0.0,0.0,0.0,0.0,0.0,206,0
2024-08-20,-0.007031281671247003,-0.012058478019768564,0.005027196348521562,1.4441318935000003,1.0211770156226228,1.383894034431291,2888263.786999999,54393.7869999992,2833870.0,0.018832693621969102,0,28,0.0,0.0,0.0,0.0,0.0,206,0
2024-08-21,-0.0075290906938203506,-0.006183463824279538,-0.0013456268695408126,1.4332588935000004,1.0148626044883344,1.3820318294339633,2866517.786999999,54393.7869999992,2812124.0,0.018975562351882667,0,28,0.0,0.0,0.0,0.0,0.0,206,0
2024-08-22,0.004738850762274982,0.0003977233601963671,0.004341127402078615,1.4400508935000003,1.0152662390535292,1.388031405679264,2880101.786999999,54393.7869999992,2825708.0,0.018886064112566457,0,28,0.0,0.0,0.0,0.0,0.0,206,0
2024-08-23,-0.005307867961126256,-0.004819816332259875,-0.0004880516288663806,1.4324072935000003,1.010372842252947,1.3873539746908046,2864814.5869999994,54593.58699999921,2810221.0,0.019056586505714835,0,28,0.0,0.0,0.0,199.8,0.0,206,0
2024-08-26,-0.00404633516340025,0.0030435218379118076,-0.007089857001312058,1.4266112935000002,1.013447934062777,1.3775178334000449,2853222.5869999994,54593.58699999921,2798629.0,0.019134009119632426,0,28,0.0,0.0,0.0,0.0,0.0,206,0
2024-08-27,0.0004062073548978251,-0.008285676099611002,0.008691883454508827,1.4271907935,1.0050508327373129,1.3894910578644657,2854381.5869999994,54593.58699999921,2799788.0,0.019126239900313376,0,28,0.0,0.0,0.0,0.0,0.0,206,0
2024-08-28,-0.003689415615614422,-0.00034944999697764936,-0.0033399656186367727,1.4219252935,1.0046996177268506,1.384850205503795,2843850.5869999994,54593.58699999921,2789257.0,0.019197065854852247,0,28,0.0,0.0,0.0,0.0,0.0,206,0
2024-08-29,-0.02242769022098423,-0.00985469491579091,-0.01257299530519332,1.3900347935,0.9947986095121407,1.3674384903716,2780069.5869999994,54593.58699999921,2725476.0,0.01963748938346241,0,28,0.0,0.0,0.0,0.0,0.0,206,0
2024-08-30,-0.009668103318595134,0.0007888298386959041,-0.010456933157291038,1.3765957935,0.9955833363388171,1.353139277481077,2753191.5869999994,54593.58699999921,2698598.0,0.01982920013913264,0,28,0.0,0.0,0.0,0.0,0.0,206,0
2024-09-02,0.00433315286024083,-0.0023391170515367674,0.006672269911777598,1.3825607935,0.9932545503805611,1.3621677879686587,2765121.5869999994,54593.58699999921,2710528.0,0.019743647894785762,0,28,0.0,0.0,0.0,0.0,0.0,206,0
2024-09-03,-0.01179297147485614,-0.008172683833353948,-0.0036202876415021915,1.3662562935,0.9851369949742607,1.3572363487602233,2732512.5869999994,54593.58699999921,2677919.0,0.019979262770729634,0,28,0.0,0.0,0.0,0.0,0.0,206,0
2024-09-04,-0.0008794104047067375,-0.004716344405504639,0.003836934000797902,1.3650547935000001,0.9804907496193582,1.3624439750539004,2730109.5869999994,54593.58699999921,2675516.0,0.019996848207104304,0,28,0.0,0.0,0.0,0.0,0.0,206,0
2024-09-05,0.0025368945015906696,0.004091617289967766,-0.001554722788377096,1.3685177935000004,0.9845025425231544,1.360325752357997,2737035.5869999994,54593.58699999921,2682442.0,0.019946246683565396,0,28,0.0,0.0,0.0,0.0,0.0,206,0
2024-09-06,-0.002334277285376052,-0.007453356386154263,0.005119079100778211,1.3653232935000004,0.9771646942106543,1.3672893674871434,2730646.5869999994,54593.58699999921,2676053.0,0.01999291569253492,0,28,0.0,0.0,0.0,0.0,0.0,206,0
2024-09-09,-0.014312361103798854,-0.00909687931094516,-0.005215481792853693,1.3457822935000003,0.9682755449205034,1.3601582946854518,2691564.5869999994,54593.58699999921,2636971.0,0.02028321641014339,0,28,0.0,0.0,0.0,0.0,0.0,206,0
2024-09-10,-0.0005914775397510841,0.0014053478456088277,-0.0019968253853599118,1.3449862935000003,0.9696363088715132,1.357442296074516,2689972.5869999994,54593.58699999921,2635379.0,0.020295220577279147,0,28,0.0,0.0,0.0,0.0,0.0,206,0
2024-09-11,-0.025312897361507547,-0.01900371604155963,-0.006309181319947916,1.3109407935000004,0.951209615794133,1.3488779464972154,2621881.5869999994,54593.58699999921,2567288.0,0.020822293146528444,0,28,0.0,0.0,0.0,0.0,0.0,206,0
2024-09-12,0.005476601258880498,0.006178600434677085,-0.0007019991757965874,1.3181202935000003,0.9570867599397477,1.347931035290524,2636240.5869999994,54593.58699999921,2581647.0,0.02070887887441482,0,28,0.0,0.0,0.0,0.0,0.0,206,0
2024-09-13,-0.0029155153888085206,-0.001639393334942707,-0.0012761220538658135,1.3142772935000002,0.9555177182845406,1.3462109107692997,2628554.5869999994,54593.58699999921,2573961.0,0.020769432474410782,0,28,0.0,0.0,0.0,0.0,0.0,206,0
2024-09-18,0.005978951351334416,0.0031631458933376448,0.0028158054579967714,1.3221352935000001,0.9585401602311436,1.3500015787994586,2644270.5869999994,54593.58699999921,2589677.0,0.020645991098035544,0,28,0.0,0.0,0.0,0.0,0.0,206,0
2024-09-19,-0.0008448454598342092,0.01331052929376433,-0.01415537475359854,1.3210182935,0.9712988371131498,1.3308918005336026,2642036.5869999994,54593.58699999921,2587443.0,0.020663448518701086,0,28,0.0,0.0,0.0,0.0,0.0,206,0
2024-09-20,-0.003008663861474359,-0.0023683759960554597,-0.0006402878654188991,1.3170437935000001,0.9689984362623344,1.3300396466635354,2634087.5869999994,54593.58699999921,2579494.0,0.02072580550071102,0,28,0.0,0.0,0.0,0.0,0.0,206,0
2024-09-23,0.009262410301165147,0.007386758557277145,0.0018756517438880023,1.3292427935000002,0.9761561937533834,1.33253433784624,2658485.5869999994,54593.58699999921,2603892.0,0.020535596381248772,0,28,0.0,0.0,0.0,0.0,0.0,206,0
2024-09-24,0.033262922482039325,0.034217202390076626,-0.0009542799080373005,1.3734572935,1.0095575277993698,1.3312627271008635,2746914.5869999994,54593.58699999921,2692321.0,0.019874512028283615,0,28,0.0,0.0,0.0,0.0,0.0,206,0
2024-09-25,0.015445693215505818,0.013332354221479641,0.0021133389940261767,1.3946712934999999,1.0230173063669523,1.3340761365333393,2789342.5869999994,54593.58699999921,2734749.0,0.019572205742829113,0,28,0.0,0.0,0.0,0.0,0.0,206,0
2024-09-26,0.02321263809679186,0.023197577826264526,1.5060270527333941e-05,1.4270452935,1.0467488299490153,1.3340962280808597,2854090.5869999994,54593.58699999921,2799497.0,0.019128189991118604,0,28,0.0,0.0,0.0,0.0,0.0,206,0
2024-09-27,0.005861411714189524,0.02027615257834788,-0.014414740864158355,1.4354097934999999,1.0679728689362686,1.3148655766652229,2870819.5869999994,54593.58699999921,2816226.0,0.019016725135643023,0,28,0.0,0.0,0.0,0.0,0.0,206,0
2024-09-30,0.06292070766758351,0.07276476370126654,-0.009844056033683032,1.5257267934999998,1.1456836623837798,1.3019219662517696,3051453.5869999994,54593.58699999921,2996860.0,0.017891010118122833,0,28,0.0,0.0,0.0,0.0,0.0,206,0
2024-10-08,0.01664137161264323,0.026715545753062727,-0.010074174140419497,1.55111698005,1.1762912266847303,1.288806177646512,3102233.9600999993,156343.96009999915,2945890.0,0.050397217653745066,28,27,995276.0,1097704.0,677.6269,0.0,0.0,206,1
2024-10-09,-0.06578743016320454,-0.07390718331365373,0.008119753150449188,1.44907298005,1.0893548553638992,1.2992709656677757,2898145.9600999993,156343.96009999915,2741802.0,0.05394619948493021,0,27,0.0,0.0,0.0,0.0,0.0,206,0
2024-10-10,0.024897986848636977,0.01984134460349886,0.005056642245138118,1.4851519800500002,1.110969120444669,1.3058409141206528,2970303.9600999993,156343.96009999915,2813960.0,0.05263567708899921,0,27,0.0,0.0,0.0,0.0,0.0,206,0
2024-10-11,-0.01575966656234873,-0.01972014940156291,0.003960482839214182,1.4617464800500002,1.0890606434089773,1.3110126746517714,2923492.9600999993,156343.96009999915,2767149.0,0.05347848010369464,0,27,0.0,0.0,0.0,0.0,0.0,206,0
2024-10-14,0.022935235663336995,0.02359815581502389,-0.0006629201516868966,1.4952719800500003,1.1147604661641524,1.3101435779306279,2990543.9600999993,156343.96009999915,2834200.0,0.05227943885324837,0,27,0.0,0.0,0.0,0.0,0.0,206,0
2024-10-15,-0.01905639935755843,-0.018511079496581526,-0.0005453198609769033,1.4667774800500004,1.0941250465553416,1.3094291306168508,2933554.9600999993,156343.96009999915,2777211.0,0.05329505062167633,0,27,0.0,0.0,0.0,0.0,0.0,206,0
2024-10-16,0.015076247284111721,0.020296313756267906,-0.005220066472156185,1.4888909800500005,1.11633175178882,1.3025938235144532,2977781.9600999993,156343.96009999915,2821438.0,0.05250349494855185,0,27,0.0,0.0,0.0,0.0,0.0,206,0
2024-10-17,-0.018076205955049995,-0.016528163977306942,-0.0015480419777430532,1.4619774800500005,1.09788083754218,1.300577353595704,2923954.9600999993,156343.96009999915,2767611.0,0.05347003022736444,0,27,0.0,0.0,0.0,0.0,0.0,206,0
2024-10-18,0.008578791514333828,0.010886769264934698,-0.0023079777506008706,1.4745194800500006,1.109833212900895,1.2975756500006697,2949038.9600999993,156343.96009999915,2792695.0,0.053015223676359184,0,27,0.0,0.0,0.0,0.0,0.0,206,0
2024-10-21,-0.007180278147048358,-0.0037151171306145743,-0.0034651610164337836,1.4639320200500003,1.1057100525195218,1.2930793414424135,2927864.040099999,157052.04009999914,2770812.0,0.05364048260063167,0,27,0.0,0.0,0.0,708.08,0.0,206,0
2024-10-22,0.008298882621329051,0.013886458138845707,-0.005587575517516655,1.4760810200500005,1.1210644488775352,1.2858541629719633,2952162.040099999,157052.04009999914,2795110.0,0.05319899042353356,0,27,0.0,0.0,0.0,0.0,0.0,206,0
2024-10-23,0.004212505896044494,0.00739865312990219,-0.0031861472338576965,1.4822990200500006,1.129358815871045,1.281757242287466,2964598.040099999,157052.04009999914,2807546.0,0.052975829429713045,0,27,0.0,0.0,0.0,0.0,0.0,206,0
2024-10-24,-0.004001216974291677,-0.0006510770620325482,-0.0033501399122591287,1.4763680200500007,1.128623516251227,1.2774631761922515,2952736.040099999,157052.04009999914,2795684.0,0.05318864875394698,0,27,0.0,0.0,0.0,0.0,0.0,206,0
2024-10-25,0.00036135976447249085,0.009735987567613107,-0.009374627803140616,1.4769015200500006,1.1396117807739647,1.2654874343832314,2953803.040099999,159140.04009999914,2794663.0,0.05387632077682863,0,27,0.0,0.0,0.0,2088.0,0.0,206,0
2024-10-28,0.008059779097252973,0.019549819196019023,-0.011490040098766051,1.4888050200500007,1.1618909850417491,1.2509469330176834,2977610.040099999,159140.04009999914,2818470.0,0.05344556135855004,0,27,0.0,0.0,0.0,0.0,0.0,206,0
2024-10-29,-0.010595074430545859,-0.014973079661802039,0.00437800523125618,1.4730310200500005,1.1444938987643893,1.2564235852344585,2946062.040099999,159140.04009999914,2786922.0,0.05401788486932115,0,27,0.0,0.0,0.0,0.0,0.0,206,0
2024-10-30,-0.005181493054871922,0.0007395880361640193,-0.005921081091035941,1.4653985200500006,1.1453403527593782,1.248984199301595,2930797.040099999,159140.04009999914,2771657.0,0.05429923598345427,0,27,0.0,0.0,0.0,0.0,0.0,206,0
2024-10-31,-2.3201879579826112e-06,0.009531388277441126,-0.009533708465399108,1.4653951200500008,1.1562570363713491,1.2370767480675637,2930790.240099999,160551.24009999915,2770239.0,0.05478087032749267,0,27,0.0,0.0,0.0,1411.1999999999998,0.0,206,0
2024-11-01,0.005068940041063064,-0.0068522584375287285,0.011921198478591792,1.4728231200500006,1.1483340643379216,1.2518241855145282,2945646.240099999,160551.24009999915,2785095.0,0.05450458982968326,0,27,0.0,0.0,0.0,0.0,0.0,206,0
2024-11-04,0.005286106589456274,0.007621060941242011,-0.002334954351785737,1.4806086200500004,1.157085588223145,1.2489012331848903,2961217.240099999,160551.24009999915,2800666.0,0.05421798776727958,0,27,0.0,0.0,0.0,0.0,0.0,206,0
2024-11-05,0.011454073527835673,0.01437717220598498,-0.0029230986781493065,1.4975676200500003,1.1737212069820924,1.2452505716410285,2995135.240099999,160551.24009999915,2834584.0,0.05360400356901373,0,27,0.0,0.0,0.0,0.0,0.0,206,0
2024-11-06,-0.0029901821727759126,-0.002542746357956985,-0.00044743581481892754,1.4930896200500003,1.1707367316577817,1.2446934019368525,2986179.240099999,160551.24009999915,2825628.0,0.053764770025868484,0,27,0.0,0.0,0.0,0.0,0.0,206,0
2024-11-07,0.02146790090130457,0.028548494368709234,-0.007080593467404663,1.5251431200500003,1.204159502648755,1.2358802339661767,3050286.240099999,160551.24009999915,2889735.0,0.052634811116852996,0,27,0.0,0.0,0.0,0.0,0.0,206,0
2024-11-08,-0.007773368836107242,-0.006422003807645328,-0.0013513650284619136,1.5132876200500003,1.1964263857377324,1.2342101086386275,3026575.240099999,160551.24009999915,2866024.0,0.053047166306261884,0,27,0.0,0.0,0.0,0.0,0.0,206,0
2024-11-11,-0.0041462706209098865,0.006388190772041457,-0.010534461392951344,1.5070131200500003,1.2040693857345293,1.2212083698983836,3014026.240099999,160551.24009999915,2853475.0,0.053268029973976734,0,27,0.0,0.0,0.0,0.0,0.0,206,0
2024-11-12,-0.009205294775097683,-0.005234692359046565,-0.003970602416051118,1.4931406200500004,1.1977664529212628,1.2163594369943633,2986281.240099999,160551.24009999915,2825730.0,0.05376293362597787,0,27,0.0,0.0,0.0,0.0,0.0,206,0
2024-11-13,0.00292370319404589,-0.0008321255561793864,0.0037558287502252766,1.4975061200500002,1.1967697608454526,1.2209278747384347,2995012.240099999,160551.24009999915,2834461.0,0.05360620499321852,0,27,0.0,0.0,0.0,0.0,0.0,206,0
2024-11-14,-0.008963903265752138,-0.014596800729779563,0.005632897464027425,1.4840826200500001,1.1793007511269655,1.2278052362678091,2968165.240099999,160551.24009999915,2807614.0,0.05409107213134471,0,27,0.0,0.0,0.0,0.0,0.0,206,0
2024-11-15,0.0011306648142968,-0.009847158251506848,0.010977823065803648,1.48576062005,1.1676879900044974,1.2412838649108244,2971521.240099999,160551.24009999915,2810970.0,0.05402998233140551,0,27,0.0,0.0,0.0,0.0,0.0,206,0
2024-11-18,0.015661675027580868,0.00913411267297173,0.006527562354609138,1.50903012005,1.1783537836720746,1.2493864227387999,3018060.240099999,160551.24009999915,2857509.0,0.053196830854071855,0,27,0.0,0.0,0.0,0.0,0.0,206,0
2024-11-19,0.0011679687347403434,0.008903739430064271,-0.007735770695323928,1.51079262005,1.188845538718321,1.2397214558626415,3021585.240099999,160551.24009999915,2861034.0,0.05313477110269632,0,27,0.0,0.0,0.0,0.0,0.0,206,0
2024-11-20,0.004081963280834655,0.01081973060017288,-0.006737767319338225,1.51695962005,1.2017085271724708,1.231368501152248,3033919.240099999,160551.24009999915,2873368.0,0.052918758672926086,0,27,0.0,0.0,0.0,0.0,0.0,206,0
2024-11-21,-0.002573239226942192,-0.0008322346764869104,-0.0017410045504552818,1.51305612005,1.2007084236651278,1.2292246829884546,3026112.240099999,160551.24009999915,2865561.0,0.05305528260732777,0,27,0.0,0.0,0.0,0.0,0.0,206,0
2024-11-22,-0.022827639730150007,-0.021547623715686994,-0.0012800160144630125,1.47851662005,1.174836010359736,1.2276512557088561,2957033.240099999,160551.24009999915,2796482.0,0.05429470251560978,0,27,0.0,0.0,0.0,0.0,0.0,206,0
2024-11-25,0.002087227128969138,0.007531565154827647,-0.005444338025858509,1.48160262005,1.183684364317998,1.2209675072949073,2963205.240099999,160551.24009999915,2802654.0,0.05418161318268357,0,27,0.0,0.0,0.0,0.0,0.0,206,0
2024-11-26,0.004096577528862166,-0.007761326340632288,0.011857903869494455,1.4876721200500003,1.174497403682222,1.2354456226241866,2975344.240099999,160551.24009999915,2814793.0,0.053960559566916914,0,27,0.0,0.0,0.0,0.0,0.0,206,0
2024-11-27,0.006852652451171393,0.009412483895772384,-0.0025598314446009917,1.4978666200500002,1.1855523415800073,1.2322830900712984,2995733.240099999,160551.24009999915,2835182.0,0.05359330328578918,0,27,0.0,0.0,0.0,0.0,0.0,206,0
2024-11-28,0.0023646965307777545,0.0028264432387639137,-0.00046174670798615914,1.50140862005,1.1889032379800668,1.231714087411151,3002817.240099999,160551.24009999915,2842266.0,0.053466870362930415,0,27,0.0,0.0,0.0,0.0,0.0,206,0
2024-11-29,0.0025356188509648714,0.0023984832306386066,0.00013713562032626478,1.50521562005,1.1917548024592137,1.2318829992865927,3010431.240099999,160551.24009999915,2849880.0,0.053331641647017335,0,27,0.0,0.0,0.0,0.0,0.0,206,0
2024-12-02,0.0073418052887552765,0.012057430924662224,-0.004715625635906948,1.5162666200500001,1.2061243036690001,1.226073900234719,3032533.240099999,160551.24009999915,2871982.0,0.05294294485448242,0,27,0.0,0.0,0.0,0.0,0.0,206,0
2024-12-03,0.008665692317072038,0.01161849384792171,-0.002952801530849673,1.5294061200500002,1.2201376514710074,1.222453547345171,3058812.240099999,160551.24009999915,2898261.0,0.05248809913705275,0,27,0.0,0.0,0.0,0.0,0.0,206,0
2024-12-04,-0.0017425064311321625,-0.010677705177567838,0.008935198746435676,1.5267411200500003,1.20710938135255,1.2333764127489855,3053482.240099999,160551.24009999915,2892931.0,0.052579719636666765,0,27,0.0,0.0,0.0,0.0,0.0,206,0
2024-12-05,-0.0008406795252609012,0.0028623626799554906,-0.0037030422052163918,1.5254576200500003,1.2105645661963578,1.2288091678376576,3050915.240099999,160551.24009999915,2890364.0,0.05262395952197505,0,27,0.0,0.0,0.0,0.0,0.0,206,0
2024-12-06,0.015078098334351697,0.01447958108386911,0.0005985172504825876,1.5484586200500003,1.2280930339898568,1.2295446313221596,3096917.240099999,160551.24009999915,2936366.0,0.05184227657785746,0,27,0.0,0.0,0.0,0.0,0.0,206,0
2024-12-09,0.0025263833010105152,0.0023487925067273248,0.00017759079428319047,1.5523706200500005,1.2309775697056562,1.2297629871298428,3104741.240099999,160551.24009999915,2944190.0,0.051711633171345396,0,27,0.0,0.0,0.0,0.0,0.0,206,0
2024-12-10,-0.0044432044196880405,-0.0024666355558475893,-0.001976568863840451,1.5454731200500005,1.2279411966637694,1.2273322758995786,3090946.240099999,160551.24009999915,2930395.0,0.05194242397913881,0,27,0.0,0.0,0.0,0.0,0.0,206,0
2024-12-11,0.0023775890711583703,0.0060784353763844445,-0.0037008463052260743,1.5491476200500003,1.2354051578736904,1.222790107781031,3098295.240099999,160551.24009999915,2937744.0,0.05181921916996434,0,27,0.0,0.0,0.0,0.0,0.0,206,0
2024-12-12,0.00786948889971284,0.008926710433312182,-0.0010572215335993423,1.5613386200500003,1.2464332619858491,1.2214973477480127,3122677.240099999,160551.24009999915,2962126.0,0.0514146124480216,0,27,0.0,0.0,0.0,0.0,0.0,206,0
2024-12-13,-0.01615312634692423,-0.01994807645665356,0.0037949501097293316,1.5361181200500003,1.2215693159776393,1.2261328692418831,3072236.240099999,160551.24009999915,2911685.0,0.052258754715676856,0,27,0.0,0.0,0.0,0.0,0.0,206,0
2024-12-16,0.017437461123841258,0.008345429915244788,0.00909203120859647,1.5629041200500002,1.2317638370907442,1.2372809075549163,3125808.240099999,160551.24009999915,2965257.0,0.05136311243931678,0,27,0.0,0.0,0.0,0.0,0.0,206,0
2024-12-17,-0.010023327598303933,-0.02124905447376055,0.011225726875456619,1.5472386200500001,1.2055900202175946,1.2511702850913446,3094477.240099999,160551.24009999915,2933926.0,0.05188315429161498,0,27,0.0,0.0,0.0,0.0,0.0,206,0
2024-12-18,0.005466512980219385,0.00769550891294175,-0.0022289959327223656,1.5556966200500002,1.2148676489635328,1.2483814316147328,3111393.240099999,160551.24009999915,2950842.0,0.051601076338019906,0,27,0.0,0.0,0.0,0.0,0.0,206,0
2024-12-19,-0.010982539770158284,-0.011791922427011946,0.0008093826568536626,1.5386111200500003,1.2005420238878683,1.24939184989462,3077222.240099999,160551.24009999915,2916671.0,0.052174080249329596,0,27,0.0,0.0,0.0,0.0,0.0,206,0
2024-12-20,-0.002337172761290862,-0.0027014214549849233,0.00036424869369406114,1.5350151200500002,1.1972988539069265,1.249846939243856,3070030.240099999,161695.24009999915,2908335.0,0.05266894051660296,0,27,0.0,0.0,0.0,1144.0,0.0,206,0
2024-12-23,0.0002934824511600098,-0.010192207333468036,0.010485689784628046,1.53546562005,1.1850957357477834,1.2629524465270339,3070931.240099999,161695.24009999915,2909236.0,0.05265348764198766,0,27,0.0,0.0,0.0,0.0,0.0,206,0
2024-12-24,0.0129719609087382,0.012953493501706433,1.8467407031767108e-05,1.5553836200500002,1.2004468656596923,1.2629757699839257,3110767.240099999,161695.24009999915,2949072.0,0.05197921529313819,0,27,0.0,0.0,0.0,0.0,0.0,206,0
2024-12-25,0.003886501003402376,-0.0074990715302448,0.011385572533647175,1.56142862005,1.1914446287458522,1.2773554722213165,3122857.240099999,161695.24009999915,2961162.0,0.05177798012144205,0,27,0.0,0.0,0.0,0.0,0.0,206,0
2024-12-26,-0.007699039101521699,-0.004030598356454705,-0.0036684407450669936,1.5494071200500001,1.1866423939834223,1.2726695693610854,3098814.240099999,161695.24009999915,2937119.0,0.05217971377812606,0,27,0.0,0.0,0.0,0.0,0.0,206,0
2024-12-27,0.013499679799667597,0.013684228732326744,-0.00018454893265914749,1.5703236200500004,1.202880679926167,1.272434699550432,3140647.240099999,161695.24009999915,2978952.0,0.051484686989185936,0,27,0.0,0.0,0.0,0.0,0.0,206,0
2024-12-30,0.0028688354059507315,-0.005996667057741268,0.008865502463691999,1.5748286200500006,1.1956674049784604,1.2837154725141837,3149657.240099999,161695.24009999915,2987962.0,0.051337408414277315,0,27,0.0,0.0,0.0,0.0,0.0,206,0
2024-12-31,-0.001236642498876006,-0.008478214143592054,0.007241571644716048,1.5728811200500006,1.18553028067454,1.2930115900798258,3145762.240099999,161695.24009999915,2984067.0,0.05140097304202466,0,27,0.0,0.0,0.0,0.0,0.0,206,0
2025-01-02,-0.030835297805887785,-0.025479825021271333,-0.005355472784616452,1.5243808623000006,1.155323176565534,1.2860869016989596,3048761.724599999,24178.72459999897,3024583.0,0.007930670476772416,28,28,1524580.0,1387980.0,916.5155,0.0,0.0,206,1
2025-01-03,-0.00757323860821868,-0.020173477034604467,0.012600238426385788,1.5128363623000005,1.132016290995543,1.302291903297418,3025672.724599999,24178.72459999897,3001494.0,0.00799118966285273,0,28,0.0,0.0,0.0,0.0,0.0,206,0
2025-01-06,0.007920883116388167,0.0007012089505159907,0.007219674165872176,1.5248193623000006,1.132810070950919,1.3116940265080788,3049638.724599999,24178.72459999897,3025460.0,0.007928389813836173,0,28,0.0,0.0,0.0,0.0,0.0,206,0
2025-01-07,-0.004365107215034469,0.003157390485223801,-0.007522497700258271,1.5181633623000006,1.136386794690505,1.3018268112102291,3036326.724599999,24178.72459999897,3012148.0,0.007963149816554816,0,28,0.0,0.0,0.0,0.0,0.0,206,0
2025-01-08,0.0026499124533641005,0.0016332322769134293,0.0010166801764506712,1.5221863623000005,1.1382427782826519,1.3031503527223585,3044372.724599999,24178.72459999897,3020194.0,0.007942103936427764,0,28,0.0,0.0,0.0,0.0,0.0,206,0
2025-01-09,-0.012712963720657777,-0.00912846686559064,-0.0035844968550671364,1.5028348623000005,1.127852366796101,1.2984792143813455,3005669.724599999,24178.72459999897,2981491.0,0.00804437174254624,0,28,0.0,0.0,0.0,0.0,0.0,206,0
2025-01-10,-0.015111440764185913,-0.017129883365954456,0.0020184426017685435,1.4801248623000005,1.108532387298868,1.301100120145164,2960249.724599999,24178.72459999897,2936071.0,0.008167798952592115,0,28,0.0,0.0,0.0,0.0,0.0,206,0
2025-01-13,-0.007065620115149662,-0.0025967864054444066,-0.004468833709705256,1.4696668623000004,1.1056537654655354,1.2952857200685577,2939333.724599999,24178.72459999897,2915155.0,0.008225920179679273,0,28,0.0,0.0,0.0,0.0,0.0,206,0
2025-01-14,0.01837899505860019,0.026434275694647298,-0.008055280636047109,1.4966778623000005,1.1348809219246765,1.284851830089541,2993355.724599999,24178.72459999897,2969177.0,0.008077464499555917,0,28,0.0,0.0,0.0,0.0,0.0,206,0
2025-01-15,0.001495645827593206,-0.002740292540811616,0.004235938368404822,1.4989163623000006,1.1317710161996168,1.2902943832543323,2997832.724599999,24178.72459999897,2973654.0,0.008065401515431498,0,28,0.0,0.0,0.0,0.0,0.0,206,0
2025-01-16,0.005813533175812902,0.00638803234193324,-0.000574499166120338,1.5076303623000005,1.1390008060547625,1.289553110207103,3015260.724599999,24178.72459999897,2991082.0,0.008018784048336811,0,28,0.0,0.0,0.0,0.0,0.0,206,0
2025-01-17,-0.001961356094930866,-0.002413563359939974,0.000452207265009108,1.5046733623000006,1.1362517554423266,1.2901362554921536,3009346.724599999,24178.72459999897,2985168.0,0.008034542647528524,0,28,0.0,0.0,0.0,0.0,0.0,206,0
2025-01-20,5.3167685429844624e-06,0.0049314447706661395,-0.004926128002123155,1.5046813623000008,1.1418551182198629,1.2837808791574195,3009362.724599999,24178.72459999897,2985184.0,0.00803449992995204,0,28,0.0,0.0,0.0,0.0,0.0,206,0
2025-01-21,-0.00754246067263864,-0.006561436485205251,-0.0009810241874333887,1.4933323623000008,1.1343629083863567,1.2825214590636016,2986664.724599999,24178.72459999897,2962486.0,0.008095560375708794,0,28,0.0,0.0,0.0,0.0,0.0,206,0
2025-01-22,-0.010801627559424376,-0.007013126560030202,-0.0037885009993941744,1.4772019423000007,1.1264074777448392,1.2776626252341947,2954403.884599999,26574.884599998968,2927829.0,0.0089950073307587,0,28,0.0,0.0,0.0,2396.16,0.0,206,0
2025-01-23,0.011743485777570895,0.006463999848741724,0.00527948592882917,1.4945494423000008,1.1336885755106034,1.2844080270859097,2989098.884599999,26574.884599998968,2962524.0,0.008890600688024818,0,28,0.0,0.0,0.0,0.0,0.0,206,0
2025-01-24,0.0027650473668106024,0.0006877980039982579,0.0020772493628123446,1.4986819423000006,1.1344683242499953,1.287076062841765,2997363.884599999,26574.884599998968,2970789.0,0.008866085541544253,0,28,0.0,0.0,0.0,0.0,0.0,206,0
2025-01-27,0.013103847751619213,0.010382741360209061,0.0027211063914101517,1.5183204423000007,1.146247215442033,1.2905783337425947,3036640.884599999,26574.884599998968,3010066.0,0.008751408418022251,0,28,0.0,0.0,0.0,0.0,0.0,206,0
2025-02-05,-0.01654525573135668,-0.007820051770907693,-0.008725203960448985,1.4931994423000006,1.1372835028750174,1.279317774553754,2986398.884599999,26574.884599998968,2959824.0,0.008898638670486387,0,28,0.0,0.0,0.0,0.0,0.0,206,0
2025-02-06,0.004411333016475005,0.006293774520690357,-0.001882441504215352,1.4997864423000007,1.1444413088082137,1.2769095336778538,2999572.884599999,26574.884599998968,2972998.0,0.008859556217632231,0,28,0.0,0.0,0.0,0.0,0.0,206,0
2025-02-07,0.00442529670412406,0.0056614410137416195,-0.0012361443096175597,1.506423442300001,1.1509204957717207,1.2753310892239014,3012846.884599999,26574.884599998968,2986272.0,0.008820522787213325,0,28,0.0,0.0,0.0,0.0,0.0,206,0
2025-02-10,-0.0026543001706712532,0.0051402436249669975,-0.007794543795638251,1.502424942300001,1.1568365075129552,1.2653904651950065,3004849.884599999,26574.884599998968,2978275.0,0.008843997411050894,0,28,0.0,0.0,0.0,0.0,0.0,206,0
2025-02-11,0.0066133087385977785,0.001473164402579232,0.0051401443360185465,1.5123609423000008,1.1585407178754272,1.2718947548275306,3024721.884599999,26574.884599998968,2998147.0,0.008785893584233888,0,28,0.0,0.0,0.0,0.0,0.0,206,0
2025-02-12,-0.0012797870838006098,0.004550897178887347,-0.0058306842626879565,1.5104254423000008,1.1638131175600326,1.2644787380967624,3020850.884599999,26574.884599998968,2994276.0,0.008797152065821956,0,28,0.0,0.0,0.0,0.0,0.0,206,0
2025-02-13,-0.001902113086512336,-0.005246149500666228,0.0033440364141538925,1.5075524423000006,1.1577075799544763,1.2687072010418814,3015104.884599999,26574.884599998968,2988530.0,0.008813917132943964,0,28,0.0,0.0,0.0,0.0,0.0,206,0
2025-02-14,-0.0013249953659671965,-0.0010004553213807034,-0.00032454004458649303,1.5055549423000005,1.156549345245508,1.268295454750288,3011109.884599999,26574.884599998968,2984535.0,0.008825611026656114,0,28,0.0,0.0,0.0,0.0,0.0,206,0
2025-02-17,0.007264098899833371,0.008993033251225727,-0.0017289343513923559,1.5164914423000007,1.1669502319639844,1.2661026551708556,3032982.884599999,26574.884599998968,3006408.0,0.008761963258986132,0,28,0.0,0.0,0.0,0.0,0.0,206,0
2025-02-18,-0.0014711589777363088,-0.006153523163832164,0.004682364186095855,1.5142604423000008,1.1597693766805548,1.2720310088993485,3028520.884599999,26574.884599998968,3001946.0,0.008774872491430392,0,28,0.0,0.0,0.0,0.0,0.0,206,0
2025-02-19,-0.0017589444494464646,0.0004492497831509319,-0.0022081942325973963,1.5115969423000009,1.1602904028215337,1.269222117361812,3023193.884599999,26574.884599998968,2996619.0,0.008790334200981988,0,28,0.0,0.0,0.0,0.0,0.0,206,0
2025-02-20,-0.002114651009505475,-0.001565201002067499,-0.000549450007437976,1.5084004423000008,1.1584743151203483,1.2685247432599869,3016800.884599999,26574.884599998968,2990226.0,0.008808962081540413,0,28,0.0,0.0,0.0,0.0,0.0,206,0
2025-02-21,-0.005370921257253691,-0.005245037929191256,-0.0001258833280624351,1.5002989423000008,1.152398073397548,1.2683650571435758,3000597.884599999,26574.884599998968,2974023.0,0.008856529805739562,0,28,0.0,0.0,0.0,0.0,0.0,206,0
2025-02-24,0.0027621161910886816,0.0023709934764115253,0.00039112271467715625,1.504442942300001,1.155130401711803,1.2688611435279273,3008885.884599999,26574.884599998968,2982311.0,0.008832134424244483,0,28,0.0,0.0,0.0,0.0,0.0,206,0
2025-02-25,-0.009437712525204311,-0.009208607603538943,-0.0002291049216653681,1.490244442300001,1.1444932591115207,1.2685704411950351,2980488.884599999,26574.884599998968,2953914.0,0.00891628374704222,0,28,0.0,0.0,0.0,0.0,0.0,206,0
2025-02-26,0.010681469125583654,0.00985222623810835,0.0008292428874753042,1.506162442300001,1.1557690656282775,1.2696223942106575,3012324.884599999,26574.884599998968,2985750.0,0.008822051278684635,0,28,0.0,0.0,0.0,0.0,0.0,206,0
2025-02-27,0.004048368110074918,0.00134862940416174,0.002699738705913178,1.512259942300001,1.1573277697746045,1.273050042930202,3024519.884599999,26574.884599998968,2997945.0,0.00878648037174785,0,28,0.0,0.0,0.0,0.0,0.0,206,0
2025-02-28,-0.005838943261679219,-0.008894373592239515,0.0030554303305602958,1.503429942300001,1.1470340642215557,1.2769397586436921,3006859.884599999,26574.884599998968,2980285.0,0.008838085451239512,0,28,0.0,0.0,0.0,0.0,0.0,206,0
2025-03-03,-0.0033849265980526733,-0.0006225696180723468,-0.0027623569799803266,1.498340942300001,1.1463199556622774,1.2734123951883884,2996681.884599999,26574.884599998968,2970107.0,0.008868103330075764,0,28,0.0,0.0,0.0,0.0,0.0,206,0
2025-03-04,0.004858707250450678,0.004037579549576187,0.0008211277008744909,1.505620942300001,1.1509483136725305,1.2744580293807146,3011241.884599999,26574.884599998968,2984667.0,0.00882522414951367,0,28,0.0,0.0,0.0,0.0,0.0,206,0
2025-03-05,-0.0007100060645854889,-5.812943268052848e-05,-0.0006518766319049603,1.504551942300001,1.150881409700012,1.2736272399730177,3009103.884599999,26574.884599998968,2982529.0,0.008831494564213616,0,28,0.0,0.0,0.0,0.0,0.0,206,0
2025-03-06,-0.0019085416191151339,0.001951887486539914,-0.003860429105655048,1.501680442300001,1.1531278007220969,1.2687104923060708,3003360.884599999,26574.884599998968,2976786.0,0.008848382069655386,0,28,0.0,0.0,0.0,0.0,0.0,206,0
2025-03-07,-0.0037314863017178235,-0.0029646320624882863,-0.0007668542392295372,1.4960769423000009,1.1497092010719294,1.267737576286691,2992153.884599999,26574.884599998968,2965579.0,0.00888152335238319,0,28,0.0,0.0,0.0,0.0,0.0,206,0
2025-03-10,0.001588487819581319,0.0015355927597842532,5.2895059797065805e-05,1.4984534423000009,1.1514746861969527,1.2678046333415955,2996906.884599999,26574.884599998968,2970332.0,0.008867437535866567,0,28,0.0,0.0,0.0,0.0,0.0,206,0
2025-03-11,0.002436845815106059,0.003062082400427199,-0.00062523658532114,1.5021049423000008,1.1550005965680938,1.2670119555017907,3004209.884599999,26574.884599998968,2977635.0,0.008845881486585059,0,28,0.0,0.0,0.0,0.0,0.0,206,0
2025-03-12,0.0032098289967792404,0.005194320195187182,-0.0019844911984079417,1.5069264423000008,1.1610000394923008,1.2644975814278197,3013852.884599999,26574.884599998968,2987278.0,0.00881757856721862,0,28,0.0,0.0,0.0,0.0,0.0,206,0
2025-03-13,0.005365888986365253,0.007090224752635897,-0.0017243357662706446,1.5150124423000009,1.1692317907101204,1.2623171630218009,3030024.884599999,26574.884599998968,3003450.0,0.00877051694692837,0,28,0.0,0.0,0.0,0.0,0.0,206,0
2025-03-14,0.006926675786285141,0.007211114843263655,-0.00028443905697851397,1.525506442300001,1.1776632554313258,1.261958110718343,3051012.884599999,26574.884599998968,3024438.0,0.008710184324076707,0,28,0.0,0.0,0.0,0.0,0.0,206,0
2025-03-17,0.0024775378819781313,0.0038633639706614656,-0.0013858260886833343,1.5292859423000011,1.182212997221931,1.2602092562456841,3058571.884599999,26574.884599998968,3031997.0,0.00868865784512187,0,28,0.0,0.0,0.0,0.0,0.0,206,0
2025-03-18,0.00822246491136136,0.002591072348132994,0.005631392563228366,1.541860442300001,1.1852761966286363,1.2673059892794176,3083720.884599999,26574.884599998968,3057146.0,0.008617798300978882,0,28,0.0,0.0,0.0,0.0,0.0,206,0
2025-03-19,0.0076417421945296216,0.006038178493004569,0.0016035637015250521,1.553642942300001,1.1924331058673896,1.2693381951625513,3107285.884599999,26574.884599998968,3080711.0,0.00855244273843826,0,28,0.0,0.0,0.0,0.0,0.0,206,0
2025-03-20,-0.0011215575680603163,-0.00034613578912039616,-0.00077542177893992,1.5519004423000011,1.192020362093317,1.268353922681182,3103800.884599999,26574.884599998968,3077226.0,0.008562045565440256,0,28,0.0,0.0,0.0,0.0,0.0,206,0
2025-03-21,-0.00042141878575063796,-0.0014436418444597927,0.0010222230587091548,1.5512464423000012,1.190299511619151,1.269650463307551,3102492.884599999,26574.884599998968,3075918.0,0.008565655293493199,0,28,0.0,0.0,0.0,0.0,0.0,206,0
2025-03-24,0.0018968617234262908,-0.0004115701135447666,0.0023084318369710572,1.5541889423000013,1.1898096199140016,1.272581364858875,3108377.884599999,26574.884599998968,3081803.0,0.008549438191431075,0,28,0.0,0.0,0.0,0.0,0.0,206,0
2025-03-25,0.009023355924310028,0.009144765504167445,-0.0001214095798574167,1.568212942300001,1.2006901498827176,1.2724268612900331,3136425.884599999,26574.884599998968,3109851.0,0.00847298344605652,0,28,0.0,0.0,0.0,0.0,0.0,206,0
2025-03-26,0.0008423600930511643,0.0011405428831668919,-0.00029818279011572754,1.569533942300001,1.2020595884880547,1.2720474454983155,3139067.884599999,26574.884599998968,3112493.0,0.008465852150051644,0,28,0.0,0.0,0.0,0.0,0.0,206,0
2025-03-27,-0.0071247264545378775,-0.00896973879122391,0.0018450123366860333,1.558351442300001,1.1912774279678309,1.2743943887281097,3116702.884599999,26574.884599998968,3090128.0,0.008526601855861411,0,28,0.0,0.0,0.0,0.0,0.0,206,0
2025-03-28,-0.006768049692586375,-0.009415517143538292,0.002647467450951917,1.547804442300001,1.1800609349220896,1.2777683063919434,3095608.884599999,26574.884599998968,3069034.0,0.008584703556125391,0,28,0.0,0.0,0.0,0.0,0.0,206,0
2025-03-31,0.0038031290253004446,-0.0016635774256923833,0.005466706450992828,1.5536909423000012,1.1780978121898118,1.2847534906353704,3107381.884599999,26574.884599998968,3080807.0,0.008552178517774891,0,28,0.0,0.0,0.0,0.0,0.0,206,0
2025-04-01,0.011498185651745096,0.015559450998231568,-0.004061265346486471,1.5715555692000014,1.196428367369703,1.2795357658050754,3143111.138399999,24843.13839999905,3118268.0,0.007903996170063987,28,28,1028319.0,1027269.0,681.7461999999999,0.0,0.0,206,1
2025-04-02,-0.0018325791696096605,-0.0011862268712596255,-0.000646352298350035,1.5686755692000014,1.1950091318907918,1.2787087349220263,3137351.138399999,24843.13839999905,3112508.0,0.007918507461893052,0,28,0.0,0.0,0.0,0.0,0.0,206,0
2025-04-03,0.012395807254087954,0.010987443274964006,0.0014083639791239479,1.5881205692000013,1.2081392269405058,1.2805096222440817,3176241.138399999,24843.13839999905,3151398.0,0.007821552998496059,0,28,0.0,0.0,0.0,0.0,0.0,206,0
2025-04-07,-0.05991610577018902,-0.07485718731018831,0.01494108153999929,1.4929665692000011,1.1177013225326342,1.2996418209227842,2985933.138399999,24843.13839999905,2961090.0,0.008320058503825424,0,28,0.0,0.0,0.0,0.0,0.0,206,0
2025-04-08,0.026303670028621662,0.018383147384019298,0.007920522644602364,1.5322370692000014,1.1382481906760649,1.3099356633952755,3064474.138399999,24843.13839999905,3039631.0,0.008106819401311693,0,28,0.0,0.0,0.0,0.0,0.0,206,0
2025-04-09,0.018055952669546516,0.010931703752115824,0.007124248917430692,1.5599030692000013,1.1506911826929174,1.3192679711271231,3119806.138399999,24843.13839999905,3094963.0,0.007963039143432136,0,28,0.0,0.0,0.0,0.0,0.0,206,0
2025-04-10,0.006986010999766146,0.010154360162777201,-0.003168349163011055,1.5708005692000016,1.1623757153981134,1.3150880695550153,3141601.138399999,24843.13839999905,3116758.0,0.007907795199186721,0,28,0.0,0.0,0.0,0.0,0.0,206,0
2025-04-11,-0.0012493629289932473,-0.00487368437036463,0.003624321441371383,1.5688380692000017,1.1567106630414863,1.3198543714427953,3137676.138399999,24843.13839999905,3112833.0,0.007917687264137897,0,28,0.0,0.0,0.0,0.0,0.0,206,0
2025-04-14,0.0052411400267671215,0.015841804513919113,-0.010600664487151992,1.577060569200002,1.1750350472445552,1.3058630380792293,3154121.138399999,24843.13839999905,3129278.0,0.007876405917814973,0,28,0.0,0.0,0.0,0.0,0.0,206,0
2025-04-15,-0.005120919359550502,0.006352252459346964,-0.011473171818897466,1.568984569200002,1.1824991665132332,1.2908806470713987,3137969.138399999,24843.13839999905,3113126.0,0.007916947969942807,0,28,0.0,0.0,0.0,0.0,0.0,206,0
2025-04-16,0.01595235574098841,0.0048885053660269705,0.01106385037496144,1.594013569200002,1.1882798200340556,1.30516275740253,3188027.138399999,24843.13839999905,3163184.0,0.0077926370515362916,0,28,0.0,0.0,0.0,0.0,0.0,206,0
2025-04-17,-0.006585891238848562,0.0007013703024569181,-0.00728726154130548,1.5835155692000018,1.1891132442108365,1.2956516950353663,3167031.138399999,24843.13839999905,3142188.0,0.007844298749948488,0,28,0.0,0.0,0.0,0.0,0.0,206,0
2025-04-18,-0.0038692388753054363,-0.002148610972811436,-0.0017206279024940003,1.5773885692000018,1.1865583024464097,1.2934223605769748,3154777.138399999,24843.13839999905,3129934.0,0.007874768108849264,0,28,0.0,0.0,0.0,0.0,0.0,206,0
2025-04-21,-0.00573891568428897,0.003917129457852154,-0.009656045142141124,1.5683360692000017,1.1912062049263816,1.2809330158753889,3136672.138399999,24843.13839999905,3111829.0,0.007920221592771061,0,28,0.0,0.0,0.0,0.0,0.0,206,0
2025-04-22,0.010750565730851536,0.0058663425616231534,0.004884223169228382,1.5851965692000016,1.198194228586011,1.287189378589757,3170393.138399999,24843.13839999905,3145550.0,0.007835980370729866,0,28,0.0,0.0,0.0,0.0,0.0,206,0
2025-04-23,0.000584470101690604,-0.004692980266504613,0.005277450368195217,1.5861230692000015,1.192571126715817,1.2939824566497324,3172246.138399999,24843.13839999905,3147403.0,0.00783140314973456,0,28,0.0,0.0,0.0,0.0,0.0,206,0
2025-04-24,0.001953190178087816,0.011660120244827626,-0.00970693006673981,1.5892210692000015,1.206476649453833,1.2814218594354452,3178442.138399999,24843.13839999905,3153599.0,0.00781613674820737,0,28,0.0,0.0,0.0,0.0,0.0,206,0
2025-04-25,0.004080117062168043,0.0135431115714408,-0.009462994509272757,1.5957052772000013,1.2228160973257245,1.2692957714155455,3191410.554399999,26759.55439999905,3164651.0,0.008384867425817604,0,28,0.0,0.0,0.0,1916.4160000000002,0.0,206,0
2025-04-28,0.006662257844164188,0.0024696117406833506,0.004192646103480837,1.6063362772000012,1.2258359783163766,1.2746174793857357,3212672.554399999,26759.55439999905,3185913.0,0.008329374982006744,0,28,0.0,0.0,0.0,0.0,0.0,206,0
2025-04-29,-0.007640679087067559,-0.014236891804532586,0.006596212717465027,1.5940627772000011,1.208383884122983,1.283025127413163,3188125.554399999,26759.55439999905,3161366.0,0.00839350707598941,0,28,0.0,0.0,0.0,0.0,0.0,206,0
2025-04-30,-0.016695703820867047,-0.01207073956998411,-0.0046249642508829365,1.5674487772000012,1.1937977969571687,1.2770911820658926,3134897.554399999,30759.55439999905,3104138.0,0.009811980731818923,0,28,0.0,0.0,0.0,4000.0,0.0,206,0
2025-05-06,0.006421900445117812,0.013707706721802005,-0.0072858062766841935,1.5775147772000013,1.210162027042991,1.267786543115699,3155029.554399999,30759.55439999905,3124270.0,0.00974937124031115,0,28,0.0,0.0,0.0,0.0,0.0,206,0
2025-05-07,0.007818310280358398,0.0063460271560719745,0.0014722831242864236,1.5898482772000013,1.217841748129853,1.2696530838483255,3179696.554399999,30759.55439999905,3148937.0,0.009673738947647257,0,28,0.0,0.0,0.0,0.0,0.0,206,0
2025-05-08,0.0027273042731073005,0.006727990570665126,-0.004000686297557825,1.5941842772000012,1.226035375927833,1.2645736001531216,3188368.554399999,30759.55439999905,3157609.0,0.009647427477463477,0,28,0.0,0.0,0.0,0.0,0.0,206,0
2025-05-09,0.004538559377030182,0.005971162705263435,-0.0014326033282332524,1.6014195772000013,1.233356232639907,1.2627619678047464,3202839.154399999,32137.15439999905,3170702.0,0.010033958263514308,0,28,0.0,0.0,0.0,1377.6000000000001,0.0,206,0
2025-05-12,-0.0018580389813908083,0.00014028581252660422,-0.0019983247939174124,1.5984440772000013,1.2335292550211376,1.2602385592556662,3196888.154399999,32137.15439999905,3164751.0,0.010052636453911426,0,28,0.0,0.0,0.0,0.0,0.0,206,0
2025-05-13,0.014767485667280145,0.008116152469329643,0.006651333197950502,1.6220490772000011,1.2435407665302678,1.2686208258221807,3244098.154399999,32137.15439999905,3211961.0,0.009906344651258824,0,28,0.0,0.0,0.0,0.0,0.0,206,0
2025-05-14,0.010684017052008832,0.005375503961245402,0.00530851309076343,1.6393790772000012,1.2502254248467213,1.275355316083273,3278758.154399999,34971.15439999905,3243787.0,0.010665975577695101,0,28,0.0,0.0,0.0,2834.0,0.0,206,0
2025-05-15,0.0012056393957251554,-0.003424920509938582,0.004630559905663738,1.641355577200001,1.245943502147117,1.2812609252754033,3282711.154399999,34971.15439999905,3247740.0,0.01065313174237864,0,28,0.0,0.0,0.0,0.0,0.0,206,0
2025-05-16,-0.0020500006499140078,-0.003556981511474051,0.0015069808615600431,1.637990797200001,1.2415117041456385,1.283191760968458,3275981.594399999,37528.594399999056,3238453.0,0.011455679257829431,0,28,0.0,0.0,0.0,2557.44,0.0,206,0
2025-05-19,0.02501448730361644,0.012997596879878595,0.012016890423737844,1.678964297200001,1.2576483727977745,1.2986117357526592,3357928.594399999,37528.594399999056,3320400.0,0.011176114483966488,0,28,0.0,0.0,0.0,0.0,0.0,206,0
2025-05-20,-0.011161345140722645,0.005978922505689352,-0.017140267646411998,1.6602247972000008,1.2651677549581388,1.276353183033087,3320449.594399999,37528.594399999056,3282921.0,0.011302262941528082,0,28,0.0,0.0,0.0,0.0,0.0,206,0
2025-05-21,0.00674185810191319,0.006829536152023317,-8.767805011012774e-05,1.6714177972000008,1.2738082638789998,1.2762412748747467,3342835.594399999,37528.594399999056,3305307.0,0.011226574966135902,0,28,0.0,0.0,0.0,0.0,0.0,206,0
2025-05-22,-0.005177640213295254,-0.005871407651423053,0.0006937674381277993,1.6627637972000007,1.2663292162920148,1.2771266895144495,3325527.594399999,37528.594399999056,3287999.0,0.01128500466007111,0,28,0.0,0.0,0.0,0.0,0.0,206,0
2025-05-23,-0.01955930244257542,-0.015415882225907392,-0.004143420216668029,1.6302412972000007,1.2468076342344314,1.2718350169698691,3260482.594399999,37528.594399999056,3222954.0,0.011510134869131283,0,28,0.0,0.0,0.0,0.0,0.0,206,0
2025-05-26,-0.0005913235063150779,0.0024681475236533164,-0.0030594710299683943,1.6292772972000007,1.249884939409339,1.2679438745805505,3258554.594399999,37528.594399999056,3221026.0,0.011516945109495469,0,28,0.0,0.0,0.0,0.0,0.0,206,0
2025-05-27,0.004909538734595209,0.0040771789887965575,0.0008323597457986515,1.6372762972000008,1.254980944022712,1.2689992600216833,3274552.594399999,37528.594399999056,3237024.0,0.011460678464648535,0,28,0.0,0.0,0.0,0.0,0.0,206,0
2025-05-28,0.0023328377785301058,-0.0029260528613935786,0.005258890639923684,1.6410957972000009,1.2513088034404598,1.2756727883522812,3282191.594399999,37528.594399999056,3244663.0,0.011434004786323107,0,28,0.0,0.0,0.0,0.0,0.0,206,0
2025-05-29,0.003324607868296914,0.005114261149714087,-0.001789653281417173,1.646551797200001,1.2577083234401907,1.273389776360592,3293103.594399999,40720.594399999056,3252383.0,0.012365415551835478,0,28,0.0,0.0,0.0,3192.0,0.0,206,0
2025-05-30,0.002354617696566308,-0.0036194867860425027,0.005974104482608811,1.6504287972000011,1.2531560647828033,1.2809971399316558,3300857.594399999,40720.594399999056,3260137.0,0.012336368121146071,0,28,0.0,0.0,0.0,0.0,0.0,206,0
2025-06-03,0.008908290999856128,0.0063405530760724145,0.002567737923783713,1.6651312972000012,1.261101767324161,1.2842864048681166,3330262.594399999,40720.594399999056,3289542.0,0.012227442505126397,0,28,0.0,0.0,0.0,0.0,0.0,206,0
2025-06-04,0.003072610555457933,0.004233566416533849,-0.0011609558610759163,1.6702475972000013,1.2664407254141359,1.2827954050390848,3340495.194399999,43082.194399999054,3297413.0,0.012896948474053182,0,28,0.0,0.0,0.0,2361.6,0.0,206,0
2025-06-05,-0.00966712960824967,-0.004870536333308673,-0.004796593274940996,1.6541010972000012,1.2602724798470246,1.2766423572261492,3308202.194399999,45322.194399999054,3262880.0,0.013699946900681818,0,28,0.0,0.0,0.0,2240.0,0.0,206,0
2025-06-06,0.0034415671506635714,0.0037929651633222686,-0.00035139801265869717,1.6597937972000012,1.2650526494593781,1.276193747638944,3319587.594399999,49660.594399999056,3269927.0,0.014959868654701065,0,28,0.0,0.0,0.0,4338.400000000001,0.0,206,0
2025-06-09,0.0003849875816368531,0.0027526243212788516,-0.0023676367396419985,1.660432797200001,1.268534864149978,1.2731721844351327,3320865.594399999,49660.594399999056,3271205.0,0.014954111507476272,0,28,0.0,0.0,0.0,0.0,0.0,206,0
2025-06-10,0.014465204518064656,0.0029180248460270656,0.01154717967203759,1.6844512972000012,1.272236480401619,1.2878737324022458,3368902.594399999,49660.594399999056,3319242.0,0.014740881639780268,0,28,0.0,0.0,0.0,0.0,0.0,206,0
2025-06-11,0.000928789097435212,0.00013848863869567643,0.0007903004587395356,1.6860157972000012,1.2724126706998888,1.288891539603762,3372031.594399999,49660.594399999056,3322371.0,0.01472720317403651,0,28,0.0,0.0,0.0,0.0,0.0,206,0
2025-06-12,-0.006809248180868699,-0.003151339808969426,-0.0036579083718992727,1.6745352972000012,1.2684028659972753,1.2841768924505752,3349070.594399999,49660.594399999056,3299410.0,0.014828171876411573,0,28,0.0,0.0,0.0,0.0,0.0,206,0
2025-06-13,-0.0008267846024595515,-0.0038693516869321588,0.0030425670844726072,1.6731508172000011,1.263494969228019,1.2880840867941858,3346301.634399999,52123.63439999906,3294178.0,0.015576490135906403,0,28,0.0,0.0,0.0,2463.04,0.0,206,0
2025-06-16,-0.0011076706181822882,0.003226236978849676,-0.004333907597031964,1.671297517200001,1.2675713034203329,1.2825016493848125,3342595.034399999,52766.03439999906,3289829.0,0.015785948898075428,0,28,0.0,0.0,0.0,642.4,0.0,206,0
2025-06-17,0.0038847063034457285,0.004846473510082716,-0.0009617672066369876,1.677790017200001,1.2737145541645007,1.2812681813559763,3355580.034399999,52766.03439999906,3302814.0,0.01572486242588876,0,28,0.0,0.0,0.0,0.0,0.0,206,0
2025-06-18,-0.0027694168831415844,-0.004139877046927122,0.0013704601637855376,1.673143517200001,1.2684415325173781,1.2830241083576508,3346287.034399999,52766.03439999906,3293521.0,0.015768532064811408,0,28,0.0,0.0,0.0,0.0,0.0,206,0
2025-06-19,-0.010188737442277773,-0.010918599475453353,0.0007298620331755799,1.656096297200001,1.2545919274657906,1.28396053894199,3312192.594399999,54704.594399999056,3257488.0,0.016516127260380143,0,28,0.0,0.0,0.0,1938.56,0.0,206,0
2025-06-20,0.005016314579077141,0.001028422064674521,0.00398789251440262,1.6644037972000012,1.255882177486159,1.2890808355640249,3328807.594399999,54704.594399999056,3274103.0,0.016433690698143006,0,28,0.0,0.0,0.0,0.0,0.0,206,0
2025-06-23,0.012102231462032487,0.008949743818550033,0.0031524876434824538,1.6845467972000014,1.2671220012409428,1.2931446469695906,3369093.594399999,54704.594399999056,3314389.0,0.016237184532637297,0,28,0.0,0.0,0.0,0.0,0.0,206,0
2025-06-24,-0.004440957064793194,0.002084625904489324,-0.006525582969282517,1.6770657972000014,1.269763476588878,1.284706124284507,3354131.594399999,54704.594399999056,3299427.0,0.01630961483184885,0,28,0.0,0.0,0.0,0.0,0.0,206,0
2025-06-25,0.004025912406819376,0.0049573039366143925,-0.0009313915297950162,1.6838175172000014,1.2760580800699413,1.2835095598820727,3367635.034399999,58456.03439999906,3309179.0,0.017358185730602483,0,28,0.0,0.0,0.0,3751.4399999999996,0.0,206,0
2025-06-26,-0.000341782879748731,0.00026611690396272076,-0.0006078997837114517,1.6832420172000013,1.2763976606954859,1.2827293146982288,3366484.034399999,58456.03439999906,3308028.0,0.017364120489707757,0,28,0.0,0.0,0.0,0.0,0.0,206,0
2025-06-27,-0.011390673357770442,-0.006846205025187199,-0.004544468332583243,1.6640687572000015,1.2676591806166952,1.2768999919483064,3328137.5143999993,67988.51439999907,3260149.0,0.020428396995565888,0,28,0.0,0.0,0.0,9532.48,0.0,206,0
2025-06-30,-0.001223206668109711,0.00163176439930817,-0.0028549710674178807,1.6620332572000014,1.269727701738082,1.273254479415308,3324066.5143999993,67988.51439999907,3256078.0,0.020453415750097025,0,28,0.0,0.0,0.0,0.0,0.0,206,0
2025-07-01,0.015453553344215054,0.012331861328426784,0.0031216920157882706,1.687717576800001,1.2853858076807778,1.2772291877577655,3375435.153599999,25652.15359999877,3349783.0,0.007599658246327146,28,28,1742512.0,1701249.0,1073.3608,0.0,0.0,206,1
2025-07-02,0.003491401690069784,0.001507784344806657,0.001983617345263127,1.693610076800001,1.2873238922786354,1.2797627217284782,3387220.153599999,25652.15359999877,3361568.0,0.007573217103333303,0,28,0.0,0.0,0.0,0.0,0.0,206,0
2025-07-03,-0.0022401850650113353,0.0028209374227126604,-0.005061122487723996,1.689816076800001,1.2909553524215163,1.2732856858385873,3379632.153599999,25652.15359999877,3353980.0,0.0075902206021664165,0,28,0.0,0.0,0.0,0.0,0.0,206,0
2025-07-04,0.006457270794028247,0.009828999888293099,-0.0033717290942648515,1.700727676800001,1.3036441524362585,1.2689925114463343,3401455.3535999986,28943.35359999877,3372512.0,0.008509108775855602,0,28,0.0,0.0,0.0,3291.2,0.0,206,0
2025-07-07,0.009671154426643902,0.020928279367573598,-0.011257124940929696,1.7171756768000013,1.3309271814543482,1.2547073041958787,3434351.3535999986,28943.35359999877,3405408.0,0.008427604115012696,0,28,0.0,0.0,0.0,0.0,0.0,206,0
2025-07-08,-0.004235734350462206,-0.0017627346006757276,-0.002472999749786478,1.7099021768000013,1.3285811100606186,1.2516044133465472,3419804.3535999986,28943.35359999877,3390861.0,0.008463453053836355,0,28,0.0,0.0,0.0,0.0,0.0,206,0
2025-07-09,0.0044929470844803365,0.004468733784995873,2.421329948446363e-05,1.7175846768000014,1.3345181853532537,1.2516347188190438,3435169.3535999986,28943.35359999877,3406226.0,0.008425597291052515,0,28,0.0,0.0,0.0,0.0,0.0,206,0
2025-07-10,0.006947954392696021,0.0016167344914288855,0.0053312199012671355,1.7295183768000013,1.3366757469329533,1.2583074587411287,3459036.7535999985,34645.75359999877,3424391.0,0.01001601199060436,0,28,0.0,0.0,0.0,5702.4,0.0,206,0
2025-07-11,-0.005234983404311611,-0.0051050154078575785,-0.00012996799645403206,1.7204643768000014,1.329851996649551,1.258143919041793,3440928.7535999985,35981.75359999877,3404947.0,0.010456988847081947,0,28,0.0,0.0,0.0,1336.0,0.0,206,0
2025-07-14,0.003818599262264133,0.009753550826322014,-0.005934951564057881,1.7270341408000016,1.3428227756903581,1.2506768958216659,3454068.281599999,43964.281599998765,3410104.0,0.012728260710478358,0,28,0.0,0.0,0.0,7982.528,0.0,206,0
2025-07-15,-0.01250287964197272,-0.017376874077156868,0.004873994435184149,1.7054412408000015,1.3194887134092486,1.256772688052114,3410882.4815999987,47323.48159999876,3363559.0,0.013874263289716145,0,28,0.0,0.0,0.0,3359.2000000000003,0.0,206,0
2025-07-16,-0.002319927479966455,-4.396331092141046e-05,-0.0022759641690450446,1.7014847408000016,1.3194307043166837,1.2539123184454728,3402969.4815999987,47323.48159999876,3355646.0,0.013906525420189293,0,28,0.0,0.0,0.0,0.0,0.0,206,0
2025-07-17,-0.0049224067657885895,-0.002592905514246897,-0.0023295012515416923,1.6931093408000015,1.3160095451677944,1.2509913281303304,3386218.681599999,49724.68159999876,3336494.0,0.01468442716655963,0,28,0.0,0.0,0.0,2401.2000000000003,0.0,206,0
2025-07-18,0.004954434895525717,0.003131508527904286,0.0018229263676214306,1.7014977408000016,1.3201306402812907,1.253271793208045,3402995.4815999987,52213.48159999876,3350782.0,0.015343388459466705,0,28,0.0,0.0,0.0,2488.8,0.0,206,0
2025-07-21,0.009311502225416213,0.007304358646237149,0.0020071435791790635,1.7173412408000015,1.3297733479377918,1.255787289640749,3434682.4815999987,52213.48159999876,3382469.0,0.015201836524835286,0,28,0.0,0.0,0.0,0.0,0.0,206,0
2025-07-22,0.008171643274264229,0.0015279649820936153,0.006643678292170613,1.7313747408000013,1.3318051950475622,1.2641303363965188,3462749.4815999987,52213.48159999876,3410536.0,0.015078619425819102,0,28,0.0,0.0,0.0,0.0,0.0,206,0
2025-07-23,6.06454498415232e-05,-0.0048263111387106105,0.004886956588552134,1.7314797408000013,1.3253774888001115,1.2703080864727603,3462959.4815999987,52213.48159999876,3410746.0,0.015077705031614881,0,28,0.0,0.0,0.0,0.0,0.0,206,0
2025-07-24,-0.004978689497121769,0.0009337110956700535,-0.0059124005927918225,1.7228592408000012,1.3266150084673554,1.2627975161892704,3445718.4815999987,52213.48159999876,3393505.0,0.015153147849662329,0,28,0.0,0.0,0.0,0.0,0.0,206,0
2025-07-25,-0.010096297821708844,-0.005853770094870531,-0.004242527726838313,1.7054647408000012,1.3188493092033828,1.2574400627134548,3410929.4815999987,52213.48159999876,3358716.0,0.015307698937096308,0,28,0.0,0.0,0.0,0.0,0.0,206,0
2025-07-28,-0.004309675728946583,-0.002241917882762435,-0.0020677578461841474,1.6981147408000012,1.315892557352411,1.2548399811576727,3396229.4815999987,52213.48159999876,3344016.0,0.015373955700838111,0,28,0.0,0.0,0.0,0.0,0.0,206,0
2025-07-29,-0.006170372206452779,-0.00582305770858478,-0.00034731449786799904,1.6876367408000013,1.3082300390526507,1.2544041570397122,3375273.4815999987,52213.48159999876,3323060.0,0.015469407704186307,0,28,0.0,0.0,0.0,0.0,0.0,206,0
2025-07-30,0.007830298831806415,0.001968531286851057,0.005861767544955357,1.700851440800001,1.3108053308149243,1.2617571826157046,3401702.8815999986,55231.881599998764,3346471.0,0.016236539028364617,0,28,0.0,0.0,0.0,3018.4,0.0,206,0
2025-07-31,-0.01618748077554033,-0.0159332538234573,-0.00025422695208303023,1.6733189408000009,1.289919936765909,1.2614364099328994,3346637.8815999986,55231.881599998764,3291406.0,0.016503692229047764,0,28,0.0,0.0,0.0,0.0,0.0,206,0
2025-08-01,0.0012531980298970957,0.00433659357557488,-0.0030833955456777843,1.675415940800001,1.295513795276694,1.2575469025253565,3350831.8815999986,55231.881599998764,3295600.0,0.01648303572115529,0,28,0.0,0.0,0.0,0.0,0.0,206,0
2025-08-04,0.003406616745734725,0.005843378802197034,-0.002436762056462309,1.681123440800001,1.3030839731259676,1.254482559949061,3362246.8815999986,55231.881599998764,3307015.0,0.01642707497247063,0,28,0.0,0.0,0.0,0.0,0.0,206,0
2025-08-05,0.008482898788927606,0.010018161406194142,-0.0015352626172665355,1.6953842408000013,1.3161384786945682,1.2525565997707584,3390768.4815999987,58961.48159999876,3331807.0,0.01738882554794088,0,28,0.0,0.0,0.0,3729.6000000000004,0.0,206,0
2025-08-06,-0.00025274506491690385,0.0005341474742667984,-0.0007868925391837022,1.694955740800001,1.3168414907387482,1.2515709723274935,3389911.4815999987,58961.48159999876,3330950.0,0.017393221598862998,0,28,0.0,0.0,0.0,0.0,0.0,206,0
2025-08-07,0.0021965175316276397,0.002561334544533151,-0.0003648170129055112,1.6986787408000013,1.320214362338652,1.2511143779439298,3397357.4815999987,58961.48159999876,3338396.0,0.01735510081565824,0,28,0.0,0.0,0.0,0.0,0.0,206,0
2025-08-08,0.007133132186191826,0.008459783060697975,-0.0013266508745061485,1.7107956408000016,1.3313830894376548,1.2494545859603232,3421591.281599999,60100.281599998765,3361491.0,0.01756500898374243,0,28,0.0,0.0,0.0,1138.8,0.0,206,0
2025-08-11,-0.00704058375690475,-0.001529810830818815,-0.005510772926085935,1.6987506408000017,1.329346325167464,1.2425691254556392,3397501.281599999,60100.281599998765,3337401.0,0.017689553768673046,0,28,0.0,0.0,0.0,0.0,0.0,206,0
2025-08-12,0.0030975705754683336,0.0050101680339893605,-0.001912597458521027,1.7040126408000018,1.3360065736319193,1.2401925909042562,3408025.281599999,60100.281599998765,3347925.0,0.0176349283335665,0,28,0.0,0.0,0.0,0.0,0.0,206,0
2025-08-13,-0.0038758515294224916,-0.002193215103631401,-0.0016826364257910907,1.697408140800002,1.333076423836079,1.2381057976758043,3394816.281599999,60100.281599998765,3334716.0,0.017703544644151734,0,28,0.0,0.0,0.0,0.0,0.0,206,0
2025-08-14,-0.008165979452335659,-0.01251321753996624,0.004347238087630581,1.6835471408000018,1.316395348547218,1.2434881383559768,3367094.281599999,60100.281599998765,3306994.0,0.01784930167486724,0,28,0.0,0.0,0.0,0.0,0.0,206,0
2025-08-15,0.004286188265907986,0.0041948987987269135,9.128946718107295e-05,1.6907631408000017,1.3219174938134883,1.2436016557255734,3381526.281599999,62396.281599998765,3319130.0,0.0184521060621405,0,28,0.0,0.0,0.0,2296.0,0.0,206,0
2025-08-18,0.008202509071399522,0.004241625741539429,0.0039608833298600925,1.7046316408000017,1.3275245730834389,1.2485274167927232,3409263.281599999,62396.281599998765,3346867.0,0.018301983873394375,0,28,0.0,0.0,0.0,0.0,0.0,206,0
2025-08-19,0.0016909811662577656,0.0007315826195503499,0.0009593985467074158,1.7075141408000016,1.3284957669881328,1.2497252521819184,3415028.281599999,62396.281599998765,3352632.0,0.018271087808023962,0,28,0.0,0.0,0.0,0.0,0.0,206,0
2025-08-20,0.003189431858788838,0.004454118241934314,-0.0012646863831454755,1.7129601408000017,1.3344130442182072,1.2481447416728109,3425920.281599999,62396.281599998765,3363524.0,0.018212998689758765,0,28,0.0,0.0,0.0,0.0,0.0,206,0
2025-08-21,0.008600608764381068,0.008812263886687174,-0.00021165512230610604,1.7276926408000015,1.3461722440976955,1.2478805654448564,3455385.281599999,62396.281599998765,3392989.0,0.01805769154955319,0,28,0.0,0.0,0.0,0.0,0.0,206,0
2025-08-22,0.00038376733473421965,-0.0012919339283806249,0.0016757012631148445,1.7283556728000014,1.3444330785021015,1.2499716404845886,3456711.3455999987,64249.345599998764,3392462.0,0.01858684141554975,0,28,0.0,0.0,0.0,1853.064,0.0,206,0
2025-08-25,0.010680671976557976,0.004722666239924128,0.005958005736633848,1.7468156728000013,1.3507823872137807,1.2574189786892254,3493631.3455999987,64249.345599998764,3429382.0,0.018390419378655,0,28,0.0,0.0,0.0,0.0,0.0,206,0
2025-08-26,-0.0054676633308943234,-0.000711528388704462,-0.004756134942189861,1.7372646728000012,1.349821267198316,1.2514385243477089,3474529.3455999987,64249.345599998764,3410280.0,0.018491524810795308,0,28,0.0,0.0,0.0,0.0,0.0,206,0
2025-08-27,-0.010760306297986855,-0.018848487488233496,0.008088181190246641,1.7185711728000013,1.3243791779321772,1.261560385881088,3437142.3455999987,64249.345599998764,3372893.0,0.01869266359662017,0,28,0.0,0.0,0.0,0.0,0.0,206,0
2025-08-28,-0.0027333753028956354,-0.0010621043439089665,-0.0016712709589866688,1.7138736728000012,1.322972549054313,1.2594519766451568,3427747.3455999987,64249.345599998764,3363498.0,0.018743897703683423,0,28,0.0,0.0,0.0,0.0,0.0,206,0
2025-08-29,0.004448694277183085,-0.003633959806188106,0.00808265408337119,1.7214981728000014,1.3181649199863594,1.2696316913069976,3442996.3455999987,64249.345599998764,3378747.0,0.01866088114851085,0,28,0.0,0.0,0.0,0.0,0.0,206,0
2025-09-01,0.006891381116428397,0.0021273075094084084,0.004764073607019989,1.7333616728000014,1.320969062119285,1.2756803101381895,3466723.3455999987,64249.345599998764,3402474.0,0.01853316206542547,0,28,0.0,0.0,0.0,0.0,0.0,206,0
2025-09-02,0.011899709289568516,0.0040994345274714215,0.007800274762097095,1.7539881728000015,1.3263842883022585,1.2856309670658645,3507976.3455999987,64249.345599998764,3443727.0,0.01831521631569316,0,28,0.0,0.0,0.0,0.0,0.0,206,0
2025-09-03,-0.00862548575561295,-0.017258928807697818,0.008633443052084869,1.7388591728000016,1.3034923162988008,1.2967303888060246,3477718.3455999987,64249.345599998764,3413469.0,0.018474568442636216,0,28,0.0,0.0,0.0,0.0,0.0,206,0
2025-09-04,0.0004940020522863353,0.004011334252774493,-0.003517332200488158,1.7397181728000017,1.3087210596753986,1.2921693572541257,3479436.3455999987,64249.345599998764,3415187.0,0.018465446474181586,0,28,0.0,0.0,0.0,0.0,0.0,206,0
2025-09-05,0.005521296581354029,0.004866905886667686,0.0006543906946863435,1.749323672800002,1.3150904819047389,1.2930149408574716,3498647.3455999987,64249.345599998764,3434398.0,0.018364053090632475,0,28,0.0,0.0,0.0,0.0,0.0,206,0
2025-09-08,0.013051901346224026,0.010105434567230029,0.002946466778993998,1.7721556728000019,1.3283800427196142,1.296824766425451,3544311.3455999987,64249.345599998764,3480062.0,0.01812745533198137,0,28,0.0,0.0,0.0,0.0,0.0,206,0
2025-09-09,0.0031698682492855568,-0.0016664860735277765,0.0048363543228133335,1.777773172800002,1.3261663158780697,1.3030966704904843,3555546.3455999987,64249.345599998764,3491297.0,0.018070175257174626,0,28,0.0,0.0,0.0,0.0,0.0,206,0
2025-09-10,-0.00654076694254857,0.0009595977556065544,-0.007500364698155125,1.766145172800002,1.3274389020983473,1.293322970224854,3532290.3455999987,64249.345599998764,3468041.0,0.018189146223506522,0,28,0.0,0.0,0.0,0.0,0.0,206,0
2025-09-11,0.0066628158212749256,0.004600134499456626,0.0020626813218182997,1.777912672800002,1.3335452995878108,1.2959906833586154,3555825.3455999987,64249.345599998764,3491576.0,0.01806875742069315,0,28,0.0,0.0,0.0,0.0,0.0,206,0
2025-09-12,-0.003550793071325442,-0.003975633230387889,0.0004248401590624465,1.771599672800002,1.328243612580542,1.2965412722466771,3543199.3455999987,64249.345599998764,3478950.0,0.018133144464418754,0,28,0.0,0.0,0.0,0.0,0.0,206,0
2025-09-15,-0.007473753920417825,-0.0033425307373056543,-0.004131223183112171,1.758359172800002,1.3238039174788616,1.29118497088491,3516718.3455999987,64249.345599998764,3452469.0,0.018269687613847556,0,28,0.0,0.0,0.0,0.0,0.0,206,0
2025-09-16,-0.00336450032024993,0.001048214900573384,-0.004412715220823314,1.752443172800002,1.3251915484706003,1.2854873393109878,3504886.3455999987,64249.345599998764,3440637.0,0.018331363492187638,0,28,0.0,0.0,0.0,0.0,0.0,206,0
2025-09-17,-0.0037972700646079494,0.0006880078883511026,-0.004485277952959052,1.745788672800002,1.3261032907095243,1.2797215712891683,3491577.3455999987,64249.345599998764,3427328.0,0.01840123796225343,0,28,0.0,0.0,0.0,0.0,0.0,206,0
2025-09-18,-0.01765362582549579,-0.017368887792559438,-0.0002847380329363512,1.7149691728000018,1.3030703514518467,1.2793571858862531,3429938.3455999987,64249.345599998764,3365689.0,0.018731924345642904,0,28,0.0,0.0,0.0,0.0,0.0,206,0
2025-09-19,-0.0007696931355593017,7.553788055199137e-05,-0.0008452310161112931,1.7136491728000018,1.3031687826244054,1.2782758335120572,3427298.3455999987,64249.345599998764,3363049.0,0.018746353285083204,0,28,0.0,0.0,0.0,0.0,0.0,206,0
2025-09-22,-0.007156073830422938,-0.004856857506803412,-0.002299216323619526,1.701386172800002,1.2968394775398842,1.275336800849558,3402772.3455999987,64249.345599998764,3338523.0,0.018881470481878476,0,28,0.0,0.0,0.0,0.0,0.0,206,0
2025-09-23,0.005528727193379934,0.003561901694083634,0.0019668254992963002,1.7107926728000018,1.3014586922718878,1.2778451657896601,3421585.3455999987,64249.345599998764,3357336.0,0.01877765395582503,0,28,0.0,0.0,0.0,0.0,0.0,206,0
2025-09-24,0.0002238728316348304,0.007468449025651316,-0.007244576194016486,1.7111756728000016,1.3111785701741112,1.2685877191219412,3422351.3455999987,64249.345599998764,3358102.0,0.018773451090169913,0,28,0.0,0.0,0.0,0.0,0.0,206,0
2025-09-25,-0.010013875414650486,-0.010529394855402685,0.0005155194407521994,1.6940401728000016,1.2973726532828056,1.2692417007534482,3388080.3455999987,64249.345599998764,3323831.0,0.018963347691396255,0,28,0.0,0.0,0.0,0.0,0.0,206,0
2025-09-26,0.004785895948736352,0.0019184180654981066,0.002867477883238245,1.7021476728000018,1.2998615564185465,1.2728812232588425,3404295.3455999987,64249.345599998764,3340046.0,0.01887302336533171,0,28,0.0,0.0,0.0,0.0,0.0,206,0
2025-09-29,0.0031310444358996214,0.004312671785079573,-0.0011816273491799516,1.7074771728000018,1.3054674326774225,1.2713771519931822,3414954.3455999987,64249.345599998764,3350705.0,0.01881411553357394,0,28,0.0,0.0,0.0,0.0,0.0,206,0
2025-09-30,-0.00024539127472666955,-0.0040546097729876485,0.003809218498260979,1.7070581728000016,1.3001742716665714,1.2762201053588211,3414116.3455999987,64249.345599998764,3349867.0,0.01881873348657295,0,28,0.0,0.0,0.0,0.0,0.0,206,0
2025-10-09,0.010556356506844944,0.012476457880016185,-0.0019201013731712409,1.7250784874500018,1.3163958412037002,1.273769633382053,3450156.974899999,27414.974899998982,3422742.0,0.007946007993098225,28,28,1490888.0,1454969.0,915.3707,0.0,0.0,206,1
2025-10-10,0.015030620455031007,0.015012656245842049,1.7964209188958344e-05,1.7510074874500017,1.3361584394511477,1.2737925156462055,3502014.974899999,27414.974899998982,3474600.0,0.007828343138590326,0,28,0.0,0.0,0.0,0.0,0.0,206,0
2025-10-13,-0.003531109972010671,-0.0005606121262248814,-0.0029704978457857894,1.7448244874500016,1.3354093728274337,1.2700087177225006,3489648.974899999,27414.974899998982,3462234.0,0.007856083834559493,0,28,0.0,0.0,0.0,0.0,0.0,206,0
2025-10-14,0.01438740697449048,0.013897605782602492,0.0004898011918879879,1.7699279874500016,1.353968365849382,1.2706307695061492,3539855.974899999,27414.974899998982,3512441.0,0.007744658283949944,0,28,0.0,0.0,0.0,0.0,0.0,206,0
2025-10-15,-0.0009793731791863935,0.004050048829544498,-0.005029422008730891,1.7681945674500017,1.3594520038447306,1.2642402311490242,3536389.134899999,31691.134899998982,3504698.0,0.008961438826752627,0,28,0.0,0.0,0.0,4276.16,0.0,206,0
2025-10-16,0.006900202174919823,-0.0020973298306401203,0.008997532005559944,1.7803954674500015,1.3566007846037436,1.275615273091504,3560790.934899999,32655.93489999898,3528135.0,0.009170977880204049,0,28,0.0,0.0,0.0,964.8,0.0,206,0
2025-10-17,-0.0019192365193414496,-0.0040579579299161945,0.002138721410574745,1.7769784674500015,1.3510957556921304,1.2783434587877212,3553956.934899999,32655.93489999898,3521301.0,0.009188613001839274,0,28,0.0,0.0,0.0,0.0,0.0,206,0
2025-10-20,0.006735590902896993,0.011458427905067322,-0.004722837002170329,1.7889474674500017,1.3665771890015712,1.272306050999076,3577894.934899999,32655.93489999898,3545239.0,0.009127136345302355,0,28,0.0,0.0,0.0,0.0,0.0,206,0
2025-10-21,0.002967387302639457,0.008563143189231792,-0.005595755886592335,1.7942559674500018,1.3782793851501294,1.2651865369246509,3588511.934899999,32655.93489999898,3555856.0,0.009100132726995934,0,28,0.0,0.0,0.0,0.0,0.0,206,0
2025-10-22,0.004127058866926436,-0.0014420950837896202,0.0055691539507160565,1.801660967450002,1.3762917752247157,1.2722325555251577,3603321.934899999,32655.93489999898,3570666.0,0.009062730305529934,0,28,0.0,0.0,0.0,0.0,0.0,206,0
2025-10-23,0.013010216918433848,0.008653137718264543,0.0043570792001693046,1.8251009674500018,1.38820101749625,1.2777757735306146,3650201.934899999,32655.93489999898,3617546.0,0.008946336526692359,0,28,0.0,0.0,0.0,0.0,0.0,206,0
2025-10-24,-0.015867012574356854,-0.010602678797802705,-0.005264333776554149,1.7961420674500017,1.3734823680009542,1.2710491353671547,3592284.134899999,33455.13489999898,3558829.0,0.00931305365713514,0,28,0.0,0.0,0.0,799.2,0.0,206,0
2025-10-27,0.005276865439411527,0.0050061201913369205,0.0002707452480746062,1.8056200674500018,1.3803581858158491,1.2713932658806246,3611240.134899999,33455.13489999898,3577785.0,0.009264167889772693,0,28,0.0,0.0,0.0,0.0,0.0,206,0
2025-10-28,0.01209861387443012,0.0006897981431915463,0.011408815731238574,1.8274655674500018,1.381310354329364,1.2858983573729943,3654931.134899999,33455.13489999898,3621476.0,0.00915342414540851,0,28,0.0,0.0,0.0,0.0,0.0,206,0
2025-10-29,-0.0037442565933255567,-0.0025351972380940153,-0.0012090593552315414,1.8206230674500017,1.3778084601341176,1.2843436299341355,3641246.134899999,35967.13489999898,3605279.0,0.009877699437911456,0,28,0.0,0.0,0.0,2512.0,0.0,206,0
2025-10-30,-0.002408790747742473,-0.0022962619644470105,-0.00011252878329546254,1.8162375674500015,1.3746446509728183,1.2841991043081258,3632475.134899999,35967.13489999898,3596508.0,0.00990155020042254,0,28,0.0,0.0,0.0,0.0,0.0,206,0
2025-10-31,-0.0078101566965801394,-0.004029095675534177,-0.0037810610210459623,1.8020524674500016,1.3691060761541876,1.2793434691315642,3604104.934899999,37009.93489999898,3567095.0,0.010268828341155355,0,28,0.0,0.0,0.0,1042.8,0.0,206,0
2025-11-03,0.010048264591109968,0.009319673055812687,0.0007285915352972811,1.8201599674500017,1.3818656971626713,1.2802755879539112,3640319.934899999,37009.93489999898,3603310.0,0.010166670941524172,0,28,0.0,0.0,0.0,0.0,0.0,206,0
2025-11-04,0.009887592476398366,0.008043675999184574,0.001843916477213792,1.8381569674500018,1.3929809771050352,1.2826363092059139,3676313.934899999,37009.93489999898,3639304.0,0.010067131250314646,0,28,0.0,0.0,0.0,0.0,0.0,206,0
2025-11-05,0.004352185445347434,0.009435317131944468,-0.005083131686597034,1.8461569674500016,1.4061241943827871,1.2761164999402095,3692313.934899999,37009.93489999898,3655304.0,0.010023507088652076,0,28,0.0,0.0,0.0,0.0,0.0,206,0
2025-11-06,0.0032922444337954992,0.0048046894920151205,-0.0015124450582196212,1.8522349674500016,1.4128801845240062,1.2741864438461625,3704469.934899999,37009.93489999898,3667460.0,0.0099906155402495,0,28,0.0,0.0,0.0,0.0,0.0,206,0
2025-11-07,-0.0039722282158020095,-0.0007430785335278823,-0.003229149682274127,1.8448774674500017,1.4118303035884396,1.2700719050958587,3689754.934899999,37009.93489999898,3652745.0,0.01003045881175901,0,28,0.0,0.0,0.0,0.0,0.0,206,0
2025-11-10,0.0022567894472442784,0.0048122778077128074,-0.002555488360468529,1.8490409674500017,1.4186244232266547,1.2668262511254282,3698081.934899999,37009.93489999898,3661072.0,0.01000787314924643,0,28,0.0,0.0,0.0,0.0,0.0,206,0
2025-11-11,0.00257079214775624,0.001594053867756747,0.000976738279999493,1.8537944674500018,1.4208857869753935,1.2680636088190107,3707588.934899999,37009.93489999898,3670579.0,0.009982210959694003,0,28,0.0,0.0,0.0,0.0,0.0,206,0
2025-11-12,-0.0001727268074331878,-0.0020529005668640447,0.001880173759430857,1.8534742674500018,1.4179688497378626,1.2704477887416015,3706948.534899999,38723.53489999898,3668225.0,0.010446202458822,0,28,0.0,0.0,0.0,1713.6,0.0,206,0
2025-11-13,-0.0009573912253129091,0.0006663372737880097,-0.0016237284991009186,1.8516997674500018,1.4189136952355133,1.268384926460402,3703399.534899999,38723.53489999898,3664676.0,0.01045621314553754,0,28,0.0,0.0,0.0,0.0,0.0,206,0
2025-11-14,0.002578171733841339,0.0063718335165751025,-0.0037936617827337635,1.856473767450002,1.4279547770759422,1.2635731030390935,3712947.534899999,38723.53489999898,3674224.0,0.010429324555764811,0,28,0.0,0.0,0.0,0.0,0.0,206,0
2025-11-17,-0.009051568783049135,-0.005858473001424222,-0.003193095781624913,1.839669767450002,1.419589142567188,1.2595383930940047,3679339.534899999,38723.53489999898,3640616.0,0.010524588593330638,0,28,0.0,0.0,0.0,0.0,0.0,206,0
2025-11-18,-0.011193313258902382,-0.014601153636063508,0.0034078403771611258,1.819077767450002,1.3988615033964769,1.263830698886575,3638155.534899999,38723.53489999898,3599432.0,0.010643727165739044,0,28,0.0,0.0,0.0,0.0,0.0,206,0
2025-11-19,-0.0035831343313799113,-0.008244119898062494,0.004660985566682582,1.812559767450002,1.3873291214416923,1.2697213955328157,3625119.534899999,38723.53489999898,3586396.0,0.010682002214602061,0,28,0.0,0.0,0.0,0.0,0.0,206,0
2025-11-20,0.002514399845921611,0.0012809249662584124,0.0012334748796631986,1.817117267450002,1.3891061859497644,1.2712875649783764,3634234.534899999,38723.53489999898,3595511.0,0.010655210754323128,0,28,0.0,0.0,0.0,0.0,0.0,206,0
2025-11-21,-0.022527164720328896,-0.03087167439058739,0.008344509670258494,1.776182767450002,1.3462221520831725,1.281895836358018,3552365.534899999,38723.53489999898,3513642.0,0.010900774292386853,0,28,0.0,0.0,0.0,0.0,0.0,206,0
2025-11-24,-0.003930057271089082,-0.0010846711513714583,-0.002845386119717624,1.7692022674500019,1.3447619437514706,1.278248347738321,3538404.534899999,38723.53489999898,3499681.0,0.010943783990230889,0,28,0.0,0.0,0.0,0.0,0.0,206,0
2025-11-25,0.009897342051928604,0.010201978795944673,-0.00030463674401606973,1.7867126674500022,1.3584811765872165,1.2778589463236223,3573425.334899999,40536.33489999898,3532889.0,0.011343831506453843,0,28,0.0,0.0,0.0,1812.8,0.0,206,0
2025-11-26,-0.0021981710162750634,-0.003112222615889278,0.0009140515996142145,1.7827851674500022,1.3542532807461818,1.2790269753375907,3565570.334899999,40536.33489999898,3525034.0,0.011368822121731017,0,28,0.0,0.0,0.0,0.0,0.0,206,0
2025-11-27,0.0034314285936931643,0.004282211334640484,-0.0008507827409473196,1.7889026674500021,1.3600524794949673,1.2779388012617674,3577805.334899999,40536.33489999898,3537269.0,0.011329944227145042,0,28,0.0,0.0,0.0,0.0,0.0,206,0
2025-11-28,0.00012130341351057616,0.005529724119869165,-0.0054084207063585885,1.789119667450002,1.3675731944951184,1.2710271705875642,3578239.334899999,40536.33489999898,3537703.0,0.011328570032929855,0,28,0.0,0.0,0.0,0.0,0.0,206,0
2025-12-01,0.00716860936321817,0.004936898211954527,0.002231711151263643,1.801945167450002,1.3743247641537382,1.2738637360977236,3603890.334899999,40536.33489999898,3563354.0,0.011247937959556082,0,28,0.0,0.0,0.0,0.0,0.0,206,0
2025-12-02,0.006598424976951955,0.0008403963978712015,0.005758028579080754,1.813835167450002,1.3754797417350382,1.2811986798960289,3627670.334899999,40536.33489999898,3587134.0,0.01117420580090181,0,28,0.0,0.0,0.0,0.0,0.0,206,0
2025-12-03,0.004917481014848457,0.0015356266309913596,0.0033818543838570973,1.8227546674500017,1.3775919650568356,1.2855315072682272,3645509.334899999,42736.33489999898,3602773.0,0.011723007945931181,0,28,0.0,0.0,0.0,2200.0,0.0,206,0
2025-12-04,-0.007193782155194839,-0.006588500198286249,-0.0006052819569085897,1.8096421674500018,1.368515700121901,1.2847533982418402,3619284.334899999,42736.33489999898,3576548.0,0.011807951778726384,0,28,0.0,0.0,0.0,0.0,0.0,206,0
2025-12-05,-0.0016760219531543052,0.00055612538189702,-0.002232147335051325,1.806609167450002,1.3692767664382635,1.2818856393677567,3613218.334899999,42736.33489999898,3570482.0,0.011827775389936897,0,28,0.0,0.0,0.0,0.0,0.0,206,0
2025-12-08,-0.0030393956252035004,-0.002322487902312585,-0.0007169077228909152,1.8011181674500019,1.3660966377132928,1.280966645653031,3602236.334899999,42736.33489999898,3559500.0,0.011863834275933308,0,28,0.0,0.0,0.0,0.0,0.0,206,0
2025-12-09,-0.0017106040323617844,-0.006458086194344488,0.004747482161982703,1.7980371674500017,1.3572742678771361,1.2870480119533636,3596074.334899999,42736.33489999898,3553338.0,0.011884163373721642,0,28,0.0,0.0,0.0,0.0,0.0,206,0
2025-12-10,0.002166251104544159,-0.00010148013621930344,0.0022677312407634624,1.8019321674500017,1.357136531499545,1.2899666909384329,3603864.334899999,42736.33489999898,3561128.0,0.011858474939286203,0,28,0.0,0.0,0.0,0.0,0.0,206,0
2025-12-11,-0.009636045303842877,-0.010102501254987982,0.0004664559511451047,1.7845686674500016,1.3434260579868806,1.2905684035782001,3569137.334899999,42736.33489999898,3526401.0,0.011973855553864916,0,28,0.0,0.0,0.0,0.0,0.0,206,0
2025-12-12,-0.00884219267535813,0.002329647148151425,-0.011171839823509555,1.7687891674500016,1.346555766671622,1.276150380092142,3537578.334899999,42736.33489999898,3494842.0,0.012080675211735505,0,28,0.0,0.0,0.0,0.0,0.0,206,0
2025-12-15,0.006023076235455838,0.0014844535368287804,0.004538622698627057,1.7794427194500013,1.348554666141995,1.28194234517409,3558885.438899999,44625.43889999898,3514260.0,0.012539161393683993,0,28,0.0,0.0,0.0,1889.104,0.0,206,0
2025-12-16,-0.0075009438933362205,-0.015049600406710066,0.007548656513373846,1.7660952194500013,1.3282594572899535,1.291619287607758,3532190.438899999,44625.43889999898,3487565.0,0.012633927777092425,0,28,0.0,0.0,0.0,0.0,0.0,206,0
2025-12-17,0.004143038223204387,0.0014919041831256779,0.0026511340400787093,1.773412219450001,1.3302410931305606,1.295043543467957,3546824.438899999,44625.43889999898,3502199.0,0.012581800895067413,0,28,0.0,0.0,0.0,0.0,0.0,206,0
2025-12-18,0.008381582035455803,0.004924245228861171,0.0034573368065946323,1.788276219450001,1.336791526486644,1.2995209451769316,3576552.438899999,44625.43889999898,3531927.0,0.012477222035006409,0,28,0.0,0.0,0.0,0.0,0.0,206,0
2025-12-19,0.0033378512419270923,0.008465745785280305,-0.005127894543353212,1.794245219450001,1.3481084637177967,1.2928571388131858,3588490.438899999,44625.43889999898,3543865.0,0.012435713473345154,0,28,0.0,0.0,0.0,0.0,0.0,206,0
2025-12-22,-0.00286750102172606,0.0010112432389250883,-0.003878744260651148,1.789100219450001,1.349471729287069,1.2878424766061722,3578200.438899999,44625.43889999898,3533575.0,0.012471475441917283,0,28,0.0,0.0,0.0,0.0,0.0,206,0
2025-12-23,-0.0028206916220441247,-0.003681623315853026,0.0008609316938089015,1.784053719450001,1.3445034827044413,1.2889512210109157,3568107.438899999,44625.43889999898,3523482.0,0.012506753135706145,0,28,0.0,0.0,0.0,0.0,0.0,206,0
2025-12-24,0.003426746590279084,0.0046226509933574925,-0.0011959044030784086,1.7901672194500011,1.3507186530643378,1.2874097585703554,3580334.438899999,44625.43889999898,3535709.0,0.012464042022205456,0,28,0.0,0.0,0.0,0.0,0.0,206,0
2025-12-25,0.0038814809725622457,0.005830028262939367,-0.001948547290377121,1.797115719450001,1.3585933809869821,1.2849011797736882,3594231.438899999,44625.43889999898,3549606.0,0.012415850136143828,0,28,0.0,0.0,0.0,0.0,0.0,206,0
2025-12-26,-0.0037112245626793605,-3.973134592493187e-05,-0.0036714932167544287,1.7904462194500008,1.3585394022433908,1.2801836738079493,3580892.438899999,44625.43889999898,3536267.0,0.012462099786975815,0,28,0.0,0.0,0.0,0.0,0.0,206,0
2025-12-29,-0.010810433616903481,-0.007709463872783914,-0.0031009697441195666,1.7710907194500007,1.3480657918020418,1.276213862968555,3542181.438899999,44625.43889999898,3497556.0,0.012598292794921627,0,28,0.0,0.0,0.0,0.0,0.0,206,0
2025-12-30,-0.007354225199737274,-0.007172140052289816,-0.00018208514744745812,1.7580657194500007,1.3383972751435365,1.275981483379142,3516131.438899999,44625.43889999898,3471506.0,0.01269162989935319,0,28,0.0,0.0,0.0,0.0,0.0,206,0
2025-12-31,-0.0011128707979198849,0.00017344663316891658,-0.0012863174310888015,1.7561092194500008,1.3386294156447525,1.274340166155325,3512218.438899999,46069.43889999898,3466149.0,0.013116905938922065,0,28,0.0,0.0,0.0,1444.0,0.0,206,0
2026-01-05,-0.0005838763549804726,0.00622383198168634,-0.0068077083366668125,1.7550838688000008,1.3469608202134684,1.2656648299824402,3510167.7375999987,25709.737599998756,3484458.0,0.0073243615467724725,28,28,1431151.0,1411701.0,909.7013,0.0,0.0,206,1
2026-01-06,0.007396797515366593,0.00766142985245534,-0.00026463233708874656,1.7680658688000006,1.3572804660515396,1.265329894140511,3536131.7375999987,25709.737599998756,3510422.0,0.007270582520052877,0,28,0.0,0.0,0.0,0.0,0.0,206,0
2026-01-07,-0.0036361767473988005,-0.0018930067504819574,-0.001743169996916843,1.7616368688000006,1.3547111249670067,1.2631242090328432,3523273.7375999987,25709.737599998756,3497564.0,0.007297116124026129,0,28,0.0,0.0,0.0,0.0,0.0,206,0
2026-01-08,-0.004060144361574425,0.002806843002335488,-0.006866987363909912,1.7544843688000007,1.3585135864083064,1.254450351050366,3508968.7375999987,25709.737599998756,3483259.0,0.00732686425060123,0,28,0.0,0.0,0.0,0.0,0.0,206,0
2026-01-09,0.002281012057540943,0.00454205166649317,-0.0022610396089522266,1.7584863688000005,1.364684025307406,1.251613989119177,3516972.7375999987,25709.737599998756,3491263.0,0.007310189619935246,0,28,0.0,0.0,0.0,0.0,0.0,206,0
2026-01-12,0.005474878947494988,0.009986052990805412,-0.004511174043310424,1.7681138688000007,1.3783118322998313,1.2459677405792184,3536227.7375999987,25709.737599998756,3510518.0,0.0072703851413844995,0,28,0.0,0.0,0.0,0.0,0.0,206,0
2026-01-13,1.6967233009923532e-05,0.001418800888373081,-0.0014018336553631575,1.7681438688000006,1.3802673823519536,1.2442211010669777,3536287.7375999987,26625.737599998756,3509662.0,0.007529290480776619,0,28,0.0,0.0,0.0,916.0,0.0,206,0
2026-01-14,-0.0076506783405474454,-0.0036362077752062926,-0.004014470565341153,1.7546163688000007,1.3752484433643817,1.239226212079968,3509232.7375999987,26625.737599998756,3482607.0,0.007587338769160229,0,28,0.0,0.0,0.0,0.0,0.0,206,0
2026-01-15,-0.0005186318879620844,-0.00154598638574766,0.0010273544977855756,1.7537063688000007,1.3731223279939198,1.2404993367027222,3507412.7375999987,26625.737599998756,3480787.0,0.00759127584688474,0,28,0.0,0.0,0.0,0.0,0.0,206,0
2026-01-16,-0.0038076499685458787,-0.001183323977768178,-0.0026243259907777006,1.7470288688000006,1.3714974794187957,1.2372438620518709,3494057.7375999987,26625.737599998756,3467432.0,0.007620291248617851,0,28,0.0,0.0,0.0,0.0,0.0,206,0
2026-01-19,0.008498714740872382,0.010599660236313776,-0.0021009454954413944,1.7618763688000008,1.3860348867155958,1.2346444801331304,3523752.7375999987,26625.737599998756,3497127.0,0.007556074328340457,0,28,0.0,0.0,0.0,0.0,0.0,206,0
2026-01-20,0.012610987009907593,0.010036381269898488,0.002574605740009105,1.7840953688000007,1.399945661292054,1.2378232028985519,3568190.7375999987,26625.737599998756,3541565.0,0.007461971502652209,0,28,0.0,0.0,0.0,0.0,0.0,206,0
2026-01-21,-0.00931872829824254,-0.007916241599336698,-0.0014024866989058426,1.7674698688000008,1.388863353211323,1.2360871723208895,3534939.7375999987,26625.737599998756,3508314.0,0.007532161670760462,0,28,0.0,0.0,0.0,0.0,0.0,206,0
2026-01-22,0.002017573291035024,0.009237213772541922,-0.007219640481506898,1.7710358688000007,1.4016925809057852,1.2271630673329301,3542071.7375999987,26625.737599998756,3515446.0,0.00751699558124691,0,28,0.0,0.0,0.0,0.0,0.0,206,0
2026-01-23,8.187298888429062e-05,0.001992815088609022,-0.0019109420997247312,1.7711808688000006,1.4044858950306056,1.2248180297643363,3542361.7375999987,26625.737599998756,3515736.0,0.0075163801927349404,0,28,0.0,0.0,0.0,0.0,0.0,206,0
2026-01-26,0.00318883299808137,0.0007272930906379647,0.0024615399074434056,1.7768288688000005,1.4055073679179597,1.2278329682239575,3553657.7375999987,26625.737599998756,3527032.0,0.007492487900081435,0,28,0.0,0.0,0.0,0.0,0.0,206,0
2026-01-27,-0.00904251404405143,-0.007550062996605654,-0.001492451047445777,1.7607618688000004,1.3948956987479857,1.2260004876244432,3521523.7375999987,26625.737599998756,3494898.0,0.007560857056197163,0,28,0.0,0.0,0.0,0.0,0.0,206,0
2026-01-28,0.004954389434810524,0.002420210771386908,0.0025341786634236166,1.7694853688000003,1.3982716403430568,1.229107391901528,3538970.7375999987,26625.737599998756,3512345.0,0.0075235822995403925,0,28,0.0,0.0,0.0,0.0,0.0,206,0
2026-01-29,0.0014280988385417803,0.0017398871066204495,-0.0003117882680786692,1.7720123688000002,1.4007044751416429,1.2287241706365244,3544024.7375999987,26625.737599998756,3517399.0,0.007512853202607613,0,28,0.0,0.0,0.0,0.0,0.0,206,0
2026-01-30,-0.00299038544724628,-0.0019121555283942411,-0.0010782299188520387,1.7667133688000003,1.3980261103358542,1.2273993234737273,3533426.7375999987,26625.737599998756,3506801.0,0.007535386913974533,0,28,0.0,0.0,0.0,0.0,0.0,206,0
2026-02-02,-0.01332870425721322,-0.015629656363663844,0.0023009521064506246,1.7431653688000002,1.3761754426438753,1.23022351053253,3486330.7375999987,26625.737599998756,3459705.0,0.007637180636031107,0,28,0.0,0.0,0.0,0.0,0.0,206,0
2026-02-03,0.0017620244498743887,0.0035376141424808653,-0.0017755896926064767,1.7462368688,1.381043820352307,1.2280391383476263,3492473.7375999987,26625.737599998756,3465848.0,0.007623747406700833,0,28,0.0,0.0,0.0,0.0,0.0,206,0
2026-02-04,0.014094880505480356,0.013384085763419002,0.000710794742061354,1.7708498688000003,1.3995278292869422,1.2289120221102092,3541699.7375999987,26625.737599998756,3515074.0,0.007517785123716176,0,28,0.0,0.0,0.0,0.0,0.0,206,0
2026-02-05,0.0011237542126303346,-0.003725974501726837,0.004849728714357172,1.7728398688000002,1.3943132242805618,1.234871912031256,3545679.7375999987,28433.737599998756,3517246.0,0.008019262794232228,0,28,0.0,0.0,0.0,1808.0,0.0,206,0
2026-02-06,-0.003114494488290931,0.001638659616046178,-0.004753154104337109,1.7673183688000003,1.3965980290533095,1.229002375534254,3534636.7375999987,28433.737599998756,3506203.0,0.008044316774488438,0,28,0.0,0.0,0.0,0.0,0.0,206,0
2026-02-09,0.0053006861499214075,0.0052943157333983065,6.370416523101066e-06,1.7766863688,1.4039920599717595,1.2290102047912943,3553372.7375999987,28433.737599998756,3524939.0,0.008001901207584355,0,28,0.0,0.0,0.0,0.0,0.0,206,0
2026-02-10,-0.0024905915178426996,-0.003214259323575414,0.0007236678057327144,1.7722613688,1.3994792654027695,1.2298995999094187,3544522.7375999987,28433.737599998756,3516089.0,0.008021880434952796,0,28,0.0,0.0,0.0,0.0,0.0,206,0
2026-02-11,0.0036444962993089636,0.004107424905562877,-0.00046292860625391386,1.7787203687999997,1.4052275213923036,1.2293302442018004,3557440.7375999987,28433.737599998756,3529007.0,0.007992750883934996,0,28,0.0,0.0,0.0,0.0,0.0,206,0
2026-02-12,-0.008070689610242043,-0.004637231757989901,-0.003433457852252142,1.7643648687999998,1.3987111557029017,1.2251093906218347,3528729.7375999987,28433.737599998756,3500296.0,0.008057782747436319,0,28,0.0,0.0,0.0,0.0,0.0,206,0
2026-02-13,-0.013202201206739428,-0.012033012257525023,-0.0011691889492144048,1.7410713687999997,1.3818804472215918,1.223677006260741,3482142.7375999987,28433.737599998756,3453709.0,0.008165586462890425,0,28,0.0,0.0,0.0,0.0,0.0,206,0
2026-02-24,0.010547815746724698,0.01812771966035054,-0.007579903913625841,1.7594358687999998,1.4069307885729447,1.2144016521319712,3518871.7375999987,28433.737599998756,3490438.0,0.008080356352912033,0,28,0.0,0.0,0.0,0.0,0.0,206,0
2026-02-25,0.0038242371428911515,0.005191558408303688,-0.001367321265412537,1.7661643687999997,1.414234951938262,1.212741174928259,3532328.7375999987,28433.737599998756,3503895.0,0.008049572877330139,0,28,0.0,0.0,0.0,0.0,0.0,206,0
2026-02-26,0.0024012487596958287,0.0049109696986038886,-0.00250972093890806,1.7704053687999997,1.4211802169339371,1.2096975330080655,3540810.7375999987,28433.737599998756,3512377.0,0.008030290153060105,0,28,0.0,0.0,0.0,0.0,0.0,206,0
2026-02-27,0.013812090965683588,0.018994806033636177,-0.005182715067952589,1.7948583688,1.4481752594934383,1.2034280153760795,3589716.7375999987,28433.737599998756,3561283.0,0.007920886152986237,0,28,0.0,0.0,0.0,0.0,0.0,206,0
2026-03-02,0.004700649447700211,0.005713755522751815,-0.0010131060750516035,1.8032953687999997,1.4564497788802815,1.2022088151428147,3606590.7375999987,28433.737599998756,3578157.0,0.007883827045737923,0,28,0.0,0.0,0.0,0.0,0.0,206,0
2026-03-03,0.0006535257730875266,0.011137324217391265,-0.010483798444303739,1.8044738688,1.4726707322740191,1.1896051002368924,3608947.7375999987,28433.737599998756,3580514.0,0.00787867812652438,0,28,0.0,0.0,0.0,0.0,0.0,206,0
2026-03-04,-0.01756661625755762,-0.01429069430199583,-0.0032759219555617905,1.7727753687999999,1.4516252450315947,1.185708046770578,3545550.7375999987,28433.737599998756,3517117.0,0.00801955456410862,0,28,0.0,0.0,0.0,0.0,0.0,206,0
2026-03-05,0.005950838547097437,0.005797232095912189,0.00015360645118524772,1.7833248687999999,1.4600406534933281,1.1858901791757843,3566649.7375999987,28433.737599998756,3538216.0,0.007972113801993868,0,28,0.0,0.0,0.0,0.0,0.0,206,0
2026-03-06,0.011488091911030063,0.010544904164505271,0.0009431877465247915,1.8038118687999998,1.475436642260697,1.187008696261507,3607623.7375999987,28433.737599998756,3579190.0,0.007881569605957447,0,28,0.0,0.0,0.0,0.0,0.0,206,0
2026-03-09,-0.005986489049539134,-0.0012803800557329124,-0.004706108993806222,1.7930133687999998,1.4735475226104489,1.1814225039603046,3586026.7375999987,28433.737599998756,3557593.0,0.007929036697319343,0,28,0.0,0.0,0.0,0.0,0.0,206,0
2026-03-10,0.0027523498072425934,0.0007365788669394103,0.002015770940303183,1.7979483688,1.4746329065750345,1.183803981112008,3595896.7375999987,28433.737599998756,3567463.0,0.007907273115683578,0,28,0.0,0.0,0.0,0.0,0.0,206,0
2026-03-11,0.012671109134910985,0.010679549542186396,0.0019915595927245885,1.8207303688,1.4903813217573407,1.1861615972864974,3641460.7375999987,28433.737599998756,3613027.0,0.0078083328776294226,0,28,0.0,0.0,0.0,0.0,0.0,206,0
2026-03-12,0.019174722736683858,0.014145987919747126,0.005028734816936732,1.8556423688,1.511464237930737,1.1921264894092851,3711284.7375999987,28433.737599998756,3682851.0,0.0076614271365193585,0,28,0.0,0.0,0.0,0.0,0.0,206,0
2026-03-13,-0.005784519787043529,-0.011492417324523406,0.0057078975374798765,1.8449083688,1.4940938601373441,1.198931025262549,3689816.7375999987,28433.737599998756,3661383.0,0.007706002661393198,0,28,0.0,0.0,0.0,0.0,0.0,206,0
2026-03-16,-0.006336087036996507,-0.006835044192595428,0.0004989571555989204,1.8332188688,1.4838816625754199,1.199529240476673,3666437.7375999987,28433.737599998756,3638004.0,0.007755139902801432,0,28,0.0,0.0,0.0,0.0,0.0,206,0
2026-03-17,-0.002771082103974476,-0.008669471894654357,0.005898389790679881,1.8281388688,1.4710171922067292,1.2066045315023228,3656277.7375999987,28433.737599998756,3627844.0,0.007776689748591917,0,28,0.0,0.0,0.0,0.0,0.0,206,0
2026-03-18,-0.0026693814585340148,0.0042651103775391535,-0.006934491836073168,1.8232588688,1.4772912428987486,1.1982373422292512,3646517.7375999987,28433.737599998756,3618084.0,0.00779750426189145,0,28,0.0,0.0,0.0,0.0,0.0,206,0
2026-03-19,-0.007756441085794763,-0.00020975258715202435,-0.007546688498642738,1.8091168687999999,1.4769813772385736,1.1891946182600055,3618233.7375999987,28433.737599998756,3589800.0,0.00785845792783389,0,28,0.0,0.0,0.0,0.0,0.0,206,0
2026-03-20,-0.002623379441013096,-0.004484591912136044,0.001861212471122948,1.8043708688,1.470357718499834,1.1914079621141034,3608741.7375999987,28433.737599998756,3580308.0,0.007879127869900901,0,28,0.0,0.0,0.0,0.0,0.0,206,0
2026-03-23,-0.044287458516299893,-0.03678838480487568,-0.007499073711424213,1.7244598688,1.416265632950843,1.182473505985832,3448919.7375999987,28433.737599998756,3420486.0,0.008244244506479861,0,28,0.0,0.0,0.0,0.0,0.0,206,0
2026-03-24,0.0308737251375113,0.03801495349894604,-0.007141228361434743,1.7777003688,1.4701049051296247,1.174029192648241,3555400.7375999987,28433.737599998756,3526967.0,0.007997336924442553,0,28,0.0,0.0,0.0,0.0,0.0,206,0
2026-03-25,0.028663435579076912,0.026214276729884897,0.002449158849192015,1.8286553688,1.508642641934654,1.176904576634625,3657310.7375999987,28433.737599998756,3628877.0,0.007774493238345274,0,28,0.0,0.0,0.0,0.0,0.0,206,0
2026-03-26,-0.0023812578763037218,0.002189847826886286,-0.004571105703190008,1.8243008688,1.5119463397456425,1.1715248214122602,3648601.7375999987,28433.737599998756,3620168.0,0.007793050501231765,0,28,0.0,0.0,0.0,0.0,0.0,206,0
2026-03-27,-0.009709472983834844,-0.0025290444569703286,-0.007180428526864515,1.8065878687999999,1.5081225602358723,1.1631127711646618,3613175.7375999987,28433.737599998756,3584742.0,0.007869458798836469,0,28,0.0,0.0,0.0,0.0,0.0,206,0
2026-03-30,-0.015587395712285401,-0.01984546795633687,0.004258072244051468,1.7784278688,1.4781931622924827,1.16806538937226,3556855.7375999987,28433.737599998756,3528422.0,0.007994065460519499,0,28,0.0,0.0,0.0,0.0,0.0,206,0
2026-03-31,-0.007253597532018152,-0.012307227198276148,0.005053629666257995,1.7655278688,1.4600007032012108,1.1739683592761208,3531055.7375999987,28433.737599998756,3502622.0,0.008052474872380436,0,28,0.0,0.0,0.0,0.0,0.0,206,0
2026-04-01,-0.0007635332887248047,-0.0038317640724340944,0.0030682307837092897,1.7641798294999997,1.4544063249609558,1.1775703651351526,3528359.6589999986,25094.658999998617,3503265.0,0.007112273528008452,28,28,1446199.0,1443782.0,922.0785999999998,0.0,0.0,206,1
2026-04-02,0.0003341496088677953,-0.004622017823110808,0.004956167431978603,1.7647693294999995,1.4476840330049412,1.1834066010276987,3529538.6589999986,25094.658999998617,3504444.0,0.007109897758453374,0,28,0.0,0.0,0.0,0.0,0.0,206,0
2026-04-03,-0.0163851442319618,-0.028065680413750637,0.011680536181788836,1.7358533294999996,1.4070537955945348,1.1972294246487705,3471706.6589999986,25094.658999998617,3446612.0,0.007228335071151133,0,28,0.0,0.0,0.0,0.0,0.0,206,0
2026-04-07,-0.005216742593458834,0.005930413993943405,-0.01114715658740224,1.7267978294999997,1.4153982071141598,1.183883720781165,3453595.6589999986,25094.658999998617,3428501.0,0.007266241181014476,0,28,0.0,0.0,0.0,0.0,0.0,206,0
2026-04-08,0.01766246139470251,0.01893003922611899,-0.0012675778314164797,1.7572973294999996,1.4421917506954092,1.1823830560217279,3514594.6589999986,25094.658999998617,3489500.0,0.007140128929444955,0,28,0.0,0.0,0.0,0.0,0.0,206,0
2026-04-09,-0.008739556899212797,-0.01406834274164599,0.0053287858424331935,1.7419393294999996,1.4219025028474517,1.1886837221109894,3483878.6589999986,25094.658999998617,3458784.0,0.007203080662746649,0,28,0.0,0.0,0.0,0.0,0.0,206,0
2026-04-10,-0.0012451639177483154,0.002906895502076285,-0.0041520594198246,1.7397703294999995,1.4260358248373701,1.1837482366654064,3479540.6589999986,25094.658999998617,3454446.0,0.007212060860703001,0,28,0.0,0.0,0.0,0.0,0.0,206,0
2026-04-13,-0.0035197174570507084,0.004947972234699121,-0.00846768969174983,1.7336468294999996,1.4330918105043517,1.1737246239241677,3467293.6589999986,25094.658999998617,3442199.0,0.0072375349387730145,0,28,0.0,0.0,0.0,0.0,0.0,206,0
2026-04-14,0.002929085620895666,0.0020109074385553424,0.0009181781823403238,1.7387248294999995,1.4359736254862276,1.1748023122659306,3477449.6589999986,25094.658999998617,3452355.0,0.0072163974926426466,0,28,0.0,0.0,0.0,0.0,0.0,206,0
2026-04-15,0.004782240328615517,-0.0016492544956587278,0.006431494824274245,1.7470398294999996,1.4336053395287471,1.1823580472568145,3494079.6589999986,25094.658999998617,3468985.0,0.007182051197762526,0,28,0.0,0.0,0.0,0.0,0.0,206,0
2026-04-16,0.0008568780028492817,0.0037701406335818514,-0.0029132626307325697,1.7485368294999997,1.4390102332718244,1.1789135277415952,3497073.6589999986,25094.658999998617,3471979.0,0.007175902324909716,0,28,0.0,0.0,0.0,0.0,0.0,206,0
2026-04-17,-0.003810614616510666,-0.003646021016867774,-0.00016459359964289197,1.7418738294999998,1.4337635717178276,1.1787194861203965,3483747.6589999986,25094.658999998617,3458653.0,0.007203351521505429,0,28,0.0,0.0,0.0,0.0,0.0,206,0
2026-04-20,0.0035875158660565454,0.011608418036269429,-0.008020902170212884,1.7481228294999998,1.450407298623503,1.1692650924361012,3496245.6589999986,25094.658999998617,3471151.0,0.007177601761306506,0,28,0.0,0.0,0.0,0.0,0.0,206,0
2026-04-21,0.011666800327659654,0.00887922255901217,0.0027875777686474836,1.7685178294999997,1.4632857878291967,1.1725245098134316,3537035.6589999986,25094.658999998617,3511941.0,0.0070948278217510125,0,28,0.0,0.0,0.0,0.0,0.0,206,0
2026-04-22,-0.0005770368740294352,0.0006727591460389863,-0.0012497960200684214,1.7674973294999996,1.4642702267262275,1.1710590933476341,3534994.6589999986,25094.658999998617,3509900.0,0.007098924162758863,0,28,0.0,0.0,0.0,0.0,0.0,206,0
2026-04-23,0.009244426980052234,0.010083081477477527,-0.0008386544974252931,1.7838368294999998,1.4790345827273526,1.1700769793722474,3567673.6589999986,25094.658999998617,3542579.0,0.0070338997897673545,0,28,0.0,0.0,0.0,0.0,0.0,206,0
2026-04-24,-0.008497133677999313,-0.013563341415373995,0.005066207737374682,1.7686793294999998,1.4589739317166763,1.176004832418467,3537358.6589999986,25094.658999998617,3512264.0,0.00709417998543942,0,28,0.0,0.0,0.0,0.0,0.0,206,0
2026-04-27,-0.006482237796741286,0.00034515720976509626,-0.006827395006506382,1.7572143295,1.4594775070880677,1.1679757828979858,3514428.6589999986,25094.658999998617,3489334.0,0.007140466185231682,0,28,0.0,0.0,0.0,0.0,0.0,206,0
2026-04-28,0.007994471570236472,0.007494817290904665,0.0004996542793318072,1.7712623294999998,1.4704160243438777,1.1685593669960668,3542524.6589999986,25094.658999998617,3517430.0,0.007083834670351303,0,28,0.0,0.0,0.0,0.0,0.0,206,0
2026-04-29,0.002966810682121457,0.005181798050686297,-0.00221498736856484,1.7765173294999999,1.4780354232325208,1.1659710227587523,3553034.6589999986,25094.658999998617,3527940.0,0.007062880441211769,0,28,0.0,0.0,0.0,0.0,0.0,206,0
2026-04-30,-0.0011232651474115674,-0.007868080372599118,0.00674481522518755,1.7745218294999998,1.4664061217289788,1.1738352818651832,3549043.6589999986,25094.658999998617,3523949.0,0.007070822850082788,0,28,0.0,0.0,0.0,0.0,0.0,206,0
2026-05-06,0.0007889449296853979,0.010123719358670655,-0.009334774428985258,1.7759218294999999,1.4812516057711997,1.1628777942921873,3551843.6589999986,25094.658999998617,3526749.0,0.0070652487578982785,0,28,0.0,0.0,0.0,0.0,0.0,206,0
2026-05-07,0.00039641384452049344,0.005807650072664505,-0.005411236228144011,1.7766258295,1.4898541967670913,1.1565851878428093,3553251.6589999986,25094.658999998617,3528157.0,0.007062449105296718,0,28,0.0,0.0,0.0,0.0,0.0,206,0
2026-05-08,0.0017966641861208998,0.0040306857340768705,-0.0022340215479559706,1.7798178295,1.4958593308238548,1.1540013516111218,3559635.6589999986,25094.658999998617,3534541.0,0.0070497830126379874,0,28,0.0,0.0,0.0,0.0,0.0,206,0
2026-05-11,0.0027331448867251584,0.005253260172663686,-0.002520115285938528,1.7846823295000003,1.503717469070379,1.151093135164933,3569364.6589999986,25094.658999998617,3544270.0,0.007030567453152628,0,28,0.0,0.0,0.0,0.0,0.0,206,0
2026-05-12,0.0032661274803080786,0.0026662390190551853,0.0005998884612528933,1.7905113295000004,1.5077267392600495,1.1517836626545457,3581022.6589999986,29042.658999998617,3551980.0,0.008110157841924627,0,28,0.0,0.0,0.0,3948.0000000000005,0.0,206,0
2026-05-13,0.00034710754953648504,0.012953609213643335,-0.01260650166410685,1.7911328295000004,1.5272572422413848,1.1372636999946002,3582265.6589999986,29042.658999998617,3553223.0,0.008107343721712134,0,28,0.0,0.0,0.0,0.0,0.0,206,0
2026-05-14,-0.007261884649633177,-0.011508195771711107,0.00424631112207793,1.7781258295000004,1.5096812669039072,1.1420928754926227,3556251.6589999986,29042.658999998617,3527209.0,0.008166648984612432,0,28,0.0,0.0,0.0,0.0,0.0,206,0
2026-05-15,-0.008718449359885416,-0.011524440350560015,0.002805990990674599,1.7626233295000004,1.4922830351951153,1.1452975778117687,3525246.6589999986,29042.658999998617,3496204.0,0.008238475717962131,0,28,0.0,0.0,0.0,0.0,0.0,206,0
2026-05-18,0.0001920432995154986,0.0027996472078801963,-0.0026076039083646977,1.7629618295000007,1.4964609012279662,1.142311095371626,3525923.6589999986,29042.658999998617,3496881.0,0.008236893877684103,0,28,0.0,0.0,0.0,0.0,0.0,206,0
2026-05-19,0.019147323234771196,0.01950647591674303,-0.00035915268197183464,1.7967178295000008,1.525651579758117,1.1419008312780772,3593435.6589999986,32292.658999998617,3561143.0,0.008986569418355803,0,28,0.0,0.0,0.0,3250.0,0.0,206,0
2026-05-20,-0.01753447284973364,-0.024278656458087185,0.0067441836083535454,1.7652133295000008,1.4886108091784318,1.149602020146748,3530426.6589999986,32292.658999998617,3498134.0,0.009146956478383716,0,28,0.0,0.0,0.0,0.0,0.0,206,0
2026-05-21,-0.004765429684571165,-0.015679158882352297,0.010913729197781132,1.7568013295000007,1.4652706437873362,1.162148465279852,3513602.6589999986,32292.658999998617,3481310.0,0.009190754372092087,0,28,0.0,0.0,0.0,0.0,0.0,206,0
2026-05-22,0.00013405044500225394,0.0045347778078924416,-0.004400727362890188,1.7570368295000007,1.471915320585339,1.157034166728954,3514073.6589999986,32292.658999998617,3481781.0,0.009189522512509927,0,28,0.0,0.0,0.0,0.0,0.0,206,0
2026-05-25,0.007603710847541967,0.008070266368713901,-0.0004665555211719342,1.7703968295000005,1.4837940692946539,1.1564943460502821,3540793.6589999986,32292.658999998617,3508501.0,0.00912017533637326,0,28,0.0,0.0,0.0,0.0,0.0,206,0
2026-05-26,0.002050952611017509,-0.001921262704423688,0.003972215315441197,1.7740278295000007,1.4809433110882728,1.1610881906038841,3548055.6589999986,32292.658999998617,3515763.0,0.009101508573600037,0,28,0.0,0.0,0.0,0.0,0.0,206,0
2026-05-27,-0.0037130195425719714,-0.0015285312593797218,-0.0021844882831922497,1.7674408295000006,1.478679642943905,1.158551807055757,3534881.6589999986,32292.658999998617,3502589.0,0.009135428598516099,0,28,0.0,0.0,0.0,0.0,0.0,206,0
2026-05-28,0.0008803689345799892,0.004803156018067361,-0.003922787083487372,1.7689968295000007,1.485781971969705,1.1540070549914878,3537993.6589999986,32292.658999998617,3505701.0,0.009127393125155012,0,28,0.0,0.0,0.0,0.0,0.0,206,0
2026-05-29,0.02553266305896451,0.016379804780929322,0.009152858278035188,1.8141640295000008,1.510118790617593,1.1645695180176776,3628328.0589999985,34383.05899999862,3593945.0,0.009476281758677277,0,28,0.0,0.0,0.0,2090.4,0.0,206,0
