trade_date,strategy_return,benchmark_return,excess_return,strategy_nav,benchmark_nav,excess_nav,portfolio_value,cash,invested_value,cash_weight,selected_count,holding_count,buy_turnover,sell_turnover,commission,dividend_cash,corporate_action_share_value,benchmark_constituent_count,rebalance
2021-05-06,0.008842566649999828,0.0,0.008842566649999828,1.0088425666499998,1.0,1.0088425666499998,2017685.1332999999,16516.133299999885,2001169.0,0.008185684191956715,28,28,1982889.0,0.0,594.8666999999999,0.0,0.0,0,1
2021-05-07,0.009427635504697829,0.006567782631933932,0.002859852872763897,1.0183535666499999,1.006567782631934,1.0117277079624003,2036707.1332999999,16516.133299999885,2020191.0,0.008109233296217417,0,28,0.0,0.0,0.0,0.0,0.0,189,0
2021-05-10,0.0019752471694256535,0.00843690517418576,-0.006461658004760106,1.0203650666499997,1.01506009956539,1.0051902695196075,2040730.1332999999,16516.133299999885,2024214.0,0.008093247132727036,0,28,0.0,0.0,0.0,0.0,0.0,189,0
2021-05-11,0.0053059440948668435,0.009037357429505745,-0.003731413334638901,1.0257790666499997,1.024233560497592,1.0014394891440728,2051558.1332999999,16516.133299999885,2035042.0,0.00805053146285118,0,28,0.0,0.0,0.0,0.0,0.0,189,0
2021-05-12,0.003527075290993942,0.001384784026484567,0.0021422912645093746,1.0293970666499999,1.0256519027715587,1.0035848642136007,2058794.1332999999,16516.133299999885,2042278.0,0.008022236430957041,0,28,0.0,0.0,0.0,0.0,0.0,189,0
2021-05-13,-0.006001571405391037,-0.008576488132017071,0.0025749167266260337,1.0232190666499998,1.0168554113998578,1.006169011667053,2046438.1332999999,16516.133299999885,2029922.0,0.008070673152169357,0,28,0.0,0.0,0.0,0.0,0.0,189,0
2021-05-14,0.006585588775296802,0.010856936494306217,-0.0042713477190094145,1.0299575666499998,1.0278953460253177,1.0018713139541309,2059915.1332999999,16516.133299999885,2043399.0,0.00801787075253965,0,28,0.0,0.0,0.0,0.0,0.0,189,0
2021-05-17,-0.00373025076411293,-0.005937390007527523,0.0022071392434145926,1.0261155666499997,1.0217923304690428,1.0040825834480105,2052231.1332999999,16516.133299999885,2035715.0,0.008047891405604905,0,28,0.0,0.0,0.0,0.0,0.0,189,0
2021-05-18,0.0002801828656966432,0.003984742210484651,-0.0037045593447880077,1.0264030666499997,1.0258639094986122,1.0003628999305594,2052806.1332999999,20772.133299999885,2032034.0,0.01011889674482194,0,28,0.0,0.0,0.0,4256.0,0.0,189,0
2021-05-19,-0.00813179565727673,0.0007001737477340388,-0.008831969405010768,1.0180565666499997,1.026582192476791,0.9915277254044649,2036113.1332999999,20772.133299999885,2015341.0,0.010201856154394407,0,28,0.0,0.0,0.0,0.0,0.0,189,0
2021-05-20,-0.0029001335453445742,-0.0033327169933113645,0.00043258344796679024,1.0151040666499997,1.0231608845588929,0.991956643886675,2030208.1332999999,20772.133299999885,2009436.0,0.010231528954736203,0,28,0.0,0.0,0.0,0.0,0.0,189,0
2021-05-21,0.002157906831394163,0.01195083833781372,-0.009792931506419557,1.0172945666499997,1.0353885148838307,0.982242480415755,2034589.1332999999,20772.133299999885,2013817.0,0.010209497809667617,0,28,0.0,0.0,0.0,0.0,0.0,189,0
2021-05-24,0.0032522536819350467,0.0013669768542167574,0.0018852768277182893,1.0206030666499997,1.036803867018799,0.9840942794032833,2041206.1332999999,21798.133299999885,2019408.0,0.010679045562517019,0,28,0.0,0.0,0.0,1026.0,0.0,189,0
2021-05-25,0.003835967309848032,0.003762238777397173,7.372853245085891e-05,1.0245180666499998,1.0407045707318525,0.9841668352302969,2049036.1332999999,21798.133299999885,2027238.0,0.01063823763073114,0,28,0.0,0.0,0.0,0.0,0.0,189,0
2021-05-26,0.0021883459872318323,0.004752295698827732,-0.0025639497115958997,1.0267600666499999,1.045650306587092,0.981643480956946,2053520.1332999999,21798.133299999885,2031722.0,0.01061500831986992,0,28,0.0,0.0,0.0,0.0,0.0,190,0
2021-05-27,0.000344773829347389,0.0010463475208304003,-0.0007015736914830113,1.0271140666499998,1.046744420193045,0.9809547857162908,2054228.1332999999,21798.133299999885,2032430.0,0.010611349804163393,0,28,0.0,0.0,0.0,0.0,0.0,190,0
2021-05-28,-0.004460556182375064,-0.004705700748875771,0.0002451445665007067,1.0225325666499998,1.041818754191061,0.9811952614519919,2045065.1332999999,21798.133299999885,2023267.0,0.010658894401483212,0,28,0.0,0.0,0.0,0.0,0.0,190,0
2021-05-31,-0.00433140238702634,0.0029665301752143758,-0.007297932562240716,1.0181035666499998,1.0449093409624732,0.974034564603525,2036207.1332999999,21798.133299999885,2014409.0,0.010705263204079104,0,28,0.0,0.0,0.0,0.0,0.0,190,0
2021-06-01,0.0004935647182275904,-0.0028304022703879712,0.0033239669886155616,1.0186060666499999,1.0419518271914634,0.9772722233420377,2037212.1332999999,21798.133299999885,2015414.0,0.010699982070443467,0,28,0.0,0.0,0.0,0.0,0.0,190,0
2021-06-02,0.003487118441854342,0.003963121823956535,-0.0004760033821021928,1.0221580666499999,1.0460812092173173,0.9768070384584924,2044316.1332999999,21798.133299999885,2022518.0,0.010662799625228534,0,28,0.0,0.0,0.0,0.0,0.0,190,0
2021-06-03,0.007059573499869298,-0.00028772327352083807,0.007347296773390136,1.0293740666499998,1.0457802273074326,0.9839839296603832,2058748.1332999999,21798.133299999885,2036950.0,0.010588052490451716,0,28,0.0,0.0,0.0,0.0,0.0,190,0
2021-06-04,-0.005867313152404852,-0.007429571035968384,0.0015622578835635323,1.0233344066499996,1.0380105288206407,0.9855211663117949,2046668.8132999998,25961.813299999885,2020707.0,0.012684911760657397,0,28,0.0,0.0,0.0,4163.68,0.0,190,0
2021-06-07,0.0004671004872833784,-0.0014527984097543938,0.0019198988970377721,1.0238124066499996,1.0365025087750617,0.9874132673120042,2047624.8132999998,25961.813299999885,2021663.0,0.012678989398531083,0,28,0.0,0.0,0.0,0.0,0.0,190,0
2021-06-08,-0.0008629510584765576,0.000885460146265683,-0.0017484112047422406,1.0229289066499996,1.0374202904380865,0.9856868628917247,2045857.8132999998,25961.813299999885,2019896.0,0.0126899401958551,0,28,0.0,0.0,0.0,0.0,0.0,190,0
2021-06-09,0.0007792330384039925,0.001543783476063974,-0.0007645504376599815,1.0237260066499998,1.0390218427401983,0.9849332555693051,2047452.0133,27289.013299999886,2020163.0,0.013328279794951855,0,28,0.0,0.0,0.0,1327.2,0.0,190,0
2021-06-10,-0.0037158380028344817,-0.003928665835488322,0.00021282783265384048,1.0199220066499997,1.0349398731242987,0.9851428767793966,2039844.0133,27289.013299999886,2012555.0,0.013377990239485282,0,28,0.0,0.0,0.0,0.0,0.0,190,0
2021-06-11,-0.0013045115129637352,0.0017240083166774577,-0.003028519829641193,1.0185915066499998,1.036724118072826,0.9821593520420405,2037183.0133,27289.013299999886,2009894.0,0.013395464777509043,0,28,0.0,0.0,0.0,0.0,0.0,190,0
2021-06-15,-0.010468278922792895,-0.015179779282126098,0.0047115003593332025,1.0079286066499997,1.0209868747840236,0.9867867961821091,2015857.2133,28700.213299999887,1987157.0,0.014237225290881115,0,28,0.0,0.0,0.0,1411.1999999999998,0.0,190,0
2021-06-16,-0.002748706586677918,-0.00937820986862355,0.006629503281945632,1.0051581066499997,1.011411845599189,0.993328702485979,2010316.2133,28700.213299999887,1981616.0,0.014276467110061032,0,28,0.0,0.0,0.0,0.0,0.0,190,0
2021-06-17,-0.0017781401633986116,-0.00012052446374068339,-0.0016576156996579283,1.0033707946499997,1.011289945728877,0.9916821452338175,2006741.5892999999,31987.589299999887,1974754.0,0.015940063967657108,0,28,0.0,0.0,0.0,3287.3759999999997,0.0,190,0
2021-06-18,-0.0033885778000803946,0.0005795276531136729,-0.003968105453194068,0.9999707946499997,1.011876016217743,0.98774704590548,1999941.5892999999,31987.589299999887,1967954.0,0.01599426176801287,0,28,0.0,0.0,0.0,0.0,0.0,190,0
2021-06-21,-0.001245536376325851,0.005339716915809161,-0.006585253292135012,0.9987252946499997,1.0172791476982423,0.9812424814196343,1997450.5892999999,31987.589299999887,1965463.0,0.016014208046673053,0,28,0.0,0.0,0.0,0.0,0.0,191,0
2021-06-22,0.006282007708835247,0.009346755584090006,-0.003064747875254759,1.0049992946499997,1.0267874072525693,0.9782352206095938,2009998.5892999999,31987.589299999887,1978011.0,0.015914234701597404,0,28,0.0,0.0,0.0,0.0,0.0,191,0
2021-06-23,0.005125050363138595,0.0026707586099693364,0.0024542917531692582,1.0101499666499998,1.029529708561097,0.9806360952441957,2020299.9333,33217.73329999988,1987082.2,0.016441981090273734,0,28,0.0,0.0,0.0,1230.144,11741.2,191,0
2021-06-24,0.004503588724639629,0.0008470589717028917,0.003656529752936737,1.0146992666499999,1.0304017809373684,0.9842218203032598,2029398.5333,33217.73329999988,1996180.8,0.01636826515587582,0,28,0.0,0.0,0.0,0.0,0.0,191,0
2021-06-25,0.0026660312950959053,0.004624248073486207,-0.0019582167783903015,1.0174044866499996,1.0351666143877847,0.9822945006210841,2034808.9732999997,39742.773299999884,1995066.2,0.019531451758612064,0,28,0.0,0.0,0.0,6525.040000000001,0.0,191,0
2021-06-28,-0.0018036091093347473,0.00043156675357611653,-0.0022351758629108637,1.0155694866499996,1.0356133578829665,0.9800988996630258,2031138.9732999997,41854.773299999884,1989284.2,0.02060655319512592,0,28,0.0,0.0,0.0,2112.0,0.0,192,0
2021-06-29,-0.008344894279913029,-0.012471942059988656,0.004127047780075627,1.0070946666499998,1.0226972480868999,0.9841438146511347,2014189.3333,44891.73329999988,1969297.6,0.022287742546253254,0,28,0.0,0.0,0.0,3036.96,0.0,192,0
2021-06-30,0.0005778999921983718,-0.0015072141220929035,0.002085114114291275,1.0076766666499999,1.0211558243519578,0.9861958668095562,2015353.3333,44891.73329999988,1970461.6,0.022274869899112336,0,28,0.0,0.0,0.0,0.0,0.0,192,0
2021-07-01,-0.0021441130488639715,-0.008870418244343205,0.006726305195479234,1.0055160939599999,1.012097745097309,0.9928293211922375,2011032.18792,16013.18791999991,1995019.0,0.007962671117940814,28,28,469053.0,440539.6,365.14537999999993,0.0,0.0,193,1
2021-07-02,-0.0017334381920587338,-0.005498335831906993,0.003764897639848259,1.0037730939599998,1.0065328918000482,0.9965672219603664,2007546.18792,17549.18791999991,1989997.0,0.00874161104018357,0,28,0.0,0.0,0.0,1536.0,0.0,193,0
2021-07-05,0.0028173697990281354,0.002221774463715676,0.0005955953353124596,1.0066010939599996,1.0087691808759394,0.9971607727490913,2013202.18792,17549.18791999991,1995653.0,0.008717051881476137,0,28,0.0,0.0,0.0,0.0,0.0,193,0
2021-07-06,0.005424015563624041,0.010467803725137113,-0.0050437881615130725,1.0120609139599996,1.019328778665316,0.9921313050483742,2024121.8279199998,23269.82791999991,2000852.0,0.011496258574471344,0,28,0.0,0.0,0.0,5720.639999999999,0.0,193,0
2021-07-07,-0.003402660800845836,-0.0013419965838313327,-0.002060664217014503,1.0086172139599998,1.017960842926546,0.9900868555694812,2017234.42792,26655.427919999907,1990579.0,0.013213847409636326,0,28,0.0,0.0,0.0,3385.6,0.0,193,0
2021-07-08,-0.00735660654736181,-0.006512740938483221,-0.0008438656088785891,1.0011972139599998,1.0113311276710455,0.9892513553222633,2002394.42792,32511.427919999907,1969883.0,0.016236275664116465,0,28,0.0,0.0,0.0,5856.0,0.0,194,0
2021-07-09,0.0009029190127531894,0.005410956593943054,-0.004508037581189865,1.0021012139599998,1.016803396504977,0.9847917730352275,2004202.42792,32511.427919999907,1971691.0,0.016221628847012674,0,28,0.0,0.0,0.0,0.0,0.0,194,0
2021-07-12,-0.0023490641136914014,-7.624253342375096e-05,-0.0022728215802676503,0.9997472139599998,1.0167258728380335,0.9825535170414029,1999494.42792,32511.427919999907,1966983.0,0.016259824216574757,0,28,0.0,0.0,0.0,0.0,0.0,194,0
2021-07-13,0.0019002603592912504,0.013408905561570995,-0.011508645202279745,1.00164699396,1.0303590540489245,0.9712456572215212,2003293.98792,36213.987919999905,1967080.0,0.018077220886386487,0,28,0.0,0.0,0.0,3702.56,0.0,195,0
2021-07-14,-0.004149645558828574,-0.0032815407601069304,-0.0008681047987216437,0.9974905139599998,1.0269778888155177,0.9704025142057496,1994981.0279199998,37581.027919999906,1957400.0,0.018837787123811654,0,28,0.0,0.0,0.0,1367.04,0.0,195,0
2021-07-15,-0.0009670668407364413,-0.0014335993640490435,0.0004665325233126022,0.9965258739599999,1.0255056139672192,0.970855238539331,1993051.74792,39885.74791999991,1953166.0,0.020012399558428776,0,28,0.0,0.0,0.0,2304.7200000000003,0.0,195,0
2021-07-16,-0.0006286841278996258,-0.0008000573710853475,0.00017137324318572172,0.99589937396,1.0246851506416752,0.9710216171502232,1991798.74792,43389.74791999991,1948409.0,0.021784202829382763,0,28,0.0,0.0,0.0,3504.0,0.0,195,0
2021-07-19,-0.0031770278029384924,-0.006873582189077468,0.0036965543861389753,0.99273537396,1.0176418930408124,0.9746110513681355,1985470.74792,43389.74791999991,1942081.0,0.021853632427199173,0,28,0.0,0.0,0.0,0.0,0.0,195,0
2021-07-20,-0.002045862425450129,-0.006324016678103279,0.00427815425265315,0.9907043739600001,1.0112063087368859,0.9787805877822289,1981408.74792,43389.74791999991,1938019.0,0.021898433609697468,0,28,0.0,0.0,0.0,0.0,0.0,195,0
2021-07-21,-0.0005552615032891062,0.000542952454533974,-0.0010982139578230802,0.99015427396,1.0117553456842547,0.9777056772790802,1980308.5479199998,44666.54791999991,1935642.0,0.022555347734531085,0,28,0.0,0.0,0.0,1276.8,0.0,195,0
2021-07-22,0.0037499206918032435,0.003074379210404084,0.0006755414813991597,0.99386727396,1.0148658652850415,0.9783661580206817,1987734.5479199998,44666.54791999991,1943068.0,0.022471082955588695,0,28,0.0,0.0,0.0,0.0,0.0,195,0
2021-07-23,-0.0018392797991189092,-0.009358732872976954,0.007519453073858045,0.9920392739599999,1.0053680067499362,0.985722936434969,1984078.5479199998,48826.54791999991,1935252.0,0.024609180907271544,0,28,0.0,0.0,0.0,4160.0,0.0,195,0
2021-07-26,-0.010608450971896,-0.013383122468496806,0.0027746714966008067,0.9815152739599999,0.9919130435896932,0.9884579937702408,1963030.5479199998,48826.54791999991,1914204.0,0.0248730453898111,0,28,0.0,0.0,0.0,0.0,0.0,195,0
2021-07-27,-0.009285133142381885,-0.014197959837544724,0.004912826695162839,0.9724017739599999,0.9778299020344701,0.9933141165890823,1944803.5479199998,48826.54791999991,1895977.0,0.025106159422745154,0,28,0.0,0.0,0.0,0.0,0.0,195,0
2021-07-28,-0.0040040033906397765,-0.016744765083454474,0.012740761692814698,0.9685082739599999,0.9614563700333256,1.0059696950346526,1937016.5479199998,48826.54791999991,1888190.0,0.02520708869133341,0,28,0.0,0.0,0.0,0.0,0.0,195,0
2021-07-29,-0.000840467781108134,0.006139001904346812,-0.006979469685454946,0.96769427396,0.9673587525199066,0.9989485600436719,1935388.5479199998,48826.54791999991,1886562.0,0.025228292258148766,0,28,0.0,0.0,0.0,0.0,0.0,195,0
2021-07-30,0.0007760715550446662,0.008426340621563312,-0.007650269066518646,0.9684452739599999,0.9755100468718898,0.9913063347757265,1936890.5479199998,50490.54791999991,1886400.0,0.02606783742851191,0,28,0.0,0.0,0.0,1664.0,0.0,196,0
2021-08-02,0.009156428595846755,0.011219079069645092,-0.0020626504737983366,0.9773127739599999,0.9864543712209788,0.989261616294622,1954625.5479199998,50490.54791999991,1904135.0,0.025831314838654928,0,28,0.0,0.0,0.0,0.0,0.0,196,0
2021-08-03,0.0039276064963795765,0.0005607257599576535,0.003366880736421923,0.98115127396,0.9870075015979451,0.992592342173806,1962302.5479199998,50490.54791999991,1911812.0,0.025730256516009138,0,28,0.0,0.0,0.0,0.0,0.0,196,0
2021-08-04,-0.001527797027618294,-0.0006529223232400117,-0.0008748747043782822,0.97965227396,0.9863630623669465,0.9917239482418785,1959304.5479199998,50490.54791999991,1908814.0,0.02576962727596419,0,28,0.0,0.0,0.0,0.0,0.0,196,0
2021-08-05,-0.0004021835200844759,-0.0022386172008086475,0.0018364336807241716,0.97925827396,0.9841549730492896,0.9935451835024106,1958516.5479199998,50490.54791999991,1908026.0,0.025779995565328416,0,28,0.0,0.0,0.0,0.0,0.0,196,0
2021-08-06,-0.0016732051631017653,0.001561215783833712,-0.003234420946935477,0.97761977396,0.9856914513269525,0.9903316401491635,1955239.5479199998,50490.54791999991,1904749.0,0.02582320308205313,0,28,0.0,0.0,0.0,0.0,0.0,196,0
2021-08-09,0.011404740674216596,0.013682343279049701,-0.0022776026048331056,0.98876927396,0.9991780201312325,0.9880760582259112,1977538.5479199998,50490.54791999991,1927048.0,0.025532017048722773,0,28,0.0,0.0,0.0,0.0,0.0,196,0
2021-08-10,-0.0014399719302539138,0.0061914409951538815,-0.007631412925407795,0.98734547396,1.0053643718865295,0.98053564182388,1974690.94792,54016.94791999991,1920674.0,0.027354633886835584,0,28,0.0,0.0,0.0,3526.4,0.0,196,0
2021-08-11,0.00499571844920399,0.00917267803300343,-0.00417695958379944,0.9922779739600001,1.0145862555756975,0.9764399840775068,1984555.94792,54016.94791999991,1930539.0,0.027218657139202712,0,28,0.0,0.0,0.0,0.0,0.0,196,0
2021-08-12,0.0002232237395294323,0.0006793033600219291,-0.00045607962049249676,0.99249947396,1.0152754674281421,0.9759946497001349,1984998.94792,54016.94791999991,1930982.0,0.027212582644742498,0,28,0.0,0.0,0.0,0.0,0.0,196,0
2021-08-13,-0.0009471037765385049,0.004250078271565063,-0.005197182048103568,0.9915594739600001,1.0195904676319116,0.9709222278276682,1983118.94792,54016.94791999991,1929102.0,0.0272383802175133,0,28,0.0,0.0,0.0,0.0,0.0,196,0
2021-08-16,0.006444898332198079,0.00964797620833357,-0.003203077876135491,0.9979499739600001,1.029427452205868,0.9678122883202652,1995899.94792,54016.94791999991,1941883.0,0.027063955774082233,0,28,0.0,0.0,0.0,0.0,0.0,196,0
2021-08-17,-0.008197304688068341,-0.010690016662100673,0.002492711974032332,0.98976947396,1.0184228555893633,0.9702247655999768,1979538.94792,54016.94791999991,1925522.0,0.027287640880599096,0,28,0.0,0.0,0.0,0.0,0.0,196,0
2021-08-18,0.012209913841501718,0.019212065636224032,-0.007002151794722314,1.0018544739600002,1.0379888623363769,0.9634311045162469,2003708.94792,54016.94791999991,1949692.0,0.026958480160541056,0,28,0.0,0.0,0.0,0.0,0.0,196,0
2021-08-19,0.0022887555624087064,-0.010890744149970731,0.013179499712379437,1.0041474739600003,1.0266843912061523,0.9761286444811162,2008294.94792,54016.94791999991,1954278.0,0.02689691968599807,0,28,0.0,0.0,0.0,0.0,0.0,196,0
2021-08-20,-0.0008952868212221965,-0.007485598367807022,0.006590311546584826,1.0032484739600003,1.0189990442030865,0.9825616363577924,2006496.94792,54016.94791999991,1952480.0,0.026921021721959575,0,28,0.0,0.0,0.0,0.0,0.0,198,0
2021-08-23,0.016439596399184353,0.01623300603616775,0.00020659036301660244,1.0197414739600004,1.0355404618384845,0.9827646241229337,2039482.94792,54016.94791999991,1985466.0,0.026485608999619232,0,28,0.0,0.0,0.0,0.0,0.0,198,0
2021-08-24,-0.00046972689866175976,0.014324617362084697,-0.014794344260746457,1.0192624739600005,1.0503741827172772,0.968225265946376,2038524.94792,54016.94791999991,1984508.0,0.026498055849213848,0,28,0.0,0.0,0.0,0.0,0.0,198,0
2021-08-25,0.00964569995577591,0.0066541959077560985,0.002991504048019812,1.0290939739600005,1.0573635783055273,0.9711217157488496,2058187.94792,54016.94791999991,2004171.0,0.02624490536667913,0,28,0.0,0.0,0.0,0.0,0.0,198,0
2021-08-26,-1.2146606934160253e-05,-0.002468793419922964,0.0024566468129888037,1.0290814739600005,1.0547531660609404,0.9735074188168682,2058162.94792,54016.94791999991,2004146.0,0.026245224157100865,0,28,0.0,0.0,0.0,0.0,0.0,198,0
2021-08-27,-0.0008503311177420203,-0.0004722722010229891,-0.0003780589167190312,1.0282064139600005,1.0542550354616689,0.9731393756566923,2056412.8279199998,55989.82791999991,2000423.0,0.027226939629934107,0,28,0.0,0.0,0.0,1972.88,0.0,198,0
2021-08-30,0.00013226916128261657,-0.003748074534121197,0.0038803436954038136,1.0283424139600004,1.050303609010786,0.976915490897771,2056684.8279199998,55989.82791999991,2000695.0,0.02722333882174084,0,28,0.0,0.0,0.0,0.0,0.0,198,0
2021-08-31,0.009283386419157491,0.004211787373953191,0.0050715990452043,1.0378889139600003,1.054727264490035,0.9818700145686534,2075777.8279199998,55989.82791999991,2019788.0,0.026972938609766163,0,28,0.0,0.0,0.0,0.0,0.0,198,0
2021-09-01,0.016060967388502823,0.005379394416664937,0.010681572971837885,1.0545584139600004,1.0604010584477368,0.9923579307781281,2109116.82792,55989.82791999991,2053127.0,0.026546574935451435,0,28,0.0,0.0,0.0,0.0,0.0,198,0
2021-09-02,0.01984290270030864,0.025140328612210078,-0.005297425911901438,1.0754839139600005,1.0870598895178483,0.9871009881617432,2150967.82792,55989.82791999991,2094978.0,0.026030062929459266,0,28,0.0,0.0,0.0,0.0,0.0,198,0
2021-09-03,0.01329912964233504,0.008251507244800246,0.005047622397534793,1.0897869139600005,1.0960297720717365,0.9920835012182172,2179573.82792,55989.82791999991,2123584.0,0.025688429179493242,0,28,0.0,0.0,0.0,0.0,0.0,198,0
2021-09-06,0.009167847284654362,0.01221624572509281,-0.003048398440438447,1.0997779139600006,1.109419141089382,0.9890592354203188,2199555.82792,55989.82791999991,2143566.0,0.02545506106700935,0,28,0.0,0.0,0.0,0.0,0.0,198,0
2021-09-07,0.0029296824014208855,0.013002744695999546,-0.01007306229457866,1.1029999139600006,1.1238446349418223,0.9790963801289017,2205999.82792,55989.82791999991,2150010.0,0.02538070366614297,0,28,0.0,0.0,0.0,0.0,0.0,198,0
2021-09-08,0.02065412672446154,0.02420059706519163,-0.0035464703407300895,1.1257814139600006,1.151042346115927,0.9756240438560583,2251562.82792,55989.82791999991,2195573.0,0.024867095523922585,0,28,0.0,0.0,0.0,0.0,0.0,198,0
2021-09-09,0.011371212778304773,0.011761833316628396,-0.00039062053832362303,1.1385829139600006,1.1645807143313234,0.9752429450668457,2277165.82792,55989.82791999991,2221176.0,0.024587505764190182,0,28,0.0,0.0,0.0,0.0,0.0,199,0
2021-09-10,-0.01478328876502999,-0.015044205363622339,0.0002609165985923492,1.1217509139600006,1.147060522902409,0.9754974021388737,2243501.82792,55989.82791999991,2187512.0,0.02495644408362676,0,28,0.0,0.0,0.0,0.0,0.0,199,0
2021-09-13,0.019829268443808168,0.012110581996588047,0.007718686447220121,1.1439944139600007,1.1609520934200677,0.9830269607160614,2287988.82792,55989.82791999991,2231999.0,0.024471198126828266,0,28,0.0,0.0,0.0,0.0,0.0,199,0
2021-09-14,-0.025012796960213524,-0.02301248936127258,-0.0020003075989409452,1.1153799139600007,1.1342356957212913,0.9810606044165773,2230759.82792,55989.82791999991,2174770.0,0.02509899417195701,0,28,0.0,0.0,0.0,0.0,0.0,199,0
2021-09-15,0.004345604523925406,0.010784832549496382,-0.006439228025570976,1.1202269139600007,1.146468237771307,0.9747433314778344,2240453.82792,55989.82791999991,2184464.0,0.024990395794935855,0,28,0.0,0.0,0.0,0.0,0.0,199,0
2021-09-16,-0.011012947329027023,-0.01322630631231928,0.002213358983292257,1.1078899139600007,1.1313046976811987,0.976900788386965,2215779.82792,55989.82791999991,2159790.0,0.025268678419443306,0,28,0.0,0.0,0.0,0.0,0.0,199,0
2021-09-17,0.00839072536257035,0.011352102900508148,-0.002961377537937798,1.1171859139600007,1.144147385021104,0.9740078163354422,2234371.82792,55989.82791999991,2178382.0,0.025058420098377904,0,28,0.0,0.0,0.0,0.0,0.0,199,0
2021-09-22,0.03875720187566767,0.03088070780326192,0.00787649407240575,1.1604849139600006,1.1794794661018069,0.9816795831272851,2320969.82792,55989.82791999991,2264980.0,0.024123462203804995,0,28,0.0,0.0,0.0,0.0,0.0,199,0
2021-09-23,0.024723716486838354,0.003945569828257391,0.020778146658580965,1.1891764139600007,1.1841331846963072,1.0020770654772384,2378352.82792,55989.82791999991,2322363.0,0.023541430549211692,0,28,0.0,0.0,0.0,0.0,0.0,199,0
2021-09-24,-0.016919693128623403,-0.01422557375820446,-0.002694119370418944,1.1690559139600007,1.1672882107378724,0.9993773502444836,2338111.82792,55989.82791999991,2282122.0,0.02394659966705221,0,28,0.0,0.0,0.0,0.0,0.0,199,0
2021-09-27,-0.030355690926528456,-0.013115879856597972,-0.017239811069930486,1.1335684139600006,1.1519781988078113,0.982148273538701,2267136.82792,55989.82791999991,2211147.0,0.02469627206901674,0,28,0.0,0.0,0.0,0.0,0.0,199,0
2021-09-28,0.0236761184146288,0.03306715527426286,-0.009391036859634064,1.1604069139600006,1.1900708407803549,0.9729248829002731,2320813.82792,55989.82791999991,2264824.0,0.024125083729865604,0,28,0.0,0.0,0.0,0.0,0.0,199,0
2021-09-29,-0.024652559077208425,-0.03366074573203924,0.009008186654830816,1.1317999139600006,1.1500121688057332,0.9816891718465682,2263599.82792,55989.82791999991,2207610.0,0.024734861360830026,0,28,0.0,0.0,0.0,0.0,0.0,199,0
2021-09-30,0.011098251418000915,0.02301680297392016,-0.011918551555919244,1.1443609139600004,1.1764817723127454,0.9699888588400273,2288721.82792,55989.82791999991,2232732.0,0.024463360831789547,0,28,0.0,0.0,0.0,0.0,0.0,199,0
2021-10-08,0.00698136540888461,0.007139870299634082,-0.00015850489074947186,1.1523501156600002,1.1848816995769422,0.9698351108619286,2304700.23132,16607.231319999803,2288093.0,0.007205809716297956,28,28,1171105.0,1132449.0,726.5966,0.0,0.0,199,1
2021-10-11,-0.0010517636814796338,-0.015948316238610278,0.014896552557130644,1.1511381156600002,1.1659848315267471,0.984282310562634,2302276.23132,16607.231319999803,2285669.0,0.007213396504761777,0,28,0.0,0.0,0.0,0.0,0.0,199,0
2021-10-12,-0.022826539789219336,-0.015120489365115326,-0.00770605042410401,1.1248616156600002,1.1483545702817612,0.9766973814458848,2249723.23132,16607.231319999803,2233116.0,0.007381899732730989,0,28,0.0,0.0,0.0,0.0,0.0,199,0
2021-10-13,-0.019898892173386806,-0.030736599259035956,0.01083770708564915,1.10247811566,1.1130580560477283,0.9872825415773159,2204956.23132,16607.231319999803,2188349.0,0.007531773685166468,0,28,0.0,0.0,0.0,0.0,0.0,199,0
2021-10-14,-0.002029518743472347,-0.0041892264240001855,0.0021597076805278384,1.10024061566,1.1083952038278868,0.9894147832652114,2200481.23132,16607.231319999803,2183874.0,0.0075470906470934285,0,28,0.0,0.0,0.0,0.0,0.0,199,0
2021-10-15,-0.01133933779795615,-0.011194743020884853,-0.00014459477707129756,1.08776461566,1.0959870043554523,0.9892717190551941,2175529.23132,16607.231319999803,2158922.0,0.007633651196643947,0,28,0.0,0.0,0.0,0.0,0.0,199,0
2021-10-18,0.016937028227215878,0.01980421900722288,-0.002867190780007002,1.1061881156600002,1.117692171018778,0.9864352883033973,2212376.23132,16607.231319999803,2195769.0,0.007506513171175775,0,28,0.0,0.0,0.0,0.0,0.0,199,0
2021-10-19,0.0012484314199814328,0.003385441511210062,-0.002137010091228629,1.1075691156600003,1.1214760524912994,0.984327266137949,2215138.23132,16607.231319999803,2198531.0,0.007497153489199436,0,28,0.0,0.0,0.0,0.0,0.0,199,0
2021-10-20,0.003444480300199171,0.007870017012683615,-0.004425536712484444,1.1113841156600002,1.1303020881037231,0.979971089684556,2222768.23132,16607.231319999803,2206161.0,0.007471418335926788,0,28,0.0,0.0,0.0,0.0,0.0,199,0
2021-10-21,-0.005480553405590838,-0.004782579503150538,-0.0006979739024402997,1.10529311566,1.12489632850479,0.9792870954388102,2210586.23132,16607.231319999803,2193979.0,0.007512591494828583,0,28,0.0,0.0,0.0,0.0,0.0,199,0
2021-10-22,-0.01516611273742563,-0.0211258227747656,0.005959710037339971,1.08853011566,1.1011319680288132,0.9851233625709342,2177060.23132,16607.231319999803,2160453.0,0.00762828289317952,0,28,0.0,0.0,0.0,0.0,0.0,199,0
2021-10-25,0.004772950169458445,0.012878299038342478,-0.008105348868884032,1.09372561566,1.1153126747937667,0.9771385940384086,2187451.23132,16607.231319999803,2170844.0,0.007592046433866461,0,28,0.0,0.0,0.0,0.0,0.0,199,0
2021-10-26,-0.002042102670012147,0.0006480094218352994,-0.0026901120918474465,1.09149211566,1.1160354079153254,0.9745099816911751,2182984.23132,16607.231319999803,2166377.0,0.00760758189717101,0,28,0.0,0.0,0.0,0.0,0.0,199,0
2021-10-27,-0.002655539108724847,0.0012662146671919541,-0.003921753775916801,1.08859361566,1.1174485483179335,0.9706881934908091,2177187.23132,16607.231319999803,2160580.0,0.007627837919080142,0,28,0.0,0.0,0.0,0.0,0.0,199,0
2021-10-28,-0.008912416773745102,-0.014722668483123997,0.005810251709378895,1.07889161566,1.1009967237941005,0.9763281362263131,2157783.23132,16607.231319999803,2141176.0,0.007696431726295562,0,28,0.0,0.0,0.0,0.0,0.0,199,0
2021-10-29,-0.000711378222668313,-0.0006151331244956067,-9.62450981727063e-05,1.0781241156599999,1.1003194642393337,0.9762341694289932,2156248.23132,16607.231319999803,2139641.0,0.007701910697838941,0,28,0.0,0.0,0.0,0.0,0.0,199,0
2021-11-01,-0.001425624357784705,0.003141515185034064,-0.004567139542818769,1.07658711566,1.10377613454463,0.9717755717507433,2153174.23132,16607.231319999803,2136567.0,0.007712906405079336,0,28,0.0,0.0,0.0,0.0,0.0,199,0
2021-11-02,-0.019050014347818944,-0.02727818749839744,0.008228173150578496,1.0560781156599999,1.0736671221902652,0.9797715094186107,2112156.23132,16607.231319999803,2095549.0,0.007862690777197411,0,28,0.0,0.0,0.0,0.0,0.0,199,0
2021-11-03,0.004337747304930195,0.00681597973230609,-0.0024782324273758946,1.0606591156599998,1.0809852155343576,0.9773434078925505,2121318.23132,16607.231319999803,2104711.0,0.007828731717289716,0,28,0.0,0.0,0.0,0.0,0.0,199,0
2021-11-04,0.0021354646055067317,0.008975458917751974,-0.006839994312245242,1.0629241156599998,1.0906875539270835,0.970658384541455,2125848.23132,16607.231319999803,2109241.0,0.007812049362379881,0,28,0.0,0.0,0.0,0.0,0.0,199,0
2021-11-05,-0.014695780978024708,-0.019067226962895627,0.004371445984870919,1.0473036156599997,1.0698911667907502,0.9749015652392401,2094607.2313199998,16607.231319999803,2078000.0,0.007928565829276785,0,28,0.0,0.0,0.0,0.0,0.0,199,0
2021-11-08,0.0019683881246803647,0.002725947991874085,-0.0007575598671937201,1.0493651156599997,1.0728076344683872,0.9741630189389505,2098730.23132,16607.231319999803,2082123.0,0.007912989993742386,0,28,0.0,0.0,0.0,0.0,0.0,199,0
2021-11-09,0.004533217208205098,0.004094135724219206,0.0004390814839858922,1.0541221156599998,1.0771998545298793,0.9745907558829504,2108244.23132,16607.231319999803,2091637.0,0.007877280569909016,0,28,0.0,0.0,0.0,0.0,0.0,199,0
2021-11-10,-0.005653993888808939,-0.0049099096305154095,-0.0007440842582935297,1.0481621156599998,1.0719109005901333,0.9738655782432195,2096324.2313199998,16607.231319999803,2079717.0,0.007922071916109403,0,28,0.0,0.0,0.0,0.0,0.0,199,0
2021-11-11,0.00851967445358115,0.004262518493954361,0.004257155959626789,1.05709211566,1.07647994062777,0.978011475893513,2114184.23132,16607.231319999803,2097577.0,0.00785514860719163,0,28,0.0,0.0,0.0,0.0,0.0,199,0
2021-11-12,-0.0033946899677324005,0.0005900815849550007,-0.003984771552687401,1.05350361566,1.077115151617308,0.9741143235861707,2107007.23132,16607.231319999803,2090400.0,0.007881905231808668,0,28,0.0,0.0,0.0,0.0,0.0,199,0
2021-11-15,0.004103925165260591,0.010585598799415213,-0.0064816736341546215,1.05782711566,1.0885170604731003,0.9678004324583298,2115654.23132,16607.231319999803,2099047.0,0.007849690688651998,0,28,0.0,0.0,0.0,0.0,0.0,199,0
2021-11-16,-0.006329484185913059,-0.00527572071756155,-0.0010537634683515087,1.0511316156600001,1.082774348465743,0.9667805997179504,2102263.23132,16607.231319999803,2085656.0,0.007899691662100855,0,28,0.0,0.0,0.0,0.0,0.0,199,0
2021-11-17,0.0021571989332431762,0.007237431733340042,-0.005080232800096866,1.05339911566,1.0906108538953756,0.961869129204766,2106798.23132,16607.231319999803,2090191.0,0.007882687137816067,0,28,0.0,0.0,0.0,0.0,0.0,199,0
2021-11-18,0.0008989944892887625,-0.0008067282717237114,0.0017057227610124738,1.05434611566,1.0897310272860894,0.9635098112715658,2108692.23132,16607.231319999803,2092085.0,0.007875607010513812,0,28,0.0,0.0,0.0,0.0,0.0,199,0
2021-11-19,0.00710724864321155,0.00996518863644781,-0.002857939993236259,1.0618396156599998,1.1005904025359854,0.9607561580480573,2123679.23132,16607.231319999803,2107072.0,0.00782002812622383,0,28,0.0,0.0,0.0,0.0,0.0,199,0
2021-11-22,-0.0009036204581646112,0.001614143357843283,-0.002517763816007894,1.0608801156599998,1.102366913223945,0.9583372009573171,2121760.23132,16607.231319999803,2105153.0,0.00782710085468424,0,28,0.0,0.0,0.0,0.0,0.0,199,0
2021-11-23,0.006084570635942477,0.0008149414444762912,0.005269629191466185,1.06733511566,1.1032652777085505,0.9633872826467498,2134670.23132,16607.231319999803,2118063.0,0.00777976432909289,0,28,0.0,0.0,0.0,0.0,0.0,199,0
2021-11-24,0.002349309006337119,0.006022637389499559,-0.00367332838316244,1.0698426156599998,1.1099098444206148,0.9598484447974257,2139685.23132,16607.231319999803,2123078.0,0.007761530096534145,0,28,0.0,0.0,0.0,0.0,0.0,199,0
2021-11-25,0.0019096266778826365,-0.00047725235196046696,0.0023868790298431034,1.0718856156599998,1.109380137336901,0.9621394869221402,2143771.23132,16607.231319999803,2127164.0,0.007746736721424381,0,28,0.0,0.0,0.0,0.0,0.0,199,0
2021-11-26,-8.676298911125535e-05,-0.0037332224868346932,0.003646459497723438,1.0717926156599997,1.105238574461747,0.9656478895923623,2143585.23132,16607.231319999803,2126978.0,0.00774740890977926,0,28,0.0,0.0,0.0,0.0,0.0,199,0
2021-11-29,-0.002839635164052501,-0.002060596353158778,-0.000779038810893723,1.0687491156599997,1.1029611238858408,0.9648956124087122,2137498.23132,16607.231319999803,2120891.0,0.007769471373898683,0,28,0.0,0.0,0.0,0.0,0.0,199,0
2021-11-30,0.0012523986971193501,0.001060175794915808,0.00019222290220354205,1.0700876156599999,1.1041304565721177,0.965081087443653,2140175.23132,16607.231319999803,2123568.0,0.007759753069264768,0,28,0.0,0.0,0.0,0.0,0.0,199,0
2021-12-01,0.01439321395239257,0.014993315452651368,-0.0006001015002587984,1.0854896156599998,1.1206850328083835,0.9645019408352066,2170979.23132,16607.231319999803,2154372.0,0.007649650019867885,0,28,0.0,0.0,0.0,0.0,0.0,199,0
2021-12-02,-0.0019981766464722828,-0.006111344052241849,0.004113167405769566,1.0833206156599997,1.1138361409986934,0.9684690987810514,2166641.23132,16607.231319999803,2150034.0,0.007664965975876887,0,28,0.0,0.0,0.0,0.0,0.0,199,0
2021-12-03,0.020746858940099644,0.018185927294762833,0.0025609316453368107,1.1057961156599996,1.134092284077175,0.9709492819436505,2211592.23132,16607.231319999803,2194985.0,0.007509174198033646,0,28,0.0,0.0,0.0,0.0,0.0,199,0
2021-12-06,-0.0026795174608038597,-0.0009825444592192558,-0.0016969730015846038,1.1028331156599995,1.1329779879872115,0.9693016072262842,2205666.23132,16607.231319999803,2189059.0,0.007529349220739107,0,28,0.0,0.0,0.0,0.0,0.0,199,0
2021-12-07,0.002896177086674223,0.00835736343674952,-0.005461186350075297,1.1060271156599997,1.142446696798658,0.964008070519794,2212054.23132,16607.231319999803,2195447.0,0.0075076058646581035,0,28,0.0,0.0,0.0,0.0,0.0,199,0
2021-12-08,0.005298694685710981,0.004936989521041285,0.0003617051646696958,1.1118876156599995,1.1480869441691013,0.9643567572176842,2223775.23132,16607.231319999803,2207168.0,0.007468035027147055,0,28,0.0,0.0,0.0,0.0,0.0,199,0
2021-12-09,0.007151801933938939,0.006727876009514382,0.0004239259244245572,1.1198396156599995,1.1558111307776133,0.9647655730474628,2239679.23132,16607.231319999803,2223072.0,0.007415004384450178,0,28,0.0,0.0,0.0,0.0,0.0,199,0
2021-12-10,0.000499625117897029,-0.004805370364317986,0.005304995482215015,1.1203991156599993,1.1502570302230257,0.9698836500538762,2240798.23132,16607.231319999803,2224191.0,0.007411301512058445,0,28,0.0,0.0,0.0,0.0,0.0,199,0
2021-12-13,0.005540436361682888,0.003634483916132757,0.001905952445550131,1.1266066156599992,1.15443762089879,0.9717322021685953,2253213.23132,16607.231319999803,2236606.0,0.0073704659147020846,0,28,0.0,0.0,0.0,0.0,0.0,199,0
2021-12-14,-0.0023069276923048943,-0.0004741032083309169,-0.0018328244839739775,1.1240076156599992,1.153890298318904,0.9699511875965948,2248015.23132,16607.231319999803,2231408.0,0.0073875083623202555,0,28,0.0,0.0,0.0,0.0,0.0,199,0
2021-12-15,0.013624462847618535,0.01979826921593518,-0.006173806368316645,1.1393216156599992,1.1767353290906775,0.9639628967776547,2278643.23132,16607.231319999803,2262036.0,0.0072882104103586965,0,28,0.0,0.0,0.0,0.0,0.0,199,0
2021-12-16,0.003601265826614908,0.008792982373771133,-0.005191716547156226,1.1434246156599992,1.1870823420979655,0.9589582746556095,2286849.23132,16607.231319999803,2270242.0,0.0072620578097375875,0,28,0.0,0.0,0.0,0.0,0.0,199,0
2021-12-17,0.0007132083644441067,0.002142275508920896,-0.001429067144476789,1.1442401156599993,1.1896253995265145,0.957587858892375,2288480.23132,16607.231319999803,2271873.0,0.007256882140695058,0,28,0.0,0.0,0.0,0.0,0.0,199,0
2021-12-20,-0.0015831467322355852,-0.014613899297883317,0.013030752565647731,1.1424286156599992,1.1722403337356297,0.9700659493414698,2284857.23132,16607.231319999803,2268250.0,0.007268389067095247,0,28,0.0,0.0,0.0,0.0,0.0,199,0
2021-12-21,0.014401775108281,0.01219346586981873,0.002208309238462271,1.1588816156599993,1.18653400623626,0.9722081549393183,2317763.23132,16607.231319999803,2301156.0,0.007165197504035709,0,28,0.0,0.0,0.0,0.0,0.0,199,0
2021-12-22,-0.0030840078500723456,-0.0050851050135223815,0.002001097163450036,1.1553076156599993,1.1805003562124332,0.9741536379204505,2310615.23132,16607.231319999803,2294008.0,0.007187363389149168,0,28,0.0,0.0,0.0,0.0,0.0,199,0
2021-12-23,0.0029541915536064334,0.008062334696439953,-0.00510814314283352,1.1587206156599992,1.1900179451934845,0.9691775216948408,2317441.23132,16607.231319999803,2300834.0,0.007166193082074591,0,28,0.0,0.0,0.0,0.0,0.0,199,0
2021-12-24,-0.0017614254656523887,-0.008695985646748974,0.006934560181096585,1.1566796156599992,1.1796695662227081,0.9758983415451998,2313359.23132,16607.231319999803,2296752.0,0.007178838070265351,0,28,0.0,0.0,0.0,0.0,0.0,199,0
2021-12-27,0.006359582982538026,0.005720518139389733,0.0006390648431482925,1.1640356156599991,1.1864178873747713,0.976522003865768,2328071.23132,16607.231319999803,2311464.0,0.007133472162096871,0,28,0.0,0.0,0.0,0.0,0.0,199,0
2021-12-28,-0.0009699015947719491,-0.01303224134486596,0.012062339750094011,1.1629066156599992,1.1709562031306373,0.9883011440498396,2325813.23132,16607.231319999803,2309206.0,0.0071403976451602175,0,28,0.0,0.0,0.0,0.0,0.0,199,0
2021-12-29,0.00043038709493958827,-0.007457844017019768,0.007888231111959357,1.1634071156599992,1.1622233944169273,0.9960970918823187,2326814.23132,16607.231319999803,2310207.0,0.007137325832229646,0,28,0.0,0.0,0.0,0.0,0.0,199,0
2021-12-30,0.010741725602142704,0.005294871870024247,0.005446853732118458,1.1759041156599992,1.1683772183747096,1.0015226870447902,2351808.23132,16607.231319999803,2335201.0,0.007061473422379621,0,28,0.0,0.0,0.0,0.0,0.0,199,0
2021-12-31,-0.0034037639180755086,0.0059052944977434785,-0.009309058415818987,1.1719016156599993,1.1752768299336667,0.9921994538463222,2343803.23132,16607.231319999803,2327196.0,0.007085591101709858,0,28,0.0,0.0,0.0,0.0,0.0,199,0
2022-01-04,0.013666874152212793,0.008662620653040146,0.005004253499172648,1.1879178475599994,1.1854578072736897,0.9971646714351098,2375835.69512,16819.695119999888,2359016.0,0.007079485822419362,28,28,768908.0,769627.0,506.5362,0.0,0.0,199,1
2022-01-05,-0.002340650075854267,-0.012884908374887679,0.010544258299033412,1.1851373475599996,1.1701832920446729,1.0076790332973924,2370274.69512,16819.695119999888,2353455.0,0.007096095298417873,0,28,0.0,0.0,0.0,0.0,0.0,199,0
2022-01-06,0.002771408737360481,0.0036463721389045733,-0.0008749634015440921,1.1884218475599995,1.1744502157981962,1.0067973510227537,2376843.69512,16819.695119999888,2360024.0,0.0070764834702985,0,28,0.0,0.0,0.0,0.0,0.0,199,0
2022-01-07,-0.002380467849702028,-0.006443666462835561,0.004063198613133533,1.1855928475599995,1.1668824503303874,1.0108881686231357,2371185.69512,16819.695119999888,2354366.0,0.007093369007166132,0,28,0.0,0.0,0.0,0.0,0.0,199,0
2022-01-10,0.0010311297023390953,0.0023989922950572082,-0.001367862592718113,1.1868153475599994,1.1696817923379674,1.0095054125118548,2373630.69512,16819.695119999888,2356811.0,0.007086062357796381,0,28,0.0,0.0,0.0,0.0,0.0,199,0
2022-01-11,0.003923103968593189,0.003908011708053546,1.5092260539643215e-05,1.1914713475599994,1.1742529224771212,1.0095206482305568,2382942.69512,16819.695119999888,2366123.0,0.007058371632034938,0,28,0.0,0.0,0.0,0.0,0.0,199,0
2022-01-12,-0.002822140882267954,0.002907272451933184,-0.005729413334201138,1.1881088475599995,1.1776667956502411,1.0037366871674331,2376217.69512,16819.695119999888,2359398.0,0.007078347726532895,0,28,0.0,0.0,0.0,0.0,0.0,199,0
2022-01-13,-0.0003623405388185619,-0.0036140115289724694,0.0032516709901539076,1.1876783475599995,1.1734106942734732,1.0070005086348488,2375356.69512,16819.695119999888,2358537.0,0.007080913428519913,0,28,0.0,0.0,0.0,0.0,0.0,199,0
2022-01-14,-0.01820905470275691,-0.019283737348241223,0.0010746826454843122,1.1660518475599995,1.1507829506434861,1.0080827146054727,2332103.69512,16819.695119999888,2315284.0,0.007212241529051915,0,28,0.0,0.0,0.0,0.0,0.0,199,0
2022-01-17,0.001413745026389357,0.002218043073523135,-0.000804298047133778,1.1677003475599996,1.1533354367962894,1.0072719156467662,2335400.69512,16819.695119999888,2318581.0,0.007202059653037674,0,28,0.0,0.0,0.0,0.0,0.0,199,0
2022-01-18,0.0017260421341926957,0.005554396811344062,-0.003828354677151366,1.1697158475599996,1.1597415194688407,1.0034157214973367,2339431.69512,16819.695119999888,2322612.0,0.0071896500141830945,0,28,0.0,0.0,0.0,0.0,0.0,200,0
2022-01-19,0.006178423601830518,0.001102292928928682,0.0050761306729018366,1.1769428475599994,1.1610198943451362,1.0085091908189014,2353885.69512,16819.695119999888,2337066.0,0.007145502075512816,0,28,0.0,0.0,0.0,0.0,0.0,200,0
2022-01-20,-0.003777583600781731,-0.00867689132124645,0.0048993077204647194,1.1724968475599995,1.1509458509000983,1.0134501876836401,2344993.69512,16819.695119999888,2328174.0,0.007172597160922932,0,28,0.0,0.0,0.0,0.0,0.0,200,0
2022-01-21,-0.006596179781715117,-0.010298673277516135,0.0037024934958010177,1.1647628475599996,1.1390926356215654,1.0172024804118571,2329525.69512,16819.695119999888,2312706.0,0.007220223050226309,0,28,0.0,0.0,0.0,0.0,0.0,200,0
2022-01-24,-0.005446173024224343,-0.007548625340567103,0.0021024523163427596,1.1584193475599995,1.130494052087059,1.0193411001229886,2316838.69512,16819.695119999888,2300019.0,0.0072597609645537785,0,28,0.0,0.0,0.0,0.0,0.0,200,0
2022-01-25,-0.023761257145762826,-0.03361268471329841,0.009851427567535584,1.1308938475599997,1.0924951119439976,1.0293830651374622,2261787.69512,16819.695119999888,2244968.0,0.007436460617541521,0,28,0.0,0.0,0.0,0.0,0.0,200,0
2022-01-26,0.0076408586169636195,0.009329326071245899,-0.0016884674542822792,1.1395348475599996,1.1026873550745655,1.0276449853339882,2279069.69512,16819.695119999888,2262250.0,0.007380070541947284,0,28,0.0,0.0,0.0,0.0,0.0,200,0
2022-01-27,-0.007877775760189998,-0.016884110874178453,0.009006335113988455,1.1305578475599996,1.084069459511932,1.0369003004501158,2261115.69512,16819.695119999888,2244296.0,0.007438670721847892,0,28,0.0,0.0,0.0,0.0,0.0,200,0
2022-01-28,0.0070319267759344495,0.005369902081718756,0.0016620246942156934,1.1385078475599995,1.089890806359293,1.0386236543549034,2277015.69512,16819.695119999888,2260196.0,0.007386727792894498,0,28,0.0,0.0,0.0,0.0,0.0,200,0
2022-02-07,0.027002448921090938,0.026763058572329496,0.00023939034876144238,1.1692503475599996,1.1190596178473302,1.0388722908337513,2338500.69512,16819.695119999888,2321681.0,0.007192512345666328,0,28,0.0,0.0,0.0,0.0,0.0,200,0
2022-02-08,0.02877228137687049,0.025489920150099928,0.0032823612267705617,1.2028923475599995,1.14758435814946,1.0422822449607503,2405784.69512,16819.695119999888,2388965.0,0.006991355109257159,0,28,0.0,0.0,0.0,0.0,0.0,200,0
2022-02-09,-0.002958702004563607,0.007285636764600376,-0.010244338769163983,1.1993333475599994,1.155945240939674,1.0316047525502876,2398666.69512,16819.695119999888,2381847.0,0.00701210182899481,0,28,0.0,0.0,0.0,0.0,0.0,200,0
2022-02-10,0.009206781436090772,0.007028726802265553,0.0021780546338252185,1.2103753475599994,1.164070064236618,1.033851644061856,2420750.69512,16819.695119999888,2403931.0,0.006948131897227902,0,28,0.0,0.0,0.0,0.0,0.0,200,0
2022-02-11,-0.006634718739264356,-0.010028746839943143,0.003394028100678787,1.2023448475599996,1.1523959002584325,1.0373605655937348,2404689.69512,16819.695119999888,2387870.0,0.0069945386941746525,0,28,0.0,0.0,0.0,0.0,0.0,200,0
2022-02-14,-0.009495196010668838,-0.013055868729934623,0.003560672719265785,1.1909283475599997,1.1373503706597436,1.0410542670596865,2381856.69512,16819.695119999888,2365037.0,0.0070615898741769175,0,28,0.0,0.0,0.0,0.0,0.0,200,0
2022-02-15,-0.004391112203109726,-0.0035803377688548264,-0.0008107744342548996,1.1856988475599997,1.1332782721712495,1.0402102068752825,2371397.69512,16819.695119999888,2354578.0,0.007092734868812783,0,28,0.0,0.0,0.0,0.0,0.0,200,0
2022-02-16,0.012658779276784715,0.01063563722076233,0.002023142056022385,1.2007083475599998,1.1453314087442352,1.0423146998919157,2401416.69512,16819.695119999888,2384597.0,0.007004071868984571,0,28,0.0,0.0,0.0,0.0,0.0,200,0
2022-02-17,-0.004149217426633323,-0.00016657351592843983,-0.003982643910704883,1.1957263475599997,1.1451406268645774,1.038163531599353,2391452.69512,16819.695119999888,2374633.0,0.0070332543705849465,0,28,0.0,0.0,0.0,0.0,0.0,200,0
2022-02-18,0.01340858636486253,0.007992602073721015,0.005415984291141514,1.2117593475599997,1.1542932802135575,1.043786208978131,2423518.69512,16819.695119999888,2406699.0,0.006940196151103784,0,28,0.0,0.0,0.0,0.0,0.0,200,0
2022-02-21,-0.00022487963517570098,0.004109989331261068,-0.004334868966436769,1.2114868475599996,1.1590374132803816,1.0392615325332368,2422973.69512,16819.695119999888,2406154.0,0.006941757210932857,0,28,0.0,0.0,0.0,0.0,0.0,200,0
2022-02-22,-0.009290649768645132,-0.007510621701699835,-0.0017800280669452969,1.2002313475599997,1.1503323217311159,1.037411617836431,2400462.69512,16819.695119999888,2383643.0,0.007006855450906754,0,28,0.0,0.0,0.0,0.0,0.0,200,0
2022-02-23,-0.0034622491809165323,0.0012045659707261324,-0.004666815151642665,1.1960758475599997,1.1517179729008995,1.0325702095798217,2392151.69512,16819.695119999888,2375332.0,0.007031199214628463,0,28,0.0,0.0,0.0,0.0,0.0,200,0
2022-02-24,-0.018248424666818752,-0.010798838407478629,-0.007449586259340123,1.1742493475599998,1.1392807566205538,1.024877988734732,2348498.69512,16819.695119999888,2331679.0,0.007161892469836123,0,28,0.0,0.0,0.0,0.0,0.0,200,0
2022-02-25,0.01260549987169024,0.015081852682119127,-0.0024763528104288866,1.1890513475599997,1.1564632211554782,1.022340029246982,2378102.69512,16819.695119999888,2361283.0,0.007072737083438342,0,28,0.0,0.0,0.0,0.0,0.0,200,0
2022-02-28,0.002940999988920723,7.034198948867587e-05,0.002870657999432047,1.1925483475599998,1.1565445690792249,1.0252748178300795,2385096.69512,16819.695119999888,2368277.0,0.007051997159869298,0,28,0.0,0.0,0.0,0.0,0.0,200,0
2022-03-01,0.007435337961888333,0.005426220685285277,0.002009117276603056,1.2014153475599998,1.162820235143417,1.027334715179848,2402830.69512,16819.695119999888,2386011.0,0.006999950164678538,0,28,0.0,0.0,0.0,0.0,0.0,200,0
2022-03-02,0.010665753543122714,0.006795793188297125,0.0038699603548255886,1.21422934756,1.1707225209766186,1.03131045979873,2428458.69512,16819.695119999888,2411639.0,0.006926078320293918,0,28,0.0,0.0,0.0,0.0,0.0,200,0
2022-03-03,0.02713325951658563,0.017301917243812706,0.009831342272772922,1.2471753475599998,1.1909782651500238,1.041449625918502,2494350.69512,16819.695119999888,2477531.0,0.006743115614378641,0,28,0.0,0.0,0.0,0.0,0.0,200,0
2022-03-04,-0.018221575694597147,-0.012991347053183375,-0.005230228641413773,1.2244498475599999,1.1755058531746616,1.0360026062564334,2448899.69512,16819.695119999888,2432080.0,0.006868266247701786,0,28,0.0,0.0,0.0,0.0,0.0,200,0
2022-03-07,-0.013556700613813089,-0.013877977934397075,0.00032127732058398646,1.2078503475599998,1.159192208882549,1.0363354503978894,2415700.69512,16819.695119999888,2398881.0,0.006962656902809878,0,28,0.0,0.0,0.0,0.0,0.0,200,0
2022-03-08,-0.028149182610812673,-0.03584025953655621,0.0076910769257435355,1.1738503475599997,1.1176464592634445,1.0443059860677746,2347700.69512,16819.695119999888,2330881.0,0.0071643268475243905,0,28,0.0,0.0,0.0,0.0,0.0,200,0
2022-03-09,-0.007080970770488415,-0.004731901385383962,-0.002349069385104453,1.1655383475599996,1.1123578664344864,1.0418528388472215,2331076.69512,16819.695119999888,2314257.0,0.0072154190186925786,0,28,0.0,0.0,0.0,0.0,0.0,200,0
2022-03-10,0.01118152828457597,0.01778206366930148,-0.0066005353847255095,1.1785708475599996,1.1321378848384729,1.0349760523187337,2357141.69512,16819.695119999888,2340322.0,0.007135631750446641,0,28,0.0,0.0,0.0,0.0,0.0,200,0
2022-03-11,0.005644972479824872,-0.002336886618048728,0.0079818590978736,1.1852238475599997,1.129492206965608,1.0432370853380153,2370447.69512,16819.695119999888,2353628.0,0.007095577411231771,0,28,0.0,0.0,0.0,0.0,0.0,200,0
2022-03-14,-0.02144405046550779,-0.0304877235116548,0.009043673046147008,1.1598078475599998,1.0950565608510716,1.0526717804474277,2319615.69512,16819.695119999888,2302796.0,0.007251069716153891,0,28,0.0,0.0,0.0,0.0,0.0,200,0
2022-03-15,-0.04819074135218637,-0.0561169231418976,0.007926181789711224,1.1039158475599997,1.0336053559897613,1.061015448344153,2207831.69512,16819.695119999888,2191012.0,0.007618196240762684,0,28,0.0,0.0,0.0,0.0,0.0,200,0
2022-03-16,0.0238120505816648,0.029189852853486874,-0.005377802271822073,1.1302023475599998,1.0637761442396783,1.0553095170556095,2260404.69512,16819.695119999888,2243585.0,0.007441010521837979,0,28,0.0,0.0,0.0,0.0,0.0,200,0
2022-03-17,-0.0006666947751672314,0.005869702510703856,-0.006536397285871087,1.1294488475599997,1.070020193744349,1.0484115947925734,2258897.69512,16819.695119999888,2242078.0,0.007445974714276014,0,28,0.0,0.0,0.0,0.0,0.0,200,0
2022-03-18,0.021461795328196365,0.023642966402467273,-0.002181171074270908,1.1536888475599998,1.095318645235008,1.0461248297480816,2307377.69512,16819.695119999888,2290558.0,0.007289528348814668,0,28,0.0,0.0,0.0,0.0,0.0,200,0
2022-03-21,-0.001033640918452261,0.002548095012296141,-0.003581735930748402,1.1524963475599996,1.0981096212118064,1.0423778868573248,2304992.69512,16819.695119999888,2288173.0,0.007297070899881633,0,28,0.0,0.0,0.0,0.0,0.0,200,0
2022-03-22,0.009932352518283505,0.0050359076201352505,0.004896444898148254,1.1639433475599998,1.1036395998210107,1.04748183274337,2327886.69512,16819.695119999888,2311067.0,0.007225306607602245,0,28,0.0,0.0,0.0,0.0,0.0,200,0
2022-03-23,-0.0063675779543196365,-0.002733540589548571,-0.0036340373647710655,1.1565318475599997,1.1006227561786668,1.0436752446242616,2313063.69512,16819.695119999888,2296244.0,0.007271609145690775,0,28,0.0,0.0,0.0,0.0,0.0,200,0
2022-03-24,-0.006772835539743838,-0.008285888486962609,0.0015130529472187713,1.1486988475599997,1.0915031187547568,1.0452543805290795,2297397.69512,16819.695119999888,2280578.0,0.0073211943912572545,0,28,0.0,0.0,0.0,0.0,0.0,200,0
2022-03-25,0.0071010778998574775,-0.004517367823607719,0.011618445723465196,1.1568558475599997,1.0865723976867265,1.0573986118164709,2313711.69512,16819.695119999888,2296892.0,0.007269572589997018,0,28,0.0,0.0,0.0,0.0,0.0,200,0
2022-03-28,0.00927470784076534,0.00623975565481385,0.003034952185951489,1.1675853475599998,1.093352343949557,1.0606077660448252,2335170.69512,16819.695119999888,2318351.0,0.007202769011768348,0,28,0.0,0.0,0.0,0.0,0.0,200,0
2022-03-29,9.806563626324483e-05,-0.005046914960411081,0.005144980596674326,1.1676998475599998,1.0878342876478775,1.0660645724218079,2335399.69512,16819.695119999888,2318580.0,0.007202062736903646,0,28,0.0,0.0,0.0,0.0,0.0,200,0
2022-03-30,0.005029545916505951,0.009375131356345991,-0.00434558543984004,1.1735728475599998,1.0980328769885133,1.0614318977379622,2347145.69512,16819.695119999888,2330326.0,0.007166020905719688,0,28,0.0,0.0,0.0,0.0,0.0,200,0
2022-03-31,0.01857149306522765,0.004907632953091617,0.013663860112136033,1.1953678475599998,1.1034216193192001,1.0759351547072127,2390735.69512,16819.695119999888,2373916.0,0.0070353636975983855,0,28,0.0,0.0,0.0,0.0,0.0,200,0
2022-04-01,0.015140674761282336,0.01183172404164059,0.0033089507196417452,1.21346652336,1.116476999420565,1.079495371111669,2426933.04672,18948.04671999975,2407985.0,0.007807403976639584,25,25,1228568.0,1231454.0,757.6483999999998,0.0,0.0,200,1
2022-04-06,0.013231926625829615,0.016193596593691205,-0.0029616699678615896,1.22952302336,1.1345567775553165,1.0762982620906019,2459046.04672,18948.04671999975,2440098.0,0.007705446079496402,0,25,0.0,0.0,0.0,0.0,0.0,200,0
2022-04-07,-0.008327212915477222,-0.020550113149480666,0.012222900234003443,1.21928452336,1.1112415074020445,1.0894537483701667,2438569.04672,18948.04671999975,2419621.0,0.007770149771024873,0,25,0.0,0.0,0.0,0.0,0.0,200,0
2022-04-08,0.009336623062047078,0.0037129673753387676,0.00562365568670831,1.23066852336,1.1153675108651504,1.0955804611375943,2461337.04672,18948.04671999975,2442389.0,0.007698273889490304,0,25,0.0,0.0,0.0,0.0,0.0,200,0
2022-04-11,-0.011383243931316511,-0.02330243316172039,0.01191918923040388,1.2166595233600002,1.0893767339924607,1.1086388919710264,2433319.04672,18948.04671999975,2414371.0,0.007786914233684576,0,25,0.0,0.0,0.0,0.0,0.0,200,0
2022-04-12,0.014509811217559898,0.01678052824066403,-0.0022707170231041317,1.2343130233600001,1.1076570510419437,1.1061214867665525,2468626.04672,18948.04671999975,2449678.0,0.007675543545842245,0,25,0.0,0.0,0.0,0.0,0.0,200,0
2022-04-13,-0.003154791310068128,-0.008188006023798227,0.005033214713730099,1.23041902336,1.0985875484357097,1.111688833708919,2460838.04672,18948.04671999975,2441890.0,0.007699834918130923,0,25,0.0,0.0,0.0,0.0,0.0,200,0
2022-04-14,-0.006141403746639851,0.0013986129482180965,-0.007540016694857947,1.2228625233600001,1.1001240472057032,1.1033066813432666,2445725.04672,18948.04671999975,2426777.0,0.007747414921154474,0,25,0.0,0.0,0.0,0.0,0.0,200,0
2022-04-15,-0.004680411649441885,-0.001067695168633,-0.0036127164808088847,1.2171390233600001,1.0989494500756047,1.0993207471121913,2434278.04672,18948.04671999975,2415330.0,0.007783846527117462,0,25,0.0,0.0,0.0,0.0,0.0,200,0
2022-04-18,-0.0047788296064512625,-0.0041502218267629246,-0.000628607779688338,1.2113225233600002,1.094388566081392,1.0986297055381837,2422645.04672,18948.04671999975,2403697.0,0.007821222818280111,0,25,0.0,0.0,0.0,0.0,0.0,200,0
2022-04-19,0.007645362668822209,0.01080511002952096,-0.0031597473606987513,1.2205835233600002,1.106213554952951,1.095158313225724,2441167.04672,18948.04671999975,2422219.0,0.00776188042742045,0,25,0.0,0.0,0.0,0.0,0.0,200,0
2022-04-20,-0.009493819782279811,-0.012273305179310919,0.0027794853970311076,1.2089955233600003,1.092636658399523,1.0982022897647723,2417991.04672,18948.04671999975,2399043.0,0.007836276625466723,0,25,0.0,0.0,0.0,0.0,0.0,200,0
2022-04-21,-0.02045665142850628,-0.03100729794839727,0.010550646519890992,1.1842635233600003,1.0587569479831878,1.1097890339314154,2368527.04672,18948.04671999975,2349579.0,0.007999928371617929,0,25,0.0,0.0,0.0,0.0,0.0,200,0
2022-04-22,0.02145172885838975,0.016430117292384836,0.005021611566004915,1.2096680233600003,1.076152448822679,1.1153619633800307,2419336.04672,18948.04671999975,2400388.0,0.007831920144243066,0,25,0.0,0.0,0.0,0.0,0.0,200,0
2022-04-25,-0.03741935731612622,-0.054933392423890906,0.017514035107764683,1.1644030233600005,1.0170357440435716,1.134896451964534,2328806.04672,21528.04671999975,2307278.0,0.009244242022782819,0,25,0.0,0.0,0.0,2580.0,0.0,200,0
2022-04-26,-0.016496006635720817,-0.027047642715307626,0.010551636079586809,1.1451950233600006,0.989527324609984,1.1468714663136779,2290390.04672,21528.04671999975,2268862.0,0.009399292819504447,0,25,0.0,0.0,0.0,0.0,0.0,200,0
2022-04-27,0.01045193155387758,0.02492376712918169,-0.014471835575304109,1.1571645233600005,1.0141900732165254,1.1302741310271784,2314329.04672,21528.04671999975,2292801.0,0.009302068238961325,0,25,0.0,0.0,0.0,0.0,0.0,200,0
2022-04-28,0.003168953010547204,-0.002281004762363784,0.005449957772910989,1.1608315233600006,1.0118767008295764,1.1364340773130903,2321663.04672,21528.04671999975,2300135.0,0.009272683540539681,0,25,0.0,0.0,0.0,0.0,0.0,200,0
2022-04-29,0.007452847227096715,0.024370195493142444,-0.01691734826604573,1.1694830233600007,1.036536333843749,1.1172086262457823,2338966.04672,21528.04671999975,2317438.0,0.009204086887105162,0,25,0.0,0.0,0.0,0.0,0.0,200,0
2022-05-05,0.012510656168367662,0.016139718561531353,-0.0036290623931636914,1.1841140233600007,1.0532657385507886,1.1131542064349556,2368228.04672,21528.04671999975,2346700.0,0.009090360512289402,0,25,0.0,0.0,0.0,0.0,0.0,200,0
2022-05-06,-0.013740653078181952,-0.017216503467704338,0.0034758503895223856,1.1678435233600006,1.0351321853106148,1.117023363916991,2335687.04672,21528.04671999975,2314159.0,0.009217008224724087,0,25,0.0,0.0,0.0,0.0,0.0,200,0
2022-05-09,0.005141527850173411,0.008966226644866508,-0.0038246987946930974,1.1738480233600008,1.0444134150915056,1.1127510860033738,2347696.04672,21528.04671999975,2326168.0,0.00916986112835045,0,25,0.0,0.0,0.0,0.0,0.0,200,0
2022-05-10,0.006707427063226579,0.01632392172416625,-0.00961649466093967,1.1817215233600007,1.0614623379271284,1.1020503211258674,2363443.04672,21528.04671999975,2341915.0,0.009108764753132723,0,25,0.0,0.0,0.0,0.0,0.0,200,0
2022-05-11,-0.006698278607546904,-0.0015695840913128333,-0.005128694516234071,1.1738060233600007,1.0597962835279904,1.0963982416872953,2347612.04672,21528.04671999975,2326084.0,0.009170189235516137,0,25,0.0,0.0,0.0,0.0,0.0,200,0
2022-05-12,0.0018427235479747672,0.007727948272001179,-0.005885224724026411,1.1759690233600009,1.0679863343859537,1.0899456916479382,2351938.04672,21528.04671999975,2330410.0,0.009153322193168585,0,25,0.0,0.0,0.0,0.0,0.0,200,0
2022-05-13,0.012762666109280119,0.0101237822167537,0.002638883892526419,1.1909775233600008,1.078798395445746,1.0928219317773564,2381955.04672,25560.04671999975,2356395.0,0.010730700713767227,0,25,0.0,0.0,0.0,4031.9999999999995,0.0,200,0
2022-05-16,0.0014945706069904308,-0.0013191410852721069,0.0028137116922625376,1.192757523360001,1.077375308159588,1.0958968176243593,2385515.04672,25560.04671999975,2359955.0,0.010714686857726563,0,25,0.0,0.0,0.0,0.0,0.0,200,0
2022-05-17,-0.006232867833067757,-0.0036474372476804095,-0.002585430585387347,1.1853232233600008,1.0734456493308755,1.0930634524736447,2370646.44672,27142.446719999753,2343504.0,0.011449386203309118,0,25,0.0,0.0,0.0,1582.3999999999999,0.0,200,0
2022-05-18,-0.0034197423286027595,0.002572258570035686,-0.005992000898638446,1.1812697233600007,1.0762068291018343,1.0865138152841538,2362539.44672,27142.446719999753,2335397.0,0.011488674509829924,0,25,0.0,0.0,0.0,0.0,0.0,200,0
2022-05-19,0.0023610187790701342,0.002525105178015062,-0.0001640863989449278,1.1840587233600006,1.0789243645386146,1.0863355331448,2368117.44672,27142.446719999753,2340975.0,0.01146161342529436,0,25,0.0,0.0,0.0,0.0,0.0,200,0
2022-05-20,0.007485203077470359,0.007879886536560483,-0.0003946834590901234,1.1929216433600005,1.0874261661127096,1.0859067744788458,2385843.2867199997,28570.286719999753,2357273.0,0.011974921772534985,0,25,0.0,0.0,0.0,1427.84,0.0,200,0
2022-05-23,0.0005570357480717547,0.0027103289460465828,-0.002153293197974828,1.1935861433600006,1.0903734487274133,1.0835684988077257,2387172.2867199997,28570.286719999753,2358602.0,0.011968255026643105,0,25,0.0,0.0,0.0,0.0,0.0,200,0
2022-05-24,-0.01585725513427927,-0.02600808568514288,0.010150830550863611,1.1746591433600007,1.062014922644106,1.0945676190293765,2349318.2867199997,28570.286719999753,2320748.0,0.012161096638756494,0,25,0.0,0.0,0.0,0.0,0.0,200,0
2022-05-25,0.026997193338392123,0.029338585036004505,-0.0023413916976123827,1.2063716433600007,1.093172937761606,1.0920048074937057,2412743.2867199997,28570.286719999753,2384173.0,0.011841411756175514,0,25,0.0,0.0,0.0,0.0,0.0,200,0
2022-05-26,0.00600934217900595,0.006540651605018575,-0.0005313094260126251,1.2136211433600006,1.1003230010915392,1.0914246150462332,2427242.2867199997,28570.286719999753,2398672.0,0.011770677726040929,0,25,0.0,0.0,0.0,0.0,0.0,200,0
2022-05-27,0.00014726177191115575,0.0015399404209010435,-0.0013926786489898877,1.2137998633600007,1.1020174329569674,1.0899046112878763,2427599.7267199997,29591.72671999975,2398008.0,0.012189705903444795,0,25,0.0,0.0,0.0,1021.44,0.0,200,0
2022-05-30,0.002965892573125295,0.007934705067358425,-0.00496881249423313,1.2173998633600005,1.1107616162665683,1.0844890796377868,2434799.7267199997,29591.72671999975,2405208.0,0.01215365945513053,0,25,0.0,0.0,0.0,0.0,0.0,200,0
2022-05-31,0.004080007029318322,0.008770613883709127,-0.004690606854390805,1.2223668633600004,1.120503677519687,1.0794021677273258,2444733.7267199997,29591.72671999975,2415142.0,0.012104273932401535,0,25,0.0,0.0,0.0,0.0,0.0,200,0
2022-06-01,0.0001452100881662588,0.002602322001797721,-0.0024571119136314623,1.2225443633600004,1.1234195888927918,1.0767499558014033,2445088.7267199997,29591.72671999975,2415497.0,0.01210251652490992,0,25,0.0,0.0,0.0,0.0,0.0,200,0
2022-06-02,-0.004865263117039498,-0.006247323908616099,0.0013820607915766012,1.2165963633600005,1.116401222835694,1.0782380896976482,2433192.7267199997,29591.72671999975,2403601.0,0.012161686328846661,0,25,0.0,0.0,0.0,0.0,0.0,200,0
2022-06-06,-0.0033844421403893543,0.0031679792664267114,-0.006552421406816066,1.2124788633600005,1.119937958762651,1.0711730193570688,2424957.7267199997,29591.72671999975,2395366.0,0.012202986631039359,0,25,0.0,0.0,0.0,0.0,0.0,200,0
2022-06-07,0.011149885089573042,0.005458650598325004,0.005691234491248038,1.2259978633600006,1.1260513087713375,1.0772693161909281,2451995.7267199997,29591.72671999975,2422404.0,0.01206842507820525,0,25,0.0,0.0,0.0,0.0,0.0,200,0
2022-06-08,0.00037561240012107255,0.010444767791463232,-0.01006915539134216,1.2264583633600006,1.1378126532127273,1.0664221240478768,2452916.7267199997,29591.72671999975,2423325.0,0.01206389373012647,0,25,0.0,0.0,0.0,0.0,0.0,200,0
2022-06-09,0.0037424833464587692,-0.0037354960422756336,0.007477979388734403,1.2310483633600005,1.1335623585498,1.0743968067111973,2462096.7267199997,29591.72671999975,2432505.0,0.012018913147828188,0,25,0.0,0.0,0.0,0.0,0.0,200,0
2022-06-10,0.006208935593024156,0.014820638401173388,-0.008611702808149232,1.2386918633600006,1.1503624763710478,1.065144420713776,2477383.7267199997,29591.72671999975,2447792.0,0.01194474897079369,0,25,0.0,0.0,0.0,0.0,0.0,200,0
2022-06-13,-0.01287325804881434,-0.017708124468402177,0.004834866419587837,1.2227458633600006,1.12999171445569,1.0702942517054963,2445491.7267199997,29591.72671999975,2415900.0,0.01210052211449902,0,25,0.0,0.0,0.0,0.0,0.0,200,0
2022-06-14,0.01272627490821332,0.015313099736711721,-0.0025868248284984015,1.2383068633600005,1.1472953902808076,1.0675255879613854,2476613.7267199997,29591.72671999975,2447022.0,0.011948462693530618,0,25,0.0,0.0,0.0,0.0,0.0,200,0
2022-06-15,-0.0008277431308252314,-0.002057513029418078,0.0012297698985928467,1.2372818633600005,1.1449348150667136,1.068838398795438,2474563.7267199997,37943.72671999975,2436620.0,0.015333501542226857,0,25,0.0,0.0,0.0,8352.0,0.0,200,0
2022-06-16,-0.012356521543508303,-0.009161960126641768,-0.0031945614168665346,1.2219933633600004,1.1344449679434685,1.0654239288857805,2443986.7267199997,37943.72671999975,2406043.0,0.015525340749670467,0,25,0.0,0.0,0.0,0.0,0.0,200,0
2022-06-17,-0.00038257163583488296,-0.0004564615310784128,7.388989524352986e-05,1.2215258633600004,1.1339271374564768,1.0655026529482758,2443051.7267199997,37943.72671999975,2405108.0,0.015531282577852891,0,25,0.0,0.0,0.0,0.0,0.0,200,0
2022-06-20,-0.004877096898802447,0.005980713174846099,-0.010857810073648545,1.2155683633600003,1.1407088304267783,1.053933627509595,2431136.7267199997,37943.72671999975,2393193.0,0.015607401386754595,0,25,0.0,0.0,0.0,0.0,0.0,200,0
2022-06-21,0.0032129003334742112,-0.0009906556970911277,0.004203556030565339,1.2194738633600004,1.1395787807251938,1.0583638965653286,2438947.7267199997,40487.72671999975,2398460.0,0.01660048974253719,0,25,0.0,0.0,0.0,2544.0,0.0,200,0
2022-06-22,-0.008947711244860712,-0.014226073909950699,0.0052783626650899865,1.2085623633600004,1.1233670487643856,1.0639503250430382,2417124.7267199997,40487.72671999975,2376637.0,0.016750367191411326,0,25,0.0,0.0,0.0,0.0,0.0,200,0
2022-06-23,0.006016073493953611,0.007068289359570013,-0.001052215865616402,1.2158331633600006,1.1313073321220584,1.0628308196308,2431666.32672,41861.32671999975,2389805.0,0.017215078508104855,0,25,0.0,0.0,0.0,1373.6,0.0,200,0
2022-06-24,-0.00375915062833887,-0.002279169844456745,-0.0014799807838821247,1.2112626633600005,1.128728890565873,1.061257850441229,2422525.32672,41861.32671999975,2380664.0,0.01728003676918345,0,25,0.0,0.0,0.0,0.0,0.0,200,0
2022-06-27,5.77909334764648e-06,0.0038783835812135274,-0.003872604487865881,1.2112696633600006,1.133106534162685,1.0571480185268274,2422539.32672,41861.32671999975,2380678.0,0.017279936906815025,0,25,0.0,0.0,0.0,0.0,0.0,200,0
2022-06-28,0.006946017269731097,0.011237261512227308,-0.00429124424249621,1.2196831633600005,1.1458395486082846,1.0526115381788579,2439366.32672,41861.32671999975,2397505.0,0.017160738123448222,0,25,0.0,0.0,0.0,0.0,0.0,200,0
2022-06-29,-0.004684987193115275,-0.010287220843899013,0.0056022336507837375,1.2139689633600006,1.1340520441200777,1.0585085139592467,2427937.92672,53652.92671999975,2374285.0,0.022098145973806535,0,25,0.0,0.0,0.0,11791.6,0.0,200,0
2022-06-30,0.003754214594898553,0.0021083003752171265,0.0016459142196814263,1.2185264633600006,1.1364429664702118,1.060250728174026,2437052.92672,54724.92671999975,2382328.0,0.022455370632287978,0,25,0.0,0.0,0.0,1072.0,0.0,200,0
2022-07-01,0.0029992872620281386,0.008698327338084767,-0.005699040076056629,1.2221811742600004,1.1463281193936337,1.0542083167834941,2444362.3485199995,18296.348519999752,2426066.0,0.007485121234614719,27,27,914368.0,878516.0,576.5781999999999,0.0,0.0,200,1
2022-07-04,0.007032099807300574,0.012036540138397195,-0.005004440331096621,1.2307756742600005,1.1601259438144886,1.0489325941656054,2461551.3485199995,18296.348519999752,2443255.0,0.007432852672766862,0,27,0.0,0.0,0.0,0.0,0.0,200,0
2022-07-05,0.0038032925884845525,0.005930851274727685,-0.0021275586862431325,1.2354566742600006,1.1670064782472054,1.0467009285136049,2470913.3485199995,18296.348519999752,2452617.0,0.007404690468388419,0,27,0.0,0.0,0.0,0.0,0.0,200,0
2022-07-06,-0.0023177664256944785,-0.012582131513918822,0.010264365088224344,1.2325931742600007,1.1523230492603038,1.057444648982052,2465186.3485199995,18296.348519999752,2446890.0,0.0074218926820620095,0,27,0.0,0.0,0.0,0.0,0.0,200,0
2022-07-07,0.005036325147368403,0.009851129191883974,-0.004814804044515571,1.238800914260001,1.1636747324893526,1.0523532602092818,2477601.82852,29408.828519999755,2448193.0,0.0118698768226076,0,27,0.0,0.0,0.0,11112.48,0.0,200,0
2022-07-08,0.006858600039922669,0.004076173962487403,0.002782426077435266,1.2472973542600008,1.1684180731347302,1.055281355363162,2494594.70852,35203.70851999975,2459391.0,0.014111995186939808,0,27,0.0,0.0,0.0,5794.88,0.0,200,0
2022-07-11,0.009510562945944656,0.008379042187911816,0.00113152075803284,1.2591598542600007,1.1782082974626447,1.0564754281223205,2518319.70852,35203.70851999975,2483116.0,0.013979046584473877,0,27,0.0,0.0,0.0,0.0,0.0,200,0
2022-07-12,0.016311215713012084,0.005862332253245626,0.010448883459766457,1.2796982822600005,1.1851153459659016,1.0675144167488775,2559396.5645199995,41163.56451999975,2518233.0,0.016083308499603207,0,27,0.0,0.0,0.0,5959.856,0.0,200,0
2022-07-13,0.019603058273780727,0.012417535229704138,0.007185523044076589,1.3047842822600004,1.1998315575256964,1.0751850661903104,2609568.5645199995,41163.56451999975,2568405.0,0.015774088130760158,0,27,0.0,0.0,0.0,0.0,0.0,200,0
2022-07-14,-0.02055090666294279,-0.016589722016287486,-0.003961184646655305,1.2779697822600005,1.1799266855199757,1.0709260596138044,2555939.5645199995,41163.56451999975,2514776.0,0.0161050617516186,0,27,0.0,0.0,0.0,0.0,0.0,200,0
2022-07-15,-0.007102318165887134,-0.018879746739821707,0.011777428573934573,1.2688932342600003,1.1576499685258013,1.0835388147888712,2537786.4685199996,63973.468519999755,2473813.0,0.025208373247142483,0,27,0.0,0.0,0.0,22809.904,0.0,200,0
2022-07-18,0.02381484839236525,0.02569437671814352,-0.0018795283257782673,1.2991117342600003,1.1873950629248502,1.0815022728943953,2598223.4685199996,63973.468519999755,2534250.0,0.024622003955818445,0,27,0.0,0.0,0.0,0.0,0.0,200,0
2022-07-19,-0.0018732953723846757,-0.000480267166760052,-0.0013930282056246238,1.2966781142600003,1.1868247960621543,1.0799957097238062,2593356.22852,65035.22851999976,2528321.0,0.02507763021708539,0,27,0.0,0.0,0.0,1061.76,0.0,200,0
2022-07-20,-0.0009705569841581552,0.002976296690476362,-0.003946853674634517,1.2954196142600003,1.1903571387748493,1.0757331246882933,2590839.22852,70711.22851999976,2520128.0,0.02729278904750608,0,27,0.0,0.0,0.0,5676.0,0.0,200,0
2022-07-21,-0.011942848347898272,-0.011022782045470041,-0.0009200663024282307,1.2799486142600003,1.1772360914778648,1.0747433788898617,2559897.22852,70711.22851999976,2489186.0,0.027622682556237357,0,27,0.0,0.0,0.0,0.0,0.0,200,0
2022-07-22,0.005731089450212723,0.007574306809701349,-0.0018432173594886258,1.2872841142600002,1.1861528388221718,1.0727623932368964,2574568.22852,70711.22851999976,2503857.0,0.02746527659927209,0,27,0.0,0.0,0.0,0.0,0.0,200,0
2022-07-25,-0.001027356731392759,-0.009483061130100102,0.008455704398707343,1.2859616142600003,1.1749044789419794,1.0818333549241572,2571923.22852,70711.22851999976,2501212.0,0.02749352225442988,0,27,0.0,0.0,0.0,0.0,0.0,200,0
2022-07-26,-0.0069831011286969336,0.008104836205464217,-0.015087937334161151,1.2769816142600003,1.1844268873008705,1.0655107210590562,2553963.22852,70711.22851999976,2483252.0,0.0276868624146074,0,27,0.0,0.0,0.0,0.0,0.0,200,0
2022-07-27,-0.002759240979394839,0.0036308106540816117,-0.006390051633476451,1.2734581142600003,1.1887273170622634,1.058702052535466,2546916.22852,70711.22851999976,2476205.0,0.027763468514663197,0,27,0.0,0.0,0.0,0.0,0.0,200,0
2022-07-28,0.0027389986061903127,0.0018131497457248898,0.0009258488604654228,1.2769461142600003,1.1908826576949312,1.0596822506243782,2553892.22852,70711.22851999976,2483181.0,0.027687632128853557,0,27,0.0,0.0,0.0,0.0,0.0,200,0
2022-07-29,-0.004618566072710051,-0.0030482746365795422,-0.0015702914361305086,1.27104845426,1.1872525202943374,1.058018240661203,2542096.9085199996,71639.90851999975,2470457.0,0.028181423092052092,0,27,0.0,0.0,0.0,928.68,0.0,200,0
2022-08-01,-0.0026108367378739894,-0.005621191591097704,0.0030103548532237146,1.26772995426,1.1805787464107491,1.0612032510067766,2535459.9085199996,71639.90851999975,2463820.0,0.028255192787417192,0,27,0.0,0.0,0.0,0.0,0.0,200,0
2022-08-02,-0.02830334637075327,-0.039855296131654665,0.011551949760901396,1.23184895426,1.133526430865811,1.073462217648512,2463697.9085199996,71639.90851999975,2392058.0,0.02907820324571997,0,27,0.0,0.0,0.0,0.0,0.0,200,0
2022-08-03,-0.016430991746190893,-0.012378665906182787,-0.0040523258400081055,1.21160845426,1.1194948858822955,1.0691121989656625,2423216.9085199996,71639.90851999975,2351577.0,0.02956396856926623,0,27,0.0,0.0,0.0,0.0,0.0,200,0
2022-08-04,0.0025792160734869896,0.014781570053675603,-0.012202353980188613,1.2147334542600001,1.1360427779626963,1.0560665134693457,2429466.9085199996,71639.90851999975,2357827.0,0.029487912870417268,0,27,0.0,0.0,0.0,0.0,0.0,200,0
2022-08-05,0.0060758185049707425,0.005229192114663258,0.0008466263903074847,1.2221139542600001,1.1419833638991388,1.056960607249569,2444227.9085199996,71639.90851999975,2372588.0,0.029309831652883103,0,27,0.0,0.0,0.0,0.0,0.0,200,0
2022-08-08,-2.454762904513519e-05,0.006702624137347023,-0.006727171766392159,1.2220839542600002,1.1496376491584581,1.049850251694291,2444167.9085199996,71639.90851999975,2372528.0,0.029310551157420022,0,27,0.0,0.0,0.0,0.0,0.0,200,0
2022-08-09,-0.005316737837323449,0.0008521225405029715,-0.00616886037782642,1.2155864542600001,1.150617281312717,1.043373872073963,2431172.9085199996,71639.90851999975,2359533.0,0.02946722064438076,0,27,0.0,0.0,0.0,0.0,0.0,200,0
2022-08-10,-0.006004920484609766,-0.0018337935028812536,-0.0041711269817285125,1.20828695426,1.1485072868179427,1.0390218271641247,2416573.9085199996,71639.90851999975,2344934.0,0.029645237940963583,0,27,0.0,0.0,0.0,0.0,0.0,200,0
2022-08-11,0.014333101867020082,0.01544860122013677,-0.0011154993531166876,1.2256054542600001,1.1662501178904143,1.037862798988049,2451210.9085199996,71639.90851999975,2379571.0,0.02922633391969308,0,27,0.0,0.0,0.0,0.0,0.0,200,0
2022-08-12,0.0040159742949021915,0.0067234927243084615,-0.00270751842940627,1.2305274542600002,1.1740913920727745,1.0350527663325935,2461054.9085199996,71639.90851999975,2389415.0,0.029109431192285637,0,27,0.0,0.0,0.0,0.0,0.0,200,0
2022-08-15,0.0015948445467071082,0.0045165144860884925,-0.0029216699393813843,1.23248995426,1.1793941928530631,1.032028683779526,2464979.9085199996,71639.90851999975,2393340.0,0.029063080097481656,0,27,0.0,0.0,0.0,0.0,0.0,200,0
2022-08-16,0.00236472515652264,0.00818588688063936,-0.00582116172411672,1.2354044542600002,1.1890485803034412,1.026021077907318,2470808.9085199996,71639.90851999975,2399169.0,0.028994516036010103,0,27,0.0,0.0,0.0,0.0,0.0,200,0
2022-08-17,0.005273576582579542,0.009575538727512586,-0.004301962144933044,1.2419194542600003,1.2004343610330306,1.0216071740702573,2483838.9085199996,71639.90851999975,2412199.0,0.028842413360327997,0,27,0.0,0.0,0.0,0.0,0.0,200,0
2022-08-18,-0.00864146218435291,-0.009710801419131934,0.0010693392347790234,1.2311874542600003,1.1887771813363364,1.0226996187040223,2462374.9085199996,71639.90851999975,2390735.0,0.029093826562364797,0,27,0.0,0.0,0.0,0.0,0.0,200,0
2022-08-19,0.003975024260575832,0.011695917240594591,-0.007720892980018759,1.2360814542600005,1.2026810208667535,1.0148034643973025,2472162.9085199996,71639.90851999975,2400523.0,0.02897863578209259,0,27,0.0,0.0,0.0,0.0,0.0,200,0
2022-08-22,-0.0014283039308740086,0.003037051812307099,-0.004465355743181108,1.2343159542600004,1.2063336254408041,1.010272005919356,2468631.9085199996,71639.90851999975,2396992.0,0.029020085283977995,0,27,0.0,0.0,0.0,0.0,0.0,200,0
2022-08-23,0.006026819935629701,0.01059758002319045,-0.004570760087560749,1.2417549542600004,1.2191178425710787,1.0056542949571199,2483509.9085199996,71639.90851999975,2411870.0,0.02884623422448602,0,27,0.0,0.0,0.0,0.0,0.0,200,0
2022-08-24,-0.011253830678958576,-0.01769366747513302,0.006439836796174443,1.2277804542600004,1.1975471768516244,1.0121305444900157,2455560.9085199996,71639.90851999975,2383921.0,0.029174559780387656,0,27,0.0,0.0,0.0,0.0,0.0,200,0
2022-08-25,0.015666074446178513,0.01762696570919456,-0.0019608912630160458,1.2470149542600004,1.2186562998731307,1.0101458665482936,2494029.9085199996,71639.90851999975,2422390.0,0.02872455870527716,0,27,0.0,0.0,0.0,0.0,0.0,200,0
2022-08-26,-0.00132818615714414,-0.006978888200463795,0.005650702043319655,1.2453586862600006,1.2101514338015253,1.015853899860449,2490717.3725199997,74142.37251999974,2416575.0,0.02976747716863022,0,27,0.0,0.0,0.0,2502.464,0.0,200,0
2022-08-29,0.0004119295152953395,0.0035041222551412455,-0.003092192739845906,1.2458716862600006,1.2143919523728004,1.0127126838065563,2491743.3725199997,74142.37251999974,2417601.0,0.029755220115230643,0,27,0.0,0.0,0.0,0.0,0.0,200,0
2022-08-30,-0.00020226802067913052,-0.008530080700407368,0.008327812679728238,1.2456196862600006,1.204033091017135,1.021146365335682,2491239.3725199997,74142.37251999974,2417097.0,0.02976123986231055,0,27,0.0,0.0,0.0,0.0,0.0,200,0
2022-08-31,-0.005032033508413636,-0.02402738067806822,0.018995347169654585,1.2393516862600007,1.1751033295902753,1.0405433950562644,2478703.3725199997,74142.37251999974,2404561.0,0.029911756824949218,0,27,0.0,0.0,0.0,0.0,0.0,200,0
2022-09-01,0.0021612105988115804,-0.002249386966343973,0.004410597565155553,1.2420301862600007,1.1724600674765875,1.0451328132209383,2484060.3725199997,74142.37251999974,2409918.0,0.029847250630541108,0,27,0.0,0.0,0.0,0.0,0.0,200,0
2022-09-02,0.004481372563705843,0.005538127288586293,-0.00105675472488045,1.2475961862600007,1.1789533005710573,1.0440283641824395,2495192.3725199997,74142.37251999974,2421050.0,0.02971409071963467,0,27,0.0,0.0,0.0,0.0,0.0,200,0
2022-09-05,0.01641877413989712,0.024230383240949473,-0.007811609101052355,1.2680801862600006,1.2075197908670763,1.0358728227110352,2536160.3725199997,74142.37251999974,2462018.0,0.02923410259199414,0,27,0.0,0.0,0.0,0.0,0.0,200,0
2022-09-06,0.00783862101758448,0.011448360974512546,-0.003609739956928067,1.2780201862600007,1.2213439133167905,1.0321335911925993,2556040.3725199997,74142.37251999974,2481898.0,0.029006729829898107,0,27,0.0,0.0,0.0,0.0,0.0,200,0
2022-09-07,0.0009021766732606462,0.004568692564672676,-0.0036665158914120297,1.2791731862600006,1.226923858172469,1.0283492569784316,2558346.3725199997,74142.37251999974,2484204.0,0.0289805842228348,0,27,0.0,0.0,0.0,0.0,0.0,200,0
2022-09-08,0.011212711581248369,-0.003329138710287966,0.014541850291536335,1.2935161862600006,1.2228392584616512,1.0433033579208246,2587032.3725199997,74142.37251999974,2512890.0,0.02865923647015614,0,27,0.0,0.0,0.0,0.0,0.0,200,0
2022-09-09,0.007902877527614649,0.0002041608372478798,0.007698716690366769,1.3037386862600007,1.2230889143484782,1.0513354548955653,2607477.3725199997,74142.37251999974,2533335.0,0.02843452192582011,0,27,0.0,0.0,0.0,0.0,0.0,200,0
2022-09-13,-0.00037507516280177455,-0.008835329440856656,0.008460254278054882,1.3032496862600007,1.2122825208547496,1.0602300201755164,2606499.3725199997,74142.37251999974,2532357.0,0.02844519101046929,0,27,0.0,0.0,0.0,0.0,0.0,200,0
2022-09-14,-0.009328220162390766,-0.009299449943087583,-2.8770219303182396e-05,1.2910926862600007,1.2010089602351808,1.0601995171253242,2582185.3725199997,74142.37251999974,2508043.0,0.028713032499151254,0,27,0.0,0.0,0.0,0.0,0.0,200,0
2022-09-15,-0.0057536535363070795,-0.015559002062339183,0.009805348526032103,1.2836641862600007,1.1823224593459938,1.070595142897869,2567328.3725199997,74142.37251999974,2493186.0,0.02887919337222304,0,27,0.0,0.0,0.0,0.0,0.0,200,0
2022-09-16,-0.028339187452123715,-0.03186710165386308,0.0035279142017393614,1.2472861862600007,1.1446452693463696,1.0743721107068116,2494572.3725199997,74142.37251999974,2420430.0,0.029721475847622584,0,27,0.0,0.0,0.0,0.0,0.0,200,0
2022-09-19,-0.0014659827232456069,-0.007331446161530662,0.005865463438285055,1.2454576862600006,1.1362533641801058,1.0806738010412755,2490915.3725199997,74142.37251999974,2416773.0,0.02976511098608367,0,27,0.0,0.0,0.0,0.0,0.0,200,0
2022-09-20,-3.211670732916616e-06,0.00824600589065074,-0.008249217561383656,1.2454536862600005,1.1456229161144067,1.0717590877435987,2490907.3725199997,74142.37251999974,2416765.0,0.02976520658212651,0,27,0.0,0.0,0.0,0.0,0.0,200,0
2022-09-21,0.011793292807303679,0.017963665988313136,-0.006170373181009457,1.2601416862600003,1.1662025035280432,1.0651459342120826,2520283.3725199997,74142.37251999974,2446141.0,0.029418268329829005,0,27,0.0,0.0,0.0,0.0,0.0,200,0
2022-09-22,-0.0039003550581580004,-0.0035451546393196914,-0.00035520041883830905,1.2552266862600003,1.1620681353122746,1.0647675939301267,2510453.3725199997,74142.37251999974,2436311.0,0.029533459307222835,0,27,0.0,0.0,0.0,0.0,0.0,200,0
2022-09-23,-0.006541846257640094,-0.010753072119726518,0.004211225862086424,1.2470151862600003,1.1495723328452256,1.0692515707587966,2494030.3725199997,74142.37251999974,2419888.0,0.02972793488680948,0,27,0.0,0.0,0.0,0.0,0.0,200,0
2022-09-26,-0.02208072548224682,-0.026971721934966678,0.004890996452719856,1.2194801862600004,1.1185663875395933,1.074481276398443,2438960.3725199997,74142.37251999974,2364818.0,0.030399170628341878,0,27,0.0,0.0,0.0,0.0,0.0,200,0
2022-09-27,0.006925081764468599,0.011378011583567228,-0.004452929819098629,1.2279251862600002,1.1312934488540078,1.0696966866827053,2455850.3725199997,74142.37251999974,2381708.0,0.030190101705553297,0,27,0.0,0.0,0.0,0.0,0.0,200,0
2022-09-28,-0.01206873200894032,-0.012440422730296772,0.0003716907213564529,1.2131056862600003,1.1172196801182486,1.070094283015811,2426211.3725199997,74142.37251999974,2352069.0,0.03055890898862258,0,27,0.0,0.0,0.0,0.0,0.0,200,0
2022-09-29,-0.007693888591665199,-0.00944393964569845,0.0017500510540332508,1.2037721862600002,1.1066687248882252,1.0719670026437178,2407544.3725199997,74142.37251999974,2333402.0,0.03079584881851802,0,27,0.0,0.0,0.0,0.0,0.0,200,0
2022-09-30,0.0014429640590025716,-0.00293975478254096,0.004382718841543532,1.2055091862600003,1.1034153902115467,1.0766651326237173,2411018.3725199997,74142.37251999974,2336876.0,0.030751475544545947,0,27,0.0,0.0,0.0,0.0,0.0,200,0
2022-10-10,0.0014830635638263256,-0.004341570797514196,0.005824634361340521,1.2072970330100004,1.0986248341758764,1.0829363133508547,2414594.06602,18838.066019999707,2395756.0,0.0078017528018905,27,27,626389.0,571489.0,404.30649999999997,0.0,0.0,200,1
2022-10-11,0.005077043869409659,0.013099205518444545,-0.008022161649034886,1.2134265330100003,1.1130159466664131,1.0742488231895442,2426853.06602,18838.066019999707,2408015.0,0.007762343045717982,0,27,0.0,0.0,0.0,0.0,0.0,200,0
2022-10-12,0.006042805065265222,0.012345865327281765,-0.006303060262016543,1.2207590330100002,1.1267570916510736,1.06747776812058,2441518.06602,18838.066019999707,2422680.0,0.007715718463106959,0,27,0.0,0.0,0.0,0.0,0.0,200,0
2022-10-13,-0.004856814358670802,0.007066146967771241,-0.011922961326442043,1.2148300330100001,1.1347189228576586,1.0547502719744417,2429660.06602,18838.066019999707,2410822.0,0.007753375166945943,0,27,0.0,0.0,0.0,0.0,0.0,200,0
2022-10-14,0.006144069373644312,0.009933368430412787,-0.0037892990567684748,1.2222940330100003,1.1459905039833649,1.0507535077637227,2444588.06602,18838.066019999707,2425750.0,0.007706028791455937,0,27,0.0,0.0,0.0,0.0,0.0,200,0
2022-10-17,0.003302805946011622,0.0022979342009354906,0.0010048717450761315,1.2263310330100001,1.1486239147564155,1.0518093802747142,2452662.06602,18838.066019999707,2433824.0,0.007680661058442812,0,27,0.0,0.0,0.0,0.0,0.0,200,0
2022-10-18,0.0014926638490970756,-0.001747192286482428,0.0032398561355795035,1.22816153301,1.1466170479124838,1.0552170913488572,2456323.06602,18838.066019999707,2437485.0,0.007669213500699311,0,27,0.0,0.0,0.0,0.0,0.0,200,0
2022-10-19,0.0018971445834894407,-0.008774126193541502,0.010671270777030943,1.23049153301,1.1365564852384336,1.066477598659192,2460983.06602,18838.066019999707,2442145.0,0.007654691444287498,0,27,0.0,0.0,0.0,0.0,0.0,200,0
2022-10-20,-0.006405570285168305,-0.008836948152478099,0.0024313778673097936,1.22260953301,1.1265127945060187,1.0690706086885535,2445219.06602,18838.066019999707,2426381.0,0.007704040215366793,0,27,0.0,0.0,0.0,0.0,0.0,200,0
2022-10-21,0.002378518996854817,0.0020366347569232886,0.0003418842399315284,1.22551753301,1.1288070896174285,1.069436107081038,2451035.06602,18838.066019999707,2432197.0,0.007685759490413588,0,27,0.0,0.0,0.0,0.0,0.0,200,0
2022-10-24,-0.015663586593373857,-0.01621239614587003,0.0005488095524961711,1.2063215330100001,1.110506421908284,1.0700230238323885,2412643.06602,18838.066019999707,2393805.0,0.0078080617416300185,0,27,0.0,0.0,0.0,0.0,0.0,200,0
2022-10-25,0.001146874993226632,-0.003870642178818783,0.005017517172045415,1.20770503301,1.1062080489117967,1.0753918827289515,2415410.06602,18838.066019999707,2396572.0,0.0077991171292252645,0,27,0.0,0.0,0.0,0.0,0.0,200,0
2022-10-26,-0.0002707614782270218,0.007217758146441698,-0.007488519624668719,1.2073780330100001,1.1141923910684892,1.0673387895109263,2414756.06602,18838.066019999707,2395918.0,0.007801229401630038,0,27,0.0,0.0,0.0,0.0,0.0,200,0
2022-10-27,-0.002085924980531062,-0.005497824815543778,0.0034118998350127156,1.20485953301,1.108066756491583,1.0709804425507614,2409719.06602,18838.066019999707,2390881.0,0.007817536195666785,0,27,0.0,0.0,0.0,0.0,0.0,200,0
2022-10-28,-0.015164838306382378,-0.029917207871371046,0.014752369564988668,1.18658803301,1.0749164930022683,1.0867799418361455,2373176.06602,18838.066019999707,2354338.0,0.007937913368388467,0,27,0.0,0.0,0.0,0.0,0.0,200,0
2022-10-31,-0.004734583396858394,-0.002991333009151446,-0.0017432503877069477,1.1809700330100001,1.0717010598146692,1.0848854122811875,2361940.06602,18838.066019999707,2343102.0,0.007975674866188665,0,27,0.0,0.0,0.0,0.0,0.0,200,0
2022-11-01,0.00859208931333999,0.020056644243903566,-0.011464554930563576,1.19111703301,1.0931957867071866,1.0724476838787227,2382234.06602,18838.066019999707,2363396.0,0.00790773093572307,0,27,0.0,0.0,0.0,0.0,0.0,201,0
2022-11-02,0.0027864600270326445,0.004888566322672153,-0.002102106295639509,1.1944360330100001,1.0985399468141703,1.0701932848506972,2388872.06602,18838.066019999707,2370034.0,0.007885757587422848,0,27,0.0,0.0,0.0,0.0,0.0,201,0
2022-11-03,-0.0022433181233219024,-0.0011566854146738603,-0.001086632708648042,1.1917565330100002,1.0972692816802538,1.069030377822803,2383513.06602,18838.066019999707,2364675.0,0.007903487624448223,0,27,0.0,0.0,0.0,0.0,0.0,201,0
2022-11-04,0.011879943266802417,0.01812635151629536,-0.006246408249492942,1.20591453301,1.117158770388023,1.062352777651812,2411829.06602,18838.066019999707,2392991.0,0.007810696987364151,0,27,0.0,0.0,0.0,0.0,0.0,201,0
2022-11-07,0.001225211206562049,0.008417399787234367,-0.007192188580672318,1.2073920330099999,1.1265623423841942,1.0547121361357392,2414784.06602,18838.066019999707,2395946.0,0.007801138944505395,0,27,0.0,0.0,0.0,0.0,0.0,201,0
2022-11-08,-0.0018925087606413982,-0.0011651378573395536,-0.0007273709033018445,1.2051070330099998,1.1252497419504293,1.0539449692165548,2410214.06602,18838.066019999707,2391376.0,0.007815930661755332,0,27,0.0,0.0,0.0,0.0,0.0,201,0
2022-11-09,0.00032694191404392114,0.0013779449057178864,-0.0010510029916739653,1.2055010330099998,1.1268002741000103,1.0528372699008486,2411002.06602,18838.066019999707,2392164.0,0.007813376141604452,0,27,0.0,0.0,0.0,0.0,0.0,201,0
2022-11-10,0.005573616128078607,-0.0018549227746707346,0.007428538902749342,1.2122200330099997,1.124710146609077,1.0606583125185713,2424440.06602,18838.066019999707,2405602.0,0.00777006876104163,0,27,0.0,0.0,0.0,0.0,0.0,201,0
2022-11-11,0.008667980823505506,0.009184469592620315,-0.000516488769114809,1.2227275330099996,1.1350400127511195,1.0601104944122872,2445455.06602,18838.066019999707,2426617.0,0.007703296732684943,0,27,0.0,0.0,0.0,0.0,0.0,201,0
2022-11-14,3.6394044297338723e-05,-0.0006488951758348522,0.000685289220132191,1.2227720330099996,1.1343034907624658,1.0608369767062569,2445544.06602,18838.066019999707,2426706.0,0.007703016388765267,0,27,0.0,0.0,0.0,0.0,0.0,201,0
2022-11-15,0.0029686645605266904,0.00962500664767794,-0.006656342087151249,1.2264020330099996,1.1452211694015388,1.0537756828906006,2452804.06602,18838.066019999707,2433966.0,0.0076802164025139485,0,27,0.0,0.0,0.0,0.0,0.0,201,0
2022-11-16,-0.0007701389712163609,0.003232632362294275,-0.004002771333510636,1.2254575330099997,1.1489232484157306,1.0495576597951755,2450915.06602,18838.066019999707,2432077.0,0.007686135795227914,0,27,0.0,0.0,0.0,0.0,0.0,201,0
2022-11-17,0.0002929518080632132,-0.0041052698207899125,0.004398221628853126,1.2258165330099997,1.1442066084776055,1.054173846995215,2451633.06602,18838.066019999707,2432795.0,0.007683884787286529,0,27,0.0,0.0,0.0,0.0,0.0,201,0
2022-11-18,-0.003821534360037737,-0.004765325915121067,0.0009437915550833302,1.2211320330099997,1.1387540910739744,1.0551687673695989,2442264.06602,18838.066019999707,2423426.0,0.007713361663916584,0,27,0.0,0.0,0.0,0.0,0.0,201,0
2022-11-21,-0.004277178764302558,-0.001493488721561938,-0.00278369004274062,1.2159090330099998,1.1370533746823228,1.0522315045784612,2431818.06602,18838.066019999707,2412980.0,0.0077464948070028765,0,27,0.0,0.0,0.0,0.0,0.0,201,0
2022-11-22,0.011414916431405242,0.003040172193646536,0.008374744237758705,1.2297885330099996,1.140510212734724,1.0610436743082177,2459577.06602,18838.066019999707,2440739.0,0.007659067195029102,0,27,0.0,0.0,0.0,0.0,0.0,201,0
2022-11-23,0.008543338726930916,0.010747972323786258,-0.002204633596855342,1.2402950330099995,1.1527683849361923,1.058704461776107,2480590.06602,18838.066019999707,2461752.0,0.007594187479039846,0,27,0.0,0.0,0.0,0.0,0.0,201,0
2022-11-24,0.0008510071974072719,0.0020833842316574248,-0.0012323770342501528,1.2413505330099996,1.1551700444121216,1.0573997387113558,2482701.06602,18838.066019999707,2463863.0,0.007587730265971519,0,27,0.0,0.0,0.0,0.0,0.0,201,0
2022-11-25,0.012520637472409168,0.011497954750214898,0.0010226827221942701,1.2568930330099997,1.168452137311576,1.0584811231545885,2513786.06602,18838.066019999707,2494948.0,0.007493901837806524,0,27,0.0,0.0,0.0,0.0,0.0,201,0
2022-11-28,-0.00024186624638378174,0.0035942828447762935,-0.0038361490911600752,1.2565890330099996,1.1726518847836571,1.054420631755989,2513178.06602,18838.066019999707,2494340.0,0.00749571479820873,0,27,0.0,0.0,0.0,0.0,0.0,201,0
2022-11-29,0.007381490492386122,0.010792044280853426,-0.003410553788467304,1.2658645330099996,1.1853071958502686,1.0508244734757155,2531729.06602,18838.066019999707,2512891.0,0.007440790672603074,0,27,0.0,0.0,0.0,0.0,0.0,201,0
2022-11-30,-0.00012402590949178727,0.004761043922375569,-0.004885069831867356,1.2657075330099996,1.1909504954712196,1.0456911225417513,2531415.06602,18838.066019999707,2512577.0,0.007441713637905193,0,27,0.0,0.0,0.0,0.0,0.0,201,0
2022-12-01,-0.006679663176132222,-0.004114895259589342,-0.0025647679165428806,1.2572530330099996,1.1860498589229995,1.0430091675000426,2514506.06602,18838.066019999707,2495668.0,0.007491756044882762,0,27,0.0,0.0,0.0,0.0,0.0,201,0
2022-12-02,-0.0029496846717652625,-0.002644398152174884,-0.00030528651959037863,1.2535445330099997,1.1829134708676763,1.0426907508613956,2507089.06602,18838.066019999707,2488251.0,0.00751391973876106,0,27,0.0,0.0,0.0,0.0,0.0,201,0
2022-12-05,0.0225811682430066,0.015374101454533265,0.007207066788473335,1.2818510330099997,1.20109970258073,1.0502054927425772,2563702.06602,18838.066019999707,2544864.0,0.007347993462143877,0,27,0.0,0.0,0.0,0.0,0.0,201,0
2022-12-06,-0.0047283185361779445,-0.008885158656506364,0.004156840120328419,1.2757900330099996,1.1904277411610176,1.0545710290693988,2551580.06602,18838.066019999707,2532742.0,0.007382902175350374,0,27,0.0,0.0,0.0,0.0,0.0,201,0
2022-12-07,-0.00012658822833011563,-0.004805673713452113,0.004679085485121998,1.2756285330099997,1.184706933857556,1.0595054570645477,2551257.06602,18838.066019999707,2532419.0,0.007383836882179568,0,27,0.0,0.0,0.0,0.0,0.0,201,0
2022-12-08,0.004717282378280618,0.0007476150772857899,0.0039696673009948285,1.2816460330099997,1.185592638623473,1.0637113412326824,2563292.06602,18838.066019999707,2544454.0,0.007349168777808999,0,27,0.0,0.0,0.0,0.0,0.0,201,0
2022-12-09,-0.007316762786661601,-0.006393697296567727,-0.0009230654900938742,1.2722685330099996,1.1780123181750755,1.062729466002169,2544537.06602,18838.066019999707,2525699.0,0.007403337240225387,0,27,0.0,0.0,0.0,0.0,0.0,201,0
2022-12-12,-0.013879538432207017,-0.013911983239832847,3.2444807625830324e-05,1.2546100330099996,1.161623830548307,1.0627639460552518,2509220.06602,18838.066019999707,2490382.0,0.007507538408091767,0,27,0.0,0.0,0.0,0.0,0.0,201,0
2022-12-13,0.01492575342720115,0.0072103784216879,0.00771537500551325,1.2733360330099996,1.169999577950211,1.0709635684414072,2546672.06602,18838.066019999707,2527834.0,0.0073971306597948785,0,27,0.0,0.0,0.0,0.0,0.0,201,0
2022-12-14,-0.0071010320650597425,-0.002905064170641596,-0.004195967894418146,1.2642940330099997,1.166600654096642,1.0664698396921355,2528588.06602,18838.066019999707,2509750.0,0.007450033587183239,0,27,0.0,0.0,0.0,0.0,0.0,201,0
2022-12-15,-0.009319430205605328,-0.006510668317389316,-0.002808761888216012,1.2525115330099996,1.1590053041789694,1.0634743798514763,2505023.06602,18838.066019999707,2486185.0,0.007520116790752659,0,27,0.0,0.0,0.0,0.0,0.0,201,0
2022-12-16,0.011614264313432043,0.0011139835668723826,0.01050028074655966,1.2670585330099997,1.1602964170417427,1.0746411594066902,2534117.06602,18838.066019999707,2515279.0,0.00743377891755654,0,27,0.0,0.0,0.0,0.0,0.0,201,0
2022-12-19,-0.015545059274577722,-0.02255382381576081,0.007008764541183089,1.2473620330099997,1.1341272960777247,1.0821730662592357,2494724.06602,18838.066019999707,2475886.0,0.007551162181256115,0,27,0.0,0.0,0.0,0.0,0.0,201,0
2022-12-20,-0.007179952381898613,-0.00016558791559187423,-0.007014364466306739,1.2384060330099997,1.1339394983027513,1.0745823099568728,2476812.06602,18838.066019999707,2457974.0,0.007605771256706884,0,27,0.0,0.0,0.0,0.0,0.0,201,0
2022-12-21,0.004711701852596617,-0.004311637294103068,0.009023339146699685,1.2442410330099998,1.1290503624726127,1.0842786305806575,2488482.06602,18838.066019999707,2469644.0,0.007570103187494021,0,27,0.0,0.0,0.0,0.0,0.0,201,0
2022-12-22,-0.006460966795599488,-0.013998367473419976,0.007537400677820489,1.2362020330099999,1.113245500602723,1.0924512730657423,2472404.06602,18838.066019999707,2453566.0,0.007619331434899575,0,27,0.0,0.0,0.0,0.0,0.0,201,0
2022-12-23,-0.004011480217295471,-0.0009056055520125905,-0.0031058746652828807,1.2312430330099997,1.1122373392966243,1.0890582563336713,2462486.06602,18838.066019999707,2443648.0,0.007650019336128381,0,27,0.0,0.0,0.0,0.0,0.0,201,0
2022-12-26,0.0019261022693484176,0.007775981991988944,-0.005849879722640526,1.2336145330099997,1.1208860768178126,1.0826873965231707,2467229.06602,18838.066019999707,2448391.0,0.007635312942542564,0,27,0.0,0.0,0.0,0.0,0.0,201,0
2022-12-27,0.0137684824112414,0.009276790079395074,0.004491692331846327,1.2505995330099997,1.1312843016553682,1.0875504951999204,2501199.06602,18838.066019999707,2482361.0,0.007531614047008074,0,27,0.0,0.0,0.0,0.0,0.0,201,0
2022-12-28,-0.00012154170538847264,0.004558769617099878,-0.004680311322488351,1.2504475330099996,1.1364415661580567,1.0824604203034585,2500895.06602,18838.066019999707,2482057.0,0.0075325295634971106,0,27,0.0,0.0,0.0,0.0,0.0,201,0
2022-12-29,-0.006530062065334685,-0.008752398404949046,0.002222336339614361,1.2422820330099995,1.126494976807097,1.084866011431693,2484564.06602,18838.066019999707,2465726.0,0.007582040760243398,0,27,0.0,0.0,0.0,0.0,0.0,201,0
2022-12-30,0.011839099020344301,0.012280585267163694,-0.00044148624681939266,1.2569895330099996,1.1403289944228083,1.0843870580080042,2513979.06602,18838.066019999707,2495141.0,0.007493326525516041,0,27,0.0,0.0,0.0,0.0,0.0,201,0
2023-01-03,0.0018009785209420759,0.011704619765891173,-0.009903641244949097,1.2592533441599996,1.1536761117105483,1.0736476776148272,2518506.6883199997,20118.688319999783,2498388.0,0.007988340238802462,27,27,970085.0,971992.0,626.3776999999999,0.0,0.0,201,1
2023-01-04,0.005777630080349816,0.004642970822614878,0.001134659257734938,1.2665288441599996,1.159032596235968,1.0748659018917786,2533057.6883199997,20118.688319999783,2512939.0,0.00794245169100081,0,27,0.0,0.0,0.0,0.0,0.0,201,0
2023-01-05,-0.00082272109696091,0.0014314930157417393,-0.0022542141127026493,1.2654868441599996,1.1606917433024968,1.0724429240064712,2530973.6883199997,20118.688319999783,2510855.0,0.007948991494002489,0,27,0.0,0.0,0.0,0.0,0.0,201,0
2023-01-06,-0.00027538808610161336,-0.0025864517707175597,0.0023110636846159463,1.2651383441599995,1.1576896700877748,1.074921407901966,2530276.6883199997,20118.688319999783,2510158.0,0.00795118115456289,0,27,0.0,0.0,0.0,0.0,0.0,201,0
2023-01-09,-0.0007074325145004501,-0.0018462040840097579,0.0011387715695093078,1.2642433441599994,1.1555523386908428,1.0761454978407416,2528486.6883199997,20118.688319999783,2508368.0,0.007956810060711542,0,27,0.0,0.0,0.0,0.0,0.0,201,0
2023-01-10,-0.007370021003504479,-0.007626187911921089,0.00025616690841661054,1.2549258441599995,1.1467398794139267,1.0764211707059301,2509851.6883199997,20118.688319999783,2489733.0,0.008015887318611433,0,27,0.0,0.0,0.0,0.0,0.0,201,0
2023-01-11,-0.0002896585496996451,-0.0015153872940457708,0.0012257287443461257,1.2545623441599996,1.1450021243710873,1.0777405710758872,2509124.6883199997,20118.688319999783,2489006.0,0.008018209861651146,0,27,0.0,0.0,0.0,0.0,0.0,201,0
2023-01-12,-0.0017304839493278434,-0.004629890526383683,0.00289940657705584,1.2523913441599996,1.1397008898827725,1.0808653791760245,2504782.6883199997,20118.688319999783,2484664.0,0.00803210929787036,0,27,0.0,0.0,0.0,0.0,0.0,201,0
2023-01-13,0.007889706397345986,0.004264676336443899,0.0036250300609020868,1.2622723441599994,1.1445613452984797,1.0847835486673258,2524544.6883199997,20118.688319999783,2504426.0,0.007969234378413043,0,27,0.0,0.0,0.0,0.0,0.0,201,0
2023-01-16,0.0018577607366978555,0.006152112348846347,-0.004294351612148492,1.2646173441599995,1.1516028152849027,1.080125106686274,2529234.6883199997,20118.688319999783,2509116.0,0.007954456900701165,0,27,0.0,0.0,0.0,0.0,0.0,201,0
2023-01-17,0.0017139571982065505,-0.0019668962280362558,0.0036808534262428062,1.2667848441599994,1.149337732051323,1.084100888885991,2533569.6883199997,20118.688319999783,2513451.0,0.007940846629460745,0,27,0.0,0.0,0.0,0.0,0.0,201,0
2023-01-18,0.0025118709105727,0.005760896440218651,-0.0032490255296459512,1.2699668441599992,1.1559589477005066,1.0805786174212888,2539933.6883199997,20118.688319999783,2519815.0,0.007920950225006457,0,27,0.0,0.0,0.0,0.0,0.0,201,0
2023-01-19,0.0018610722089862364,0.0022578439634030785,-0.0003967717544168421,1.2723303441599993,1.158568922632514,1.0801498743474691,2544660.6883199997,20118.688319999783,2524542.0,0.007906236148632556,0,27,0.0,0.0,0.0,0.0,0.0,201,0
2023-01-20,0.0050348559471238286,0.009424085158919083,-0.004389229211795255,1.2787363441599995,1.16948737482188,1.0754088489658662,2557472.6883199997,20118.688319999783,2537354.0,0.007866628805805829,0,27,0.0,0.0,0.0,0.0,0.0,201,0
2023-01-30,0.000963060137943339,0.003143916120032866,-0.002180855982089527,1.2799678441599993,1.1731641450317574,1.073063537144407,2559935.6883199997,20118.688319999783,2539817.0,0.007859060058341936,0,27,0.0,0.0,0.0,0.0,0.0,201,0
2023-01-31,0.0015027721272657946,0.002939515184628662,-0.0014367430573628674,1.2818913441599995,1.1766126788501403,1.0715218205573056,2563782.6883199997,20118.688319999783,2543664.0,0.007847267403612588,0,27,0.0,0.0,0.0,0.0,0.0,201,0
2023-02-01,0.0034218968869583755,0.0057942442929660885,-0.002372347406007713,1.2862778441599996,1.1834302601495994,1.0689797985458258,2572555.6883199997,20118.688319999783,2552437.0,0.007820506436981442,0,27,0.0,0.0,0.0,0.0,0.0,201,0
2023-02-02,-0.003656674972172591,-0.0023826442358449657,-0.0012740307363276254,1.2815743441599996,1.1806105668617295,1.0676178854259653,2563148.6883199997,20118.688319999783,2543030.0,0.007849208441039156,0,27,0.0,0.0,0.0,0.0,0.0,201,0
2023-02-03,-0.004384841211598434,-0.00441412598534946,2.9284773751026005e-05,1.2759548441599995,1.1753992030799671,1.0676491503741925,2551909.6883199997,20118.688319999783,2531791.0,0.007883777553759958,0,27,0.0,0.0,0.0,0.0,0.0,201,0
2023-02-06,-0.000658330507419369,0.0014436443020563858,-0.002101974809475755,1.2751148441599995,1.1770960614421353,1.0654049787547477,2550229.6883199997,20118.688319999783,2530111.0,0.007888971104109943,0,27,0.0,0.0,0.0,0.0,0.0,201,0
2023-02-07,0.004578411134289473,0.007525966637715567,-0.0029475555034260944,1.2809528441599995,1.1859548471299353,1.0622646384462415,2561905.6883199997,20118.688319999783,2541787.0,0.007853016764716602,0,27,0.0,0.0,0.0,0.0,0.0,201,0
2023-02-08,-0.005331577997688575,-0.006143835279224613,0.0008122572815360387,1.2741233441599995,1.178668535900571,1.063127470633738,2548246.6883199997,20118.688319999783,2528128.0,0.00789511016033678,0,27,0.0,0.0,0.0,0.0,0.0,201,0
2023-02-09,0.003713926145132884,0.004887144842136832,-0.0011732186970039478,1.2788553441599995,1.1844288597563866,1.061880189607892,2557710.6883199997,20118.688319999783,2537592.0,0.007865896800554285,0,27,0.0,0.0,0.0,0.0,0.0,201,0
2023-02-10,0.002501455707722089,0.006520835834469035,-0.004019380126746946,1.2820543441599994,1.1921523259084654,1.0576120894767957,2564108.6883199997,20118.688319999783,2543990.0,0.007846269704417841,0,27,0.0,0.0,0.0,0.0,0.0,201,0
2023-02-13,0.0011411372744565274,0.001969263694670823,-0.0008281264202142959,1.2835173441599994,1.1944999882023943,1.0567362529631619,2567034.6883199997,20118.688319999783,2546916.0,0.007837326239314083,0,27,0.0,0.0,0.0,0.0,0.0,201,0
2023-02-14,-7.011981599580608e-06,0.00523948090487418,-0.005246492886473761,1.2835083441599995,1.200758548081453,1.0511920937291117,2567016.6883199997,20118.688319999783,2546898.0,0.00783738119488681,0,27,0.0,0.0,0.0,0.0,0.0,201,0
2023-02-15,-0.004784542327240571,-0.0058112714907166295,0.0010267291634760587,1.2773673441599995,1.193780614163753,1.0522713833081587,2554734.6883199997,20118.688319999783,2534616.0,0.00787505975159788,0,27,0.0,0.0,0.0,0.0,0.0,201,0
2023-02-16,-0.009954849760436035,-0.0153960368657424,0.005441187105306364,1.2646513441599996,1.1754011238184792,1.057996988790298,2529302.6883199997,20118.688319999783,2509184.0,0.007954243046079595,0,27,0.0,0.0,0.0,0.0,0.0,201,0
2023-02-17,-0.001108605946195551,-0.0017340303962890575,0.0006254244500935064,1.2632493441599997,1.1733629425419456,1.058658685975213,2526498.6883199997,20118.688319999783,2506380.0,0.007963070953889054,0,27,0.0,0.0,0.0,0.0,0.0,201,0
2023-02-20,0.011846038210255871,0.010857315455390374,0.0009887227548654974,1.2782138441599997,1.1861025141527886,1.0597054059076727,2556427.6883199997,20118.688319999783,2536309.0,0.007869844475523234,0,27,0.0,0.0,0.0,0.0,0.0,201,0
2023-02-21,0.004799275197986397,0.005310804496936108,-0.0005115292989497115,1.2843483441599997,1.1924016727187785,1.0591633355442955,2568696.6883199997,20118.688319999783,2548578.0,0.007832255326789078,0,27,0.0,0.0,0.0,0.0,0.0,201,0
2023-02-22,-0.0024642847202562823,-0.0027316943754366997,0.00026740965518041743,1.2811833441599998,1.1891443957761512,1.0594465660466332,2562366.6883199997,20118.688319999783,2542248.0,0.007851603914344703,0,27,0.0,0.0,0.0,0.0,0.0,201,0
2023-02-23,0.0012667976112850088,0.0004931221779908034,0.0007736754332942053,1.2828063441599997,1.189730789250542,1.0602662338276714,2565612.6883199997,20118.688319999783,2545494.0,0.007841670105386713,0,27,0.0,0.0,0.0,0.0,0.0,201,0
2023-02-24,-0.002499987636169654,-0.002538183696147586,3.819605997793223e-05,1.2795993441599998,1.1867110339584614,1.0603067318203314,2559198.6883199997,20118.688319999783,2539080.0,0.007861323316481851,0,27,0.0,0.0,0.0,0.0,0.0,201,0
2023-02-27,-0.001391841913743086,-0.005631561991907409,0.004239720078164323,1.2778183441599997,1.1800279972042438,1.0648021355602428,2555636.6883199997,20118.688319999783,2535518.0,0.007872280286140836,0,27,0.0,0.0,0.0,0.0,0.0,201,0
2023-02-28,0.007216988269222568,0.009657909947320983,-0.0024409216780984146,1.2870403441599998,1.19142460133656,1.0622030369446684,2574080.6883199997,20118.688319999783,2553962.0,0.007815873220792644,0,27,0.0,0.0,0.0,0.0,0.0,201,0
2023-03-01,0.005403094030077771,0.0061407265737927616,-0.0007376325437149908,1.29399434416,1.1987408140466578,1.0614195214165851,2587988.6883199997,20118.688319999783,2567870.0,0.0077738702687529465,0,27,0.0,0.0,0.0,0.0,0.0,201,0
2023-03-02,0.008571134835368754,0.0024080069593348684,0.006163127876033886,1.3050853441599999,1.2016273902693209,1.0679611856571942,2610170.6883199997,20118.688319999783,2590052.0,0.007707805627435384,0,27,0.0,0.0,0.0,0.0,0.0,201,0
2023-03-03,0.010959053416698561,0.00756892239140191,0.0033901310252966513,1.3193878441599998,1.2107224147296523,1.0715817140065031,2638775.6883199997,20118.688319999783,2618657.0,0.007624251052884502,0,27,0.0,0.0,0.0,0.0,0.0,201,0
2023-03-06,-0.00010383603320762713,-0.0003318225529765249,0.00022798651976889774,1.31925084416,1.2103206697270508,1.0718260201921275,2638501.6883199997,20118.688319999783,2618383.0,0.007625042807082628,0,27,0.0,0.0,0.0,0.0,0.0,201,0
2023-03-07,-0.0010691674037912602,-0.00799212598656454,0.006922958582773279,1.31784034416,1.200647634450449,1.0792462273378562,2635680.6883199997,20118.688319999783,2615562.0,0.007633203979964496,0,27,0.0,0.0,0.0,0.0,0.0,201,0
2023-03-08,0.005087490324386268,0.0007620260951880122,0.004325464229198256,1.3245448441599998,1.201562559279026,1.0839144682887034,2649089.6883199997,20118.688319999783,2628971.0,0.007594566695383823,0,27,0.0,0.0,0.0,0.0,0.0,201,0
2023-03-09,0.00047337015637061164,-0.0018105058599583584,0.00228387601632897,1.3251718441599998,1.1993871232243447,1.08638999454658,2650343.6883199997,20118.688319999783,2630225.0,0.007590973355139695,0,27,0.0,0.0,0.0,0.0,0.0,201,0
2023-03-10,-0.01218257094062647,-0.01437915019770542,0.0021965792570789507,1.3090278441599998,1.182140955634308,1.0887763362736993,2618055.6883199997,20118.688319999783,2597937.0,0.007684591435451817,0,27,0.0,0.0,0.0,0.0,0.0,201,0
2023-03-13,0.008245049979762609,0.0012833694041389002,0.006961680575623708,1.31982084416,1.1836580791681488,1.0963560493451345,2639641.6883199997,20118.688319999783,2619523.0,0.007621749728011124,0,27,0.0,0.0,0.0,0.0,0.0,201,0
2023-03-14,-0.0039372768076770814,-0.007826517755992614,0.0038892409483155324,1.3146243441599998,1.1743941581945152,1.1006200421861811,2629248.6883199997,20118.688319999783,2609130.0,0.0076518772869883745,0,27,0.0,0.0,0.0,0.0,0.0,201,0
2023-03-15,0.0165967564018763,0.01671452715771321,-0.0001177707558369101,1.3364428441599998,1.1940236012455172,1.1004904213319238,2672885.6883199997,20118.688319999783,2652767.0,0.007526954260675872,0,27,0.0,0.0,0.0,0.0,0.0,201,0
2023-03-16,-0.001681703044631555,-0.007298954980463734,0.005617251935832179,1.3341953441599999,1.185308476734415,1.1066721532815154,2668390.6883199997,20118.688319999783,2648272.0,0.007539633685600353,0,27,0.0,0.0,0.0,0.0,0.0,201,0
2023-03-17,0.005323058599392194,0.003641612484301986,0.0016814461150902083,1.3412973441599998,1.1896249108810402,1.108532962874329,2682594.6883199997,20118.688319999783,2662476.0,0.007499712277667746,0,27,0.0,0.0,0.0,0.0,0.0,201,0
2023-03-20,-0.004003959318478523,-0.008184658417078551,0.004180699098600029,1.3359268441599998,1.1798882373410313,1.113167405632986,2671853.6883199997,20118.688319999783,2651735.0,0.0075298615369354125,0,27,0.0,0.0,0.0,0.0,0.0,201,0
2023-03-21,-0.006664287074490183,0.002369330265354049,-0.009033617339844232,1.32702384416,1.1826837822514986,1.1031114772553106,2654047.6883199997,20118.688319999783,2633929.0,0.0075803793611315335,0,27,0.0,0.0,0.0,0.0,0.0,201,0
2023-03-22,0.005273077820564298,0.0028599368348797235,0.0024131409856845746,1.33402134416,1.1860661831643744,1.1057734407728546,2668042.6883199997,20118.688319999783,2647924.0,0.00754061710034633,0,27,0.0,0.0,0.0,0.0,0.0,201,0
2023-03-23,-0.0010861895173891467,-0.0021294239281156938,0.001043234410726547,1.33257234416,1.1835405454536154,1.1069270216767362,2665144.6883199997,20118.688319999783,2645026.0,0.007548816545747014,0,27,0.0,0.0,0.0,0.0,0.0,201,0
2023-03-24,-0.010429827739492081,-0.005644216763248925,-0.004785610976243157,1.3186738441599999,1.1768603860669813,1.1016296995718997,2637347.6883199997,20118.688319999783,2617229.0,0.007628379227016314,0,27,0.0,0.0,0.0,0.0,0.0,201,0
2023-03-27,-0.010860911561587194,-0.01007086557198393,-0.0007900459896032636,1.30435184416,1.1650083833219076,1.100759361445725,2608703.6883199997,20118.688319999783,2588585.0,0.007712140098577535,0,27,0.0,0.0,0.0,0.0,0.0,201,0
2023-03-28,-0.00012419961740028906,0.0016350117640939299,-0.001759211381494219,1.30418984416,1.166913185733907,1.0988228930487833,2608379.6883199997,20118.688319999783,2588261.0,0.007713098062405857,0,27,0.0,0.0,0.0,0.0,0.0,202,0
2023-03-29,-0.004712504109367965,-0.006480687008188896,0.001768182898820931,1.29804384416,1.159350786611437,1.1007658128971052,2596087.6883199997,20118.688319999783,2575969.0,0.007749618169877437,0,27,0.0,0.0,0.0,0.0,0.0,202,0
2023-03-30,0.002903985113414498,0.0004424038851160145,0.0024615812282984834,1.30181334416,1.1598636879036464,1.1034754373588853,2603626.6883199997,20118.688319999783,2583508.0,0.00772717855837522,0,27,0.0,0.0,0.0,0.0,0.0,202,0
2023-03-31,0.0039214531199125435,0.002955843814897459,0.0009656093050150845,1.3069183441599999,1.1632920638116606,1.1045409635090546,2613836.6883199997,20118.688319999783,2593718.0,0.007696995152719635,0,27,0.0,0.0,0.0,0.0,0.0,202,0
2023-04-03,0.001717748174575373,0.00308434725378099,-0.001366599079205617,1.3091633007599999,1.1668800604940233,1.1030314988453782,2618326.6015199996,619.6015199997782,2617707.0,0.00023664027231747373,28,28,756166.0,737165.0,498.0867999999999,0.0,0.0,202,1
2023-04-04,0.010232871630470486,0.00017569172995621522,0.01005717990051427,1.32255980076,1.1670850716705028,1.1141248850652001,2645119.6015199996,619.6015199997782,2644500.0,0.00023424329079249517,0,28,0.0,0.0,0.0,0.0,0.0,202,0
2023-04-06,-0.0036860337031252577,-0.006325777771631527,0.0026397440685062695,1.31768480076,1.1597023508665265,1.1170658896221262,2635369.6015199996,619.6015199997782,2634750.0,0.00023510991385891804,0,28,0.0,0.0,0.0,0.0,0.0,202,0
2023-04-07,-0.0006777038025216342,0.005541429255049292,-0.006219133057570926,1.31679180076,1.1661287594007677,1.1101187082204924,2633583.6015199996,619.6015199997782,2632964.0,0.00023526935679663594,0,28,0.0,0.0,0.0,0.0,0.0,202,0
2023-04-10,-0.0017933738641423558,0.0005813605204659932,-0.002374734384608349,1.31443030076,1.1668067006232634,1.1074824711530842,2628860.6015199996,619.6015199997782,2628241.0,0.0002356920407424899,0,28,0.0,0.0,0.0,0.0,0.0,202,0
2023-04-11,0.0005854247270129509,-0.0035643477240970933,0.004149772451110045,1.3151998007599999,1.1626477958154358,1.1120782714019626,2630399.6015199996,619.6015199997782,2629780.0,0.00023555414152349173,0,28,0.0,0.0,0.0,0.0,0.0,203,0
2023-04-12,0.011667428774801092,0.00546608509256262,0.006201343682238472,1.3305448007599998,1.169002927600043,1.118974650964476,2661089.6015199996,619.6015199997782,2660470.0,0.00023283752626963983,0,28,0.0,0.0,0.0,0.0,0.0,203,0
2023-04-13,0.006515000468265697,0.004460826898694286,0.002054173569571411,1.3392133007599998,1.1742176473041337,1.1212732191175077,2678426.6015199996,619.6015199997782,2677807.0,0.00023133040854961495,0,28,0.0,0.0,0.0,0.0,0.0,203,0
2023-04-14,0.0009763194550547194,0.007133355555005315,-0.006157036099950596,1.3405208007599998,1.1825937592813158,1.1143694994294935,2681041.6015199996,619.6015199997782,2680422.0,0.0002311047764602008,0,28,0.0,0.0,0.0,0.0,0.0,203,0
2023-04-17,0.013852451964543988,0.010434005242235873,0.0034184467223081147,1.3590903007599997,1.1949329487650924,1.1181789121922585,2718180.6015199996,619.6015199997782,2717561.0,0.00022794714952100633,0,28,0.0,0.0,0.0,0.0,0.0,203,0
2023-04-18,0.00017879606665149872,-0.0007930071700352622,0.0009718032366867609,1.3593333007599997,1.1939853583690103,1.1192655620783218,2718666.6015199996,619.6015199997782,2718047.0,0.000227906400752987,0,28,0.0,0.0,0.0,0.0,0.0,203,0
2023-04-19,0.0021562040732476806,-0.0021751998555159247,0.004331403928763605,1.3622643007599997,1.191388201589998,1.1241135533312376,2724528.6015199996,619.6015199997782,2723909.0,0.00022741604534968213,0,28,0.0,0.0,0.0,0.0,0.0,203,0
2023-04-20,0.0005545913517506218,-0.0030862820623599086,0.0036408734141105304,1.3630198007599998,1.1877112415541233,1.1282063084820027,2726039.6015199996,619.6015199997782,2725420.0,0.0002272899922856211,0,28,0.0,0.0,0.0,0.0,0.0,203,0
2023-04-21,-0.00895474885485481,-0.01501597965116257,0.00606123079630776,1.3508143007599998,1.1698765937194897,1.1350446273035624,2701628.6015199996,619.6015199997782,2701009.0,0.0002293437075885175,0,28,0.0,0.0,0.0,0.0,0.0,203,0
2023-04-24,0.001446534878184691,-0.0010153945852965057,0.002461929463481197,1.3527683007599998,1.1686887073607617,1.137839027113887,2705536.6015199996,619.6015199997782,2704917.0,0.00022901243311647658,0,28,0.0,0.0,0.0,0.0,0.0,203,0
2023-04-25,0.004979418867381513,-0.0019781536545855067,0.00695757252196702,1.3595043007599998,1.166376861523223,1.1457556246633562,2719008.6015199996,3175.6015199997782,2715833.0,0.0011679262501135637,0,28,0.0,0.0,0.0,2556.0,0.0,203,0
2023-04-26,0.0029404099698435715,0.008199420262601814,-0.005259010292758243,1.3635018007599997,1.1759404755954266,1.139730084040266,2727003.6015199996,3175.6015199997782,2723828.0,0.001164502136421725,0,28,0.0,0.0,0.0,0.0,0.0,203,0
2023-04-27,0.005408133671616522,0.0043542937767909965,0.0010538398948255253,1.3708758007599997,1.1810608658901884,1.1409311770721604,2741751.6015199996,3175.6015199997782,2738576.0,0.0011582382292543412,0,28,0.0,0.0,0.0,0.0,0.0,203,0
2023-04-28,0.013200320546885358,0.013768247694987771,-0.0005679271481024133,1.3889718007599998,1.1973220044346213,1.1402832112825847,2777943.6015199996,3175.6015199997782,2774768.0,0.0011431483051931627,0,28,0.0,0.0,0.0,0.0,0.0,203,0
2023-05-04,0.04298827374848724,0.024107682184142144,0.018880591564345094,1.44868130076,1.2261866627896112,1.161812432862491,2897362.6015199996,3175.6015199997782,2894187.0,0.001096031790544204,0,28,0.0,0.0,0.0,0.0,0.0,203,0
2023-05-05,0.005570238254450244,0.001491268985070572,0.004078969269379671,1.45675080076,1.2280152369297366,1.1665514300729203,2913501.6015199996,3175.6015199997782,2910326.0,0.0010899604511434072,0,28,0.0,0.0,0.0,0.0,0.0,203,0
2023-05-08,0.03681995573437602,0.017540856761672195,0.019279098972703825,1.51038830076,1.249555676301872,1.1890414905500453,3020776.6015199996,3175.6015199997782,3017601.0,0.001051253349354558,0,28,0.0,0.0,0.0,0.0,0.0,203,0
2023-05-09,-0.01306452121621371,-0.00869812655609731,-0.0043663946601164,1.4906558007600001,1.2386868828905084,1.1838496661350508,2981311.6015199996,3175.6015199997782,2978136.0,0.0010651692759591858,0,28,0.0,0.0,0.0,0.0,0.0,203,0
2023-05-10,-0.023854936855221887,-0.008105933464978336,-0.01574900339024355,1.4550963007600002,1.2286461694338566,1.1652052137295512,2910192.6015199996,3175.6015199997782,2907017.0,0.001091199777753938,0,28,0.0,0.0,0.0,0.0,0.0,203,0
2023-05-11,-0.000498248809801316,0.007463668904236555,-0.007961917714037871,1.4543713007600003,1.2378163776429696,1.1559279456978686,2908742.6015199996,3175.6015199997782,2905567.0,0.001091743737771891,0,28,0.0,0.0,0.0,0.0,0.0,203,0
2023-05-12,0.0011936429157346495,0.0025096775033203443,-0.0013160345875856947,1.4561073007600003,1.2409228975591817,1.1544067045405733,2912214.6015199996,3175.6015199997782,2909039.0,0.0010904421392373717,0,28,0.0,0.0,0.0,0.0,0.0,203,0
2023-05-15,0.0033754380583317367,0.0059111928845394564,-0.0025357548262077197,1.4610223007600003,1.2482582321614957,1.151479412168128,2922044.6015199996,3175.6015199997782,2918869.0,0.0010867738015866981,0,28,0.0,0.0,0.0,0.0,0.0,203,0
2023-05-16,-0.003452719371481172,-0.005080600928147868,0.0016278815566666957,1.4559778007600002,1.2419163302286078,1.1533538842660778,2911955.6015199996,3175.6015199997782,2908780.0,0.0010905391271563891,0,28,0.0,0.0,0.0,0.0,0.0,203,0
2023-05-17,-0.00682771399042692,0.0032932196271753564,-0.010120933617602277,1.4460368007600002,1.2460062334626263,1.141680866165817,2892073.6015199996,3175.6015199997782,2888898.0,0.0010980362043105554,0,28,0.0,0.0,0.0,0.0,0.0,203,0
2023-05-18,0.004544490151665803,-0.0006359851869509745,0.005180475338616777,1.4526083007600004,1.2452137919552955,1.1475953157375598,2905216.6015199996,3175.6015199997782,2902041.0,0.0010930687640771136,0,28,0.0,0.0,0.0,0.0,0.0,203,0
2023-05-19,-0.01395730699693265,-0.010503505203423153,-0.003453801793509497,1.4323338007600004,1.2321346824121189,1.1436317489778423,2864667.6015199996,3175.6015199997782,2861492.0,0.0011085410112903838,0,28,0.0,0.0,0.0,0.0,0.0,203,0
2023-05-22,0.001553408848425919,0.012839792234304195,-0.011286383385878276,1.4345588007600005,1.2479550357389708,1.1307242826066157,2869117.6015199996,3175.6015199997782,2865942.0,0.001106821664722774,0,28,0.0,0.0,0.0,0.0,0.0,203,0
2023-05-23,-0.01789748875152275,-0.015248809215099536,-0.002648679536423214,1.4088838007600004,1.2289252074899646,1.1277293563379387,2817767.6015199996,3175.6015199997782,2814592.0,0.001126991991208484,0,28,0.0,0.0,0.0,0.0,0.0,203,0
2023-05-24,-0.01892065192716408,-0.005929526242148701,-0.012991125685015377,1.3822268007600005,1.221638263222515,1.1130788825310711,2764453.6015199996,3175.6015199997782,2761278.0,0.0011487266482800487,0,28,0.0,0.0,0.0,0.0,0.0,203,0
2023-05-25,0.00452060399680021,0.012589314529269749,-0.008068710532469539,1.3884753007600006,1.2370178515592138,1.1040977712281232,2776950.6015199996,3175.6015199997782,2773775.0,0.0011435570795755503,0,28,0.0,0.0,0.0,0.0,0.0,203,0
2023-05-26,0.009448853712283434,0.0038680274207435945,0.00558082629153984,1.4015948007600005,1.2418026705289944,1.1102595490982237,2803189.6015199996,3175.6015199997782,2800014.0,0.001132852918075125,0,28,0.0,0.0,0.0,0.0,0.0,203,0
2023-05-29,0.019151398096971306,0.012714823144685446,0.00643657495228586,1.4284373007600004,1.2575919718653685,1.1174058179024855,2856874.6015199996,3175.6015199997782,2853699.0,0.0011115648962366778,0,28,0.0,0.0,0.0,0.0,0.0,203,0
2023-05-30,0.0013920807017164805,0.0029054783612712173,-0.0015133976595547369,1.4304258007600004,1.2612458781269318,1.1157147385528992,2860851.6015199996,3175.6015199997782,2857676.0,0.0011100196592904535,0,28,0.0,0.0,0.0,0.0,0.0,203,0
2023-05-31,-0.009019132619913162,-0.013145435188401361,0.004126302568488199,1.4175246007600004,1.2446662521793759,1.12031851514429,2835049.2015199997,4001.201519999778,2831048.0,0.001411334067096455,0,28,0.0,0.0,0.0,825.6,0.0,203,0
2023-06-01,-0.008077813953888957,-0.009721727856724966,0.0016439139028360094,1.4060741007600004,1.232565945603238,1.1221602223269402,2812148.2015199997,4001.201519999778,2808147.0,0.0014228274021394324,0,28,0.0,0.0,0.0,0.0,0.0,203,0
2023-06-02,-0.002809240279630365,0.002596490257869961,-0.0054057305375003264,1.4021241007600003,1.235766291073179,1.1160941265451392,2804248.2015199997,4001.201519999778,2800247.0,0.0014268357265348297,0,28,0.0,0.0,0.0,0.0,0.0,203,0
2023-06-05,0.007987880669000136,0.0051491200007060586,0.0028387606682940773,1.4133241007600004,1.2421293999987424,1.1192624506536895,2826648.2015199997,4001.201519999778,2822647.0,0.0014155286525745138,0,28,0.0,0.0,0.0,0.0,0.0,203,0
2023-06-06,-0.009622704369568691,-0.019537417146673425,0.009914712777104734,1.3997241007600003,1.2178613997608199,1.130359616374119,2799448.2015199997,4001.201519999778,2795447.0,0.00142928221276867,0,28,0.0,0.0,0.0,0.0,0.0,203,0
2023-06-07,0.015448758786291483,0.004968348451799566,0.010480410334491918,1.4213481007600004,1.223912159560828,1.1422062489792586,2842696.2015199997,4001.201519999778,2838695.0,0.001407537505365618,0,28,0.0,0.0,0.0,0.0,0.0,203,0
2023-06-08,0.012055456359239436,0.0061824321892802,0.005873024169959236,1.4384831007600005,1.2314789134929485,1.148914453886592,2876966.2015199997,4001.201519999778,2872965.0,0.0013907711247653192,0,28,0.0,0.0,0.0,0.0,0.0,203,0
2023-06-09,-0.006035176913384177,0.0020495018537047133,-0.00808467876708889,1.4298016007600005,1.2340028318089507,1.1396258495960536,2859603.2015199997,4001.201519999778,2855602.0,0.0013992156386847556,0,28,0.0,0.0,0.0,0.0,0.0,203,0
2023-06-12,-0.010659870566586682,-0.009004997475902317,-0.0016548730906843657,1.4145601007600004,1.2228906394232548,1.1377399134441089,2829120.2015199997,4001.201519999778,2825119.0,0.0014142918062831176,0,28,0.0,0.0,0.0,0.0,0.0,203,0
2023-06-13,-0.0010215189861665364,-0.0021687624462589823,0.001147243460092446,1.4131151007600005,1.2202384801285922,1.1390451781190938,2826230.2015199997,4001.201519999778,2822229.0,0.0014157380095392996,0,28,0.0,0.0,0.0,0.0,0.0,203,0
2023-06-14,-0.013070414427010624,-0.009573187873793552,-0.003497226553217072,1.3946451007600005,1.2085569079074887,1.135061679076862,2789290.2015199997,4001.201519999778,2785289.0,0.0014344873537430268,0,28,0.0,0.0,0.0,0.0,0.0,203,0
2023-06-15,-0.0006628926595706464,0.003908890655904752,-0.004571783315475399,1.3937206007600005,1.2132810247119374,1.129872423030423,2787441.2015199997,7969.201519999779,2779472.0,0.0028589666808591873,0,28,0.0,0.0,0.0,3968.0,0.0,203,0
2023-06-16,-0.0014875291352294262,0.0005327870315758515,-0.002020316166805278,1.3916474007600006,1.213927445107561,1.127589723507747,2783294.8015199997,10410.801519999779,2772884.0,0.0037404595137799567,0,28,0.0,0.0,0.0,2441.6,0.0,203,0
2023-06-19,-0.006955224430207019,-0.0020865088876783323,-0.004868715542528686,1.3819681807600006,1.2113945747043473,1.1220998098953092,2763936.36152,11939.361519999778,2751997.0,0.004319694796964806,0,28,0.0,0.0,0.0,1528.5600000000002,0.0,203,0
2023-06-20,-0.008877802087493003,-0.009150585081408038,0.00027278299391503454,1.3696993407600007,1.200309605581359,1.122405899640924,2739398.6815199996,13029.681519999778,2726369.0,0.0047564020556402,0,28,0.0,0.0,0.0,1090.32,0.0,203,0
2023-06-21,0.00047747704955236614,0.0013097329405329068,-0.0008322558909805407,1.3703533407600006,1.2018816906106269,1.1214717707188766,2740706.6815199996,13029.681519999778,2727677.0,0.0047541320666878144,0,28,0.0,0.0,0.0,0.0,0.0,203,0
2023-06-26,-0.004038374509256704,0.01217869925751074,-0.016217073766767443,1.3648193407600007,1.2165190462636823,1.1032847802857813,2729638.6815199996,13029.681519999778,2716609.0,0.00477340887942876,0,28,0.0,0.0,0.0,0.0,0.0,203,0
2023-06-27,0.01655603736346345,0.010791232618204902,0.005764804745258548,1.3874153407600007,1.2296467862763905,1.1096450016225443,2774830.6815199996,13029.681519999778,2761801.0,0.0046956672372032325,0,28,0.0,0.0,0.0,0.0,0.0,203,0
2023-06-28,0.009256781024898242,0.012764795832389483,-0.003508014807491241,1.4002583407600007,1.2453429764491626,1.1057523505257938,2800516.6815199996,23173.68151999978,2777343.0,0.008274787889291238,0,28,0.0,0.0,0.0,10144.0,0.0,203,0
2023-06-29,-0.005118578330417067,-0.00782943766952985,0.0027108593391127825,1.3930910087600008,1.235592641237867,1.1087498896119625,2786182.0175199998,30838.01751999978,2755344.0,0.011068199179409289,0,28,0.0,0.0,0.0,7664.336,0.0,203,0
2023-06-30,0.0029743211132258196,0.0008090275298363196,0.0021652935833895,1.3972345087600007,1.2365922697002916,1.1111506586335231,2794469.0175199998,30838.01751999978,2763631.0,0.011035376426312114,0,28,0.0,0.0,0.0,0.0,0.0,203,0
2023-07-03,0.009681979878958025,0.009928869366543946,-0.00024688948758592143,1.4107625051600008,1.2488702328058239,1.1108763272167823,2821525.01032,20704.010320000074,2800821.0,0.007337879424875965,28,28,1608117.0,1598966.0,983.0071999999998,0.0,0.0,203,1
2023-07-04,-0.007009684453499476,-0.008044315163159064,0.001034630709659588,1.4008735051600008,1.238823927055246,1.1120256739795547,2801747.01032,20704.010320000074,2781043.0,0.0073896787410635545,0,28,0.0,0.0,0.0,0.0,0.0,203,0
2023-07-05,-0.0026057027894057505,0.00012861837822351291,-0.0027343211676292634,1.3972232451600006,1.2389832625796482,1.1089850386402451,2794446.49032,21490.490320000074,2772956.0,0.007690428281394337,0,28,0.0,0.0,0.0,786.48,0.0,203,0
2023-07-06,-0.0021088254938548268,-0.0014730428570110937,-0.000635782636843733,1.3942767451600007,1.237158187134749,1.108279965208158,2788553.49032,25074.490320000074,2763479.0,0.008991934494727105,0,28,0.0,0.0,0.0,3584.0,0.0,203,0
2023-07-07,0.007202659038000103,0.00877697322452081,-0.0015743141865207071,1.4043192451600006,1.2480166914177275,1.1065351843362943,2808638.49032,25074.490320000074,2783564.0,0.008927631806805877,0,28,0.0,0.0,0.0,0.0,0.0,203,0
2023-07-10,0.005573519003585492,0.007959441551431804,-0.002385922547846312,1.4121462451600006,1.2579502073282784,1.1038950770900011,2824292.49032,25074.490320000074,2799218.0,0.0088781492731155,0,28,0.0,0.0,0.0,0.0,0.0,203,0
2023-07-11,-5.7713569171280454e-05,-0.001732779224155257,0.0016750656549839764,1.4120647451600006,1.2557704573439983,1.1057441738203404,2824129.49032,25074.490320000074,2799055.0,0.008878661692371231,0,28,0.0,0.0,0.0,0.0,0.0,203,0
2023-07-12,-0.007902258050310307,-0.004226930404127329,-0.0036753276461829777,1.4009062451600005,1.250462403017246,1.1016802016886929,2801812.49032,25074.490320000074,2776738.0,0.008949382018472004,0,28,0.0,0.0,0.0,0.0,0.0,203,0
2023-07-13,0.01162661673918075,0.005713914379098205,0.005912702360082546,1.4171940451600007,1.257607438122368,1.1081941088172738,2834388.09032,29644.090320000076,2804744.0,0.010458726672342631,0,28,0.0,0.0,0.0,4569.6,0.0,203,0
2023-07-14,-0.0025237898876411258,-0.004929221704040104,0.0024054318163989783,1.4136173451600007,1.251408412243213,1.1108597941853688,2827234.69032,38593.69032000008,2788641.0,0.013650685050002645,0,28,0.0,0.0,0.0,8949.6,0.0,203,0
2023-07-17,-0.00016659388115625173,-0.0005836695560511309,0.0004170756748948792,1.4133818451600006,1.2506780032508003,1.1113231067837424,2826763.69032,38593.69032000008,2788170.0,0.01365295954952327,0,28,0.0,0.0,0.0,0.0,0.0,203,0
2023-07-18,0.002179170484287063,-0.0016863820047625204,0.0038655524890495833,1.4164618451600006,1.2485688823723657,1.1156189845853086,2832923.69032,38593.69032000008,2794330.0,0.013623272117026432,0,28,0.0,0.0,0.0,0.0,0.0,203,0
2023-07-19,0.004259910014955848,0.0014192047457276722,0.0028407052692281756,1.4224958451600005,1.2503408572555965,1.118788129313271,2844991.69032,41673.69032000008,2803318.0,0.014648088590836163,0,28,0.0,0.0,0.0,3080.0,0.0,203,0
2023-07-20,-0.009692471192033092,-0.011105276022666593,0.0014128048306335014,1.4087083451600004,1.2364554769133556,1.1203687585868203,2817416.69032,41673.69032000008,2775743.0,0.014791454335874902,0,28,0.0,0.0,0.0,0.0,0.0,203,0
2023-07-21,0.0038471412614400347,0.002889936209452196,0.0009572050519878385,1.4141278451600003,1.2400287543674628,1.121441181222629,2828255.69032,41673.69032000008,2786582.0,0.01473476760344994,0,28,0.0,0.0,0.0,0.0,0.0,203,0
2023-07-24,0.009989902998057243,0.0022710130207696574,0.0077188899772875855,1.4282548451600006,1.24284487581476,1.130097462316486,2856509.69032,41673.69032000008,2814836.0,0.01458902466223792,0,28,0.0,0.0,0.0,0.0,0.0,203,0
2023-07-25,0.0007757719175640609,0.007048352308668639,-0.006272580391104578,1.4293628451600005,1.251604884364526,1.1230088351343224,2858725.69032,41673.69032000008,2817052.0,0.014577715679791303,0,28,0.0,0.0,0.0,0.0,0.0,203,0
2023-07-26,0.0022873828091103388,-0.0011309028366736024,0.003418285645783941,1.4326323451600005,1.2501894408504035,1.1268476001155505,2865264.69032,44433.69032000008,2820831.0,0.015507708753789729,0,28,0.0,0.0,0.0,2760.0,0.0,203,0
2023-07-27,0.0013021484586066556,-0.0009141290295389102,0.0022162774881455656,1.4344978451600006,1.2490466063900991,1.1293450070842574,2868995.69032,44433.69032000008,2824562.0,0.015487541675269672,0,28,0.0,0.0,0.0,0.0,0.0,203,0
2023-07-28,0.015261786606279637,0.011666637563984124,0.003595149042295513,1.4563908451600005,1.2636187804473769,1.1334051707048975,2912781.69032,47265.69032000008,2865516.0,0.01622699376238095,0,28,0.0,0.0,0.0,2832.0,0.0,203,0
2023-07-31,0.00882970395119953,0.00909652435396015,-0.0002668204027606192,1.4692503451600005,1.275113319457838,1.133102755080759,2938500.69032,47265.69032000008,2891235.0,0.016084968254628143,0,28,0.0,0.0,0.0,0.0,0.0,203,0
2023-08-01,0.005302363906643626,0.00858936769343673,-0.0032870037867931048,1.4770408451600006,1.2860657366094599,1.1293782420339828,2954081.69032,47265.69032000008,2906816.0,0.016000129744171036,0,28,0.0,0.0,0.0,0.0,0.0,203,0
2023-08-02,-0.010136821909199178,-0.009710798308705462,-0.0004260236004937166,1.4620683451600005,1.2735770116295086,1.1288971002489923,2924136.69032,47265.69032000008,2876871.0,0.01616398114235474,0,28,0.0,0.0,0.0,0.0,0.0,203,0
2023-08-03,0.003883197402361205,0.003206575227595603,0.0006766221747656017,1.4677458451600003,1.277660832125435,1.1296609370600492,2935491.69032,47265.69032000008,2888226.0,0.01610145601020169,0,28,0.0,0.0,0.0,0.0,0.0,203,0
2023-08-04,-0.00376836358845023,-0.005000247918972,0.0012318843305217705,1.4622148451600003,1.2712722112084478,1.1310525486672158,2924429.69032,47265.69032000008,2877164.0,0.016162361665404964,0,28,0.0,0.0,0.0,0.0,0.0,203,0
2023-08-07,-0.008940204678724584,-0.006907206726458231,-0.0020329979522663525,1.4491423451600003,1.2624912712400294,1.1287531211518698,2898284.69032,47265.69032000008,2851019.0,0.016308159953321036,0,28,0.0,0.0,0.0,0.0,0.0,203,0
2023-08-08,0.00021288453893464343,-0.003179713459806597,0.0033925979987412406,1.4494508451600003,1.258476910751979,1.1325825267317626,2898901.69032,47265.69032000008,2851636.0,0.01630468893713418,0,28,0.0,0.0,0.0,0.0,0.0,203,0
2023-08-09,-0.006330673462049741,-0.007319481940137847,0.0009888084780881063,1.4402748451600003,1.2492655117316496,1.1337024339363293,2880549.69032,47265.69032000008,2833284.0,0.01640856621180152,0,28,0.0,0.0,0.0,0.0,0.0,203,0
2023-08-10,0.010387600707098432,0.011382066639105742,-0.0009944659320073098,1.4552358451600003,1.2634847350361158,1.1325750054887458,2910471.69032,47265.69032000008,2863206.0,0.01623987289661743,0,28,0.0,0.0,0.0,0.0,0.0,203,0
2023-08-11,-0.018752699152349228,-0.021751415362018765,0.002998716209669537,1.42794624516,1.236002153760775,1.1359712765163716,2855892.49032,49158.490320000084,2806734.0,0.017213004511417,0,28,0.0,0.0,0.0,1892.8,0.0,203,0
2023-08-14,0.001526668113305485,0.0014680538914405856,5.86142218648993e-05,1.43012624516,1.2378166715324326,1.1360378605888055,2860252.49032,49158.490320000084,2811094.0,0.017186766023757686,0,28,0.0,0.0,0.0,0.0,0.0,203,0
2023-08-15,0.007969576139569945,0.0032885590126214125,0.004681017126948532,1.44152374516,1.2418873047035737,1.1413556732710837,2883047.49032,49158.490320000084,2833889.0,0.017050877755240793,0,28,0.0,0.0,0.0,0.0,0.0,203,0
2023-08-16,-0.002643105958394676,-0.004871274295363794,0.0022281683369691184,1.4377136451600003,1.2358377309984325,1.1438988058434865,2875427.29032,50363.29032000009,2825064.0,0.01751506306194766,0,28,0.0,0.0,0.0,1204.8,0.0,203,0
2023-08-17,-0.0015204696758349678,0.002514654029049139,-0.004035123704884107,1.4355276451600003,1.2389454353279385,1.1392830326560388,2871055.29032,50363.29032000009,2820692.0,0.017541734737677842,0,28,0.0,0.0,0.0,0.0,0.0,203,0
2023-08-18,0.004781865415928621,0.0015315365470089343,0.003250328868919687,1.4423921451600004,1.2408429255418933,1.142986077186951,2884784.29032,50363.29032000009,2834421.0,0.01745825172751944,0,28,0.0,0.0,0.0,0.0,0.0,203,0
2023-08-21,-0.0042256192398523185,-0.0025012243714058126,-0.0017243948684465059,1.4362971451600004,1.2377392989754414,1.1410151178607442,2872594.29032,50363.29032000009,2822231.0,0.01753233670682738,0,28,0.0,0.0,0.0,0.0,0.0,203,0
2023-08-22,0.000694494174385385,-0.0009941143154210495,0.0016886084898064344,1.4372946451600004,1.2365088446195707,1.1429418456757614,2874589.29032,50363.29032000009,2824226.0,0.017520169051486876,0,28,0.0,0.0,0.0,0.0,0.0,203,0
2023-08-23,-0.004363058069629111,-0.008682847158322403,0.0043197890886932915,1.4310236451600002,1.2257724273118251,1.1478791133897224,2862047.29032,50363.29032000009,2811684.0,0.01759694554675547,0,28,0.0,0.0,0.0,0.0,0.0,203,0
2023-08-24,-0.012575263910463153,-0.01080652216006957,-0.001768741750393583,1.4130281451600002,1.2125260904128776,1.1458488116774652,2826056.29032,50363.29032000009,2775693.0,0.01782104995307696,0,28,0.0,0.0,0.0,0.0,0.0,203,0
2023-08-25,0.007153785318873007,0.004263673252389104,0.002890112066483903,1.4231366451600003,1.2176959054723948,1.1491604431544606,2846273.29032,50363.29032000009,2795910.0,0.017694467531028216,0,28,0.0,0.0,0.0,0.0,0.0,203,0
2023-08-28,0.012651631212809988,0.010350411734072579,0.0023012194787374093,1.4411416451600003,1.2302995594609283,1.1518049135504422,2882283.29032,50363.29032000009,2831920.0,0.017473400511720204,0,28,0.0,0.0,0.0,0.0,0.0,203,0
2023-08-29,-0.009357858781815165,0.002366229905778545,-0.01172408868759371,1.4276556451600002,1.233210731071591,1.1383010505931708,2855311.29032,50363.29032000009,2804948.0,0.017638458717527707,0,28,0.0,0.0,0.0,0.0,0.0,203,0
2023-08-30,-0.019742856126094166,-0.015557825449048665,-0.0041850306770455006,1.3994696451600002,1.2140246537756854,1.1335372257767253,2798939.29032,50363.29032000009,2748576.0,0.017993705863567373,0,28,0.0,0.0,0.0,0.0,0.0,203,0
2023-08-31,-0.0027281763582399643,-0.0044630369112630885,0.0017348605530231242,1.3956516451600003,1.208606416934701,1.1355037547951088,2791303.29032,50363.29032000009,2740940.0,0.018042930159060697,0,28,0.0,0.0,0.0,0.0,0.0,203,0
2023-09-01,0.006947650607246114,0.0023776762948940137,0.0045699743123521,1.4053481451600003,1.2114800917621034,1.140692977786102,2810696.29032,50363.29032000009,2760333.0,0.01791843910473379,0,28,0.0,0.0,0.0,0.0,0.0,203,0
2023-09-04,0.015762642215234157,0.01472884769089863,0.0010337945243355275,1.4275001451600002,1.2293237975142233,1.1418722199404852,2855000.29032,50363.29032000009,2804637.0,0.01764038010460418,0,28,0.0,0.0,0.0,0.0,0.0,203,0
2023-09-05,-0.007588790822004254,-0.002287516493772095,-0.005301274328232159,1.4166671451600004,1.2265116990512228,1.1358188420547932,2833334.29032,50363.29032000009,2782971.0,0.017775272932694434,0,28,0.0,0.0,0.0,0.0,0.0,203,0
2023-09-06,-0.0032163518548214975,-0.004620086960669194,0.0014037351058476966,1.4121106451600003,1.220845108343328,1.1374132308372689,2824221.29032,50363.29032000009,2773858.0,0.01783262894186795,0,28,0.0,0.0,0.0,0.0,0.0,203,0
2023-09-07,-0.003968173470829561,-0.011489132816024174,0.007520959345194613,1.4065071451600004,1.2068186567457782,1.1459676695050824,2813014.29032,50363.29032000009,2762651.0,0.017903673825372182,0,28,0.0,0.0,0.0,0.0,0.0,203,0
2023-09-08,0.0017611001895894152,0.005126683154127439,-0.003365582964538024,1.4089841451600005,1.2130056336234034,1.1421108202386847,2817968.29032,50363.29032000009,2767605.0,0.017872199092162595,0,28,0.0,0.0,0.0,0.0,0.0,203,0
2023-09-11,0.010380173581257202,0.006653620460861488,0.003726553120395714,1.4236096451600007,1.2210765127264205,1.1463669568796828,2847219.29032,50363.29032000009,2796856.0,0.017688588473401268,0,28,0.0,0.0,0.0,0.0,0.0,203,0
2023-09-12,-0.0006121762401392061,0.0005264580911933266,-0.0011386343313325327,1.4227381451600007,1.2217193583365114,1.1450616641062743,2845476.29032,50363.29032000009,2795113.0,0.017699423640017843,0,28,0.0,0.0,0.0,0.0,0.0,203,0
2023-09-13,0.0019877164393324875,0.0024378510879827643,-0.00045013464865027676,1.4255661451600008,1.2246977282034417,1.1445462321764188,2851132.29032,50363.29032000009,2800769.0,0.01766431199667256,0,28,0.0,0.0,0.0,0.0,0.0,203,0
2023-09-14,0.010610170598785107,0.005639629235981796,0.004970541362803311,1.440691645160001,1.2316045693166582,1.1502352465650925,2881383.29032,50363.29032000009,2831020.0,0.017478858327941108,0,28,0.0,0.0,0.0,0.0,0.0,203,0
2023-09-15,-0.0017713714163425376,-0.005532536215859128,0.00376116479951659,1.438139645160001,1.2247906724332962,1.1545614708856364,2876279.29032,50363.29032000009,2825916.0,0.017509874819700462,0,28,0.0,0.0,0.0,0.0,0.0,203,0
2023-09-18,-0.0028988839950491174,-0.0003038331882774581,-0.0025950508067716592,1.4339706451600012,1.2244185403783183,1.1515653252091471,2867941.29032,50363.29032000009,2817578.0,0.017560781488096863,0,28,0.0,0.0,0.0,0.0,0.0,203,0
2023-09-19,0.007641369812544152,0.003180225130498907,0.004461144682045245,1.4449281451600013,1.2283124669906782,1.1567026247357317,2889856.29032,50363.29032000009,2839493.0,0.017427610670018214,0,28,0.0,0.0,0.0,0.0,0.0,203,0
2023-09-20,-0.003233032739827113,-0.0054378624286536064,0.0022048296888264934,1.4402566451600014,1.2216330727757827,1.1592529570238925,2880513.29032,50363.29032000009,2830150.0,0.017484137458850316,0,28,0.0,0.0,0.0,0.0,0.0,203,0
2023-09-21,-0.002551975727625777,-0.006673319533725693,0.0041213438060999155,1.4365811451600012,1.2134807249281827,1.1640306370180258,2873162.29032,50363.29032000009,2822799.0,0.017528870711438597,0,28,0.0,0.0,0.0,0.0,0.0,203,0
2023-09-22,-0.0007173280837436957,0.005466543801554059,-0.006183871885297755,1.4355506451600013,1.220114270463344,1.1568324206881448,2871101.29032,50363.29032000009,2820738.0,0.017541453688799263,0,28,0.0,0.0,0.0,0.0,0.0,203,0
2023-09-25,0.002543623251684668,-0.003565401540561816,0.006109024792246484,1.4392021451600012,1.2157640731637727,1.1638995386266031,2878404.29032,50363.29032000009,2828041.0,0.01749694804491869,0,28,0.0,0.0,0.0,0.0,0.0,203,0
2023-09-26,-0.0010359906737313906,-0.00239843503829178,0.0013624443645603892,1.4377111451600013,1.2128481420124004,1.1654852869939194,2875422.29032,50363.29032000009,2825059.0,0.017515093518453338,0,28,0.0,0.0,0.0,0.0,0.0,203,0
2023-09-27,-0.006351067132462029,-0.002838575594873452,-0.0035124915375885774,1.4285801451600013,1.2094053808761964,1.1613915297861692,2857160.29032,50363.29032000009,2806797.0,0.017627044058616478,0,28,0.0,0.0,0.0,0.0,0.0,203,0
2023-09-28,0.0029728818606282736,0.004976437413812029,-0.0020035555531837555,1.4328271451600012,1.2154239110620542,1.1590646173372456,2865654.29032,50363.29032000009,2815291.0,0.01757479626559425,0,28,0.0,0.0,0.0,0.0,0.0,203,0
2023-10-09,-0.004639303681853391,-0.003935327046837257,-0.0007039766350161337,1.4261798249100008,1.210640820471479,1.1582486629281663,2852359.6498199995,21941.649819999686,2830418.0,0.007692455550401694,28,28,1154476.0,1126769.0,714.6405,0.0,0.0,203,1
2023-10-10,-0.007160387366049292,-0.00736963567333746,0.00020924830728816755,1.415967824910001,1.2017188386933337,1.1584910245003028,2831935.6498199995,21941.649819999686,2809994.0,0.007747933757391104,0,28,0.0,0.0,0.0,0.0,0.0,203,0
2023-10-11,-0.01037629509761906,-0.007581290714655068,-0.0027950043829639915,1.401275324910001,1.1926082588199218,1.1552530370092,2802550.6498199995,21941.649819999686,2780609.0,0.00782917155178228,0,28,0.0,0.0,0.0,0.0,0.0,203,0
2023-10-12,0.011163402167953418,0.008762966317121791,0.0024004358508316267,1.4169183249100008,1.2030590448214822,1.158026147816019,2833836.6498199995,21941.649819999686,2811895.0,0.007742736272887635,0,28,0.0,0.0,0.0,0.0,0.0,203,0
2023-10-13,-0.007747800142748007,-0.007261898832260111,-0.0004859013104878962,1.4059403249100009,1.194322551748753,1.157463461393216,2811880.6498199995,21941.649819999686,2789939.0,0.007803193859385271,0,28,0.0,0.0,0.0,0.0,0.0,203,0
2023-10-16,0.006310011771351709,0.004188974717038837,0.002121037054312872,1.414811824910001,1.199325538722018,1.1599184842838441,2829623.6498199995,21941.649819999686,2807682.0,0.007754264359995527,0,28,0.0,0.0,0.0,0.0,0.0,203,0
2023-10-17,0.001508327794853992,0.0008017633749434419,0.00070656441991055,1.4169458249100009,1.2002871140135998,1.1607380414148356,2833891.6498199995,21941.649819999686,2811950.0,0.007742586002324173,0,28,0.0,0.0,0.0,0.0,0.0,203,0
2023-10-18,-0.012080207795585385,-0.01654969401910701,0.0044694862235216265,1.3998288249100008,1.1804227295415977,1.165925944100057,2799657.6498199995,21941.649819999686,2777716.0,0.007837261752846958,0,28,0.0,0.0,0.0,0.0,0.0,203,0
2023-10-19,-0.015633340027418674,-0.012513185055633069,-0.003120154971785605,1.3779448249100008,1.1656518814829682,1.1622880744688393,2755889.6498199995,21941.649819999686,2733948.0,0.007961730188083837,0,28,0.0,0.0,0.0,0.0,0.0,203,0
2023-10-20,-0.0021738896549763354,-0.0006073010579329189,-0.0015665885970434165,1.3749493249100009,1.1649439798621621,1.160467247224897,2749898.6498199995,21941.649819999686,2727957.0,0.007979075818461863,0,28,0.0,0.0,0.0,0.0,0.0,203,0
2023-10-23,-0.01916543360732581,-0.020736995203597737,0.0015715615962719268,1.3485978249100008,1.1407865421393004,1.162290992984367,2697195.6498199995,21941.649819999686,2675254.0,0.00813498635943002,0,28,0.0,0.0,0.0,0.0,0.0,203,0
2023-10-24,0.01376874532719885,0.017458965982685388,-0.0036902206554865376,1.367166324910001,1.1607034955720157,1.15800188275437,2734332.6498199995,21941.649819999686,2712391.0,0.008024499075284092,0,28,0.0,0.0,0.0,0.0,0.0,203,0
2023-10-25,0.011716935758386615,0.010646067887825213,0.0010708678705614021,1.383185324910001,1.1730604237835114,1.1592419497646613,2766370.6498199995,21941.649819999686,2744429.0,0.007931565432646335,0,28,0.0,0.0,0.0,0.0,0.0,203,0
2023-10-26,0.007626237648730383,0.011741698316436408,-0.0041154606677060255,1.393733824910001,1.1868341453865285,1.15447113511605,2787467.6498199995,21941.649819999686,2765526.0,0.00787153523428929,0,28,0.0,0.0,0.0,0.0,0.0,203,0
2023-10-27,0.0042726953264440315,0.009016126880201042,-0.00474343155375701,1.399688824910001,1.1975347926270885,1.1489949803058388,2799377.6498199995,21941.649819999686,2777436.0,0.007838045653258158,0,28,0.0,0.0,0.0,0.0,0.0,203,0
2023-10-30,-0.00604527224152418,-0.004527310101330441,-0.0015179621401937389,1.391227324910001,1.1921131812637331,1.147250849426462,2782454.6498199995,21941.649819999686,2760513.0,0.007885716959095495,0,28,0.0,0.0,0.0,0.0,0.0,203,0
2023-10-31,0.0009225666984962189,-0.001282732711154799,0.002205299409651018,1.3925108249100009,1.1905840186907273,1.149780881047424,2785021.6498199995,21941.649819999686,2763080.0,0.007878448564813782,0,28,0.0,0.0,0.0,0.0,0.0,203,0
2023-11-01,0.0006477507993938314,0.0015185796574688707,-0.0008708288580750393,1.3934128249100008,1.1923920153620184,1.1487796186757449,2786825.6498199995,21941.649819999686,2764884.0,0.00787334859696619,0,28,0.0,0.0,0.0,0.0,0.0,203,0
2023-11-02,0.0002526171667918131,-0.0022938224113051827,0.002546439578096996,1.393764824910001,1.1896568798341198,1.151704916563252,2787529.6498199995,21941.649819999686,2765588.0,0.007871360156264717,0,28,0.0,0.0,0.0,0.0,0.0,203,0
2023-11-03,-0.0054984168512753895,0.00013564541713244276,-0.005634062268407832,1.386101324910001,1.1898182513378293,1.1452161393485032,2772202.6498199995,21941.649819999686,2750261.0,0.007914879462879226,0,28,0.0,0.0,0.0,0.0,0.0,203,0
2023-11-06,0.0012239364969297561,0.0044525106669927915,-0.0032285741700630354,1.387797824910001,1.1951159297936937,1.1415187241018632,2775595.6498199995,21941.649819999686,2753654.0,0.007905203995193835,0,28,0.0,0.0,0.0,0.0,0.0,204,0
2023-11-07,0.000358121327962424,-0.00039565679088574,0.000753778118848164,1.3882948249100011,1.1946430740601752,1.1423791759383468,2776589.6498199995,21941.649819999686,2754648.0,0.007902373986527723,0,28,0.0,0.0,0.0,0.0,0.0,204,0
2023-11-08,-0.005491628912824176,-0.003796035893025746,-0.0016955930197984298,1.3806708249100013,1.1901081660716881,1.1404421657816628,2761341.6498199995,21941.649819999686,2739400.0,0.007946010527683154,0,28,0.0,0.0,0.0,0.0,0.0,204,0
2023-11-09,3.512785171166932e-05,0.0008020094209123257,-0.0007668815692006564,1.3807193249100014,1.1910626440327823,1.1395675817039854,2761438.6498199995,21941.649819999686,2739497.0,0.007945731411208402,0,28,0.0,0.0,0.0,0.0,0.0,204,0
2023-11-10,0.0011012375741892289,0.006266403819226152,-0.005165166245036923,1.3822398249100014,1.198526323534287,1.1336815256970296,2764479.6498199995,21941.649819999686,2742538.0,0.00793699089860486,0,28,0.0,0.0,0.0,0.0,0.0,204,0
2023-11-13,0.00454588262236566,0.0030410122958872193,0.0015048703264784408,1.3885233249100015,1.2021710568210993,1.1353875693847277,2777046.6498199995,21941.649819999686,2755105.0,0.007901073545675541,0,28,0.0,0.0,0.0,0.0,0.0,204,0
2023-11-14,-0.0011461816819700044,-0.0019275048860842967,0.0007813232041142923,1.3869318249100016,1.1998538662351674,1.136274674038351,2773863.6498199995,21941.649819999686,2751922.0,0.007910140003249085,0,28,0.0,0.0,0.0,0.0,0.0,204,0
2023-11-15,8.65219168266762e-06,0.0030367469803621806,-0.003028094788679513,1.3869438249100015,1.2034975188403332,1.132833926619387,2773887.6498199995,21941.649819999686,2751946.0,0.00791007156379369,0,28,0.0,0.0,0.0,0.0,0.0,204,0
2023-11-16,-0.0024709003626894877,-0.004433929685896489,0.0019630293232070018,1.3835168249100014,1.1981612954646443,1.1350577128356645,2767033.6498199995,21941.649819999686,2745092.0,0.007929664975858544,0,28,0.0,0.0,0.0,0.0,0.0,204,0
2023-11-17,-0.003993084797042079,0.0003784040436414972,-0.004371488840683576,1.3779923249100012,1.1986146845437828,1.1300958207104714,2755984.6498199995,21941.649819999686,2734043.0,0.00796145574375124,0,28,0.0,0.0,0.0,0.0,0.0,204,0
2023-11-20,0.003749658039885917,0.003928174649306961,-0.0001785166094210441,1.3831593249100012,1.2033230523618947,1.1298940798362374,2766318.6498199995,21941.649819999686,2744377.0,0.00793171452660647,0,28,0.0,0.0,0.0,0.0,0.0,204,0
2023-11-21,0.0025224859762464913,0.0005998932413486721,0.0019225927348978191,1.3866483249100012,1.2040449177281658,1.1320664059853345,2773296.6498199995,21941.649819999686,2751355.0,0.007911757229946463,0,28,0.0,0.0,0.0,0.0,0.0,204,0
2023-11-22,-0.0016651662563035297,-0.0031806057074544257,0.001515439451150896,1.3843393249100013,1.2002153255908081,1.1337819840782872,2768678.6498199995,21941.649819999686,2746737.0,0.007924953595256055,0,28,0.0,0.0,0.0,0.0,0.0,204,0
2023-11-23,0.0051660022014219376,0.006646656793036474,-0.0014806545916145365,1.3914908249100013,1.2081927449377527,1.132103244577672,2782981.6498199995,21941.649819999686,2761040.0,0.007884223678377057,0,28,0.0,0.0,0.0,0.0,0.0,204,0
2023-11-24,7.150604101635594e-05,-0.00335890808572535,0.003430414126741706,1.3915903249100012,1.2041345365576666,1.1359868275408012,2783180.6498199995,21941.649819999686,2761239.0,0.00788365994906538,0,28,0.0,0.0,0.0,0.0,0.0,204,0
2023-11-27,-0.0020038224972427354,-0.0029999658655132295,0.000996143368270494,1.3888018249100011,1.200522174050508,1.1371184332854987,2777603.6498199995,21941.649819999686,2755662.0,0.007899489123086946,0,28,0.0,0.0,0.0,0.0,0.0,204,0
2023-11-28,0.0014368500704766696,0.003407190152053934,-0.0019703400815772646,1.3907973249100012,1.2046125813792554,1.134877923258896,2781594.6498199995,21941.649819999686,2759653.0,0.007888155026980497,0,28,0.0,0.0,0.0,0.0,0.0,204,0
2023-11-29,-0.0062611567077636154,-0.00656535992992999,0.000304203222166375,1.3820893249100012,1.1967038662063785,1.1352231567799167,2764178.6498199995,21941.649819999686,2742237.0,0.007937855182199784,0,28,0.0,0.0,0.0,0.0,0.0,204,0
2023-11-30,0.00563567047340241,0.004009606240169242,0.001626064233233168,1.3898783249100013,1.2015021774959542,1.1370691025518944,2779756.6498199995,21941.649819999686,2757815.0,0.00789337074575233,0,28,0.0,0.0,0.0,0.0,0.0,204,0
2023-12-01,0.006113484790512214,0.004009701656068383,0.0021037831344438308,1.3983753249100013,1.2063198427668294,1.1394612493525405,2796750.6498199995,21941.649819999686,2774809.0,0.007845407963492156,0,28,0.0,0.0,0.0,0.0,0.0,204,0
2023-12-04,0.008124785812229085,0.002308114973349739,0.005816670838879346,1.4097368249100013,1.2091041676585683,1.1460891203736825,2819473.6498199995,21941.649819999686,2797532.0,0.0077821794225317485,0,28,0.0,0.0,0.0,0.0,0.0,204,0
2023-12-05,-0.010060033723603312,-0.012170682113141595,0.0021106483895382833,1.3955548249100012,1.1943885451923213,1.1485081115298665,2791109.6498199995,21941.649819999686,2769168.0,0.007861264003517282,0,28,0.0,0.0,0.0,0.0,0.0,204,0
2023-12-06,0.001550279474071825,0.0016505964148252866,-0.00010031694075346149,1.3977183249100011,1.196359998642924,1.1483928967096875,2795436.6498199995,21941.649819999686,2773495.0,0.007849095711545646,0,28,0.0,0.0,0.0,0.0,0.0,204,0
2023-12-07,-0.0018197514868839582,-0.0006020568663312878,-0.0012176946205526705,1.395174824910001,1.195639721891137,1.146994504857083,2790349.6498199995,21941.649819999686,2768408.0,0.007863405154768006,0,28,0.0,0.0,0.0,0.0,0.0,204,0
2023-12-08,0.0019657034738831403,-0.0008289718208869311,0.002794675294770071,1.397917324910001,1.1946485702537561,1.1501999820630442,2795834.6498199995,21941.649819999686,2773893.0,0.007847978356449773,0,28,0.0,0.0,0.0,0.0,0.0,204,0
2023-12-11,0.012938891075811254,0.009483463984155832,0.0034554270916554216,1.416004824910001,1.205977976943481,1.1541744142418864,2832009.6498199995,21941.649819999686,2810068.0,0.007747731305009601,0,28,0.0,0.0,0.0,0.0,0.0,204,0
2023-12-12,0.01472276056780042,0.006614798942875818,0.008107961624924602,1.4368523249100011,1.2139552787904984,1.1635324161010294,2873704.6498199995,21941.649819999686,2851763.0,0.007635318341212987,0,28,0.0,0.0,0.0,0.0,0.0,204,0
2023-12-13,0.00434282625418092,0.0013180164196178925,0.003024809834563028,1.4430923249100012,1.215555291780626,1.1670518803960848,2886184.6498199995,21941.649819999686,2864243.0,0.007602302860757057,0,28,0.0,0.0,0.0,0.0,0.0,204,0
2023-12-14,0.00715823916577496,0.008097990503385355,-0.0009397513376103953,1.4534223249100011,1.2253988469898054,1.165955141830422,2906844.6498199995,21941.649819999686,2884903.0,0.0075482705349797,0,28,0.0,0.0,0.0,0.0,0.0,204,0
2023-12-15,0.0014878676093914578,-0.006451381703634627,0.007939249313026085,1.4555848249100012,1.2174933312886804,1.1752119503892184,2911169.6498199995,21941.649819999686,2889228.0,0.007537056392902543,0,28,0.0,0.0,0.0,0.0,0.0,204,0
2023-12-18,-0.009972623890811438,-0.009775744822117825,-0.0001968790686936138,1.4410688249100012,1.2055914271593722,1.1749805757549083,2882137.6498199995,21941.649819999686,2860196.0,0.007612977756759822,0,28,0.0,0.0,0.0,0.0,0.0,204,0
2023-12-19,-0.012744707041419057,-0.00879554037821792,-0.003949166663201137,1.4227028249100013,1.1949875990821586,1.1703403816352282,2845405.6498199995,21941.649819999686,2823464.0,0.007711255448370855,0,28,0.0,0.0,0.0,0.0,0.0,204,0
2023-12-20,-0.006461293137997037,-0.0029811819694284987,-0.0034801111685685386,1.4135103249100014,1.1914251235980842,1.1662674670020727,2827020.6498199995,21941.649819999686,2805079.0,0.007761404155783844,0,28,0.0,0.0,0.0,0.0,0.0,204,0
2023-12-21,-3.5726658030088565e-05,0.0012663276445946641,-0.0013020543026247527,1.4134598249100014,1.192933858168561,1.1647489234286514,2826919.6498199995,21941.649819999686,2804978.0,0.007761681454722915,0,28,0.0,0.0,0.0,0.0,0.0,204,0
2023-12-22,-0.007631628299507476,-0.0072251340049925596,-0.0004064942945149162,1.4026728249100013,1.1843147511842003,1.1642754596367353,2805345.6498199995,21941.649819999686,2783404.0,0.007821371252917635,0,28,0.0,0.0,0.0,0.0,0.0,204,0
2023-12-25,-0.00622739661371885,-0.0056691134366504935,-0.0005582831770683562,1.3939378249100014,1.1776007365150385,1.1636254642341466,2787875.6498199995,21941.649819999686,2765934.0,0.007870383250923103,0,28,0.0,0.0,0.0,0.0,0.0,204,0
2023-12-26,-0.001118055606318502,-0.002490600488055274,0.001372544881736772,1.3923793249100014,1.17466780354594,1.1652225924093398,2784758.6498199995,21941.649819999686,2762817.0,0.007879192626412327,0,28,0.0,0.0,0.0,0.0,0.0,204,0
2023-12-27,0.005787934261750838,0.004342414601875637,0.0014455196598752006,1.4004383249100014,1.179768698168411,1.1669069445747984,2800876.6498199995,21941.649819999686,2778935.0,0.00783385081289095,0,28,0.0,0.0,0.0,0.0,0.0,204,0
2023-12-28,-0.0008682995733340082,0.005224633565002154,-0.006092933138336162,1.3992223249100015,1.1859325573078006,1.159797058582844,2798444.6498199995,21941.649819999686,2776503.0,0.007840658853628214,0,28,0.0,0.0,0.0,0.0,0.0,204,0
2023-12-29,0.00526899826335625,0.004185775167168527,0.001083223096187723,1.4065948249100015,1.1908966043561162,1.1610533775435916,2813189.6498199995,21941.649819999686,2791248.0,0.007799562969884953,0,28,0.0,0.0,0.0,0.0,0.0,204,0
2024-01-02,0.010882707073075926,0.01344287310943117,-0.0025601660363552443,1.4219023843600016,1.206905676294928,1.158080888120009,2843804.7687199996,21849.768719999804,2821955.0,0.00768328717932153,28,28,1237643.0,1238339.0,787.8811000000001,0.0,0.0,204,1
2024-01-03,0.009568870655016326,0.00954023479663361,2.8635858382716414e-05,1.4355083843600018,1.2184198398241715,1.1581140507603171,2871016.7687199996,21849.768719999804,2849167.0,0.00761046363715291,0,28,0.0,0.0,0.0,0.0,0.0,204,0
2024-01-04,0.0031340813115527943,0.00019063742136175217,0.002943443890191042,1.4400073843600019,1.2186521162405717,1.1615228944871718,2880014.7687199996,21849.768719999804,2858165.0,0.007586686345261613,0,28,0.0,0.0,0.0,0.0,0.0,204,0
2024-01-05,0.0001010411485249385,-0.003337963601239066,0.0034390047497640046,1.440152884360002,1.2145842998339877,1.165517377238273,2880305.7687199996,21849.768719999804,2858456.0,0.0075859198552068255,0,28,0.0,0.0,0.0,0.0,0.0,204,0
2024-01-08,-0.00926082233687775,-0.01565198035149417,0.00639115801461642,1.426815884360002,1.1955736502377527,1.172966382964984,2853631.7687199996,21849.768719999804,2831782.0,0.0076568283825213185,0,28,0.0,0.0,0.0,0.0,0.0,204,0
2024-01-09,0.00722517888467733,0.005636405341429655,0.001588773543247675,1.4371248843600022,1.2023123879460254,1.1748299609213575,2874249.7687199996,21849.768719999804,2852400.0,0.007601903271520569,0,28,0.0,0.0,0.0,0.0,0.0,204,0
2024-01-10,-0.003431852063570884,-0.006304936114179757,0.0028730840506088736,1.4321928843600022,1.194731885150739,1.178205346144258,2864385.7687199996,21849.768719999804,2842536.0,0.00762808171951076,0,28,0.0,0.0,0.0,0.0,0.0,204,0
2024-01-11,-0.0026270902760987536,0.002460501376340246,-0.005087591652438999,1.4284303843600024,1.1976715245985101,1.1722111184603556,2856860.7687199996,21849.768719999804,2835011.0,0.0076481741634855625,0,28,0.0,0.0,0.0,0.0,0.0,204,0
2024-01-12,0.008964385062235403,0.008507827995519225,0.0004565570667161775,1.4412353843600023,1.2078611079249255,1.1727462997301719,2882470.7687199996,21849.768719999804,2860621.0,0.0075802221334242675,0,28,0.0,0.0,0.0,0.0,0.0,204,0
2024-01-15,0.004024672210345193,0.0004616407421619638,0.0035630314681832287,1.4470358843600022,1.2084187058232165,1.1769248317003058,2894071.7687199996,21849.768719999804,2872222.0,0.007549836516204848,0,28,0.0,0.0,0.0,0.0,0.0,204,0
2024-01-16,0.002258409784664961,-0.0036580713936554795,0.00591648117832044,1.4503038843600022,1.2039982239238864,1.1838880853153586,2900607.7687199996,21849.768719999804,2878758.0,0.007532824312072302,0,28,0.0,0.0,0.0,0.0,0.0,204,0
2024-01-17,-0.00956902904946999,-0.014127711363875814,0.004558682314405824,1.4364258843600022,1.1869884845336707,1.1892850549921217,2872851.7687199996,21849.768719999804,2851002.0,0.007605602543752189,0,28,0.0,0.0,0.0,0.0,0.0,204,0
2024-01-18,-0.014060245098547863,-0.013610930869322913,-0.0004493142292249508,1.4162293843600022,1.1708324663280005,1.188750692294309,2832458.7687199996,21849.768719999804,2810609.0,0.007714064176783696,0,28,0.0,0.0,0.0,0.0,0.0,204,0
2024-01-19,-0.006689947338073043,-0.007149487210307687,0.00045953987223464315,1.4067548843600022,1.1624616145845754,1.1892969706355647,2813509.7687199996,21849.768719999804,2791660.0,0.0077660184311143556,0,28,0.0,0.0,0.0,0.0,0.0,204,0
2024-01-22,-0.03579941364334527,-0.04149111547439194,0.005691701831046669,1.356393884360002,1.1142297854992986,1.1960660943809895,2712787.7687199996,21849.768719999804,2690938.0,0.008054359788826897,0,28,0.0,0.0,0.0,0.0,0.0,204,0
2024-01-23,0.008159134398649792,0.005669787780293567,0.0024893466183562255,1.367460884360002,1.1205472319215617,1.1990435174683673,2734921.7687199996,21849.768719999804,2713072.0,0.007989175035974046,0,28,0.0,0.0,0.0,0.0,0.0,204,0
2024-01-24,0.026094347858951927,0.022633223330674006,0.003461124528277921,1.403143884360002,1.145908827674211,1.2031935563971496,2806287.7687199996,21849.768719999804,2784438.0,0.007786004330541587,0,28,0.0,0.0,0.0,0.0,0.0,204,0
2024-01-25,0.021582604847266262,0.031523893520963416,-0.009941288673697153,1.433427384360002,1.1820323355425448,1.1912322619226732,2866854.7687199996,21849.768719999804,2845005.0,0.007621512243452549,0,28,0.0,0.0,0.0,0.0,0.0,204,0
2024-01-26,0.016850173412017,0.014483645684012399,0.0023665277280046013,1.457580884360002,1.1991524730775889,1.1940513461010067,2915161.7687199996,21849.768719999804,2893312.0,0.007495216544910193,0,28,0.0,0.0,0.0,0.0,0.0,204,0
2024-01-29,0.0003018700400925223,-0.0071421384508137545,0.007444008490906277,1.4580208843600018,1.190587960091233,1.2029398744599606,2916041.7687199996,21849.768719999804,2894192.0,0.007492954646390675,0,28,0.0,0.0,0.0,0.0,0.0,204,0
2024-01-30,-0.014075244202697568,-0.013205303039246732,-0.0008699411634508353,1.4374988843600016,1.1748658852833498,1.2018933875460116,2874997.7687199996,21849.768719999804,2853148.0,0.0075999254530648595,0,28,0.0,0.0,0.0,0.0,0.0,204,0
2024-01-31,-0.009676181422702657,-0.019477328672349845,0.009801147249647188,1.4235893843600016,1.1519826362897547,1.2136733216157272,2847178.7687199996,21849.768719999804,2825329.0,0.007674182232618558,0,28,0.0,0.0,0.0,0.0,0.0,204,0
2024-02-01,-0.010921337410077503,-0.018101662062681264,0.007180324652603761,1.4080418843600015,1.1311298359055608,1.222387890087132,2816083.7687199996,21849.768719999804,2794234.0,0.007758920016051662,0,28,0.0,0.0,0.0,0.0,0.0,204,0
2024-02-02,-0.00957322374406988,-0.024009118419625244,0.014435894675555363,1.3945623843600015,1.1039724057273328,1.240034152921104,2789124.7687199996,21849.768719999804,2767275.0,0.007833915845230265,0,28,0.0,0.0,0.0,0.0,0.0,204,0
2024-02-05,-0.017374267563598167,-0.04300693953938315,0.025632671975784983,1.3703328843600013,1.05649393122107,1.271819541601701,2740665.7687199996,21849.768719999804,2718816.0,0.007972430994460341,0,28,0.0,0.0,0.0,0.0,0.0,204,0
2024-02-06,0.0218344756529536,0.019685652124658642,0.0021488235282949575,1.4002533843600016,1.077291703222901,1.2745524573564402,2800506.7687199996,21849.768719999804,2778657.0,0.007802076739841791,0,28,0.0,0.0,0.0,0.0,0.0,204,0
2024-02-07,0.004301721436476447,-0.00434764920290516,0.008649370639381607,1.4062768843600018,1.0726080168080876,1.2855765339594505,2812553.7687199996,21849.768719999804,2790704.0,0.00776865813660291,0,28,0.0,0.0,0.0,0.0,0.0,204,0
2024-02-08,0.008577969341713176,0.026249257009073403,-0.017671287667360227,1.4183398843600017,1.1007631803112756,1.2628587412094452,2836679.7687199996,21849.768719999804,2814830.0,0.00770258559352969,0,28,0.0,0.0,0.0,0.0,0.0,204,0
2024-02-19,0.019511190727381278,0.02382224250638045,-0.0043110517789991705,1.4460133843600016,1.1269858277347455,1.2574144917865295,2892026.7687199996,21849.768719999804,2870177.0,0.0075551751305782105,0,28,0.0,0.0,0.0,0.0,0.0,204,0
2024-02-20,0.006017233377027864,0.006055682267866004,-3.844889083814019e-05,1.4547143843600017,1.133810495827895,1.2573661455939966,2909428.7687199996,21849.768719999804,2887579.0,0.007509985793401152,0,28,0.0,0.0,0.0,0.0,0.0,204,0
2024-02-21,0.005606255143746353,0.010572862020105576,-0.004966606876359223,1.4628698843600016,1.1457981177572307,1.2511213022491883,2925739.7687199996,21849.768719999804,2903890.0,0.007468117620576691,0,28,0.0,0.0,0.0,0.0,0.0,204,0
2024-02-22,0.007301059454561498,0.010017476689274525,-0.0027164172347130273,1.4735503843600015,1.1572761236924782,1.247722734781042,2947100.7687199996,21849.768719999804,2925251.0,0.0074139876559055394,0,28,0.0,0.0,0.0,0.0,0.0,204,0
2024-02-23,0.0049156785386379465,0.011286562932500382,-0.006370884393862436,1.4807938843600017,1.1703377934928134,1.239773637482158,2961587.7687199996,21849.768719999804,2939738.0,0.00737772115038255,0,28,0.0,0.0,0.0,0.0,0.0,204,0
2024-02-26,-0.019684035913342335,-0.009854389640358582,-0.009829646272983753,1.4516458843600017,1.1588048288648978,1.227587101167138,2903291.7687199996,21849.768719999804,2881442.0,0.00752586045791495,0,28,0.0,0.0,0.0,0.0,0.0,204,0
2024-02-27,0.0050625294220705275,0.010506637879474374,-0.005444108457403847,1.4589948843600018,1.1709799715747677,1.220903983847474,2917989.7687199996,21849.768719999804,2896140.0,0.007487952478183083,0,28,0.0,0.0,0.0,0.0,0.0,204,0
2024-02-28,-0.008484950929372403,-0.02299679445523378,0.014511843525861375,1.4466153843600018,1.1440511858572673,1.2386215514211694,2893230.7687199996,21849.768719999804,2871381.0,0.007552031091410799,0,28,0.0,0.0,0.0,0.0,0.0,204,0
2024-02-29,0.009660135064982978,0.019190611849472895,-0.009530476784489917,1.4605898843600016,1.1660062281009833,1.226816897480581,2921179.7687199996,21849.768719999804,2899330.0,0.007479775450305107,0,28,0.0,0.0,0.0,0.0,0.0,204,0
2024-03-01,-0.0017496355598271007,-0.000627971269892192,-0.0011216642899349086,1.4580343843600017,1.1652740096892205,1.2254408207763885,2916068.7687199996,21849.768719999804,2894219.0,0.007492885268817134,0,28,0.0,0.0,0.0,0.0,0.0,204,0
2024-03-04,0.003237235040977282,-8.215611565126079e-05,0.0033193911566285427,1.4627543843600015,1.1651782753029152,1.2295085381998452,2925508.7687199996,21849.768719999804,2903659.0,0.0074687073078094895,0,28,0.0,0.0,0.0,0.0,0.0,204,0
2024-03-05,0.004772161392669005,-0.0012989651155785713,0.0060711265082475764,1.4697348843600015,1.1636647493698666,1.236973040078227,2939469.7687199996,21849.768719999804,2917620.0,0.00743323471209379,0,28,0.0,0.0,0.0,0.0,0.0,204,0
2024-03-06,0.0014210045785973957,0.008350009585510331,-0.006929005006912936,1.4718233843600015,1.1733813611814254,1.2284020476901087,2943646.7687199996,21849.768719999804,2921797.0,0.007422687039824702,0,28,0.0,0.0,0.0,0.0,0.0,204,0
2024-03-07,0.0026270135677191053,0.0035230496305500274,-0.0008960360628309221,1.4756898843600015,1.17751524195243,1.227301355155723,2951379.7687199996,21849.768719999804,2929530.0,0.007403238631494703,0,28,0.0,0.0,0.0,0.0,0.0,204,0
2024-03-08,0.009674796955182696,0.0057159458636516815,0.003958851091531015,1.4899668843600016,1.184245855329055,1.2321600584652186,2979933.7687199996,21849.768719999804,2958084.0,0.007332300116651636,0,28,0.0,0.0,0.0,0.0,0.0,204,0
2024-03-11,-0.0018540680527853182,0.010149370446485008,-0.012003438499270326,1.4872043843600016,1.196265205214504,1.217369900982174,2974408.7687199996,21849.768719999804,2952559.0,0.007345919952153242,0,28,0.0,0.0,0.0,0.0,0.0,204,0
2024-03-12,-0.01526521857973795,-0.010225694557864462,-0.0050395240218734875,1.4645018843600015,1.1840325626157793,1.2112349361226684,2929003.7687199996,21849.768719999804,2907154.0,0.007459795358866453,0,28,0.0,0.0,0.0,0.0,0.0,204,0
2024-03-13,-0.0010133138207933934,-0.0010731596247147968,5.98458039214034e-05,1.4630178843600015,1.1827619066752324,1.2113074234511583,2926035.7687199996,21849.768719999804,2904186.0,0.0074673621401279144,0,28,0.0,0.0,0.0,0.0,0.0,204,0
2024-03-14,0.006085708244021104,0.0018660489443676916,0.004219659299653412,1.4719213843600014,1.184968998282622,1.2164187280852632,2943842.7687199996,21849.768719999804,2921993.0,0.007422192839972977,0,28,0.0,0.0,0.0,0.0,0.0,204,0
2024-03-15,0.008766772558040259,0.010698853296786322,-0.0019320807387460635,1.4848253843600012,1.1976468077564875,1.2140685088904797,2969650.7687199996,21849.768719999804,2947801.0,0.007357689648273911,0,28,0.0,0.0,0.0,0.0,0.0,204,0
2024-03-18,0.007315675037898206,0.008307838628896362,-0.0009921635909981557,1.4956878843600012,1.2075966641697413,1.2128639543189812,2991375.7687199996,21849.768719999804,2969526.0,0.0073042540988921805,0,28,0.0,0.0,0.0,0.0,0.0,204,0
2024-03-19,-0.005760225839956279,-0.0066021744486153885,0.0008419486086591096,1.487072384360001,1.1996239003293265,1.2138851234378127,2974144.7687199996,21849.768719999804,2952295.0,0.007346572012835615,0,28,0.0,0.0,0.0,0.0,0.0,204,0
2024-03-20,0.009493485420399184,0.00628998643076548,0.003203498989633704,1.5011898843600011,1.20716951838442,1.217773803204277,3002379.7687199996,21849.768719999804,2980530.0,0.007277483330936175,0,28,0.0,0.0,0.0,0.0,0.0,204,0
2024-03-21,0.0010075341006210436,0.0018690844373494924,-0.0008615503367284487,1.5027023843600011,1.209425820144475,1.2167246297740675,3005404.7687199996,21849.768719999804,2983555.0,0.007270158398432838,0,28,0.0,0.0,0.0,0.0,0.0,204,0
2024-03-22,-0.007506476410366614,-0.008307923112337872,0.000801446701971258,1.4914223843600012,1.1993780034206385,1.2176997697158072,2982844.7687199996,21849.768719999804,2960995.0,0.007325144422240917,0,28,0.0,0.0,0.0,0.0,0.0,204,0
2024-03-25,0.0010392763420037365,-0.004077044972585122,0.0051163213145888585,1.4929723843600013,1.1944880853615631,1.223929913002374,2985944.7687199996,21849.768719999804,2964095.0,0.007317539476581229,0,28,0.0,0.0,0.0,0.0,0.0,204,0
2024-03-26,0.007911733749223604,0.006893115867419423,0.0010186178818041812,1.5047843843600013,1.2027218301362124,1.2251766298978333,3009568.7687199996,21849.768719999804,2987719.0,0.007260099502325954,0,28,0.0,0.0,0.0,0.0,0.0,204,0
2024-03-27,-0.007302707360745009,-0.01185582335528501,0.004553115994540001,1.4937953843600014,1.1884625725725724,1.2307550012075577,2987590.7687199996,21849.768719999804,2965741.0,0.007313507910375923,0,28,0.0,0.0,0.0,0.0,0.0,204,0
2024-03-28,-0.0002276081473806535,0.005527129370860858,-0.0057547375182415116,1.4934553843600014,1.195031358963607,1.2236723292263452,2986910.7687199996,21849.768719999804,2965061.0,0.0073151729033282195,0,28,0.0,0.0,0.0,0.0,0.0,204,0
2024-03-29,0.013907010693125166,0.012379991237524356,0.0015270194556008098,1.5142248843600012,1.2098258367161434,1.2255409006803542,3028449.7687199996,21849.768719999804,3006600.0,0.007214836100529016,0,28,0.0,0.0,0.0,0.0,0.0,204,0
2024-04-01,0.0003009760007957052,0.00830090264142419,-0.007999926640628485,1.5146806297100013,1.2198684831998037,1.2157366633798214,3029361.2594199996,23727.259419999406,3005634.0,0.0078324298055301,28,28,1183524.0,1186145.0,743.5092999999999,0.0,0.0,204,1
2024-04-02,0.007365249004429364,0.008853220926706932,-0.001487971922277568,1.5258366297100012,1.2306682483830984,1.2139276813598288,3051673.2594199996,23727.259419999406,3027946.0,0.007775163788179933,0,28,0.0,0.0,0.0,0.0,0.0,204,0
2024-04-03,0.0028253352397362708,0.0017407165611881418,0.001084618678548129,1.5301476297100014,1.2328104929843875,1.215244329997438,3060295.2594199996,23727.259419999406,3036568.0,0.007753258234467317,0,28,0.0,0.0,0.0,0.0,0.0,204,0
2024-04-08,0.006423889962737128,0.0086887409365141,-0.002264850973776971,1.5399771297100016,1.2435220639817453,1.2124919826932665,3079954.2594199996,23727.259419999406,3056227.0,0.007703770063282562,0,28,0.0,0.0,0.0,0.0,0.0,204,0
2024-04-09,-0.0015847637948100957,-0.001280304933340945,-0.00030445886146915064,1.5375366297100015,1.241929976548511,1.2121228287646753,3075073.2594199996,23727.259419999406,3051346.0,0.007715998097708634,0,28,0.0,0.0,0.0,0.0,0.0,204,0
2024-04-10,0.0011020875647818063,0.00104671558587779,5.5371978904016246e-05,1.5392311297100014,1.2432299240115332,1.2121899464043788,3078462.2594199996,23727.259419999406,3054735.0,0.007707503753666209,0,28,0.0,0.0,0.0,0.0,0.0,204,0
2024-04-11,0.007876010149485468,0.008999363571502576,-0.0011233534220171076,1.5513541297100013,1.2544182021006847,1.2108282286799508,3102708.2594199996,23727.259419999406,3078981.0,0.007647273748010981,0,28,0.0,0.0,0.0,0.0,0.0,204,0
2024-04-12,-0.004632082296608386,-0.010193924271820823,0.0055618419752124365,1.5441681297100014,1.2416307579432766,1.217562663946995,3088336.2594199996,23727.259419999406,3064609.0,0.007682861394262641,0,28,0.0,0.0,0.0,0.0,0.0,204,0
2024-04-15,0.015687087133801514,-0.004036415746924573,0.019723502880726086,1.5683916297100016,1.2366190200000484,1.2415772646568182,3136783.2594199996,23727.259419999406,3113056.0,0.0075642011123161395,0,28,0.0,0.0,0.0,0.0,0.0,204,0
2024-04-16,-0.0133579519318614,-0.036704897132500275,0.023346945200638874,1.5474411297100017,1.1912290460788533,1.2705643010171201,3094882.2594199996,23727.259419999406,3071155.0,0.007666611338050076,0,28,0.0,0.0,0.0,0.0,0.0,204,0
2024-04-17,0.017993253161894485,0.032445079005777824,-0.01445182584388334,1.5752846297100018,1.2298785665928589,1.2522023270153653,3150569.2594199996,23727.259419999406,3126842.0,0.0075311023076405715,0,28,0.0,0.0,0.0,0.0,0.0,204,0
2024-04-18,-0.006333141206257165,-0.009599882432929223,0.003266741226672058,1.5653081297100018,1.218071876946788,1.256292947981161,3130616.2594199996,23727.259419999406,3106889.0,0.0075791018297449485,0,28,0.0,0.0,0.0,0.0,0.0,204,0
2024-04-19,0.0022030806168744643,0.00369444966824046,-0.0014913690513659959,1.568756629710002,1.222571982188467,1.2544193515590927,3137513.2594199996,23727.259419999406,3113786.0,0.007562441162204244,0,28,0.0,0.0,0.0,0.0,0.0,204,0
2024-04-22,-0.007989448307426095,-0.010407294740486432,0.002417846433060337,1.556223129710002,1.209848315228371,1.2574523449138217,3112446.2594199996,23727.259419999406,3088719.0,0.0076233475030090805,0,28,0.0,0.0,0.0,0.0,0.0,204,0
2024-04-23,-0.008849309419123097,-0.004977666898024993,-0.0038716425210981037,1.542451629710002,1.2038260933180274,1.2525839389469988,3084903.2594199996,23727.259419999406,3061176.0,0.007691411180414269,0,28,0.0,0.0,0.0,0.0,0.0,204,0
2024-04-24,0.005864365420457762,0.010228933097114527,-0.004364567676656765,1.551497129710002,1.2161399498871384,1.2471169515747713,3102994.2594199996,23727.259419999406,3079267.0,0.007646568906135978,0,28,0.0,0.0,0.0,0.0,0.0,204,0
2024-04-25,0.009254931720488635,0.006769135383498434,0.0024857963369902007,1.5658561297100022,1.2243721658532054,1.2502170303247944,3131712.2594199996,23727.259419999406,3107985.0,0.007576449384399622,0,28,0.0,0.0,0.0,0.0,0.0,204,0
2024-04-26,-0.008882042057449913,-0.002566000379789837,-0.006316041677660075,1.5519481297100022,1.221230426410622,1.2423206074551425,3103896.2594199996,23727.259419999406,3080169.0,0.007644346794126789,0,28,0.0,0.0,0.0,0.0,0.0,204,0
2024-04-29,-0.0017384601639387487,0.012034616496649785,-0.013773076660588534,1.549250129710002,1.2359274662465138,1.2252100304916338,3098500.2594199996,23727.259419999406,3074773.0,0.007657659329820696,0,28,0.0,0.0,0.0,0.0,0.0,204,0
2024-04-30,0.008853638116246287,0.003225033716748283,0.005628604399498005,1.562966629710002,1.2399133739966142,1.2321062530595681,3125933.2594199996,23727.259419999406,3102206.0,0.007590456177686235,0,28,0.0,0.0,0.0,0.0,0.0,204,0
2024-05-06,0.01193243646120612,0.02079645220230684,-0.008864015741100722,1.581616629710002,1.2656991732139355,1.2211848438377395,3163233.2594199996,23727.259419999406,3139506.0,0.00750095154991825,0,28,0.0,0.0,0.0,0.0,0.0,204,0
2024-05-07,-0.005110277578127098,-0.004582379718236264,-0.0005278978598908341,1.573534129710002,1.2598992589932116,1.2205401829721465,3147068.2594199996,23727.259419999406,3123341.0,0.007539480387493186,0,28,0.0,0.0,0.0,0.0,0.0,204,0
2024-05-08,-0.00276670198491491,-0.0004215219685808808,-0.0023451800163340293,1.569180629710002,1.2593681837773472,1.2176777965259076,3138361.2594199996,23727.259419999406,3114634.0,0.007560397754968604,0,28,0.0,0.0,0.0,0.0,0.0,204,0
2024-05-09,0.008820208290843956,0.009991446166001608,-0.0011712378751576515,1.5830211297100019,1.2719510931887337,1.216251606170878,3166042.2594199996,23727.259419999406,3142315.0,0.0074942964988553564,0,28,0.0,0.0,0.0,0.0,0.0,204,0
2024-05-10,0.005186727988592432,0.011457735611083944,-0.006271007622491512,1.5912318297100019,1.2865247725247193,1.2086244830777126,3182463.6594199995,29305.659419999407,3153158.0,0.009208482030346368,0,28,0.0,0.0,0.0,5578.4,0.0,204,0
2024-05-13,0.012375318060089846,0.015883041721664486,-0.0035077236615746396,1.610923829710002,1.3069586991626843,1.2043849623804626,3221847.6594199995,29305.659419999407,3192542.0,0.009095917162413272,0,28,0.0,0.0,0.0,0.0,0.0,204,0
2024-05-14,-0.00315781535177595,-0.0035906724106299763,0.0004328570588540263,1.605836829710002,1.302265838619768,1.2049062889130067,3211673.6594199995,33529.65941999941,3178144.0,0.010439933497494442,0,28,0.0,0.0,0.0,4224.0,0.0,204,0
2024-05-15,-0.004372897588398206,-0.014302213762697242,0.009929316174299036,1.5988146697100023,1.28364055421997,1.2168701844160252,3197629.3394199996,36185.33941999941,3161444.0,0.011316302040987297,0,28,0.0,0.0,0.0,2655.68,0.0,204,0
2024-05-16,-0.001296272819648281,-0.002893347491471666,0.001597074671823385,1.5967421697100024,1.2799265360424665,1.2188136169664532,3193484.3394199996,36185.33941999941,3157299.0,0.011330990095467756,0,28,0.0,0.0,0.0,0.0,0.0,204,0
2024-05-17,0.008518595085686531,0.009288795044888463,-0.0007701999592019323,1.6103441697100025,1.2918155113082792,1.2178748867683908,3220688.3394199996,36185.33941999941,3184503.0,0.011235281283539492,0,28,0.0,0.0,0.0,0.0,0.0,204,0
2024-05-20,0.006008342925688082,0.01003044067185311,-0.004022097746165028,1.6200196697100027,1.3047729901534366,1.2129764749312086,3240039.3394199996,36185.33941999941,3203854.0,0.011168179034047456,0,28,0.0,0.0,0.0,0.0,0.0,204,0
2024-05-21,0.004088221966579875,-0.0038455970978729217,0.007933819064452795,1.6266426697100025,1.2997553589291195,1.2226000108127508,3253285.3394199996,36185.33941999941,3217100.0,0.011122706939210743,0,28,0.0,0.0,0.0,0.0,0.0,204,0
2024-05-22,0.0024356916695824626,0.0003721978418058068,0.002063493827776656,1.6306046697100025,1.3002391250685885,1.2251228383889026,3261209.3394199996,36185.33941999941,3225024.0,0.011095681280746885,0,28,0.0,0.0,0.0,0.0,0.0,204,0
2024-05-23,-0.009490957733337302,-0.01716220575578876,0.007671248022451459,1.6151286697100025,1.2779241536724346,1.2345210595401535,3230257.3394199996,36185.33941999941,3194072.0,0.011201998979591073,0,28,0.0,0.0,0.0,0.0,0.0,204,0
2024-05-24,0.004930876498793202,0.013186199885313483,-0.008255323386520281,1.6230926697100025,1.2947751170010295,1.2243296889661799,3246185.3394199996,36185.33941999941,3210000.0,0.011147034329982123,0,28,0.0,0.0,0.0,0.0,0.0,204,0
2024-05-27,0.015332765937786208,0.01296261672101423,0.0023701492167719773,1.6479791697100026,1.3115587905826203,1.2272315330195538,3295958.3394199996,36185.33941999941,3259773.0,0.010978700485142375,0,28,0.0,0.0,0.0,0.0,0.0,204,0
2024-05-28,-0.006638469830856697,0.005939717549062493,-0.012578187379919191,1.6370391097100025,1.319349079347671,1.2117951848386883,3274078.2194199995,39332.219419999405,3234746.0,0.012013219228148764,0,28,0.0,0.0,0.0,3146.88,0.0,204,0
2024-05-29,0.0012091953016020174,-0.0036567824798190685,0.004865977781421086,1.6390186097100026,1.314524506749547,1.2176917532837463,3278037.2194199995,39332.219419999405,3238705.0,0.011998710443854772,0,28,0.0,0.0,0.0,0.0,0.0,204,0
2024-05-30,-0.012407729771657827,-0.01980447579965243,0.007396746027994602,1.6186821097100026,1.2884910379675756,1.2266987099231699,3237364.2194199995,39332.219419999405,3198032.0,0.012149457631012581,0,28,0.0,0.0,0.0,0.0,0.0,204,0
2024-05-31,-0.0009433600277904963,-0.00368184922890232,0.0027384892011118236,1.6171551097100025,1.2837470082329872,1.2300580110933121,3234310.2194199995,39332.219419999405,3194978.0,0.012160929766054646,0,28,0.0,0.0,0.0,0.0,0.0,204,0
2024-06-03,-0.01091608337011385,-0.017838287477727064,0.006922204107613215,1.5995021097100026,1.260847160051455,1.2385727237103048,3199004.2194199995,39332.219419999405,3159672.0,0.012295144589440584,0,28,0.0,0.0,0.0,0.0,0.0,204,0
2024-06-04,0.013292573902171867,0.01059006115475729,0.002702512747414577,1.6207636097100027,1.2741996085832021,1.2419199822847318,3241527.2194199995,39332.219419999405,3202195.0,0.012133854432676042,0,28,0.0,0.0,0.0,0.0,0.0,204,0
2024-06-05,-0.007152184273235385,-0.016808336333861407,0.009656152060626023,1.6091716097100026,1.2527824330056612,1.253912150480803,3218343.2194199995,39332.219419999405,3179011.0,0.012221263158839766,0,28,0.0,0.0,0.0,0.0,0.0,204,0
2024-06-06,-0.003309466788914861,-0.0135421424823349,0.010232675693420039,1.6038461097100027,1.2358170747985324,1.2667430268647122,3207692.2194199995,39332.219419999405,3168360.0,0.012261843322085084,0,28,0.0,0.0,0.0,0.0,0.0,204,0
2024-06-07,0.019526125237578018,0.02072805061042526,-0.0012019253728472422,1.6351630097100025,1.2614331536701842,1.2652204962798461,3270326.0194199993,47129.01941999941,3223197.0,0.014411107375881093,0,28,0.0,0.0,0.0,7796.799999999999,0.0,204,0
2024-06-11,-0.01873482938281068,-0.011743391005102539,-0.006991438377708142,1.6045285097100024,1.2466196509198355,1.2563747851458924,3209057.0194199993,47129.01941999941,3161928.0,0.014686251797581784,0,28,0.0,0.0,0.0,0.0,0.0,204,0
2024-06-12,0.0042034154950720826,0.007667606858356261,-0.003464191363284178,1.6112730097100023,1.2561782403049901,1.252022462466142,3222546.0194199993,47129.01941999941,3175417.0,0.014624777780049138,0,28,0.0,0.0,0.0,0.0,0.0,204,0
2024-06-13,-0.010274174457238328,-0.007061891439371219,-0.0032122830178671086,1.5947185097100023,1.247307245943456,1.2480006119719738,3189437.0194199993,50333.01941999941,3139104.0,0.015781161099444593,0,28,0.0,0.0,0.0,3204.0,0.0,204,0
2024-06-14,-0.00042076391282497294,0.0002677741431463449,-0.0006885380559713179,1.5940475097100022,1.2476412425724785,1.2471413160567555,3188095.0194199993,58821.01941999941,3129274.0,0.01845020899995024,0,28,0.0,0.0,0.0,8488.0,0.0,204,0
2024-06-17,-0.006928275307182763,-0.012142730726841976,0.005214455419659213,1.5830035097100021,1.2324914709202184,1.2536444788513486,3166007.0194199993,58821.01941999941,3107186.0,0.018578928934521188,0,28,0.0,0.0,0.0,0.0,0.0,204,0
2024-06-18,0.009185639773258591,0.005419672846595574,0.003765966926663017,1.5975444097100022,1.2391711714788254,1.2583656624964963,3195088.8194199996,60209.81941999941,3134879.0,0.018844490035469254,0,28,0.0,0.0,0.0,1388.8,0.0,204,0
2024-06-19,0.0019971275794323784,-0.005007841090949817,0.007004968670382195,1.600734909710002,1.2329655991675732,1.267180474538169,3201469.8194199996,60209.81941999941,3141260.0,0.018806930196489387,0,28,0.0,0.0,0.0,0.0,0.0,204,0
2024-06-20,-0.002256288644729154,-0.011833133054039624,0.00957684440931047,1.5971231897100018,1.2183757531815695,1.2793160647813373,3194246.379419999,62176.37941999941,3132070.0,0.019465116974254563,0,28,0.0,0.0,0.0,1966.5600000000002,0.0,204,0
2024-06-21,0.0008286774674157726,0.0019317764589253303,-0.0011030989915095577,1.5984466897100016,1.220729382779691,1.277904852520455,3196893.379419999,62176.37941999941,3134717.0,0.019449000026169106,0,28,0.0,0.0,0.0,0.0,0.0,204,0
2024-06-24,-0.010173001142096405,-0.014682342541880866,0.004509341399784461,1.5821856897100015,1.2028062158307808,1.283667361776911,3164371.379419999,62176.37941999941,3102195.0,0.01964888818814806,0,28,0.0,0.0,0.0,0.0,0.0,204,0
2024-06-25,0.005199326509840896,0.0008736059121927822,0.004325720597648113,1.5904119897100015,1.2038569944521529,1.289220148124278,3180823.9794199993,66073.9794199994,3114750.0,0.02077259849884794,0,28,0.0,0.0,0.0,3897.6000000000004,0.0,204,0
2024-06-26,0.004751284603543349,0.009735767542651309,-0.00498448293910796,1.5979684897100015,1.2155774663047338,1.2827940522911983,3195936.9794199993,66073.9794199994,3129863.0,0.02067436868920693,0,28,0.0,0.0,0.0,0.0,0.0,204,0
2024-06-27,0.0004208468466873061,-0.009299948095907964,0.00972079494259527,1.5986409897100016,1.2042726589615445,1.2952638302271018,3197281.9794199993,76449.9794199994,3120832.0,0.02391092806705393,0,28,0.0,0.0,0.0,10376.0,0.0,204,0
2024-06-28,0.015137500011425331,0.01497136399153879,0.00016613601988654109,1.6228404177100018,1.222302263283916,1.2954790202045587,3245680.8354199994,85152.8354199994,3160528.0,0.026235739044557168,0,28,0.0,0.0,0.0,8702.856,0.0,204,0
2024-07-01,0.016152709880734806,0.019258591663780328,-0.003105881783045522,1.649053688160002,1.2458420834622155,1.2914554155153877,3298107.3763199993,23312.376319999137,3274795.0,0.007068410351760861,28,28,1330397.0,1269392.0,835.4591,0.0,0.0,204,1
2024-07-02,0.013518662345599175,0.007891169651127936,0.005627492694471239,1.671346688160002,1.2556732347013304,1.298723071431436,3342693.3763199993,23312.376319999137,3319381.0,0.006974129450564185,0,28,0.0,0.0,0.0,0.0,0.0,204,0
2024-07-03,-0.0023382342081895713,-0.006987135359375914,0.0046489011511863425,1.667438688160002,1.2468996758433268,1.3047607066132858,3334877.3763199993,23312.376319999137,3311565.0,0.006990474817914921,0,28,0.0,0.0,0.0,0.0,0.0,204,0
2024-07-04,-0.005430184668433924,-0.01394585979870483,0.008515675130270906,1.658384188160002,1.2295105877809653,1.3158716249135471,3316768.3763199993,23312.376319999137,3293456.0,0.0070286416399883015,0,28,0.0,0.0,0.0,0.0,0.0,204,0
2024-07-05,-0.008723913375013548,-0.0017940890934435064,-0.006929824281570041,1.643916588160002,1.2273047362451541,1.306752865775792,3287833.176319999,28921.176319999136,3258912.0,0.008796424504837556,0,28,0.0,0.0,0.0,5608.8,0.0,204,0
2024-07-08,0.00012318143235390266,-0.00949110363773701,0.009614285070090912,1.6441190881600019,1.215656259798366,1.3193163603435187,3288238.176319999,28921.176319999136,3259317.0,0.008795341082125019,0,28,0.0,0.0,0.0,0.0,0.0,204,0
2024-07-09,0.018773275136987122,0.014657906448564599,0.004115368688422523,1.6749845881600018,1.2334752355281025,1.324745833583,3349969.176319999,28921.176319999136,3321048.0,0.008633266396728331,0,28,0.0,0.0,0.0,0.0,0.0,204,0
2024-07-10,-0.013810156919360494,-0.015312049293517859,0.0015018923741573643,1.6518527881600018,1.2145882019193626,1.326735459248155,3303705.576319999,35807.576319999134,3267898.0,0.010838610007095496,0,28,0.0,0.0,0.0,6886.400000000001,0.0,204,0
2024-07-11,-0.0006574435735340334,0.0143251402954686,-0.014982583869002633,1.6507667881600017,1.2319873483130783,1.3068575339579898,3301533.576319999,37327.576319999134,3264206.0,0.01130613257660875,0,28,0.0,0.0,0.0,1520.0,0.0,204,0
2024-07-12,0.004772327657973419,0.00010617175218429911,0.00466615590578912,1.6586447881600015,1.2321181505685175,1.312955534958093,3317289.576319999,44111.576319999134,3273178.0,0.01329747533494916,0,28,0.0,0.0,0.0,6784.0,0.0,204,0
2024-07-15,0.006676076806224396,-0.004290256405175568,0.010966333211399963,1.6697180281600015,1.2268320477811079,1.3273538428461955,3339436.056319999,48400.05631999913,3291036.0,0.014493481984301013,0,28,0.0,0.0,0.0,4288.48,0.0,204,0
2024-07-16,-0.005028599954240542,-0.0029244586803427322,-0.00210414127389781,1.6613216841600016,1.2232442281496518,1.324560902840396,3322643.368319999,55165.36831999913,3267478.0,0.016602855679901614,0,28,0.0,0.0,0.0,6765.312,0.0,204,0
2024-07-17,-0.006312805099695451,-0.009249057162237699,0.0029362520625422477,1.6508340841600018,1.2119303723601185,1.328450147523324,3301668.1683199992,57456.16831999913,3244212.0,0.017402163206859996,0,28,0.0,0.0,0.0,2290.8,0.0,204,0
2024-07-18,0.007473155611684268,0.0058433033701228345,0.0016298522415614334,1.6631710241600017,1.2190120491892846,1.3306153249740673,3326342.048319999,62361.04831999913,3263981.0,0.018747635514963102,0,28,0.0,0.0,0.0,4904.879999999999,0.0,204,0
2024-07-19,-0.006077246328353381,-0.0024941412643327944,-0.003583105064020586,1.6530635241600016,1.2159716609356828,1.3258475904648894,3306127.048319999,62361.04831999913,3243766.0,0.018862266152683924,0,28,0.0,0.0,0.0,0.0,0.0,204,0
2024-07-22,-0.009305450017606853,-0.0037399642475126277,-0.005565485770094226,1.6376810241600017,1.2114239703977947,1.3184686045668434,3275362.048319999,62361.04831999913,3213001.0,0.01903943667906435,0,28,0.0,0.0,0.0,0.0,0.0,204,0
2024-07-23,0.0020751904368820906,-0.00374265983408838,0.005817850270970471,1.6410795241600018,1.206890022561735,1.3261392574951887,3282159.048319999,62361.04831999913,3219798.0,0.01900000804407061,0,28,0.0,0.0,0.0,0.0,0.0,204,0
2024-07-24,0.0054132050697219825,0.0021149667682120094,0.003298238301509973,1.6499630241600016,1.2094425548523398,1.3305131807873951,3299926.048319999,62361.04831999913,3237565.0,0.018897710859837994,0,28,0.0,0.0,0.0,0.0,0.0,204,0
2024-07-25,-0.0008994140949040164,0.0034008856112798277,-0.0043002997061838445,1.6484790241600016,1.2135557306348068,1.3247915753469814,3296958.048319999,62361.04831999913,3234597.0,0.01891472302833088,0,28,0.0,0.0,0.0,0.0,0.0,204,0
2024-07-26,-0.0050917845340962,0.003288180050172496,-0.008379964584268696,1.6400853241600017,1.2175461203780527,1.3136898688640362,3280170.648319999,65406.64831999913,3214764.0,0.019940013899428788,0,28,0.0,0.0,0.0,3045.6,0.0,204,0
2024-07-29,0.011331117793836887,0.0072150785005139105,0.004116039293322976,1.658669324160002,1.2263308112145763,1.319097067983521,3317338.648319999,65406.64831999913,3251932.0,0.019716602751161095,0,28,0.0,0.0,0.0,0.0,0.0,204,0
2024-07-30,-0.0016630801328630929,0.0008302141947480926,-0.0024932943276111856,1.655910824160002,1.2273489284615036,1.3158081707463491,3311821.648319999,65406.64831999913,3246415.0,0.019749447665208125,0,28,0.0,0.0,0.0,0.0,0.0,204,0
2024-07-31,-0.0015076294952455216,0.009970671584449219,-0.01147830107969474,1.6534143241600021,1.239586421546719,1.3007049283994,3306828.648319999,65406.64831999913,3241422.0,0.01977926747224363,0,28,0.0,0.0,0.0,0.0,0.0,204,0
2024-08-01,0.010815498413614621,-0.0007032792544057693,0.01151877766802039,1.6712968241600024,1.2387146461324021,1.315687459281331,3342593.648319999,65406.64831999913,3277187.0,0.01956763376035037,0,28,0.0,0.0,0.0,0.0,0.0,204,0
2024-08-02,-0.004378934905041931,-0.007273863212628537,0.002894928307586606,1.6639783241600024,1.2297044052369555,1.3194962801511412,3327956.648319999,65406.64831999913,3262550.0,0.01965369601584725,0,28,0.0,0.0,0.0,0.0,0.0,204,0
2024-08-05,-0.01294247628548384,-0.017157065499248076,0.004214589213764237,1.6424423241600024,1.2086062862115912,1.325057414941068,3284884.648319999,65406.64831999913,3219478.0,0.01991139882292375,0,28,0.0,0.0,0.0,0.0,0.0,204,0
2024-08-06,-0.006540564525146508,0.0036567083881592975,-0.010197272913305806,1.6316998241600023,1.2130258069563633,1.3115454428551145,3263399.648319999,65406.64831999913,3197993.0,0.02004248800899103,0,28,0.0,0.0,0.0,0.0,0.0,204,0
2024-08-07,0.0020588958522009815,0.005870696749479244,-0.0038118008972782627,1.6350593241600024,1.2201471136182964,1.306546092759218,3270118.648319999,65406.64831999913,3204712.0,0.020001307400146273,0,28,0.0,0.0,0.0,0.0,0.0,204,0
2024-08-08,0.0025318347406915187,-0.00045184527896377405,0.002983680019655293,1.6391990241600023,1.2195957959053667,1.3104444082309423,3278398.048319999,66501.04831999913,3211897.0,0.02028461685855301,0,28,0.0,0.0,0.0,1094.3999999999999,0.0,204,0
2024-08-09,-0.0024954260829286312,-0.0041872259181064,0.0016917998351777689,1.6351085241600023,1.2144890727791382,1.312661417864797,3270217.048319999,66501.04831999913,3203716.0,0.020335362251922257,0,28,0.0,0.0,0.0,0.0,0.0,204,0
2024-08-12,-0.0007623347206512365,-0.0015906294783089405,0.000828294757657704,1.6338620241600024,1.2125572706588916,1.313748688435794,3267724.048319999,66501.04831999913,3201223.0,0.020350876431621763,0,28,0.0,0.0,0.0,0.0,0.0,204,0
2024-08-13,0.007612943942677752,0.004315271492616439,0.0032976724500613135,1.6463005241600024,1.2177897844821308,1.318081001291953,3292601.048319999,66501.04831999913,3226100.0,0.020197116912761204,0,28,0.0,0.0,0.0,0.0,0.0,204,0
2024-08-14,0.0012327639882370178,-0.000541513517640676,0.0017742775058776938,1.6483300241600025,1.2171303348521891,1.3204196427634702,3296660.048319999,66501.04831999913,3230159.0,0.02017224929027442,0,28,0.0,0.0,0.0,0.0,0.0,204,0
2024-08-15,0.01028495492499415,0.006605220935600341,0.0036797339893938083,1.6652830241600027,1.225169749621309,1.3252784358032104,3330566.048319999,66501.04831999913,3264065.0,0.019966890719234805,0,28,0.0,0.0,0.0,0.0,0.0,204,0
2024-08-16,0.001635157484040084,-0.007609634086592876,0.00924479157063296,1.6680060241600028,1.2158466561327281,1.3375303587152654,3336012.048319999,66501.04831999913,3269511.0,0.019934295007564124,0,28,0.0,0.0,0.0,0.0,0.0,204,0
2024-08-19,0.014053006800023082,0.005705431059756648,0.008347575740266434,1.6914465241600027,1.222783585408529,1.3486954946895469,3382893.048319999,66501.04831999913,3316392.0,0.019658040431702283,0,28,0.0,0.0,0.0,0.0,0.0,204,0
2024-08-20,-0.00587219274043127,-0.011993939280654765,0.006121746540223495,1.6815140241600026,1.2081175933317578,1.3569518666679776,3363028.048319999,66501.04831999913,3296527.0,0.019774158099341375,0,28,0.0,0.0,0.0,0.0,0.0,204,0
2024-08-21,-0.007834606081612128,-0.006118209221635428,-0.0017163968599766995,1.6683400241600026,1.2007260771314154,1.3546227987448891,3336680.048319999,66501.04831999913,3270179.0,0.019930304181691637,0,28,0.0,0.0,0.0,0.0,0.0,204,0
2024-08-22,0.005713763298821339,0.00041531523671488785,0.005298448062106452,1.6778725241600028,1.201224756966369,1.3618001972877842,3355745.048319999,66501.04831999913,3289244.0,0.01981707411094649,0,28,0.0,0.0,0.0,0.0,0.0,204,0
2024-08-23,-0.004362965537960006,-0.004945154057436804,0.0005821885194767975,1.6705520241600027,1.1952845154855631,1.3625930217284663,3341104.048319999,66684.04831999913,3274420.0,0.01995868651667096,0,28,0.0,0.0,0.0,183.0,0.0,204,0
2024-08-26,-0.003550622736806175,0.0030460513135743333,-0.006596674050380508,1.6646205241600027,1.198925413454053,1.3536044397008005,3329241.048319999,66684.04831999913,3262557.0,0.020029804796996967,0,28,0.0,0.0,0.0,0.0,0.0,204,0
2024-08-27,0.0013570660503179344,-0.00826771561089681,0.009624781661214745,1.6668795241600027,1.189013039096938,1.3666325868885716,3333759.048319999,66684.04831999913,3267075.0,0.02000265986637625,0,28,0.0,0.0,0.0,0.0,0.0,204,0
2024-08-28,-0.0047792896154355,-0.0002852627251427445,-0.004494026890292756,1.6589130241600027,1.188673857997175,1.360490903293944,3317826.048319999,66684.04831999913,3251142.0,0.020098717458006874,0,28,0.0,0.0,0.0,0.0,0.0,204,0
2024-08-29,-0.023725173910144615,-0.009913583030650992,-0.013811590879493622,1.6195550241600027,1.1768898410095556,1.3417003595423755,3239110.048319999,66684.04831999913,3172426.0,0.020587151200554474,0,28,0.0,0.0,0.0,0.0,0.0,204,0
2024-08-30,-0.011047478926676124,0.0009547962902606876,-0.012002275216936812,1.6016630241600027,1.1780135310637971,1.3255969025684848,3203326.048319999,66684.04831999913,3136642.0,0.020817127983263496,0,28,0.0,0.0,0.0,0.0,0.0,204,0
2024-09-02,0.004125711776024499,-0.002208581186137289,0.006334292962161788,1.6082710241600027,1.1754117925420744,1.3339936216990878,3216542.048319999,66684.04831999913,3149858.0,0.020731595396002434,0,28,0.0,0.0,0.0,0.0,0.0,204,0
2024-09-03,-0.012694377809028379,-0.00826202239666193,-0.004432355412366449,1.5878550241600027,1.165700513986791,1.3280808878498875,3175710.048319999,66684.04831999913,3109026.0,0.020998153894835597,0,28,0.0,0.0,0.0,0.0,0.0,204,0
2024-09-04,-0.000613091236408736,-0.004684717494285684,0.004071626257876948,1.5868815241600025,1.1602395363958193,1.3334883368654418,3173763.048319999,66684.04831999913,3107079.0,0.02101103557661549,0,28,0.0,0.0,0.0,0.0,0.0,204,0
2024-09-05,0.0018832533837596088,0.0040808569786859854,-0.0021976035949263766,1.5898700241600023,1.1649743080048676,1.330557858102554,3179740.048319999,66684.04831999913,3113056.0,0.02097154085134454,0,28,0.0,0.0,0.0,0.0,0.0,204,0
2024-09-06,-0.001902042276441862,-0.007471298628412002,0.0055692563519701395,1.5868460241600024,1.1562704370553356,1.337968075905455,3173692.048319999,66684.04831999913,3107008.0,0.021011505623331816,0,28,0.0,0.0,0.0,0.0,0.0,204,0
2024-09-09,-0.013800645851315352,-0.00912597214232103,-0.004674673708994322,1.5649465241600025,1.1457183452577793,1.331713511717546,3129893.048319999,66684.04831999913,3063209.0,0.021305535777266398,0,28,0.0,0.0,0.0,0.0,0.0,204,0
2024-09-10,0.000589796511095031,0.0014655730509046353,-0.0008757765398096043,1.5658695241600022,1.147397479188516,1.3305472282662363,3131739.048319999,66684.04831999913,3065055.0,0.021292977253571415,0,28,0.0,0.0,0.0,0.0,0.0,204,0
2024-09-11,-0.025342788391828464,-0.019087300312351795,-0.006255488079476668,1.5261860241600023,1.1254967589256093,1.3222240059406363,3052372.048319999,66684.04831999913,2985688.0,0.021846631820882218,0,28,0.0,0.0,0.0,0.0,0.0,204,0
2024-09-12,0.005182526818349853,0.0061496150185316595,-0.0009670882001818065,1.5340955241600023,1.1324181306976069,1.320945298706494,3068191.048319999,66684.04831999913,3001507.0,0.021733994809909982,0,28,0.0,0.0,0.0,0.0,0.0,204,0
2024-09-13,-0.003202538513819131,-0.0015755518600281862,-0.0016269866537909447,1.5291825241600023,1.1306339472054565,1.3187961383351108,3058365.048319999,66684.04831999913,2991681.0,0.021803822390865202,0,28,0.0,0.0,0.0,0.0,0.0,204,0
2024-09-18,0.005840048430389766,0.0031706359482341195,0.0026694124821556465,1.5381130241600025,1.13421877584276,1.3223165492082012,3076226.048319999,66684.04831999913,3009542.0,0.021677226339207708,0,28,0.0,0.0,0.0,0.0,0.0,204,0
2024-09-19,-0.0005113408362363847,0.013285562556051213,-0.013796903392287597,1.5373265241600025,1.1492875103414668,1.3040726755247525,3074653.048319999,66684.04831999913,3007969.0,0.021688316461083476,0,28,0.0,0.0,0.0,0.0,0.0,204,0
2024-09-20,-0.0021413798228705483,-0.0024227591856466465,0.00028137936277609823,1.5340345241600026,1.146503063468838,1.3044396146632053,3068069.048319999,66684.04831999913,3001385.0,0.021734859049705454,0,28,0.0,0.0,0.0,0.0,0.0,204,0
2024-09-23,0.009689156121267084,0.007463274075807428,0.002225882045459656,1.5488980241600026,1.1550597300602587,1.3073431433808707,3097796.048319999,66684.04831999913,3031112.0,0.021526287489508328,0,28,0.0,0.0,0.0,0.0,0.0,204,0
2024-09-24,0.0345639281378991,0.03428377803844869,0.000280150099450413,1.6024340241600028,1.194659541466795,1.3077093956925048,3204868.048319999,66684.04831999913,3138184.0,0.02080711196673295,0,28,0.0,0.0,0.0,0.0,0.0,204,0
2024-09-25,0.01654264674883943,0.013350999250778593,0.003191647498060836,1.6289425241600028,1.2106094401098537,1.3118831431134574,3257885.048319999,66684.04831999913,3191201.0,0.020468508658519503,0,28,0.0,0.0,0.0,0.0,0.0,204,0
2024-09-26,0.024940720373759273,0.023148310330026647,0.0017924100437326264,1.669569524160003,1.2386330031179764,1.3142345756353775,3339139.048319999,66684.04831999913,3272455.0,0.019970431705606712,0,28,0.0,0.0,0.0,0.0,0.0,204,0
2024-09-27,0.0034329208320231785,0.020188783665110226,-0.016755862833087047,1.675301024160003,1.263639496858391,1.2922134413555306,3350602.048319999,66684.04831999913,3283918.0,0.019902109339852727,0,28,0.0,0.0,0.0,0.0,0.0,204,0
2024-09-30,0.06052315287686261,0.07277660486136328,-0.012253451984500674,1.7766955241600033,1.3556028892084662,1.2763793659981542,3553391.048319999,66684.04831999913,3486707.0,0.018766312914399487,0,28,0.0,0.0,0.0,0.0,0.0,204,0
2024-10-08,0.014994344437601503,0.026675661956077425,-0.011681317518475922,1.8033359088100034,1.3917644936276732,1.2614695733498988,3606671.817619999,182225.81761999903,3424446.0,0.05052464622086069,28,27,1242277.0,1358636.0,817.2307000000001,0.0,0.0,204,1
2024-10-09,-0.06516007329856843,-0.0739711392965656,0.008811065997997164,1.6858304088100031,1.2888140884015264,1.27258446501515,3371660.817619999,182225.81761999903,3189435.0,0.05404630758458951,0,27,0.0,0.0,0.0,0.0,0.0,204,0
2024-10-10,0.025951602113336136,0.01980746227419305,0.006144139839143085,1.729580408810003,1.3143422248359882,1.2804034019253243,3459160.817619999,182225.81761999903,3276935.0,0.05267919799848322,0,27,0.0,0.0,0.0,0.0,0.0,204,0
2024-10-11,-0.015120430288634745,-0.019793924180487848,0.004673493891853103,1.7034284088100031,1.288326234490371,1.2863873594033304,3406856.817619999,182225.81761999903,3224631.0,0.05348795895311516,0,27,0.0,0.0,0.0,0.0,0.0,204,0
2024-10-14,0.023913538009183055,0.023689220288178887,0.00022431772100416775,1.7441634088100033,1.3188456784622533,1.2866759188841204,3488326.817619999,182225.81761999903,3306101.0,0.05223874572174613,0,27,0.0,0.0,0.0,0.0,0.0,204,0
2024-10-15,-0.019438258954836973,-0.018567239870117186,-0.0008710190847197874,1.7102599088100032,1.2943583543985773,1.2855551996029229,3420519.817619999,182225.81761999903,3238294.0,0.05327430546705381,0,27,0.0,0.0,0.0,0.0,0.0,204,0
2024-10-16,0.016004292598453818,0.01998613889403526,-0.003981846295581442,1.7376314088100036,1.3202275802482422,1.2804363163936185,3475262.817619999,182225.81761999903,3293037.0,0.05243511848833196,0,27,0.0,0.0,0.0,0.0,0.0,204,0
2024-10-17,-0.018224808690404326,-0.016686748659050316,-0.0015380600313540105,1.7059634088100035,1.2981972744438937,1.2784669284726793,3411926.817619999,182225.81761999903,3229701.0,0.05340847777828695,0,27,0.0,0.0,0.0,0.0,0.0,204,0
2024-10-18,0.008263072893124335,0.011011054351218994,-0.0027479814580946595,1.7200599088100035,1.3124917951913997,1.2749537250584493,3440119.817619999,182225.81761999903,3257894.0,0.05297077639175647,0,27,0.0,0.0,0.0,0.0,0.0,204,0
2024-10-21,-0.007544632563977416,-0.0035357814726382827,-0.004008851091339133,1.7070826888100035,1.3078511110189721,1.269842625426342,3414165.377619999,183048.37761999902,3231117.0,0.05361438517884606,0,27,0.0,0.0,0.0,822.5600000000001,0.0,204,0
2024-10-22,0.007736297770792877,0.013950417041278213,-0.006214119270485336,1.7202891888100034,1.3260961794455859,1.2619516718971964,3440578.377619999,183048.37761999902,3257530.0,0.05320279253356865,0,27,0.0,0.0,0.0,0.0,0.0,204,0
2024-10-23,0.0041734262161854385,0.007499201641404143,-0.0033257754252187044,1.7274686888100035,1.336040842091144,1.257754704038987,3454937.377619999,183048.37761999902,3271889.0,0.0529816774120796,0,27,0.0,0.0,0.0,0.0,0.0,204,0
2024-10-24,-0.003981837728554316,-0.0005124981194779139,-0.0034693396090764023,1.7205901888100035,1.3353561236720266,1.2533911258257624,3441180.377619999,183048.37761999902,3258132.0,0.05319348523851562,0,27,0.0,0.0,0.0,0.0,0.0,204,0
2024-10-25,-0.00028606463247382585,0.00973923120597876,-0.010025295838452585,1.7200979888100034,1.348361465702788,1.240825508988068,3440195.977619999,185229.97761999903,3254966.0,0.05384285628638665,0,27,0.0,0.0,0.0,2181.6,0.0,204,0
2024-10-28,0.007430681323476573,0.01937148971228228,-0.011940808388805707,1.7328794888100034,1.3744812359640874,1.2260090493412992,3465758.977619999,185229.97761999903,3280529.0,0.05344571818643889,0,27,0.0,0.0,0.0,0.0,0.0,204,0
2024-10-29,-0.009960588783847313,-0.014921967123354809,0.004961378339507496,1.7156189888100035,1.3539712721493633,1.2320917440827412,3431237.977619999,185229.97761999903,3246008.0,0.053983424882840574,0,27,0.0,0.0,0.0,0.0,0.0,204,0
2024-10-30,-0.005593025061267021,0.0005867059786652289,-0.006179731039932249,1.7060234888100037,1.3547656551896743,1.224477748487789,3412046.977619999,185229.97761999903,3226817.0,0.05428705373488212,0,27,0.0,0.0,0.0,0.0,0.0,204,0
2024-10-31,-0.00017444074009065336,0.009714357706695388,-0.009888798446786041,1.7057258888100035,1.3679263333729323,1.2123691348304189,3411451.777619999,186698.77761999902,3224753.0,0.05472707509594332,0,27,0.0,0.0,0.0,1468.8,0.0,204,0
2024-11-01,0.005338489648153644,-0.006878694210007184,0.012217183858160827,1.7148318888100034,1.3585167864238437,1.2271808714546015,3429663.777619999,186698.77761999902,3242965.0,0.05443646658260999,0,27,0.0,0.0,0.0,0.0,0.0,204,0
2024-11-04,0.005200801348631989,0.007636967417248154,-0.002436166068616165,1.7237503888100036,1.3688917348575471,1.224191255055509,3447500.777619999,186698.77761999902,3260802.0,0.0541548181314371,0,27,0.0,0.0,0.0,0.0,0.0,204,0
2024-11-05,0.011413485460375794,0.014430407948820306,-0.0030169224884445123,1.7434243888100038,1.3886454010293097,1.2204979649279748,3486848.777619999,186698.77761999902,3300150.0,0.05354369791380315,0,27,0.0,0.0,0.0,0.0,0.0,204,0
2024-11-06,-0.0031704844990569914,-0.0025242632410647447,-0.0006462212579922467,1.7378968888100037,1.3851400944886179,1.219709253197702,3475793.777619999,186698.77761999902,3289095.0,0.05371399730965581,0,27,0.0,0.0,0.0,0.0,0.0,204,0
2024-11-07,0.021133589821401344,0.028535552754132918,-0.007401962932731574,1.7746248888100038,1.4246658327267625,1.210681010516823,3549249.777619999,186698.77761999902,3362551.0,0.05260232142500622,0,27,0.0,0.0,0.0,0.0,0.0,204,0
2024-11-08,-0.008050433694514414,-0.006910310756300458,-0.0011401229382139557,1.760338388810004,1.4148209490987371,1.2093006853258728,3520676.777619999,186698.77761999902,3333978.0,0.053029229722760474,0,27,0.0,0.0,0.0,0.0,0.0,204,0
2024-11-11,-0.004646549806556988,0.006009336549659135,-0.010655886356216122,1.752158888810004,1.4233230843393796,1.196414514652546,3504317.777619999,186698.77761999902,3317619.0,0.053276782948262706,0,27,0.0,0.0,0.0,0.0,0.0,204,0
2024-11-12,-0.00927969495451575,-0.005060183654508515,-0.004219511300007234,1.7358993888100038,1.4161208081329208,1.1913662300884769,3471798.777619999,186698.77761999902,3285100.0,0.05377580602409956,0,27,0.0,0.0,0.0,0.0,0.0,204,0
2024-11-13,0.003347256204740745,-0.0007059778294645512,0.004053234034205296,1.7417098888100038,1.4151210582385356,1.1961951162394742,3483419.777619999,186698.77761999902,3296721.0,0.05359640512449479,0,27,0.0,0.0,0.0,0.0,0.0,204,0
2024-11-14,-0.008328597140773608,-0.015092724579238517,0.0067641274384649085,1.7272038888100036,1.393763025860261,1.2042863324469872,3454407.777619999,186698.77761999902,3267709.0,0.05404653695766915,0,27,0.0,0.0,0.0,0.0,0.0,204,0
2024-11-15,0.001358264658387398,-0.010196174340797311,0.01155443899918471,1.7295498888100036,1.3795519750588325,1.2182011854127976,3459099.777619999,186698.77761999902,3272401.0,0.05397322703089396,0,27,0.0,0.0,0.0,0.0,0.0,204,0
2024-11-18,0.01615564846136075,0.009561054011789928,0.006594594449570822,1.7574918888100035,1.3927419460044415,1.2262347281885815,3514983.777619999,186698.77761999902,3328285.0,0.05311511785878371,0,27,0.0,0.0,0.0,0.0,0.0,204,0
2024-11-19,0.000990331739840089,0.008881129067573029,-0.00789079732773294,1.7592323888100037,1.4051110669847298,1.2165587584722177,3518464.777619999,186698.77761999902,3331766.0,0.053062568313185725,0,27,0.0,0.0,0.0,0.0,0.0,204,0
2024-11-20,0.0036589822020922647,0.010388236773984677,-0.006729254571892412,1.7656693888100037,1.4197076934423134,1.2083722248847928,3531338.777619999,186698.77761999902,3344640.0,0.052869121139894594,0,27,0.0,0.0,0.0,0.0,0.0,204,0
2024-11-21,-0.0026148723137301433,-0.0007960865837391891,-0.0018187857299909542,1.7610523888100036,1.4185774831947326,1.206174454725655,3522104.777619999,186698.77761999902,3335406.0,0.053007729584398526,0,27,0.0,0.0,0.0,0.0,0.0,204,0
2024-11-22,-0.022748329495791197,-0.02142688293274213,-0.0013214465630490661,1.7209913888100035,1.3881817895312951,1.2045805596380201,3441982.777619999,186698.77761999902,3255284.0,0.05424163619699869,0,27,0.0,0.0,0.0,0.0,0.0,204,0
2024-11-25,0.0020883311929207338,0.007362365119839649,-0.005274033926918915,1.7245853888100033,1.3984020907185368,1.1982275608987822,3449170.777619999,186698.77761999902,3262472.0,0.05412859775787186,0,27,0.0,0.0,0.0,0.0,0.0,204,0
2024-11-26,0.004627489048545597,-0.007752789784322532,0.012380278832868128,1.7325658888100033,1.387560573275239,1.2130619522079367,3465131.777619999,186698.77761999902,3278433.0,0.05387927201667111,0,27,0.0,0.0,0.0,0.0,0.0,204,0
2024-11-27,0.006996847899577663,0.009462420631249795,-0.002465572731672132,1.7446883888100035,1.4006902550709073,1.210071059736744,3489376.777619999,186698.77761999902,3302678.0,0.05350490632523231,0,27,0.0,0.0,0.0,0.0,0.0,204,0
2024-11-28,0.0020562411161839655,0.0030310995747665054,-0.0009748584585825399,1.7482758888100034,1.4049358867074322,1.2088914117286735,3496551.777619999,186698.77761999902,3309853.0,0.05339511309827634,0,27,0.0,0.0,0.0,0.0,0.0,204,0
2024-11-29,0.0024890236305676883,0.0024160325316693256,7.29910988983627e-05,1.7526273888100032,1.408330257514627,1.2089796500412644,3505254.777619999,186698.77761999902,3318556.0,0.05326254137417193,0,27,0.0,0.0,0.0,0.0,0.0,204,0
2024-12-02,0.006916758278113555,0.012038969262687377,-0.005122210984573822,1.7647498888100033,1.4252851021965582,1.2027870011976969,3529499.777619999,186698.77761999902,3342801.0,0.05289666790853098,0,27,0.0,0.0,0.0,0.0,0.0,204,0
2024-12-03,0.009064457293031403,0.011716667526699845,-0.0026522102336684426,1.7807463888100035,1.4419846938697536,1.199596957204197,3561492.777619999,186698.77761999902,3374794.0,0.052421495501322406,0,27,0.0,0.0,0.0,0.0,0.0,204,0
2024-12-04,-0.001503302220249858,-0.010429628941299035,0.008926326721049177,1.7780693888100034,1.4269453285736593,1.210304951577778,3556138.777619999,186698.77761999902,3369440.0,0.05250041949851858,0,27,0.0,0.0,0.0,0.0,0.0,204,0
2024-12-05,-0.0008616086692911917,0.00280210511539722,-0.0036637137846884118,1.7765373888100033,1.4309437793782478,1.2058707406430058,3553074.777619999,186698.77761999902,3366376.0,0.052545693323419955,0,27,0.0,0.0,0.0,0.0,0.0,204,0
2024-12-06,0.014894986261856813,0.01454221541437426,0.0003527708474825534,1.8029988888100033,1.451752872063825,1.2062961366861369,3605997.777619999,186698.77761999902,3419299.0,0.051774512668508195,0,27,0.0,0.0,0.0,0.0,0.0,204,0
2024-12-09,0.002550195692596846,0.002214976512259313,0.000335219180337533,1.8075968888100034,1.4549684705770514,1.2067005102883213,3615193.777619999,186698.77761999902,3428495.0,0.05164281338825189,0,27,0.0,0.0,0.0,0.0,0.0,204,0
2024-12-10,-0.003932016061766408,-0.002372300796712823,-0.0015597152650535851,1.8004893888100035,1.4515168477151095,1.2048184010820766,3600978.777619999,186698.77761999902,3414280.0,0.051846675348471274,0,27,0.0,0.0,0.0,0.0,0.0,204,0
2024-12-11,0.0017739621348789036,0.006005120655358577,-0.004231158520479674,1.8036833888100037,1.4602333815189246,1.1997206234387074,3607366.777619999,186698.77761999902,3420668.0,0.051754864179121715,0,27,0.0,0.0,0.0,0.0,0.0,204,0
2024-12-12,0.008184086016193248,0.009003064725612134,-0.0008189787094188862,1.8184448888100038,1.4733799571672388,1.1987380777908603,3636889.777619999,186698.77761999902,3450191.0,0.05133473628177309,0,27,0.0,0.0,0.0,0.0,0.0,204,0
2024-12-13,-0.01614373918101586,-0.019871250539822714,0.003727511358806855,1.7890883888100038,1.4441020548980152,1.20320638759206,3578176.777619999,186698.77761999902,3391478.0,0.05217706927945033,0,27,0.0,0.0,0.0,0.0,0.0,204,0
2024-12-16,0.01696366718929232,0.008557513669702086,0.008406153519590233,1.8194378888100038,1.4564599779732499,1.2133207252019105,3638875.777619999,186698.77761999902,3452177.0,0.051306719170861353,0,27,0.0,0.0,0.0,0.0,0.0,204,0
2024-12-17,-0.009953074029828035,-0.021216431825065055,0.01126335779523702,1.8013288888100039,1.4255590941446448,1.226986790650236,3602657.777619999,186698.77761999902,3415959.0,0.05182251247392603,0,27,0.0,0.0,0.0,0.0,0.0,204,0
2024-12-18,0.005814040992213609,0.0077902541369608645,-0.001976213144747255,1.8118018888100038,1.4366645617752871,1.2245620032261217,3623603.777619999,186698.77761999902,3436905.0,0.051522955896304894,0,27,0.0,0.0,0.0,0.0,0.0,204,0
2024-12-19,-0.010929726987428223,-0.012031008358612462,0.0011012813711842387,1.7919993888100036,1.4193800384240463,1.2259105905481347,3583998.777619999,186698.77761999902,3397300.0,0.052092310629631065,0,27,0.0,0.0,0.0,0.0,0.0,204,0
2024-12-20,-0.0023537954456563925,-0.0026319017253264693,0.0002781062796700768,1.7877813888100036,1.415644369652024,1.2262515239816802,3575562.777619999,187950.77761999902,3387612.0,0.0525653692326176,0,27,0.0,0.0,0.0,1252.0,0.0,204,0
2024-12-23,0.0011732418813219514,-0.010160154829084576,0.011333396710406528,1.7898788888100035,1.4012612036734375,1.2401491189697054,3579757.777619999,187950.77761999902,3391807.0,0.05250376961118248,0,27,0.0,0.0,0.0,0.0,0.0,204,0
2024-12-24,0.012869027141447553,0.012969089021838133,-0.00010006188039058013,1.8129128888100035,1.4194342849667263,1.2400250273168965,3625825.777619999,187950.77761999902,3437875.0,0.05183668194431845,0,27,0.0,0.0,0.0,0.0,0.0,204,0
2024-12-25,0.0043703147839611045,-0.007320503897989109,0.011690818681950214,1.8208358888100034,1.409043310750688,1.2545219350723387,3641671.777619999,187950.77761999902,3453721.0,0.051611125081358525,0,27,0.0,0.0,0.0,0.0,0.0,204,0
2024-12-26,-0.007426534199541535,-0.003975857854977852,-0.003450676344563683,1.8073133888100033,1.4034411548356358,1.2501929859072483,3614626.777619999,187950.77761999902,3426676.0,0.05199728469442497,0,27,0.0,0.0,0.0,0.0,0.0,204,0
2024-12-27,0.012923049286642119,0.013658662378662369,-0.0007356130920202503,1.8306693888100032,1.4226102837378556,1.249273327579263,3661338.777619999,187950.77761999902,3473388.0,0.051333894248970245,0,27,0.0,0.0,0.0,0.0,0.0,204,0
2024-12-30,0.003546790064709926,-0.006007956313879783,0.00955474637858971,1.837162388810003,1.4140633033014824,1.2612098173818196,3674324.777619999,187950.77761999902,3486374.0,0.051152467186567525,0,27,0.0,0.0,0.0,0.0,0.0,204,0
2024-12-31,-0.001565185536953284,-0.008340966104358603,0.006775780567405319,1.834286888810003,1.4022686492192273,1.2697554983538561,3668573.777619999,187950.77761999902,3480623.0,0.05123265579844296,0,27,0.0,0.0,0.0,0.0,0.0,204,0
2025-01-02,-0.030768290033743928,-0.025460927230805695,-0.005307362802938233,1.777849017810003,1.3665655891834163,1.2630164452530666,3555698.0356199993,25355.03561999918,3530343.0,0.007130818018290487,28,28,1803008.0,1641475.0,1062.7419999999997,0.0,0.0,204,1
2025-01-03,-0.007524542222645425,-0.020112306010294678,0.012587763787649253,1.764471517810003,1.3390808038706208,1.2789149979258285,3528943.0356199993,25355.03561999918,3503588.0,0.00718488095842685,0,28,0.0,0.0,0.0,0.0,0.0,204,0
2025-01-06,0.008002112733179523,0.0007536785653366037,0.007248434167842919,1.778591017810003,1.3400900403697518,1.288185129094561,3557182.0356199993,25355.03561999918,3531827.0,0.0071278431539644055,0,28,0.0,0.0,0.0,0.0,0.0,204,0
2025-01-07,-0.004305093145825167,0.003030113700977889,-0.007335206846803057,1.770934017810003,1.34415066556162,1.2787360247156765,3541868.0356199993,25355.03561999918,3516513.0,0.0071586618600714795,0,28,0.0,0.0,0.0,0.0,0.0,204,0
2025-01-08,0.002640979253300424,0.0016712967488637061,0.0009696825044367178,1.7756110178100033,1.346397140198956,1.2799759926666363,3551222.0356199993,25355.03561999918,3525867.0,0.0071398057811309186,0,28,0.0,0.0,0.0,0.0,0.0,204,0
2025-01-09,-0.01272322584924257,-0.009161988535884484,-0.003561237313358086,1.7530195178100032,1.3340614650357057,1.2754176944013493,3506039.0356199993,25355.03561999918,3480684.0,0.007231817832717159,0,28,0.0,0.0,0.0,0.0,0.0,204,0
2025-01-10,-0.014960472335620922,-0.017061751203135748,0.0021012788675148254,1.7267935178100031,1.3113000402295756,1.2780977026498492,3453587.0356199993,25355.03561999918,3428232.0,0.007341652420654099,0,28,0.0,0.0,0.0,0.0,0.0,204,0
2025-01-13,-0.007341352552723057,-0.0026421077869215716,-0.004699244765801486,1.714116517810003,1.3078354441822946,1.272091608710489,3428233.0356199993,25355.03561999918,3402878.0,0.007395948687430374,0,28,0.0,0.0,0.0,0.0,0.0,204,0
2025-01-14,0.01831176566695869,0.026417889705082694,-0.008106124038124003,1.7455050178100031,1.3423856966991001,1.261779876342425,3491010.0356199993,25355.03561999918,3465655.0,0.007262951226519793,0,28,0.0,0.0,0.0,0.0,0.0,204,0
2025-01-15,0.0015680275748699568,-0.0027622586710719047,0.0043302862459418615,1.748242017810003,1.33867768016847,1.2672437443863567,3496484.0356199993,25355.03561999918,3471129.0,0.007251580548258732,0,28,0.0,0.0,0.0,0.0,0.0,204,0
2025-01-16,0.006030629565354495,0.006401558760521716,-0.0003709291951672208,1.758785017810003,1.3472473039994675,1.2667736866841708,3517570.0356199993,25355.03561999918,3492215.0,0.007208111100346622,0,28,0.0,0.0,0.0,0.0,0.0,204,0
2025-01-17,-0.0019954115849644127,-0.002428388657525869,0.00043297707256145616,1.7552755178100032,1.3439756639275529,1.2673221706466293,3510551.0356199993,25355.03561999918,3485196.0,0.007222523006426318,0,28,0.0,0.0,0.0,0.0,0.0,204,0
2025-01-20,8.203840282550168e-05,0.004946072927853994,-0.004864034525028493,1.7554195178100032,1.3506230655745997,1.2611578718542702,3510839.0356199993,25355.03561999918,3485484.0,0.007221930530780255,0,28,0.0,0.0,0.0,0.0,0.0,204,0
2025-01-21,-0.00750276493247104,-0.006557841177297898,-0.0009449237551731422,1.742249017810003,1.3417658940201662,1.2599661738221315,3484498.0356199993,25355.03561999918,3459143.0,0.007276524584261314,0,28,0.0,0.0,0.0,0.0,0.0,204,0
2025-01-22,-0.01100742764321172,-0.007204031879527313,-0.0038033957636844076,1.7230713378100027,1.3320997697447825,1.2551740238142308,3446142.675619999,28283.67561999918,3417859.0,0.008207343189849397,0,28,0.0,0.0,0.0,2928.64,0.0,204,0
2025-01-23,0.011971645948343657,0.006504236200915276,0.005467409747428381,1.743699337810003,1.3407640612903875,1.2620365745067517,3487398.675619999,28283.67561999918,3459115.0,0.00811025014654249,0,28,0.0,0.0,0.0,0.0,0.0,204,0
2025-01-24,0.0027450259894068463,0.0006405530023527215,0.0021044729870541247,1.748485837810003,1.3416228917352937,1.2646924963864754,3496971.675619999,28283.67561999918,3468688.0,0.008088048243909381,0,28,0.0,0.0,0.0,0.0,0.0,204,0
2025-01-27,0.013081890344990965,0.010423151786442835,0.0026587385585481304,1.7713593378100032,1.355606830776017,1.2680549830913246,3542718.675619999,28283.67561999918,3514435.0,0.007983607565184202,0,28,0.0,0.0,0.0,0.0,0.0,204,0
2025-02-05,-0.01669311210257196,-0.007735485236310203,-0.008957626866261758,1.7417898378100032,1.345120554150308,1.2566962197068885,3483579.675619999,28283.67561999918,3455296.0,0.008119141301100087,0,28,0.0,0.0,0.0,0.0,0.0,204,0
2025-02-06,0.004315388594441805,0.006251395085083864,-0.0019360064906420596,1.749306337810003,1.3535294341713684,1.2542632476687705,3498612.675619999,28283.67561999918,3470329.0,0.008084254601000367,0,28,0.0,0.0,0.0,0.0,0.0,204,0
2025-02-07,0.004323142171580807,0.005618715720700313,-0.0012955735491195055,1.756868837810003,1.3611345312815777,1.252638257381458,3513737.675619999,28283.67561999918,3485454.0,0.008049455659779305,0,28,0.0,0.0,0.0,0.0,0.0,204,0
2025-02-10,-0.0027534781742899472,0.004975729659932799,-0.0077292078342227465,1.752031337810003,1.3679071687400342,1.2429563559490582,3504062.675619999,28283.67561999918,3475779.0,0.008071680856848472,0,28,0.0,0.0,0.0,0.0,0.0,204,0
2025-02-11,0.006786979058755582,0.0009720123518679539,0.005814966706887629,1.763922337810003,1.3692367914042582,1.2501841057770162,3527844.675619999,28283.67561999918,3499561.0,0.008017267827991458,0,28,0.0,0.0,0.0,0.0,0.0,204,0
2025-02-12,-0.00131893561872376,0.004604426473867526,-0.005923362092591286,1.761595837810003,1.3755413415355935,1.2427788126360966,3523191.675619999,28283.67561999918,3494908.0,0.008027856053282118,0,28,0.0,0.0,0.0,0.0,0.0,204,0
2025-02-13,-0.0019204177981061443,-0.005146297480796405,0.0032258796826902603,1.7582128378100028,1.3684623965949174,1.2467878675578572,3516425.675619999,28283.67561999918,3488142.0,0.008043302554663647,0,28,0.0,0.0,0.0,0.0,0.0,204,0
2025-02-14,-0.0013289062335082313,-0.0008860656517949531,-0.00044284058171327825,1.7558763378100029,1.3672498490695217,1.2462357392933148,3511752.675619999,28283.67561999918,3483469.0,0.00805400557287415,0,28,0.0,0.0,0.0,0.0,0.0,204,0
2025-02-17,0.007143726314829735,0.009081200243884802,-0.0019374739290550676,1.7684198378100031,1.3796661187323431,1.2438211900389773,3536839.675619999,28283.67561999918,3508556.0,0.00799687806460753,0,28,0.0,0.0,0.0,0.0,0.0,204,0
2025-02-18,-0.001189762722072607,-0.005998693295122119,0.004808930573049512,1.766315837810003,1.3713899248363963,1.2498026397871624,3532631.675619999,28283.67561999918,3504348.0,0.008006403785369223,0,28,0.0,0.0,0.0,0.0,0.0,204,0
2025-02-19,-0.0018063020959806497,0.00043538863080245935,-0.002241690726783109,1.763125337810003,1.371987012418067,1.2470009687992425,3526250.675619999,28283.67561999918,3497967.0,0.008020891939290798,0,28,0.0,0.0,0.0,0.0,0.0,204,0
2025-02-20,-0.002135696152309352,-0.0015536385572463914,-0.0005820575950629607,1.759359837810003,1.369855440495533,1.2462751424143022,3518719.675619999,28283.67561999918,3490436.0,0.008038058790521751,0,28,0.0,0.0,0.0,0.0,0.0,204,0
2025-02-21,-0.005449993681756138,-0.005278178869995678,-0.00017181481176046023,1.749771337810003,1.3626250984545607,1.2460610138853065,3499542.675619999,28283.67561999918,3471259.0,0.008082106218347025,0,28,0.0,0.0,0.0,0.0,0.0,204,0
2025-02-24,0.002655204082731677,0.0023680714600439173,0.0002871326226877597,1.754417337810003,1.3658518920609504,1.2464187986522526,3508834.675619999,28283.67561999918,3480551.0,0.008060703405754377,0,28,0.0,0.0,0.0,0.0,0.0,204,0
2025-02-25,-0.009413381664715725,-0.00918151538471319,-0.00023186628000253576,1.737902337810003,1.353311301900753,1.2461297961620839,3475804.675619999,28283.67561999918,3447521.0,0.008137302944088497,0,28,0.0,0.0,0.0,0.0,0.0,204,0
2025-02-26,0.010596395205501707,0.009868723840067536,0.0007276713654341717,1.756317837810003,1.3666667574088536,1.2470365691323655,3512635.675619999,28283.67561999918,3484352.0,0.008051980971527017,0,28,0.0,0.0,0.0,0.0,0.0,204,0
2025-02-27,0.004172650212980855,0.001218807885330605,0.00295384232765025,1.7636463378100031,1.3683324616294026,1.2507201185343964,3527292.675619999,28283.67561999918,3499009.0,0.008018522481984772,0,28,0.0,0.0,0.0,0.0,0.0,204,0
2025-02-28,-0.005880430660989644,-0.008939127580109837,0.003058696919120193,1.753275337810003,1.3561007631828916,1.2545456923076392,3506550.675619999,28283.67561999918,3478267.0,0.00806595376380759,0,28,0.0,0.0,0.0,0.0,0.0,204,0
2025-03-03,-0.0034144665534836527,-0.0006206061996610623,-0.0027938603538225906,1.7472888378100029,1.3552591586418952,1.251040666835842,3494577.675619999,28283.67561999918,3466294.0,0.00809358905292645,0,28,0.0,0.0,0.0,0.0,0.0,204,0
2025-03-04,0.004902738353629532,0.0040784068005191645,0.0008243315531103676,1.7558553378100028,1.360786456810966,1.2520719391317392,3511710.675619999,28283.67561999918,3483427.0,0.008054101898643926,0,28,0.0,0.0,0.0,0.0,0.0,204,0
2025-03-05,-0.0005376297122389184,6.914284028530401e-05,-0.0006067725525242224,1.7549113378100027,1.3608805454516115,1.2513122162452883,3509822.675619999,28283.67561999918,3481539.0,0.008058434352385896,0,28,0.0,0.0,0.0,0.0,0.0,204,0
2025-03-06,-0.0020448326491970814,0.0018723840980931668,-0.003917216747290248,1.7513228378100028,1.3634286365443196,1.2464105550757234,3502645.675619999,28283.67561999918,3474362.0,0.008074946266151435,0,28,0.0,0.0,0.0,0.0,0.0,204,0
2025-03-07,-0.003764868394136367,-0.0028851727004691797,-0.0008796956936671873,1.7447293378100026,1.359494909463124,1.2453140930778819,3489458.675619999,28283.67561999918,3461175.0,0.008105462264852242,0,28,0.0,0.0,0.0,0.0,0.0,204,0
2025-03-10,0.0013684070922981295,0.0015418469430348574,-0.00017343985073672787,1.7471168378100024,1.361591042533351,1.2450981059874582,3494233.675619999,28283.67561999918,3465950.0,0.008094385849847511,0,28,0.0,0.0,0.0,0.0,0.0,204,0
2025-03-11,0.0024694971204148874,0.0030209781131293125,-0.000551480992714425,1.7514313378100026,1.3657043792718773,1.2444114580479413,3502862.675619999,28283.67561999918,3474579.0,0.008074446028630862,0,28,0.0,0.0,0.0,0.0,0.0,204,0
2025-03-12,0.0031263001191053075,0.005281820352180686,-0.0021555202330753786,1.7569068378100028,1.3729177844573779,1.241729103971848,3513813.675619999,28283.67561999918,3485530.0,0.008049281558735077,0,28,0.0,0.0,0.0,0.0,0.0,204,0
2025-03-13,0.005334090458479768,0.007103724928560794,-0.0017696344700810262,1.7662783378100029,1.3826706147476922,1.2395316973469566,3532556.675619999,28283.67561999918,3504273.0,0.008006573769983495,0,28,0.0,0.0,0.0,0.0,0.0,204,0
2025-03-14,0.006922748095954612,0.00714538475822017,-0.00022263666226555838,1.778505837810003,1.392550328283949,1.239255732147087,3557011.675619999,28283.67561999918,3528728.0,0.007951527349167119,0,28,0.0,0.0,0.0,0.0,0.0,204,0
2025-03-17,0.0024498092203988353,0.003919240004548752,-0.0014694307841499167,1.782862837810003,1.398008067238907,1.2374347316248357,3565725.675619999,28283.67561999918,3537442.0,0.007932095229137695,0,28,0.0,0.0,0.0,0.0,0.0,204,0
2025-03-18,0.007997530543356168,0.0023965042100066274,0.005601026333349541,1.7971213378100033,1.4013583994576684,1.2443656361424678,3594242.675619999,28283.67561999918,3565959.0,0.007869161370724726,0,28,0.0,0.0,0.0,0.0,0.0,204,0
2025-03-19,0.007657524125093351,0.006302685101214052,0.0013548390238792996,1.8108828378100035,1.4101907201633914,1.246051551266288,3621765.675619999,28283.67561999918,3593482.0,0.007809361000462125,0,28,0.0,0.0,0.0,0.0,0.0,204,0
2025-03-20,-0.0011000159471438176,-0.0003967543329745926,-0.000703261614169225,1.8088908378100035,1.409631220884846,1.2451752510410063,3617781.675619999,28283.67561999918,3589498.0,0.007817960882106588,0,28,0.0,0.0,0.0,0.0,0.0,204,0
2025-03-21,-0.0005414920455818484,-0.0014647950064232483,0.0009233029608413999,1.8079113378100036,1.4075664001115955,1.246324925037059,3615822.675619999,28283.67561999918,3587539.0,0.007822196539311604,0,28,0.0,0.0,0.0,0.0,0.0,204,0
2025-03-24,0.002011437134082694,-0.0002773409134252337,0.002288778047507928,1.8115478378100038,1.4071760243604818,1.2491774861655456,3623095.675619999,28283.67561999918,3594812.0,0.007806494266856246,0,28,0.0,0.0,0.0,0.0,0.0,204,0
2025-03-25,0.008914476152902973,0.009102746666364197,-0.000188270513461224,1.827696837810004,1.4199851912252168,1.248942302878821,3655393.675619999,28283.67561999918,3627110.0,0.007737518344095162,0,28,0.0,0.0,0.0,0.0,0.0,204,0
2025-03-26,0.0007993667055585796,0.0011004621486442074,-0.0003010954430856278,1.829157837810004,1.4215478311797953,1.2485662520427472,3658315.675619999,28283.67561999918,3630032.0,0.007731338169772831,0,28,0.0,0.0,0.0,0.0,0.0,204,0
2025-03-27,-0.006913017421798617,-0.00894119347078968,0.0020281760489910625,1.816512837810004,1.4088374969932353,1.2510985642107189,3633025.675619999,28283.67561999918,3604742.0,0.007785157096411764,0,28,0.0,0.0,0.0,0.0,0.0,204,0
2025-03-28,-0.006636066505609217,-0.009442079653838887,0.0028060131482296694,1.8044583378100039,1.3955351411273103,1.2546091632316254,3608916.675619999,28283.67561999918,3580633.0,0.007837165044864923,0,28,0.0,0.0,0.0,0.0,0.0,204,0
2025-03-31,0.003870967732332087,-0.0015633193518511102,0.005434287084183197,1.8114433378100039,1.3933534740349978,1.261427069603073,3622886.675619999,28283.67561999918,3594603.0,0.007806944614175347,0,28,0.0,0.0,0.0,0.0,0.0,204,0
2025-04-01,0.011146202218177192,0.015591812244744542,-0.00444561002656735,1.831634051560004,1.415078379792714,1.255819256774662,3663268.103119999,28180.103119999316,3635088.0,0.00769261280548873,28,28,1204861.0,1205537.0,779.5725,0.0,0.0,204,1
2025-04-02,-0.0013116703076980762,-0.0011957728938653703,-0.00011589741383270596,1.829231551560004,1.413386267423463,1.2556737105705607,3658463.103119999,28180.103119999316,3630283.0,0.007702716229655794,0,28,0.0,0.0,0.0,0.0,0.0,204,0
2025-04-03,0.011838577779577308,0.010921808003744097,0.0009167697758332115,1.850887051560004,1.4288230008713905,1.25682487427672,3701774.103119999,28180.103119999316,3673594.0,0.007612593944143709,0,28,0.0,0.0,0.0,0.0,0.0,204,0
2025-04-07,-0.059819425451532404,-0.0746701761094903,0.014850750657957892,1.7401680515600038,1.3221325357670333,1.2754896671053229,3480336.103119999,28180.103119999316,3452156.0,0.008096948767314986,0,28,0.0,0.0,0.0,0.0,0.0,204,0
2025-04-08,0.02583802177019212,0.01829754628023844,0.00754047548995368,1.785130551560004,1.3463243170288395,1.2851074656778199,3570261.103119999,28180.103119999316,3542081.0,0.007893009028211728,0,28,0.0,0.0,0.0,0.0,0.0,204,0
2025-04-09,0.016697658316335184,0.010117191413332432,0.0065804669030027525,1.814938051560004,1.3599453378486444,1.2935640728225144,3629876.103119999,28180.103119999316,3601696.0,0.007763378781930761,0,28,0.0,0.0,0.0,0.0,0.0,204,0
2025-04-10,0.00636220062170989,0.010063226866492818,-0.003701026244782928,1.826485051560004,1.3736307763094446,1.28877655823969,3652970.103119999,28180.103119999316,3624790.0,0.0077142988648964605,0,28,0.0,0.0,0.0,0.0,0.0,204,0
2025-04-11,-0.0014689416689769308,-0.004711912071304882,0.003242970402327951,1.823802051560004,1.3671583488730363,1.2929560224732755,3647604.103119999,28180.103119999316,3619424.0,0.007725647390267848,0,28,0.0,0.0,0.0,0.0,0.0,204,0
2025-04-14,0.005504709237174499,0.01602507427412044,-0.01052036503694594,1.8338415515600042,1.3890671629582105,1.2793536531401388,3667683.103119999,28180.103119999316,3639503.0,0.0076833527673171274,0,28,0.0,0.0,0.0,0.0,0.0,204,0
2025-04-15,-0.004181931636065395,0.006569496862453671,-0.010751428498519067,1.8261725515600042,1.398192635327002,1.2655987738140835,3652345.103119999,28180.103119999316,3624165.0,0.007715618958330797,0,28,0.0,0.0,0.0,0.0,0.0,204,0
2025-04-16,0.015519343983015021,0.0043962158027887385,0.011123128180226283,1.8545135515600042,1.4043393918857694,1.2796761911999546,3709027.103119999,28180.103119999316,3680847.0,0.007597707521817372,0,28,0.0,0.0,0.0,0.0,0.0,204,0
2025-04-17,-0.006126134797151073,0.0009839757080256878,-0.007110110505176761,1.8431525515600042,1.4057212277332085,1.2705775520696792,3686305.103119999,28180.103119999316,3658125.0,0.007644538998182316,0,28,0.0,0.0,0.0,0.0,0.0,204,0
2025-04-18,-0.003042884320808459,-0.0019437863698648146,-0.0010990979509436442,1.837544051560004,1.402988805970911,1.2691810628856843,3675088.103119999,28180.103119999316,3646908.0,0.0076678714439731566,0,28,0.0,0.0,0.0,0.0,0.0,204,0
2025-04-21,-0.006088289415702608,0.003962648663745411,-0.01005093807944802,1.826356551560004,1.4085483576881415,1.2564246026110124,3652713.103119999,28180.103119999316,3624533.0,0.007714841632628913,0,28,0.0,0.0,0.0,0.0,0.0,204,0
2025-04-22,0.010418283321374178,0.005642589248131496,0.0047756940732426815,1.845384051560004,1.416496217506706,1.262424902139178,3690768.103119999,28180.103119999316,3662588.0,0.00763529496642642,0,28,0.0,0.0,0.0,0.0,0.0,204,0
2025-04-23,0.00010350149056437274,-0.00457247688607394,0.0046759783766383125,1.8455750515600042,1.4100193212929453,1.2683279736837105,3691150.103119999,28180.103119999316,3662970.0,0.007634504783801576,0,28,0.0,0.0,0.0,0.0,0.0,204,0
2025-04-24,0.0024507266698132746,0.01172716241052178,-0.009276435740708506,1.8500980515600043,1.4265548468757212,1.2565624107376907,3700196.103119999,28180.103119999316,3672016.0,0.00761584044052095,0,28,0.0,0.0,0.0,0.0,0.0,204,0
2025-04-25,0.0044779940138925944,0.013442760586806542,-0.008964766572913948,1.8583827795600043,1.44573168214622,1.2452976220411294,3716765.5591199994,30631.559119999314,3686134.0,0.008241455812255159,0,28,0.0,0.0,0.0,2451.456,0.0,204,0
2025-04-28,0.006661975205630721,0.002373061844936156,0.0042889133606945655,1.8707632795600042,1.4491624928391367,1.2506385956503427,3741526.5591199994,30631.559119999314,3710895.0,0.008186914788920757,0,28,0.0,0.0,0.0,0.0,0.0,204,0
2025-04-29,-0.007436269544093266,-0.014179050410020077,0.0067427808659268115,1.8568517795600041,1.4286147448008601,1.2590713776432836,3713703.5591199994,30631.559119999314,3683072.0,0.00824825100667372,0,28,0.0,0.0,0.0,0.0,0.0,204,0
2025-04-30,-0.016652379226158254,-0.01189521233228237,-0.004757166893875883,1.8259307795600042,1.4116210690704245,1.2530817649685324,3651861.5591199994,35751.559119999314,3616110.0,0.009789954668657943,0,28,0.0,0.0,0.0,5120.0,0.0,204,0
2025-05-06,0.005841130517866722,0.013744798507218662,-0.00790366798935194,1.8365962795600044,1.4310235162333422,1.24317782273471,3673192.5591199994,35751.559119999314,3637441.0,0.009733102347502427,0,28,0.0,0.0,0.0,0.0,0.0,204,0
2025-05-07,0.007971811858133337,0.006275426343727368,0.0016963855144059691,1.8512372795600043,1.4400037989056065,1.2452867315850278,3702474.5591199994,35751.559119999314,3666723.0,0.009656125531486896,0,28,0.0,0.0,0.0,0.0,0.0,204,0
2025-05-08,0.002907514914176401,0.006788952736474763,-0.003881437822298362,1.8566197795600043,1.449779916636721,1.2404532285654475,3713239.5591199994,35751.559119999314,3677488.0,0.009628131595277973,0,28,0.0,0.0,0.0,0.0,0.0,204,0
2025-05-09,0.005054185085878959,0.006034166994731087,-0.0009799819088521277,1.8660034795600045,1.458528130759314,1.239237606842676,3732006.9591199993,37229.959119999316,3694777.0,0.009975854688325146,0,28,0.0,0.0,0.0,1478.4,0.0,204,0
2025-05-12,-0.0020503713106162502,0.00012475785058044798,-0.0021751291611966984,1.8621774795600046,1.4587100935939188,1.236542104986381,3724354.9591199993,37229.959119999316,3687125.0,0.009996350919461262,0,28,0.0,0.0,0.0,0.0,0.0,204,0
2025-05-13,0.01426314102256021,0.007923894821652996,0.006339246200907214,1.8887379795600046,1.4702687589508405,1.2443808498276778,3777475.9591199993,37229.959119999316,3740246.0,0.009855776588098367,0,28,0.0,0.0,0.0,0.0,0.0,204,0
2025-05-14,0.010232493977011092,0.005129843870512738,0.005102650106498355,1.9080644795600044,1.4778110081319509,1.2507304899035756,3816128.9591199993,40635.959119999316,3775493.0,0.01064847638937495,0,28,0.0,0.0,0.0,3406.0,0.0,204,0
2025-05-15,0.0008702536092402013,-0.003185930053312996,0.004056183662553198,1.9097249795600044,1.4731028056280264,1.2558036824829797,3819449.9591199993,40635.959119999316,3778814.0,0.010639217571883528,0,28,0.0,0.0,0.0,0.0,0.0,204,0
2025-05-16,-0.0025044129658406966,-0.0036107903594570926,0.001106377393616396,1.9049422395600044,1.4677837402189755,1.257193075288099,3809884.4791199993,43383.47911999931,3766501.0,0.011387085187952983,0,28,0.0,0.0,0.0,2747.52,0.0,204,0
2025-05-19,0.02349835027561742,0.012869860320353631,0.010628489955263788,1.9497052395600045,1.48667391193608,1.2705551392606258,3899410.4791199993,43383.47911999931,3856027.0,0.01112565074959482,0,28,0.0,0.0,0.0,0.0,0.0,204,0
2025-05-20,-0.010062290238511906,0.006297245924619302,-0.016359536163131207,1.9300867395600043,1.4960358631692572,1.2497694465126394,3860173.4791199993,43383.47911999931,3816790.0,0.01123873819522987,0,28,0.0,0.0,0.0,0.0,0.0,204,0
2025-05-21,0.0068613496629787996,0.006391193950657035,0.0004701557123217648,1.9433297395600042,1.5055973185279106,1.2503570327570024,3886659.4791199993,43383.47911999931,3843276.0,0.011162150775766447,0,28,0.0,0.0,0.0,0.0,0.0,204,0
2025-05-22,-0.004384999532775824,-0.006369669355140501,0.001984669822364677,1.9348082395600041,1.4960071614269017,1.2528385786270966,3869616.4791199993,43383.47911999931,3826233.0,0.011211312375293913,0,28,0.0,0.0,0.0,0.0,0.0,204,0
2025-05-23,-0.01886000858064285,-0.015208854205341195,-0.0036511543753016563,1.898317739560004,1.4732546066186136,1.2482642715691956,3796635.4791199993,43383.47911999931,3753252.0,0.01142682234272723,0,28,0.0,0.0,0.0,0.0,0.0,204,0
2025-05-26,-0.0007561958517717793,0.002573063926157595,-0.0033292597779293743,1.8968822395600038,1.4770453849009495,1.244108475537634,3793764.4791199993,43383.47911999931,3750381.0,0.0114354697975512,0,28,0.0,0.0,0.0,0.0,0.0,204,0
2025-05-27,0.004930722532448639,0.004091486615675736,0.0008392359167729031,1.906235239560004,1.4830886963240175,1.2451525760546667,3812470.4791199993,43383.47911999931,3769087.0,0.011379361324264774,0,28,0.0,0.0,0.0,0.0,0.0,204,0
2025-05-28,0.0025956922300640617,-0.0027805042729570194,0.005376196503021081,1.9111832395600041,1.4789649618667142,1.2518467609797794,3822366.4791199993,43383.47911999931,3778983.0,0.011349900475787772,0,28,0.0,0.0,0.0,0.0,0.0,204,0
2025-05-29,0.0029722424738862774,0.005034419072729583,-0.0020621765988433054,1.9168637395600039,1.4864106912786348,1.249265231883949,3833727.4791199993,47211.47911999931,3786516.0,0.01231477181858433,0,28,0.0,0.0,0.0,3828.0,0.0,204,0
2025-05-30,0.0028525762615005945,-0.003537136354834774,0.006389712616335369,1.922331739560004,1.481153053984298,1.2572476776972672,3844663.4791199993,47211.47911999931,3797452.0,0.012279742915446397,0,28,0.0,0.0,0.0,0.0,0.0,204,0
2025-06-03,0.00924476230313287,0.0064758760699848,0.0027688862331480693,1.940103239560004,1.49074481760258,1.2607288534837005,3880206.4791199993,47211.47911999931,3832995.0,0.012167259493548011,0,28,0.0,0.0,0.0,0.0,0.0,204,0
2025-06-04,0.003340337703610974,0.0040220567820546645,-0.0006817190784436907,1.9465838395600041,1.496740677906531,1.2598693905715361,3893167.6791199995,49846.67911999931,3843321.0,0.012803630161459295,0,28,0.0,0.0,0.0,2635.2,0.0,204,0
2025-06-05,-0.009728324881337014,-0.004768125639159357,-0.004960199242177657,1.927646839560004,1.4896040303050322,1.2536201873751804,3855293.6791199995,52710.67911999931,3802583.0,0.013672286343703634,0,28,0.0,0.0,0.0,2864.0,0.0,204,0
2025-06-06,0.003402853606471412,0.003623250154100957,-0.00022039654762954488,1.934206339560004,1.4950012383373843,1.2533438938138444,3868412.6791199995,58278.67911999931,3810134.0,0.015065269389318812,0,28,0.0,0.0,0.0,5568.0,0.0,204,0
2025-06-09,0.0003027081382296348,0.0028186188994863332,-0.0025159107612566984,1.9347918395600041,1.4992150770825174,1.2501905924238428,3869583.6791199995,58278.67911999931,3811305.0,0.015060710389716328,0,28,0.0,0.0,0.0,0.0,0.0,204,0
2025-06-10,0.013667103333459218,0.0027694113461107666,0.010897691987348452,1.9612348395600043,1.50336702032725,1.2638147844255585,3922469.6791199995,58278.67911999931,3864191.0,0.014857649360612533,0,28,0.0,0.0,0.0,0.0,0.0,204,0
2025-06-11,0.0009736212928117549,0.0002381939816457471,0.0007354273111660078,1.9631443395600041,1.5037251133036968,1.2647442283342802,3926288.6791199995,58278.67911999931,3868010.0,0.014843197707271319,0,28,0.0,0.0,0.0,0.0,0.0,204,0
2025-06-12,-0.0060680713893253024,-0.0029209462475524458,-0.0031471251417728567,1.9512318395600041,1.4993328130766421,1.2607639199753773,3902463.6791199995,58278.67911999931,3844185.0,0.014933817176010483,0,28,0.0,0.0,0.0,0.0,0.0,204,0
2025-06-13,-0.0013533296999681532,-0.0037490141421235657,0.0023956844421554125,1.9485911795600042,1.493711793156668,1.2637843124836932,3897182.359119999,60934.35911999931,3836248.0,0.015635490850820374,0,28,0.0,0.0,0.0,2655.68,0.0,204,0
2025-06-16,-0.0008126897096790708,0.0032572377688222954,-0.004069927478501366,1.9470075795600044,1.498577167625073,1.2586408019834168,3894015.1591199995,61625.15911999931,3832390.0,0.015825608427761196,0,28,0.0,0.0,0.0,690.8,0.0,204,0
2025-06-17,0.003682317457449402,0.004793477427953678,-0.0011111599705042755,1.9541770795600044,1.5057605634521305,1.2572422507070093,3908354.1591199995,61625.15911999931,3846729.0,0.01576754731302927,0,28,0.0,0.0,0.0,0.0,0.0,204,0
2025-06-18,-0.0022595188768635976,-0.003969021388971104,0.0017095025121075065,1.9497615795600045,1.4997841675691197,1.2593915094929207,3899523.1591199995,61625.15911999931,3837898.0,0.015803255066167164,0,28,0.0,0.0,0.0,0.0,0.0,204,0
2025-06-19,-0.009579550749079346,-0.010734273113710703,0.0011547223646313567,1.9310837395600042,1.4836850747028136,1.2608457570347589,3862167.4791199993,63713.47911999931,3798454.0,0.016496819328641988,0,28,0.0,0.0,0.0,2088.3199999999997,0.0,204,0
2025-06-20,0.005139859963950277,0.0010035839160929478,0.00413627604785733,1.941009239560004,1.4851740771803326,1.2660609631396245,3882018.4791199993,63713.47911999931,3818305.0,0.016412461574485417,0,28,0.0,0.0,0.0,0.0,0.0,204,0
2025-06-23,0.011496596484547705,0.008820446545255621,0.0026761499392920843,1.9633242395600041,1.498273975738501,1.2694491321092705,3926648.4791199993,63713.47911999931,3862935.0,0.016225918734207177,0,28,0.0,0.0,0.0,0.0,0.0,204,0
2025-06-24,-0.0040512921094391086,0.0021368410608709233,-0.006188133170310032,1.955370239560004,1.5014755490902933,1.2615936118268438,3910740.4791199993,63713.47911999931,3847027.0,0.01629192206953508,0,28,0.0,0.0,0.0,0.0,0.0,204,0
2025-06-25,0.004236353725964426,0.004971743291177861,-0.0007353895652134354,1.963653879560004,1.5089405000783505,1.2606658490491665,3927307.759119999,67898.75911999932,3859409.0,0.017288881667683092,0,28,0.0,0.0,0.0,4185.28,0.0,204,0
2025-06-26,0.0001830770706294782,0.0003196722423380483,-0.0001365951717085701,1.964013379560004,1.509422866471565,1.2604936481810485,3928026.759119999,67898.75911999932,3860128.0,0.017285717049241988,0,28,0.0,0.0,0.0,0.0,0.0,204,0
2025-06-27,-0.011866069876377838,-0.00687086252199416,-0.004995207354383678,1.940708259560004,1.4990518294684845,1.2541972210395007,3881416.5191199994,79126.51911999931,3802290.0,0.020385990199768358,0,28,0.0,0.0,0.0,11227.76,0.0,204,0
2025-06-30,-0.0014744617002087068,0.0016820865084222546,-0.0031565482086309614,1.9378467595600042,1.501573364326259,1.2502382870481585,3875693.5191199994,79126.51911999931,3796567.0,0.02041609294688644,0,28,0.0,0.0,0.0,0.0,0.0,204,0
2025-07-01,0.01644657692501772,0.012401101033386609,0.004045475891631111,1.9697177053600041,1.5201945273263113,1.255296095897206,3939435.410719999,28092.410719999287,3911343.0,0.007131075342307724,28,28,2031888.0,1982078.0,1224.1083999999998,0.0,0.0,204,1
2025-07-02,0.0029227538465710357,0.0015477217380025629,0.0013750321085684728,1.9754747053600041,1.522547365442247,1.257022168334825,3950949.410719999,28092.410719999287,3922857.0,0.007110293704034009,0,28,0.0,0.0,0.0,0.0,0.0,204,0
2025-07-03,-0.0020858277703176276,0.0029090655116314197,-0.004994893281949048,1.9713542053600042,1.5269765554728805,1.2507434767509484,3942708.410719999,28092.410719999287,3914616.0,0.00712515555135085,0,28,0.0,0.0,0.0,0.0,0.0,204,0
2025-07-04,0.006685455086745007,0.009995192047482641,-0.003309736960737634,1.9845336053600044,1.5422389793968354,1.2466038448375443,3969067.2107199994,32545.210719999286,3936522.0,0.008199712676091342,0,28,0.0,0.0,0.0,4452.8,0.0,204,0
2025-07-07,0.009937095520447414,0.021063133022742996,-0.011126037502295582,2.0042541053600047,1.5747233641727305,1.2327340837093759,4008508.2107199994,32545.210719999286,3975963.0,0.0081190330689515,0,28,0.0,0.0,0.0,0.0,0.0,204,0
2025-07-08,-0.004474981478652884,-0.0018236329562772416,-0.0026513485223756423,1.9952851053600047,1.5718516467488055,1.229465676018051,3990570.2107199994,32545.210719999286,3958025.0,0.008155528909771345,0,28,0.0,0.0,0.0,0.0,0.0,204,0
2025-07-09,0.00517795676028765,0.004530140323907889,0.0006478164363797612,2.0056166053600046,1.5789723552769435,1.23026214409094,4011233.2107199994,32545.210719999286,3978688.0,0.008113517467152592,0,28,0.0,0.0,0.0,0.0,0.0,204,0
2025-07-10,0.007149970718070442,0.0015632862768257122,0.00558668444124473,2.0199567053600047,1.5814407410914353,1.2371352304699852,4039913.410719999,39452.41071999929,4000461.0,0.009765657505260247,0,28,0.0,0.0,0.0,6907.2,0.0,204,0
2025-07-11,-0.006029089617457628,-0.0051810926888820365,-0.0008479969285755916,2.0077782053600046,1.5732471500298664,1.236086143594314,4015556.410719999,41140.41071999929,3974416.0,0.010245257820353397,0,28,0.0,0.0,0.0,1688.0,0.0,204,0
2025-07-14,0.003974980891163327,0.00979772051601815,-0.005822739624854823,2.015759085360005,1.5886613859084813,1.2288887358262734,4031518.1707199994,51306.17071999929,3980212.0,0.012726265527617946,0,28,0.0,0.0,0.0,10165.76,0.0,204,0
2025-07-15,-0.012761644080798495,-0.017359627896565952,0.004597983815767457,1.9900346853600046,1.5610828153954672,1.2345391463449815,3980069.370719999,55549.37071999929,3924520.0,0.013956885055485943,0,28,0.0,0.0,0.0,4243.200000000001,0.0,204,0
2025-07-16,-0.00264869755224717,-0.00014094080241670756,-0.0025077567498304624,1.9847636853600046,1.5608627951308265,1.231443222467805,3969527.370719999,55549.37071999929,3913978.0,0.01399395079871276,0,28,0.0,0.0,0.0,0.0,0.0,204,0
2025-07-17,-0.0049973203727782245,-0.002609560438769477,-0.0023877599340087477,1.9748451853600046,1.5567896293303058,1.2285028316801896,3949690.370719999,57579.37071999929,3892111.0,0.014578198622061354,0,28,0.0,0.0,0.0,2030.0,0.0,204,0
2025-07-18,0.005011025711464168,0.0031695149353780047,0.001841510776086163,1.9847411853600048,1.56172389731171,1.230765132883181,3969482.370719999,59687.37071999929,3909795.0,0.015036562741850137,0,28,0.0,0.0,0.0,2108.0,0.0,204,0
2025-07-21,0.008257247907629495,0.007132981522437911,0.001124266385191584,2.001129685360005,1.5728636450143842,1.2321488407501475,4002259.370719999,59687.37071999929,3942572.0,0.014913418944475267,0,28,0.0,0.0,0.0,0.0,0.0,204,0
2025-07-22,0.006909347305750879,0.0014415542461235355,0.005467793059627343,2.0149561853600053,1.575131013280428,1.2388859756300292,4029912.370719999,59687.37071999929,3970225.0,0.014811084020999525,0,28,0.0,0.0,0.0,0.0,0.0,204,0
2025-07-23,-0.0007732178055880334,-0.004917250619934812,0.004144032814346779,2.013398185360005,1.5673856993288962,1.244019959766274,4026796.370719999,59687.37071999929,3967109.0,0.01482254507677702,0,28,0.0,0.0,0.0,0.0,0.0,204,0
2025-07-24,-0.0055249875960382555,0.0008929001895317548,-0.006417887785570011,2.002274185360005,1.5687852183168962,1.2360359792614846,4004548.370719999,59687.37071999929,3944861.0,0.014904894433643158,0,28,0.0,0.0,0.0,0.0,0.0,204,0
2025-07-25,-0.009573863629747326,-0.0057529818901401325,-0.003820881739607193,1.983104685360005,1.5597600253663995,1.231313231958827,3966209.370719999,59687.37071999929,3906522.0,0.015048971231986185,0,28,0.0,0.0,0.0,0.0,0.0,204,0
2025-07-28,-0.003604197021350175,-0.0021543104390965213,-0.0014498865822536538,1.9759571853600049,1.5563998180612673,1.2295279674252584,3951914.370719999,59687.37071999929,3892227.0,0.015103406886097296,0,28,0.0,0.0,0.0,0.0,0.0,204,0
2025-07-29,-0.006836939636188921,-0.005940887364474147,-0.0008960522717147744,1.9624476853600048,1.5471534220480772,1.2284262460969102,3924895.370719999,59687.37071999929,3865208.0,0.015207378817094427,0,28,0.0,0.0,0.0,0.0,0.0,204,0
2025-07-30,0.008449244340981377,0.0020560318067136206,0.006393212534267756,1.9790288853600049,1.5503344186936736,1.2362798361708804,3958057.7707199994,63489.770719999295,3894568.0,0.016040637706116665,0,28,0.0,0.0,0.0,3802.4,0.0,204,0
2025-07-31,-0.015775666656993148,-0.01591863676161844,0.00014297010462529028,1.9478083853600048,1.5256552082234542,1.2364565872284041,3895616.7707199994,63489.770719999295,3832127.0,0.01629774550648752,0,28,0.0,0.0,0.0,0.0,0.0,204,0
2025-08-01,0.0014285286072868164,0.00435313881108702,-0.0029246102038002035,1.9505908853600047,1.532296597122709,1.23284043367684,3901181.7707199994,63489.770719999295,3837692.0,0.01627449692206515,0,28,0.0,0.0,0.0,0.0,0.0,204,0
2025-08-04,0.0037019551635335546,0.005883327048329256,-0.0021813718847957016,1.9578118853600046,1.5413115991386237,1.230151150216378,3915623.7707199994,63489.770719999295,3852134.0,0.016214471674924194,0,28,0.0,0.0,0.0,0.0,0.0,204,0
2025-08-05,0.008862444921162282,0.010073220349551229,-0.0012107754283889466,1.9751628853600045,1.5568375705040662,1.2286617134304916,3950325.7707199994,68193.7707199993,3882132.0,0.017262822024820015,0,28,0.0,0.0,0.0,4704.0,0.0,204,0
2025-08-06,-0.00026656029429394934,0.0005046749208972541,-0.0007712352151912034,1.9746363853600044,1.5576232673818102,1.2277141262495368,3949272.7707199994,68193.7707199993,3881079.0,0.01726742483466564,0,28,0.0,0.0,0.0,0.0,0.0,204,0
2025-08-07,0.001902628771481396,0.002551890507016816,-0.0006492617355354198,1.9783933853600044,1.5615981514113504,1.2269170184451867,3956786.7707199994,68193.7707199993,3888593.0,0.017234633724675128,0,28,0.0,0.0,0.0,0.0,0.0,204,0
2025-08-08,0.006811860623739285,0.008526506323159828,-0.001714645699420543,1.9918699253600045,1.574913127923594,1.2248132904559639,3983739.8507199995,69157.8507199993,3914582.0,0.017360031857376453,0,28,0.0,0.0,0.0,964.0799999999999,0.0,204,0
2025-08-11,-0.008174981605315934,-0.0015625501286378246,-0.0066124314766781095,1.9755864253600044,1.5724522472129636,1.216714296501099,3951172.8507199995,69157.8507199993,3882015.0,0.017503119537632242,0,28,0.0,0.0,0.0,0.0,0.0,204,0
2025-08-12,0.0031254011065979803,0.0049296436465810275,-0.0018042425399830472,1.9817609253600046,1.580203876442989,1.2145190488083464,3963521.8507199995,69157.8507199993,3894364.0,0.01744858570855017,0,28,0.0,0.0,0.0,0.0,0.0,204,0
2025-08-13,-0.004058511749362004,-0.0021218934634801715,-0.0019366182858818323,1.9737179253600046,1.5768508521665987,1.2121669890098723,3947435.8507199995,69157.8507199993,3878278.0,0.01751968957453359,0,28,0.0,0.0,0.0,0.0,0.0,204,0
2025-08-14,-0.007937557742524137,-0.012550930963119754,0.004613373220595617,1.9580514253600045,1.5570599059819192,1.2177591677358603,3916102.8507199995,69157.8507199993,3846945.0,0.017659865778878663,0,28,0.0,0.0,0.0,0.0,0.0,204,0
2025-08-15,0.0037066442208817385,0.004133535217052597,-0.00042689099617085856,1.9653092253600044,1.563496067938356,1.2172393173116494,3930618.450719999,71095.45071999931,3859523.0,0.018087599091938383,0,28,0.0,0.0,0.0,1937.6000000000001,0.0,204,0
2025-08-18,0.009043106179255078,0.004274845186840609,0.004768260992414469,1.9830817253600044,1.5701797715790267,1.2230434320668198,3966163.450719999,71095.45071999931,3895068.0,0.017925496919975137,0,28,0.0,0.0,0.0,0.0,0.0,204,0
2025-08-19,0.0013756366997454972,0.0008154071958587073,0.0005602295038867899,1.9858097253600042,1.571460107463564,1.2237286170819988,3971619.450719999,71095.45071999931,3900524.0,0.017900871823736963,0,28,0.0,0.0,0.0,0.0,0.0,204,0
2025-08-20,0.0031334824885460577,0.0044300406173771985,-0.0012965581288311408,1.9920322253600042,1.5784217395682154,1.2221419817960377,3984064.450719999,71095.45071999931,3912969.0,0.017844954969830108,0,28,0.0,0.0,0.0,0.0,0.0,204,0
2025-08-21,0.0085932344778743,0.008847398982058314,-0.0002541645041840134,2.0091502253600044,1.59238666646013,1.221831356685192,4018300.450719999,71095.45071999931,3947205.0,0.017692915597503522,0,28,0.0,0.0,0.0,0.0,0.0,204,0
2025-08-22,-0.0005461094875588435,-0.001320841033573843,0.0007747315460149996,2.008053009360004,1.5902833768097535,1.2227779479811263,4016106.018719999,73336.01871999931,3942770.0,0.018260478776746223,0,28,0.0,0.0,0.0,2240.568,0.0,204,0
2025-08-25,0.010315215735565486,0.0047184059847293295,0.005596809750836157,2.028766509360004,1.5977869794123083,1.2296216035234944,4057533.018719999,73336.01871999931,3984197.0,0.018074041143141234,0,28,0.0,0.0,0.0,0.0,0.0,204,0
2025-08-26,-0.005716034815489102,-0.0007188767598955654,-0.0049971580555935365,2.017170009360004,1.596638367485545,1.2234769900221152,4034340.018719999,73336.01871999931,3961004.0,0.018177946920613572,0,28,0.0,0.0,0.0,0.0,0.0,204,0
2025-08-27,-0.010410128993868284,-0.01881463211504108,0.008404503121172795,1.9961710093600038,1.5665982039805448,1.233759706203439,3992342.018719999,73336.01871999931,3919006.0,0.018369172374543167,0,28,0.0,0.0,0.0,0.0,0.0,204,0
2025-08-28,-0.0028246577941274387,-0.0011059776147637262,-0.0017186801793637125,1.990532509360004,1.5648655814356134,1.2316392678502897,3981065.018719999,73336.01871999931,3907729.0,0.01842120597758498,0,28,0.0,0.0,0.0,0.0,0.0,204,0
2025-08-29,0.003650028304403863,-0.0036515406433478698,0.007301568947751733,1.997798009360004,1.559151411163625,1.2406321668832572,3995596.018719999,73336.01871999931,3922260.0,0.01835421258215507,0,28,0.0,0.0,0.0,0.0,0.0,204,0
2025-09-01,0.006856799303943895,0.00194134273004629,0.004915456573897605,2.011496509360004,1.562178258420729,1.2467304404237523,4022993.018719999,73336.01871999931,3949657.0,0.018229218489504793,0,28,0.0,0.0,0.0,0.0,0.0,204,0
2025-09-02,0.012886176972908281,0.004197949300420517,0.008688227672487763,2.0374170093600044,1.5687362035477985,1.2575623183363747,4074834.018719999,73336.01871999931,4001498.0,0.01799730206999594,0,28,0.0,0.0,0.0,0.0,0.0,204,0
2025-09-03,-0.00811296849101717,-0.017233412818236895,0.009120444327219725,2.020887509360004,1.5417015249491457,1.269031845448771,4041775.018719999,73336.01871999931,3968439.0,0.018144507890799,0,28,0.0,0.0,0.0,0.0,0.0,204,0
2025-09-04,0.000514872794839194,0.004041566512264569,-0.003526693717425375,2.021928009360004,1.5479324142042874,1.264556358812214,4043856.018719999,73336.01871999931,3970520.0,0.0181351705848351,0,28,0.0,0.0,0.0,0.0,0.0,204,0
2025-09-05,0.0054200742802257285,0.00493904902626403,0.0004810252539616984,2.032887009360004,1.5555777282873855,1.2651646423558605,4065774.018719999,73336.01871999931,3992438.0,0.018037406501772865,0,28,0.0,0.0,0.0,0.0,0.0,204,0
2025-09-08,0.01232483649343985,0.010118201059711332,0.0022066354337285186,2.057942009360004,1.5713173765062063,1.2679563994851832,4115884.018719999,73336.01871999931,4042548.0,0.01781780496885967,0,28,0.0,0.0,0.0,0.0,0.0,204,0
2025-09-09,0.003685477999624931,-0.001719010346131593,0.005404488345756524,2.065526509360004,1.5686162656789358,1.2748090550691282,4131053.018719999,73336.01871999931,4057717.0,0.01775237896673676,0,28,0.0,0.0,0.0,0.0,0.0,204,0
2025-09-10,-0.006866772193785509,0.0009711936880805193,-0.007837965881866029,2.051343009360004,1.5701396958951837,1.2648171451896024,4102686.018719999,73336.01871999931,4029350.0,0.01787512336683261,0,28,0.0,0.0,0.0,0.0,0.0,204,0
2025-09-11,0.006713650490025369,0.004628164677476514,0.0020854858125488552,2.065115009360004,1.5774065609744297,1.2674549034013638,4130230.018719999,73336.01871999931,4056894.0,0.01775591635032639,0,28,0.0,0.0,0.0,0.0,0.0,204,0
2025-09-12,-0.0038547489916637145,-0.0040657281607719324,0.0002109791691082179,2.0571545093600037,1.5709932546984895,1.2677223099837656,4114309.018719999,73336.01871999931,4040973.0,0.01782462580868922,0,28,0.0,0.0,0.0,0.0,0.0,204,0
2025-09-15,-0.007878601206791402,-0.0032691041386095424,-0.00460949706818186,2.0409470093600035,1.5658575141478268,1.2618787477126268,4081894.018719999,73336.01871999931,4008558.0,0.017966174129870238,0,28,0.0,0.0,0.0,0.0,0.0,204,0
2025-09-16,-0.004384484241365061,0.0009354020430059017,-0.005319886284370963,2.0319985093600033,1.5673222204656168,1.2551656962701312,4063997.018719999,73336.01871999931,3990661.0,0.018045293434564895,0,28,0.0,0.0,0.0,0.0,0.0,204,0
2025-09-17,-0.003921016655917486,0.0007215397346796278,-0.0046425563905971145,2.0240310093600034,1.5684531057247288,1.249338518745654,4048062.018719999,73336.01871999931,3974726.0,0.018116327857839547,0,28,0.0,0.0,0.0,0.0,0.0,204,0
2025-09-18,-0.017881890066222095,-0.017440413554513354,-0.000441476511708741,1.9878375093600031,1.5410986349200289,1.2487869651344548,3975675.018719999,73336.01871999931,3902339.0,0.018446180428401925,0,28,0.0,0.0,0.0,0.0,0.0,204,0
2025-09-19,-0.0008471517375392423,0.00010140829050217013,-0.0009485600280414125,1.9861535093600031,1.5412549150980914,1.247602415735789,3972307.018719999,73336.01871999931,3898971.0,0.01846182039162483,0,28,0.0,0.0,0.0,0.0,0.0,204,0
2025-09-22,-0.007543475330276883,-0.004887104321029388,-0.0026563710092474954,1.971171009360003,1.5337226415427079,1.2442883208475612,3942342.018719999,73336.01871999931,3869006.0,0.018602145215145506,0,28,0.0,0.0,0.0,0.0,0.0,204,0
2025-09-23,0.005808729910104393,0.0035339056170549305,0.0022748242930494627,1.9826210093600032,1.5391426726006598,1.247118858147383,3965242.018719999,73336.01871999931,3891906.0,0.018494714414348044,0,28,0.0,0.0,0.0,0.0,0.0,204,0
2025-09-24,0.00046680631125695093,0.007401397730713471,-0.00693459141945652,1.983546509360003,1.5505344796848906,1.2384705984146318,3967093.018719999,73336.01871999931,3893757.0,0.018486084993202784,0,28,0.0,0.0,0.0,0.0,0.0,204,0
2025-09-25,-0.009389242910169626,-0.01049450945860302,0.001105266548433393,1.964922509360003,1.5342623809219473,1.2398394385382778,3929845.018719999,73336.01871999931,3856509.0,0.018661300476395325,0,28,0.0,0.0,0.0,0.0,0.0,204,0
2025-09-26,0.005006304296042652,0.001842145334482546,0.003164158961560106,1.9747595093600028,1.5370887152088348,1.2437624876086244,3949519.018719999,73336.01871999931,3876183.0,0.018568341707534505,0,28,0.0,0.0,0.0,0.0,0.0,204,0
2025-09-29,0.0028193306443702326,0.004424616162991184,-0.0016052855186209514,1.980327009360003,1.5438897427820995,1.2417658936986624,3960654.018719999,73336.01871999931,3887318.0,0.018516138590590647,0,28,0.0,0.0,0.0,0.0,0.0,204,0
2025-09-30,-8.35720561390696e-05,-0.00404126268685155,0.00395769063071248,1.980161509360003,1.5376504787719814,1.2466804189416918,3960323.018719999,73336.01871999931,3886987.0,0.01851768615169728,0,28,0.0,0.0,0.0,0.0,0.0,204,0
2025-10-09,0.009927509577920102,0.012662313381503441,-0.0027348038035833397,1.999819581710003,1.557120691005411,1.243270992590117,3999639.163419999,29008.163419999168,3970631.0,0.007252695114425011,28,28,1746280.0,1703028.0,1075.8553,0.0,0.0,204,1
2025-10-10,0.01534988469997467,0.01508883028782201,0.00026105441215265937,2.0305165817100033,1.5806158208496477,1.2435955539682342,4061033.163419999,29008.163419999168,4032025.0,0.007143050118696874,0,28,0.0,0.0,0.0,0.0,0.0,204,0
2025-10-13,-0.0027347720525993102,-0.0005388735481238792,-0.002195898504475431,2.0249635817100033,1.5797640687940457,1.240864744351103,4049927.163419999,29008.163419999168,4020919.0,0.00716263830174737,0,28,0.0,0.0,0.0,0.0,0.0,204,0
2025-10-14,0.01470816575123246,0.013848199824134244,0.0008599659270982166,2.0547470817100035,1.601640957293693,1.2419318457513824,4109494.163419999,29008.163419999168,4080486.0,0.0070588160650550775,0,28,0.0,0.0,0.0,0.0,0.0,204,0
2025-10-15,-0.0007716180809369533,0.004154411987650139,-0.004926030068587092,2.053161601710004,1.6082948336865854,1.2358140521360752,4106323.203419999,34327.20341999917,4071996.0,0.008359596095945238,0,28,0.0,0.0,0.0,5319.04,0.0,204,0
2025-10-16,0.007107721081402341,-0.002173073435093844,0.009280794516496185,2.067754901710004,1.6047998909077024,1.2472833884145484,4135509.8034199993,35392.80341999917,4100117.0,0.008558268533357095,0,28,0.0,0.0,0.0,1065.6,0.0,204,0
2025-10-17,-0.0011386746069628195,-0.004028814738821836,0.002890140131859016,2.065400401710004,1.5983344494543537,1.2508882121912064,4130800.8034199993,35392.80341999917,4095408.0,0.008568024725543901,0,28,0.0,0.0,0.0,0.0,0.0,204,0
2025-10-20,0.006181610107865554,0.011552406029861807,-0.005370795921996253,2.078167901710004,1.616799057985966,1.2441699468822967,4156335.8034199993,35392.80341999917,4120943.0,0.008515385929807827,0,28,0.0,0.0,0.0,0.0,0.0,204,0
2025-10-21,0.0028298964656132686,0.008507099850696202,-0.005677203385082933,2.084048901710004,1.630553329010764,1.237106541048238,4168097.8034199993,35392.80341999917,4132705.0,0.008491356270709084,0,28,0.0,0.0,0.0,0.0,0.0,204,0
2025-10-22,0.005267150876830717,-0.0014920638181267548,0.006759214694957472,2.095025901710004,1.628120439385021,1.2454684097597193,4190051.8034199993,35392.80341999917,4154659.0,0.008446865356440438,0,28,0.0,0.0,0.0,0.0,0.0,204,0
2025-10-23,0.01136525327947746,0.008631511041607254,0.002733742237870207,2.118836401710004,1.6421735789346394,1.2488731993574125,4237672.803419999,35392.80341999917,4202280.0,0.00835194340427499,0,28,0.0,0.0,0.0,0.0,0.0,204,0
2025-10-24,-0.014401159039638012,-0.010568250991105956,-0.0038329080485320563,2.0883227017100037,1.6248186763814956,1.2440863832199995,4176645.403419999,36038.403419999166,4140607.0,0.008628552328260744,0,28,0.0,0.0,0.0,645.6,0.0,204,0
2025-10-27,0.005236020271697672,0.005070494530492147,0.00016552574120552548,2.0992572017100035,1.6330573105931296,1.2442923115407056,4198514.403419999,36038.403419999166,4162476.0,0.008583608380774693,0,28,0.0,0.0,0.0,0.0,0.0,204,0
2025-10-28,0.011990669832879997,0.0006509187771217665,0.01133975105575823,2.124428701710004,1.6341202982607106,1.2584022765941711,4248857.403419999,36038.403419999166,4212819.0,0.008481904662413725,0,28,0.0,0.0,0.0,0.0,0.0,204,0
2025-10-29,-0.004731625020839236,-0.002569096321066429,-0.0021625286997728073,2.114376701710004,1.6299220858142691,1.2556809455551767,4228753.403419999,38802.403419999166,4189951.0,0.009175849173096206,0,28,0.0,0.0,0.0,2764.0,0.0,204,0
2025-10-30,-0.0029971007507200165,-0.0023368294408254225,-0.000660271309894594,2.108039701710004,1.6261132358978867,1.2548518554524455,4216079.403419999,38802.403419999166,4177277.0,0.009203432788415566,0,28,0.0,0.0,0.0,0.0,0.0,204,0
2025-10-31,-0.0056732422972389784,-0.004104306867538321,-0.0015689354297006575,2.096080281710004,1.619439168176396,1.2528830739174006,4192160.563419999,39644.56341999917,4152516.0,0.009456833253461267,0,28,0.0,0.0,0.0,842.16,0.0,204,0
2025-11-03,0.010359336037589983,0.009419021861173294,0.0009403141764166897,2.117794281710004,1.63469270110429,1.2540611776331976,4235588.56342,39644.56341999917,4195944.0,0.009359871202406972,0,28,0.0,0.0,0.0,0.0,0.0,204,0
2025-11-04,0.01144870406412779,0.008063740931756267,0.003384963132371523,2.142040281710004,1.647874439549028,1.2583061284852244,4284080.56342,39644.56341999917,4244436.0,0.009253925745119683,0,28,0.0,0.0,0.0,0.0,0.0,204,0
2025-11-05,0.0049602241800597024,0.009429970251837207,-0.004469746071777504,2.1526652817100036,1.6634138464927382,1.252681819610334,4305330.56342,39644.56341999917,4265686.0,0.009208250757058467,0,28,0.0,0.0,0.0,0.0,0.0,204,0
2025-11-06,0.004220349571849358,0.004636768295551659,-0.0004164187237023012,2.1617502817100034,1.6711267110785375,1.2521601794458066,4323500.56342,39644.56341999917,4283856.0,0.009169552042023861,0,28,0.0,0.0,0.0,0.0,0.0,204,0
2025-11-07,-0.004901815019826339,-0.0007820533545048559,-0.004119761665321483,2.1511537817100033,1.6698198008283358,1.2470015779396837,4302307.56342,39644.56341999917,4262663.0,0.009214720899331712,0,28,0.0,0.0,0.0,0.0,0.0,204,0
2025-11-10,0.001890380889816079,0.004883979195988859,-0.00299359830617278,2.1552202817100032,1.6779751659966318,1.2432685561281687,4310440.56342,39644.56341999917,4270796.0,0.00919733443408028,0,28,0.0,0.0,0.0,0.0,0.0,204,0
2025-11-11,0.00237029135413791,0.0016451322419822726,0.0007251591121556374,2.160328781710003,1.6807356570434586,1.2441701236505014,4320657.56342,39644.56341999917,4281013.0,0.009175585622809384,0,28,0.0,0.0,0.0,0.0,0.0,204,0
2025-11-12,0.00036142646740167095,-0.0020832468397335704,0.0024446733071352414,2.161109581710003,1.6772342697974953,1.247211713141325,4322219.163419999,41538.16341999917,4280681.0,0.009610378800674162,0,28,0.0,0.0,0.0,1893.6,0.0,204,0
2025-11-13,-0.0015600782248775813,0.0006801214134370508,-0.002240199638314632,2.157738081710003,1.6783749927397351,1.2444177099126439,4315476.163419999,41538.16341999917,4273938.0,0.009625395170084853,0,28,0.0,0.0,0.0,0.0,0.0,204,0
2025-11-14,0.0022706648418222564,0.006516785505801256,-0.004246120663978999,2.162637581710003,1.6893126025657208,1.2391337621599623,4325275.163419999,41538.16341999917,4283737.0,0.009603588639006936,0,28,0.0,0.0,0.0,0.0,0.0,204,0
2025-11-17,-0.008840131218326164,-0.0059347439918943454,-0.0029053872264318183,2.143519581710003,1.6792869647472126,1.2355335987555423,4287039.163419999,41538.16341999917,4245501.0,0.009689242816914686,0,28,0.0,0.0,0.0,0.0,0.0,204,0
2025-11-18,-0.010448703240738655,-0.014547350203078891,0.004098646962340236,2.1211225817100026,1.6548577891795695,1.240597614786951,4242245.163419999,41538.16341999917,4200707.0,0.009791551836318689,0,28,0.0,0.0,0.0,0.0,0.0,204,0
2025-11-19,-0.004023341259758784,-0.008146512453760316,0.004123171194001532,2.1125885817100025,1.641376469590816,1.2457128111355875,4225177.163419999,41538.16341999917,4183639.0,0.009831105729629759,0,28,0.0,0.0,0.0,0.0,0.0,204,0
2025-11-20,0.0028356207412383316,0.0014085314803994264,0.0014270892608389053,2.1185790817100028,1.6436884000194214,1.2474905545104487,4237158.163419999,41538.16341999917,4195620.0,0.009803307268207299,0,28,0.0,0.0,0.0,0.0,0.0,204,0
2025-11-21,-0.022226453761637677,-0.030766804855317288,0.00854035109367961,2.0714905817100027,1.5931173597730752,1.258144561832017,4142981.163419999,41538.16341999917,4101443.0,0.010026153096411795,0,28,0.0,0.0,0.0,0.0,0.0,204,0
2025-11-24,-0.003656062965899709,-0.0011211615377016801,-0.002534901428198029,2.0639170817100028,1.5913312178642527,1.2549552893853495,4127834.163419999,41538.16341999917,4086296.0,0.010062943852759798,0,28,0.0,0.0,0.0,0.0,0.0,204,0
2025-11-25,0.011105484906888563,0.010225634421220238,0.0008798504856683247,2.086837881710003,1.6076035891412075,1.2560594624062074,4173675.7634199993,43799.763419999166,4129876.0,0.010494289902411753,0,28,0.0,0.0,0.0,2261.6,0.0,204,0
2025-11-26,-0.002980106914152847,-0.003078588399124378,9.84814849715309e-05,2.0806188817100026,1.6026544393812867,1.2561831610072778,4161237.7634199993,43799.763419999166,4117438.0,0.01052565748706496,0,28,0.0,0.0,0.0,0.0,0.0,204,0
2025-11-27,0.0031911178247807648,0.004348262345928076,-0.0011571445211473116,2.087258381710003,1.609623201333583,1.2547295755449606,4174516.7634199993,43799.763419999166,4130717.0,0.010492175718110168,0,28,0.0,0.0,0.0,0.0,0.0,204,0
2025-11-28,-0.0002704504650438144,0.005465816022595616,-0.005736266487639431,2.086693881710003,1.6184211056177735,1.2475321123297118,4173387.7634199993,43799.763419999166,4129588.0,0.010495014099554034,0,28,0.0,0.0,0.0,0.0,0.0,204,0
2025-12-01,0.006533301371846489,0.004972570095113983,0.0015607312767325068,2.1003268817100027,1.6264688180088698,1.2494791747161529,4200653.763419999,43799.763419999166,4156854.0,0.01042689207128064,0,28,0.0,0.0,0.0,0.0,0.0,204,0
2025-12-02,0.007748079664033458,0.0008295988373325317,0.006918480826700927,2.1166003817100028,1.6278181346492477,1.2581236724297886,4233200.763419999,43799.763419999166,4189401.0,0.01034672482308951,0,28,0.0,0.0,0.0,0.0,0.0,204,0
2025-12-03,0.0050680327248802115,0.0012822810250137432,0.003785751699866468,2.127327381710003,1.6299054549554817,1.262886616261332,4254654.763419999,46535.763419999166,4208119.0,0.010937612099599016,0,28,0.0,0.0,0.0,2736.0,0.0,204,0
2025-12-04,-0.007562305707299433,-0.006595453483643335,-0.0009668522236560978,2.111239881710003,1.6191554893445863,1.261665591528174,4222479.763419999,46535.763419999166,4175944.0,0.011020955937585716,0,28,0.0,0.0,0.0,0.0,0.0,204,0
2025-12-05,-0.001543879512810209,0.00041894447164283864,-0.0019628239844530476,2.107980381710003,1.6198338255855775,1.2591891640447634,4215960.763419999,46535.763419999166,4169425.0,0.011037997275441726,0,28,0.0,0.0,0.0,0.0,0.0,204,0
2025-12-08,-0.002306710272158896,-0.002188623749356596,-0.00011808652280230003,2.1031178817100034,1.6162886188048897,1.259040470774831,4206235.763419999,46535.763419999166,4159700.0,0.011063517605147732,0,28,0.0,0.0,0.0,0.0,0.0,204,0
2025-12-09,-0.0008309092016178798,-0.006448066483214634,0.005617157281596754,2.1013703817100033,1.6058666823347727,1.2661126991230691,4202740.763419999,46535.763419999166,4156205.0,0.011072718028444487,0,28,0.0,0.0,0.0,0.0,0.0,204,0
2025-12-10,0.0017369617616052047,-0.00019534919140239547,0.0019323109530076002,2.1050203817100033,1.6055529775768786,1.2685592225593267,4210040.763419999,46535.763419999166,4163505.0,0.011053518489497035,0,28,0.0,0.0,0.0,0.0,0.0,204,0
2025-12-11,-0.01050559899188963,-0.01011113464085262,-0.00039446435103701084,2.0829058817100035,1.589319015247577,1.268058821168848,4165811.7634199993,46535.763419999166,4119276.0,0.011170875224999313,0,28,0.0,0.0,0.0,0.0,0.0,204,0
2025-12-12,-0.010530960708600046,0.0023901218416930094,-0.012921082550293055,2.0609708817100034,1.5931176813393382,1.251674128461898,4121941.7634199993,46535.763419999166,4075406.0,0.011289767321066704,0,28,0.0,0.0,0.0,0.0,0.0,204,0
2025-12-15,0.0059551777800064265,0.0013584632707051738,0.004596714509301252,2.073244329710003,1.5952818731953486,1.257427717089116,4146488.659419999,48888.65941999917,4097600.0,0.011790375769853811,0,28,0.0,0.0,0.0,2352.896,0.0,204,0
2025-12-16,-0.007631758482712581,-0.015163888383341869,0.007532129900629288,2.057421829710003,1.571091196930246,1.2668988259948828,4114843.659419999,48888.65941999917,4065955.0,0.011881049066853293,0,28,0.0,0.0,0.0,0.0,0.0,204,0
2025-12-17,0.0038754813839629865,0.0014897203858366445,0.002385760998126342,2.0653953297100034,1.5734316835143214,1.2699213438025134,4130790.659419999,48888.65941999917,4081902.0,0.01183518203918462,0,28,0.0,0.0,0.0,0.0,0.0,204,0
2025-12-18,0.009255370981537059,0.004835155250554297,0.004420215730982762,2.0845113297100033,1.5810394699802541,1.2755346701035,4169022.659419999,48888.65941999917,4120134.0,0.011726647565595298,0,28,0.0,0.0,0.0,0.0,0.0,204,0
2025-12-19,0.003387124790049656,0.008484291071396508,-0.005097166281346852,2.0915718297100034,1.594453469038933,1.2690330577923596,4183143.659419999,48888.65941999917,4134255.0,0.01168706202807715,0,28,0.0,0.0,0.0,0.0,0.0,204,0
2025-12-22,-0.003133050420223271,0.000988392831685659,-0.00412144325190893,2.085018829710003,1.5960294154181873,1.263802810059872,4170037.659419999,48888.65941999917,4121149.0,0.011723793263487933,0,28,0.0,0.0,0.0,0.0,0.0,204,0
2025-12-23,-0.002264248136625513,-0.003629330587594525,0.0013650824509690122,2.080297829710003,1.5902368970421095,1.26552800509737,4160595.659419999,48888.65941999917,4111707.0,0.011750399082715577,0,28,0.0,0.0,0.0,0.0,0.0,204,0
2025-12-24,0.004092442860062384,0.004597603461018005,-0.0005051606009556205,2.088811329710003,1.5975481757037888,1.264888710209789,4177622.659419999,48888.65941999917,4128734.0,0.011702507240514306,0,28,0.0,0.0,0.0,0.0,0.0,204,0
2025-12-25,0.003840940484133526,0.005403604155819347,-0.0015626636716858213,2.096834329710003,1.6061806936651435,1.2629121145736186,4193668.659419999,48888.65941999917,4144780.0,0.011657730591133697,0,28,0.0,0.0,0.0,0.0,0.0,204,0
2025-12-26,-0.0038727427746392262,-8.04949045804254e-05,-0.003792247870058801,2.088713829710003,1.606051404303468,1.2581228387970553,4177427.659419999,48888.65941999917,4128539.0,0.011703053507044321,0,28,0.0,0.0,0.0,0.0,0.0,204,0
2025-12-29,-0.010515083343441756,-0.007518604460249272,-0.002996478883192484,2.0667508297100032,1.5939761390516822,1.2543529002781377,4133501.659419999,48888.65941999917,4084613.0,0.011827419812106494,0,28,0.0,0.0,0.0,0.0,0.0,204,0
2025-12-30,-0.006774643463897667,-0.007257683830078333,0.0004830403661806662,2.0527493297100032,1.582407564201756,1.2549588033624077,4105498.659419999,48888.65941999917,4056610.0,0.011908092895810584,0,28,0.0,0.0,0.0,0.0,0.0,204,0
2025-12-31,-0.0016507129979084212,0.00030621556052566384,-0.001956928558434085,2.049360829710003,1.5828921220210082,1.2525029386404496,4098721.659419999,51040.65941999917,4047681.0,0.01245282399274261,0,28,0.0,0.0,0.0,2152.0,0.0,204,0
2026-01-05,-0.0007635424554401915,0.0063283734832571045,-0.007091915938697296,2.0477960557100032,1.5929092545528625,1.2436202930866402,4095592.1114199995,27668.11141999971,4067924.0,0.006755582750257517,28,28,1682501.0,1660141.0,1012.548,0.0,0.0,204,1
2026-01-06,0.007191634127302837,0.0076345941334247545,-0.00044296000612191726,2.0625230557100034,1.6050704702027498,1.2430694190340013,4125046.1114199995,27668.11141999971,4097378.0,0.0067073459720612145,0,28,0.0,0.0,0.0,0.0,0.0,204,0
2026-01-07,-0.003931349992695621,-0.0019851689032283066,-0.0019461810894673142,2.0544145557100033,1.6018841342178134,1.2406501808377821,4108829.1114199995,27668.11141999971,4081161.0,0.006733818971224552,0,28,0.0,0.0,0.0,0.0,0.0,204,0
2026-01-08,-0.004326536713486373,0.002943529130013584,-0.0072700658434999565,2.045526055710003,1.60659932682979,1.2316305723343413,4091052.1114199995,27668.11141999971,4063384.0,0.006763079683772627,0,28,0.0,0.0,0.0,0.0,0.0,204,0
2026-01-09,0.002176946114946565,0.00460312969369867,-0.0024261835787521046,2.049979055710003,1.6139947118969964,1.2286424104646545,4099958.1114199995,27668.11141999971,4072290.0,0.006748388804981474,0,28,0.0,0.0,0.0,0.0,0.0,204,0
2026-01-12,0.00520834589517416,0.010066097690472403,-0.004857751795298243,2.060656055710003,1.6302413403388576,1.2226739705894403,4121312.1114199995,27668.11141999971,4093644.0,0.006713422975981951,0,28,0.0,0.0,0.0,0.0,0.0,204,0
2026-01-13,-0.00020017896672130941,0.001501384313754187,-0.0017015632804754965,2.060243555710003,1.6326889591148759,1.220593513457092,4120487.1114199995,28624.11141999971,4091863.0,0.006946778535156075,0,28,0.0,0.0,0.0,956.0,0.0,204,0
2026-01-14,-0.008039098073670314,-0.0035514948757604135,-0.004487603197909901,2.043681055710003,1.6268904726428688,1.215115974102754,4087362.1114199995,28624.11141999971,4058738.0,0.007003076957635971,0,28,0.0,0.0,0.0,0.0,0.0,204,0
2026-01-15,-0.0007300552088749246,-0.001523644156737583,0.0007935889478626584,2.042189055710003,1.6244116704805744,1.2160802767101733,4084378.1114199995,28624.11141999971,4055754.0,0.007008193325678185,0,28,0.0,0.0,0.0,0.0,0.0,204,0
2026-01-16,-0.004049820939386328,-0.0012301548012983064,-0.002819666138088022,2.033918555710003,1.6224133926648479,1.212651336332737,4067837.1114199995,28624.11141999971,4039213.0,0.007036690662868655,0,28,0.0,0.0,0.0,0.0,0.0,204,0
2026-01-19,0.007827255400815414,0.010580296838038015,-0.0027530414372226013,2.0498385557100027,1.6395790079532502,1.2093128569549096,4099677.1114199995,28624.11141999971,4071053.0,0.006982040449055076,0,28,0.0,0.0,0.0,0.0,0.0,204,0
2026-01-20,0.012269502849354241,0.009968074454205451,0.00230142839514879,2.074989055710003,1.6559224535780805,1.2120960039025241,4149978.1114199995,28624.11141999971,4121354.0,0.006897412625197049,0,28,0.0,0.0,0.0,0.0,0.0,204,0
2026-01-21,-0.008704383259419135,-0.007986310332965187,-0.0007180729264539484,2.056927555710003,1.6426977429764809,1.2112256305778586,4113855.1114199995,28624.11141999971,4085231.0,0.006957977528313919,0,28,0.0,0.0,0.0,0.0,0.0,204,0
2026-01-22,0.002694795927359106,0.009168941487958805,-0.006474145560599699,2.0624705557100027,1.6577595424642342,1.2033839795387684,4124941.1114199995,28624.11141999971,4096317.0,0.00693927759132201,0,28,0.0,0.0,0.0,0.0,0.0,204,0
2026-01-23,0.00016436598285562987,0.002064107733505183,-0.0018997417506495533,2.0628095557100026,1.6611813367561268,1.2010978607507758,4125619.1114199995,28624.11141999971,4096995.0,0.0069381371975823425,0,28,0.0,0.0,0.0,0.0,0.0,204,0
2026-01-26,0.002989369514471596,0.0007369854154659029,0.002252384099005693,2.0689760557100025,1.6624056031737604,1.2038031944736807,4137952.1114199995,28624.11141999971,4109328.0,0.006917458358447972,0,28,0.0,0.0,0.0,0.0,0.0,204,0
2026-01-27,-0.008610056143876887,-0.007521895622398288,-0.0010881605214785994,2.0511620557100025,1.6499011617445973,1.2024932633618246,4102324.1114199995,28624.11141999971,4073700.0,0.006977535329379817,0,28,0.0,0.0,0.0,0.0,0.0,204,0
2026-01-28,0.0050932104418164315,0.002367112138776073,0.0027260983030403586,2.061609055710002,1.6538066628123438,1.2057713782064927,4123218.1114199995,28624.11141999971,4094594.0,0.006942177359165174,0,28,0.0,0.0,0.0,0.0,0.0,204,0
2026-01-29,0.0018187250340286898,0.0017597099700470823,5.901506398160749e-05,2.0653585557100023,1.6567168828854248,1.2058425368815249,4130717.1114199995,28624.11141999971,4102093.0,0.0069295743687855,0,28,0.0,0.0,0.0,0.0,0.0,204,0
2026-01-30,-0.002996332032949356,-0.0018717261985237176,-0.0011246058344256383,2.0591700557100023,1.6536159624921916,1.2044864393291492,4118340.1114199995,28624.11141999971,4089716.0,0.006950400075172555,0,28,0.0,0.0,0.0,0.0,0.0,204,0
2026-02-02,-0.012947692166593416,-0.015517605129408871,0.0025699129628154547,2.032508555710002,1.6279558029505503,1.2075818646431165,4065017.1114199995,28624.11141999971,4036393.0,0.0070415721841821915,0,28,0.0,0.0,0.0,0.0,0.0,204,0
2026-02-03,0.0012848654401298454,0.003610713254640537,-0.0023258478145106918,2.035120055710002,1.6338338845462328,1.2047732130023934,4070240.1114199995,28624.11141999971,4041616.0,0.007032536321306487,0,28,0.0,0.0,0.0,0.0,0.0,204,0
2026-02-04,0.014220536974612674,0.01332442320453079,0.0008961137700818841,2.064060555710002,1.6556037786698294,1.2058528268683906,4128121.1114199995,28624.11141999971,4099497.0,0.006933932083730346,0,28,0.0,0.0,0.0,0.0,0.0,204,0
2026-02-05,0.002302984758296045,-0.003754927217164866,0.006057911975460911,2.068814055710002,1.649387106980461,1.21315777714892,4137628.1114199995,31100.11141999971,4106528.0,0.00751641050923893,0,28,0.0,0.0,0.0,2476.0,0.0,204,0
2026-02-06,-0.003047639773423816,0.0017078421285206186,-0.004755481901944435,2.062509055710002,1.6522039997680011,1.207388627295485,4125018.1114199995,31100.11141999971,4093918.0,0.00753938784751027,0,28,0.0,0.0,0.0,0.0,0.0,204,0
2026-02-09,0.005490400136013873,0.00528716305991583,0.000203237076098043,2.073833055710002,1.6609394717230197,1.2076340134298105,4147666.1114199995,31100.11141999971,4116566.0,0.007498219621480631,0,28,0.0,0.0,0.0,0.0,0.0,204,0
2026-02-10,-0.002257173009713398,-0.003220245849123946,0.0009630728394105482,2.069152055710002,1.6555908382835576,1.2087970529480931,4138304.1114199995,31100.11141999971,4107204.0,0.007515182689009328,0,28,0.0,0.0,0.0,0.0,0.0,204,0
2026-02-11,0.00376627709814481,0.004099148418004728,-0.0003328713198599183,2.0769450557100018,1.6623773508491706,1.2083946790776354,4153890.1114199995,31100.11141999971,4122790.0,0.007486984630262209,0,28,0.0,0.0,0.0,0.0,0.0,204,0
2026-02-12,-0.009162495631592216,-0.004551679074245537,-0.004610816557346679,2.057915055710002,1.6548107426478107,1.2028229928835348,4115830.1114199995,31100.11141999971,4084730.0,0.00755621844879061,0,28,0.0,0.0,0.0,0.0,0.0,204,0
2026-02-13,-0.012555425904635098,-0.011996833255733585,-0.0005585926489015125,2.032077055710002,1.6349582540984682,1.2021511048017803,4064154.1114199995,31100.11141999971,4033054.0,0.007652296287832809,0,28,0.0,0.0,0.0,0.0,0.0,204,0
2026-02-24,0.009645303530653626,0.018192931005356988,-0.008547627474703362,2.051677055710002,1.6647029368119206,1.1918755649896315,4103354.1114199995,31100.11141999971,4072254.0,0.007579192673975013,0,28,0.0,0.0,0.0,0.0,0.0,204,0
2026-02-25,0.003442793289685442,0.005159519645070591,-0.0017167263553851493,2.0587405557100023,1.6732920043176085,1.1898294407948744,4117481.1114199995,31100.11141999971,4086381.0,0.007553188606923369,0,28,0.0,0.0,0.0,0.0,0.0,204,0
2026-02-26,0.0015067464384457274,0.004919260017070951,-0.003412513578625224,2.061842555710002,1.6815233627713324,1.185769131671914,4123685.1114199995,31100.11141999971,4092585.0,0.007541824988981839,0,28,0.0,0.0,0.0,0.0,0.0,204,0
2026-02-27,0.012776436264275715,0.01908252283586341,-0.006306086571587696,2.088185555710002,1.713611070740454,1.1782915688736744,4176371.1114199995,31100.11141999971,4145271.0,0.007446682919283345,0,28,0.0,0.0,0.0,0.0,0.0,204,0
2026-03-02,0.003790850855353467,0.00564836194033965,-0.001857511084986183,2.096101555710002,1.723290166292969,1.1761028792231456,4192203.1114199995,31100.11141999971,4161103.0,0.007418560263761972,0,28,0.0,0.0,0.0,0.0,0.0,204,0
2026-03-03,0.0003866701962946806,0.010969693147644297,-0.010583022951349616,2.096912055710002,1.7421941306215558,1.1636561554591787,4193824.1114199995,31100.11141999971,4162724.0,0.007415692836357277,0,28,0.0,0.0,0.0,0.0,0.0,204,0
2026-03-04,-0.01821368707190163,-0.013908361709377537,-0.004305325362524093,2.058719555710002,1.7179630644849166,1.158646237099823,4117439.1114199995,31100.11141999971,4086339.0,0.00755326565333812,0,28,0.0,0.0,0.0,0.0,0.0,204,0
2026-03-05,0.005873553766204909,0.005905870771471182,-3.231700526627312e-05,2.070811555710002,1.7281091323339253,1.158608793123277,4141623.1114199995,31100.11141999971,4110523.0,0.007509160197180932,0,28,0.0,0.0,0.0,0.0,0.0,204,0
2026-03-06,0.011344586104526266,0.010382244768356143,0.0009623413361701232,2.094304055710002,1.7460507843322477,1.1597237702573495,4188608.1114199995,31100.11141999971,4157508.0,0.007424927468198097,0,28,0.0,0.0,0.0,0.0,0.0,204,0
2026-03-09,-0.005801211131151174,-0.0011174669295843805,-0.004683744201566793,2.082154555710002,1.7440996303233816,1.1542919207729874,4164309.1114199995,31100.11141999971,4133209.0,0.0074682523770179,0,28,0.0,0.0,0.0,0.0,0.0,204,0
2026-03-10,0.0030665350862115748,0.0007028840963517234,0.0023636509898598513,2.088539555710002,1.7453255302159887,1.1570202640141098,4177079.1114199995,31100.11141999971,4145979.0,0.007445420733108217,0,28,0.0,0.0,0.0,0.0,0.0,204,0
2026-03-11,0.011923403572567048,0.010710643762822544,0.0012127598097445048,2.113442055710002,1.7640190902202917,1.1584234516893661,4226884.11142,31100.11141999971,4195784.0,0.007357692002005654,0,28,0.0,0.0,0.0,0.0,0.0,204,0
2026-03-12,0.017915087805556285,0.014203866634678108,0.003711221170878177,2.151304555710002,1.789074982118807,1.1627226173281173,4302609.11142,31100.11141999971,4271509.0,0.00722819819663694,0,28,0.0,0.0,0.0,0.0,0.0,204,0
2026-03-13,-0.004928869774321942,-0.01157452163344472,0.006645651859122777,2.140701055710002,1.768367295034418,1.170449667051608,4281402.11142,31100.11141999971,4250302.0,0.007264001514140616,0,28,0.0,0.0,0.0,0.0,0.0,204,0
2026-03-16,-0.0049883191170092545,-0.0068436107840631165,0.001855291667053862,2.130022555710002,1.7562652775439358,1.1726211925655947,4260045.11142,31100.11141999971,4228945.0,0.0073004183304606176,0,28,0.0,0.0,0.0,0.0,0.0,204,0
2026-03-17,-0.0018765059502704462,-0.008642282170101448,0.006765776219831002,2.126025555710002,1.7410871374498496,1.1805548851451249,4252051.11142,31100.11141999971,4220951.0,0.007314143364004302,0,28,0.0,0.0,0.0,0.0,0.0,204,0
2026-03-18,-0.0034595068625803416,0.004298809915877164,-0.007758316778457505,2.118670555710002,1.7485717401007252,1.1713957663718135,4237341.11142,31100.11141999971,4206241.0,0.007339534534093143,0,28,0.0,0.0,0.0,0.0,0.0,204,0
2026-03-19,-0.00791085709612993,5.437004239533309e-06,-0.007916294100369464,2.1019100557100017,1.7485812470926891,1.1621226529772866,4203820.11142,31100.11141999971,4172720.0,0.007398059525790333,0,28,0.0,0.0,0.0,0.0,0.0,204,0
2026-03-20,-0.0035277437204588313,-0.0044506608618606084,0.0009229171414017771,2.0944950557100013,1.7407989049724701,1.1631951958941307,4188990.1114199995,31100.11141999971,4157890.0,0.007424250378441996,0,28,0.0,0.0,0.0,0.0,0.0,204,0
2026-03-23,-0.045450811516826395,-0.03672778528157542,-0.008723026235250973,1.9992985557100011,1.6768632165722397,1.1530486136836282,3998597.1114199995,31100.11141999971,3967497.0,0.007777755686157463,0,28,0.0,0.0,0.0,0.0,0.0,204,0
2026-03-24,0.030540461216066905,0.038071251436916476,-0.00753079022084957,2.060358055710001,1.7407034977156781,1.1443652464595353,4120716.1114199995,31100.11141999971,4089616.0,0.007547258917888087,0,28,0.0,0.0,0.0,0.0,0.0,204,0
2026-03-25,0.02808565231641702,0.02605520093803021,0.0020304513783868106,2.1182245557100012,1.786057877122192,1.1466888244515872,4236449.11142,31100.11141999971,4205349.0,0.007341079900184467,0,28,0.0,0.0,0.0,0.0,0.0,204,0
2026-03-26,-0.002167853255983454,0.0020241506352079107,-0.004192003891191365,2.113632555710001,1.789673127308687,1.1418819004375005,4227265.11142,31100.11141999971,4196165.0,0.007357028859151142,0,28,0.0,0.0,0.0,0.0,0.0,204,0
2026-03-27,-0.010215115177740763,-0.0024878419646829956,-0.007727273213057767,2.0920415557100007,1.785220703399503,1.1330582670157743,4184083.1114199995,31100.11141999971,4152983.0,0.0074329573748464365,0,28,0.0,0.0,0.0,0.0,0.0,204,0
2026-03-30,-0.013376885331755517,-0.020111592838977354,0.006734707507221837,2.0640565557100006,1.7493170714850192,1.1406890830327654,4128113.1114199995,31100.11141999971,4097013.0,0.007533735287912644,0,28,0.0,0.0,0.0,0.0,0.0,204,0
2026-03-31,-0.005702847612114481,-0.012404353078823935,0.006701505466709454,2.0522855557100006,1.7276179248835049,1.1483334171585253,4104571.1114199995,31100.11141999971,4073471.0,0.007576945453197533,0,28,0.0,0.0,0.0,0.0,0.0,204,0
2026-04-01,-0.0008567731693611691,-0.0038222279936265618,0.0029654548242653927,2.050527212510001,1.7210145752887243,1.1517387480303034,4101054.42502,29263.425019999733,4071791.0,0.007135585629263387,28,28,1653805.0,1652991.0,1022.6863999999999,0.0,0.0,204,1
2026-04-02,0.0003928258035716947,-0.004688926264237445,0.0050817520678091395,2.0513327125100007,1.7129448648455174,1.157591598794682,4102665.42502,29263.425019999733,4073402.0,0.007132783687779531,0,28,0.0,0.0,0.0,0.0,0.0,204,0
2026-04-03,-0.01596352449327032,-0.028218988081736833,0.012255463588466513,2.0185862125100007,1.6646072941197694,1.171778420484025,4037172.42502,29263.425019999733,4007909.0,0.007248495218743292,0,28,0.0,0.0,0.0,0.0,0.0,204,0
2026-04-07,-0.005434001249003173,0.0059953846647393646,-0.011429385913742537,2.007617212510001,1.6745872551637484,1.1583857127109174,4015234.42502,29263.425019999733,3985971.0,0.007288098756488912,0,28,0.0,0.0,0.0,0.0,0.0,204,0
2026-04-08,0.01763284344217264,0.018964769052853245,-0.0013319256106806045,2.043017212510001,1.7063454157167801,1.1568428291131112,4086034.42502,29263.425019999733,4056771.0,0.007161815583542593,0,28,0.0,0.0,0.0,0.0,0.0,204,0
2026-04-09,-0.00956281713162721,-0.013776066350191457,0.004213249218564247,2.0234802125100013,1.6828386880535207,1.1617168962588738,4046960.42502,29263.425019999733,4017697.0,0.007230963969669932,0,28,0.0,0.0,0.0,0.0,0.0,204,0
2026-04-10,-0.001191264429025396,0.0031148239790364093,-0.004306088408061805,2.0210697125100014,1.68808043435192,1.156714440598444,4042139.42502,29263.425019999733,4012876.0,0.007239588233613426,0,28,0.0,0.0,0.0,0.0,0.0,204,0
2026-04-13,-0.003548615842198233,0.005127120709153451,-0.008675736551351683,2.0138977125100013,1.6967354265056025,1.1466790908466677,4027795.42502,29263.425019999733,3998532.0,0.007265370241552034,0,28,0.0,0.0,0.0,0.0,0.0,204,0
2026-04-14,0.0031009519307794164,0.0020682595258476708,0.0010326924049317457,2.0201427125100015,1.700244715714316,1.1478632576346792,4040285.42502,29263.425019999733,4011022.0,0.007242910324795896,0,28,0.0,0.0,0.0,0.0,0.0,204,0
2026-04-15,0.005024149995516591,-0.0016811855891632314,0.0067053355846798226,2.0302922125100014,1.697386288800206,1.1555600659824434,4060584.42502,29263.425019999733,4031321.0,0.007206702769110779,0,28,0.0,0.0,0.0,0.0,0.0,204,0
2026-04-16,0.0005452417111089236,0.003808574741640768,-0.003263333030531844,2.0313992125100016,1.7038509113465379,1.1517890886503594,4062798.42502,29263.425019999733,4033535.0,0.007202775515463994,0,28,0.0,0.0,0.0,0.0,0.0,204,0
2026-04-17,-0.003644532278247903,-0.0035512308888113703,-9.330138943653256e-05,2.0239957125100014,1.6978001433602345,1.1516816251280506,4047991.42502,29263.425019999733,4018728.0,0.0072291222849749865,0,28,0.0,0.0,0.0,0.0,0.0,204,0
2026-04-20,0.0033545031533590564,0.011716011302763247,-0.00836150814940419,2.0307852125100014,1.717691589029676,1.1420518298340234,4061570.42502,29263.425019999733,4032307.0,0.007204953246589497,0,28,0.0,0.0,0.0,0.0,0.0,204,0
2026-04-21,0.010974572723254195,0.008990083396977933,0.001984489326276262,2.053072212510002,1.7331337796653405,1.1443182195003831,4106144.42502,29263.425019999733,4076881.0,0.007126740316704082,0,28,0.0,0.0,0.0,0.0,0.0,204,0
2026-04-22,-0.0005581878674393304,0.0007316300848721067,-0.0012898179523114371,2.051926212510002,1.7344017924796518,1.1428422573177146,4103852.42502,29263.425019999733,4074589.0,0.007130720598428224,0,28,0.0,0.0,0.0,0.0,0.0,204,0
2026-04-23,0.009826620410163356,0.01019202567464891,-0.0003654052644855542,2.0720897125100017,1.7520788600787613,1.1424246567404142,4144179.42502,29263.425019999733,4114916.0,0.007061331573465477,0,28,0.0,0.0,0.0,0.0,0.0,204,0
2026-04-24,-0.00843037822857573,-0.013613161863018917,0.005182783634443187,2.0546212125100016,1.7282275269597356,1.1483455965549527,4109242.42502,29263.425019999733,4079979.0,0.007121367394102407,0,28,0.0,0.0,0.0,0.0,0.0,204,0
2026-04-27,-0.006126676743798409,0.00040865844841039996,-0.006535335192208809,2.0420332125100016,1.728933781739403,1.140840773164969,4084066.42502,29263.425019999733,4054803.0,0.0071652666667527155,0,28,0.0,0.0,0.0,0.0,0.0,204,0
2026-04-28,0.0074325431667903175,0.007469712375290352,-3.716920850003417e-05,2.0572107125100016,1.7418484198049193,1.1407983690164059,4114421.42502,29263.425019999733,4085158.0,0.007112403421304245,0,28,0.0,0.0,0.0,0.0,0.0,204,0
2026-04-29,0.003496724937438911,0.005124647654177513,-0.001627922716738602,2.0644042125100017,1.7507747792234054,1.1389412374362657,4128808.42502,29263.425019999733,4099545.0,0.007087619963829632,0,28,0.0,0.0,0.0,0.0,0.0,204,0
2026-04-30,-0.0010695579802733057,-0.007989922765854756,0.006920364785581451,2.0621962125100017,1.736786223957004,1.1468231262686663,4124392.42502,29263.425019999733,4095129.0,0.0070952087009174035,0,28,0.0,0.0,0.0,0.0,0.0,204,0
2026-05-06,9.843874155546217e-05,0.010164762851724005,-0.010066324110168542,2.0623992125100017,1.7544402440476683,1.1352788329826093,4124798.42502,29263.425019999733,4095535.0,0.007094510326248935,0,28,0.0,0.0,0.0,0.0,0.0,204,0
2026-05-07,8.00039095238958e-06,0.00590444115818481,-0.00589644076723242,2.0624157125100018,1.764799233234199,1.1285847285896347,4124831.42502,29263.425019999733,4095568.0,0.007094453567846799,0,28,0.0,0.0,0.0,0.0,0.0,204,0
2026-05-08,0.0018837133447124899,0.003923370010207858,-0.002039656665495368,2.0663007125100017,1.771723193619908,1.1262828032253906,4132601.42502,29263.425019999733,4103338.0,0.0070811147774450835,0,28,0.0,0.0,0.0,0.0,0.0,204,0
2026-05-11,0.002161350462186684,0.005430973974638188,-0.003269623512451504,2.070766712510002,1.7813453761747204,1.1226002824902952,4141533.42502,29263.425019999733,4112270.0,0.007065843014380215,0,28,0.0,0.0,0.0,0.0,0.0,204,0
2026-05-12,0.003055486628105397,0.002671791223681644,0.00038369540442375304,2.077093912510002,1.7861047591171297,1.1230310190596917,4154187.82502,34605.825019999735,4119582.0,0.008330346743489656,0,28,0.0,0.0,0.0,5342.400000000001,0.0,204,0
2026-05-13,0.000110250190721084,0.013101627379667122,-0.012991377188946038,2.077322912510002,1.8095056381321324,1.1084412994962007,4154645.82502,34605.825019999735,4120040.0,0.008329428422417486,0,28,0.0,0.0,0.0,0.0,0.0,204,0
2026-05-14,-0.006963048408551331,-0.01153952828813678,0.004576479879585449,2.062858412510002,1.7886247966333637,1.1135140588010468,4125716.82502,34605.825019999735,4091111.0,0.008387833311810483,0,28,0.0,0.0,0.0,0.0,0.0,204,0
2026-05-15,-0.008955049889983857,-0.011515920529703799,0.0025608706397199418,2.044385412510002,1.7680271356178763,1.116365624261146,4088770.82502,34605.825019999735,4054165.0,0.008463625500416854,0,28,0.0,0.0,0.0,0.0,0.0,204,0
2026-05-18,-0.0003284605710307531,0.002870201403089814,-0.003198661974120567,2.0437139125100017,1.7731017295832276,1.1127947479896065,4087427.82502,34605.825019999735,4052822.0,0.008466406381091368,0,28,0.0,0.0,0.0,0.0,0.0,204,0
2026-05-19,0.017538413659854424,0.01942418803773147,-0.0018857743778770454,2.0795574125100016,1.8075427909886792,1.1106962681660115,4159114.82502,38167.825019999735,4120947.0,0.009176910622999258,0,28,0.0,0.0,0.0,3562.0,0.0,204,0
2026-05-20,-0.015978640358812468,-0.024369553269886206,0.008390912911073738,2.0463289125100017,1.7634937806560818,1.1200160238228472,4092657.82502,38167.825019999735,4054490.0,0.009325926244472494,0,28,0.0,0.0,0.0,0.0,0.0,204,0
2026-05-21,-0.004532995621227998,-0.015702744433023334,0.011169748811795336,2.0370529125100014,1.7358020885092131,1.1325263214741343,4074105.82502,38167.825019999735,4035938.0,0.00936839312950649,0,28,0.0,0.0,0.0,0.0,0.0,204,0
2026-05-22,-0.0002032347797435996,0.004550808074344798,-0.004754042854088397,2.0366389125100013,1.7437013906690655,1.1271422428084632,4073277.82502,38167.825019999735,4035110.0,0.009370297499855004,0,28,0.0,0.0,0.0,0.0,0.0,204,0
2026-05-25,0.00660770051938897,0.008174481989607737,-0.0015667814702187664,2.0500964125100016,1.7579552462823436,1.12537625722813,4100192.82502,38167.825019999735,4062025.0,0.009308787817756733,0,28,0.0,0.0,0.0,0.0,0.0,204,0
2026-05-26,0.001407738671405534,-0.0017934951321934112,0.003201233803598945,2.052982412510002,1.7548023621055224,1.1289788497445363,4105964.82502,38167.825019999735,4067797.0,0.009295701898716051,0,28,0.0,0.0,0.0,0.0,0.0,204,0
2026-05-27,-0.00416272440909593,-0.0013408850182954314,-0.002821839390800499,2.044436412510002,1.7524493739081057,1.1257930527549465,4088872.82502,38167.825019999735,4050705.0,0.00933455909571192,0,28,0.0,0.0,0.0,0.0,0.0,204,0
2026-05-28,6.358720633459214e-05,0.00493159665803548,-0.004868009451700888,2.0445664125100023,1.7610917473838472,1.1203126815334763,4089132.82502,38167.825019999735,4050965.0,0.009333965574916989,0,28,0.0,0.0,0.0,0.0,0.0,204,0
2026-05-29,0.024354601393881792,0.01645649931395817,0.00789810207992362,2.094361012510002,1.790073152516487,1.1291610254536606,4188722.0250199996,40227.02501999973,4148495.0,0.009603651132664422,0,28,0.0,0.0,0.0,2059.2,0.0,204,0
