canonical_model_id,tier,classification_reason,canonical_or_alias,family,role,daily_series_status,benchmark_type,benchmark_status,validation_independence_status,alpha_beta_ir_computable,promotion_eligibility,primary_benchmark,primary_benchmark_statement,reporting_interpretation_limit,v5n_addendum_path
airport_transport_cashflow_operating_state_v58,tier_b1_evidence_only_no_comparable_daily_performance,missing_daily_nav_or_eligible_benchmark_or_diagnostic_evidence_only,canonical_or_research_unit,sector_strategy_or_research,example_strategy,daily_nav_unavailable,not_available,benchmark_coverage_insufficient,daily_nav_unavailable,False,False,not_available,benchmark_data_unavailable,no_comparable_daily_performance_or_benchmark,v5n_model_performance_reporting\current\model_addenda\airport_transport_cashflow_operating_state_v58\model_performance_addendum.md
airport_transport_franchise_state_v58b,tier_b1_evidence_only_no_comparable_daily_performance,missing_daily_nav_or_eligible_benchmark_or_diagnostic_evidence_only,canonical_or_research_unit,sector_strategy_or_research,example_strategy,daily_nav_unavailable,not_available,benchmark_coverage_insufficient,daily_nav_unavailable,False,False,not_available,benchmark_data_unavailable,no_comparable_daily_performance_or_benchmark,v5n_model_performance_reporting\current\model_addenda\airport_transport_franchise_state_v58b\model_performance_addendum.md
bank_high_dividend_sustainability_v3,tier_a2_comparable_proxy_benchmark_limited,eligible_daily_series_with_static_proxy_basket,canonical_or_research_unit,sector_strategy_or_research,example_strategy,available,static_proxy_basket,coverage_pass,validation_not_independent_or_overlapping,True,False,local_same_pool_or_embedded_benchmark,primary_benchmark_is_market_exposure_proxy,proxy_benchmark_limited_interpretation;validation_not_independent;execution_contract_incomplete;reporting_only_not_promotion,v5n_model_performance_reporting\current\model_addenda\bank_high_dividend_sustainability_v3\model_performance_addendum.md
bank_value_15y,tier_a2_comparable_proxy_benchmark_limited,eligible_daily_series_with_static_proxy_basket,canonical_or_research_unit,sector_strategy_or_research,example_strategy,available,static_proxy_basket,coverage_pass,validation_not_independent_or_overlapping,True,False,local_same_pool_or_embedded_benchmark,primary_benchmark_is_market_exposure_proxy,proxy_benchmark_limited_interpretation;validation_not_independent;execution_contract_incomplete;reporting_only_not_promotion,v5n_model_performance_reporting\current\model_addenda\bank_value_15y\model_performance_addendum.md
bank_value_quality_v2,tier_a2_comparable_proxy_benchmark_limited,eligible_daily_series_with_static_proxy_basket,canonical_or_research_unit,sector_strategy_or_research,example_strategy,available,static_proxy_basket,coverage_pass,validation_not_independent_or_overlapping,True,False,local_same_pool_or_embedded_benchmark,primary_benchmark_is_market_exposure_proxy,proxy_benchmark_limited_interpretation;validation_not_independent;execution_contract_incomplete;reporting_only_not_promotion,v5n_model_performance_reporting\current\model_addenda\bank_value_quality_v2\model_performance_addendum.md
cement_cycle_aware_ocf_low_vol_v5a9,tier_b1_evidence_only_no_comparable_daily_performance,missing_daily_nav_or_eligible_benchmark_or_diagnostic_evidence_only,canonical_or_research_unit,governance_or_research_artifact,example_strategy,daily_nav_unavailable,not_available,benchmark_coverage_insufficient,daily_nav_unavailable,False,False,not_available,benchmark_data_unavailable,no_comparable_daily_performance_or_benchmark,v5n_model_performance_reporting\current\model_addenda\cement_cycle_aware_ocf_low_vol_v5a9\model_performance_addendum.md
coal_cashflow_cycle_value_v52b,tier_a2_comparable_proxy_benchmark_limited,eligible_daily_series_with_static_proxy_basket,canonical_or_research_unit,sector_strategy_or_research,example_strategy,available,static_proxy_basket,coverage_pass,validation_not_independent_or_overlapping,True,False,local_same_pool_or_embedded_benchmark,primary_benchmark_is_market_exposure_proxy,proxy_benchmark_limited_interpretation;validation_not_independent;execution_contract_incomplete;reporting_only_not_promotion,v5n_model_performance_reporting\current\model_addenda\coal_cashflow_cycle_value_v52b\model_performance_addendum.md
coal_cashflow_cycle_value_v52b_capex_policy,tier_a2_comparable_proxy_benchmark_limited,eligible_daily_series_with_static_proxy_basket,canonical_or_research_unit,sector_strategy_or_research,example_strategy,available,static_proxy_basket,coverage_pass,validation_not_independent_or_overlapping,True,False,local_same_pool_or_embedded_benchmark,primary_benchmark_is_market_exposure_proxy,proxy_benchmark_limited_interpretation;validation_not_independent;execution_contract_incomplete;reporting_only_not_promotion,v5n_model_performance_reporting\current\model_addenda\coal_cashflow_cycle_value_v52b_capex_policy\model_performance_addendum.md
coal_high_dividend_cycle_value_v52,tier_b1_evidence_only_no_comparable_daily_performance,missing_daily_nav_or_eligible_benchmark_or_diagnostic_evidence_only,canonical_or_research_unit,sector_strategy_or_research,example_strategy,daily_nav_unavailable,not_available,benchmark_coverage_insufficient,daily_nav_unavailable,False,False,not_available,benchmark_data_unavailable,no_comparable_daily_performance_or_benchmark,v5n_model_performance_reporting\current\model_addenda\coal_high_dividend_cycle_value_v52\model_performance_addendum.md
consumer_staples_ocf_low_vol_v5a5,tier_b1_evidence_only_no_comparable_daily_performance,missing_daily_nav_or_eligible_benchmark_or_diagnostic_evidence_only,canonical_or_research_unit,governance_or_research_artifact,example_strategy,daily_nav_unavailable,not_available,benchmark_coverage_insufficient,daily_nav_unavailable,False,False,not_available,benchmark_data_unavailable,no_comparable_daily_performance_or_benchmark,v5n_model_performance_reporting\current\model_addenda\consumer_staples_ocf_low_vol_v5a5\model_performance_addendum.md
dividend_low_vol_fcf_basket_v56,tier_b1_evidence_only_no_comparable_daily_performance,missing_daily_nav_or_eligible_benchmark_or_diagnostic_evidence_only,canonical_or_research_unit,governance_or_research_artifact,example_strategy,daily_nav_unavailable,not_available,benchmark_coverage_insufficient,daily_nav_unavailable,False,False,not_available,benchmark_data_unavailable,no_comparable_daily_performance_or_benchmark,v5n_model_performance_reporting\current\model_addenda\dividend_low_vol_fcf_basket_v56\model_performance_addendum.md
dividend_low_vol_ocf_enhanced_etf_v57,tier_a2_comparable_proxy_benchmark_limited,eligible_daily_series_with_static_proxy_basket,canonical_or_research_unit,governance_or_research_artifact,example_strategy,available,static_proxy_basket,coverage_pass,validation_not_independent_or_overlapping,True,False,local_same_pool_or_embedded_benchmark,primary_benchmark_is_market_exposure_proxy,proxy_benchmark_limited_interpretation;validation_not_independent;execution_contract_incomplete;reporting_only_not_promotion,v5n_model_performance_reporting\current\model_addenda\dividend_low_vol_ocf_enhanced_etf_v57\model_performance_addendum.md
dividend_low_vol_sector_adaptive_etf_v57b,tier_a2_comparable_proxy_benchmark_limited,eligible_daily_series_with_static_proxy_basket,canonical_or_research_unit,governance_or_research_artifact,example_strategy,available,static_proxy_basket,coverage_pass,validation_not_independent_or_overlapping,True,False,local_same_pool_or_embedded_benchmark,primary_benchmark_is_market_exposure_proxy,proxy_benchmark_limited_interpretation;validation_not_independent;execution_contract_incomplete;reporting_only_not_promotion,v5n_model_performance_reporting\current\model_addenda\dividend_low_vol_sector_adaptive_etf_v57b\model_performance_addendum.md
dividend_low_vol_sector_neutral_equal_sleeve_etf_v57e,tier_a2_comparable_proxy_benchmark_limited,eligible_daily_series_with_static_proxy_basket,canonical_or_research_unit,governance_or_research_artifact,example_strategy,available,static_proxy_basket,coverage_pass,validation_not_independent_or_overlapping,True,False,local_same_pool_or_embedded_benchmark,primary_benchmark_is_market_exposure_proxy,proxy_benchmark_limited_interpretation;validation_not_independent;execution_contract_incomplete;reporting_only_not_promotion,v5n_model_performance_reporting\current\model_addenda\dividend_low_vol_sector_neutral_equal_sleeve_etf_v57e\model_performance_addendum.md
dividend_low_vol_sector_neutral_equal_sleeve_etf_v57f,tier_c_archived_alias_or_superseded,v5n_archived_or_alias_status,alias,v57f_baseline,example_strategy,available,static_proxy_basket,coverage_pass,validation_not_independent_or_overlapping,True,False,local_same_pool_or_embedded_benchmark,primary_benchmark_is_market_exposure_proxy,archived_or_alias_not_active_comparison,v5n_model_performance_reporting\current\model_addenda\dividend_low_vol_sector_neutral_equal_sleeve_etf_v57f\model_performance_addendum.md
dividend_low_vol_sector_neutral_etf_v57c,tier_a2_comparable_proxy_benchmark_limited,eligible_daily_series_with_static_proxy_basket,canonical_or_research_unit,governance_or_research_artifact,example_strategy,available,static_proxy_basket,coverage_pass,validation_not_independent_or_overlapping,True,False,local_same_pool_or_embedded_benchmark,primary_benchmark_is_market_exposure_proxy,proxy_benchmark_limited_interpretation;validation_not_independent;execution_contract_incomplete;reporting_only_not_promotion,v5n_model_performance_reporting\current\model_addenda\dividend_low_vol_sector_neutral_etf_v57c\model_performance_addendum.md
dividend_low_vol_sector_neutral_etf_v57d,tier_a2_comparable_proxy_benchmark_limited,eligible_daily_series_with_static_proxy_basket,canonical_or_research_unit,governance_or_research_artifact,example_strategy,available,static_proxy_basket,coverage_pass,validation_not_independent_or_overlapping,True,False,local_same_pool_or_embedded_benchmark,primary_benchmark_is_market_exposure_proxy,proxy_benchmark_limited_interpretation;validation_not_independent;execution_contract_incomplete;reporting_only_not_promotion,v5n_model_performance_reporting\current\model_addenda\dividend_low_vol_sector_neutral_etf_v57d\model_performance_addendum.md
dividend_ocf_low_vol_basket_v56b,tier_b1_evidence_only_no_comparable_daily_performance,missing_daily_nav_or_eligible_benchmark_or_diagnostic_evidence_only,canonical_or_research_unit,governance_or_research_artifact,example_strategy,daily_nav_unavailable,not_available,benchmark_coverage_insufficient,daily_nav_unavailable,False,False,not_available,benchmark_data_unavailable,no_comparable_daily_performance_or_benchmark,v5n_model_performance_reporting\current\model_addenda\dividend_ocf_low_vol_basket_v56b\model_performance_addendum.md
dividend_ocf_vol_guard_basket_v56c,tier_b1_evidence_only_no_comparable_daily_performance,missing_daily_nav_or_eligible_benchmark_or_diagnostic_evidence_only,canonical_or_research_unit,governance_or_research_artifact,example_strategy,daily_nav_unavailable,not_available,benchmark_coverage_insufficient,daily_nav_unavailable,False,False,not_available,benchmark_data_unavailable,no_comparable_daily_performance_or_benchmark,v5n_model_performance_reporting\current\model_addenda\dividend_ocf_vol_guard_basket_v56c\model_performance_addendum.md
food_beverage_low_vol_diagnostic_v5a5b,tier_b1_evidence_only_no_comparable_daily_performance,missing_daily_nav_or_eligible_benchmark_or_diagnostic_evidence_only,canonical_or_research_unit,governance_or_research_artifact,example_strategy,daily_nav_unavailable,not_available,benchmark_coverage_insufficient,daily_nav_unavailable,False,False,not_available,benchmark_data_unavailable,no_comparable_daily_performance_or_benchmark,v5n_model_performance_reporting\current\model_addenda\food_beverage_low_vol_diagnostic_v5a5b\model_performance_addendum.md
food_beverage_ocf_low_vol_v5a5,tier_b1_evidence_only_no_comparable_daily_performance,missing_daily_nav_or_eligible_benchmark_or_diagnostic_evidence_only,canonical_or_research_unit,governance_or_research_artifact,example_strategy,daily_nav_unavailable,not_available,benchmark_coverage_insufficient,daily_nav_unavailable,False,False,not_available,benchmark_data_unavailable,no_comparable_daily_performance_or_benchmark,v5n_model_performance_reporting\current\model_addenda\food_beverage_ocf_low_vol_v5a5\model_performance_addendum.md
gas_water_cashflow_dividend_v55a,tier_b1_evidence_only_no_comparable_daily_performance,missing_daily_nav_or_eligible_benchmark_or_diagnostic_evidence_only,canonical_or_research_unit,sector_strategy_or_research,example_strategy,daily_nav_unavailable,not_available,benchmark_coverage_insufficient,daily_nav_unavailable,False,False,not_available,benchmark_data_unavailable,no_comparable_daily_performance_or_benchmark,v5n_model_performance_reporting\current\model_addenda\gas_water_cashflow_dividend_v55a\model_performance_addendum.md
gas_water_collection_debt_guard_v57c,tier_b1_evidence_only_no_comparable_daily_performance,missing_daily_nav_or_eligible_benchmark_or_diagnostic_evidence_only,canonical_or_research_unit,sector_strategy_or_research,example_strategy,daily_nav_unavailable,not_available,benchmark_coverage_insufficient,daily_nav_unavailable,False,False,not_available,benchmark_data_unavailable,no_comparable_daily_performance_or_benchmark,v5n_model_performance_reporting\current\model_addenda\gas_water_collection_debt_guard_v57c\model_performance_addendum.md
gas_water_ocf_dividend_guard_v57a,tier_b1_evidence_only_no_comparable_daily_performance,missing_daily_nav_or_eligible_benchmark_or_diagnostic_evidence_only,canonical_or_research_unit,sector_strategy_or_research,example_strategy,daily_nav_unavailable,not_available,benchmark_coverage_insufficient,daily_nav_unavailable,False,False,not_available,benchmark_data_unavailable,no_comparable_daily_performance_or_benchmark,v5n_model_performance_reporting\current\model_addenda\gas_water_ocf_dividend_guard_v57a\model_performance_addendum.md
gas_water_true_operating_state_diagnostic_v59,tier_b1_evidence_only_no_comparable_daily_performance,missing_daily_nav_or_eligible_benchmark_or_diagnostic_evidence_only,canonical_or_research_unit,sector_strategy_or_research,example_strategy,daily_nav_unavailable,not_available,benchmark_coverage_insufficient,daily_nav_unavailable,False,False,not_available,benchmark_data_unavailable,no_comparable_daily_performance_or_benchmark,v5n_model_performance_reporting\current\model_addenda\gas_water_true_operating_state_diagnostic_v59\model_performance_addendum.md
gas_water_v57b_text_debt_state_guard_v59b,tier_a2_comparable_proxy_benchmark_limited,eligible_daily_series_with_static_proxy_basket,canonical_or_research_unit,sector_strategy_or_research,example_strategy,available,static_proxy_basket,coverage_pass,validation_not_independent_or_overlapping,True,False,local_same_pool_or_embedded_benchmark,primary_benchmark_is_market_exposure_proxy,proxy_benchmark_limited_interpretation;validation_not_independent;execution_contract_incomplete;reporting_only_not_promotion,v5n_model_performance_reporting\current\model_addenda\gas_water_v57b_text_debt_state_guard_v59b\model_performance_addendum.md
gas_water_value_serviceability_v57b,tier_a2_comparable_proxy_benchmark_limited,eligible_daily_series_with_static_proxy_basket,canonical_or_research_unit,sector_strategy_or_research,example_strategy,available,static_proxy_basket,coverage_pass,validation_not_independent_or_overlapping,True,False,local_same_pool_or_embedded_benchmark,primary_benchmark_is_market_exposure_proxy,proxy_benchmark_limited_interpretation;validation_not_independent;execution_contract_incomplete;reporting_only_not_promotion,v5n_model_performance_reporting\current\model_addenda\gas_water_value_serviceability_v57b\model_performance_addendum.md
highway_cashflow_dividend_v54,tier_b1_evidence_only_no_comparable_daily_performance,missing_daily_nav_or_eligible_benchmark_or_diagnostic_evidence_only,canonical_or_research_unit,sector_strategy_or_research,example_strategy,daily_nav_unavailable,not_available,benchmark_coverage_insufficient,daily_nav_unavailable,False,False,not_available,benchmark_data_unavailable,no_comparable_daily_performance_or_benchmark,v5n_model_performance_reporting\current\model_addenda\highway_cashflow_dividend_v54\model_performance_addendum.md
highway_dividend_operating_state_v54c,tier_b1_evidence_only_no_comparable_daily_performance,missing_daily_nav_or_eligible_benchmark_or_diagnostic_evidence_only,canonical_or_research_unit,sector_strategy_or_research,example_strategy,daily_nav_unavailable,not_available,benchmark_coverage_insufficient,daily_nav_unavailable,False,False,not_available,benchmark_data_unavailable,no_comparable_daily_performance_or_benchmark,v5n_model_performance_reporting\current\model_addenda\highway_dividend_operating_state_v54c\model_performance_addendum.md
highway_dividend_reviewed_operating_v54f,tier_b1_evidence_only_no_comparable_daily_performance,missing_daily_nav_or_eligible_benchmark_or_diagnostic_evidence_only,canonical_or_research_unit,sector_strategy_or_research,example_strategy,daily_nav_unavailable,not_available,benchmark_coverage_insufficient,daily_nav_unavailable,False,False,not_available,benchmark_data_unavailable,no_comparable_daily_performance_or_benchmark,v5n_model_performance_reporting\current\model_addenda\highway_dividend_reviewed_operating_v54f\model_performance_addendum.md
highway_dividend_reviewed_operating_v54g,tier_a2_comparable_proxy_benchmark_limited,eligible_daily_series_with_static_proxy_basket,canonical_or_research_unit,sector_strategy_or_research,example_strategy,available,static_proxy_basket,coverage_pass,validation_not_independent_or_overlapping,True,False,local_same_pool_or_embedded_benchmark,primary_benchmark_is_market_exposure_proxy,proxy_benchmark_limited_interpretation;validation_not_independent;execution_contract_incomplete;reporting_only_not_promotion,v5n_model_performance_reporting\current\model_addenda\highway_dividend_reviewed_operating_v54g\model_performance_addendum.md
highway_dividend_reviewed_operating_v54h_repaired_2021,tier_a2_comparable_proxy_benchmark_limited,eligible_daily_series_with_static_proxy_basket,canonical_or_research_unit,sector_strategy_or_research,example_strategy,available,static_proxy_basket,coverage_pass,validation_not_independent_or_overlapping,True,False,local_same_pool_or_embedded_benchmark,primary_benchmark_is_market_exposure_proxy,proxy_benchmark_limited_interpretation;validation_not_independent;execution_contract_incomplete;reporting_only_not_promotion,v5n_model_performance_reporting\current\model_addenda\highway_dividend_reviewed_operating_v54h_repaired_2021\model_performance_addendum.md
highway_dividend_segment_purity_v54d,tier_b1_evidence_only_no_comparable_daily_performance,missing_daily_nav_or_eligible_benchmark_or_diagnostic_evidence_only,canonical_or_research_unit,sector_strategy_or_research,example_strategy,daily_nav_unavailable,not_available,benchmark_coverage_insufficient,daily_nav_unavailable,False,False,not_available,benchmark_data_unavailable,no_comparable_daily_performance_or_benchmark,v5n_model_performance_reporting\current\model_addenda\highway_dividend_segment_purity_v54d\model_performance_addendum.md
highway_dividend_segment_purity_v54e,tier_b1_evidence_only_no_comparable_daily_performance,missing_daily_nav_or_eligible_benchmark_or_diagnostic_evidence_only,canonical_or_research_unit,sector_strategy_or_research,example_strategy,daily_nav_unavailable,not_available,benchmark_coverage_insufficient,daily_nav_unavailable,False,False,not_available,benchmark_data_unavailable,no_comparable_daily_performance_or_benchmark,v5n_model_performance_reporting\current\model_addenda\highway_dividend_segment_purity_v54e\model_performance_addendum.md
highway_high_dividend_cashflow_diagnostics_v54b,tier_b1_evidence_only_no_comparable_daily_performance,missing_daily_nav_or_eligible_benchmark_or_diagnostic_evidence_only,canonical_or_research_unit,sector_strategy_or_research,example_strategy,daily_nav_unavailable,not_available,benchmark_coverage_insufficient,daily_nav_unavailable,False,False,not_available,benchmark_data_unavailable,no_comparable_daily_performance_or_benchmark,v5n_model_performance_reporting\current\model_addenda\highway_high_dividend_cashflow_diagnostics_v54b\model_performance_addendum.md
home_appliances_ocf_low_vol_v5a5,tier_b1_evidence_only_no_comparable_daily_performance,missing_daily_nav_or_eligible_benchmark_or_diagnostic_evidence_only,canonical_or_research_unit,governance_or_research_artifact,example_strategy,daily_nav_unavailable,not_available,benchmark_coverage_insufficient,daily_nav_unavailable,False,False,not_available,benchmark_data_unavailable,no_comparable_daily_performance_or_benchmark,v5n_model_performance_reporting\current\model_addenda\home_appliances_ocf_low_vol_v5a5\model_performance_addendum.md
home_appliances_ocf_quality_v5a5b,tier_b1_evidence_only_no_comparable_daily_performance,missing_daily_nav_or_eligible_benchmark_or_diagnostic_evidence_only,canonical_or_research_unit,governance_or_research_artifact,example_strategy,daily_nav_unavailable,not_available,benchmark_coverage_insufficient,daily_nav_unavailable,False,False,not_available,benchmark_data_unavailable,no_comparable_daily_performance_or_benchmark,v5n_model_performance_reporting\current\model_addenda\home_appliances_ocf_quality_v5a5b\model_performance_addendum.md
home_appliances_ocf_quality_v5a5c,tier_a2_comparable_proxy_benchmark_limited,eligible_daily_series_with_static_proxy_basket,canonical_or_research_unit,governance_or_research_artifact,example_strategy,available,static_proxy_basket,coverage_pass,validation_not_independent_or_overlapping,True,False,local_same_pool_or_embedded_benchmark,primary_benchmark_is_market_exposure_proxy,proxy_benchmark_limited_interpretation;validation_not_independent;execution_contract_incomplete;reporting_only_not_promotion,v5n_model_performance_reporting\current\model_addenda\home_appliances_ocf_quality_v5a5c\model_performance_addendum.md
insurance_low_pb_dividend_v53b,tier_b1_evidence_only_no_comparable_daily_performance,missing_daily_nav_or_eligible_benchmark_or_diagnostic_evidence_only,canonical_or_research_unit,sector_strategy_or_research,example_strategy,daily_nav_unavailable,not_available,benchmark_coverage_insufficient,daily_nav_unavailable,False,False,not_available,benchmark_data_unavailable,no_comparable_daily_performance_or_benchmark,v5n_model_performance_reporting\current\model_addenda\insurance_low_pb_dividend_v53b\model_performance_addendum.md
insurance_low_pb_only_v53c,tier_a2_comparable_proxy_benchmark_limited,eligible_daily_series_with_static_proxy_basket,canonical_or_research_unit,sector_strategy_or_research,example_strategy,available,static_proxy_basket,coverage_pass,validation_not_independent_or_overlapping,True,False,local_same_pool_or_embedded_benchmark,primary_benchmark_is_market_exposure_proxy,proxy_benchmark_limited_interpretation;validation_not_independent;execution_contract_incomplete;reporting_only_not_promotion,v5n_model_performance_reporting\current\model_addenda\insurance_low_pb_only_v53c\model_performance_addendum.md
insurance_low_pb_solvency_guard_v53e,tier_b1_evidence_only_no_comparable_daily_performance,missing_daily_nav_or_eligible_benchmark_or_diagnostic_evidence_only,canonical_or_research_unit,sector_strategy_or_research,example_strategy,daily_nav_unavailable,not_available,benchmark_coverage_insufficient,daily_nav_unavailable,False,False,not_available,benchmark_data_unavailable,no_comparable_daily_performance_or_benchmark,v5n_model_performance_reporting\current\model_addenda\insurance_low_pb_solvency_guard_v53e\model_performance_addendum.md
insurance_pev_nbv_v53f_diagnostic,tier_b1_evidence_only_no_comparable_daily_performance,missing_daily_nav_or_eligible_benchmark_or_diagnostic_evidence_only,canonical_or_research_unit,sector_strategy_or_research,example_strategy,daily_nav_unavailable,not_available,benchmark_coverage_insufficient,daily_nav_unavailable,False,False,not_available,benchmark_data_unavailable,no_comparable_daily_performance_or_benchmark,v5n_model_performance_reporting\current\model_addenda\insurance_pev_nbv_v53f_diagnostic\model_performance_addendum.md
insurance_pev_value_v53g,tier_a2_comparable_proxy_benchmark_limited,eligible_daily_series_with_static_proxy_basket,canonical_or_research_unit,sector_strategy_or_research,example_strategy,available,static_proxy_basket,coverage_pass,validation_not_independent_or_overlapping,True,False,local_same_pool_or_embedded_benchmark,primary_benchmark_is_market_exposure_proxy,proxy_benchmark_limited_interpretation;validation_not_independent;execution_contract_incomplete;reporting_only_not_promotion,v5n_model_performance_reporting\current\model_addenda\insurance_pev_value_v53g\model_performance_addendum.md
insurance_value_investment_solvency_v53d,tier_b1_evidence_only_no_comparable_daily_performance,missing_daily_nav_or_eligible_benchmark_or_diagnostic_evidence_only,canonical_or_research_unit,sector_strategy_or_research,example_strategy,daily_nav_unavailable,not_available,benchmark_coverage_insufficient,daily_nav_unavailable,False,False,not_available,benchmark_data_unavailable,no_comparable_daily_performance_or_benchmark,v5n_model_performance_reporting\current\model_addenda\insurance_value_investment_solvency_v53d\model_performance_addendum.md
insurance_value_quality_v53_test1,tier_b1_evidence_only_no_comparable_daily_performance,missing_daily_nav_or_eligible_benchmark_or_diagnostic_evidence_only,canonical_or_research_unit,sector_strategy_or_research,example_strategy,daily_nav_unavailable,not_available,benchmark_coverage_insufficient,daily_nav_unavailable,False,False,not_available,benchmark_data_unavailable,no_comparable_daily_performance_or_benchmark,v5n_model_performance_reporting\current\model_addenda\insurance_value_quality_v53_test1\model_performance_addendum.md
internal_subsleeve_mom12_70_30,tier_a1_comparable_parent_or_market_benchmark,eligible_daily_series_and_parent_strategy_benchmark,canonical_or_research_unit,momentum_overlay,primary_forward_paper_candidate_not_accepted,available,parent_strategy,coverage_pass,validation_not_independent_or_overlapping,True,False,v57f_startup_preload_repaired_baseline,primary_benchmark_is_parent_strategy,validation_not_independent;execution_contract_incomplete;reporting_only_not_promotion,v5n_model_performance_reporting\current\model_addenda\internal_subsleeve_mom12_70_30\model_performance_addendum.md
locked_pool_monthly_mom12_70_30,tier_b1_evidence_only_no_comparable_daily_performance,missing_daily_nav_or_eligible_benchmark_or_diagnostic_evidence_only,canonical_or_research_unit,momentum_overlay,research_only_independent_validation_blocked,daily_nav_unavailable,not_available,benchmark_coverage_insufficient,daily_nav_unavailable,False,False,not_available,benchmark_data_unavailable,no_comparable_daily_performance_or_benchmark,v5n_model_performance_reporting\current\model_addenda\locked_pool_monthly_mom12_70_30\model_performance_addendum.md
mr_borrow_paired_drop_spike_net0_cap10_next2,tier_b1_evidence_only_no_comparable_daily_performance,missing_daily_nav_or_eligible_benchmark_or_diagnostic_evidence_only,canonical_or_research_unit,mean_reversion,research_only_independent_validation_blocked,daily_nav_unavailable,not_available,benchmark_coverage_insufficient,daily_nav_unavailable,False,False,not_available,benchmark_data_unavailable,no_comparable_daily_performance_or_benchmark,v5n_model_performance_reporting\current\model_addenda\mr_borrow_paired_drop_spike_net0_cap10_next2\model_performance_addendum.md
oil_gas_ocf_dividend_cycle_probe_v58a,tier_b1_evidence_only_no_comparable_daily_performance,missing_daily_nav_or_eligible_benchmark_or_diagnostic_evidence_only,canonical_or_research_unit,sector_strategy_or_research,example_strategy,daily_nav_unavailable,not_available,benchmark_coverage_insufficient,daily_nav_unavailable,False,False,not_available,benchmark_data_unavailable,no_comparable_daily_performance_or_benchmark,v5n_model_performance_reporting\current\model_addenda\oil_gas_ocf_dividend_cycle_probe_v58a\model_performance_addendum.md
oil_gas_ocf_low_vol_value_v58b,tier_b1_evidence_only_no_comparable_daily_performance,missing_daily_nav_or_eligible_benchmark_or_diagnostic_evidence_only,canonical_or_research_unit,sector_strategy_or_research,example_strategy,daily_nav_unavailable,not_available,benchmark_coverage_insufficient,daily_nav_unavailable,False,False,not_available,benchmark_data_unavailable,no_comparable_daily_performance_or_benchmark,v5n_model_performance_reporting\current\model_addenda\oil_gas_ocf_low_vol_value_v58b\model_performance_addendum.md
oil_gas_state_conditioned_ocf_v58d,tier_b1_evidence_only_no_comparable_daily_performance,missing_daily_nav_or_eligible_benchmark_or_diagnostic_evidence_only,canonical_or_research_unit,sector_strategy_or_research,example_strategy,daily_nav_unavailable,not_available,benchmark_coverage_insufficient,daily_nav_unavailable,False,False,not_available,benchmark_data_unavailable,no_comparable_daily_performance_or_benchmark,v5n_model_performance_reporting\current\model_addenda\oil_gas_state_conditioned_ocf_v58d\model_performance_addendum.md
oil_gas_state_conditioned_ocf_v58g,tier_a2_comparable_proxy_benchmark_limited,eligible_daily_series_with_static_proxy_basket,canonical_or_research_unit,sector_strategy_or_research,example_strategy,available,static_proxy_basket,coverage_pass,validation_not_independent_or_overlapping,True,False,local_same_pool_or_embedded_benchmark,primary_benchmark_is_market_exposure_proxy,proxy_benchmark_limited_interpretation;validation_not_independent;execution_contract_incomplete;reporting_only_not_promotion,v5n_model_performance_reporting\current\model_addenda\oil_gas_state_conditioned_ocf_v58g\model_performance_addendum.md
port_rail_cashflow_dividend_v55a,tier_b1_evidence_only_no_comparable_daily_performance,missing_daily_nav_or_eligible_benchmark_or_diagnostic_evidence_only,canonical_or_research_unit,sector_strategy_or_research,example_strategy,daily_nav_unavailable,not_available,benchmark_coverage_insufficient,daily_nav_unavailable,False,False,not_available,benchmark_data_unavailable,no_comparable_daily_performance_or_benchmark,v5n_model_performance_reporting\current\model_addenda\port_rail_cashflow_dividend_v55a\model_performance_addendum.md
port_rail_cashflow_operating_state_v55b,tier_b1_evidence_only_no_comparable_daily_performance,missing_daily_nav_or_eligible_benchmark_or_diagnostic_evidence_only,canonical_or_research_unit,sector_strategy_or_research,example_strategy,daily_nav_unavailable,not_available,benchmark_coverage_insufficient,daily_nav_unavailable,False,False,not_available,benchmark_data_unavailable,no_comparable_daily_performance_or_benchmark,v5n_model_performance_reporting\current\model_addenda\port_rail_cashflow_operating_state_v55b\model_performance_addendum.md
port_rail_cashflow_value_operating_diagnostic_v55c,tier_a2_comparable_proxy_benchmark_limited,eligible_daily_series_with_static_proxy_basket,canonical_or_research_unit,sector_strategy_or_research,example_strategy,available,static_proxy_basket,coverage_pass,validation_not_independent_or_overlapping,True,False,local_same_pool_or_embedded_benchmark,primary_benchmark_is_market_exposure_proxy,proxy_benchmark_limited_interpretation;validation_not_independent;execution_contract_incomplete;reporting_only_not_promotion,v5n_model_performance_reporting\current\model_addenda\port_rail_cashflow_value_operating_diagnostic_v55c\model_performance_addendum.md
port_rail_cashflow_value_operating_diagnostic_v55g_repaired_2021,tier_a2_comparable_proxy_benchmark_limited,eligible_daily_series_with_static_proxy_basket,canonical_or_research_unit,sector_strategy_or_research,example_strategy,available,static_proxy_basket,coverage_pass,validation_not_independent_or_overlapping,True,False,local_same_pool_or_embedded_benchmark,primary_benchmark_is_market_exposure_proxy,proxy_benchmark_limited_interpretation;validation_not_independent;execution_contract_incomplete;reporting_only_not_promotion,v5n_model_performance_reporting\current\model_addenda\port_rail_cashflow_value_operating_diagnostic_v55g_repaired_2021\model_performance_addendum.md
port_rail_cashflow_value_operating_diagnostic_v55i_business_purity_gate,tier_a2_comparable_proxy_benchmark_limited,eligible_daily_series_with_static_proxy_basket,canonical_or_research_unit,sector_strategy_or_research,example_strategy,available,static_proxy_basket,coverage_pass,validation_not_independent_or_overlapping,True,False,local_same_pool_or_embedded_benchmark,primary_benchmark_is_market_exposure_proxy,proxy_benchmark_limited_interpretation;validation_not_independent;execution_contract_incomplete;reporting_only_not_promotion,v5n_model_performance_reporting\current\model_addenda\port_rail_cashflow_value_operating_diagnostic_v55i_business_purity_gate\model_performance_addendum.md
port_rail_cashflow_value_operating_diagnostic_v55j_reviewed_business_sources,tier_a2_comparable_proxy_benchmark_limited,eligible_daily_series_with_static_proxy_basket,canonical_or_research_unit,sector_strategy_or_research,example_strategy,available,static_proxy_basket,coverage_pass,validation_not_independent_or_overlapping,True,False,local_same_pool_or_embedded_benchmark,primary_benchmark_is_market_exposure_proxy,proxy_benchmark_limited_interpretation;validation_not_independent;execution_contract_incomplete;reporting_only_not_promotion,v5n_model_performance_reporting\current\model_addenda\port_rail_cashflow_value_operating_diagnostic_v55j_reviewed_business_sources\model_performance_addendum.md
pressure_positive_1000_else_1400_buy,tier_b2_execution_or_engineering_only,execution_or_engineering_without_strategy_nav,canonical_or_research_unit,governance_or_research_artifact,execution_observation_only,daily_nav_unavailable,not_available,benchmark_coverage_insufficient,daily_nav_unavailable,False,False,not_available,benchmark_data_unavailable,execution_only_no_strategy_nav_claim,v5n_model_performance_reporting\current\model_addenda\pressure_positive_1000_else_1400_buy\model_performance_addendum.md
telecom_operators_cashflow_dividend_v55a,tier_b1_evidence_only_no_comparable_daily_performance,missing_daily_nav_or_eligible_benchmark_or_diagnostic_evidence_only,canonical_or_research_unit,sector_strategy_or_research,example_strategy,daily_nav_unavailable,not_available,benchmark_coverage_insufficient,daily_nav_unavailable,False,False,not_available,benchmark_data_unavailable,no_comparable_daily_performance_or_benchmark,v5n_model_performance_reporting\current\model_addenda\telecom_operators_cashflow_dividend_v55a\model_performance_addendum.md
utilities_cashflow_value_v51b,tier_b1_evidence_only_no_comparable_daily_performance,missing_daily_nav_or_eligible_benchmark_or_diagnostic_evidence_only,canonical_or_research_unit,governance_or_research_artifact,example_strategy,daily_nav_unavailable,not_available,benchmark_coverage_insufficient,daily_nav_unavailable,False,False,not_available,benchmark_data_unavailable,no_comparable_daily_performance_or_benchmark,v5n_model_performance_reporting\current\model_addenda\utilities_cashflow_value_v51b\model_performance_addendum.md
utilities_conditional_low_pb_cashflow_v51d,tier_b1_evidence_only_no_comparable_daily_performance,missing_daily_nav_or_eligible_benchmark_or_diagnostic_evidence_only,canonical_or_research_unit,governance_or_research_artifact,example_strategy,daily_nav_unavailable,not_available,benchmark_coverage_insufficient,daily_nav_unavailable,False,False,not_available,benchmark_data_unavailable,no_comparable_daily_performance_or_benchmark,v5n_model_performance_reporting\current\model_addenda\utilities_conditional_low_pb_cashflow_v51d\model_performance_addendum.md
utilities_demand_state_v51f,tier_a2_comparable_proxy_benchmark_limited,eligible_daily_series_with_static_proxy_basket,canonical_or_research_unit,governance_or_research_artifact,example_strategy,available,static_proxy_basket,coverage_pass,validation_not_independent_or_overlapping,True,False,local_same_pool_or_embedded_benchmark,primary_benchmark_is_market_exposure_proxy,proxy_benchmark_limited_interpretation;validation_not_independent;execution_contract_incomplete;reporting_only_not_promotion,v5n_model_performance_reporting\current\model_addenda\utilities_demand_state_v51f\model_performance_addendum.md
utilities_low_pb_cashflow_v51c,tier_b1_evidence_only_no_comparable_daily_performance,missing_daily_nav_or_eligible_benchmark_or_diagnostic_evidence_only,canonical_or_research_unit,governance_or_research_artifact,example_strategy,daily_nav_unavailable,not_available,benchmark_coverage_insufficient,daily_nav_unavailable,False,False,not_available,benchmark_data_unavailable,no_comparable_daily_performance_or_benchmark,v5n_model_performance_reporting\current\model_addenda\utilities_low_pb_cashflow_v51c\model_performance_addendum.md
utilities_value_quality_v51,tier_b1_evidence_only_no_comparable_daily_performance,missing_daily_nav_or_eligible_benchmark_or_diagnostic_evidence_only,canonical_or_research_unit,governance_or_research_artifact,example_strategy,daily_nav_unavailable,not_available,benchmark_coverage_insufficient,daily_nav_unavailable,False,False,not_available,benchmark_data_unavailable,no_comparable_daily_performance_or_benchmark,v5n_model_performance_reporting\current\model_addenda\utilities_value_quality_v51\model_performance_addendum.md
v4_bank_candidate1,tier_b1_evidence_only_no_comparable_daily_performance,missing_daily_nav_or_eligible_benchmark_or_diagnostic_evidence_only,canonical_or_research_unit,sector_strategy_or_research,example_strategy,daily_nav_unavailable,not_available,benchmark_coverage_insufficient,daily_nav_unavailable,False,False,not_available,benchmark_data_unavailable,no_comparable_daily_performance_or_benchmark,v5n_model_performance_reporting\current\model_addenda\v4_bank_candidate1\model_performance_addendum.md
v57f_startup_preload_repaired_baseline,tier_a2_comparable_proxy_benchmark_limited,eligible_daily_series_with_static_proxy_basket,canonical_or_research_unit,v57f_baseline,baseline,available,static_proxy_basket,coverage_pass,validation_not_independent_or_overlapping,True,False,local_same_pool_or_embedded_benchmark,primary_benchmark_is_market_exposure_proxy,proxy_benchmark_limited_interpretation;validation_not_independent;execution_contract_incomplete;reporting_only_not_promotion,v5n_model_performance_reporting\current\model_addenda\v57f_startup_preload_repaired_baseline\model_performance_addendum.md
v5b_etf_holdings_reference_audit,tier_b1_evidence_only_no_comparable_daily_performance,missing_daily_nav_or_eligible_benchmark_or_diagnostic_evidence_only,canonical_or_research_unit,governance_or_research_artifact,current_artifact,daily_nav_unavailable,not_available,benchmark_coverage_insufficient,daily_nav_unavailable,False,False,not_available,benchmark_data_unavailable,no_comparable_daily_performance_or_benchmark,v5n_model_performance_reporting\current\model_addenda\v5b_etf_holdings_reference_audit\model_performance_addendum.md
v5b_etf_pit_sector_gate_audit,tier_b1_evidence_only_no_comparable_daily_performance,missing_daily_nav_or_eligible_benchmark_or_diagnostic_evidence_only,canonical_or_research_unit,governance_or_research_artifact,current_artifact,daily_nav_unavailable,not_available,benchmark_coverage_insufficient,daily_nav_unavailable,False,False,not_available,benchmark_data_unavailable,no_comparable_daily_performance_or_benchmark,v5n_model_performance_reporting\current\model_addenda\v5b_etf_pit_sector_gate_audit\model_performance_addendum.md
v5b_forward_paper_handoff,tier_b1_evidence_only_no_comparable_daily_performance,missing_daily_nav_or_eligible_benchmark_or_diagnostic_evidence_only,canonical_or_research_unit,governance_or_research_artifact,current_artifact,daily_nav_unavailable,not_available,benchmark_coverage_insufficient,daily_nav_unavailable,False,False,not_available,benchmark_data_unavailable,no_comparable_daily_performance_or_benchmark,v5n_model_performance_reporting\current\model_addenda\v5b_forward_paper_handoff\model_performance_addendum.md
v5b_no_jq_1234_execution,tier_b2_execution_or_engineering_only,execution_or_engineering_without_strategy_nav,canonical_or_research_unit,execution_or_platform,current_artifact,daily_nav_unavailable,not_available,benchmark_coverage_insufficient,daily_nav_unavailable,False,False,not_available,benchmark_data_unavailable,execution_only_no_strategy_nav_claim,v5n_model_performance_reporting\current\model_addenda\v5b_no_jq_1234_execution\model_performance_addendum.md
v5b_no_jq_next_actions,tier_b2_execution_or_engineering_only,execution_or_engineering_without_strategy_nav,canonical_or_research_unit,governance_or_research_artifact,current_artifact,daily_nav_unavailable,not_available,benchmark_coverage_insufficient,daily_nav_unavailable,False,False,not_available,benchmark_data_unavailable,execution_only_no_strategy_nav_claim,v5n_model_performance_reporting\current\model_addenda\v5b_no_jq_next_actions\model_performance_addendum.md
v5b_no_jq_sleeve_promotion,tier_b1_evidence_only_no_comparable_daily_performance,missing_daily_nav_or_eligible_benchmark_or_diagnostic_evidence_only,canonical_or_research_unit,governance_or_research_artifact,current_artifact,daily_nav_unavailable,not_available,benchmark_coverage_insufficient,daily_nav_unavailable,False,False,not_available,benchmark_data_unavailable,no_comparable_daily_performance_or_benchmark,v5n_model_performance_reporting\current\model_addenda\v5b_no_jq_sleeve_promotion\model_performance_addendum.md
v5b_non_core_sector_disposition,tier_b1_evidence_only_no_comparable_daily_performance,missing_daily_nav_or_eligible_benchmark_or_diagnostic_evidence_only,canonical_or_research_unit,governance_or_research_artifact,current_artifact,daily_nav_unavailable,not_available,benchmark_coverage_insufficient,daily_nav_unavailable,False,False,not_available,benchmark_data_unavailable,no_comparable_daily_performance_or_benchmark,v5n_model_performance_reporting\current\model_addenda\v5b_non_core_sector_disposition\model_performance_addendum.md
v5b_non_core_sector_queue_execution,tier_b2_execution_or_engineering_only,execution_or_engineering_without_strategy_nav,canonical_or_research_unit,execution_or_platform,current_artifact,daily_nav_unavailable,not_available,benchmark_coverage_insufficient,daily_nav_unavailable,False,False,not_available,benchmark_data_unavailable,execution_only_no_strategy_nav_claim,v5n_model_performance_reporting\current\model_addenda\v5b_non_core_sector_queue_execution\model_performance_addendum.md
v5b_telecom_sidecar_attribution,tier_b1_evidence_only_no_comparable_daily_performance,missing_daily_nav_or_eligible_benchmark_or_diagnostic_evidence_only,canonical_or_research_unit,sector_strategy_or_research,current_artifact,daily_nav_unavailable,not_available,benchmark_coverage_insufficient,daily_nav_unavailable,False,False,not_available,benchmark_data_unavailable,no_comparable_daily_performance_or_benchmark,v5n_model_performance_reporting\current\model_addenda\v5b_telecom_sidecar_attribution\model_performance_addendum.md
v5b_telecom_specialist_policy,tier_b1_evidence_only_no_comparable_daily_performance,missing_daily_nav_or_eligible_benchmark_or_diagnostic_evidence_only,canonical_or_research_unit,sector_strategy_or_research,current_artifact,daily_nav_unavailable,not_available,benchmark_coverage_insufficient,daily_nav_unavailable,False,False,not_available,benchmark_data_unavailable,no_comparable_daily_performance_or_benchmark,v5n_model_performance_reporting\current\model_addenda\v5b_telecom_specialist_policy\model_performance_addendum.md
v5b_three_track_execution,tier_b2_execution_or_engineering_only,execution_or_engineering_without_strategy_nav,canonical_or_research_unit,execution_or_platform,current_artifact,daily_nav_unavailable,not_available,benchmark_coverage_insufficient,daily_nav_unavailable,False,False,not_available,benchmark_data_unavailable,execution_only_no_strategy_nav_claim,v5n_model_performance_reporting\current\model_addenda\v5b_three_track_execution\model_performance_addendum.md
v5b_three_track_execution_plan,tier_b2_execution_or_engineering_only,execution_or_engineering_without_strategy_nav,canonical_or_research_unit,execution_or_platform,current_artifact,daily_nav_unavailable,not_available,benchmark_coverage_insufficient,daily_nav_unavailable,False,False,not_available,benchmark_data_unavailable,execution_only_no_strategy_nav_claim,v5n_model_performance_reporting\current\model_addenda\v5b_three_track_execution_plan\model_performance_addendum.md
v5c_50w_execution_micro_audit,tier_b2_execution_or_engineering_only,execution_or_engineering_without_strategy_nav,canonical_or_research_unit,execution_or_platform,current_artifact,daily_nav_unavailable,not_available,benchmark_coverage_insufficient,daily_nav_unavailable,False,False,not_available,benchmark_data_unavailable,execution_only_no_strategy_nav_claim,v5n_model_performance_reporting\current\model_addenda\v5c_50w_execution_micro_audit\model_performance_addendum.md
v5c_50w_execution_optimization_test,tier_a2_comparable_proxy_benchmark_limited,eligible_daily_series_with_static_proxy_basket,canonical_or_research_unit,execution_or_platform,current_artifact,available,static_proxy_basket,coverage_pass,validation_not_independent_or_overlapping,True,False,local_same_pool_or_embedded_benchmark,primary_benchmark_is_market_exposure_proxy,proxy_benchmark_limited_interpretation;validation_not_independent;execution_contract_incomplete;reporting_only_not_promotion,v5n_model_performance_reporting\current\model_addenda\v5c_50w_execution_optimization_test\model_performance_addendum.md
v5c_bank_power_dedicated_book_card_collection,tier_b1_evidence_only_no_comparable_daily_performance,missing_daily_nav_or_eligible_benchmark_or_diagnostic_evidence_only,canonical_or_research_unit,sector_strategy_or_research,current_artifact,daily_nav_unavailable,not_available,benchmark_coverage_insufficient,daily_nav_unavailable,False,False,not_available,benchmark_data_unavailable,no_comparable_daily_performance_or_benchmark,v5n_model_performance_reporting\current\model_addenda\v5c_bank_power_dedicated_book_card_collection\model_performance_addendum.md
v5c_bank_power_financial_report_batch_extraction,tier_b1_evidence_only_no_comparable_daily_performance,missing_daily_nav_or_eligible_benchmark_or_diagnostic_evidence_only,canonical_or_research_unit,sector_strategy_or_research,current_artifact,daily_nav_unavailable,not_available,benchmark_coverage_insufficient,daily_nav_unavailable,False,False,not_available,benchmark_data_unavailable,no_comparable_daily_performance_or_benchmark,v5n_model_performance_reporting\current\model_addenda\v5c_bank_power_financial_report_batch_extraction\model_performance_addendum.md
v5c_bank_power_financial_report_data_gate,tier_b1_evidence_only_no_comparable_daily_performance,missing_daily_nav_or_eligible_benchmark_or_diagnostic_evidence_only,canonical_or_research_unit,sector_strategy_or_research,current_artifact,daily_nav_unavailable,not_available,benchmark_coverage_insufficient,daily_nav_unavailable,False,False,not_available,benchmark_data_unavailable,no_comparable_daily_performance_or_benchmark,v5n_model_performance_reporting\current\model_addenda\v5c_bank_power_financial_report_data_gate\model_performance_addendum.md
v5c_bank_power_financial_report_pit_panel,tier_b1_evidence_only_no_comparable_daily_performance,missing_daily_nav_or_eligible_benchmark_or_diagnostic_evidence_only,canonical_or_research_unit,sector_strategy_or_research,current_artifact,daily_nav_unavailable,not_available,benchmark_coverage_insufficient,validation_not_independent_or_overlapping,False,False,not_available,benchmark_data_unavailable,no_comparable_daily_performance_or_benchmark,v5n_model_performance_reporting\current\model_addenda\v5c_bank_power_financial_report_pit_panel\model_performance_addendum.md
v5c_bank_power_industry_factor_weight_test,tier_b1_evidence_only_no_comparable_daily_performance,missing_daily_nav_or_eligible_benchmark_or_diagnostic_evidence_only,canonical_or_research_unit,sector_strategy_or_research,current_artifact,daily_nav_unavailable,not_available,benchmark_coverage_insufficient,validation_not_independent_or_overlapping,False,False,not_available,benchmark_data_unavailable,no_comparable_daily_performance_or_benchmark,v5n_model_performance_reporting\current\model_addenda\v5c_bank_power_industry_factor_weight_test\model_performance_addendum.md
v5c_bank_power_single_factor_cross_section_test,tier_b1_evidence_only_no_comparable_daily_performance,missing_daily_nav_or_eligible_benchmark_or_diagnostic_evidence_only,canonical_or_research_unit,sector_strategy_or_research,current_artifact,daily_nav_unavailable,not_available,benchmark_coverage_insufficient,validation_not_independent_or_overlapping,False,False,not_available,benchmark_data_unavailable,no_comparable_daily_performance_or_benchmark,v5n_model_performance_reporting\current\model_addenda\v5c_bank_power_single_factor_cross_section_test\model_performance_addendum.md
v5c_bank_power_v5f_attribution,tier_b1_evidence_only_no_comparable_daily_performance,missing_daily_nav_or_eligible_benchmark_or_diagnostic_evidence_only,canonical_or_research_unit,sector_strategy_or_research,current_artifact,daily_nav_unavailable,not_available,benchmark_coverage_insufficient,daily_nav_unavailable,False,False,not_available,benchmark_data_unavailable,no_comparable_daily_performance_or_benchmark,v5n_model_performance_reporting\current\model_addenda\v5c_bank_power_v5f_attribution\model_performance_addendum.md
v5c_bank_special_mention_pre2021_train_test,tier_b1_evidence_only_no_comparable_daily_performance,missing_daily_nav_or_eligible_benchmark_or_diagnostic_evidence_only,canonical_or_research_unit,sector_strategy_or_research,current_artifact,daily_nav_unavailable,not_available,benchmark_coverage_insufficient,daily_nav_unavailable,False,False,not_available,benchmark_data_unavailable,no_comparable_daily_performance_or_benchmark,v5n_model_performance_reporting\current\model_addenda\v5c_bank_special_mention_pre2021_train_test\model_performance_addendum.md
v5c_closeout,tier_c_archived_alias_or_superseded,v5n_archived_or_alias_status,canonical_or_research_unit,governance_or_research_artifact,current_artifact,daily_nav_unavailable,not_available,benchmark_coverage_insufficient,daily_nav_unavailable,False,False,not_available,benchmark_data_unavailable,archived_or_alias_not_active_comparison,v5n_model_performance_reporting\current\model_addenda\v5c_closeout\model_performance_addendum.md
v5c_closeout_defense_addendum,tier_c_archived_alias_or_superseded,v5n_archived_or_alias_status,canonical_or_research_unit,governance_or_research_artifact,current_artifact,daily_nav_unavailable,not_available,benchmark_coverage_insufficient,daily_nav_unavailable,False,False,not_available,benchmark_data_unavailable,archived_or_alias_not_active_comparison,v5n_model_performance_reporting\current\model_addenda\v5c_closeout_defense_addendum\model_performance_addendum.md
v5c_continuation_decision,tier_b1_evidence_only_no_comparable_daily_performance,missing_daily_nav_or_eligible_benchmark_or_diagnostic_evidence_only,canonical_or_research_unit,governance_or_research_artifact,current_artifact,daily_nav_unavailable,not_available,benchmark_coverage_insufficient,daily_nav_unavailable,False,False,not_available,benchmark_data_unavailable,no_comparable_daily_performance_or_benchmark,v5n_model_performance_reporting\current\model_addenda\v5c_continuation_decision\model_performance_addendum.md
v5c_core_infra_cashflow_field_repair,tier_b1_evidence_only_no_comparable_daily_performance,missing_daily_nav_or_eligible_benchmark_or_diagnostic_evidence_only,canonical_or_research_unit,governance_or_research_artifact,current_artifact,daily_nav_unavailable,not_available,benchmark_coverage_insufficient,daily_nav_unavailable,False,False,not_available,benchmark_data_unavailable,no_comparable_daily_performance_or_benchmark,v5n_model_performance_reporting\current\model_addenda\v5c_core_infra_cashflow_field_repair\model_performance_addendum.md
v5c_cross_sector_pre2021_factor_screen,tier_b1_evidence_only_no_comparable_daily_performance,missing_daily_nav_or_eligible_benchmark_or_diagnostic_evidence_only,canonical_or_research_unit,governance_or_research_artifact,current_artifact,daily_nav_unavailable,not_available,benchmark_coverage_insufficient,daily_nav_unavailable,False,False,not_available,benchmark_data_unavailable,no_comparable_daily_performance_or_benchmark,v5n_model_performance_reporting\current\model_addenda\v5c_cross_sector_pre2021_factor_screen\model_performance_addendum.md
v5c_cycle_sector_data_gate_queue,tier_b1_evidence_only_no_comparable_daily_performance,missing_daily_nav_or_eligible_benchmark_or_diagnostic_evidence_only,canonical_or_research_unit,governance_or_research_artifact,current_artifact,daily_nav_unavailable,not_available,benchmark_coverage_insufficient,daily_nav_unavailable,False,False,not_available,benchmark_data_unavailable,no_comparable_daily_performance_or_benchmark,v5n_model_performance_reporting\current\model_addenda\v5c_cycle_sector_data_gate_queue\model_performance_addendum.md
v5c_defense_overlay_exploration,tier_a1_comparable_parent_or_market_benchmark,eligible_daily_series_and_parent_strategy_benchmark,canonical_or_research_unit,governance_or_research_artifact,current_artifact,available,parent_strategy,coverage_pass,validation_not_independent_or_overlapping,True,False,v57f_startup_preload_repaired_baseline,primary_benchmark_is_parent_strategy,validation_not_independent;execution_contract_incomplete;reporting_only_not_promotion,v5n_model_performance_reporting\current\model_addenda\v5c_defense_overlay_exploration\model_performance_addendum.md
v5c_defense_overlay_formal_validation,tier_a1_comparable_parent_or_market_benchmark,eligible_daily_series_and_parent_strategy_benchmark,canonical_or_research_unit,governance_or_research_artifact,current_artifact,available,parent_strategy,coverage_pass,validation_not_independent_or_overlapping,True,False,v57f_startup_preload_repaired_baseline,primary_benchmark_is_parent_strategy,validation_not_independent;execution_contract_incomplete;reporting_only_not_promotion,v5n_model_performance_reporting\current\model_addenda\v5c_defense_overlay_formal_validation\model_performance_addendum.md
v5c_defense_overlay_pm_quant_review,tier_b1_evidence_only_no_comparable_daily_performance,missing_daily_nav_or_eligible_benchmark_or_diagnostic_evidence_only,canonical_or_research_unit,governance_or_research_artifact,current_artifact,daily_nav_unavailable,not_available,benchmark_coverage_insufficient,daily_nav_unavailable,False,False,not_available,benchmark_data_unavailable,no_comparable_daily_performance_or_benchmark,v5n_model_performance_reporting\current\model_addenda\v5c_defense_overlay_pm_quant_review\model_performance_addendum.md
v5c_erc_formal_validation,tier_b1_evidence_only_no_comparable_daily_performance,missing_daily_nav_or_eligible_benchmark_or_diagnostic_evidence_only,canonical_or_research_unit,governance_or_research_artifact,current_artifact,daily_nav_unavailable,not_available,benchmark_coverage_insufficient,daily_nav_unavailable,False,False,not_available,benchmark_data_unavailable,no_comparable_daily_performance_or_benchmark,v5n_model_performance_reporting\current\model_addenda\v5c_erc_formal_validation\model_performance_addendum.md
v5c_erc_forward_paper_tracking,tier_b1_evidence_only_no_comparable_daily_performance,missing_daily_nav_or_eligible_benchmark_or_diagnostic_evidence_only,canonical_or_research_unit,governance_or_research_artifact,current_artifact,daily_nav_unavailable,not_available,benchmark_coverage_insufficient,daily_nav_unavailable,False,False,not_available,benchmark_data_unavailable,no_comparable_daily_performance_or_benchmark,v5n_model_performance_reporting\current\model_addenda\v5c_erc_forward_paper_tracking\model_performance_addendum.md
v5c_erc_pm_quant_review,tier_b1_evidence_only_no_comparable_daily_performance,missing_daily_nav_or_eligible_benchmark_or_diagnostic_evidence_only,canonical_or_research_unit,governance_or_research_artifact,current_artifact,daily_nav_unavailable,not_available,benchmark_coverage_insufficient,daily_nav_unavailable,False,False,not_available,benchmark_data_unavailable,no_comparable_daily_performance_or_benchmark,v5n_model_performance_reporting\current\model_addenda\v5c_erc_pm_quant_review\model_performance_addendum.md
v5c_final_archive,tier_b1_evidence_only_no_comparable_daily_performance,missing_daily_nav_or_eligible_benchmark_or_diagnostic_evidence_only,canonical_or_research_unit,governance_or_research_artifact,current_artifact,daily_nav_unavailable,not_available,benchmark_coverage_insufficient,daily_nav_unavailable,False,False,not_available,benchmark_data_unavailable,no_comparable_daily_performance_or_benchmark,v5n_model_performance_reporting\current\model_addenda\v5c_final_archive\model_performance_addendum.md
v5c_financial_statement_expectation_layer,tier_b1_evidence_only_no_comparable_daily_performance,missing_daily_nav_or_eligible_benchmark_or_diagnostic_evidence_only,canonical_or_research_unit,governance_or_research_artifact,current_artifact,daily_nav_unavailable,not_available,benchmark_coverage_insufficient,daily_nav_unavailable,False,False,not_available,benchmark_data_unavailable,no_comparable_daily_performance_or_benchmark,v5n_model_performance_reporting\current\model_addenda\v5c_financial_statement_expectation_layer\model_performance_addendum.md
v5c_fixed_rule_risk_budget_spec,tier_b1_evidence_only_no_comparable_daily_performance,missing_daily_nav_or_eligible_benchmark_or_diagnostic_evidence_only,canonical_or_research_unit,governance_or_research_artifact,current_artifact,daily_nav_unavailable,not_available,benchmark_coverage_insufficient,daily_nav_unavailable,False,False,not_available,benchmark_data_unavailable,no_comparable_daily_performance_or_benchmark,v5n_model_performance_reporting\current\model_addenda\v5c_fixed_rule_risk_budget_spec\model_performance_addendum.md
v5c_forward_financial_statement_tracking,tier_b1_evidence_only_no_comparable_daily_performance,missing_daily_nav_or_eligible_benchmark_or_diagnostic_evidence_only,canonical_or_research_unit,governance_or_research_artifact,current_artifact,daily_nav_unavailable,not_available,benchmark_coverage_insufficient,daily_nav_unavailable,False,False,not_available,benchmark_data_unavailable,no_comparable_daily_performance_or_benchmark,v5n_model_performance_reporting\current\model_addenda\v5c_forward_financial_statement_tracking\model_performance_addendum.md
v5c_highway_capex_fcf_small_original_page_review,tier_b1_evidence_only_no_comparable_daily_performance,missing_daily_nav_or_eligible_benchmark_or_diagnostic_evidence_only,canonical_or_research_unit,sector_strategy_or_research,current_artifact,daily_nav_unavailable,not_available,benchmark_coverage_insufficient,daily_nav_unavailable,False,False,not_available,benchmark_data_unavailable,no_comparable_daily_performance_or_benchmark,v5n_model_performance_reporting\current\model_addenda\v5c_highway_capex_fcf_small_original_page_review\model_performance_addendum.md
v5c_highway_ocf_risk_cap_rule_freeze,tier_b1_evidence_only_no_comparable_daily_performance,missing_daily_nav_or_eligible_benchmark_or_diagnostic_evidence_only,canonical_or_research_unit,sector_strategy_or_research,current_artifact,daily_nav_unavailable,not_available,benchmark_coverage_insufficient,daily_nav_unavailable,False,False,not_available,benchmark_data_unavailable,no_comparable_daily_performance_or_benchmark,v5n_model_performance_reporting\current\model_addenda\v5c_highway_ocf_risk_cap_rule_freeze\model_performance_addendum.md
v5c_highway_ocf_risk_cap_v1_limited_engineering,tier_b1_evidence_only_no_comparable_daily_performance,missing_daily_nav_or_eligible_benchmark_or_diagnostic_evidence_only,canonical_or_research_unit,sector_strategy_or_research,current_artifact,daily_nav_unavailable,not_available,benchmark_coverage_insufficient,validation_not_independent_or_overlapping,False,False,not_available,benchmark_data_unavailable,no_comparable_daily_performance_or_benchmark,v5n_model_performance_reporting\current\model_addenda\v5c_highway_ocf_risk_cap_v1_limited_engineering\model_performance_addendum.md
v5c_industry_knowledge_base_bank_power_p0,tier_b1_evidence_only_no_comparable_daily_performance,missing_daily_nav_or_eligible_benchmark_or_diagnostic_evidence_only,canonical_or_research_unit,sector_strategy_or_research,current_artifact,daily_nav_unavailable,not_available,benchmark_coverage_insufficient,daily_nav_unavailable,False,False,not_available,benchmark_data_unavailable,no_comparable_daily_performance_or_benchmark,v5n_model_performance_reporting\current\model_addenda\v5c_industry_knowledge_base_bank_power_p0\model_performance_addendum.md
v5c_infra_capex_original_statement_extraction,tier_b1_evidence_only_no_comparable_daily_performance,missing_daily_nav_or_eligible_benchmark_or_diagnostic_evidence_only,canonical_or_research_unit,governance_or_research_artifact,current_artifact,daily_nav_unavailable,not_available,benchmark_coverage_insufficient,daily_nav_unavailable,False,False,not_available,benchmark_data_unavailable,no_comparable_daily_performance_or_benchmark,v5n_model_performance_reporting\current\model_addenda\v5c_infra_capex_original_statement_extraction\model_performance_addendum.md
v5c_infra_ocf_quality_fixed_rule_quant_spec,tier_b1_evidence_only_no_comparable_daily_performance,missing_daily_nav_or_eligible_benchmark_or_diagnostic_evidence_only,canonical_or_research_unit,governance_or_research_artifact,current_artifact,daily_nav_unavailable,not_available,benchmark_coverage_insufficient,daily_nav_unavailable,False,False,not_available,benchmark_data_unavailable,no_comparable_daily_performance_or_benchmark,v5n_model_performance_reporting\current\model_addenda\v5c_infra_ocf_quality_fixed_rule_quant_spec\model_performance_addendum.md
v5c_key_metric_confidence_tilt_overlay,tier_b1_evidence_only_no_comparable_daily_performance,missing_daily_nav_or_eligible_benchmark_or_diagnostic_evidence_only,canonical_or_research_unit,governance_or_research_artifact,current_artifact,daily_nav_unavailable,not_available,benchmark_coverage_insufficient,validation_not_independent_or_overlapping,False,False,not_available,benchmark_data_unavailable,no_comparable_daily_performance_or_benchmark,v5n_model_performance_reporting\current\model_addenda\v5c_key_metric_confidence_tilt_overlay\model_performance_addendum.md
v5c_key_weight_metric_prediction,tier_b1_evidence_only_no_comparable_daily_performance,missing_daily_nav_or_eligible_benchmark_or_diagnostic_evidence_only,canonical_or_research_unit,governance_or_research_artifact,current_artifact,daily_nav_unavailable,not_available,benchmark_coverage_insufficient,daily_nav_unavailable,False,False,not_available,benchmark_data_unavailable,no_comparable_daily_performance_or_benchmark,v5n_model_performance_reporting\current\model_addenda\v5c_key_weight_metric_prediction\model_performance_addendum.md
v5c_low_capital_version_handoff,tier_b1_evidence_only_no_comparable_daily_performance,missing_daily_nav_or_eligible_benchmark_or_diagnostic_evidence_only,canonical_or_research_unit,governance_or_research_artifact,current_artifact,daily_nav_unavailable,not_available,benchmark_coverage_insufficient,daily_nav_unavailable,False,False,not_available,benchmark_data_unavailable,no_comparable_daily_performance_or_benchmark,v5n_model_performance_reporting\current\model_addenda\v5c_low_capital_version_handoff\model_performance_addendum.md
v5c_overheat_no_new_overweight_limited_engineering,tier_b1_evidence_only_no_comparable_daily_performance,missing_daily_nav_or_eligible_benchmark_or_diagnostic_evidence_only,canonical_or_research_unit,governance_or_research_artifact,current_artifact,daily_nav_unavailable,not_available,benchmark_coverage_insufficient,validation_not_independent_or_overlapping,False,False,not_available,benchmark_data_unavailable,no_comparable_daily_performance_or_benchmark,v5n_model_performance_reporting\current\model_addenda\v5c_overheat_no_new_overweight_limited_engineering\model_performance_addendum.md
v5c_overheat_overlay_pm_quant_spec,tier_b1_evidence_only_no_comparable_daily_performance,missing_daily_nav_or_eligible_benchmark_or_diagnostic_evidence_only,canonical_or_research_unit,governance_or_research_artifact,current_artifact,daily_nav_unavailable,not_available,benchmark_coverage_insufficient,daily_nav_unavailable,False,False,not_available,benchmark_data_unavailable,no_comparable_daily_performance_or_benchmark,v5n_model_performance_reporting\current\model_addenda\v5c_overheat_overlay_pm_quant_spec\model_performance_addendum.md
v5c_overlay_engineering_comparison,tier_b1_evidence_only_no_comparable_daily_performance,missing_daily_nav_or_eligible_benchmark_or_diagnostic_evidence_only,canonical_or_research_unit,governance_or_research_artifact,current_artifact,daily_nav_unavailable,not_available,benchmark_coverage_insufficient,validation_not_independent_or_overlapping,False,False,not_available,benchmark_data_unavailable,no_comparable_daily_performance_or_benchmark,v5n_model_performance_reporting\current\model_addenda\v5c_overlay_engineering_comparison\model_performance_addendum.md
v5c_overlay_hypothesis_admission,tier_b1_evidence_only_no_comparable_daily_performance,missing_daily_nav_or_eligible_benchmark_or_diagnostic_evidence_only,canonical_or_research_unit,governance_or_research_artifact,current_artifact,daily_nav_unavailable,not_available,benchmark_coverage_insufficient,daily_nav_unavailable,False,False,not_available,benchmark_data_unavailable,no_comparable_daily_performance_or_benchmark,v5n_model_performance_reporting\current\model_addenda\v5c_overlay_hypothesis_admission\model_performance_addendum.md
v5c_overlay_quant_spec,tier_b1_evidence_only_no_comparable_daily_performance,missing_daily_nav_or_eligible_benchmark_or_diagnostic_evidence_only,canonical_or_research_unit,governance_or_research_artifact,current_artifact,daily_nav_unavailable,not_available,benchmark_coverage_insufficient,daily_nav_unavailable,False,False,not_available,benchmark_data_unavailable,no_comparable_daily_performance_or_benchmark,v5n_model_performance_reporting\current\model_addenda\v5c_overlay_quant_spec\model_performance_addendum.md
v5c_p0_local_data_gate,tier_a2_comparable_proxy_benchmark_limited,eligible_daily_series_with_static_proxy_basket,canonical_or_research_unit,governance_or_research_artifact,current_artifact,available,static_proxy_basket,coverage_pass,validation_not_independent_or_overlapping,True,False,local_same_pool_or_embedded_benchmark,primary_benchmark_is_market_exposure_proxy,proxy_benchmark_limited_interpretation;validation_not_independent;execution_contract_incomplete;reporting_only_not_promotion,v5n_model_performance_reporting\current\model_addenda\v5c_p0_local_data_gate\model_performance_addendum.md
v5c_p1_financial_quality_pit_panel,tier_b1_evidence_only_no_comparable_daily_performance,missing_daily_nav_or_eligible_benchmark_or_diagnostic_evidence_only,canonical_or_research_unit,governance_or_research_artifact,current_artifact,daily_nav_unavailable,not_available,benchmark_coverage_insufficient,daily_nav_unavailable,False,False,not_available,benchmark_data_unavailable,no_comparable_daily_performance_or_benchmark,v5n_model_performance_reporting\current\model_addenda\v5c_p1_financial_quality_pit_panel\model_performance_addendum.md
v5c_p2_valuation_and_crowding_state_panel,tier_b1_evidence_only_no_comparable_daily_performance,missing_daily_nav_or_eligible_benchmark_or_diagnostic_evidence_only,canonical_or_research_unit,governance_or_research_artifact,current_artifact,daily_nav_unavailable,not_available,benchmark_coverage_insufficient,daily_nav_unavailable,False,False,not_available,benchmark_data_unavailable,no_comparable_daily_performance_or_benchmark,v5n_model_performance_reporting\current\model_addenda\v5c_p2_valuation_and_crowding_state_panel\model_performance_addendum.md
v5c_p3_state_governance_quant_spec,tier_b1_evidence_only_no_comparable_daily_performance,missing_daily_nav_or_eligible_benchmark_or_diagnostic_evidence_only,canonical_or_research_unit,governance_or_research_artifact,current_artifact,daily_nav_unavailable,not_available,benchmark_coverage_insufficient,daily_nav_unavailable,False,False,not_available,benchmark_data_unavailable,no_comparable_daily_performance_or_benchmark,v5n_model_performance_reporting\current\model_addenda\v5c_p3_state_governance_quant_spec\model_performance_addendum.md
v5c_p4_state_forward_observation_packet,tier_b1_evidence_only_no_comparable_daily_performance,missing_daily_nav_or_eligible_benchmark_or_diagnostic_evidence_only,canonical_or_research_unit,governance_or_research_artifact,current_artifact,daily_nav_unavailable,not_available,benchmark_coverage_insufficient,daily_nav_unavailable,False,False,not_available,benchmark_data_unavailable,no_comparable_daily_performance_or_benchmark,v5n_model_performance_reporting\current\model_addenda\v5c_p4_state_forward_observation_packet\model_performance_addendum.md
v5c_power_specialist_combo_deep_dive,tier_b1_evidence_only_no_comparable_daily_performance,missing_daily_nav_or_eligible_benchmark_or_diagnostic_evidence_only,canonical_or_research_unit,sector_strategy_or_research,current_artifact,daily_nav_unavailable,not_available,benchmark_coverage_insufficient,validation_not_independent_or_overlapping,False,False,not_available,benchmark_data_unavailable,no_comparable_daily_performance_or_benchmark,v5n_model_performance_reporting\current\model_addenda\v5c_power_specialist_combo_deep_dive\model_performance_addendum.md
v5c_profit_taking_overheat_overlay,tier_b1_evidence_only_no_comparable_daily_performance,missing_daily_nav_or_eligible_benchmark_or_diagnostic_evidence_only,canonical_or_research_unit,governance_or_research_artifact,current_artifact,daily_nav_unavailable,not_available,benchmark_coverage_insufficient,validation_not_independent_or_overlapping,False,False,not_available,benchmark_data_unavailable,no_comparable_daily_performance_or_benchmark,v5n_model_performance_reporting\current\model_addenda\v5c_profit_taking_overheat_overlay\model_performance_addendum.md
v5c_risk_budget_overlay_engineering_comparison,tier_a1_comparable_parent_or_market_benchmark,eligible_daily_series_and_parent_strategy_benchmark,canonical_or_research_unit,governance_or_research_artifact,current_artifact,available,parent_strategy,coverage_pass,validation_not_independent_or_overlapping,True,False,v57f_startup_preload_repaired_baseline,primary_benchmark_is_parent_strategy,validation_not_independent;execution_contract_incomplete;reporting_only_not_promotion,v5n_model_performance_reporting\current\model_addenda\v5c_risk_budget_overlay_engineering_comparison\model_performance_addendum.md
v5c_sidecar_observation_enhancement,tier_b1_evidence_only_no_comparable_daily_performance,missing_daily_nav_or_eligible_benchmark_or_diagnostic_evidence_only,canonical_or_research_unit,governance_or_research_artifact,current_artifact,daily_nav_unavailable,not_available,benchmark_coverage_insufficient,daily_nav_unavailable,False,False,not_available,benchmark_data_unavailable,no_comparable_daily_performance_or_benchmark,v5n_model_performance_reporting\current\model_addenda\v5c_sidecar_observation_enhancement\model_performance_addendum.md
v5c_sleeve_level_risk_attribution,tier_b1_evidence_only_no_comparable_daily_performance,missing_daily_nav_or_eligible_benchmark_or_diagnostic_evidence_only,canonical_or_research_unit,governance_or_research_artifact,current_artifact,daily_nav_unavailable,not_available,benchmark_coverage_insufficient,validation_not_independent_or_overlapping,False,False,not_available,benchmark_data_unavailable,no_comparable_daily_performance_or_benchmark,v5n_model_performance_reporting\current\model_addenda\v5c_sleeve_level_risk_attribution\model_performance_addendum.md
v5c_sleeve_weighting_diagnostic,tier_a2_comparable_proxy_benchmark_limited,eligible_daily_series_with_static_proxy_basket,canonical_or_research_unit,governance_or_research_artifact,current_artifact,available,static_proxy_basket,coverage_pass,validation_not_independent_or_overlapping,True,False,local_same_pool_or_embedded_benchmark,primary_benchmark_is_market_exposure_proxy,proxy_benchmark_limited_interpretation;validation_not_independent;execution_contract_incomplete;reporting_only_not_promotion,v5n_model_performance_reporting\current\model_addenda\v5c_sleeve_weighting_diagnostic\model_performance_addendum.md
v5c_sleeve_weighting_rigorous_test,tier_a2_comparable_proxy_benchmark_limited,eligible_daily_series_with_static_proxy_basket,canonical_or_research_unit,governance_or_research_artifact,current_artifact,available,static_proxy_basket,coverage_pass,validation_not_independent_or_overlapping,True,False,local_same_pool_or_embedded_benchmark,primary_benchmark_is_market_exposure_proxy,proxy_benchmark_limited_interpretation;validation_not_independent;execution_contract_incomplete;reporting_only_not_promotion,v5n_model_performance_reporting\current\model_addenda\v5c_sleeve_weighting_rigorous_test\model_performance_addendum.md
v5c_topx_capital_rigorous_test,tier_a2_comparable_proxy_benchmark_limited,eligible_daily_series_with_static_proxy_basket,canonical_or_research_unit,governance_or_research_artifact,current_artifact,available,static_proxy_basket,coverage_pass,validation_not_independent_or_overlapping,True,False,local_same_pool_or_embedded_benchmark,primary_benchmark_is_market_exposure_proxy,proxy_benchmark_limited_interpretation;validation_not_independent;execution_contract_incomplete;reporting_only_not_promotion,v5n_model_performance_reporting\current\model_addenda\v5c_topx_capital_rigorous_test\model_performance_addendum.md
v5d_baostock_5min_data_gate,tier_b2_execution_or_engineering_only,execution_or_engineering_without_strategy_nav,canonical_or_research_unit,execution_or_platform,current_artifact,daily_nav_unavailable,not_available,benchmark_coverage_insufficient,daily_nav_unavailable,False,False,not_available,benchmark_data_unavailable,execution_only_no_strategy_nav_claim,v5n_model_performance_reporting\current\model_addenda\v5d_baostock_5min_data_gate\model_performance_addendum.md
v5d_closeout,tier_c_archived_alias_or_superseded,v5n_archived_or_alias_status,canonical_or_research_unit,governance_or_research_artifact,current_artifact,daily_nav_unavailable,not_available,benchmark_coverage_insufficient,daily_nav_unavailable,False,False,not_available,benchmark_data_unavailable,archived_or_alias_not_active_comparison,v5n_model_performance_reporting\current\model_addenda\v5d_closeout\model_performance_addendum.md
v5d_free_minute_source_audit,tier_b1_evidence_only_no_comparable_daily_performance,missing_daily_nav_or_eligible_benchmark_or_diagnostic_evidence_only,canonical_or_research_unit,governance_or_research_artifact,current_artifact,daily_nav_unavailable,not_available,benchmark_coverage_insufficient,daily_nav_unavailable,False,False,not_available,benchmark_data_unavailable,no_comparable_daily_performance_or_benchmark,v5n_model_performance_reporting\current\model_addenda\v5d_free_minute_source_audit\model_performance_addendum.md
v5d_l2_conservative_slippage_spec,tier_b1_evidence_only_no_comparable_daily_performance,missing_daily_nav_or_eligible_benchmark_or_diagnostic_evidence_only,canonical_or_research_unit,governance_or_research_artifact,current_artifact,daily_nav_unavailable,not_available,benchmark_coverage_insufficient,daily_nav_unavailable,False,False,not_available,benchmark_data_unavailable,no_comparable_daily_performance_or_benchmark,v5n_model_performance_reporting\current\model_addenda\v5d_l2_conservative_slippage_spec\model_performance_addendum.md
v5d_l2_execution_cost_broker_paper_review,tier_b2_execution_or_engineering_only,execution_or_engineering_without_strategy_nav,canonical_or_research_unit,execution_or_platform,current_artifact,daily_nav_unavailable,not_available,benchmark_coverage_insufficient,daily_nav_unavailable,False,False,not_available,benchmark_data_unavailable,execution_only_no_strategy_nav_claim,v5n_model_performance_reporting\current\model_addenda\v5d_l2_execution_cost_broker_paper_review\model_performance_addendum.md
v5d_l2_liquidity_instant_fill_review,tier_b1_evidence_only_no_comparable_daily_performance,missing_daily_nav_or_eligible_benchmark_or_diagnostic_evidence_only,canonical_or_research_unit,governance_or_research_artifact,current_artifact,daily_nav_unavailable,not_available,benchmark_coverage_insufficient,daily_nav_unavailable,False,False,not_available,benchmark_data_unavailable,no_comparable_daily_performance_or_benchmark,v5n_model_performance_reporting\current\model_addenda\v5d_l2_liquidity_instant_fill_review\model_performance_addendum.md
v5d_l2_order_scheduling_pm_quant_review,tier_b2_execution_or_engineering_only,execution_or_engineering_without_strategy_nav,canonical_or_research_unit,execution_or_platform,current_artifact,daily_nav_unavailable,not_available,benchmark_coverage_insufficient,daily_nav_unavailable,False,False,not_available,benchmark_data_unavailable,execution_only_no_strategy_nav_claim,v5n_model_performance_reporting\current\model_addenda\v5d_l2_order_scheduling_pm_quant_review\model_performance_addendum.md
v5d_l3_1_unfilled_remediation,tier_b1_evidence_only_no_comparable_daily_performance,missing_daily_nav_or_eligible_benchmark_or_diagnostic_evidence_only,canonical_or_research_unit,governance_or_research_artifact,current_artifact,daily_nav_unavailable,not_available,benchmark_coverage_insufficient,daily_nav_unavailable,False,False,not_available,benchmark_data_unavailable,no_comparable_daily_performance_or_benchmark,v5n_model_performance_reporting\current\model_addenda\v5d_l3_1_unfilled_remediation\model_performance_addendum.md
v5d_l3_intraday_execution_engineering,tier_a2_comparable_proxy_benchmark_limited,eligible_daily_series_with_static_proxy_basket,canonical_or_research_unit,execution_or_platform,current_artifact,available,static_proxy_basket,coverage_pass,validation_not_independent_or_overlapping,True,False,local_same_pool_or_embedded_benchmark,primary_benchmark_is_market_exposure_proxy,proxy_benchmark_limited_interpretation;validation_not_independent;execution_contract_incomplete;reporting_only_not_promotion,v5n_model_performance_reporting\current\model_addenda\v5d_l3_intraday_execution_engineering\model_performance_addendum.md
v5d_l3_intraday_execution_policy_spec,tier_b2_execution_or_engineering_only,execution_or_engineering_without_strategy_nav,canonical_or_research_unit,execution_or_platform,current_artifact,daily_nav_unavailable,not_available,benchmark_coverage_insufficient,daily_nav_unavailable,False,False,not_available,benchmark_data_unavailable,execution_only_no_strategy_nav_claim,v5n_model_performance_reporting\current\model_addenda\v5d_l3_intraday_execution_policy_spec\model_performance_addendum.md
v5d_l3_pm_quant_review,tier_b1_evidence_only_no_comparable_daily_performance,missing_daily_nav_or_eligible_benchmark_or_diagnostic_evidence_only,canonical_or_research_unit,governance_or_research_artifact,current_artifact,daily_nav_unavailable,not_available,benchmark_coverage_insufficient,daily_nav_unavailable,False,False,not_available,benchmark_data_unavailable,no_comparable_daily_performance_or_benchmark,v5n_model_performance_reporting\current\model_addenda\v5d_l3_pm_quant_review\model_performance_addendum.md
v5d_l4_rebalance_neighborhood_order_completion,tier_c_archived_alias_or_superseded,v5n_archived_or_alias_status,canonical_or_research_unit,execution_or_platform,current_artifact,available,static_proxy_basket,coverage_pass,validation_not_independent_or_overlapping,True,False,local_same_pool_or_embedded_benchmark,primary_benchmark_is_market_exposure_proxy,archived_or_alias_not_active_comparison,v5n_model_performance_reporting\current\model_addenda\v5d_l4_rebalance_neighborhood_order_completion\model_performance_addendum.md
v5d_minute_execution_audit,tier_b2_execution_or_engineering_only,execution_or_engineering_without_strategy_nav,canonical_or_research_unit,execution_or_platform,current_artifact,daily_nav_unavailable,not_available,benchmark_coverage_insufficient,daily_nav_unavailable,False,False,not_available,benchmark_data_unavailable,execution_only_no_strategy_nav_claim,v5n_model_performance_reporting\current\model_addenda\v5d_minute_execution_audit\model_performance_addendum.md
v5d_minute_execution_robustness,tier_a2_comparable_proxy_benchmark_limited,eligible_daily_series_with_static_proxy_basket,canonical_or_research_unit,execution_or_platform,current_artifact,available,static_proxy_basket,coverage_pass,validation_not_independent_or_overlapping,True,False,local_same_pool_or_embedded_benchmark,primary_benchmark_is_market_exposure_proxy,proxy_benchmark_limited_interpretation;validation_not_independent;execution_contract_incomplete;reporting_only_not_promotion,v5n_model_performance_reporting\current\model_addenda\v5d_minute_execution_robustness\model_performance_addendum.md
v5d_order_scheduling_engineering_test,tier_a2_comparable_proxy_benchmark_limited,eligible_daily_series_with_static_proxy_basket,canonical_or_research_unit,execution_or_platform,current_artifact,available,static_proxy_basket,coverage_pass,validation_not_independent_or_overlapping,True,False,local_same_pool_or_embedded_benchmark,primary_benchmark_is_market_exposure_proxy,proxy_benchmark_limited_interpretation;validation_not_independent;execution_contract_incomplete;reporting_only_not_promotion,v5n_model_performance_reporting\current\model_addenda\v5d_order_scheduling_engineering_test\model_performance_addendum.md
v5d_order_scheduling_policy_spec,tier_b2_execution_or_engineering_only,execution_or_engineering_without_strategy_nav,canonical_or_research_unit,execution_or_platform,current_artifact,daily_nav_unavailable,not_available,benchmark_coverage_insufficient,daily_nav_unavailable,False,False,not_available,benchmark_data_unavailable,execution_only_no_strategy_nav_claim,v5n_model_performance_reporting\current\model_addenda\v5d_order_scheduling_policy_spec\model_performance_addendum.md
v5d_yixin_api_capability_probe,tier_b1_evidence_only_no_comparable_daily_performance,missing_daily_nav_or_eligible_benchmark_or_diagnostic_evidence_only,canonical_or_research_unit,governance_or_research_artifact,current_artifact,daily_nav_unavailable,not_available,benchmark_coverage_insufficient,daily_nav_unavailable,False,False,not_available,benchmark_data_unavailable,no_comparable_daily_performance_or_benchmark,v5n_model_performance_reporting\current\model_addenda\v5d_yixin_api_capability_probe\model_performance_addendum.md
v5e_511360_cash_proxy_forward_stress_packet,tier_b1_evidence_only_no_comparable_daily_performance,missing_daily_nav_or_eligible_benchmark_or_diagnostic_evidence_only,canonical_or_research_unit,governance_or_research_artifact,current_artifact,daily_nav_unavailable,not_available,benchmark_coverage_insufficient,daily_nav_unavailable,False,False,not_available,benchmark_data_unavailable,no_comparable_daily_performance_or_benchmark,v5n_model_performance_reporting\current\model_addenda\v5e_511360_cash_proxy_forward_stress_packet\model_performance_addendum.md
v5e_511360_cash_proxy_limited_engineering,tier_b1_evidence_only_no_comparable_daily_performance,missing_daily_nav_or_eligible_benchmark_or_diagnostic_evidence_only,canonical_or_research_unit,governance_or_research_artifact,current_artifact,daily_nav_unavailable,not_available,benchmark_coverage_insufficient,validation_not_independent_or_overlapping,False,False,not_available,benchmark_data_unavailable,no_comparable_daily_performance_or_benchmark,v5n_model_performance_reporting\current\model_addenda\v5e_511360_cash_proxy_limited_engineering\model_performance_addendum.md
v5e_511360_cash_proxy_limited_engineering_spec,tier_b1_evidence_only_no_comparable_daily_performance,missing_daily_nav_or_eligible_benchmark_or_diagnostic_evidence_only,canonical_or_research_unit,governance_or_research_artifact,current_artifact,daily_nav_unavailable,not_available,benchmark_coverage_insufficient,daily_nav_unavailable,False,False,not_available,benchmark_data_unavailable,no_comparable_daily_performance_or_benchmark,v5n_model_performance_reporting\current\model_addenda\v5e_511360_cash_proxy_limited_engineering_spec\model_performance_addendum.md
v5e_511360_cash_proxy_pm_quant_review,tier_b1_evidence_only_no_comparable_daily_performance,missing_daily_nav_or_eligible_benchmark_or_diagnostic_evidence_only,canonical_or_research_unit,governance_or_research_artifact,current_artifact,daily_nav_unavailable,not_available,benchmark_coverage_insufficient,daily_nav_unavailable,False,False,not_available,benchmark_data_unavailable,no_comparable_daily_performance_or_benchmark,v5n_model_performance_reporting\current\model_addenda\v5e_511360_cash_proxy_pm_quant_review\model_performance_addendum.md
v5e_511360_forward_paper_tracking,tier_b1_evidence_only_no_comparable_daily_performance,missing_daily_nav_or_eligible_benchmark_or_diagnostic_evidence_only,canonical_or_research_unit,governance_or_research_artifact,current_artifact,daily_nav_unavailable,not_available,benchmark_coverage_insufficient,daily_nav_unavailable,False,False,not_available,benchmark_data_unavailable,no_comparable_daily_performance_or_benchmark,v5n_model_performance_reporting\current\model_addenda\v5e_511360_forward_paper_tracking\model_performance_addendum.md
v5e_511360_pit_data_audit,tier_b1_evidence_only_no_comparable_daily_performance,missing_daily_nav_or_eligible_benchmark_or_diagnostic_evidence_only,canonical_or_research_unit,governance_or_research_artifact,current_artifact,daily_nav_unavailable,not_available,benchmark_coverage_insufficient,daily_nav_unavailable,False,False,not_available,benchmark_data_unavailable,no_comparable_daily_performance_or_benchmark,v5n_model_performance_reporting\current\model_addenda\v5e_511360_pit_data_audit\model_performance_addendum.md
v5e_capital_sensitivity_test,tier_b1_evidence_only_no_comparable_daily_performance,missing_daily_nav_or_eligible_benchmark_or_diagnostic_evidence_only,canonical_or_research_unit,governance_or_research_artifact,current_artifact,daily_nav_unavailable,not_available,benchmark_coverage_insufficient,validation_not_independent_or_overlapping,False,False,not_available,benchmark_data_unavailable,no_comparable_daily_performance_or_benchmark,v5n_model_performance_reporting\current\model_addenda\v5e_capital_sensitivity_test\model_performance_addendum.md
v5e_cash_drag_robustness_packet,tier_b1_evidence_only_no_comparable_daily_performance,missing_daily_nav_or_eligible_benchmark_or_diagnostic_evidence_only,canonical_or_research_unit,governance_or_research_artifact,current_artifact,daily_nav_unavailable,not_available,benchmark_coverage_insufficient,daily_nav_unavailable,False,False,not_available,benchmark_data_unavailable,no_comparable_daily_performance_or_benchmark,v5n_model_performance_reporting\current\model_addenda\v5e_cash_drag_robustness_packet\model_performance_addendum.md
v5e_cash_policy_review,tier_b1_evidence_only_no_comparable_daily_performance,missing_daily_nav_or_eligible_benchmark_or_diagnostic_evidence_only,canonical_or_research_unit,governance_or_research_artifact,current_artifact,daily_nav_unavailable,not_available,benchmark_coverage_insufficient,daily_nav_unavailable,False,False,not_available,benchmark_data_unavailable,no_comparable_daily_performance_or_benchmark,v5n_model_performance_reporting\current\model_addenda\v5e_cash_policy_review\model_performance_addendum.md
v5e_cash_proxy_asset_data_gate,tier_b1_evidence_only_no_comparable_daily_performance,missing_daily_nav_or_eligible_benchmark_or_diagnostic_evidence_only,canonical_or_research_unit,governance_or_research_artifact,current_artifact,daily_nav_unavailable,not_available,benchmark_coverage_insufficient,daily_nav_unavailable,False,False,not_available,benchmark_data_unavailable,no_comparable_daily_performance_or_benchmark,v5n_model_performance_reporting\current\model_addenda\v5e_cash_proxy_asset_data_gate\model_performance_addendum.md
v5e_daily_momentum_diagnostic_addendum,tier_b1_evidence_only_no_comparable_daily_performance,missing_daily_nav_or_eligible_benchmark_or_diagnostic_evidence_only,canonical_or_research_unit,momentum_overlay,current_artifact,daily_nav_unavailable,not_available,benchmark_coverage_insufficient,validation_not_independent_or_overlapping,False,False,not_available,benchmark_data_unavailable,no_comparable_daily_performance_or_benchmark,v5n_model_performance_reporting\current\model_addenda\v5e_daily_momentum_diagnostic_addendum\model_performance_addendum.md
v5e_formal_validation_forward_packet,tier_b1_evidence_only_no_comparable_daily_performance,missing_daily_nav_or_eligible_benchmark_or_diagnostic_evidence_only,canonical_or_research_unit,governance_or_research_artifact,current_artifact,daily_nav_unavailable,not_available,benchmark_coverage_insufficient,daily_nav_unavailable,False,False,not_available,benchmark_data_unavailable,no_comparable_daily_performance_or_benchmark,v5n_model_performance_reporting\current\model_addenda\v5e_formal_validation_forward_packet\model_performance_addendum.md
v5e_forward_paper_continuation_v5f_prep,tier_b1_evidence_only_no_comparable_daily_performance,missing_daily_nav_or_eligible_benchmark_or_diagnostic_evidence_only,canonical_or_research_unit,governance_or_research_artifact,current_artifact,daily_nav_unavailable,not_available,benchmark_coverage_insufficient,daily_nav_unavailable,False,False,not_available,benchmark_data_unavailable,no_comparable_daily_performance_or_benchmark,v5n_model_performance_reporting\current\model_addenda\v5e_forward_paper_continuation_v5f_prep\model_performance_addendum.md
v5e_forward_paper_daily_packet,tier_b1_evidence_only_no_comparable_daily_performance,missing_daily_nav_or_eligible_benchmark_or_diagnostic_evidence_only,canonical_or_research_unit,governance_or_research_artifact,current_artifact,daily_nav_unavailable,not_available,benchmark_coverage_insufficient,daily_nav_unavailable,False,False,not_available,benchmark_data_unavailable,no_comparable_daily_performance_or_benchmark,v5n_model_performance_reporting\current\model_addenda\v5e_forward_paper_daily_packet\model_performance_addendum.md
v5e_full_holding_5min_data_gate,tier_b2_execution_or_engineering_only,execution_or_engineering_without_strategy_nav,canonical_or_research_unit,execution_or_platform,current_artifact,daily_nav_unavailable,not_available,benchmark_coverage_insufficient,daily_nav_unavailable,False,False,not_available,benchmark_data_unavailable,execution_only_no_strategy_nav_claim,v5n_model_performance_reporting\current\model_addenda\v5e_full_holding_5min_data_gate\model_performance_addendum.md
v5e_full_holding_5min_momentum_research,tier_b2_execution_or_engineering_only,execution_or_engineering_without_strategy_nav,canonical_or_research_unit,momentum_overlay,current_artifact,daily_nav_unavailable,not_available,benchmark_coverage_insufficient,daily_nav_unavailable,False,False,not_available,benchmark_data_unavailable,execution_only_no_strategy_nav_claim,v5n_model_performance_reporting\current\model_addenda\v5e_full_holding_5min_momentum_research\model_performance_addendum.md
v5e_full_holding_rolling_intraday_research,tier_b1_evidence_only_no_comparable_daily_performance,missing_daily_nav_or_eligible_benchmark_or_diagnostic_evidence_only,canonical_or_research_unit,governance_or_research_artifact,current_artifact,daily_nav_unavailable,not_available,benchmark_coverage_insufficient,daily_nav_unavailable,False,False,not_available,benchmark_data_unavailable,no_comparable_daily_performance_or_benchmark,v5n_model_performance_reporting\current\model_addenda\v5e_full_holding_rolling_intraday_research\model_performance_addendum.md
v5e_full_intraday_nav_engineering_test,tier_b1_evidence_only_no_comparable_daily_performance,missing_daily_nav_or_eligible_benchmark_or_diagnostic_evidence_only,canonical_or_research_unit,governance_or_research_artifact,current_artifact,daily_nav_unavailable,not_available,benchmark_coverage_insufficient,validation_not_independent_or_overlapping,False,False,not_available,benchmark_data_unavailable,no_comparable_daily_performance_or_benchmark,v5n_model_performance_reporting\current\model_addenda\v5e_full_intraday_nav_engineering_test\model_performance_addendum.md
v5e_historical_closeout_governance_packet,tier_c_archived_alias_or_superseded,v5n_archived_or_alias_status,canonical_or_research_unit,governance_or_research_artifact,current_artifact,daily_nav_unavailable,not_available,benchmark_coverage_insufficient,daily_nav_unavailable,False,False,not_available,benchmark_data_unavailable,archived_or_alias_not_active_comparison,v5n_model_performance_reporting\current\model_addenda\v5e_historical_closeout_governance_packet\model_performance_addendum.md
v5e_holding_period_exit_pm_review,tier_b1_evidence_only_no_comparable_daily_performance,missing_daily_nav_or_eligible_benchmark_or_diagnostic_evidence_only,canonical_or_research_unit,governance_or_research_artifact,current_artifact,daily_nav_unavailable,not_available,benchmark_coverage_insufficient,daily_nav_unavailable,False,False,not_available,benchmark_data_unavailable,no_comparable_daily_performance_or_benchmark,v5n_model_performance_reporting\current\model_addenda\v5e_holding_period_exit_pm_review\model_performance_addendum.md
v5e_limited_engineering_loop,tier_b1_evidence_only_no_comparable_daily_performance,missing_daily_nav_or_eligible_benchmark_or_diagnostic_evidence_only,canonical_or_research_unit,governance_or_research_artifact,current_artifact,daily_nav_unavailable,not_available,benchmark_coverage_insufficient,validation_not_independent_or_overlapping,False,False,not_available,benchmark_data_unavailable,no_comparable_daily_performance_or_benchmark,v5n_model_performance_reporting\current\model_addenda\v5e_limited_engineering_loop\model_performance_addendum.md
v5e_long_horizon_momentum_diagnostic,tier_b1_evidence_only_no_comparable_daily_performance,missing_daily_nav_or_eligible_benchmark_or_diagnostic_evidence_only,canonical_or_research_unit,momentum_overlay,current_artifact,daily_nav_unavailable,not_available,benchmark_coverage_insufficient,daily_nav_unavailable,False,False,not_available,benchmark_data_unavailable,no_comparable_daily_performance_or_benchmark,v5n_model_performance_reporting\current\model_addenda\v5e_long_horizon_momentum_diagnostic\model_performance_addendum.md
v5e_momentum_addenda_closeout_packet,tier_c_archived_alias_or_superseded,v5n_archived_or_alias_status,canonical_or_research_unit,momentum_overlay,current_artifact,daily_nav_unavailable,not_available,benchmark_coverage_insufficient,daily_nav_unavailable,False,False,not_available,benchmark_data_unavailable,archived_or_alias_not_active_comparison,v5n_model_performance_reporting\current\model_addenda\v5e_momentum_addenda_closeout_packet\model_performance_addendum.md
v5e_pm_quant_formal_review,tier_b1_evidence_only_no_comparable_daily_performance,missing_daily_nav_or_eligible_benchmark_or_diagnostic_evidence_only,canonical_or_research_unit,governance_or_research_artifact,current_artifact,daily_nav_unavailable,not_available,benchmark_coverage_insufficient,daily_nav_unavailable,False,False,not_available,benchmark_data_unavailable,no_comparable_daily_performance_or_benchmark,v5n_model_performance_reporting\current\model_addenda\v5e_pm_quant_formal_review\model_performance_addendum.md
v5e_post_exit_5min_monitoring_audit_packet,tier_b2_execution_or_engineering_only,execution_or_engineering_without_strategy_nav,canonical_or_research_unit,execution_or_platform,current_artifact,daily_nav_unavailable,not_available,benchmark_coverage_insufficient,daily_nav_unavailable,False,False,not_available,benchmark_data_unavailable,execution_only_no_strategy_nav_claim,v5n_model_performance_reporting\current\model_addenda\v5e_post_exit_5min_monitoring_audit_packet\model_performance_addendum.md
v5e_post_exit_5min_monitoring_data_gate,tier_b2_execution_or_engineering_only,execution_or_engineering_without_strategy_nav,canonical_or_research_unit,execution_or_platform,current_artifact,daily_nav_unavailable,not_available,benchmark_coverage_insufficient,daily_nav_unavailable,False,False,not_available,benchmark_data_unavailable,execution_only_no_strategy_nav_claim,v5n_model_performance_reporting\current\model_addenda\v5e_post_exit_5min_monitoring_data_gate\model_performance_addendum.md
v5e_profit_lock_execution_robust_formal_review,tier_b2_execution_or_engineering_only,execution_or_engineering_without_strategy_nav,canonical_or_research_unit,execution_or_platform,current_artifact,daily_nav_unavailable,not_available,benchmark_coverage_insufficient,daily_nav_unavailable,False,False,not_available,benchmark_data_unavailable,execution_only_no_strategy_nav_claim,v5n_model_performance_reporting\current\model_addenda\v5e_profit_lock_execution_robust_formal_review\model_performance_addendum.md
v5e_profit_lock_main_20pct_sell50,tier_c_archived_alias_or_superseded,v5n_archived_or_alias_status,canonical_or_research_unit,governance_or_research_artifact,historical_closeout_forward_only,available,static_proxy_basket,coverage_pass,validation_not_independent_or_overlapping,True,False,local_same_pool_or_embedded_benchmark,primary_benchmark_is_market_exposure_proxy,archived_or_alias_not_active_comparison,v5n_model_performance_reporting\current\model_addenda\v5e_profit_lock_main_20pct_sell50\model_performance_addendum.md
v5e_profit_lock_main_forward_paper_execution_tracking,tier_b2_execution_or_engineering_only,execution_or_engineering_without_strategy_nav,canonical_or_research_unit,execution_or_platform,current_artifact,daily_nav_unavailable,not_available,benchmark_coverage_insufficient,daily_nav_unavailable,False,False,not_available,benchmark_data_unavailable,execution_only_no_strategy_nav_claim,v5n_model_performance_reporting\current\model_addenda\v5e_profit_lock_main_forward_paper_execution_tracking\model_performance_addendum.md
v5e_profit_lock_model_comparison,tier_b1_evidence_only_no_comparable_daily_performance,missing_daily_nav_or_eligible_benchmark_or_diagnostic_evidence_only,canonical_or_research_unit,governance_or_research_artifact,current_artifact,daily_nav_unavailable,not_available,benchmark_coverage_insufficient,daily_nav_unavailable,False,False,not_available,benchmark_data_unavailable,no_comparable_daily_performance_or_benchmark,v5n_model_performance_reporting\current\model_addenda\v5e_profit_lock_model_comparison\model_performance_addendum.md
v5e_quant_spec_single_name_exit,tier_b1_evidence_only_no_comparable_daily_performance,missing_daily_nav_or_eligible_benchmark_or_diagnostic_evidence_only,canonical_or_research_unit,governance_or_research_artifact,current_artifact,daily_nav_unavailable,not_available,benchmark_coverage_insufficient,daily_nav_unavailable,False,False,not_available,benchmark_data_unavailable,no_comparable_daily_performance_or_benchmark,v5n_model_performance_reporting\current\model_addenda\v5e_quant_spec_single_name_exit\model_performance_addendum.md
v5e_reasonable_momentum_range_test,tier_b1_evidence_only_no_comparable_daily_performance,missing_daily_nav_or_eligible_benchmark_or_diagnostic_evidence_only,canonical_or_research_unit,momentum_overlay,current_artifact,daily_nav_unavailable,not_available,benchmark_coverage_insufficient,daily_nav_unavailable,False,False,not_available,benchmark_data_unavailable,no_comparable_daily_performance_or_benchmark,v5n_model_performance_reporting\current\model_addenda\v5e_reasonable_momentum_range_test\model_performance_addendum.md
v5e_short_financing_etf_cash_proxy_selection_gate,tier_b1_evidence_only_no_comparable_daily_performance,missing_daily_nav_or_eligible_benchmark_or_diagnostic_evidence_only,canonical_or_research_unit,governance_or_research_artifact,current_artifact,daily_nav_unavailable,not_available,benchmark_coverage_insufficient,daily_nav_unavailable,False,False,not_available,benchmark_data_unavailable,no_comparable_daily_performance_or_benchmark,v5n_model_performance_reporting\current\model_addenda\v5e_short_financing_etf_cash_proxy_selection_gate\model_performance_addendum.md
v5e_sleeve_cash_bucket_engineering,tier_b1_evidence_only_no_comparable_daily_performance,missing_daily_nav_or_eligible_benchmark_or_diagnostic_evidence_only,canonical_or_research_unit,governance_or_research_artifact,current_artifact,daily_nav_unavailable,not_available,benchmark_coverage_insufficient,daily_nav_unavailable,False,False,not_available,benchmark_data_unavailable,no_comparable_daily_performance_or_benchmark,v5n_model_performance_reporting\current\model_addenda\v5e_sleeve_cash_bucket_engineering\model_performance_addendum.md
v5e_sleeve_cash_policy_quant_spec,tier_b1_evidence_only_no_comparable_daily_performance,missing_daily_nav_or_eligible_benchmark_or_diagnostic_evidence_only,canonical_or_research_unit,governance_or_research_artifact,current_artifact,daily_nav_unavailable,not_available,benchmark_coverage_insufficient,daily_nav_unavailable,False,False,not_available,benchmark_data_unavailable,no_comparable_daily_performance_or_benchmark,v5n_model_performance_reporting\current\model_addenda\v5e_sleeve_cash_policy_quant_spec\model_performance_addendum.md
v5e_sleeve_level_risk_release_limited_engineering,tier_b1_evidence_only_no_comparable_daily_performance,missing_daily_nav_or_eligible_benchmark_or_diagnostic_evidence_only,canonical_or_research_unit,governance_or_research_artifact,current_artifact,daily_nav_unavailable,not_available,benchmark_coverage_insufficient,validation_not_independent_or_overlapping,False,False,not_available,benchmark_data_unavailable,no_comparable_daily_performance_or_benchmark,v5n_model_performance_reporting\current\model_addenda\v5e_sleeve_level_risk_release_limited_engineering\model_performance_addendum.md
v5e_sleeve_level_risk_release_pm_spec,tier_b1_evidence_only_no_comparable_daily_performance,missing_daily_nav_or_eligible_benchmark_or_diagnostic_evidence_only,canonical_or_research_unit,governance_or_research_artifact,current_artifact,daily_nav_unavailable,not_available,benchmark_coverage_insufficient,daily_nav_unavailable,False,False,not_available,benchmark_data_unavailable,no_comparable_daily_performance_or_benchmark,v5n_model_performance_reporting\current\model_addenda\v5e_sleeve_level_risk_release_pm_spec\model_performance_addendum.md
v5e_sleeve_level_risk_release_quant_spec,tier_b1_evidence_only_no_comparable_daily_performance,missing_daily_nav_or_eligible_benchmark_or_diagnostic_evidence_only,canonical_or_research_unit,governance_or_research_artifact,current_artifact,daily_nav_unavailable,not_available,benchmark_coverage_insufficient,daily_nav_unavailable,False,False,not_available,benchmark_data_unavailable,no_comparable_daily_performance_or_benchmark,v5n_model_performance_reporting\current\model_addenda\v5e_sleeve_level_risk_release_quant_spec\model_performance_addendum.md
v5e_trigger_day_5min_execution_data_gate,tier_b2_execution_or_engineering_only,execution_or_engineering_without_strategy_nav,canonical_or_research_unit,execution_or_platform,current_artifact,daily_nav_unavailable,not_available,benchmark_coverage_insufficient,daily_nav_unavailable,False,False,not_available,benchmark_data_unavailable,execution_only_no_strategy_nav_claim,v5n_model_performance_reporting\current\model_addenda\v5e_trigger_day_5min_execution_data_gate\model_performance_addendum.md
v5e_trigger_day_5min_execution_proxy_test,tier_b2_execution_or_engineering_only,execution_or_engineering_without_strategy_nav,canonical_or_research_unit,execution_or_platform,current_artifact,daily_nav_unavailable,not_available,benchmark_coverage_insufficient,daily_nav_unavailable,False,False,not_available,benchmark_data_unavailable,execution_only_no_strategy_nav_claim,v5n_model_performance_reporting\current\model_addenda\v5e_trigger_day_5min_execution_proxy_test\model_performance_addendum.md
v5f_1min_forward_observation_append,tier_b2_execution_or_engineering_only,execution_or_engineering_without_strategy_nav,canonical_or_research_unit,execution_or_platform,current_artifact,daily_nav_unavailable,not_available,benchmark_coverage_insufficient,daily_nav_unavailable,False,False,not_available,benchmark_data_unavailable,execution_only_no_strategy_nav_claim,v5n_model_performance_reporting\current\model_addenda\v5f_1min_forward_observation_append\model_performance_addendum.md
v5f_1min_intraday_relative_zone_timing_test,tier_b2_execution_or_engineering_only,execution_or_engineering_without_strategy_nav,canonical_or_research_unit,execution_or_platform,current_artifact,daily_nav_unavailable,not_available,benchmark_coverage_insufficient,daily_nav_unavailable,False,False,not_available,benchmark_data_unavailable,execution_only_no_strategy_nav_claim,v5n_model_performance_reporting\current\model_addenda\v5f_1min_intraday_relative_zone_timing_test\model_performance_addendum.md
v5f_1min_microstructure_signal_quality_gate,tier_b2_execution_or_engineering_only,execution_or_engineering_without_strategy_nav,canonical_or_research_unit,execution_or_platform,current_artifact,daily_nav_unavailable,not_available,benchmark_coverage_insufficient,daily_nav_unavailable,False,False,not_available,benchmark_data_unavailable,execution_only_no_strategy_nav_claim,v5n_model_performance_reporting\current\model_addenda\v5f_1min_microstructure_signal_quality_gate\model_performance_addendum.md
v5f_1min_queue_123_execution,tier_b2_execution_or_engineering_only,execution_or_engineering_without_strategy_nav,canonical_or_research_unit,execution_or_platform,current_artifact,daily_nav_unavailable,not_available,benchmark_coverage_insufficient,daily_nav_unavailable,False,False,not_available,benchmark_data_unavailable,execution_only_no_strategy_nav_claim,v5n_model_performance_reporting\current\model_addenda\v5f_1min_queue_123_execution\model_performance_addendum.md
v5f_1min_vwap_execution_precision_audit,tier_b2_execution_or_engineering_only,execution_or_engineering_without_strategy_nav,canonical_or_research_unit,execution_or_platform,current_artifact,daily_nav_unavailable,not_available,benchmark_coverage_insufficient,daily_nav_unavailable,False,False,not_available,benchmark_data_unavailable,execution_only_no_strategy_nav_claim,v5n_model_performance_reporting\current\model_addenda\v5f_1min_vwap_execution_precision_audit\model_performance_addendum.md
v5f_adaptive_momentum_governance,tier_b1_evidence_only_no_comparable_daily_performance,missing_daily_nav_or_eligible_benchmark_or_diagnostic_evidence_only,canonical_or_research_unit,momentum_overlay,current_artifact,daily_nav_unavailable,not_available,benchmark_coverage_insufficient,validation_not_independent_or_overlapping,False,False,not_available,benchmark_data_unavailable,no_comparable_daily_performance_or_benchmark,v5n_model_performance_reporting\current\model_addenda\v5f_adaptive_momentum_governance\model_performance_addendum.md
v5f_backtest_scope_governance_correction,tier_b1_evidence_only_no_comparable_daily_performance,missing_daily_nav_or_eligible_benchmark_or_diagnostic_evidence_only,canonical_or_research_unit,governance_or_research_artifact,current_artifact,daily_nav_unavailable,not_available,benchmark_coverage_insufficient,daily_nav_unavailable,False,False,not_available,benchmark_data_unavailable,no_comparable_daily_performance_or_benchmark,v5n_model_performance_reporting\current\model_addenda\v5f_backtest_scope_governance_correction\model_performance_addendum.md
v5f_clean_forward_target_population,tier_b1_evidence_only_no_comparable_daily_performance,missing_daily_nav_or_eligible_benchmark_or_diagnostic_evidence_only,canonical_or_research_unit,governance_or_research_artifact,current_artifact,daily_nav_unavailable,not_available,benchmark_coverage_insufficient,daily_nav_unavailable,False,False,not_available,benchmark_data_unavailable,no_comparable_daily_performance_or_benchmark,v5n_model_performance_reporting\current\model_addenda\v5f_clean_forward_target_population\model_performance_addendum.md
v5f_deployment_governance_paper_workflow,tier_b1_evidence_only_no_comparable_daily_performance,missing_daily_nav_or_eligible_benchmark_or_diagnostic_evidence_only,canonical_or_research_unit,governance_or_research_artifact,current_artifact,daily_nav_unavailable,not_available,benchmark_coverage_insufficient,daily_nav_unavailable,False,False,not_available,benchmark_data_unavailable,no_comparable_daily_performance_or_benchmark,v5n_model_performance_reporting\current\model_addenda\v5f_deployment_governance_paper_workflow\model_performance_addendum.md
v5f_event_triggered_mean_reversion_borrowing_test,tier_b1_evidence_only_no_comparable_daily_performance,missing_daily_nav_or_eligible_benchmark_or_diagnostic_evidence_only,canonical_or_research_unit,mean_reversion,current_artifact,daily_nav_unavailable,not_available,benchmark_coverage_insufficient,validation_not_independent_or_overlapping,False,False,not_available,benchmark_data_unavailable,no_comparable_daily_performance_or_benchmark,v5n_model_performance_reporting\current\model_addenda\v5f_event_triggered_mean_reversion_borrowing_test\model_performance_addendum.md
v5f_extreme_value_reversion,tier_b1_evidence_only_no_comparable_daily_performance,missing_daily_nav_or_eligible_benchmark_or_diagnostic_evidence_only,canonical_or_research_unit,mean_reversion,current_artifact,daily_nav_unavailable,not_available,benchmark_coverage_insufficient,validation_not_independent_or_overlapping,False,False,not_available,benchmark_data_unavailable,no_comparable_daily_performance_or_benchmark,v5n_model_performance_reporting\current\model_addenda\v5f_extreme_value_reversion\model_performance_addendum.md
v5f_forward_continuation_v5g01_closeout,tier_c_archived_alias_or_superseded,v5n_archived_or_alias_status,canonical_or_research_unit,governance_or_research_artifact,current_artifact,daily_nav_unavailable,not_available,benchmark_coverage_insufficient,daily_nav_unavailable,False,False,not_available,benchmark_data_unavailable,archived_or_alias_not_active_comparison,v5n_model_performance_reporting\current\model_addenda\v5f_forward_continuation_v5g01_closeout\model_performance_addendum.md
v5f_forward_paper_tracking_with_v5c_state_tags,tier_b1_evidence_only_no_comparable_daily_performance,missing_daily_nav_or_eligible_benchmark_or_diagnostic_evidence_only,canonical_or_research_unit,governance_or_research_artifact,current_artifact,daily_nav_unavailable,not_available,benchmark_coverage_insufficient,daily_nav_unavailable,False,False,not_available,benchmark_data_unavailable,no_comparable_daily_performance_or_benchmark,v5n_model_performance_reporting\current\model_addenda\v5f_forward_paper_tracking_with_v5c_state_tags\model_performance_addendum.md
v5f_forward_paper_v5c_state_tags,tier_b1_evidence_only_no_comparable_daily_performance,missing_daily_nav_or_eligible_benchmark_or_diagnostic_evidence_only,canonical_or_research_unit,governance_or_research_artifact,current_artifact,daily_nav_unavailable,not_available,benchmark_coverage_insufficient,daily_nav_unavailable,False,False,not_available,benchmark_data_unavailable,no_comparable_daily_performance_or_benchmark,v5n_model_performance_reporting\current\model_addenda\v5f_forward_paper_v5c_state_tags\model_performance_addendum.md
v5f_improvement_queue_execution,tier_b2_execution_or_engineering_only,execution_or_engineering_without_strategy_nav,canonical_or_research_unit,execution_or_platform,current_artifact,daily_nav_unavailable,not_available,benchmark_coverage_insufficient,daily_nav_unavailable,False,False,not_available,benchmark_data_unavailable,execution_only_no_strategy_nav_claim,v5n_model_performance_reporting\current\model_addenda\v5f_improvement_queue_execution\model_performance_addendum.md
v5f_internal_subsleeve_candidate_replacement_packet,tier_b1_evidence_only_no_comparable_daily_performance,missing_daily_nav_or_eligible_benchmark_or_diagnostic_evidence_only,canonical_or_research_unit,momentum_overlay,current_artifact,daily_nav_unavailable,not_available,benchmark_coverage_insufficient,daily_nav_unavailable,False,False,not_available,benchmark_data_unavailable,no_comparable_daily_performance_or_benchmark,v5n_model_performance_reporting\current\model_addenda\v5f_internal_subsleeve_candidate_replacement_packet\model_performance_addendum.md
v5f_internal_subsleeve_deep_engineering,tier_b1_evidence_only_no_comparable_daily_performance,missing_daily_nav_or_eligible_benchmark_or_diagnostic_evidence_only,canonical_or_research_unit,momentum_overlay,current_artifact,daily_nav_unavailable,not_available,benchmark_coverage_insufficient,daily_nav_unavailable,False,False,not_available,benchmark_data_unavailable,no_comparable_daily_performance_or_benchmark,v5n_model_performance_reporting\current\model_addenda\v5f_internal_subsleeve_deep_engineering\model_performance_addendum.md
v5f_internal_subsleeve_deep_research_spec,tier_b1_evidence_only_no_comparable_daily_performance,missing_daily_nav_or_eligible_benchmark_or_diagnostic_evidence_only,canonical_or_research_unit,momentum_overlay,current_artifact,daily_nav_unavailable,not_available,benchmark_coverage_insufficient,daily_nav_unavailable,False,False,not_available,benchmark_data_unavailable,no_comparable_daily_performance_or_benchmark,v5n_model_performance_reporting\current\model_addenda\v5f_internal_subsleeve_deep_research_spec\model_performance_addendum.md
v5f_internal_subsleeve_deployment_governance,tier_b1_evidence_only_no_comparable_daily_performance,missing_daily_nav_or_eligible_benchmark_or_diagnostic_evidence_only,canonical_or_research_unit,momentum_overlay,current_artifact,daily_nav_unavailable,not_available,benchmark_coverage_insufficient,daily_nav_unavailable,False,False,not_available,benchmark_data_unavailable,no_comparable_daily_performance_or_benchmark,v5n_model_performance_reporting\current\model_addenda\v5f_internal_subsleeve_deployment_governance\model_performance_addendum.md
v5f_internal_subsleeve_forward_paper_tracking,tier_b1_evidence_only_no_comparable_daily_performance,missing_daily_nav_or_eligible_benchmark_or_diagnostic_evidence_only,canonical_or_research_unit,momentum_overlay,current_artifact,daily_nav_unavailable,not_available,benchmark_coverage_insufficient,daily_nav_unavailable,False,False,not_available,benchmark_data_unavailable,no_comparable_daily_performance_or_benchmark,v5n_model_performance_reporting\current\model_addenda\v5f_internal_subsleeve_forward_paper_tracking\model_performance_addendum.md
v5f_internal_subsleeve_pm_quant_review,tier_b1_evidence_only_no_comparable_daily_performance,missing_daily_nav_or_eligible_benchmark_or_diagnostic_evidence_only,canonical_or_research_unit,momentum_overlay,current_artifact,daily_nav_unavailable,not_available,benchmark_coverage_insufficient,daily_nav_unavailable,False,False,not_available,benchmark_data_unavailable,no_comparable_daily_performance_or_benchmark,v5n_model_performance_reporting\current\model_addenda\v5f_internal_subsleeve_pm_quant_review\model_performance_addendum.md
v5f_internal_subsleeve_queue_123_execution,tier_b2_execution_or_engineering_only,execution_or_engineering_without_strategy_nav,canonical_or_research_unit,momentum_overlay,current_artifact,daily_nav_unavailable,not_available,benchmark_coverage_insufficient,daily_nav_unavailable,False,False,not_available,benchmark_data_unavailable,execution_only_no_strategy_nav_claim,v5n_model_performance_reporting\current\model_addenda\v5f_internal_subsleeve_queue_123_execution\model_performance_addendum.md
v5f_internal_subsleeve_robustness_packet,tier_b1_evidence_only_no_comparable_daily_performance,missing_daily_nav_or_eligible_benchmark_or_diagnostic_evidence_only,canonical_or_research_unit,momentum_overlay,current_artifact,daily_nav_unavailable,not_available,benchmark_coverage_insufficient,daily_nav_unavailable,False,False,not_available,benchmark_data_unavailable,no_comparable_daily_performance_or_benchmark,v5n_model_performance_reporting\current\model_addenda\v5f_internal_subsleeve_robustness_packet\model_performance_addendum.md
v5f_joinquant_export_checklist,tier_b1_evidence_only_no_comparable_daily_performance,missing_daily_nav_or_eligible_benchmark_or_diagnostic_evidence_only,canonical_or_research_unit,sector_strategy_or_research,current_artifact,daily_nav_unavailable,not_available,benchmark_coverage_insufficient,daily_nav_unavailable,False,False,not_available,benchmark_data_unavailable,no_comparable_daily_performance_or_benchmark,v5n_model_performance_reporting\current\model_addenda\v5f_joinquant_export_checklist\model_performance_addendum.md
v5f_joinquant_now_execution,tier_b2_execution_or_engineering_only,execution_or_engineering_without_strategy_nav,canonical_or_research_unit,execution_or_platform,current_artifact,daily_nav_unavailable,not_available,benchmark_coverage_insufficient,daily_nav_unavailable,False,False,not_available,benchmark_data_unavailable,execution_only_no_strategy_nav_claim,v5n_model_performance_reporting\current\model_addenda\v5f_joinquant_now_execution\model_performance_addendum.md
v5f_joinquant_platform_attribution,tier_b1_evidence_only_no_comparable_daily_performance,missing_daily_nav_or_eligible_benchmark_or_diagnostic_evidence_only,canonical_or_research_unit,governance_or_research_artifact,current_artifact,daily_nav_unavailable,not_available,benchmark_coverage_insufficient,daily_nav_unavailable,False,False,not_available,benchmark_data_unavailable,no_comparable_daily_performance_or_benchmark,v5n_model_performance_reporting\current\model_addenda\v5f_joinquant_platform_attribution\model_performance_addendum.md
v5f_joinquant_platform_forward_handoff,tier_b1_evidence_only_no_comparable_daily_performance,missing_daily_nav_or_eligible_benchmark_or_diagnostic_evidence_only,canonical_or_research_unit,governance_or_research_artifact,current_artifact,daily_nav_unavailable,not_available,benchmark_coverage_insufficient,daily_nav_unavailable,False,False,not_available,benchmark_data_unavailable,no_comparable_daily_performance_or_benchmark,v5n_model_performance_reporting\current\model_addenda\v5f_joinquant_platform_forward_handoff\model_performance_addendum.md
v5f_local_1min_data_package_audit,tier_b2_execution_or_engineering_only,execution_or_engineering_without_strategy_nav,canonical_or_research_unit,execution_or_platform,current_artifact,daily_nav_unavailable,not_available,benchmark_coverage_insufficient,daily_nav_unavailable,False,False,not_available,benchmark_data_unavailable,execution_only_no_strategy_nav_claim,v5n_model_performance_reporting\current\model_addenda\v5f_local_1min_data_package_audit\model_performance_addendum.md
v5f_locked_pool_conditional_momentum,tier_b1_evidence_only_no_comparable_daily_performance,missing_daily_nav_or_eligible_benchmark_or_diagnostic_evidence_only,canonical_or_research_unit,momentum_overlay,current_artifact,daily_nav_unavailable,not_available,benchmark_coverage_insufficient,validation_not_independent_or_overlapping,False,False,not_available,benchmark_data_unavailable,no_comparable_daily_performance_or_benchmark,v5n_model_performance_reporting\current\model_addenda\v5f_locked_pool_conditional_momentum\model_performance_addendum.md
v5f_locked_pool_daily_momentum_governance,tier_b1_evidence_only_no_comparable_daily_performance,missing_daily_nav_or_eligible_benchmark_or_diagnostic_evidence_only,canonical_or_research_unit,momentum_overlay,current_artifact,daily_nav_unavailable,not_available,benchmark_coverage_insufficient,validation_not_independent_or_overlapping,False,False,not_available,benchmark_data_unavailable,no_comparable_daily_performance_or_benchmark,v5n_model_performance_reporting\current\model_addenda\v5f_locked_pool_daily_momentum_governance\model_performance_addendum.md
v5f_mean_reversion_diagnostic,tier_b1_evidence_only_no_comparable_daily_performance,missing_daily_nav_or_eligible_benchmark_or_diagnostic_evidence_only,canonical_or_research_unit,mean_reversion,current_artifact,daily_nav_unavailable,not_available,benchmark_coverage_insufficient,validation_not_independent_or_overlapping,False,False,not_available,benchmark_data_unavailable,no_comparable_daily_performance_or_benchmark,v5n_model_performance_reporting\current\model_addenda\v5f_mean_reversion_diagnostic\model_performance_addendum.md
v5f_model_comparison_progress,tier_b1_evidence_only_no_comparable_daily_performance,missing_daily_nav_or_eligible_benchmark_or_diagnostic_evidence_only,canonical_or_research_unit,governance_or_research_artifact,current_artifact,daily_nav_unavailable,not_available,benchmark_coverage_insufficient,daily_nav_unavailable,False,False,not_available,benchmark_data_unavailable,no_comparable_daily_performance_or_benchmark,v5n_model_performance_reporting\current\model_addenda\v5f_model_comparison_progress\model_performance_addendum.md
v5f_momentum_weight_tilt_backtest_scope,tier_b1_evidence_only_no_comparable_daily_performance,missing_daily_nav_or_eligible_benchmark_or_diagnostic_evidence_only,canonical_or_research_unit,momentum_overlay,current_artifact,daily_nav_unavailable,not_available,benchmark_coverage_insufficient,daily_nav_unavailable,False,False,not_available,benchmark_data_unavailable,no_comparable_daily_performance_or_benchmark,v5n_model_performance_reporting\current\model_addenda\v5f_momentum_weight_tilt_backtest_scope\model_performance_addendum.md
v5f_momentum_weight_tilt_forward_paper_tracking,tier_b1_evidence_only_no_comparable_daily_performance,missing_daily_nav_or_eligible_benchmark_or_diagnostic_evidence_only,canonical_or_research_unit,momentum_overlay,current_artifact,daily_nav_unavailable,not_available,benchmark_coverage_insufficient,daily_nav_unavailable,False,False,not_available,benchmark_data_unavailable,no_comparable_daily_performance_or_benchmark,v5n_model_performance_reporting\current\model_addenda\v5f_momentum_weight_tilt_forward_paper_tracking\model_performance_addendum.md
v5f_momentum_weight_tilt_limited_engineering,tier_b1_evidence_only_no_comparable_daily_performance,missing_daily_nav_or_eligible_benchmark_or_diagnostic_evidence_only,canonical_or_research_unit,momentum_overlay,current_artifact,daily_nav_unavailable,not_available,benchmark_coverage_insufficient,validation_not_independent_or_overlapping,False,False,not_available,benchmark_data_unavailable,no_comparable_daily_performance_or_benchmark,v5n_model_performance_reporting\current\model_addenda\v5f_momentum_weight_tilt_limited_engineering\model_performance_addendum.md
v5f_momentum_weight_tilt_pm_quant_review,tier_b1_evidence_only_no_comparable_daily_performance,missing_daily_nav_or_eligible_benchmark_or_diagnostic_evidence_only,canonical_or_research_unit,momentum_overlay,current_artifact,daily_nav_unavailable,not_available,benchmark_coverage_insufficient,daily_nav_unavailable,False,False,not_available,benchmark_data_unavailable,no_comparable_daily_performance_or_benchmark,v5n_model_performance_reporting\current\model_addenda\v5f_momentum_weight_tilt_pm_quant_review\model_performance_addendum.md
v5f_momentum_weight_tilt_quant_spec,tier_b1_evidence_only_no_comparable_daily_performance,missing_daily_nav_or_eligible_benchmark_or_diagnostic_evidence_only,canonical_or_research_unit,momentum_overlay,current_artifact,daily_nav_unavailable,not_available,benchmark_coverage_insufficient,daily_nav_unavailable,False,False,not_available,benchmark_data_unavailable,no_comparable_daily_performance_or_benchmark,v5n_model_performance_reporting\current\model_addenda\v5f_momentum_weight_tilt_quant_spec\model_performance_addendum.md
v5f_needed_model_full_comparison,tier_b1_evidence_only_no_comparable_daily_performance,missing_daily_nav_or_eligible_benchmark_or_diagnostic_evidence_only,canonical_or_research_unit,governance_or_research_artifact,current_artifact,daily_nav_unavailable,not_available,benchmark_coverage_insufficient,daily_nav_unavailable,False,False,not_available,benchmark_data_unavailable,no_comparable_daily_performance_or_benchmark,v5n_model_performance_reporting\current\model_addenda\v5f_needed_model_full_comparison\model_performance_addendum.md
v5f_overlay_deployment_governance_review,tier_b1_evidence_only_no_comparable_daily_performance,missing_daily_nav_or_eligible_benchmark_or_diagnostic_evidence_only,canonical_or_research_unit,governance_or_research_artifact,current_artifact,daily_nav_unavailable,not_available,benchmark_coverage_insufficient,daily_nav_unavailable,False,False,not_available,benchmark_data_unavailable,no_comparable_daily_performance_or_benchmark,v5n_model_performance_reporting\current\model_addenda\v5f_overlay_deployment_governance_review\model_performance_addendum.md
v5f_paper_workflow_artifacts,tier_b1_evidence_only_no_comparable_daily_performance,missing_daily_nav_or_eligible_benchmark_or_diagnostic_evidence_only,canonical_or_research_unit,governance_or_research_artifact,current_artifact,daily_nav_unavailable,not_available,benchmark_coverage_insufficient,daily_nav_unavailable,False,False,not_available,benchmark_data_unavailable,no_comparable_daily_performance_or_benchmark,v5n_model_performance_reporting\current\model_addenda\v5f_paper_workflow_artifacts\model_performance_addendum.md
v5f_physics_curve_diagnostic_spec,tier_b1_evidence_only_no_comparable_daily_performance,missing_daily_nav_or_eligible_benchmark_or_diagnostic_evidence_only,canonical_or_research_unit,governance_or_research_artifact,current_artifact,daily_nav_unavailable,not_available,benchmark_coverage_insufficient,daily_nav_unavailable,False,False,not_available,benchmark_data_unavailable,no_comparable_daily_performance_or_benchmark,v5n_model_performance_reporting\current\model_addenda\v5f_physics_curve_diagnostic_spec\model_performance_addendum.md
v5f_physics_curve_full_5min_diagnostic,tier_b2_execution_or_engineering_only,execution_or_engineering_without_strategy_nav,canonical_or_research_unit,execution_or_platform,current_artifact,daily_nav_unavailable,not_available,benchmark_coverage_insufficient,daily_nav_unavailable,False,False,not_available,benchmark_data_unavailable,execution_only_no_strategy_nav_claim,v5n_model_performance_reporting\current\model_addenda\v5f_physics_curve_full_5min_diagnostic\model_performance_addendum.md
v5f_pre2021_5min_blocker_completion,tier_b2_execution_or_engineering_only,execution_or_engineering_without_strategy_nav,canonical_or_research_unit,execution_or_platform,current_artifact,daily_nav_unavailable,not_available,benchmark_coverage_insufficient,daily_nav_unavailable,False,False,not_available,benchmark_data_unavailable,execution_only_no_strategy_nav_claim,v5n_model_performance_reporting\current\model_addenda\v5f_pre2021_5min_blocker_completion\model_performance_addendum.md
v5f_pre2021_factor_panel_repair,tier_b1_evidence_only_no_comparable_daily_performance,missing_daily_nav_or_eligible_benchmark_or_diagnostic_evidence_only,canonical_or_research_unit,governance_or_research_artifact,current_artifact,daily_nav_unavailable,not_available,benchmark_coverage_insufficient,daily_nav_unavailable,False,False,not_available,benchmark_data_unavailable,no_comparable_daily_performance_or_benchmark,v5n_model_performance_reporting\current\model_addenda\v5f_pre2021_factor_panel_repair\model_performance_addendum.md
v5f_pre2021_multisleeve_mainline_validation,tier_b1_evidence_only_no_comparable_daily_performance,missing_daily_nav_or_eligible_benchmark_or_diagnostic_evidence_only,canonical_or_research_unit,governance_or_research_artifact,current_artifact,daily_nav_unavailable,not_available,benchmark_coverage_insufficient,validation_not_independent_or_overlapping,False,False,not_available,benchmark_data_unavailable,no_comparable_daily_performance_or_benchmark,v5n_model_performance_reporting\current\model_addenda\v5f_pre2021_multisleeve_mainline_validation\model_performance_addendum.md
v5f_pre2021_repaired_multisleeve_data_gate,tier_b1_evidence_only_no_comparable_daily_performance,missing_daily_nav_or_eligible_benchmark_or_diagnostic_evidence_only,canonical_or_research_unit,governance_or_research_artifact,current_artifact,daily_nav_unavailable,not_available,benchmark_coverage_insufficient,daily_nav_unavailable,False,False,not_available,benchmark_data_unavailable,no_comparable_daily_performance_or_benchmark,v5n_model_performance_reporting\current\model_addenda\v5f_pre2021_repaired_multisleeve_data_gate\model_performance_addendum.md
v5f_prebacktest_5min_to_backtest,tier_b2_execution_or_engineering_only,execution_or_engineering_without_strategy_nav,canonical_or_research_unit,execution_or_platform,current_artifact,daily_nav_unavailable,not_available,benchmark_coverage_insufficient,daily_nav_unavailable,False,False,not_available,benchmark_data_unavailable,execution_only_no_strategy_nav_claim,v5n_model_performance_reporting\current\model_addenda\v5f_prebacktest_5min_to_backtest\model_performance_addendum.md
v5f_prejq_local_closeout,tier_c_archived_alias_or_superseded,v5n_archived_or_alias_status,canonical_or_research_unit,governance_or_research_artifact,current_artifact,daily_nav_unavailable,not_available,benchmark_coverage_insufficient,daily_nav_unavailable,False,False,not_available,benchmark_data_unavailable,archived_or_alias_not_active_comparison,v5n_model_performance_reporting\current\model_addenda\v5f_prejq_local_closeout\model_performance_addendum.md
v5f_prejq_v5c_v5g_integration,tier_b1_evidence_only_no_comparable_daily_performance,missing_daily_nav_or_eligible_benchmark_or_diagnostic_evidence_only,canonical_or_research_unit,governance_or_research_artifact,current_artifact,daily_nav_unavailable,not_available,benchmark_coverage_insufficient,daily_nav_unavailable,False,False,not_available,benchmark_data_unavailable,no_comparable_daily_performance_or_benchmark,v5n_model_performance_reporting\current\model_addenda\v5f_prejq_v5c_v5g_integration\model_performance_addendum.md
v5f_progress_checkpoint,tier_b1_evidence_only_no_comparable_daily_performance,missing_daily_nav_or_eligible_benchmark_or_diagnostic_evidence_only,canonical_or_research_unit,governance_or_research_artifact,current_artifact,daily_nav_unavailable,not_available,benchmark_coverage_insufficient,daily_nav_unavailable,False,False,not_available,benchmark_data_unavailable,no_comparable_daily_performance_or_benchmark,v5n_model_performance_reporting\current\model_addenda\v5f_progress_checkpoint\model_performance_addendum.md
v5f_quality_value_mean_reversion,tier_b1_evidence_only_no_comparable_daily_performance,missing_daily_nav_or_eligible_benchmark_or_diagnostic_evidence_only,canonical_or_research_unit,mean_reversion,current_artifact,daily_nav_unavailable,not_available,benchmark_coverage_insufficient,validation_not_independent_or_overlapping,False,False,not_available,benchmark_data_unavailable,no_comparable_daily_performance_or_benchmark,v5n_model_performance_reporting\current\model_addenda\v5f_quality_value_mean_reversion\model_performance_addendum.md
v5f_repaired_baseline_overlay_comparison,tier_b1_evidence_only_no_comparable_daily_performance,missing_daily_nav_or_eligible_benchmark_or_diagnostic_evidence_only,canonical_or_research_unit,governance_or_research_artifact,current_artifact,daily_nav_unavailable,not_available,benchmark_coverage_insufficient,daily_nav_unavailable,False,False,not_available,benchmark_data_unavailable,no_comparable_daily_performance_or_benchmark,v5n_model_performance_reporting\current\model_addenda\v5f_repaired_baseline_overlay_comparison\model_performance_addendum.md
v5f_repaired_overlay_forward_paper_tracking,tier_b1_evidence_only_no_comparable_daily_performance,missing_daily_nav_or_eligible_benchmark_or_diagnostic_evidence_only,canonical_or_research_unit,governance_or_research_artifact,current_artifact,daily_nav_unavailable,not_available,benchmark_coverage_insufficient,daily_nav_unavailable,False,False,not_available,benchmark_data_unavailable,no_comparable_daily_performance_or_benchmark,v5n_model_performance_reporting\current\model_addenda\v5f_repaired_overlay_forward_paper_tracking\model_performance_addendum.md
v5f_short_window_reversion_diagnostic,tier_b1_evidence_only_no_comparable_daily_performance,missing_daily_nav_or_eligible_benchmark_or_diagnostic_evidence_only,canonical_or_research_unit,mean_reversion,current_artifact,daily_nav_unavailable,not_available,benchmark_coverage_insufficient,daily_nav_unavailable,False,False,not_available,benchmark_data_unavailable,no_comparable_daily_performance_or_benchmark,v5n_model_performance_reporting\current\model_addenda\v5f_short_window_reversion_diagnostic\model_performance_addendum.md
v5f_short_window_reversion_nav_engineering,tier_b1_evidence_only_no_comparable_daily_performance,missing_daily_nav_or_eligible_benchmark_or_diagnostic_evidence_only,canonical_or_research_unit,mean_reversion,current_artifact,daily_nav_unavailable,not_available,benchmark_coverage_insufficient,validation_not_independent_or_overlapping,False,False,not_available,benchmark_data_unavailable,no_comparable_daily_performance_or_benchmark,v5n_model_performance_reporting\current\model_addenda\v5f_short_window_reversion_nav_engineering\model_performance_addendum.md
v5f_short_window_reversion_walk_forward_robustness,tier_b1_evidence_only_no_comparable_daily_performance,missing_daily_nav_or_eligible_benchmark_or_diagnostic_evidence_only,canonical_or_research_unit,mean_reversion,current_artifact,daily_nav_unavailable,not_available,benchmark_coverage_insufficient,daily_nav_unavailable,False,False,not_available,benchmark_data_unavailable,no_comparable_daily_performance_or_benchmark,v5n_model_performance_reporting\current\model_addenda\v5f_short_window_reversion_walk_forward_robustness\model_performance_addendum.md
v5f_short_window_spike_reversion_symmetry,tier_b1_evidence_only_no_comparable_daily_performance,missing_daily_nav_or_eligible_benchmark_or_diagnostic_evidence_only,canonical_or_research_unit,mean_reversion,current_artifact,daily_nav_unavailable,not_available,benchmark_coverage_insufficient,validation_not_independent_or_overlapping,False,False,not_available,benchmark_data_unavailable,no_comparable_daily_performance_or_benchmark,v5n_model_performance_reporting\current\model_addenda\v5f_short_window_spike_reversion_symmetry\model_performance_addendum.md
v5f_spike_funded_mr_borrowing_forward_observation,tier_b1_evidence_only_no_comparable_daily_performance,missing_daily_nav_or_eligible_benchmark_or_diagnostic_evidence_only,canonical_or_research_unit,mean_reversion,current_artifact,daily_nav_unavailable,not_available,benchmark_coverage_insufficient,daily_nav_unavailable,False,False,not_available,benchmark_data_unavailable,no_comparable_daily_performance_or_benchmark,v5n_model_performance_reporting\current\model_addenda\v5f_spike_funded_mr_borrowing_forward_observation\model_performance_addendum.md
v5f_spike_funded_mr_borrowing_independent_validation_gate,tier_b1_evidence_only_no_comparable_daily_performance,missing_daily_nav_or_eligible_benchmark_or_diagnostic_evidence_only,canonical_or_research_unit,mean_reversion,current_artifact,daily_nav_unavailable,not_available,benchmark_coverage_insufficient,daily_nav_unavailable,False,False,not_available,benchmark_data_unavailable,no_comparable_daily_performance_or_benchmark,v5n_model_performance_reporting\current\model_addenda\v5f_spike_funded_mr_borrowing_independent_validation_gate\model_performance_addendum.md
v5f_spike_mr_prebacktest_to_backtest_jq_sim,tier_b1_evidence_only_no_comparable_daily_performance,missing_daily_nav_or_eligible_benchmark_or_diagnostic_evidence_only,canonical_or_research_unit,mean_reversion,current_artifact,daily_nav_unavailable,not_available,benchmark_coverage_insufficient,daily_nav_unavailable,False,False,not_available,benchmark_data_unavailable,no_comparable_daily_performance_or_benchmark,v5n_model_performance_reporting\current\model_addenda\v5f_spike_mr_prebacktest_to_backtest_jq_sim\model_performance_addendum.md
v5f_spike_mr_signal_quality_filter_spec,tier_b1_evidence_only_no_comparable_daily_performance,missing_daily_nav_or_eligible_benchmark_or_diagnostic_evidence_only,canonical_or_research_unit,mean_reversion,current_artifact,daily_nav_unavailable,not_available,benchmark_coverage_insufficient,daily_nav_unavailable,False,False,not_available,benchmark_data_unavailable,no_comparable_daily_performance_or_benchmark,v5n_model_performance_reporting\current\model_addenda\v5f_spike_mr_signal_quality_filter_spec\model_performance_addendum.md
v5f_spike_mr_sleeve_threshold_effectiveness_audit,tier_b1_evidence_only_no_comparable_daily_performance,missing_daily_nav_or_eligible_benchmark_or_diagnostic_evidence_only,canonical_or_research_unit,mean_reversion,current_artifact,daily_nav_unavailable,not_available,benchmark_coverage_insufficient,daily_nav_unavailable,False,False,not_available,benchmark_data_unavailable,no_comparable_daily_performance_or_benchmark,v5n_model_performance_reporting\current\model_addenda\v5f_spike_mr_sleeve_threshold_effectiveness_audit\model_performance_addendum.md
v5f_structural_rough_screen,tier_b1_evidence_only_no_comparable_daily_performance,missing_daily_nav_or_eligible_benchmark_or_diagnostic_evidence_only,canonical_or_research_unit,governance_or_research_artifact,current_artifact,daily_nav_unavailable,not_available,benchmark_coverage_insufficient,validation_not_independent_or_overlapping,False,False,not_available,benchmark_data_unavailable,no_comparable_daily_performance_or_benchmark,v5n_model_performance_reporting\current\model_addenda\v5f_structural_rough_screen\model_performance_addendum.md
v5f_v57f_qv_mr_combination,tier_b1_evidence_only_no_comparable_daily_performance,missing_daily_nav_or_eligible_benchmark_or_diagnostic_evidence_only,canonical_or_research_unit,v57f_baseline,current_artifact,daily_nav_unavailable,not_available,benchmark_coverage_insufficient,validation_not_independent_or_overlapping,False,False,not_available,benchmark_data_unavailable,no_comparable_daily_performance_or_benchmark,v5n_model_performance_reporting\current\model_addenda\v5f_v57f_qv_mr_combination\model_performance_addendum.md
v5f_value_momentum_reversion_balance_test,tier_b1_evidence_only_no_comparable_daily_performance,missing_daily_nav_or_eligible_benchmark_or_diagnostic_evidence_only,canonical_or_research_unit,momentum_overlay,current_artifact,daily_nav_unavailable,not_available,benchmark_coverage_insufficient,validation_not_independent_or_overlapping,False,False,not_available,benchmark_data_unavailable,no_comparable_daily_performance_or_benchmark,v5n_model_performance_reporting\current\model_addenda\v5f_value_momentum_reversion_balance_test\model_performance_addendum.md
v5g_01_state_gated_internal_subsleeve_limited_engineering,tier_b1_evidence_only_no_comparable_daily_performance,missing_daily_nav_or_eligible_benchmark_or_diagnostic_evidence_only,canonical_or_research_unit,momentum_overlay,current_artifact,daily_nav_unavailable,not_available,benchmark_coverage_insufficient,validation_not_independent_or_overlapping,False,False,not_available,benchmark_data_unavailable,no_comparable_daily_performance_or_benchmark,v5n_model_performance_reporting\current\model_addenda\v5g_01_state_gated_internal_subsleeve_limited_engineering\model_performance_addendum.md
v5g_01_state_gated_internal_subsleeve_quant_spec,tier_b1_evidence_only_no_comparable_daily_performance,missing_daily_nav_or_eligible_benchmark_or_diagnostic_evidence_only,canonical_or_research_unit,momentum_overlay,current_artifact,daily_nav_unavailable,not_available,benchmark_coverage_insufficient,daily_nav_unavailable,False,False,not_available,benchmark_data_unavailable,no_comparable_daily_performance_or_benchmark,v5n_model_performance_reporting\current\model_addenda\v5g_01_state_gated_internal_subsleeve_quant_spec\model_performance_addendum.md
v5g_02_quality_guarded_momentum_factor_validation,tier_b1_evidence_only_no_comparable_daily_performance,missing_daily_nav_or_eligible_benchmark_or_diagnostic_evidence_only,canonical_or_research_unit,momentum_overlay,current_artifact,daily_nav_unavailable,not_available,benchmark_coverage_insufficient,daily_nav_unavailable,False,False,not_available,benchmark_data_unavailable,no_comparable_daily_performance_or_benchmark,v5n_model_performance_reporting\current\model_addenda\v5g_02_quality_guarded_momentum_factor_validation\model_performance_addendum.md
v5g_03_erc_state_budget_conflict_review,tier_b1_evidence_only_no_comparable_daily_performance,missing_daily_nav_or_eligible_benchmark_or_diagnostic_evidence_only,canonical_or_research_unit,governance_or_research_artifact,current_artifact,daily_nav_unavailable,not_available,benchmark_coverage_insufficient,daily_nav_unavailable,False,False,not_available,benchmark_data_unavailable,no_comparable_daily_performance_or_benchmark,v5n_model_performance_reporting\current\model_addenda\v5g_03_erc_state_budget_conflict_review\model_performance_addendum.md
v5g_04_cash_proxy_policy_data_gate,tier_b1_evidence_only_no_comparable_daily_performance,missing_daily_nav_or_eligible_benchmark_or_diagnostic_evidence_only,canonical_or_research_unit,governance_or_research_artifact,current_artifact,daily_nav_unavailable,not_available,benchmark_coverage_insufficient,daily_nav_unavailable,False,False,not_available,benchmark_data_unavailable,no_comparable_daily_performance_or_benchmark,v5n_model_performance_reporting\current\model_addenda\v5g_04_cash_proxy_policy_data_gate\model_performance_addendum.md
v5g_04_exit_policy_spec,tier_b1_evidence_only_no_comparable_daily_performance,missing_daily_nav_or_eligible_benchmark_or_diagnostic_evidence_only,canonical_or_research_unit,governance_or_research_artifact,current_artifact,daily_nav_unavailable,not_available,benchmark_coverage_insufficient,daily_nav_unavailable,False,False,not_available,benchmark_data_unavailable,no_comparable_daily_performance_or_benchmark,v5n_model_performance_reporting\current\model_addenda\v5g_04_exit_policy_spec\model_performance_addendum.md
v5g_05_short_window_reversion_independent_validation_gate,tier_b1_evidence_only_no_comparable_daily_performance,missing_daily_nav_or_eligible_benchmark_or_diagnostic_evidence_only,canonical_or_research_unit,mean_reversion,current_artifact,daily_nav_unavailable,not_available,benchmark_coverage_insufficient,daily_nav_unavailable,False,False,not_available,benchmark_data_unavailable,no_comparable_daily_performance_or_benchmark,v5n_model_performance_reporting\current\model_addenda\v5g_05_short_window_reversion_independent_validation_gate\model_performance_addendum.md
v5g_cross_line_model_research_startup,tier_b1_evidence_only_no_comparable_daily_performance,missing_daily_nav_or_eligible_benchmark_or_diagnostic_evidence_only,canonical_or_research_unit,governance_or_research_artifact,current_artifact,daily_nav_unavailable,not_available,benchmark_coverage_insufficient,daily_nav_unavailable,False,False,not_available,benchmark_data_unavailable,no_comparable_daily_performance_or_benchmark,v5n_model_performance_reporting\current\model_addenda\v5g_cross_line_model_research_startup\model_performance_addendum.md
v5g_next_queue_execution,tier_b2_execution_or_engineering_only,execution_or_engineering_without_strategy_nav,canonical_or_research_unit,execution_or_platform,current_artifact,daily_nav_unavailable,not_available,benchmark_coverage_insufficient,daily_nav_unavailable,False,False,not_available,benchmark_data_unavailable,execution_only_no_strategy_nav_claim,v5n_model_performance_reporting\current\model_addenda\v5g_next_queue_execution\model_performance_addendum.md
v5g_vs_midterm_model_comparison,tier_b1_evidence_only_no_comparable_daily_performance,missing_daily_nav_or_eligible_benchmark_or_diagnostic_evidence_only,canonical_or_research_unit,governance_or_research_artifact,current_artifact,daily_nav_unavailable,not_available,benchmark_coverage_insufficient,daily_nav_unavailable,False,False,not_available,benchmark_data_unavailable,no_comparable_daily_performance_or_benchmark,v5n_model_performance_reporting\current\model_addenda\v5g_vs_midterm_model_comparison\model_performance_addendum.md
v5h_1min_research_line_governance,tier_b2_execution_or_engineering_only,execution_or_engineering_without_strategy_nav,canonical_or_research_unit,execution_or_platform,current_artifact,daily_nav_unavailable,not_available,benchmark_coverage_insufficient,daily_nav_unavailable,False,False,not_available,benchmark_data_unavailable,execution_only_no_strategy_nav_claim,v5n_model_performance_reporting\current\model_addenda\v5h_1min_research_line_governance\model_performance_addendum.md
v5h_1min_volume_amount_timing_test,tier_b2_execution_or_engineering_only,execution_or_engineering_without_strategy_nav,canonical_or_research_unit,execution_or_platform,current_artifact,daily_nav_unavailable,not_available,benchmark_coverage_insufficient,daily_nav_unavailable,False,False,not_available,benchmark_data_unavailable,execution_only_no_strategy_nav_claim,v5n_model_performance_reporting\current\model_addenda\v5h_1min_volume_amount_timing_test\model_performance_addendum.md
v5h_buy_execution_backtest,tier_b1_evidence_only_no_comparable_daily_performance,missing_daily_nav_or_eligible_benchmark_or_diagnostic_evidence_only,canonical_or_research_unit,execution_or_platform,current_artifact,daily_nav_unavailable,not_available,benchmark_coverage_insufficient,validation_not_independent_or_overlapping,False,False,not_available,benchmark_data_unavailable,no_comparable_daily_performance_or_benchmark,v5n_model_performance_reporting\current\model_addenda\v5h_buy_execution_backtest\model_performance_addendum.md
v5h_buy_execution_queue_123,tier_b2_execution_or_engineering_only,execution_or_engineering_without_strategy_nav,canonical_or_research_unit,execution_or_platform,current_artifact,daily_nav_unavailable,not_available,benchmark_coverage_insufficient,daily_nav_unavailable,False,False,not_available,benchmark_data_unavailable,execution_only_no_strategy_nav_claim,v5n_model_performance_reporting\current\model_addenda\v5h_buy_execution_queue_123\model_performance_addendum.md
v5h_buy_execution_spec_v1,tier_b2_execution_or_engineering_only,execution_or_engineering_without_strategy_nav,canonical_or_research_unit,execution_or_platform,current_artifact,daily_nav_unavailable,not_available,benchmark_coverage_insufficient,daily_nav_unavailable,False,False,not_available,benchmark_data_unavailable,execution_only_no_strategy_nav_claim,v5n_model_performance_reporting\current\model_addenda\v5h_buy_execution_spec_v1\model_performance_addendum.md
v5h_buy_execution_spec_v1_forward_observation,tier_b2_execution_or_engineering_only,execution_or_engineering_without_strategy_nav,canonical_or_research_unit,execution_or_platform,current_artifact,daily_nav_unavailable,not_available,benchmark_coverage_insufficient,daily_nav_unavailable,False,False,not_available,benchmark_data_unavailable,execution_only_no_strategy_nav_claim,v5n_model_performance_reporting\current\model_addenda\v5h_buy_execution_spec_v1_forward_observation\model_performance_addendum.md
v5h_buy_execution_spec_v1_jq_broker_paper_mapping,tier_b2_execution_or_engineering_only,execution_or_engineering_without_strategy_nav,canonical_or_research_unit,execution_or_platform,current_artifact,daily_nav_unavailable,not_available,benchmark_coverage_insufficient,daily_nav_unavailable,False,False,not_available,benchmark_data_unavailable,execution_only_no_strategy_nav_claim,v5n_model_performance_reporting\current\model_addenda\v5h_buy_execution_spec_v1_jq_broker_paper_mapping\model_performance_addendum.md
v5h_buy_execution_timing_overlay,tier_b2_execution_or_engineering_only,execution_or_engineering_without_strategy_nav,canonical_or_research_unit,execution_or_platform,current_artifact,daily_nav_unavailable,not_available,benchmark_coverage_insufficient,daily_nav_unavailable,False,False,not_available,benchmark_data_unavailable,execution_only_no_strategy_nav_claim,v5n_model_performance_reporting\current\model_addenda\v5h_buy_execution_timing_overlay\model_performance_addendum.md
v5h_combined_buy_execution_overlay_v1_observation,tier_b2_execution_or_engineering_only,execution_or_engineering_without_strategy_nav,canonical_or_research_unit,execution_or_platform,current_artifact,daily_nav_unavailable,not_available,benchmark_coverage_insufficient,daily_nav_unavailable,False,False,not_available,benchmark_data_unavailable,execution_only_no_strategy_nav_claim,v5n_model_performance_reporting\current\model_addenda\v5h_combined_buy_execution_overlay_v1_observation\model_performance_addendum.md
v5h_market_cap_pit_segmentation_gate,tier_b1_evidence_only_no_comparable_daily_performance,missing_daily_nav_or_eligible_benchmark_or_diagnostic_evidence_only,canonical_or_research_unit,governance_or_research_artifact,current_artifact,daily_nav_unavailable,not_available,benchmark_coverage_insufficient,validation_not_independent_or_overlapping,False,False,not_available,benchmark_data_unavailable,no_comparable_daily_performance_or_benchmark,v5n_model_performance_reporting\current\model_addenda\v5h_market_cap_pit_segmentation_gate\model_performance_addendum.md
v5h_market_cap_pit_source_repair,tier_b1_evidence_only_no_comparable_daily_performance,missing_daily_nav_or_eligible_benchmark_or_diagnostic_evidence_only,canonical_or_research_unit,governance_or_research_artifact,current_artifact,daily_nav_unavailable,not_available,benchmark_coverage_insufficient,daily_nav_unavailable,False,False,not_available,benchmark_data_unavailable,no_comparable_daily_performance_or_benchmark,v5n_model_performance_reporting\current\model_addenda\v5h_market_cap_pit_source_repair\model_performance_addendum.md
v5h_pre2021_total_market_cap_source_repair,tier_b1_evidence_only_no_comparable_daily_performance,missing_daily_nav_or_eligible_benchmark_or_diagnostic_evidence_only,canonical_or_research_unit,governance_or_research_artifact,current_artifact,daily_nav_unavailable,not_available,benchmark_coverage_insufficient,daily_nav_unavailable,False,False,not_available,benchmark_data_unavailable,no_comparable_daily_performance_or_benchmark,v5n_model_performance_reporting\current\model_addenda\v5h_pre2021_total_market_cap_source_repair\model_performance_addendum.md
v5h_quiet_or_active_independent_validation,tier_b1_evidence_only_no_comparable_daily_performance,missing_daily_nav_or_eligible_benchmark_or_diagnostic_evidence_only,canonical_or_research_unit,governance_or_research_artifact,current_artifact,daily_nav_unavailable,not_available,benchmark_coverage_insufficient,validation_not_independent_or_overlapping,False,False,not_available,benchmark_data_unavailable,no_comparable_daily_performance_or_benchmark,v5n_model_performance_reporting\current\model_addenda\v5h_quiet_or_active_independent_validation\model_performance_addendum.md
v5h_segmented_1min_execution_diagnostic,tier_b1_evidence_only_no_comparable_daily_performance,missing_daily_nav_or_eligible_benchmark_or_diagnostic_evidence_only,canonical_or_research_unit,execution_or_platform,current_artifact,daily_nav_unavailable,not_available,benchmark_coverage_insufficient,validation_not_independent_or_overlapping,False,False,not_available,benchmark_data_unavailable,no_comparable_daily_performance_or_benchmark,v5n_model_performance_reporting\current\model_addenda\v5h_segmented_1min_execution_diagnostic\model_performance_addendum.md
v5h_size_liquidity_interaction_independent_validation,tier_b1_evidence_only_no_comparable_daily_performance,missing_daily_nav_or_eligible_benchmark_or_diagnostic_evidence_only,canonical_or_research_unit,governance_or_research_artifact,current_artifact,daily_nav_unavailable,not_available,benchmark_coverage_insufficient,validation_not_independent_or_overlapping,False,False,not_available,benchmark_data_unavailable,no_comparable_daily_performance_or_benchmark,v5n_model_performance_reporting\current\model_addenda\v5h_size_liquidity_interaction_independent_validation\model_performance_addendum.md
v5i_sell_execution_closeout,tier_c_archived_alias_or_superseded,v5n_archived_or_alias_status,canonical_or_research_unit,execution_or_platform,current_artifact,daily_nav_unavailable,not_available,benchmark_coverage_insufficient,daily_nav_unavailable,False,False,not_available,benchmark_data_unavailable,archived_or_alias_not_active_comparison,v5n_model_performance_reporting\current\model_addenda\v5i_sell_execution_closeout\model_performance_addendum.md
v5i_sell_execution_evaluation,tier_b2_execution_or_engineering_only,execution_or_engineering_without_strategy_nav,canonical_or_research_unit,execution_or_platform,current_artifact,daily_nav_unavailable,not_available,benchmark_coverage_insufficient,daily_nav_unavailable,False,False,not_available,benchmark_data_unavailable,execution_only_no_strategy_nav_claim,v5n_model_performance_reporting\current\model_addenda\v5i_sell_execution_evaluation\model_performance_addendum.md
v5i_sell_execution_provenance,tier_b2_execution_or_engineering_only,execution_or_engineering_without_strategy_nav,canonical_or_research_unit,execution_or_platform,current_artifact,daily_nav_unavailable,not_available,benchmark_coverage_insufficient,daily_nav_unavailable,False,False,not_available,benchmark_data_unavailable,execution_only_no_strategy_nav_claim,v5n_model_performance_reporting\current\model_addenda\v5i_sell_execution_provenance\model_performance_addendum.md
v5i_technical_exploration_hour_packet,tier_b1_evidence_only_no_comparable_daily_performance,missing_daily_nav_or_eligible_benchmark_or_diagnostic_evidence_only,canonical_or_research_unit,governance_or_research_artifact,current_artifact,daily_nav_unavailable,not_available,benchmark_coverage_insufficient,daily_nav_unavailable,False,False,not_available,benchmark_data_unavailable,no_comparable_daily_performance_or_benchmark,v5n_model_performance_reporting\current\model_addenda\v5i_technical_exploration_hour_packet\model_performance_addendum.md
v5i_technical_sell_execution_quant_spec,tier_b2_execution_or_engineering_only,execution_or_engineering_without_strategy_nav,canonical_or_research_unit,execution_or_platform,current_artifact,daily_nav_unavailable,not_available,benchmark_coverage_insufficient,daily_nav_unavailable,False,False,not_available,benchmark_data_unavailable,execution_only_no_strategy_nav_claim,v5n_model_performance_reporting\current\model_addenda\v5i_technical_sell_execution_quant_spec\model_performance_addendum.md
v5j_1min_technical_pattern_diagnostic,tier_b2_execution_or_engineering_only,execution_or_engineering_without_strategy_nav,canonical_or_research_unit,execution_or_platform,current_artifact,daily_nav_unavailable,not_available,benchmark_coverage_insufficient,daily_nav_unavailable,False,False,not_available,benchmark_data_unavailable,execution_only_no_strategy_nav_claim,v5n_model_performance_reporting\current\model_addenda\v5j_1min_technical_pattern_diagnostic\model_performance_addendum.md
v5j_5day_1min_family_execution_validation,tier_b2_execution_or_engineering_only,execution_or_engineering_without_strategy_nav,canonical_or_research_unit,execution_or_platform,current_artifact,daily_nav_unavailable,not_available,benchmark_coverage_insufficient,daily_nav_unavailable,False,False,not_available,benchmark_data_unavailable,execution_only_no_strategy_nav_claim,v5n_model_performance_reporting\current\model_addenda\v5j_5day_1min_family_execution_validation\model_performance_addendum.md
v5j_5day_1min_sell_formal_backtest,tier_b1_evidence_only_no_comparable_daily_performance,missing_daily_nav_or_eligible_benchmark_or_diagnostic_evidence_only,canonical_or_research_unit,execution_or_platform,current_artifact,daily_nav_unavailable,not_available,benchmark_coverage_insufficient,validation_not_independent_or_overlapping,False,False,not_available,benchmark_data_unavailable,no_comparable_daily_performance_or_benchmark,v5n_model_performance_reporting\current\model_addenda\v5j_5day_1min_sell_formal_backtest\model_performance_addendum.md
v5j_bank_2011_2012_regulatory_pdf_repair,tier_b1_evidence_only_no_comparable_daily_performance,missing_daily_nav_or_eligible_benchmark_or_diagnostic_evidence_only,canonical_or_research_unit,sector_strategy_or_research,current_artifact,daily_nav_unavailable,not_available,benchmark_coverage_insufficient,daily_nav_unavailable,False,False,not_available,benchmark_data_unavailable,no_comparable_daily_performance_or_benchmark,v5n_model_performance_reporting\current\model_addenda\v5j_bank_2011_2012_regulatory_pdf_repair\model_performance_addendum.md
v5j_cross_period_technical_validation_gate,tier_b1_evidence_only_no_comparable_daily_performance,missing_daily_nav_or_eligible_benchmark_or_diagnostic_evidence_only,canonical_or_research_unit,governance_or_research_artifact,current_artifact,daily_nav_unavailable,not_available,benchmark_coverage_insufficient,daily_nav_unavailable,False,False,not_available,benchmark_data_unavailable,no_comparable_daily_performance_or_benchmark,v5n_model_performance_reporting\current\model_addenda\v5j_cross_period_technical_validation_gate\model_performance_addendum.md
v5j_family_sell_execution_formal_backtest,tier_b1_evidence_only_no_comparable_daily_performance,missing_daily_nav_or_eligible_benchmark_or_diagnostic_evidence_only,canonical_or_research_unit,execution_or_platform,current_artifact,daily_nav_unavailable,not_available,benchmark_coverage_insufficient,validation_not_independent_or_overlapping,False,False,not_available,benchmark_data_unavailable,no_comparable_daily_performance_or_benchmark,v5n_model_performance_reporting\current\model_addenda\v5j_family_sell_execution_formal_backtest\model_performance_addendum.md
v5j_family_specific_sell_timing_diagnostic,tier_b1_evidence_only_no_comparable_daily_performance,missing_daily_nav_or_eligible_benchmark_or_diagnostic_evidence_only,canonical_or_research_unit,governance_or_research_artifact,current_artifact,daily_nav_unavailable,not_available,benchmark_coverage_insufficient,daily_nav_unavailable,False,False,not_available,benchmark_data_unavailable,no_comparable_daily_performance_or_benchmark,v5n_model_performance_reporting\current\model_addenda\v5j_family_specific_sell_timing_diagnostic\model_performance_addendum.md
v5j_frozen_buy_timing_full_pit_validation,tier_b1_evidence_only_no_comparable_daily_performance,missing_daily_nav_or_eligible_benchmark_or_diagnostic_evidence_only,canonical_or_research_unit,governance_or_research_artifact,current_artifact,daily_nav_unavailable,not_available,benchmark_coverage_insufficient,daily_nav_unavailable,False,False,not_available,benchmark_data_unavailable,no_comparable_daily_performance_or_benchmark,v5n_model_performance_reporting\current\model_addenda\v5j_frozen_buy_timing_full_pit_validation\model_performance_addendum.md
v5j_frozen_sell_timing_full_pit_validation,tier_b1_evidence_only_no_comparable_daily_performance,missing_daily_nav_or_eligible_benchmark_or_diagnostic_evidence_only,canonical_or_research_unit,governance_or_research_artifact,current_artifact,daily_nav_unavailable,not_available,benchmark_coverage_insufficient,daily_nav_unavailable,False,False,not_available,benchmark_data_unavailable,no_comparable_daily_performance_or_benchmark,v5n_model_performance_reporting\current\model_addenda\v5j_frozen_sell_timing_full_pit_validation\model_performance_addendum.md
v5j_frozen_v5f_exact_target_validation,tier_b1_evidence_only_no_comparable_daily_performance,missing_daily_nav_or_eligible_benchmark_or_diagnostic_evidence_only,canonical_or_research_unit,governance_or_research_artifact,current_artifact,daily_nav_unavailable,not_available,benchmark_coverage_insufficient,daily_nav_unavailable,False,False,not_available,benchmark_data_unavailable,no_comparable_daily_performance_or_benchmark,v5n_model_performance_reporting\current\model_addenda\v5j_frozen_v5f_exact_target_validation\model_performance_addendum.md
v5j_infra_cashflow_parser_failure_diagnostic,tier_b1_evidence_only_no_comparable_daily_performance,missing_daily_nav_or_eligible_benchmark_or_diagnostic_evidence_only,canonical_or_research_unit,governance_or_research_artifact,current_artifact,daily_nav_unavailable,not_available,benchmark_coverage_insufficient,daily_nav_unavailable,False,False,not_available,benchmark_data_unavailable,no_comparable_daily_performance_or_benchmark,v5n_model_performance_reporting\current\model_addenda\v5j_infra_cashflow_parser_failure_diagnostic\model_performance_addendum.md
v5j_local_adjust_factor_corporate_action,tier_b1_evidence_only_no_comparable_daily_performance,missing_daily_nav_or_eligible_benchmark_or_diagnostic_evidence_only,canonical_or_research_unit,governance_or_research_artifact,current_artifact,daily_nav_unavailable,not_available,benchmark_coverage_insufficient,daily_nav_unavailable,False,False,not_available,benchmark_data_unavailable,no_comparable_daily_performance_or_benchmark,v5n_model_performance_reporting\current\model_addenda\v5j_local_adjust_factor_corporate_action\model_performance_addendum.md
v5j_material_action_original_notice_extract,tier_b1_evidence_only_no_comparable_daily_performance,missing_daily_nav_or_eligible_benchmark_or_diagnostic_evidence_only,canonical_or_research_unit,governance_or_research_artifact,current_artifact,daily_nav_unavailable,not_available,benchmark_coverage_insufficient,daily_nav_unavailable,False,False,not_available,benchmark_data_unavailable,no_comparable_daily_performance_or_benchmark,v5n_model_performance_reporting\current\model_addenda\v5j_material_action_original_notice_extract\model_performance_addendum.md
v5j_material_action_unclassified_notice_fallback,tier_b1_evidence_only_no_comparable_daily_performance,missing_daily_nav_or_eligible_benchmark_or_diagnostic_evidence_only,canonical_or_research_unit,governance_or_research_artifact,current_artifact,daily_nav_unavailable,not_available,benchmark_coverage_insufficient,daily_nav_unavailable,False,False,not_available,benchmark_data_unavailable,no_comparable_daily_performance_or_benchmark,v5n_model_performance_reporting\current\model_addenda\v5j_material_action_unclassified_notice_fallback\model_performance_addendum.md
v5j_material_corporate_action_notice_repair,tier_b1_evidence_only_no_comparable_daily_performance,missing_daily_nav_or_eligible_benchmark_or_diagnostic_evidence_only,canonical_or_research_unit,governance_or_research_artifact,current_artifact,daily_nav_unavailable,not_available,benchmark_coverage_insufficient,daily_nav_unavailable,False,False,not_available,benchmark_data_unavailable,no_comparable_daily_performance_or_benchmark,v5n_model_performance_reporting\current\model_addenda\v5j_material_corporate_action_notice_repair\model_performance_addendum.md
v5j_missing_1min_source_repair,tier_b2_execution_or_engineering_only,execution_or_engineering_without_strategy_nav,canonical_or_research_unit,execution_or_platform,current_artifact,daily_nav_unavailable,not_available,benchmark_coverage_insufficient,daily_nav_unavailable,False,False,not_available,benchmark_data_unavailable,execution_only_no_strategy_nav_claim,v5n_model_performance_reporting\current\model_addenda\v5j_missing_1min_source_repair\model_performance_addendum.md
v5j_momentum_cash_neutral_engineering,tier_b1_evidence_only_no_comparable_daily_performance,missing_daily_nav_or_eligible_benchmark_or_diagnostic_evidence_only,canonical_or_research_unit,momentum_overlay,current_artifact,daily_nav_unavailable,not_available,benchmark_coverage_insufficient,daily_nav_unavailable,False,False,not_available,benchmark_data_unavailable,no_comparable_daily_performance_or_benchmark,v5n_model_performance_reporting\current\model_addenda\v5j_momentum_cash_neutral_engineering\model_performance_addendum.md
v5j_momentum_daily_price_volume_sell,tier_b1_evidence_only_no_comparable_daily_performance,missing_daily_nav_or_eligible_benchmark_or_diagnostic_evidence_only,canonical_or_research_unit,momentum_overlay,current_artifact,daily_nav_unavailable,not_available,benchmark_coverage_insufficient,validation_not_independent_or_overlapping,False,False,not_available,benchmark_data_unavailable,no_comparable_daily_performance_or_benchmark,v5n_model_performance_reporting\current\model_addenda\v5j_momentum_daily_price_volume_sell\model_performance_addendum.md
v5j_momentum_overlay_cash_neutral_execution_spec,tier_b2_execution_or_engineering_only,execution_or_engineering_without_strategy_nav,canonical_or_research_unit,momentum_overlay,current_artifact,daily_nav_unavailable,not_available,benchmark_coverage_insufficient,daily_nav_unavailable,False,False,not_available,benchmark_data_unavailable,execution_only_no_strategy_nav_claim,v5n_model_performance_reporting\current\model_addenda\v5j_momentum_overlay_cash_neutral_execution_spec\model_performance_addendum.md
v5j_momentum_overlay_partial_buy_skip,tier_b1_evidence_only_no_comparable_daily_performance,missing_daily_nav_or_eligible_benchmark_or_diagnostic_evidence_only,canonical_or_research_unit,momentum_overlay,current_artifact,daily_nav_unavailable,not_available,benchmark_coverage_insufficient,daily_nav_unavailable,False,False,not_available,benchmark_data_unavailable,no_comparable_daily_performance_or_benchmark,v5n_model_performance_reporting\current\model_addenda\v5j_momentum_overlay_partial_buy_skip\model_performance_addendum.md
v5j_overlay_only_sell_formal_backtest,tier_b1_evidence_only_no_comparable_daily_performance,missing_daily_nav_or_eligible_benchmark_or_diagnostic_evidence_only,canonical_or_research_unit,governance_or_research_artifact,current_artifact,daily_nav_unavailable,not_available,benchmark_coverage_insufficient,validation_not_independent_or_overlapping,False,False,not_available,benchmark_data_unavailable,no_comparable_daily_performance_or_benchmark,v5n_model_performance_reporting\current\model_addenda\v5j_overlay_only_sell_formal_backtest\model_performance_addendum.md
v5j_overlay_only_sell_validation,tier_b1_evidence_only_no_comparable_daily_performance,missing_daily_nav_or_eligible_benchmark_or_diagnostic_evidence_only,canonical_or_research_unit,governance_or_research_artifact,current_artifact,daily_nav_unavailable,not_available,benchmark_coverage_insufficient,daily_nav_unavailable,False,False,not_available,benchmark_data_unavailable,no_comparable_daily_performance_or_benchmark,v5n_model_performance_reporting\current\model_addenda\v5j_overlay_only_sell_validation\model_performance_addendum.md
v5j_pit_availability_boundary_closeout,tier_c_archived_alias_or_superseded,v5n_archived_or_alias_status,canonical_or_research_unit,governance_or_research_artifact,current_artifact,daily_nav_unavailable,not_available,benchmark_coverage_insufficient,daily_nav_unavailable,False,False,not_available,benchmark_data_unavailable,archived_or_alias_not_active_comparison,v5n_model_performance_reporting\current\model_addenda\v5j_pit_availability_boundary_closeout\model_performance_addendum.md
v5j_pit_disclosure_trust_audit,tier_b1_evidence_only_no_comparable_daily_performance,missing_daily_nav_or_eligible_benchmark_or_diagnostic_evidence_only,canonical_or_research_unit,governance_or_research_artifact,current_artifact,daily_nav_unavailable,not_available,benchmark_coverage_insufficient,daily_nav_unavailable,False,False,not_available,benchmark_data_unavailable,no_comparable_daily_performance_or_benchmark,v5n_model_performance_reporting\current\model_addenda\v5j_pit_disclosure_trust_audit\model_performance_addendum.md
v5j_pit_dividend_corporate_action_ledger,tier_b1_evidence_only_no_comparable_daily_performance,missing_daily_nav_or_eligible_benchmark_or_diagnostic_evidence_only,canonical_or_research_unit,governance_or_research_artifact,current_artifact,daily_nav_unavailable,not_available,benchmark_coverage_insufficient,daily_nav_unavailable,False,False,not_available,benchmark_data_unavailable,no_comparable_daily_performance_or_benchmark,v5n_model_performance_reporting\current\model_addenda\v5j_pit_dividend_corporate_action_ledger\model_performance_addendum.md
v5j_pit_pool_1min_pairing,tier_b2_execution_or_engineering_only,execution_or_engineering_without_strategy_nav,canonical_or_research_unit,execution_or_platform,current_artifact,daily_nav_unavailable,not_available,benchmark_coverage_insufficient,daily_nav_unavailable,False,False,not_available,benchmark_data_unavailable,execution_only_no_strategy_nav_claim,v5n_model_performance_reporting\current\model_addenda\v5j_pit_pool_1min_pairing\model_performance_addendum.md
v5j_pre2019_pit_rebuild_data_gate,tier_b1_evidence_only_no_comparable_daily_performance,missing_daily_nav_or_eligible_benchmark_or_diagnostic_evidence_only,canonical_or_research_unit,governance_or_research_artifact,current_artifact,daily_nav_unavailable,not_available,benchmark_coverage_insufficient,daily_nav_unavailable,False,False,not_available,benchmark_data_unavailable,no_comparable_daily_performance_or_benchmark,v5n_model_performance_reporting\current\model_addenda\v5j_pre2019_pit_rebuild_data_gate\model_performance_addendum.md
v5j_pre2021_infra_original_cashflow_panel,tier_b1_evidence_only_no_comparable_daily_performance,missing_daily_nav_or_eligible_benchmark_or_diagnostic_evidence_only,canonical_or_research_unit,governance_or_research_artifact,current_artifact,daily_nav_unavailable,not_available,benchmark_coverage_insufficient,daily_nav_unavailable,False,False,not_available,benchmark_data_unavailable,no_comparable_daily_performance_or_benchmark,v5n_model_performance_reporting\current\model_addenda\v5j_pre2021_infra_original_cashflow_panel\model_performance_addendum.md
v5j_pre2021_pit_repair_continuation_queue,tier_b1_evidence_only_no_comparable_daily_performance,missing_daily_nav_or_eligible_benchmark_or_diagnostic_evidence_only,canonical_or_research_unit,governance_or_research_artifact,current_artifact,daily_nav_unavailable,not_available,benchmark_coverage_insufficient,daily_nav_unavailable,False,False,not_available,benchmark_data_unavailable,no_comparable_daily_performance_or_benchmark,v5n_model_performance_reporting\current\model_addenda\v5j_pre2021_pit_repair_continuation_queue\model_performance_addendum.md
v5j_pre2021_target_reconstruction_readiness,tier_b1_evidence_only_no_comparable_daily_performance,missing_daily_nav_or_eligible_benchmark_or_diagnostic_evidence_only,canonical_or_research_unit,governance_or_research_artifact,current_artifact,daily_nav_unavailable,not_available,benchmark_coverage_insufficient,daily_nav_unavailable,False,False,not_available,benchmark_data_unavailable,no_comparable_daily_performance_or_benchmark,v5n_model_performance_reporting\current\model_addenda\v5j_pre2021_target_reconstruction_readiness\model_performance_addendum.md
v5j_repaired_multisleeve_pit_pool,tier_b1_evidence_only_no_comparable_daily_performance,missing_daily_nav_or_eligible_benchmark_or_diagnostic_evidence_only,canonical_or_research_unit,governance_or_research_artifact,current_artifact,daily_nav_unavailable,not_available,benchmark_coverage_insufficient,daily_nav_unavailable,False,False,not_available,benchmark_data_unavailable,no_comparable_daily_performance_or_benchmark,v5n_model_performance_reporting\current\model_addenda\v5j_repaired_multisleeve_pit_pool\model_performance_addendum.md
v5j_statement_visible_date_factor_panel,tier_b1_evidence_only_no_comparable_daily_performance,missing_daily_nav_or_eligible_benchmark_or_diagnostic_evidence_only,canonical_or_research_unit,governance_or_research_artifact,current_artifact,daily_nav_unavailable,not_available,benchmark_coverage_insufficient,daily_nav_unavailable,False,False,not_available,benchmark_data_unavailable,no_comparable_daily_performance_or_benchmark,v5n_model_performance_reporting\current\model_addenda\v5j_statement_visible_date_factor_panel\model_performance_addendum.md
v5j_technical_existing_model_validation,tier_b1_evidence_only_no_comparable_daily_performance,missing_daily_nav_or_eligible_benchmark_or_diagnostic_evidence_only,canonical_or_research_unit,governance_or_research_artifact,current_artifact,daily_nav_unavailable,not_available,benchmark_coverage_insufficient,daily_nav_unavailable,False,False,not_available,benchmark_data_unavailable,no_comparable_daily_performance_or_benchmark,v5n_model_performance_reporting\current\model_addenda\v5j_technical_existing_model_validation\model_performance_addendum.md
v5j_v4_bank_indicator_pit_reuse_gate,tier_b1_evidence_only_no_comparable_daily_performance,missing_daily_nav_or_eligible_benchmark_or_diagnostic_evidence_only,canonical_or_research_unit,sector_strategy_or_research,current_artifact,daily_nav_unavailable,not_available,benchmark_coverage_insufficient,daily_nav_unavailable,False,False,not_available,benchmark_data_unavailable,no_comparable_daily_performance_or_benchmark,v5n_model_performance_reporting\current\model_addenda\v5j_v4_bank_indicator_pit_reuse_gate\model_performance_addendum.md
v5j_v5e_profit_lock_sell_timing_proxy,tier_b1_evidence_only_no_comparable_daily_performance,missing_daily_nav_or_eligible_benchmark_or_diagnostic_evidence_only,canonical_or_research_unit,governance_or_research_artifact,current_artifact,daily_nav_unavailable,not_available,benchmark_coverage_insufficient,daily_nav_unavailable,False,False,not_available,benchmark_data_unavailable,no_comparable_daily_performance_or_benchmark,v5n_model_performance_reporting\current\model_addenda\v5j_v5e_profit_lock_sell_timing_proxy\model_performance_addendum.md
v5k_active_model_registry,tier_b1_evidence_only_no_comparable_daily_performance,missing_daily_nav_or_eligible_benchmark_or_diagnostic_evidence_only,canonical_or_research_unit,governance_or_research_artifact,current_artifact,daily_nav_unavailable,not_available,benchmark_coverage_insufficient,daily_nav_unavailable,False,False,not_available,benchmark_data_unavailable,no_comparable_daily_performance_or_benchmark,v5n_model_performance_reporting\current\model_addenda\v5k_active_model_registry\model_performance_addendum.md
v5k_experiment_catalog,tier_b1_evidence_only_no_comparable_daily_performance,missing_daily_nav_or_eligible_benchmark_or_diagnostic_evidence_only,canonical_or_research_unit,governance_or_research_artifact,current_artifact,daily_nav_unavailable,not_available,benchmark_coverage_insufficient,daily_nav_unavailable,False,False,not_available,benchmark_data_unavailable,no_comparable_daily_performance_or_benchmark,v5n_model_performance_reporting\current\model_addenda\v5k_experiment_catalog\model_performance_addendum.md
v5k_historical_platform_contract_archive,tier_b1_evidence_only_no_comparable_daily_performance,missing_daily_nav_or_eligible_benchmark_or_diagnostic_evidence_only,canonical_or_research_unit,governance_or_research_artifact,current_artifact,daily_nav_unavailable,not_available,benchmark_coverage_insufficient,daily_nav_unavailable,False,False,not_available,benchmark_data_unavailable,no_comparable_daily_performance_or_benchmark,v5n_model_performance_reporting\current\model_addenda\v5k_historical_platform_contract_archive\model_performance_addendum.md
v5k_reproducibility_provenance,tier_b1_evidence_only_no_comparable_daily_performance,missing_daily_nav_or_eligible_benchmark_or_diagnostic_evidence_only,canonical_or_research_unit,governance_or_research_artifact,current_artifact,daily_nav_unavailable,not_available,benchmark_coverage_insufficient,daily_nav_unavailable,False,False,not_available,benchmark_data_unavailable,no_comparable_daily_performance_or_benchmark,v5n_model_performance_reporting\current\model_addenda\v5k_reproducibility_provenance\model_performance_addendum.md
v5k_strategy_development_workflow_audit,tier_b1_evidence_only_no_comparable_daily_performance,missing_daily_nav_or_eligible_benchmark_or_diagnostic_evidence_only,canonical_or_research_unit,governance_or_research_artifact,current_artifact,daily_nav_unavailable,not_available,benchmark_coverage_insufficient,daily_nav_unavailable,False,False,not_available,benchmark_data_unavailable,no_comparable_daily_performance_or_benchmark,v5n_model_performance_reporting\current\model_addenda\v5k_strategy_development_workflow_audit\model_performance_addendum.md
v5k_workflow_activation_repair,tier_b1_evidence_only_no_comparable_daily_performance,missing_daily_nav_or_eligible_benchmark_or_diagnostic_evidence_only,canonical_or_research_unit,governance_or_research_artifact,current_artifact,daily_nav_unavailable,not_available,benchmark_coverage_insufficient,daily_nav_unavailable,False,False,not_available,benchmark_data_unavailable,no_comparable_daily_performance_or_benchmark,v5n_model_performance_reporting\current\model_addenda\v5k_workflow_activation_repair\model_performance_addendum.md
v5k_workflow_repair_closeout,tier_c_archived_alias_or_superseded,v5n_archived_or_alias_status,canonical_or_research_unit,governance_or_research_artifact,current_artifact,daily_nav_unavailable,not_available,benchmark_coverage_insufficient,daily_nav_unavailable,False,False,not_available,benchmark_data_unavailable,archived_or_alias_not_active_comparison,v5n_model_performance_reporting\current\model_addenda\v5k_workflow_repair_closeout\model_performance_addendum.md
v5l_candidate_hardening_closeout,tier_c_archived_alias_or_superseded,v5n_archived_or_alias_status,canonical_or_research_unit,governance_or_research_artifact,current_artifact,daily_nav_unavailable,not_available,benchmark_coverage_insufficient,daily_nav_unavailable,False,False,not_available,benchmark_data_unavailable,archived_or_alias_not_active_comparison,v5n_model_performance_reporting\current\model_addenda\v5l_candidate_hardening_closeout\model_performance_addendum.md
v5l_cash_constrained_nav_validation,tier_b1_evidence_only_no_comparable_daily_performance,missing_daily_nav_or_eligible_benchmark_or_diagnostic_evidence_only,canonical_or_research_unit,governance_or_research_artifact,current_artifact,daily_nav_unavailable,not_available,benchmark_coverage_insufficient,validation_not_independent_or_overlapping,False,False,not_available,benchmark_data_unavailable,no_comparable_daily_performance_or_benchmark,v5n_model_performance_reporting\current\model_addenda\v5l_cash_constrained_nav_validation\model_performance_addendum.md
v5l_primary_candidate_risk_observation,tier_b1_evidence_only_no_comparable_daily_performance,missing_daily_nav_or_eligible_benchmark_or_diagnostic_evidence_only,canonical_or_research_unit,governance_or_research_artifact,current_artifact,daily_nav_unavailable,not_available,benchmark_coverage_insufficient,daily_nav_unavailable,False,False,not_available,benchmark_data_unavailable,no_comparable_daily_performance_or_benchmark,v5n_model_performance_reporting\current\model_addenda\v5l_primary_candidate_risk_observation\model_performance_addendum.md
v5l_qmt_execution_evidence_and_forward_readiness,tier_b2_execution_or_engineering_only,execution_or_engineering_without_strategy_nav,canonical_or_research_unit,execution_or_platform,current_artifact,daily_nav_unavailable,not_available,benchmark_coverage_insufficient,daily_nav_unavailable,False,False,not_available,benchmark_data_unavailable,execution_only_no_strategy_nav_claim,v5n_model_performance_reporting\current\model_addenda\v5l_qmt_execution_evidence_and_forward_readiness\model_performance_addendum.md
v5m_forward_paper_cycle_readiness,tier_b1_evidence_only_no_comparable_daily_performance,missing_daily_nav_or_eligible_benchmark_or_diagnostic_evidence_only,canonical_or_research_unit,governance_or_research_artifact,current_artifact,daily_nav_unavailable,not_available,benchmark_coverage_insufficient,daily_nav_unavailable,False,False,not_available,benchmark_data_unavailable,no_comparable_daily_performance_or_benchmark,v5n_model_performance_reporting\current\model_addenda\v5m_forward_paper_cycle_readiness\model_performance_addendum.md
v5m_p0_closure,tier_b1_evidence_only_no_comparable_daily_performance,missing_daily_nav_or_eligible_benchmark_or_diagnostic_evidence_only,canonical_or_research_unit,governance_or_research_artifact,current_artifact,daily_nav_unavailable,not_available,benchmark_coverage_insufficient,daily_nav_unavailable,False,False,not_available,benchmark_data_unavailable,no_comparable_daily_performance_or_benchmark,v5n_model_performance_reporting\current\model_addenda\v5m_p0_closure\model_performance_addendum.md
v5m_qmt_historical_contract_recovery,tier_b2_execution_or_engineering_only,execution_or_engineering_without_strategy_nav,canonical_or_research_unit,execution_or_platform,current_artifact,daily_nav_unavailable,not_available,benchmark_coverage_insufficient,daily_nav_unavailable,False,False,not_available,benchmark_data_unavailable,execution_only_no_strategy_nav_claim,v5n_model_performance_reporting\current\model_addenda\v5m_qmt_historical_contract_recovery\model_performance_addendum.md
v5m_strict_cash_state_nav_repair,tier_b1_evidence_only_no_comparable_daily_performance,missing_daily_nav_or_eligible_benchmark_or_diagnostic_evidence_only,canonical_or_research_unit,governance_or_research_artifact,current_artifact,daily_nav_unavailable,not_available,benchmark_coverage_insufficient,daily_nav_unavailable,False,False,not_available,benchmark_data_unavailable,no_comparable_daily_performance_or_benchmark,v5n_model_performance_reporting\current\model_addenda\v5m_strict_cash_state_nav_repair\model_performance_addendum.md
v5m_workflow_test_isolation_repair,tier_b1_evidence_only_no_comparable_daily_performance,missing_daily_nav_or_eligible_benchmark_or_diagnostic_evidence_only,canonical_or_research_unit,governance_or_research_artifact,current_artifact,daily_nav_unavailable,not_available,benchmark_coverage_insufficient,daily_nav_unavailable,False,False,not_available,benchmark_data_unavailable,no_comparable_daily_performance_or_benchmark,v5n_model_performance_reporting\current\model_addenda\v5m_workflow_test_isolation_repair\model_performance_addendum.md
