trade_date,strategy_return,benchmark_return,excess_return,strategy_nav,benchmark_nav,excess_nav,portfolio_value,cash,invested_value,cash_weight,selected_count,holding_count,buy_turnover,sell_turnover,commission,dividend_cash,corporate_action_share_value,benchmark_constituent_count,rebalance
2021-05-06,0.008842566649999828,0.0,0.008842566649999828,1.0088425666499998,1.0,1.0088425666499998,2017685.1332999999,16516.133299999885,2001169.0,0.008185684191956715,28,28,1982889.0,0.0,594.8666999999999,0.0,0.0,0,1
2021-05-07,0.009427635504697829,0.006567782631933932,0.002859852872763897,1.0183535666499999,1.006567782631934,1.0117277079624003,2036707.1332999999,16516.133299999885,2020191.0,0.008109233296217417,0,28,0.0,0.0,0.0,0.0,0.0,189,0
2021-05-10,0.0019752471694256535,0.00843690517418576,-0.006461658004760106,1.0203650666499997,1.01506009956539,1.0051902695196075,2040730.1332999999,16516.133299999885,2024214.0,0.008093247132727036,0,28,0.0,0.0,0.0,0.0,0.0,189,0
2021-05-11,0.0053059440948668435,0.009037357429505745,-0.003731413334638901,1.0257790666499997,1.024233560497592,1.0014394891440728,2051558.1332999999,16516.133299999885,2035042.0,0.00805053146285118,0,28,0.0,0.0,0.0,0.0,0.0,189,0
2021-05-12,0.003527075290993942,0.001384784026484567,0.0021422912645093746,1.0293970666499999,1.0256519027715587,1.0035848642136007,2058794.1332999999,16516.133299999885,2042278.0,0.008022236430957041,0,28,0.0,0.0,0.0,0.0,0.0,189,0
2021-05-13,-0.006001571405391037,-0.008576488132017071,0.0025749167266260337,1.0232190666499998,1.0168554113998578,1.006169011667053,2046438.1332999999,16516.133299999885,2029922.0,0.008070673152169357,0,28,0.0,0.0,0.0,0.0,0.0,189,0
2021-05-14,0.006585588775296802,0.010856936494306217,-0.0042713477190094145,1.0299575666499998,1.0278953460253177,1.0018713139541309,2059915.1332999999,16516.133299999885,2043399.0,0.00801787075253965,0,28,0.0,0.0,0.0,0.0,0.0,189,0
2021-05-17,-0.00373025076411293,-0.005937390007527523,0.0022071392434145926,1.0261155666499997,1.0217923304690428,1.0040825834480105,2052231.1332999999,16516.133299999885,2035715.0,0.008047891405604905,0,28,0.0,0.0,0.0,0.0,0.0,189,0
2021-05-18,0.0002801828656966432,0.003984742210484651,-0.0037045593447880077,1.0264030666499997,1.0258639094986122,1.0003628999305594,2052806.1332999999,20772.133299999885,2032034.0,0.01011889674482194,0,28,0.0,0.0,0.0,4256.0,0.0,189,0
2021-05-19,-0.00813179565727673,0.0007001737477340388,-0.008831969405010768,1.0180565666499997,1.026582192476791,0.9915277254044649,2036113.1332999999,20772.133299999885,2015341.0,0.010201856154394407,0,28,0.0,0.0,0.0,0.0,0.0,189,0
2021-05-20,-0.0029001335453445742,-0.0033327169933113645,0.00043258344796679024,1.0151040666499997,1.0231608845588929,0.991956643886675,2030208.1332999999,20772.133299999885,2009436.0,0.010231528954736203,0,28,0.0,0.0,0.0,0.0,0.0,189,0
2021-05-21,0.002157906831394163,0.01195083833781372,-0.009792931506419557,1.0172945666499997,1.0353885148838307,0.982242480415755,2034589.1332999999,20772.133299999885,2013817.0,0.010209497809667617,0,28,0.0,0.0,0.0,0.0,0.0,189,0
2021-05-24,0.0032522536819350467,0.0013669768542167574,0.0018852768277182893,1.0206030666499997,1.036803867018799,0.9840942794032833,2041206.1332999999,21798.133299999885,2019408.0,0.010679045562517019,0,28,0.0,0.0,0.0,1026.0,0.0,189,0
2021-05-25,0.003835967309848032,0.003762238777397173,7.372853245085891e-05,1.0245180666499998,1.0407045707318525,0.9841668352302969,2049036.1332999999,21798.133299999885,2027238.0,0.01063823763073114,0,28,0.0,0.0,0.0,0.0,0.0,189,0
2021-05-26,0.0021883459872318323,0.004752295698827732,-0.0025639497115958997,1.0267600666499999,1.045650306587092,0.981643480956946,2053520.1332999999,21798.133299999885,2031722.0,0.01061500831986992,0,28,0.0,0.0,0.0,0.0,0.0,190,0
2021-05-27,0.000344773829347389,0.0010463475208304003,-0.0007015736914830113,1.0271140666499998,1.046744420193045,0.9809547857162908,2054228.1332999999,21798.133299999885,2032430.0,0.010611349804163393,0,28,0.0,0.0,0.0,0.0,0.0,190,0
2021-05-28,-0.004460556182375064,-0.004705700748875771,0.0002451445665007067,1.0225325666499998,1.041818754191061,0.9811952614519919,2045065.1332999999,21798.133299999885,2023267.0,0.010658894401483212,0,28,0.0,0.0,0.0,0.0,0.0,190,0
2021-05-31,-0.00433140238702634,0.0029665301752143758,-0.007297932562240716,1.0181035666499998,1.0449093409624732,0.974034564603525,2036207.1332999999,21798.133299999885,2014409.0,0.010705263204079104,0,28,0.0,0.0,0.0,0.0,0.0,190,0
2021-06-01,0.0004935647182275904,-0.0028304022703879712,0.0033239669886155616,1.0186060666499999,1.0419518271914634,0.9772722233420377,2037212.1332999999,21798.133299999885,2015414.0,0.010699982070443467,0,28,0.0,0.0,0.0,0.0,0.0,190,0
2021-06-02,0.003487118441854342,0.003963121823956535,-0.0004760033821021928,1.0221580666499999,1.0460812092173173,0.9768070384584924,2044316.1332999999,21798.133299999885,2022518.0,0.010662799625228534,0,28,0.0,0.0,0.0,0.0,0.0,190,0
2021-06-03,0.007059573499869298,-0.00028772327352083807,0.007347296773390136,1.0293740666499998,1.0457802273074326,0.9839839296603832,2058748.1332999999,21798.133299999885,2036950.0,0.010588052490451716,0,28,0.0,0.0,0.0,0.0,0.0,190,0
2021-06-04,-0.005867313152404852,-0.007429571035968384,0.0015622578835635323,1.0233344066499996,1.0380105288206407,0.9855211663117949,2046668.8132999998,25961.813299999885,2020707.0,0.012684911760657397,0,28,0.0,0.0,0.0,4163.68,0.0,190,0
2021-06-07,0.0004671004872833784,-0.0014527984097543938,0.0019198988970377721,1.0238124066499996,1.0365025087750617,0.9874132673120042,2047624.8132999998,25961.813299999885,2021663.0,0.012678989398531083,0,28,0.0,0.0,0.0,0.0,0.0,190,0
2021-06-08,-0.0008629510584765576,0.000885460146265683,-0.0017484112047422406,1.0229289066499996,1.0374202904380865,0.9856868628917247,2045857.8132999998,25961.813299999885,2019896.0,0.0126899401958551,0,28,0.0,0.0,0.0,0.0,0.0,190,0
2021-06-09,0.0007792330384039925,0.001543783476063974,-0.0007645504376599815,1.0237260066499998,1.0390218427401983,0.9849332555693051,2047452.0133,27289.013299999886,2020163.0,0.013328279794951855,0,28,0.0,0.0,0.0,1327.2,0.0,190,0
2021-06-10,-0.0037158380028344817,-0.003928665835488322,0.00021282783265384048,1.0199220066499997,1.0349398731242987,0.9851428767793966,2039844.0133,27289.013299999886,2012555.0,0.013377990239485282,0,28,0.0,0.0,0.0,0.0,0.0,190,0
2021-06-11,-0.0013045115129637352,0.0017240083166774577,-0.003028519829641193,1.0185915066499998,1.036724118072826,0.9821593520420405,2037183.0133,27289.013299999886,2009894.0,0.013395464777509043,0,28,0.0,0.0,0.0,0.0,0.0,190,0
2021-06-15,-0.010468278922792895,-0.015179779282126098,0.0047115003593332025,1.0079286066499997,1.0209868747840236,0.9867867961821091,2015857.2133,28700.213299999887,1987157.0,0.014237225290881115,0,28,0.0,0.0,0.0,1411.1999999999998,0.0,190,0
2021-06-16,-0.002748706586677918,-0.00937820986862355,0.006629503281945632,1.0051581066499997,1.011411845599189,0.993328702485979,2010316.2133,28700.213299999887,1981616.0,0.014276467110061032,0,28,0.0,0.0,0.0,0.0,0.0,190,0
2021-06-17,-0.0017781401633986116,-0.00012052446374068339,-0.0016576156996579283,1.0033707946499997,1.011289945728877,0.9916821452338175,2006741.5892999999,31987.589299999887,1974754.0,0.015940063967657108,0,28,0.0,0.0,0.0,3287.3759999999997,0.0,190,0
2021-06-18,-0.0033885778000803946,0.0005795276531136729,-0.003968105453194068,0.9999707946499997,1.011876016217743,0.98774704590548,1999941.5892999999,31987.589299999887,1967954.0,0.01599426176801287,0,28,0.0,0.0,0.0,0.0,0.0,190,0
2021-06-21,-0.001245536376325851,0.005339716915809161,-0.006585253292135012,0.9987252946499997,1.0172791476982423,0.9812424814196343,1997450.5892999999,31987.589299999887,1965463.0,0.016014208046673053,0,28,0.0,0.0,0.0,0.0,0.0,191,0
2021-06-22,0.006282007708835247,0.009346755584090006,-0.003064747875254759,1.0049992946499997,1.0267874072525693,0.9782352206095938,2009998.5892999999,31987.589299999887,1978011.0,0.015914234701597404,0,28,0.0,0.0,0.0,0.0,0.0,191,0
2021-06-23,0.005125050363138595,0.0026707586099693364,0.0024542917531692582,1.0101499666499998,1.029529708561097,0.9806360952441957,2020299.9333,33217.73329999988,1987082.2,0.016441981090273734,0,28,0.0,0.0,0.0,1230.144,11741.2,191,0
2021-06-24,0.004503588724639629,0.0008470589717028917,0.003656529752936737,1.0146992666499999,1.0304017809373684,0.9842218203032598,2029398.5333,33217.73329999988,1996180.8,0.01636826515587582,0,28,0.0,0.0,0.0,0.0,0.0,191,0
2021-06-25,0.0026660312950959053,0.004624248073486207,-0.0019582167783903015,1.0174044866499996,1.0351666143877847,0.9822945006210841,2034808.9732999997,39742.773299999884,1995066.2,0.019531451758612064,0,28,0.0,0.0,0.0,6525.040000000001,0.0,191,0
2021-06-28,-0.0018036091093347473,0.00043156675357611653,-0.0022351758629108637,1.0155694866499996,1.0356133578829665,0.9800988996630258,2031138.9732999997,41854.773299999884,1989284.2,0.02060655319512592,0,28,0.0,0.0,0.0,2112.0,0.0,192,0
2021-06-29,-0.008344894279913029,-0.012471942059988656,0.004127047780075627,1.0070946666499998,1.0226972480868999,0.9841438146511347,2014189.3333,44891.73329999988,1969297.6,0.022287742546253254,0,28,0.0,0.0,0.0,3036.96,0.0,192,0
2021-06-30,0.0005778999921983718,-0.0015072141220929035,0.002085114114291275,1.0076766666499999,1.0211558243519578,0.9861958668095562,2015353.3333,44891.73329999988,1970461.6,0.022274869899112336,0,28,0.0,0.0,0.0,0.0,0.0,192,0
2021-07-01,-0.0021441130488639715,-0.008870418244343205,0.006726305195479234,1.0055160939599999,1.012097745097309,0.9928293211922375,2011032.18792,16013.18791999991,1995019.0,0.007962671117940814,28,28,469053.0,440539.6,365.14537999999993,0.0,0.0,193,1
2021-07-02,-0.0017334381920587338,-0.005498335831906993,0.003764897639848259,1.0037730939599998,1.0065328918000482,0.9965672219603664,2007546.18792,17549.18791999991,1989997.0,0.00874161104018357,0,28,0.0,0.0,0.0,1536.0,0.0,193,0
2021-07-05,0.0028173697990281354,0.002221774463715676,0.0005955953353124596,1.0066010939599996,1.0087691808759394,0.9971607727490913,2013202.18792,17549.18791999991,1995653.0,0.008717051881476137,0,28,0.0,0.0,0.0,0.0,0.0,193,0
2021-07-06,0.005424015563624041,0.010467803725137113,-0.0050437881615130725,1.0120609139599996,1.019328778665316,0.9921313050483742,2024121.8279199998,23269.82791999991,2000852.0,0.011496258574471344,0,28,0.0,0.0,0.0,5720.639999999999,0.0,193,0
2021-07-07,-0.003402660800845836,-0.0013419965838313327,-0.002060664217014503,1.0086172139599998,1.017960842926546,0.9900868555694812,2017234.42792,26655.427919999907,1990579.0,0.013213847409636326,0,28,0.0,0.0,0.0,3385.6,0.0,193,0
2021-07-08,-0.00735660654736181,-0.006512740938483221,-0.0008438656088785891,1.0011972139599998,1.0113311276710455,0.9892513553222633,2002394.42792,32511.427919999907,1969883.0,0.016236275664116465,0,28,0.0,0.0,0.0,5856.0,0.0,194,0
2021-07-09,0.0009029190127531894,0.005410956593943054,-0.004508037581189865,1.0021012139599998,1.016803396504977,0.9847917730352275,2004202.42792,32511.427919999907,1971691.0,0.016221628847012674,0,28,0.0,0.0,0.0,0.0,0.0,194,0
2021-07-12,-0.0023490641136914014,-7.624253342375096e-05,-0.0022728215802676503,0.9997472139599998,1.0167258728380335,0.9825535170414029,1999494.42792,32511.427919999907,1966983.0,0.016259824216574757,0,28,0.0,0.0,0.0,0.0,0.0,194,0
2021-07-13,0.0019002603592912504,0.013408905561570995,-0.011508645202279745,1.00164699396,1.0303590540489245,0.9712456572215212,2003293.98792,36213.987919999905,1967080.0,0.018077220886386487,0,28,0.0,0.0,0.0,3702.56,0.0,195,0
2021-07-14,-0.004149645558828574,-0.0032815407601069304,-0.0008681047987216437,0.9974905139599998,1.0269778888155177,0.9704025142057496,1994981.0279199998,37581.027919999906,1957400.0,0.018837787123811654,0,28,0.0,0.0,0.0,1367.04,0.0,195,0
2021-07-15,-0.0009670668407364413,-0.0014335993640490435,0.0004665325233126022,0.9965258739599999,1.0255056139672192,0.970855238539331,1993051.74792,39885.74791999991,1953166.0,0.020012399558428776,0,28,0.0,0.0,0.0,2304.7200000000003,0.0,195,0
2021-07-16,-0.0006286841278996258,-0.0008000573710853475,0.00017137324318572172,0.99589937396,1.0246851506416752,0.9710216171502232,1991798.74792,43389.74791999991,1948409.0,0.021784202829382763,0,28,0.0,0.0,0.0,3504.0,0.0,195,0
2021-07-19,-0.0031770278029384924,-0.006873582189077468,0.0036965543861389753,0.99273537396,1.0176418930408124,0.9746110513681355,1985470.74792,43389.74791999991,1942081.0,0.021853632427199173,0,28,0.0,0.0,0.0,0.0,0.0,195,0
2021-07-20,-0.002045862425450129,-0.006324016678103279,0.00427815425265315,0.9907043739600001,1.0112063087368859,0.9787805877822289,1981408.74792,43389.74791999991,1938019.0,0.021898433609697468,0,28,0.0,0.0,0.0,0.0,0.0,195,0
2021-07-21,-0.0005552615032891062,0.000542952454533974,-0.0010982139578230802,0.99015427396,1.0117553456842547,0.9777056772790802,1980308.5479199998,44666.54791999991,1935642.0,0.022555347734531085,0,28,0.0,0.0,0.0,1276.8,0.0,195,0
2021-07-22,0.0037499206918032435,0.003074379210404084,0.0006755414813991597,0.99386727396,1.0148658652850415,0.9783661580206817,1987734.5479199998,44666.54791999991,1943068.0,0.022471082955588695,0,28,0.0,0.0,0.0,0.0,0.0,195,0
2021-07-23,-0.0018392797991189092,-0.009358732872976954,0.007519453073858045,0.9920392739599999,1.0053680067499362,0.985722936434969,1984078.5479199998,48826.54791999991,1935252.0,0.024609180907271544,0,28,0.0,0.0,0.0,4160.0,0.0,195,0
2021-07-26,-0.010608450971896,-0.013383122468496806,0.0027746714966008067,0.9815152739599999,0.9919130435896932,0.9884579937702408,1963030.5479199998,48826.54791999991,1914204.0,0.0248730453898111,0,28,0.0,0.0,0.0,0.0,0.0,195,0
2021-07-27,-0.009285133142381885,-0.014197959837544724,0.004912826695162839,0.9724017739599999,0.9778299020344701,0.9933141165890823,1944803.5479199998,48826.54791999991,1895977.0,0.025106159422745154,0,28,0.0,0.0,0.0,0.0,0.0,195,0
2021-07-28,-0.0040040033906397765,-0.016744765083454474,0.012740761692814698,0.9685082739599999,0.9614563700333256,1.0059696950346526,1937016.5479199998,48826.54791999991,1888190.0,0.02520708869133341,0,28,0.0,0.0,0.0,0.0,0.0,195,0
2021-07-29,-0.000840467781108134,0.006139001904346812,-0.006979469685454946,0.96769427396,0.9673587525199066,0.9989485600436719,1935388.5479199998,48826.54791999991,1886562.0,0.025228292258148766,0,28,0.0,0.0,0.0,0.0,0.0,195,0
2021-07-30,0.0007760715550446662,0.008426340621563312,-0.007650269066518646,0.9684452739599999,0.9755100468718898,0.9913063347757265,1936890.5479199998,50490.54791999991,1886400.0,0.02606783742851191,0,28,0.0,0.0,0.0,1664.0,0.0,196,0
2021-08-02,0.009156428595846755,0.011219079069645092,-0.0020626504737983366,0.9773127739599999,0.9864543712209788,0.989261616294622,1954625.5479199998,50490.54791999991,1904135.0,0.025831314838654928,0,28,0.0,0.0,0.0,0.0,0.0,196,0
2021-08-03,0.0039276064963795765,0.0005607257599576535,0.003366880736421923,0.98115127396,0.9870075015979451,0.992592342173806,1962302.5479199998,50490.54791999991,1911812.0,0.025730256516009138,0,28,0.0,0.0,0.0,0.0,0.0,196,0
2021-08-04,-0.001527797027618294,-0.0006529223232400117,-0.0008748747043782822,0.97965227396,0.9863630623669465,0.9917239482418785,1959304.5479199998,50490.54791999991,1908814.0,0.02576962727596419,0,28,0.0,0.0,0.0,0.0,0.0,196,0
2021-08-05,-0.0004021835200844759,-0.0022386172008086475,0.0018364336807241716,0.97925827396,0.9841549730492896,0.9935451835024106,1958516.5479199998,50490.54791999991,1908026.0,0.025779995565328416,0,28,0.0,0.0,0.0,0.0,0.0,196,0
2021-08-06,-0.0016732051631017653,0.001561215783833712,-0.003234420946935477,0.97761977396,0.9856914513269525,0.9903316401491635,1955239.5479199998,50490.54791999991,1904749.0,0.02582320308205313,0,28,0.0,0.0,0.0,0.0,0.0,196,0
2021-08-09,0.011404740674216596,0.013682343279049701,-0.0022776026048331056,0.98876927396,0.9991780201312325,0.9880760582259112,1977538.5479199998,50490.54791999991,1927048.0,0.025532017048722773,0,28,0.0,0.0,0.0,0.0,0.0,196,0
2021-08-10,-0.0014399719302539138,0.0061914409951538815,-0.007631412925407795,0.98734547396,1.0053643718865295,0.98053564182388,1974690.94792,54016.94791999991,1920674.0,0.027354633886835584,0,28,0.0,0.0,0.0,3526.4,0.0,196,0
2021-08-11,0.00499571844920399,0.00917267803300343,-0.00417695958379944,0.9922779739600001,1.0145862555756975,0.9764399840775068,1984555.94792,54016.94791999991,1930539.0,0.027218657139202712,0,28,0.0,0.0,0.0,0.0,0.0,196,0
2021-08-12,0.0002232237395294323,0.0006793033600219291,-0.00045607962049249676,0.99249947396,1.0152754674281421,0.9759946497001349,1984998.94792,54016.94791999991,1930982.0,0.027212582644742498,0,28,0.0,0.0,0.0,0.0,0.0,196,0
2021-08-13,-0.0009471037765385049,0.004250078271565063,-0.005197182048103568,0.9915594739600001,1.0195904676319116,0.9709222278276682,1983118.94792,54016.94791999991,1929102.0,0.0272383802175133,0,28,0.0,0.0,0.0,0.0,0.0,196,0
2021-08-16,0.006444898332198079,0.00964797620833357,-0.003203077876135491,0.9979499739600001,1.029427452205868,0.9678122883202652,1995899.94792,54016.94791999991,1941883.0,0.027063955774082233,0,28,0.0,0.0,0.0,0.0,0.0,196,0
2021-08-17,-0.008197304688068341,-0.010690016662100673,0.002492711974032332,0.98976947396,1.0184228555893633,0.9702247655999768,1979538.94792,54016.94791999991,1925522.0,0.027287640880599096,0,28,0.0,0.0,0.0,0.0,0.0,196,0
2021-08-18,0.012209913841501718,0.019212065636224032,-0.007002151794722314,1.0018544739600002,1.0379888623363769,0.9634311045162469,2003708.94792,54016.94791999991,1949692.0,0.026958480160541056,0,28,0.0,0.0,0.0,0.0,0.0,196,0
2021-08-19,0.0022887555624087064,-0.010890744149970731,0.013179499712379437,1.0041474739600003,1.0266843912061523,0.9761286444811162,2008294.94792,54016.94791999991,1954278.0,0.02689691968599807,0,28,0.0,0.0,0.0,0.0,0.0,196,0
2021-08-20,-0.0008952868212221965,-0.007485598367807022,0.006590311546584826,1.0032484739600003,1.0189990442030865,0.9825616363577924,2006496.94792,54016.94791999991,1952480.0,0.026921021721959575,0,28,0.0,0.0,0.0,0.0,0.0,198,0
2021-08-23,0.016439596399184353,0.01623300603616775,0.00020659036301660244,1.0197414739600004,1.0355404618384845,0.9827646241229337,2039482.94792,54016.94791999991,1985466.0,0.026485608999619232,0,28,0.0,0.0,0.0,0.0,0.0,198,0
2021-08-24,-0.00046972689866175976,0.014324617362084697,-0.014794344260746457,1.0192624739600005,1.0503741827172772,0.968225265946376,2038524.94792,54016.94791999991,1984508.0,0.026498055849213848,0,28,0.0,0.0,0.0,0.0,0.0,198,0
2021-08-25,0.00964569995577591,0.0066541959077560985,0.002991504048019812,1.0290939739600005,1.0573635783055273,0.9711217157488496,2058187.94792,54016.94791999991,2004171.0,0.02624490536667913,0,28,0.0,0.0,0.0,0.0,0.0,198,0
2021-08-26,-1.2146606934160253e-05,-0.002468793419922964,0.0024566468129888037,1.0290814739600005,1.0547531660609404,0.9735074188168682,2058162.94792,54016.94791999991,2004146.0,0.026245224157100865,0,28,0.0,0.0,0.0,0.0,0.0,198,0
2021-08-27,-0.0008503311177420203,-0.0004722722010229891,-0.0003780589167190312,1.0282064139600005,1.0542550354616689,0.9731393756566923,2056412.8279199998,55989.82791999991,2000423.0,0.027226939629934107,0,28,0.0,0.0,0.0,1972.88,0.0,198,0
2021-08-30,0.00013226916128261657,-0.003748074534121197,0.0038803436954038136,1.0283424139600004,1.050303609010786,0.976915490897771,2056684.8279199998,55989.82791999991,2000695.0,0.02722333882174084,0,28,0.0,0.0,0.0,0.0,0.0,198,0
2021-08-31,0.009283386419157491,0.004211787373953191,0.0050715990452043,1.0378889139600003,1.054727264490035,0.9818700145686534,2075777.8279199998,55989.82791999991,2019788.0,0.026972938609766163,0,28,0.0,0.0,0.0,0.0,0.0,198,0
2021-09-01,0.016060967388502823,0.005379394416664937,0.010681572971837885,1.0545584139600004,1.0604010584477368,0.9923579307781281,2109116.82792,55989.82791999991,2053127.0,0.026546574935451435,0,28,0.0,0.0,0.0,0.0,0.0,198,0
2021-09-02,0.01984290270030864,0.025140328612210078,-0.005297425911901438,1.0754839139600005,1.0870598895178483,0.9871009881617432,2150967.82792,55989.82791999991,2094978.0,0.026030062929459266,0,28,0.0,0.0,0.0,0.0,0.0,198,0
2021-09-03,0.01329912964233504,0.008251507244800246,0.005047622397534793,1.0897869139600005,1.0960297720717365,0.9920835012182172,2179573.82792,55989.82791999991,2123584.0,0.025688429179493242,0,28,0.0,0.0,0.0,0.0,0.0,198,0
2021-09-06,0.009167847284654362,0.01221624572509281,-0.003048398440438447,1.0997779139600006,1.109419141089382,0.9890592354203188,2199555.82792,55989.82791999991,2143566.0,0.02545506106700935,0,28,0.0,0.0,0.0,0.0,0.0,198,0
2021-09-07,0.0029296824014208855,0.013002744695999546,-0.01007306229457866,1.1029999139600006,1.1238446349418223,0.9790963801289017,2205999.82792,55989.82791999991,2150010.0,0.02538070366614297,0,28,0.0,0.0,0.0,0.0,0.0,198,0
2021-09-08,0.02065412672446154,0.02420059706519163,-0.0035464703407300895,1.1257814139600006,1.151042346115927,0.9756240438560583,2251562.82792,55989.82791999991,2195573.0,0.024867095523922585,0,28,0.0,0.0,0.0,0.0,0.0,198,0
2021-09-09,0.011371212778304773,0.011761833316628396,-0.00039062053832362303,1.1385829139600006,1.1645807143313234,0.9752429450668457,2277165.82792,55989.82791999991,2221176.0,0.024587505764190182,0,28,0.0,0.0,0.0,0.0,0.0,199,0
2021-09-10,-0.01478328876502999,-0.015044205363622339,0.0002609165985923492,1.1217509139600006,1.147060522902409,0.9754974021388737,2243501.82792,55989.82791999991,2187512.0,0.02495644408362676,0,28,0.0,0.0,0.0,0.0,0.0,199,0
2021-09-13,0.019829268443808168,0.012110581996588047,0.007718686447220121,1.1439944139600007,1.1609520934200677,0.9830269607160614,2287988.82792,55989.82791999991,2231999.0,0.024471198126828266,0,28,0.0,0.0,0.0,0.0,0.0,199,0
2021-09-14,-0.025012796960213524,-0.02301248936127258,-0.0020003075989409452,1.1153799139600007,1.1342356957212913,0.9810606044165773,2230759.82792,55989.82791999991,2174770.0,0.02509899417195701,0,28,0.0,0.0,0.0,0.0,0.0,199,0
2021-09-15,0.004345604523925406,0.010784832549496382,-0.006439228025570976,1.1202269139600007,1.146468237771307,0.9747433314778344,2240453.82792,55989.82791999991,2184464.0,0.024990395794935855,0,28,0.0,0.0,0.0,0.0,0.0,199,0
2021-09-16,-0.011012947329027023,-0.01322630631231928,0.002213358983292257,1.1078899139600007,1.1313046976811987,0.976900788386965,2215779.82792,55989.82791999991,2159790.0,0.025268678419443306,0,28,0.0,0.0,0.0,0.0,0.0,199,0
2021-09-17,0.00839072536257035,0.011352102900508148,-0.002961377537937798,1.1171859139600007,1.144147385021104,0.9740078163354422,2234371.82792,55989.82791999991,2178382.0,0.025058420098377904,0,28,0.0,0.0,0.0,0.0,0.0,199,0
2021-09-22,0.03875720187566767,0.03088070780326192,0.00787649407240575,1.1604849139600006,1.1794794661018069,0.9816795831272851,2320969.82792,55989.82791999991,2264980.0,0.024123462203804995,0,28,0.0,0.0,0.0,0.0,0.0,199,0
2021-09-23,0.024723716486838354,0.003945569828257391,0.020778146658580965,1.1891764139600007,1.1841331846963072,1.0020770654772384,2378352.82792,55989.82791999991,2322363.0,0.023541430549211692,0,28,0.0,0.0,0.0,0.0,0.0,199,0
2021-09-24,-0.016919693128623403,-0.01422557375820446,-0.002694119370418944,1.1690559139600007,1.1672882107378724,0.9993773502444836,2338111.82792,55989.82791999991,2282122.0,0.02394659966705221,0,28,0.0,0.0,0.0,0.0,0.0,199,0
2021-09-27,-0.030355690926528456,-0.013115879856597972,-0.017239811069930486,1.1335684139600006,1.1519781988078113,0.982148273538701,2267136.82792,55989.82791999991,2211147.0,0.02469627206901674,0,28,0.0,0.0,0.0,0.0,0.0,199,0
2021-09-28,0.0236761184146288,0.03306715527426286,-0.009391036859634064,1.1604069139600006,1.1900708407803549,0.9729248829002731,2320813.82792,55989.82791999991,2264824.0,0.024125083729865604,0,28,0.0,0.0,0.0,0.0,0.0,199,0
2021-09-29,-0.024652559077208425,-0.03366074573203924,0.009008186654830816,1.1317999139600006,1.1500121688057332,0.9816891718465682,2263599.82792,55989.82791999991,2207610.0,0.024734861360830026,0,28,0.0,0.0,0.0,0.0,0.0,199,0
2021-09-30,0.011098251418000915,0.02301680297392016,-0.011918551555919244,1.1443609139600004,1.1764817723127454,0.9699888588400273,2288721.82792,55989.82791999991,2232732.0,0.024463360831789547,0,28,0.0,0.0,0.0,0.0,0.0,199,0
2021-10-08,0.00698136540888461,0.007139870299634082,-0.00015850489074947186,1.1523501156600002,1.1848816995769422,0.9698351108619286,2304700.23132,16607.231319999803,2288093.0,0.007205809716297956,28,28,1171105.0,1132449.0,726.5966,0.0,0.0,199,1
2021-10-11,-0.0010517636814796338,-0.015948316238610278,0.014896552557130644,1.1511381156600002,1.1659848315267471,0.984282310562634,2302276.23132,16607.231319999803,2285669.0,0.007213396504761777,0,28,0.0,0.0,0.0,0.0,0.0,199,0
2021-10-12,-0.022826539789219336,-0.015120489365115326,-0.00770605042410401,1.1248616156600002,1.1483545702817612,0.9766973814458848,2249723.23132,16607.231319999803,2233116.0,0.007381899732730989,0,28,0.0,0.0,0.0,0.0,0.0,199,0
2021-10-13,-0.019898892173386806,-0.030736599259035956,0.01083770708564915,1.10247811566,1.1130580560477283,0.9872825415773159,2204956.23132,16607.231319999803,2188349.0,0.007531773685166468,0,28,0.0,0.0,0.0,0.0,0.0,199,0
2021-10-14,-0.002029518743472347,-0.0041892264240001855,0.0021597076805278384,1.10024061566,1.1083952038278868,0.9894147832652114,2200481.23132,16607.231319999803,2183874.0,0.0075470906470934285,0,28,0.0,0.0,0.0,0.0,0.0,199,0
2021-10-15,-0.01133933779795615,-0.011194743020884853,-0.00014459477707129756,1.08776461566,1.0959870043554523,0.9892717190551941,2175529.23132,16607.231319999803,2158922.0,0.007633651196643947,0,28,0.0,0.0,0.0,0.0,0.0,199,0
2021-10-18,0.016937028227215878,0.01980421900722288,-0.002867190780007002,1.1061881156600002,1.117692171018778,0.9864352883033973,2212376.23132,16607.231319999803,2195769.0,0.007506513171175775,0,28,0.0,0.0,0.0,0.0,0.0,199,0
2021-10-19,0.0012484314199814328,0.003385441511210062,-0.002137010091228629,1.1075691156600003,1.1214760524912994,0.984327266137949,2215138.23132,16607.231319999803,2198531.0,0.007497153489199436,0,28,0.0,0.0,0.0,0.0,0.0,199,0
2021-10-20,0.003444480300199171,0.007870017012683615,-0.004425536712484444,1.1113841156600002,1.1303020881037231,0.979971089684556,2222768.23132,16607.231319999803,2206161.0,0.007471418335926788,0,28,0.0,0.0,0.0,0.0,0.0,199,0
2021-10-21,-0.005480553405590838,-0.004782579503150538,-0.0006979739024402997,1.10529311566,1.12489632850479,0.9792870954388102,2210586.23132,16607.231319999803,2193979.0,0.007512591494828583,0,28,0.0,0.0,0.0,0.0,0.0,199,0
2021-10-22,-0.01516611273742563,-0.0211258227747656,0.005959710037339971,1.08853011566,1.1011319680288132,0.9851233625709342,2177060.23132,16607.231319999803,2160453.0,0.00762828289317952,0,28,0.0,0.0,0.0,0.0,0.0,199,0
2021-10-25,0.004772950169458445,0.012878299038342478,-0.008105348868884032,1.09372561566,1.1153126747937667,0.9771385940384086,2187451.23132,16607.231319999803,2170844.0,0.007592046433866461,0,28,0.0,0.0,0.0,0.0,0.0,199,0
2021-10-26,-0.002042102670012147,0.0006480094218352994,-0.0026901120918474465,1.09149211566,1.1160354079153254,0.9745099816911751,2182984.23132,16607.231319999803,2166377.0,0.00760758189717101,0,28,0.0,0.0,0.0,0.0,0.0,199,0
2021-10-27,-0.002655539108724847,0.0012662146671919541,-0.003921753775916801,1.08859361566,1.1174485483179335,0.9706881934908091,2177187.23132,16607.231319999803,2160580.0,0.007627837919080142,0,28,0.0,0.0,0.0,0.0,0.0,199,0
2021-10-28,-0.008912416773745102,-0.014722668483123997,0.005810251709378895,1.07889161566,1.1009967237941005,0.9763281362263131,2157783.23132,16607.231319999803,2141176.0,0.007696431726295562,0,28,0.0,0.0,0.0,0.0,0.0,199,0
2021-10-29,-0.000711378222668313,-0.0006151331244956067,-9.62450981727063e-05,1.0781241156599999,1.1003194642393337,0.9762341694289932,2156248.23132,16607.231319999803,2139641.0,0.007701910697838941,0,28,0.0,0.0,0.0,0.0,0.0,199,0
2021-11-01,-0.001425624357784705,0.003141515185034064,-0.004567139542818769,1.07658711566,1.10377613454463,0.9717755717507433,2153174.23132,16607.231319999803,2136567.0,0.007712906405079336,0,28,0.0,0.0,0.0,0.0,0.0,199,0
2021-11-02,-0.019050014347818944,-0.02727818749839744,0.008228173150578496,1.0560781156599999,1.0736671221902652,0.9797715094186107,2112156.23132,16607.231319999803,2095549.0,0.007862690777197411,0,28,0.0,0.0,0.0,0.0,0.0,199,0
2021-11-03,0.004337747304930195,0.00681597973230609,-0.0024782324273758946,1.0606591156599998,1.0809852155343576,0.9773434078925505,2121318.23132,16607.231319999803,2104711.0,0.007828731717289716,0,28,0.0,0.0,0.0,0.0,0.0,199,0
2021-11-04,0.0021354646055067317,0.008975458917751974,-0.006839994312245242,1.0629241156599998,1.0906875539270835,0.970658384541455,2125848.23132,16607.231319999803,2109241.0,0.007812049362379881,0,28,0.0,0.0,0.0,0.0,0.0,199,0
2021-11-05,-0.014695780978024708,-0.019067226962895627,0.004371445984870919,1.0473036156599997,1.0698911667907502,0.9749015652392401,2094607.2313199998,16607.231319999803,2078000.0,0.007928565829276785,0,28,0.0,0.0,0.0,0.0,0.0,199,0
2021-11-08,0.0019683881246803647,0.002725947991874085,-0.0007575598671937201,1.0493651156599997,1.0728076344683872,0.9741630189389505,2098730.23132,16607.231319999803,2082123.0,0.007912989993742386,0,28,0.0,0.0,0.0,0.0,0.0,199,0
2021-11-09,0.004533217208205098,0.004094135724219206,0.0004390814839858922,1.0541221156599998,1.0771998545298793,0.9745907558829504,2108244.23132,16607.231319999803,2091637.0,0.007877280569909016,0,28,0.0,0.0,0.0,0.0,0.0,199,0
2021-11-10,-0.005653993888808939,-0.0049099096305154095,-0.0007440842582935297,1.0481621156599998,1.0719109005901333,0.9738655782432195,2096324.2313199998,16607.231319999803,2079717.0,0.007922071916109403,0,28,0.0,0.0,0.0,0.0,0.0,199,0
2021-11-11,0.00851967445358115,0.004262518493954361,0.004257155959626789,1.05709211566,1.07647994062777,0.978011475893513,2114184.23132,16607.231319999803,2097577.0,0.00785514860719163,0,28,0.0,0.0,0.0,0.0,0.0,199,0
2021-11-12,-0.0033946899677324005,0.0005900815849550007,-0.003984771552687401,1.05350361566,1.077115151617308,0.9741143235861707,2107007.23132,16607.231319999803,2090400.0,0.007881905231808668,0,28,0.0,0.0,0.0,0.0,0.0,199,0
2021-11-15,0.004103925165260591,0.010585598799415213,-0.0064816736341546215,1.05782711566,1.0885170604731003,0.9678004324583298,2115654.23132,16607.231319999803,2099047.0,0.007849690688651998,0,28,0.0,0.0,0.0,0.0,0.0,199,0
2021-11-16,-0.006329484185913059,-0.00527572071756155,-0.0010537634683515087,1.0511316156600001,1.082774348465743,0.9667805997179504,2102263.23132,16607.231319999803,2085656.0,0.007899691662100855,0,28,0.0,0.0,0.0,0.0,0.0,199,0
2021-11-17,0.0021571989332431762,0.007237431733340042,-0.005080232800096866,1.05339911566,1.0906108538953756,0.961869129204766,2106798.23132,16607.231319999803,2090191.0,0.007882687137816067,0,28,0.0,0.0,0.0,0.0,0.0,199,0
2021-11-18,0.0008989944892887625,-0.0008067282717237114,0.0017057227610124738,1.05434611566,1.0897310272860894,0.9635098112715658,2108692.23132,16607.231319999803,2092085.0,0.007875607010513812,0,28,0.0,0.0,0.0,0.0,0.0,199,0
2021-11-19,0.00710724864321155,0.00996518863644781,-0.002857939993236259,1.0618396156599998,1.1005904025359854,0.9607561580480573,2123679.23132,16607.231319999803,2107072.0,0.00782002812622383,0,28,0.0,0.0,0.0,0.0,0.0,199,0
2021-11-22,-0.0009036204581646112,0.001614143357843283,-0.002517763816007894,1.0608801156599998,1.102366913223945,0.9583372009573171,2121760.23132,16607.231319999803,2105153.0,0.00782710085468424,0,28,0.0,0.0,0.0,0.0,0.0,199,0
2021-11-23,0.006084570635942477,0.0008149414444762912,0.005269629191466185,1.06733511566,1.1032652777085505,0.9633872826467498,2134670.23132,16607.231319999803,2118063.0,0.00777976432909289,0,28,0.0,0.0,0.0,0.0,0.0,199,0
2021-11-24,0.002349309006337119,0.006022637389499559,-0.00367332838316244,1.0698426156599998,1.1099098444206148,0.9598484447974257,2139685.23132,16607.231319999803,2123078.0,0.007761530096534145,0,28,0.0,0.0,0.0,0.0,0.0,199,0
2021-11-25,0.0019096266778826365,-0.00047725235196046696,0.0023868790298431034,1.0718856156599998,1.109380137336901,0.9621394869221402,2143771.23132,16607.231319999803,2127164.0,0.007746736721424381,0,28,0.0,0.0,0.0,0.0,0.0,199,0
2021-11-26,-8.676298911125535e-05,-0.0037332224868346932,0.003646459497723438,1.0717926156599997,1.105238574461747,0.9656478895923623,2143585.23132,16607.231319999803,2126978.0,0.00774740890977926,0,28,0.0,0.0,0.0,0.0,0.0,199,0
2021-11-29,-0.002839635164052501,-0.002060596353158778,-0.000779038810893723,1.0687491156599997,1.1029611238858408,0.9648956124087122,2137498.23132,16607.231319999803,2120891.0,0.007769471373898683,0,28,0.0,0.0,0.0,0.0,0.0,199,0
2021-11-30,0.0012523986971193501,0.001060175794915808,0.00019222290220354205,1.0700876156599999,1.1041304565721177,0.965081087443653,2140175.23132,16607.231319999803,2123568.0,0.007759753069264768,0,28,0.0,0.0,0.0,0.0,0.0,199,0
2021-12-01,0.01439321395239257,0.014993315452651368,-0.0006001015002587984,1.0854896156599998,1.1206850328083835,0.9645019408352066,2170979.23132,16607.231319999803,2154372.0,0.007649650019867885,0,28,0.0,0.0,0.0,0.0,0.0,199,0
2021-12-02,-0.0019981766464722828,-0.006111344052241849,0.004113167405769566,1.0833206156599997,1.1138361409986934,0.9684690987810514,2166641.23132,16607.231319999803,2150034.0,0.007664965975876887,0,28,0.0,0.0,0.0,0.0,0.0,199,0
2021-12-03,0.020746858940099644,0.018185927294762833,0.0025609316453368107,1.1057961156599996,1.134092284077175,0.9709492819436505,2211592.23132,16607.231319999803,2194985.0,0.007509174198033646,0,28,0.0,0.0,0.0,0.0,0.0,199,0
2021-12-06,-0.0026795174608038597,-0.0009825444592192558,-0.0016969730015846038,1.1028331156599995,1.1329779879872115,0.9693016072262842,2205666.23132,16607.231319999803,2189059.0,0.007529349220739107,0,28,0.0,0.0,0.0,0.0,0.0,199,0
2021-12-07,0.002896177086674223,0.00835736343674952,-0.005461186350075297,1.1060271156599997,1.142446696798658,0.964008070519794,2212054.23132,16607.231319999803,2195447.0,0.0075076058646581035,0,28,0.0,0.0,0.0,0.0,0.0,199,0
2021-12-08,0.005298694685710981,0.004936989521041285,0.0003617051646696958,1.1118876156599995,1.1480869441691013,0.9643567572176842,2223775.23132,16607.231319999803,2207168.0,0.007468035027147055,0,28,0.0,0.0,0.0,0.0,0.0,199,0
2021-12-09,0.007151801933938939,0.006727876009514382,0.0004239259244245572,1.1198396156599995,1.1558111307776133,0.9647655730474628,2239679.23132,16607.231319999803,2223072.0,0.007415004384450178,0,28,0.0,0.0,0.0,0.0,0.0,199,0
2021-12-10,0.000499625117897029,-0.004805370364317986,0.005304995482215015,1.1203991156599993,1.1502570302230257,0.9698836500538762,2240798.23132,16607.231319999803,2224191.0,0.007411301512058445,0,28,0.0,0.0,0.0,0.0,0.0,199,0
2021-12-13,0.005540436361682888,0.003634483916132757,0.001905952445550131,1.1266066156599992,1.15443762089879,0.9717322021685953,2253213.23132,16607.231319999803,2236606.0,0.0073704659147020846,0,28,0.0,0.0,0.0,0.0,0.0,199,0
2021-12-14,-0.0023069276923048943,-0.0004741032083309169,-0.0018328244839739775,1.1240076156599992,1.153890298318904,0.9699511875965948,2248015.23132,16607.231319999803,2231408.0,0.0073875083623202555,0,28,0.0,0.0,0.0,0.0,0.0,199,0
2021-12-15,0.013624462847618535,0.01979826921593518,-0.006173806368316645,1.1393216156599992,1.1767353290906775,0.9639628967776547,2278643.23132,16607.231319999803,2262036.0,0.0072882104103586965,0,28,0.0,0.0,0.0,0.0,0.0,199,0
2021-12-16,0.003601265826614908,0.008792982373771133,-0.005191716547156226,1.1434246156599992,1.1870823420979655,0.9589582746556095,2286849.23132,16607.231319999803,2270242.0,0.0072620578097375875,0,28,0.0,0.0,0.0,0.0,0.0,199,0
2021-12-17,0.0007132083644441067,0.002142275508920896,-0.001429067144476789,1.1442401156599993,1.1896253995265145,0.957587858892375,2288480.23132,16607.231319999803,2271873.0,0.007256882140695058,0,28,0.0,0.0,0.0,0.0,0.0,199,0
2021-12-20,-0.0015831467322355852,-0.014613899297883317,0.013030752565647731,1.1424286156599992,1.1722403337356297,0.9700659493414698,2284857.23132,16607.231319999803,2268250.0,0.007268389067095247,0,28,0.0,0.0,0.0,0.0,0.0,199,0
2021-12-21,0.014401775108281,0.01219346586981873,0.002208309238462271,1.1588816156599993,1.18653400623626,0.9722081549393183,2317763.23132,16607.231319999803,2301156.0,0.007165197504035709,0,28,0.0,0.0,0.0,0.0,0.0,199,0
2021-12-22,-0.0030840078500723456,-0.0050851050135223815,0.002001097163450036,1.1553076156599993,1.1805003562124332,0.9741536379204505,2310615.23132,16607.231319999803,2294008.0,0.007187363389149168,0,28,0.0,0.0,0.0,0.0,0.0,199,0
2021-12-23,0.0029541915536064334,0.008062334696439953,-0.00510814314283352,1.1587206156599992,1.1900179451934845,0.9691775216948408,2317441.23132,16607.231319999803,2300834.0,0.007166193082074591,0,28,0.0,0.0,0.0,0.0,0.0,199,0
2021-12-24,-0.0017614254656523887,-0.008695985646748974,0.006934560181096585,1.1566796156599992,1.1796695662227081,0.9758983415451998,2313359.23132,16607.231319999803,2296752.0,0.007178838070265351,0,28,0.0,0.0,0.0,0.0,0.0,199,0
2021-12-27,0.006359582982538026,0.005720518139389733,0.0006390648431482925,1.1640356156599991,1.1864178873747713,0.976522003865768,2328071.23132,16607.231319999803,2311464.0,0.007133472162096871,0,28,0.0,0.0,0.0,0.0,0.0,199,0
2021-12-28,-0.0009699015947719491,-0.01303224134486596,0.012062339750094011,1.1629066156599992,1.1709562031306373,0.9883011440498396,2325813.23132,16607.231319999803,2309206.0,0.0071403976451602175,0,28,0.0,0.0,0.0,0.0,0.0,199,0
2021-12-29,0.00043038709493958827,-0.007457844017019768,0.007888231111959357,1.1634071156599992,1.1622233944169273,0.9960970918823187,2326814.23132,16607.231319999803,2310207.0,0.007137325832229646,0,28,0.0,0.0,0.0,0.0,0.0,199,0
2021-12-30,0.010741725602142704,0.005294871870024247,0.005446853732118458,1.1759041156599992,1.1683772183747096,1.0015226870447902,2351808.23132,16607.231319999803,2335201.0,0.007061473422379621,0,28,0.0,0.0,0.0,0.0,0.0,199,0
2021-12-31,-0.0034037639180755086,0.0059052944977434785,-0.009309058415818987,1.1719016156599993,1.1752768299336667,0.9921994538463222,2343803.23132,16607.231319999803,2327196.0,0.007085591101709858,0,28,0.0,0.0,0.0,0.0,0.0,199,0
2022-01-04,0.013913344415706241,0.008662620653040146,0.005250723762666096,1.1882066864599994,1.1854578072736897,0.9974092190959374,2376413.37292,18750.37291999976,2357663.0,0.007890198369385702,28,28,747325.0,749980.0,511.85839999999996,0.0,0.0,199,1
2022-01-05,-0.0028791287231282325,-0.012884908374887679,0.010005779651759446,1.1847856864599995,1.1701832920446729,1.0073890759648447,2369571.37292,18750.37291999976,2350821.0,0.007912980859864903,0,28,0.0,0.0,0.0,0.0,0.0,199,0
2022-01-06,0.0030115151126282047,0.0036463721389045733,-0.0006348570262763686,1.1883536864599993,1.1744502157981962,1.0067495279317744,2376707.37292,18750.37291999976,2357957.0,0.007889222347538407,0,28,0.0,0.0,0.0,0.0,0.0,199,0
2022-01-07,-0.00307947039816181,-0.006443666462835561,0.0033641960646737515,1.1846941864599994,1.1668824503303874,1.0101364307317546,2369388.37292,18750.37291999976,2350638.0,0.007913592019906839,0,28,0.0,0.0,0.0,0.0,0.0,199,0
2022-01-10,0.0009614295512021531,0.0023989922950572082,-0.0014375627438550551,1.1858331864599994,1.1696817923379674,1.0086842962327238,2371666.37292,18750.37291999976,2352916.0,0.00790599096656005,0,28,0.0,0.0,0.0,0.0,0.0,199,0
2022-01-11,0.003923823395338033,0.003908011708053546,1.5811687284487258e-05,1.1904861864599994,1.1742529224771212,1.0087002452333846,2380972.37292,18750.37291999976,2362222.0,0.007875090502207086,0,28,0.0,0.0,0.0,0.0,0.0,199,0
2022-01-12,-0.0027093972502034713,0.002907272451933184,-0.005616669702136656,1.1872606864599995,1.1776667956502411,1.0030347091274445,2374521.37292,18750.37291999976,2355771.0,0.007896485217541768,0,28,0.0,0.0,0.0,0.0,0.0,199,0
2022-01-13,-0.0005601128779753051,-0.0036140115289724694,0.0030538986509971644,1.1865956864599994,1.1734106942734732,1.0060978754725522,2373191.37292,18750.37291999976,2354441.0,0.007900910619327383,0,28,0.0,0.0,0.0,0.0,0.0,199,0
2022-01-14,-0.018376099162345172,-0.019283737348241223,0.0009076381858960508,1.1647906864599993,1.1507829506434861,1.00701104832308,2329581.37292,18750.37291999976,2310831.0,0.008048816468899395,0,28,0.0,0.0,0.0,0.0,0.0,199,0
2022-01-17,0.0015281715596557888,0.002218043073523135,-0.0006898715138673461,1.1665706864599994,1.1533354367962894,1.0063163400866924,2333141.37292,18750.37291999976,2314391.0,0.008036535264270369,0,28,0.0,0.0,0.0,0.0,0.0,199,0
2022-01-18,0.001252388746740607,0.005554396811344062,-0.004302008064603455,1.1680316864599993,1.1597415194688407,1.0019871590760971,2336063.37292,18750.37291999976,2317313.0,0.008026482987301168,0,28,0.0,0.0,0.0,0.0,0.0,200,0
2022-01-19,0.006122265417022099,0.001102292928928682,0.005019972488093417,1.1751826864599995,1.1610198943451362,1.007017107048082,2350365.37292,18750.37291999976,2331615.0,0.007977641747123362,0,28,0.0,0.0,0.0,0.0,0.0,200,0
2022-01-20,-0.0042601886989001025,-0.00867689132124645,0.004416702622346348,1.1701761864599995,1.1509458509000983,1.0114648021455288,2340352.37292,18750.37291999976,2321602.0,0.008011773413678465,0,28,0.0,0.0,0.0,0.0,0.0,200,0
2022-01-21,-0.006644725888263259,-0.010298673277516135,0.003653947389252876,1.1624006864599996,1.1390926356215654,1.0151606413186498,2324801.37292,18750.37291999976,2306051.0,0.008065365556993324,0,28,0.0,0.0,0.0,0.0,0.0,200,0
2022-01-24,-0.005467133729380014,-0.007548625340567103,0.002081491611187089,1.1560456864599997,1.130494052087059,1.0172736896775618,2312091.37292,18750.37291999976,2293341.0,0.0081097023844345,0,28,0.0,0.0,0.0,0.0,0.0,200,0
2022-01-25,-0.024319973102527426,-0.03361268471329841,0.009292711610770985,1.1279306864599996,1.0924951119439976,1.0267269207049603,2255861.37292,18750.37291999976,2237111.0,0.008311846261957653,0,28,0.0,0.0,0.0,0.0,0.0,200,0
2022-01-26,0.007844010368906362,0.009329326071245899,-0.0014853157023395364,1.1367781864599995,1.1026873550745655,1.0252019070876224,2273556.37292,18750.37291999976,2254806.0,0.008247155488789603,0,28,0.0,0.0,0.0,0.0,0.0,200,0
2022-01-27,-0.008112840402681787,-0.016884110874178453,0.008771270471496666,1.1275556864599996,1.084069459511932,1.034194230302582,2255111.37292,18750.37291999976,2236361.0,0.008314610597578202,0,28,0.0,0.0,0.0,0.0,0.0,200,0
2022-01-28,0.007528674727056206,0.005369902081718756,0.00215877264533745,1.1360446864599996,1.089890806359293,1.036426820516925,2272089.37292,18750.37291999976,2253339.0,0.008252480357276843,0,28,0.0,0.0,0.0,0.0,0.0,200,0
2022-02-07,0.027500238654652565,0.026763058572329496,0.000737180082323069,1.1672861864599995,1.1190596178473302,1.0371908537257954,2334572.37292,18750.37291999976,2315822.0,0.008031609187830602,0,28,0.0,0.0,0.0,0.0,0.0,200,0
2022-02-08,0.02924132950079228,0.025489920150099928,0.003751409350692351,1.2014191864599997,1.14758435814946,1.041081781192915,2402838.37292,18750.37291999976,2384088.0,0.0078034266188340235,0,28,0.0,0.0,0.0,0.0,0.0,200,0
2022-02-09,-0.003012687029466332,0.007285636764600376,-0.010298323794066708,1.1977996864599996,1.155945240939674,1.0303603839140867,2395599.37292,18750.37291999976,2376849.0,0.007827006941125094,0,28,0.0,0.0,0.0,0.0,0.0,200,0
2022-02-10,0.00929245526261191,0.007028726802265553,0.002263728460346356,1.2089301864599997,1.164070064236618,1.0326928400395665,2417860.37292,18750.37291999976,2399110.0,0.007754944466605127,0,28,0.0,0.0,0.0,0.0,0.0,200,0
2022-02-11,-0.007006608069572096,-0.010028746839943143,0.003022138770371047,1.20045968646,1.1523959002584325,1.0358137811093346,2400919.37292,18750.37291999976,2382169.0,0.007809663719442417,0,28,0.0,0.0,0.0,0.0,0.0,200,0
2022-02-14,-0.00921896847084902,-0.013055868729934623,0.0038369002590856027,1.18939268646,1.1373503706597436,1.0397880952744376,2378785.37292,18750.37291999976,2360035.0,0.00788233067743449,0,28,0.0,0.0,0.0,0.0,0.0,200,0
2022-02-15,-0.004236195545304855,-0.0035803377688548264,-0.0006558577764500285,1.18435418646,1.1332782721712495,1.0391061421662917,2368708.37292,18750.37291999976,2349958.0,0.007915863824505098,0,28,0.0,0.0,0.0,0.0,0.0,200,0
2022-02-16,0.012879170922333927,0.01063563722076233,0.0022435337015715966,1.19960768646,1.1453314087442352,1.041437411815752,2399215.37292,18750.37291999976,2380465.0,0.007815210394046179,0,28,0.0,0.0,0.0,0.0,0.0,200,0
2022-02-17,-0.004179699794018554,-0.00016657351592843983,-0.004013126278090115,1.1945936864600002,1.1451406268645774,1.037257991971408,2389187.37292,18750.37291999976,2370437.0,0.007848012731242408,0,28,0.0,0.0,0.0,0.0,0.0,200,0
2022-02-18,0.013515892627765647,0.007992602073721015,0.0055232905540446315,1.2107396864600002,1.1542932802135575,1.042987069240571,2421479.37292,18750.37291999976,2402729.0,0.00774335438479873,0,28,0.0,0.0,0.0,0.0,0.0,200,0
2022-02-21,-6.60753099073208e-05,0.004109989331261068,-0.0041760646411683885,1.2106596864600003,1.1590374132803816,1.0386314878195195,2421319.37292,18750.37291999976,2402569.0,0.007743866063148734,0,28,0.0,0.0,0.0,0.0,0.0,200,0
2022-02-22,-0.009462609623599239,-0.007510621701699835,-0.0019519879218994037,1.1992036864600002,1.1503323217311159,1.0366040916999915,2398407.37292,18750.37291999976,2379657.0,0.007817843262035865,0,28,0.0,0.0,0.0,0.0,0.0,200,0
2022-02-23,-0.0034026746632555005,0.0012045659707261324,-0.004607240633981633,1.1951231864600003,1.1517179729008995,1.0318282072073597,2390246.37292,18750.37291999976,2371496.0,0.00784453566478744,0,28,0.0,0.0,0.0,0.0,0.0,200,0
2022-02-24,-0.018210256688655058,-0.010798838407478629,-0.007411418281176429,1.1733596864600002,1.1392807566205538,1.0241808967694295,2346719.37292,18750.37291999976,2327969.0,0.007990036276331096,0,28,0.0,0.0,0.0,0.0,0.0,200,0
2022-02-25,0.013388477703196955,0.015081852682119127,-0.0016933749789221717,1.18906918646,1.1564632211554782,1.02244657446495,2378138.37292,18750.37291999976,2359388.0,0.007884475156496927,0,28,0.0,0.0,0.0,0.0,0.0,200,0
2022-02-28,0.0031928335568955912,7.034198948867587e-05,0.0031224915674069155,1.19286568646,1.1565445690792249,1.025639155271841,2385731.37292,18750.37291999976,2366981.0,0.007859381459636156,0,28,0.0,0.0,0.0,0.0,0.0,200,0
2022-03-01,0.007404857143818999,0.005426220685285277,0.001978636458533722,1.2016986864599999,1.162820235143417,1.0276685222977615,2403397.37292,18750.37291999976,2384647.0,0.007801611639950765,0,28,0.0,0.0,0.0,0.0,0.0,200,0
2022-03-02,0.01106350547753765,0.006795793188297125,0.004267712289240525,1.21499368646,1.1707225209766186,1.0320543158796374,2429987.37292,18750.37291999976,2411237.0,0.007716242943875191,0,28,0.0,0.0,0.0,0.0,0.0,200,0
2022-03-03,0.02813183342506642,0.017301917243812706,0.010829916181253715,1.24917368646,1.1909782651500238,1.043231377615115,2498347.37292,18750.37291999976,2479597.0,0.0075051104274922505,0,28,0.0,0.0,0.0,0.0,0.0,200,0
2022-03-04,-0.018822442591335253,-0.012991347053183375,-0.005831095538151879,1.22566118646,1.1755058531746616,1.0371481957838435,2451322.37292,18750.37291999976,2432572.0,0.007649084888685789,0,28,0.0,0.0,0.0,0.0,0.0,200,0
2022-03-07,-0.013722389340383057,-0.013877977934397075,0.00015558859401401844,1.20884218646,1.159192208882549,1.0373095642134098,2417684.37292,18750.37291999976,2398934.0,0.007755509002754431,0,28,0.0,0.0,0.0,0.0,0.0,200,0
2022-03-08,-0.028891281584302653,-0.03584025953655621,0.006948977952253556,1.1739171864600002,1.1176464592634445,1.0445178055047906,2347834.37292,18750.37291999976,2329084.0,0.007986241762309637,0,28,0.0,0.0,0.0,0.0,0.0,200,0
2022-03-09,-0.006254700148092707,-0.004731901385383962,-0.0015227987627087448,1.1665746864600002,1.1123578664344864,1.0429272150829405,2333149.37292,18750.37291999976,2314399.0,0.008036507708262655,0,28,0.0,0.0,0.0,0.0,0.0,200,0
2022-03-10,0.011435615871695282,0.01778206366930148,-0.006346447797606198,1.1799151864600002,1.1321378848384729,1.0363083319557138,2359830.37292,18750.37291999976,2341080.0,0.007945644371378473,0,28,0.0,0.0,0.0,0.0,0.0,200,0
2022-03-11,0.005458866937143592,-0.002336886618048728,0.00779575355519232,1.1863561864600003,1.129492206965608,1.0443871363188328,2372712.37292,18750.37291999976,2353962.0,0.007902505644594606,0,28,0.0,0.0,0.0,0.0,0.0,200,0
2022-03-14,-0.022096652168369535,-0.0304877235116548,0.008391071343285265,1.1601416864600003,1.0950565608510716,1.0531506632896936,2320283.37292,18750.37291999976,2301533.0,0.008081070242900132,0,28,0.0,0.0,0.0,0.0,0.0,200,0
2022-03-15,-0.04926294836830736,-0.0561169231418976,0.006853974773590239,1.1029896864600002,1.0336053559897613,1.060368931368671,2205979.37292,18750.37291999976,2187229.0,0.008499795215755059,0,28,0.0,0.0,0.0,0.0,0.0,200,0
2022-03-16,0.024476656791458717,0.029189852853486874,-0.004713196062028156,1.1299871864600002,1.0637761442396783,1.0553712046970471,2259974.37292,18750.37291999976,2241224.0,0.008296719265791204,0,28,0.0,0.0,0.0,0.0,0.0,200,0
2022-03-17,-0.0006942556600643135,0.005869702510703856,-0.0065639581707681695,1.1292026864600002,1.070020193744349,1.0484437922547825,2258405.37292,18750.37291999976,2239655.0,0.008302483311823027,0,28,0.0,0.0,0.0,0.0,0.0,200,0
2022-03-18,0.022073982199016795,0.023642966402467273,-0.0015689842034504776,1.1541286864600002,1.095318645235008,1.046798800506529,2308257.37292,18750.37291999976,2289507.0,0.00812317254565079,0,28,0.0,0.0,0.0,0.0,0.0,200,0
2022-03-21,-0.0007941055540445774,0.002548095012296141,-0.0033422005663407183,1.1532121864600002,1.0981096212118064,1.0433001889626312,2306424.37292,18750.37291999976,2287674.0,0.008129628328658895,0,28,0.0,0.0,0.0,0.0,0.0,200,0
2022-03-22,0.009696394238015493,0.0050359076201352505,0.004660486617880243,1.1643941864600003,1.1036395998210107,1.0481624755317236,2328788.37292,18750.37291999976,2310038.0,0.00805155725528173,0,28,0.0,0.0,0.0,0.0,0.0,200,0
2022-03-23,-0.00652957571277013,-0.002733540589548571,-0.0037960351232215594,1.1567911864600002,1.1006227561786668,1.0441836139597622,2313582.37292,18750.37291999976,2294832.0,0.008104476045231401,0,28,0.0,0.0,0.0,0.0,0.0,200,0
2022-03-24,-0.006978355380371948,-0.008285888486962609,0.0013075331065906613,1.1487186864600003,1.0915031187547568,1.045548918604374,2297437.37292,18750.37291999976,2278687.0,0.008161429399996391,0,28,0.0,0.0,0.0,0.0,0.0,200,0
2022-03-25,0.007247205167050241,-0.004517367823607719,0.01176457299065796,1.1570436864600004,1.0865723976867265,1.0578493551725987,2314087.37292,18750.37291999976,2295337.0,0.008102707416937268,0,28,0.0,0.0,0.0,0.0,0.0,200,0
2022-03-28,0.009109854816501173,0.00623975565481385,0.0028700991616873225,1.1675841864600003,1.093352343949557,1.0608854877200709,2335168.37292,18750.37291999976,2316418.0,0.008029559297496587,0,28,0.0,0.0,0.0,0.0,0.0,200,0
2022-03-29,6.851754325531978e-05,-0.005046914960411081,0.005115432503666401,1.1676641864600004,1.0878342876478775,1.0663123758266222,2335328.37292,18750.37291999976,2316578.0,0.008029009169513516,0,28,0.0,0.0,0.0,0.0,0.0,200,0
2022-03-30,0.004825873796030056,0.009375131356345991,-0.004549257560315935,1.1732991864600004,1.0980328769885133,1.0614614461892344,2346598.37292,18750.37291999976,2327848.0,0.007990448274566752,0,28,0.0,0.0,0.0,0.0,0.0,200,0
2022-03-31,0.018381500855779498,0.004907632953091617,0.01347386790268788,1.1948661864600003,1.1034216193192001,1.0757634374989842,2389732.37292,18750.37291999976,2370982.0,0.007846222921225606,0,28,0.0,0.0,0.0,0.0,0.0,200,0
2022-04-01,0.015217266214444525,0.01183172404164059,0.0033855421728039344,1.2130487833100003,1.116476999420565,1.0794054799845976,2426097.5666199997,15889.566619999852,2410208.0,0.006549434300837679,25,25,1271751.0,1269689.0,798.8063,0.0,0.0,200,1
2022-04-06,0.013837036260157198,0.016193596593691205,-0.0023565603335340066,1.2298337833100004,1.1345567775553165,1.0768617958466666,2459667.5666199997,15889.566619999852,2443778.0,0.006460046404496365,0,25,0.0,0.0,0.0,0.0,0.0,200,0
2022-04-07,-0.007405878846071801,-0.020550113149480666,0.013144234303408865,1.2207257833100005,1.1112415074020445,1.0910163196036649,2441451.5666199997,15889.566619999852,2425562.0,0.006508245683529051,0,25,0.0,0.0,0.0,0.0,0.0,200,0
2022-04-08,0.010400779743976019,0.0037129673753387676,0.0066878123686372505,1.2334222833100004,1.1153675108651504,1.0983128320402955,2466844.5666199997,15889.566619999852,2450955.0,0.006441251643905268,0,25,0.0,0.0,0.0,0.0,0.0,200,0
2022-04-11,-0.011127981215943605,-0.02330243316172039,0.012174451945776786,1.2196967833100003,1.0893767339924607,1.1116841888354,2439393.5666199997,15889.566619999852,2423504.0,0.006513736379987377,0,25,0.0,0.0,0.0,0.0,0.0,200,0
2022-04-12,0.016274946586421146,0.01678052824066403,-0.0005055816542428836,1.2395472833100003,1.1076570510419437,1.111122141704213,2479094.5666199997,15889.566619999852,2463205.0,0.006409423357199199,0,25,0.0,0.0,0.0,0.0,0.0,200,0
2022-04-13,-0.002881697251968962,-0.008188006023798227,0.005306308771829265,1.2359752833100002,1.0985875484357097,1.1170180988713116,2471950.5666199997,15889.566619999852,2456061.0,0.006427946753695125,0,25,0.0,0.0,0.0,0.0,0.0,200,0
2022-04-14,-0.007355729619165641,0.0013986129482180965,-0.008754342567383737,1.2268837833100001,1.1001240472057032,1.1072393397798246,2453767.5666199997,15889.566619999852,2437878.0,0.006475579364628782,0,25,0.0,0.0,0.0,0.0,0.0,200,0
2022-04-15,-0.006201076339500067,-0.001067695168633,-0.005133381170867066,1.21927578331,1.0989494500756047,1.1015554582013556,2438551.5666199997,15889.566619999852,2422662.0,0.006515985488067364,0,25,0.0,0.0,0.0,0.0,0.0,200,0
2022-04-18,-0.0033991489511493445,-0.0041502218267629246,0.0007510728756135801,1.21513128331,1.094388566081392,1.1023828066269945,2430262.5666199997,15889.566619999852,2414373.0,0.006538209837177801,0,25,0.0,0.0,0.0,0.0,0.0,200,0
2022-04-19,0.007586423069356751,0.01080511002952096,-0.0032186869601642087,1.22434978331,1.106213554952951,1.098834581462195,2448699.5666199997,15889.566619999852,2432810.0,0.006488981676887627,0,25,0.0,0.0,0.0,0.0,0.0,200,0
2022-04-20,-0.010082902915722003,-0.012273305179310919,0.0021904022635889156,1.21200478331,1.092636658399523,1.1012414712167395,2424009.5666199997,15889.566619999852,2408120.0,0.00655507587049502,0,25,0.0,0.0,0.0,0.0,0.0,200,0
2022-04-21,-0.022782500845079157,-0.03100729794839727,0.008224797103318113,1.18439228331,1.0587569479831878,1.1102989588792567,2368784.5666199997,15889.566619999852,2352895.0,0.006707898575459123,0,25,0.0,0.0,0.0,0.0,0.0,200,0
2022-04-22,0.02247735009350116,0.016430117292384836,0.006047232801116322,1.2110142833100002,1.076152448822679,1.1170131951624367,2422028.5666199997,15889.566619999852,2406139.0,0.0065604373288520425,0,25,0.0,0.0,0.0,0.0,0.0,200,0
2022-04-25,-0.039270387356633796,-0.054933392423890906,0.01566300506725711,1.16345728331,1.0170357440435716,1.134508978498459,2326914.5666199997,18769.566619999852,2308145.0,0.008066289536045972,0,25,0.0,0.0,0.0,2880.0,0.0,200,0
2022-04-26,-0.01810466125586796,-0.027047642715307626,0.008942981459439666,1.1423932833100001,0.989527324609984,1.1446548712587385,2284786.5666199997,18769.566619999852,2266017.0,0.00821501968464679,0,25,0.0,0.0,0.0,0.0,0.0,200,0
2022-04-27,0.012766619178416816,0.02492376712918169,-0.012157147950764873,1.1569777833100001,1.0141900732165254,1.1307391326362823,2313955.5666199997,18769.566619999852,2295186.0,0.008111463716399966,0,25,0.0,0.0,0.0,0.0,0.0,200,0
2022-04-28,0.002419666168516077,-0.002281004762363784,0.004700670930879862,1.15977728331,1.0118767008295764,1.1360543652074742,2319554.5666199997,18769.566619999852,2300785.0,0.008091884058304532,0,25,0.0,0.0,0.0,0.0,0.0,200,0
2022-04-29,0.00783900506660462,0.024370195493142444,-0.016531190426537824,1.16886878331,1.036536333843749,1.1172740341613299,2337737.5666199997,18769.566619999852,2318968.0,0.008028945116854022,0,25,0.0,0.0,0.0,0.0,0.0,200,0
2022-05-05,0.012996753970091257,0.016139718561531353,-0.0031429645914400964,1.18406028331,1.0532657385507886,1.1137624814330254,2368120.5666199997,18769.566619999852,2349351.0,0.00792593370648755,0,25,0.0,0.0,0.0,0.0,0.0,200,0
2022-05-06,-0.014247585395602114,-0.017216503467704338,0.0029689180721022244,1.1671902833099999,1.0351321853106148,1.1170691509921813,2334380.5666199997,18769.566619999852,2315611.0,0.008040491292804375,0,25,0.0,0.0,0.0,0.0,0.0,200,0
2022-05-09,0.006139101826378779,0.008966226644866508,-0.0028271248184877293,1.1743557833099998,1.0444134150915056,1.1139110570714443,2348711.5666199997,18769.566619999852,2329942.0,0.0079914310836434,0,25,0.0,0.0,0.0,0.0,0.0,200,0
2022-05-10,0.007321886707761127,0.01632392172416625,-0.009002035016405122,1.1829542833099997,1.0614623379271284,1.1038835907305262,2365908.5666199997,18769.566619999852,2347139.0,0.007933344037387952,0,25,0.0,0.0,0.0,0.0,0.0,200,0
2022-05-11,-0.006681999559511764,-0.0015695840913128333,-0.005112415468198931,1.1750497833099998,1.0597962835279904,1.0982400791861844,2350099.5666199997,18769.566619999852,2331330.0,0.007986711238364653,0,25,0.0,0.0,0.0,0.0,0.0,200,0
2022-05-12,0.0021854393205078537,0.007727948272001179,-0.005542508951493325,1.1776177833099997,1.0679863343859537,1.0921530737164062,2355235.5666199997,18769.566619999852,2336466.0,0.007969294828090624,0,25,0.0,0.0,0.0,0.0,0.0,200,0
2022-05-13,0.013638465916213427,0.0101237822167537,0.0035146836994597273,1.19367868331,1.078798395445746,1.0959916463219121,2387357.36662,21822.36661999985,2365535.0,0.009140804357621487,0,25,0.0,0.0,0.0,3052.7999999999997,0.0,200,0
2022-05-16,0.001541872218825624,-0.0013191410852721069,0.002861013304097731,1.19551918331,1.077375308159588,1.0991272930032192,2391038.36662,21822.36661999985,2369216.0,0.009126732102943295,0,25,0.0,0.0,0.0,0.0,0.0,200,0
2022-05-17,-0.006740837045950077,-0.0036474372476804095,-0.003093399798269667,1.1874603833100001,1.0734456493308755,1.0957272528567705,2374920.76662,23748.766619999853,2351172.0,0.009999814290141235,0,25,0.0,0.0,0.0,1926.3999999999999,0.0,200,0
2022-05-18,-0.00362285770579418,0.002572258570035686,-0.006195116275829866,1.1831583833100001,1.0762068291018343,1.0889390951187272,2366316.76662,23748.766619999853,2342568.0,0.010036173920164594,0,25,0.0,0.0,0.0,0.0,0.0,200,0
2022-05-19,0.0029032461320945835,0.002525105178015062,0.00037814095407952145,1.1865933833100002,1.0789243645386146,1.08935086758709,2373186.76662,23748.766619999853,2349438.0,0.010007120785450832,0,25,0.0,0.0,0.0,0.0,0.0,200,0
2022-05-20,0.007822915693416421,0.007879886536560483,-5.697084314406145e-05,1.19587600331,1.0874261661127096,1.089288806349684,2391752.0066199997,25471.006619999855,2366281.0,0.010649518239976405,0,25,0.0,0.0,0.0,1722.24,0.0,200,0
2022-05-23,0.0012994658273088877,0.0027103289460465828,-0.001410863118737695,1.19743000331,1.0903734487274133,1.0877519689471513,2394860.0066199997,25471.006619999855,2369389.0,0.010635697514506711,0,25,0.0,0.0,0.0,0.0,0.0,200,0
2022-05-24,-0.017448201516787165,-0.02600808568514288,0.008559884168355715,1.17653700331,1.062014922644106,1.0970629998052397,2353074.0066199997,25471.006619999855,2327603.0,0.01082456673625276,0,25,0.0,0.0,0.0,0.0,0.0,200,0
2022-05-25,0.030080226886561645,0.029338585036004505,0.0007416418505571398,1.21192750331,1.093172937761606,1.0978766276385932,2423855.0066199997,25471.006619999855,2398384.0,0.010508469586849787,0,25,0.0,0.0,0.0,0.0,0.0,200,0
2022-05-26,0.00602263747630527,0.006540651605018575,-0.0005180141287133046,1.21922650331,1.1003230010915392,1.0973079120338922,2438453.0066199997,25471.006619999855,2412982.0,0.01044555976713525,0,25,0.0,0.0,0.0,0.0,0.0,200,0
2022-05-27,0.00021023165039824043,0.0015399404209010435,-0.001329708770502803,1.2194828233100001,1.1020174329569674,1.0958488120793186,2438965.64662,26697.646619999854,2412268.0,0.010946298754555377,0,25,0.0,0.0,0.0,1226.64,0.0,200,0
2022-05-30,0.003174706462442556,0.007934705067358425,-0.004759998604915869,1.2233543233100002,1.1107616162665683,1.0906325732626223,2446708.64662,26697.646619999854,2420011.0,0.010911657445148305,0,25,0.0,0.0,0.0,0.0,0.0,200,0
2022-05-31,0.0046695384085813085,0.008770613883709127,-0.004101075475127818,1.2290668233100002,1.120503677519687,1.0861598067640394,2458133.64662,26697.646619999854,2431436.0,0.010860941859979762,0,25,0.0,0.0,0.0,0.0,0.0,200,0
2022-06-01,0.0001163484338588816,0.002602322001797721,-0.0024859735679388394,1.2292098233100002,1.1234195888927918,1.0834596421938665,2458419.64662,26697.646619999854,2431722.0,0.010859678353411131,0,25,0.0,0.0,0.0,0.0,0.0,200,0
2022-06-02,-0.0057886781126101905,-0.006247323908616099,0.00045864579600590847,1.2220943233100001,1.116401222835694,1.0839565664039006,2444188.64662,26697.646619999854,2417491.0,0.01092290754926764,0,25,0.0,0.0,0.0,0.0,0.0,200,0
2022-06-06,-0.003402765171788724,0.0031679792664267114,-0.006570744438215436,1.2179358233100002,1.119937958762651,1.076834164823935,2435871.64662,26697.646619999854,2409174.0,0.01096020254476271,0,25,0.0,0.0,0.0,0.0,0.0,200,0
2022-06-07,0.012924326305815192,0.005458650598325004,0.007465675707490189,1.2336768233100004,1.1260513087713375,1.0848734594892566,2467353.64662,26697.646619999854,2440656.0,0.010820356723720032,0,25,0.0,0.0,0.0,0.0,0.0,200,0
2022-06-08,0.00011672424842479323,0.010444767791463232,-0.01032804354303844,1.2338208233100003,1.1378126532127273,1.0736688391609648,2467641.64662,26697.646619999854,2440944.0,0.010819093873119055,0,25,0.0,0.0,0.0,0.0,0.0,200,0
2022-06-09,0.0033140954689274693,-0.0037354960422756336,0.007049591511203103,1.2379098233100003,1.1335623585498,1.0812377658953574,2475819.64662,26697.646619999854,2449122.0,0.01078335679921096,0,25,0.0,0.0,0.0,0.0,0.0,200,0
2022-06-10,0.006122416881493731,0.014820638401173388,-0.008698221519679658,1.2454888233100003,1.1503624763710478,1.071832920292156,2490977.64662,26697.646619999854,2464280.0,0.010717738337084563,0,25,0.0,0.0,0.0,0.0,0.0,200,0
2022-06-13,-0.01291300226786296,-0.017708124468402177,0.004795122200539216,1.2294058233100003,1.12999171445569,1.0769724901235176,2458811.64662,26697.646619999854,2432114.0,0.010857947031729624,0,25,0.0,0.0,0.0,0.0,0.0,200,0
2022-06-14,0.012922095941621414,0.015313099736711721,-0.002391003795090307,1.2452923233100002,1.1472953902808076,1.0743974448124245,2490584.64662,26697.646619999854,2463887.0,0.010719429534840957,0,25,0.0,0.0,0.0,0.0,0.0,200,0
2022-06-15,-0.0025094509469822945,-0.002057513029418078,-0.00045193791756421636,1.2421673233100001,1.1449348150667136,1.0739118838685795,2484334.64662,35785.646619999854,2448549.0,0.014404519402684793,0,25,0.0,0.0,0.0,9088.0,0.0,200,0
2022-06-16,-0.012676633577866414,-0.009161960126641768,-0.0035146734512246456,1.2264208233100002,1.1344449679434685,1.0701374342813919,2452841.64662,35785.646619999854,2417056.0,0.014589464700793975,0,25,0.0,0.0,0.0,0.0,0.0,200,0
2022-06-17,-0.0005899280134915585,-0.0004564615310784128,-0.00013346648241314573,1.2256973233100004,1.1339271374564768,1.0699946068023396,2451394.64662,35785.646619999854,2415609.0,0.01459807651507331,0,25,0.0,0.0,0.0,0.0,0.0,200,0
2022-06-20,-0.004674889869650811,0.005980713174846099,-0.01065560304449691,1.2199673233100004,1.1407088304267783,1.0585931690125014,2439934.64662,35785.646619999854,2404149.0,0.014666641448603185,0,25,0.0,0.0,0.0,0.0,0.0,200,0
2022-06-21,0.003042294600096307,-0.0009906556970911277,0.004032950297187435,1.2236788233100002,1.1395787807251938,1.062862422648071,2447357.64662,38617.646619999854,2408740.0,0.01577932292541467,0,25,0.0,0.0,0.0,2832.0,0.0,200,0
2022-06-22,-0.009524966664432699,-0.014226073909950699,0.0047011072455179995,1.2120233233100002,1.1233670487643856,1.0678590528841707,2424046.64662,38617.646619999854,2385429.0,0.015931065796050938,0,25,0.0,0.0,0.0,0.0,0.0,200,0
2022-06-23,0.005785086693588903,0.007068289359570013,-0.0012832026659811094,1.2190349833100003,1.1313073321220584,1.0664887733006176,2438069.96662,40265.966619999854,2397804.0,0.01651550905892265,0,25,0.0,0.0,0.0,1648.32,0.0,200,0
2022-06-24,-0.0036340220425598035,-0.002279169844456745,-0.0013548521981030584,1.21460498331,1.128728890565873,1.065043838641859,2429209.96662,40265.966619999854,2388944.0,0.016575745684110573,0,25,0.0,0.0,0.0,0.0,0.0,200,0
2022-06-27,-0.00010085583517549512,0.0038783835812135274,-0.003979239416389023,1.21448248331,1.133106534162685,1.0608057742189532,2428964.96662,40265.966619999854,2388699.0,0.016577417613409026,0,25,0.0,0.0,0.0,0.0,0.0,200,0
2022-06-28,0.0076044736148266345,0.011237261512227308,-0.003632787897400673,1.22371798331,1.1458395486082846,1.056952091840878,2447435.96662,40265.966619999854,2407170.0,0.016452306482857098,0,25,0.0,0.0,0.0,0.0,0.0,200,0
2022-06-29,-0.005262650453645046,-0.010287220843899013,0.005024570390253967,1.21727798331,1.1340520441200777,1.0622628220254586,2434555.96662,51098.966619999854,2383457.0,0.020989029342768722,0,25,0.0,0.0,0.0,10833.0,0.0,200,0
2022-06-30,0.0030161557592758292,0.0021083003752171265,0.0009078553840587028,1.22094948331,1.1364429664702118,1.06322720304772,2441898.96662,52282.966619999854,2389616.0,0.02141078207357952,0,25,0.0,0.0,0.0,1184.0,0.0,200,0
2022-07-01,0.0032331314308748915,0.008698327338084767,-0.005465195907209876,1.2248969734600001,1.1463281193936337,1.0574164580891894,2449793.94692,19479.946919999944,2430314.0,0.007951667504318508,27,27,937539.0,905330.0,594.0196999999998,0.0,0.0,200,1
2022-07-04,0.007971690853654456,0.012036540138397195,-0.004064849284742739,1.2346614734600003,1.1601259438144886,1.0531182195558504,2469322.94692,19479.946919999944,2449843.0,0.007888780584288251,0,27,0.0,0.0,0.0,0.0,0.0,200,0
2022-07-05,0.004460736905125717,0.005930851274727685,-0.0014701143696019678,1.2401689734600003,1.1670064782472054,1.0515700153283918,2480337.94692,19479.946919999944,2460858.0,0.007853747084823455,0,27,0.0,0.0,0.0,0.0,0.0,200,0
2022-07-06,-0.002553684270268586,-0.012582131513918822,0.010028447243650237,1.2370019734600004,1.1523230492603038,1.062115629750117,2474003.94692,19479.946919999944,2454524.0,0.00787385442300988,0,27,0.0,0.0,0.0,0.0,0.0,200,0
2022-07-07,0.005758923714627606,0.009851129191883974,-0.004092205477256368,1.2441257734600004,1.1636747324893526,1.057769234352574,2488251.54692,32293.546919999946,2455958.0,0.012978409260901875,0,27,0.0,0.0,0.0,12813.6,0.0,200,0
2022-07-08,0.007455098349265166,0.004076173962487403,0.0033789243867777628,1.2534008534600003,1.1684180731347302,1.061343356614111,2506801.70692,36457.706919999946,2470344.0,0.014543514478771427,0,27,0.0,0.0,0.0,4164.16,0.0,200,0
2022-07-11,0.009596690449663825,0.008379042187911816,0.001217648261752009,1.2654293534600003,1.1782082974626447,1.0626356995074144,2530858.70692,36457.706919999946,2494401.0,0.014405271546892551,0,27,0.0,0.0,0.0,0.0,0.0,200,0
2022-07-12,0.017221604620134112,0.005862332253245626,0.011359272366888485,1.2872220774600003,1.1851153459659016,1.0747064678448983,2574444.15492,40728.15491999994,2533716.0,0.01582017416931134,0,27,0.0,0.0,0.0,4270.447999999999,0.0,200,0
2022-07-13,0.02243863005907576,0.012417535229704138,0.010021094829371621,1.3161055774600001,1.1998315575256964,1.085476203272911,2632211.15492,40728.15491999994,2591483.0,0.015472981657977124,0,27,0.0,0.0,0.0,0.0,0.0,200,0
2022-07-14,-0.020966782963761643,-0.016589722016287486,-0.004377060947474157,1.2885110774600002,1.1799266855199757,1.0807250077741526,2577022.15492,40728.15491999994,2536294.0,0.015804347992213627,0,27,0.0,0.0,0.0,0.0,0.0,200,0
2022-07-15,-0.00756167034218036,-0.018879746739821707,0.011318076397641347,1.27876778146,1.1576499685258013,1.0929567359769818,2557535.56292,58391.56291999994,2499144.0,0.022831183177501112,0,27,0.0,0.0,0.0,17663.408,0.0,200,0
2022-07-18,0.02557696594659098,0.02569437671814352,-0.00011741077155253896,1.31147478146,1.1873950629248502,1.0928284110833373,2622949.56292,58391.56291999994,2564558.0,0.022261794029693617,0,27,0.0,0.0,0.0,0.0,0.0,200,0
2022-07-19,-0.0030060204402949653,-0.000480267166760052,-0.0025257532735349134,1.30753246146,1.1868247960621543,1.0900681961466316,2615064.92292,59766.92291999994,2555298.0,0.02285485243451003,0,27,0.0,0.0,0.0,1375.36,0.0,200,0
2022-07-20,-0.0014902115683034234,0.002976296690476362,-0.004466508258779785,1.30558396146,1.1903571387748493,1.0851993975459095,2611167.92292,65706.92291999994,2545461.0,0.025163805951829262,0,27,0.0,0.0,0.0,5940.0,0.0,200,0
2022-07-21,-0.01236917768347967,-0.011022782045470041,-0.0013463956380096297,1.28943496146,1.1772360914778648,1.083738289810683,2578869.92292,65706.92291999994,2513163.0,0.025478959731943897,0,27,0.0,0.0,0.0,0.0,0.0,200,0
2022-07-22,0.005957648295267015,0.007574306809701349,-0.0016166585144343337,1.29711696146,1.1861528388221718,1.081986255077042,2594233.92292,65706.92291999994,2528527.0,0.025328064034426778,0,27,0.0,0.0,0.0,0.0,0.0,200,0
2022-07-25,-0.0013248612508047763,-0.009483061130100102,0.008158199879295325,1.29539846146,1.1749044789419794,1.0908133152126107,2590796.92292,65706.92291999994,2525090.0,0.025361664721271895,0,27,0.0,0.0,0.0,0.0,0.0,200,0
2022-07-26,-0.007404285465330673,0.008104836205464217,-0.01550912167079489,1.28580696146,1.1844268873008705,1.0738957587868552,2571613.92292,65706.92291999994,2505907.0,0.025550850512347303,0,27,0.0,0.0,0.0,0.0,0.0,200,0
2022-07-27,-0.0028608493422863646,0.0036308106540816117,-0.006491659996367976,1.28212846146,1.1887273170622634,1.0669243926492693,2564256.92292,65706.92291999994,2498550.0,0.025624157366094736,0,27,0.0,0.0,0.0,0.0,0.0,200,0
2022-07-28,0.0029802005921066854,0.0018131497457248898,0.0011670508463817956,1.2859494614599998,1.1908826576949312,1.068169547664736,2571898.92292,65706.92291999994,2506192.0,0.025548019144313698,0,27,0.0,0.0,0.0,0.0,0.0,200,0
2022-07-29,-0.004617770898444173,-0.0030482746365795422,-0.0015694962618646312,1.2800112414599998,1.1872525202943374,1.0664930595526385,2560022.48292,66779.48291999994,2493243.0,0.026085506422517925,0,27,0.0,0.0,0.0,1072.56,0.0,200,0
2022-08-01,-0.0024691189402329394,-0.005621191591097704,0.0031520726508647645,1.2768507414599999,1.1805787464107491,1.0698547231579913,2553701.48292,66779.48291999994,2486922.0,0.026150074065681993,0,27,0.0,0.0,0.0,0.0,0.0,200,0
2022-08-02,-0.030484769077623097,-0.039855296131654665,0.009370527054031567,1.2379262414599999,1.133526430865811,1.079879825785227,2475852.48292,66779.48291999994,2409073.0,0.026972318981315385,0,27,0.0,0.0,0.0,0.0,0.0,200,0
2022-08-03,-0.017348771906370408,-0.012378665906182787,-0.004970106000187621,1.21644974146,1.1194948858822955,1.0745127085836101,2432899.48292,66779.48291999994,2366120.0,0.027448517042656554,0,27,0.0,0.0,0.0,0.0,0.0,200,0
2022-08-04,0.00248674474324706,0.014781570053675603,-0.012294825310428543,1.2194747414599998,1.1360427779626963,1.0613017625377392,2438949.48292,66779.48291999994,2372170.0,0.02738042890500917,0,27,0.0,0.0,0.0,0.0,0.0,200,0
2022-08-05,0.0063014835311798745,0.005229192114663258,0.0010722914165166167,1.2271592414599999,1.1419833638991388,1.0624397873080424,2454318.48292,66779.48291999994,2387539.0,0.027208972015950326,0,27,0.0,0.0,0.0,0.0,0.0,200,0
2022-08-08,0.00043963324544438187,0.006702624137347023,-0.0062629908919026415,1.22769874146,1.1496376491584581,1.0557857365969372,2455397.48292,66779.48291999994,2388618.0,0.027197015303845898,0,27,0.0,0.0,0.0,0.0,0.0,200,0
2022-08-09,-0.005474470057701075,0.0008521225405029715,-0.006326592598204047,1.22097774146,1.150617281312717,1.0491062103704936,2441955.48292,66779.48291999994,2375176.0,0.027346724126251273,0,27,0.0,0.0,0.0,0.0,0.0,200,0
2022-08-10,-0.006487014243624967,-0.0018337935028812536,-0.004653220740743713,1.21305724146,1.1485072868179427,1.0442244875931546,2426114.48292,66779.48291999994,2359335.0,0.02752528101626355,0,27,0.0,0.0,0.0,0.0,0.0,200,0
2022-08-11,0.015266798108975133,0.01544860122013677,-0.00018180311116163667,1.23157674146,1.1662501178904143,1.044034644332559,2463153.48292,66779.48291999994,2396374.0,0.0271113770956874,0,27,0.0,0.0,0.0,0.0,0.0,200,0
2022-08-12,0.004890884828548492,0.0067234927243084615,-0.0018326078957599697,1.23760024146,1.1740913920727745,1.0421213381999082,2475200.48292,66779.48291999994,2408421.0,0.026979423840940764,0,27,0.0,0.0,0.0,0.0,0.0,200,0
2022-08-15,0.002337184417956939,0.0045165144860884925,-0.0021793300681315535,1.24049274146,1.1793941928530631,1.0398502118329276,2480985.48292,66779.48291999994,2414206.0,0.026916514981540206,0,27,0.0,0.0,0.0,0.0,0.0,200,0
2022-08-16,0.002865796696090328,0.00818588688063936,-0.005320090184549032,1.2440477414600002,1.1890485803034412,1.034318114927554,2488095.48292,66779.48291999994,2421316.0,0.02683959814983801,0,27,0.0,0.0,0.0,0.0,0.0,200,0
2022-08-17,0.005356707606879452,0.009575538727512586,-0.004218831120633135,1.2507117414600002,1.2004343610330306,1.029954501475663,2501423.48292,66779.48291999994,2434644.0,0.026696592310729364,0,27,0.0,0.0,0.0,0.0,0.0,200,0
2022-08-18,-0.009371064180078936,-0.009710801419131934,0.00033973723905299756,1.2389912414600002,1.1887771813363364,1.0303044153743446,2477982.48292,66779.48291999994,2411203.0,0.02694913437858869,0,27,0.0,0.0,0.0,0.0,0.0,200,0
2022-08-19,0.0057663845884665665,0.011695917240594591,-0.005929532652128025,1.2461357414600003,1.2026810208667535,1.0241951917017507,2492271.48292,66779.48291999994,2425492.0,0.026794626258676936,0,27,0.0,0.0,0.0,0.0,0.0,200,0
2022-08-22,-0.0008289626608332101,0.003037051812307099,-0.003866014473140309,1.2451027414600002,1.2063336254408041,1.020235638267311,2490205.48292,66779.48291999994,2423426.0,0.02681685643133944,0,27,0.0,0.0,0.0,0.0,0.0,200,0
2022-08-23,0.007221893985596806,0.01059758002319045,-0.0033756860375936445,1.2540947414600003,1.2191178425710787,1.0167916430681565,2508189.48292,66779.48291999994,2441410.0,0.026624576561997293,0,27,0.0,0.0,0.0,0.0,0.0,200,0
2022-08-24,-0.012494271351268349,-0.01769366747513302,0.0051993961238646705,1.2384257414600004,1.1975471768516244,1.0220783455959033,2476851.48292,66779.48291999994,2410072.0,0.026961440110762125,0,27,0.0,0.0,0.0,0.0,0.0,200,0
2022-08-25,0.01767728113773792,0.01762696570919456,5.0315428543362684e-05,1.2603177414600004,1.2186562998731307,1.0221297719058668,2520635.48292,66779.48291999994,2453856.0,0.026493113888343762,0,27,0.0,0.0,0.0,0.0,0.0,200,0
2022-08-26,-0.0012029125276326047,-0.006978888200463795,0.00577597567283119,1.2588016894600005,1.2101514338015253,1.0280335686028717,2517603.37892,70020.37891999993,2447583.0,0.027812315278206066,0,27,0.0,0.0,0.0,3240.8959999999997,0.0,200,0
2022-08-29,0.00055449560152665,0.0035041222551412455,-0.0029496266536145955,1.2594996894600003,1.2143919523728004,1.02500125338811,2518999.37892,70020.37891999993,2448979.0,0.02779690201830085,0,27,0.0,0.0,0.0,0.0,0.0,200,0
2022-08-30,-0.0005514094253550317,-0.008530080700407368,0.007978671275052336,1.2588051894600003,1.204033091017135,1.0331794014454103,2517610.37892,70020.37891999993,2447590.0,0.02781223794844584,0,27,0.0,0.0,0.0,0.0,0.0,200,0
2022-08-31,-0.00634093350331999,-0.02402738067806822,0.01768644717474823,1.2508231894600004,1.1751033295902753,1.0514526743511126,2501646.37892,70020.37891999993,2431626.0,0.027989718894733964,0,27,0.0,0.0,0.0,0.0,0.0,200,0
2022-09-01,0.0024411923489509046,-0.002249386966343973,0.004690579315294877,1.2538766894600004,1.1724600674765875,1.0563845965164353,2507753.37892,70020.37891999993,2437733.0,0.027921557003406455,0,27,0.0,0.0,0.0,0.0,0.0,200,0
2022-09-02,0.005208646157073504,0.005538127288586293,-0.0003294811315127889,1.2604076894600003,1.1789533005710573,1.0560365377242624,2520815.37892,70020.37891999993,2450795.0,0.027776877079351586,0,27,0.0,0.0,0.0,0.0,0.0,200,0
2022-09-05,0.018318675927700978,0.024230383240949473,-0.005911707313248495,1.2834966894600004,1.2075197908670763,1.0497935588011402,2566993.37892,70020.37891999993,2496973.0,0.027277194984218968,0,27,0.0,0.0,0.0,0.0,0.0,200,0
2022-09-06,0.008807580177519592,0.011448360974512546,-0.002640780796992955,1.2948011894600002,1.2213439133167905,1.0470212841302513,2589602.37892,70020.37891999993,2519582.0,0.027039046414995223,0,27,0.0,0.0,0.0,0.0,0.0,200,0
2022-09-07,0.001093604185357977,0.004568692564672676,-0.003475088379314699,1.29621718946,1.226923858172469,1.0433827926328751,2592434.37892,70020.37891999993,2522414.0,0.027009508703232904,0,27,0.0,0.0,0.0,0.0,0.0,200,0
2022-09-08,0.012023062282095154,-0.003329138710287966,0.01535220099238312,1.31180168946,1.2228392584616512,1.0594010149773692,2623603.37892,70020.37891999993,2553583.0,0.026688629646766063,0,27,0.0,0.0,0.0,0.0,0.0,200,0
2022-09-09,0.007494273013207486,0.0002041608372478798,0.007290112175959607,1.3216326894600001,1.2230889143484782,1.0671241672158798,2643265.37892,70020.37891999993,2573245.0,0.026490105563524328,0,27,0.0,0.0,0.0,0.0,0.0,200,0
2022-09-13,-0.001004439441144922,-0.008835329440856656,0.007830889999711734,1.32030518946,1.2122825208547496,1.0754806991853814,2640610.37892,70020.37891999993,2570590.0,0.026516740023054066,0,27,0.0,0.0,0.0,0.0,0.0,200,0
2022-09-14,-0.009804930029317482,-0.009299449943087583,-0.0005054800862298991,1.30735968946,1.2010089602351808,1.0749370651088186,2614719.37892,70020.37891999993,2544699.0,0.026779309276746013,0,27,0.0,0.0,0.0,0.0,0.0,200,0
2022-09-15,-0.00682176456250061,-0.015559002062339183,0.008737237499838573,1.2984411894599999,1.1823224593459938,1.084329045544054,2596882.37892,70020.37891999993,2526862.0,0.02696324619412306,0,27,0.0,0.0,0.0,0.0,0.0,200,0
2022-09-16,-0.03064020174571458,-0.03186710165386308,0.0012268999081484974,1.2586566894599998,1.1446452693463696,1.0856594087504345,2517313.37892,70020.37891999993,2447293.0,0.02781551931767855,0,27,0.0,0.0,0.0,0.0,0.0,200,0
2022-09-19,-0.002015243728683669,-0.007331446161530662,0.005316202432846993,1.2561201894599998,1.1362533641801058,1.091430993940477,2512240.37892,70020.37891999993,2442220.0,0.02787168756124418,0,27,0.0,0.0,0.0,0.0,0.0,200,0
2022-09-20,0.00017872493562620662,0.00824600589065074,-0.008067280955024533,1.2563446894599999,1.1456229161144067,1.0826261134693373,2512689.37892,70020.37891999993,2442669.0,0.027866707085814152,0,27,0.0,0.0,0.0,0.0,0.0,200,0
2022-09-21,0.013351431450878248,0.017963665988313136,-0.004612234537434888,1.27311868946,1.1662025035280432,1.0776327879176653,2546237.37892,70020.37891999993,2476217.0,0.027499548745804462,0,27,0.0,0.0,0.0,0.0,0.0,200,0
2022-09-22,-0.004463055995517662,-0.0035451546393196914,-0.0009179013561979705,1.26743668946,1.1620681353122746,1.0766436273201523,2534873.37892,70020.37891999993,2464853.0,0.027622830987255303,0,27,0.0,0.0,0.0,0.0,0.0,200,0
2022-09-23,-0.007706499331466832,-0.010753072119726518,0.003046572788259686,1.25766918946,1.1495723328452256,1.079923700497799,2515338.37892,70020.37891999993,2445318.0,0.0278373595802503,0,27,0.0,0.0,0.0,0.0,0.0,200,0
2022-09-26,-0.02339923745181005,-0.026971721934966678,0.0035724844831566266,1.22824068946,1.1185663875395933,1.0837817111608206,2456481.37892,70020.37891999993,2386461.0,0.028504339385949106,0,27,0.0,0.0,0.0,0.0,0.0,200,0
2022-09-27,0.0079797063263789,0.011378011583567228,-0.0033983052571883287,1.23804168946,1.1312934488540078,1.0800986900741383,2476083.37892,70020.37891999993,2406063.0,0.02827868379397664,0,27,0.0,0.0,0.0,0.0,0.0,200,0
2022-09-28,-0.013915928798419186,-0.012440422730296772,-0.0014755060681224137,1.22081318946,1.1172196801182486,1.0785049979027628,2441626.37892,70020.37891999993,2371606.0,0.02867776148084209,0,27,0.0,0.0,0.0,0.0,0.0,200,0
2022-09-29,-0.007702243128745345,-0.00944393964569845,0.0017416965169531045,1.21141018946,1.1066687248882252,1.0803834263011265,2422820.37892,70020.37891999993,2352800.0,0.028900359072929836,0,27,0.0,0.0,0.0,0.0,0.0,200,0
2022-09-30,0.0008766642457196383,-0.00293975478254096,0.0038164190282605984,1.2124721894600001,1.1034153902115467,1.0845066221670794,2424944.37892,70020.37891999993,2354924.0,0.028875045353075265,0,27,0.0,0.0,0.0,0.0,0.0,200,0
2022-10-10,0.0012902224179645039,-0.004341570797514196,0.0056317932154786995,1.21403654826,1.0986248341758764,1.0906143392039418,2428073.0965199997,20330.09651999986,2407743.0,0.00837293430298193,27,27,686798.0,637571.0,463.2824,0.0,0.0,200,1
2022-10-11,0.00598869944271474,0.013099205518444545,-0.007110506075729805,1.22130704826,1.1130159466664131,1.082859519318754,2442614.0965199997,20330.09651999986,2422284.0,0.008323089819617522,0,27,0.0,0.0,0.0,0.0,0.0,200,0
2022-10-12,0.006338700829598309,0.012345865327281765,-0.006007164497683456,1.2290485482599998,1.1267570916510736,1.0763546040583238,2458097.0965199997,20330.09651999986,2437767.0,0.008270664551364458,0,27,0.0,0.0,0.0,0.0,0.0,200,0
2022-10-13,-0.004674347492727882,0.007066146967771241,-0.011740494460499122,1.2233035482599999,1.1347189228576586,1.0637176687918444,2446607.0965199997,20330.09651999986,2426277.0,0.008309506070229643,0,27,0.0,0.0,0.0,0.0,0.0,200,0
2022-10-14,0.006675775617274837,0.009933368430412787,-0.0032575928131379495,1.2314700482599998,1.1459905039833649,1.0602525097587803,2462940.0965199997,20330.09651999986,2442610.0,0.008254401537709009,0,27,0.0,0.0,0.0,0.0,0.0,200,0
2022-10-17,0.0035258673210403213,0.0022979342009354906,0.0012279331201048307,1.2358120482599997,1.1486239147564155,1.0615544289311873,2471624.0965199997,20330.09651999986,2451294.0,0.008225399869108032,0,27,0.0,0.0,0.0,0.0,0.0,200,0
2022-10-18,0.0019347602277923759,-0.001747192286482428,0.003681952514274804,1.2382030482599997,1.1466170479124838,1.0654630219298302,2476406.0965199997,20330.09651999986,2456076.0,0.008209516423242932,0,27,0.0,0.0,0.0,0.0,0.0,200,0
2022-10-19,0.0025884284524286816,-0.008774126193541502,0.011362554645970184,1.2414080482599998,1.1365564852384336,1.0775694037397685,2482816.0965199997,20330.09651999986,2462486.0,0.008188321538794284,0,27,0.0,0.0,0.0,0.0,0.0,200,0
2022-10-20,-0.007454438540954178,-0.008836948152478099,0.0013825096115239206,1.2321540482599997,1.1265127945060187,1.0790591537975227,2464308.0965199997,20330.09651999986,2443978.0,0.008249819309813264,0,27,0.0,0.0,0.0,0.0,0.0,200,0
2022-10-21,0.0028563798536149765,0.0020366347569232886,0.0008197450966916878,1.2356735482599996,1.1288070896174285,1.0799437072478884,2471347.0965199997,20330.09651999986,2451017.0,0.008226321809926038,0,27,0.0,0.0,0.0,0.0,0.0,200,0
2022-10-24,-0.016924777607685404,-0.01621239614587003,-0.0007123814618153756,1.2147600482599996,1.110506421908284,1.0791743753710408,2429520.0965199997,20330.09651999986,2409190.0,0.008367947459714501,0,27,0.0,0.0,0.0,0.0,0.0,200,0
2022-10-25,0.0015743850011691318,-0.003870642178818783,0.005445027179987915,1.2166725482599996,1.1062080489117967,1.0850505091768827,2433345.0965199997,20330.09651999986,2413015.0,0.008354793797671586,0,27,0.0,0.0,0.0,0.0,0.0,200,0
2022-10-26,0.0004343814617628894,0.007217758146441698,-0.006783376684678808,1.2172010482599995,1.1141923910684892,1.0776902028512334,2434402.0965199997,20330.09651999986,2414072.0,0.008351166205887647,0,27,0.0,0.0,0.0,0.0,0.0,200,0
2022-10-27,-0.0020329427119186727,-0.005497824815543778,0.003464882103625105,1.2147265482599996,1.108066756491583,1.0814242723483447,2429453.0965199997,20330.09651999986,2409123.0,0.008368178232838133,0,27,0.0,0.0,0.0,0.0,0.0,200,0
2022-10-28,-0.017282902090245966,-0.029917207871371046,0.01263430578112508,1.1937325482599996,1.0749164930022683,1.0950873172843245,2387465.0965199997,20330.09651999986,2367135.0,0.008515348161375542,0,27,0.0,0.0,0.0,0.0,0.0,200,0
2022-10-31,-0.004147495188278727,-0.002991333009151446,-0.0011561621791272808,1.1887815482599995,1.0717010598146692,1.0938212187452385,2377563.0965199997,20330.09651999986,2357233.0,0.008550812615554427,0,27,0.0,0.0,0.0,0.0,0.0,200,0
2022-11-01,0.01015619734144746,0.020056644243903566,-0.009900446902456107,1.2008550482599996,1.0931957867071866,1.0829918998482715,2401710.0965199997,20330.09651999986,2381380.0,0.008464842009640344,0,27,0.0,0.0,0.0,0.0,0.0,201,0
2022-11-02,0.0035083335046177666,0.004888566322672153,-0.0013802328180543867,1.2050680482599996,1.0985399468141703,1.0814971188864138,2410136.0965199997,20330.09651999986,2389806.0,0.00843524834525093,0,27,0.0,0.0,0.0,0.0,0.0,201,0
2022-11-03,-0.0021164779895066488,-0.0011566854146738603,-0.0009597925748327885,1.2025175482599995,1.0972692816802538,1.0804591059820035,2405035.0965199997,20330.09651999986,2384705.0,0.008453139228370009,0,27,0.0,0.0,0.0,0.0,0.0,201,0
2022-11-04,0.012228095981864806,0.01812635151629536,-0.0058982555344305534,1.2172220482599996,1.117158770388023,1.0740862820804191,2434444.0965199997,20330.09651999986,2414114.0,0.008351022128239223,0,27,0.0,0.0,0.0,0.0,0.0,201,0
2022-11-07,0.0015744867608500357,0.008417399787234367,-0.006842913026384331,1.2191385482599997,1.1265623423841942,1.0667364030693103,2438277.0965199997,20330.09651999986,2417947.0,0.008337894224169902,0,27,0.0,0.0,0.0,0.0,0.0,201,0
2022-11-08,-0.0019107754433036472,-0.0011651378573395536,-0.0007456375859640936,1.2168090482599996,1.1252497419504293,1.0659410043128656,2433618.0965199997,20330.09651999986,2413288.0,0.008353856568157216,0,27,0.0,0.0,0.0,0.0,0.0,201,0
2022-11-09,-6.656755233358513e-05,0.0013779449057178864,-0.0014445124580514715,1.2167280482599996,1.1268002741000103,1.064401239252588,2433456.0965199997,20330.09651999986,2413126.0,0.008354412700961903,0,27,0.0,0.0,0.0,0.0,0.0,201,0
2022-11-10,0.0060222989109841585,-0.0018549227746707346,0.007877221685654892,1.2240555482599997,1.124710146609077,1.0727857637766662,2448111.0965199997,20330.09651999986,2427781.0,0.008304401115169642,0,27,0.0,0.0,0.0,0.0,0.0,201,0
2022-11-11,0.008350519724803274,0.009184469592620315,-0.000833949867817041,1.2342770482599998,1.1350400127511195,1.0718911142307688,2468554.0965199997,20330.09651999986,2448224.0,0.008235629330003281,0,27,0.0,0.0,0.0,0.0,0.0,201,0
2022-11-14,-0.0005233833043486458,-0.0006488951758348522,0.00012551187148620647,1.23363104826,1.1343034907624658,1.0720256492905453,2467262.0965199997,20330.09651999986,2446932.0,0.008239941978063402,0,27,0.0,0.0,0.0,0.0,0.0,201,0
2022-11-15,0.0029644195524731742,0.00962500664767794,-0.006660587095204765,1.23728804826,1.1452211694015388,1.064885329085152,2474576.0965199997,20330.09651999986,2454246.0,0.00821558752975514,0,27,0.0,0.0,0.0,0.0,0.0,201,0
2022-11-16,-0.00032611646137492567,0.003232632362294275,-0.0035587488236692006,1.23688454826,1.1489232484157306,1.0610956696729277,2473769.0965199997,20330.09651999986,2453439.0,0.008218267642117218,0,27,0.0,0.0,0.0,0.0,0.0,201,0
2022-11-17,5.497683684030363e-05,-0.0041052698207899125,0.004160246657630216,1.23695254826,1.1442066084776055,1.0655100893861105,2473905.0965199997,20330.09651999986,2453575.0,0.008217815852595907,0,27,0.0,0.0,0.0,0.0,0.0,201,0
2022-11-18,-0.004122631872316651,-0.004765325915121067,0.0006426940428044163,1.2318530482599999,1.1387540910739744,1.0661948863731068,2463706.0965199997,20330.09651999986,2443376.0,0.008251835131112535,0,27,0.0,0.0,0.0,0.0,0.0,201,0
2022-11-21,-0.004904805819601954,-0.001493488721561938,-0.003411317098040016,1.2258110482599998,1.1370533746823228,1.0625577575273795,2451622.0965199997,20330.09651999986,2431292.0,0.00829250827395372,0,27,0.0,0.0,0.0,0.0,0.0,201,0
2022-11-22,0.011663298369103625,0.003040172193646536,0.008623126175457088,1.2401080482599998,1.140510212734724,1.0717203271392488,2480216.0965199997,20330.09651999986,2459886.0,0.008196905321485936,0,27,0.0,0.0,0.0,0.0,0.0,201,0
2022-11-23,0.009086708223376982,0.010747972323786258,-0.0016612641004092755,1.2513765482599999,1.1527683849361923,1.0699399166340935,2502753.0965199997,20330.09651999986,2482423.0,0.008123093144213158,0,27,0.0,0.0,0.0,0.0,0.0,201,0
2022-11-24,0.0013089585243366564,0.0020833842316574248,-0.0007744257073207684,1.2530145482599997,1.1551700444121216,1.0691113276573634,2506029.0965199997,20330.09651999986,2485699.0,0.008112474251887688,0,27,0.0,0.0,0.0,0.0,0.0,201,0
2022-11-25,0.01223090348095468,0.011497954750214898,0.0007329487307397818,1.2683400482599998,1.168452137311576,1.0698949314479893,2536680.0965199997,20330.09651999986,2516350.0,0.00801445028401104,0,27,0.0,0.0,0.0,0.0,0.0,201,0
2022-11-28,0.0011408612398426943,0.0035942828447762935,-0.002453421604933599,1.2697870482599998,1.1726518847836571,1.067270028108166,2539574.0965199997,20330.09651999986,2519244.0,0.008005317327759158,0,27,0.0,0.0,0.0,0.0,0.0,201,0
2022-11-29,0.006021482114247023,0.010792044280853426,-0.004770562166606403,1.2774330482599998,1.1853071958502686,1.06217855009052,2554866.0965199997,20330.09651999986,2534536.0,0.007957401974096263,0,27,0.0,0.0,0.0,0.0,0.0,201,0
2022-11-30,-0.00020509881152430687,0.004761043922375569,-0.0049661427338998755,1.2771710482599998,1.1909504954712196,1.0569036198018837,2554342.0965199997,20330.09651999986,2534012.0,0.00795903436258491,0,27,0.0,0.0,0.0,0.0,0.0,201,0
2022-12-01,-0.006239179952329921,-0.004114895259589342,-0.002124284692740579,1.2692025482599998,1.1860498589229995,1.0546584556206364,2538405.0965199997,20330.09651999986,2518075.0,0.008009003979652892,0,27,0.0,0.0,0.0,0.0,0.0,201,0
2022-12-02,-0.003014097320592768,-0.002644398152174884,-0.00036969916841788405,1.2653770482599997,1.1829134708676763,1.0542685492666286,2530754.0965199997,20330.09651999986,2510424.0,0.008033216877117954,0,27,0.0,0.0,0.0,0.0,0.0,201,0
2022-12-05,0.023427799675017402,0.015374101454533265,0.008053698220484138,1.29502204826,1.20109970258073,1.0627593100057697,2590044.0965199997,20330.09651999986,2569714.0,0.007849324475716653,0,27,0.0,0.0,0.0,0.0,0.0,201,0
2022-12-06,-0.005755886558082346,-0.008885158656506364,0.003129272098424018,1.2875680482599998,1.1904277411610176,1.066084973061911,2575136.0965199997,20330.09651999986,2554806.0,0.007894765852365492,0,27,0.0,0.0,0.0,0.0,0.0,201,0
2022-12-07,0.0004869645537159961,-0.004805673713452113,0.005292638267168109,1.2881950482599998,1.184706933857556,1.0717273751863914,2576390.0965199997,20330.09651999986,2556060.0,0.007890923252445456,0,27,0.0,0.0,0.0,0.0,0.0,201,0
2022-12-08,0.004054898368888615,0.0007476150772857899,0.0033072832916028255,1.2934185482599996,1.185592638623473,1.0752718812274986,2586837.0965199997,20330.09651999986,2566507.0,0.007859055580789906,0,27,0.0,0.0,0.0,0.0,0.0,201,0
2022-12-09,-0.008050371640338394,-0.006393697296567727,-0.0016566743437706668,1.2830060482599996,1.1780123181750755,1.073490505889291,2566012.0965199997,20330.09651999986,2545682.0,0.007922837366032427,0,27,0.0,0.0,0.0,0.0,0.0,201,0
2022-12-12,-0.014560726370180133,-0.013911983239832847,-0.0006487431303472853,1.2643245482599996,1.161623830548307,1.0727940862981022,2528649.0965199997,20330.09651999986,2508319.0,0.008039904211295561,0,27,0.0,0.0,0.0,0.0,0.0,201,0
2022-12-13,0.015896630360978214,0.0072103784216879,0.008686251939290315,1.2844230482599996,1.169999577950211,1.0821126460106683,2568846.0965199997,20330.09651999986,2548516.0,0.007914096740766572,0,27,0.0,0.0,0.0,0.0,0.0,201,0
2022-12-14,-0.007979458180763954,-0.002905064170641596,-0.005074394010122358,1.2741740482599997,1.166600654096642,1.076621580081474,2548348.0965199997,20330.09651999986,2528018.0,0.007977754902386551,0,27,0.0,0.0,0.0,0.0,0.0,201,0
2022-12-15,-0.00941747323796649,-0.006510668317389316,-0.0029068049205771733,1.2621745482599998,1.1590053041789694,1.0734920511748935,2524349.0965199997,20330.09651999986,2504019.0,0.008053599459768218,0,27,0.0,0.0,0.0,0.0,0.0,201,0
2022-12-16,0.011796308221018625,0.0011139835668723826,0.010682324654146242,1.2770635482599997,1.1602964170417427,1.0849594417791892,2554127.0965199997,20330.09651999986,2533797.0,0.007959704334095055,0,27,0.0,0.0,0.0,0.0,0.0,201,0
2022-12-19,-0.016236466876101363,-0.02255382381576081,0.006317356939659447,1.2563285482599997,1.1341272960777247,1.0918135178379622,2512657.0965199997,20330.09651999986,2492327.0,0.0080910748021116,0,27,0.0,0.0,0.0,0.0,0.0,201,0
2022-12-20,-0.006815096267499654,-0.00016558791559187423,-0.00664950835190778,1.2477665482599998,1.1339394983027513,1.084553494732373,2495533.0965199997,20330.09651999986,2475203.0,0.008146594628758887,0,27,0.0,0.0,0.0,0.0,0.0,201,0
2022-12-21,0.004844656244735512,-0.004311637294103068,0.00915629353883858,1.2538115482599996,1.1290503624726127,1.0944839848887158,2507623.0965199997,20330.09651999986,2487293.0,0.008107317462585717,0,27,0.0,0.0,0.0,0.0,0.0,201,0
2022-12-22,-0.007527447017933286,-0.013998367473419976,0.00647092045548669,1.2443735482599996,1.113245500602723,1.1015663036947347,2488747.0965199997,20330.09651999986,2468417.0,0.00816880772997277,0,27,0.0,0.0,0.0,0.0,0.0,201,0
2022-12-23,-0.004052239785272582,-0.0009056055520125905,-0.0031466342332599918,1.2393310482599995,1.1122373392966243,1.0981000774533232,2478662.0965199997,20330.09651999986,2458332.0,0.008202044380532134,0,27,0.0,0.0,0.0,0.0,0.0,201,0
2022-12-26,0.0028749380603370067,0.007775981991988944,-0.004901043931651937,1.2428940482599995,1.1208860768178126,1.0927182407323741,2485788.0965199997,20330.09651999986,2465458.0,0.00817853160873252,0,27,0.0,0.0,0.0,0.0,0.0,201,0
2022-12-27,0.014173372239300486,0.009276790079395074,0.004896582159905412,1.2605100482599996,1.1312843016553682,1.0980688253757476,2521020.0965199997,20330.09651999986,2500690.0,0.008064234215373134,0,27,0.0,0.0,0.0,0.0,0.0,201,0
2022-12-28,-0.0006802801779991485,0.004558769617099878,-0.0052390497950990265,1.2596525482599996,1.1364415661580567,1.0923159881211582,2519305.0965199997,20330.09651999986,2498975.0,0.008069723888576458,0,27,0.0,0.0,0.0,0.0,0.0,201,0
2022-12-29,-0.0070249530413949435,-0.008752398404949046,0.0017274453635541028,1.2508035482599997,1.126494976807097,1.094202904310374,2501607.0965199997,20330.09651999986,2481277.0,0.008126814377957745,0,27,0.0,0.0,0.0,0.0,0.0,201,0
2022-12-30,0.012651467148469209,0.012280585267163694,0.00037088188130551467,1.2666280482599999,1.1403289944228083,1.0946087243420546,2533256.0965199997,20330.09651999986,2512926.0,0.00802528277655301,0,27,0.0,0.0,0.0,0.0,0.0,201,0
2023-01-03,0.002448994520736658,0.011704619765891173,-0.009255625245154515,1.26973001341,1.1536761117105483,1.0844774361994678,2539460.02682,20989.02681999981,2518471.0,0.00826515345716349,27,27,1011081.0,1012413.0,673.0696999999999,0.0,0.0,201,1
2023-01-04,0.004877414831967242,0.004642970822614878,0.00023444400935236382,1.27592301341,1.159032596235968,1.0847316854376627,2551846.02682,20989.02681999981,2530857.0,0.008225036541940357,0,27,0.0,0.0,0.0,0.0,0.0,201,0
2023-01-05,-0.0006955748823967989,0.0014314930157417393,-0.002127067898138538,1.27503551341,1.1606917433024968,1.0824243874914745,2550071.02682,20989.02681999981,2529082.0,0.008230761653009185,0,27,0.0,0.0,0.0,0.0,0.0,201,0
2023-01-06,0.00023097395868787451,-0.0025864517707175597,0.002817425729405434,1.2753300134099999,1.1576896700877748,1.0854740378109289,2550660.02682,20989.02681999981,2529671.0,0.008228861000408427,0,27,0.0,0.0,0.0,0.0,0.0,201,0
2023-01-09,-0.0002763990467514743,-0.0018462040840097579,0.0015698050372582836,1.2749775134099999,1.1555523386908428,1.0871780204232977,2549955.02682,20989.02681999981,2528966.0,0.008231136078574227,0,27,0.0,0.0,0.0,0.0,0.0,201,0
2023-01-10,-0.0076785667959085036,-0.007626187911921089,-5.2378883987414145e-05,1.26518751341,1.1467398794139267,1.0871210752518923,2530375.02682,20989.02681999981,2509386.0,0.008294828473065261,0,27,0.0,0.0,0.0,0.0,0.0,201,0
2023-01-11,-0.0007939534569801898,-0.0015153872940457708,0.000721433837065581,1.2641830134099998,1.1450021243710873,1.087905361180566,2528366.02682,20989.02681999981,2507377.0,0.008301419413706617,0,27,0.0,0.0,0.0,0.0,0.0,201,0
2023-01-12,-0.0018707734362136685,-0.004629890526383683,0.002759117090170015,1.2618180134099999,1.1397008898827725,1.090907019455087,2523636.02682,20989.02681999981,2502647.0,0.008316978596334196,0,27,0.0,0.0,0.0,0.0,0.0,201,0
2023-01-13,0.00789020278217012,0.004264676336443899,0.0036255264457262203,1.2717740134099997,1.1445613452984797,1.0948621317039495,2543548.02682,20989.02681999981,2522559.0,0.008251869671295634,0,27,0.0,0.0,0.0,0.0,0.0,201,0
2023-01-16,0.0021855297959323394,0.006152112348846347,-0.003966582552914008,1.2745535134099997,1.1516028152849027,1.0905192706744864,2549107.02682,20989.02681999981,2528118.0,0.008233874293690812,0,27,0.0,0.0,0.0,0.0,0.0,201,0
2023-01-17,0.0025204904825102403,-0.0019668962280362558,0.004487386710546496,1.2777660134099995,1.149337732051323,1.0954128523573061,2555532.02682,20989.02681999981,2534543.0,0.008213173069138836,0,27,0.0,0.0,0.0,0.0,0.0,201,0
2023-01-18,0.0024527182340969844,0.005760896440218651,-0.0033081782061216668,1.2809000134099997,1.1559589477005066,1.0917890314324321,2561800.02682,20989.02681999981,2540811.0,0.008193077757928591,0,27,0.0,0.0,0.0,0.0,0.0,201,0
2023-01-19,0.002092278844517459,0.0022578439634030785,-0.00016556511888561956,1.2835800134099995,1.158568922632514,1.091608269251645,2567160.02682,20989.02681999981,2546171.0,0.008175971346047873,0,27,0.0,0.0,0.0,0.0,0.0,201,0
2023-01-20,0.00534598539110176,0.009424085158919083,-0.004078099767817324,1.2904420134099996,1.16948737482188,1.0871565818222622,2580884.02682,20989.02681999981,2559895.0,0.008132495145805194,0,27,0.0,0.0,0.0,0.0,0.0,201,0
2023-01-30,0.0015138223800059691,0.003143916120032866,-0.001630093740026897,1.2923955134099996,1.1731641450317574,1.0853844146838048,2584791.02682,20989.02681999981,2563802.0,0.008120202601377047,0,27,0.0,0.0,0.0,0.0,0.0,201,0
2023-01-31,0.002168453829281436,0.002939515184628662,-0.000771061355347226,1.2951980134099996,1.1766126788501403,1.084547516705946,2590396.02682,20989.02681999981,2569407.0,0.008102632417084959,0,27,0.0,0.0,0.0,0.0,0.0,201,0
2023-02-01,0.0035793754715500725,0.0057942442929660885,-0.002214868821416016,1.2998340134099997,1.1834302601495994,1.0821453862258499,2599668.02682,20989.02681999981,2578679.0,0.008073733493454657,0,27,0.0,0.0,0.0,0.0,0.0,201,0
2023-02-02,-0.004027437308142479,-0.0023826442358449657,-0.0016447930722975129,1.2945990134099996,1.1806105668617295,1.080365480991367,2589198.02682,20989.02681999981,2568209.0,0.008106381436485994,0,27,0.0,0.0,0.0,0.0,0.0,201,0
2023-02-03,-0.004642364112552144,-0.00441412598534946,-0.00022823812720268455,1.2885890134099995,1.1753992030799671,1.080118900397291,2577178.02682,20989.02681999981,2556189.0,0.008144189730617226,0,27,0.0,0.0,0.0,0.0,0.0,201,0
2023-02-06,-0.00036163586306448003,0.0014436443020563858,-0.0018052801651208658,1.2881230134099997,1.1770960614421353,1.0781689831704317,2576246.02682,20989.02681999981,2555257.0,0.008147136027185923,0,27,0.0,0.0,0.0,0.0,0.0,201,0
2023-02-07,0.005214952244519733,0.007525966637715567,-0.0023110143931958345,1.2948405134099996,1.1859548471299353,1.0756773191320277,2589681.02682,20989.02681999981,2568692.0,0.008104869519692661,0,27,0.0,0.0,0.0,0.0,0.0,201,0
2023-02-08,-0.005998422137368342,-0.006143835279224613,0.00014541314185627114,1.2870735134099998,1.178668535900571,1.0758337367506263,2574147.02682,20989.02681999981,2553158.0,0.008153779330129729,0,27,0.0,0.0,0.0,0.0,0.0,201,0
2023-02-09,0.003638486808412944,0.004887144842136832,-0.001248658033723888,1.2917565134099998,1.1844288597563866,1.0744903883122814,2583513.02682,20989.02681999981,2562524.0,0.00812421946477848,0,27,0.0,0.0,0.0,0.0,0.0,201,0
2023-02-10,0.002440475404825282,0.006520835834469035,-0.004080360429643753,1.2949090134099996,1.1921523259084654,1.0701060802497795,2589818.02682,20989.02681999981,2568829.0,0.008104440776393827,0,27,0.0,0.0,0.0,0.0,0.0,201,0
2023-02-13,0.0020047740598883035,0.001969263694670823,3.551036521748027e-05,1.2975050134099995,1.1944999882023943,1.0701440801075106,2595010.02682,20989.02681999981,2574021.0,0.008088225711297296,0,27,0.0,0.0,0.0,0.0,0.0,201,0
2023-02-14,-0.0002315983344143291,0.00523948090487418,-0.005471079239288509,1.2972045134099994,1.200758548081453,1.064289237047787,2594409.02682,20989.02681999981,2573420.0,0.00809009936483544,0,27,0.0,0.0,0.0,0.0,0.0,201,0
2023-02-15,-0.005078998671289359,-0.0058112714907166295,0.0007322728194272708,1.2906160134099995,1.193780614163753,1.065068587128086,2581232.02682,20989.02681999981,2560243.0,0.008131398728171547,0,27,0.0,0.0,0.0,0.0,0.0,201,0
2023-02-16,-0.011302742138970978,-0.0153960368657424,0.004093294726771422,1.2760285134099996,1.1754011238184792,1.0694282267594273,2552057.02682,20989.02681999981,2531068.0,0.008224356509052334,0,27,0.0,0.0,0.0,0.0,0.0,201,0
2023-02-17,-0.0012648620176102243,-0.0017340303962890575,0.00046916837867883314,1.2744145134099996,1.1733629425419456,1.0699299686666894,2548829.02682,20989.02681999981,2527840.0,0.008234772359833954,0,27,0.0,0.0,0.0,0.0,0.0,201,0
2023-02-20,0.012305650818459135,0.010857315455390374,0.001448335363068761,1.2900970134099996,1.1861025141527886,1.0714795860763164,2580194.02682,20989.02681999981,2559205.0,0.008134669951882674,0,27,0.0,0.0,0.0,0.0,0.0,201,0
2023-02-21,0.005074037015788013,0.005310804496936108,-0.00023676748114809503,1.2966430134099995,1.1924016727187785,1.0712258945536195,2593286.02682,20989.02681999981,2572297.0,0.008093602712130242,0,27,0.0,0.0,0.0,0.0,0.0,201,0
2023-02-22,-0.002179474204367149,-0.0027316943754366997,0.0005522201710695509,1.2938170134099996,1.1891443957761512,1.0718174471003639,2587634.02682,20989.02681999981,2566645.0,0.008111281039921123,0,27,0.0,0.0,0.0,0.0,0.0,201,0
2023-02-23,0.0013668857200592743,0.0004931221779908034,0.0008737635420684709,1.2955855134099994,1.189730789250542,1.072753962109393,2591171.02682,20989.02681999981,2570182.0,0.00810020897993695,0,27,0.0,0.0,0.0,0.0,0.0,201,0
2023-02-24,-0.0025849316508529396,-0.002538183696147586,-4.6747954705353596e-05,1.2922365134099993,1.1867110339584614,1.0727038130557622,2584473.02682,20989.02681999981,2563484.0,0.00812120173133524,0,27,0.0,0.0,0.0,0.0,0.0,201,0
2023-02-27,-0.0011507181422044654,-0.005631561991907409,0.004480843849702943,1.2907495134099993,1.1800279972042438,1.0775104313390462,2581499.02682,20989.02681999981,2560510.0,0.00813055771160022,0,27,0.0,0.0,0.0,0.0,0.0,201,0
2023-02-28,0.007278716669959939,0.009657909947320983,-0.002379193277361044,1.3001445134099994,1.19142460133656,1.074946825764518,2600289.02682,20989.02681999981,2579300.0,0.008071805327605505,0,27,0.0,0.0,0.0,0.0,0.0,201,0
2023-03-01,0.006276994530858282,0.0061407265737927616,0.0001362679570655204,1.3083055134099992,1.1987408140466578,1.075093306572419,2616611.02682,20989.02681999981,2595622.0,0.008021454700322056,0,27,0.0,0.0,0.0,0.0,0.0,201,0
2023-03-02,0.009474468977580086,0.0024080069593348684,0.007066462018245218,1.3207010134099992,1.2016273902693209,1.0826904125893828,2641402.02682,20989.02681999981,2620413.0,0.00794616896893527,0,27,0.0,0.0,0.0,0.0,0.0,201,0
2023-03-03,0.01072915054665824,0.00756892239140191,0.0031602281552563297,1.3348710134099993,1.2107224147296523,1.086111961314674,2669742.02682,20989.02681999981,2648753.0,0.0078618183364332,0,27,0.0,0.0,0.0,0.0,0.0,201,0
2023-03-06,0.0004648389198405045,-0.0003318225529765249,0.0007966614728170294,1.3354915134099992,1.2103206697270508,1.086977224869419,2670983.02682,20989.02681999981,2649994.0,0.007858165555244571,0,27,0.0,0.0,0.0,0.0,0.0,201,0
2023-03-07,-0.0025997918857115776,-0.00799212598656454,0.005392334100852962,1.3320195134099992,1.200647634450449,1.092838569225933,2664039.02682,20989.02681999981,2643050.0,0.00787864840142898,0,27,0.0,0.0,0.0,0.0,0.0,201,0
2023-03-08,0.0060584698037498,0.0007620260951880122,0.005296443708561788,1.3400895134099993,1.201562559279026,1.0986267271903836,2680179.02682,20989.02681999981,2659190.0,0.007831203292752812,0,27,0.0,0.0,0.0,0.0,0.0,201,0
2023-03-09,0.000732786869961588,-0.0018105058599583584,0.0025432927299199465,1.3410715134099993,1.1993871232243447,1.1014208565585428,2682143.02682,20989.02681999981,2661154.0,0.007825468891897537,0,27,0.0,0.0,0.0,0.0,0.0,201,0
2023-03-10,-0.012150731588180586,-0.01437915019770542,0.0022284186095248345,1.3247765134099994,1.182140955634308,1.1038752832922167,2649553.02682,20989.02681999981,2628564.0,0.007921723629434543,0,27,0.0,0.0,0.0,0.0,0.0,201,0
2023-03-13,0.008555027874722398,0.0012833694041389002,0.007271658470583498,1.3361100134099995,1.1836580791681488,1.1119022873464361,2672220.02682,20989.02681999981,2651231.0,0.007854527924101073,0,27,0.0,0.0,0.0,0.0,0.0,201,0
2023-03-14,-0.003990689349293697,-0.007826517755992614,0.003835828406698917,1.3307780134099996,1.1743941581945152,1.116167353725713,2661556.02682,20989.02681999981,2640567.0,0.007885998494300828,0,27,0.0,0.0,0.0,0.0,0.0,201,0
2023-03-15,0.01720497315801839,0.01671452715771321,0.000490446000305178,1.3536740134099996,1.1940236012455172,1.1167147735400191,2707348.02682,20989.02681999981,2686359.0,0.007752614961975586,0,27,0.0,0.0,0.0,0.0,0.0,201,0
2023-03-16,-0.003561788105730379,-0.007298954980463734,0.0037371668747333553,1.3488525134099996,1.185308476734415,1.1208881230002181,2697705.02682,20989.02681999981,2676716.0,0.007780326837564317,0,27,0.0,0.0,0.0,0.0,0.0,201,0
2023-03-17,0.005655547900277558,0.003641612484301986,0.002013935415975572,1.3564810134099996,1.1896249108810402,1.1231455192884747,2712962.02682,20989.02681999981,2691973.0,0.007736572282437034,0,27,0.0,0.0,0.0,0.0,0.0,201,0
2023-03-20,-0.004756424849457042,-0.008184658417078551,0.00342823356762151,1.3500290134099997,1.1798882373410313,1.126995924459023,2700058.02682,20989.02681999981,2679069.0,0.007773546572522995,0,27,0.0,0.0,0.0,0.0,0.0,201,0
2023-03-21,-0.006374677813969609,0.002369330265354049,-0.008744008079323658,1.3414230134099996,1.1826837822514986,1.1171414629901886,2682846.02682,20989.02681999981,2661857.0,0.00782341834386906,0,27,0.0,0.0,0.0,0.0,0.0,201,0
2023-03-22,0.004758006934572512,0.0028599368348797235,0.0018980700996927883,1.3478055134099995,1.1860661831643744,1.1192618757982173,2695611.02682,20989.02681999981,2674622.0,0.007786370737902964,0,27,0.0,0.0,0.0,0.0,0.0,201,0
2023-03-23,-0.0017884627834036104,-0.0021294239281156938,0.00034096114471208333,1.3453950134099997,1.1835405454536154,1.119643500608622,2690790.02682,20989.02681999981,2669801.0,0.007800321322286464,0,27,0.0,0.0,0.0,0.0,0.0,201,0
2023-03-24,-0.010815039341583899,-0.005644216763248925,-0.005170822578334974,1.3308445134099998,1.1768603860669813,1.113854022715989,2661689.02682,20989.02681999981,2640700.0,0.007885604444586839,0,27,0.0,0.0,0.0,0.0,0.0,201,0
2023-03-27,-0.011465651957268896,-0.01007086557198393,-0.0013947863852849657,1.3155855134099999,1.1650083833219076,1.1123004342899099,2631171.02682,20989.02681999981,2610182.0,0.007977066715183043,0,27,0.0,0.0,0.0,0.0,0.0,201,0
2023-03-28,-0.0006966479872709819,0.0016350117640939299,-0.002331659751364912,1.3146690134099999,1.166913185733907,1.1097069281358503,2629338.02682,20989.02681999981,2608349.0,0.007982627796770798,0,27,0.0,0.0,0.0,0.0,0.0,202,0
2023-03-29,-0.005293347549091276,-0.006480687008188896,0.00118733945909762,1.3077100134099997,1.159350786611437,1.11102452695966,2615420.02682,20989.02681999981,2594431.0,0.008025107479780084,0,27,0.0,0.0,0.0,0.0,0.0,202,0
2023-03-30,0.003007165166339476,0.0004424038851160145,0.0025647612812234617,1.3116425134099996,1.1598636879036464,1.1138740396488955,2623285.02682,20989.02681999981,2602296.0,0.008001047009917614,0,27,0.0,0.0,0.0,0.0,0.0,202,0
2023-03-31,0.004947232141119029,0.002955843814897459,0.00199138832622157,1.3181315134099998,1.1632920638116606,1.1160921954083336,2636263.02682,20989.02681999981,2615274.0,0.00796165883543035,0,27,0.0,0.0,0.0,0.0,0.0,202,0
2023-04-03,0.002007031372124546,0.00308434725378099,-0.0010773158816564442,1.3207770447099996,1.1668800604940233,1.1148898115608274,2641554.0894199996,493.08941999980016,2641061.0,0.0001866664104947655,28,28,751153.0,731161.0,503.93739999999997,0.0,0.0,202,1
2023-04-04,0.010136835776805686,0.00017569172995621522,0.00996114404684947,1.3341655447099996,1.1670850716705028,1.1259953895701498,2668331.0894199996,493.08941999980016,2667838.0,0.00018479319225223295,0,28,0.0,0.0,0.0,0.0,0.0,202,0
2023-04-06,-0.00443685569865826,-0.006325777771631527,0.0018889220729732675,1.3282460447099995,1.1597023508665265,1.1281223071155748,2656492.0894199996,493.08941999980016,2655999.0,0.00018561674697381008,0,28,0.0,0.0,0.0,0.0,0.0,202,0
2023-04-07,-0.0009659354944889786,0.005541429255049292,-0.006507364749538271,1.3269630447099996,1.1661287594007677,1.1207812037810831,2653926.0894199996,493.08941999980016,2653433.0,0.00018579621413178165,0,28,0.0,0.0,0.0,0.0,0.0,202,0
2023-04-10,-0.002028315717404361,0.0005813605204659932,-0.002609676237870354,1.3242715447099995,1.1668067006232634,1.1178563277057239,2648543.0894199996,493.08941999980016,2648050.0,0.0001861738334443262,0,28,0.0,0.0,0.0,0.0,0.0,202,0
2023-04-11,9.439151698042991e-06,-0.0035643477240970933,0.0035737868757951363,1.3242840447099995,1.1626477958154358,1.1218513079787031,2648568.0894199996,493.08941999980016,2648075.0,0.0001861720761378576,0,28,0.0,0.0,0.0,0.0,0.0,203,0
2023-04-12,0.012650609260846712,0.00546608509256262,0.007184524168284093,1.3410370447099993,1.169002927600043,1.1299112758140974,2682074.0894199996,493.08941999980016,2681581.0,0.0001838463083271615,0,28,0.0,0.0,0.0,0.0,0.0,203,0
2023-04-13,0.0063122790182359445,0.004460826898694286,0.0018514521195416586,1.3495020447099995,1.1742176473041337,1.1320032524405974,2699004.0894199996,493.08941999980016,2698511.0,0.00018269309851463107,0,28,0.0,0.0,0.0,0.0,0.0,203,0
2023-04-14,0.0014308981654154174,0.007133355555005315,-0.005702457389589898,1.3514330447099994,1.1825937592813158,1.1255480521286778,2702866.0894199996,493.08941999980016,2702373.0,0.0001824320568192155,0,28,0.0,0.0,0.0,0.0,0.0,203,0
2023-04-17,0.013422788551017417,0.010434005242235873,0.002988783308781544,1.3695730447099994,1.1949329487650924,1.1289120713601117,2739146.0894199996,493.08941999980016,2738653.0,0.00018001574355758782,0,28,0.0,0.0,0.0,0.0,0.0,203,0
2023-04-18,-0.0006421709330488579,-0.0007930071700352622,0.00015083623698640435,1.3686935447099995,1.1939853583690103,1.1290823522088442,2737387.0894199996,493.08941999980016,2736894.0,0.0001801314187188179,0,28,0.0,0.0,0.0,0.0,0.0,203,0
2023-04-19,0.002221096177263071,-0.0021751998555159247,0.004396296032778996,1.3717335447099994,1.191388201589998,1.1340461324745408,2743467.0894199996,493.08941999980016,2742974.0,0.0001797322161805283,0,28,0.0,0.0,0.0,0.0,0.0,203,0
2023-04-20,0.0009823336355638812,-0.0030862820623599086,0.004068615697923789,1.3730810447099993,1.1877112415541233,1.1386601303712964,2746162.0894199996,493.08941999980016,2745669.0,0.00017955583244685407,0,28,0.0,0.0,0.0,0.0,0.0,203,0
2023-04-21,-0.008740197853750575,-0.01501597965116257,0.006275781797411995,1.3610800447099993,1.1698765937194897,1.1458061128909194,2722160.0894199996,493.08941999980016,2721667.0,0.00018113902334996796,0,28,0.0,0.0,0.0,0.0,0.0,203,0
2023-04-24,0.0009150821105936569,-0.0010153945852965057,0.0019304766958901625,1.3623255447099996,1.1686887073607617,1.1480180648898637,2724651.0894199996,493.08941999980016,2724158.0,0.00018097341781283445,0,28,0.0,0.0,0.0,0.0,0.0,203,0
2023-04-25,0.004285686356444884,-0.0019781536545855067,0.0062638400110303916,1.3681640447099996,1.166376861523223,1.1552090663781065,2736328.0894199996,3073.0894199998,2733255.0,0.0011230705235537677,0,28,0.0,0.0,0.0,2580.0,0.0,203,0
2023-04-26,0.0037440685711673805,0.008199420262601814,-0.004455351691434434,1.3732865447099996,1.1759404755954266,1.1500622037102584,2746573.0894199996,3073.0894199998,2743500.0,0.0011188813550375067,0,28,0.0,0.0,0.0,0.0,0.0,203,0
2023-04-27,0.006237591151676769,0.0043542937767909965,0.0018832973748857725,1.3818525447099994,1.1810608658901884,1.1522281128394611,2763705.0894199996,3073.0894199998,2760632.0,0.0011119454936650743,0,28,0.0,0.0,0.0,0.0,0.0,203,0
2023-04-28,0.015220147822945895,0.013768247694987771,0.001451900127958124,1.4028845447099996,1.1973220044346213,1.1539010329839297,2805769.0894199996,3073.0894199998,2802696.0,0.001095275242566401,0,28,0.0,0.0,0.0,0.0,0.0,203,0
2023-05-04,0.04387210639113781,0.024107682184142144,0.019764424206995666,1.4644320447099997,1.2261866627896112,1.1767072224927144,2928864.0894199996,3073.0894199998,2925791.0,0.0010492427528818386,0,28,0.0,0.0,0.0,0.0,0.0,203,0
2023-05-05,0.005025156357772342,0.001491268985070572,0.0035338873727017704,1.4717910447099998,1.2280152369297366,1.1808655732876483,2943582.0894199996,3073.0894199998,2940509.0,0.0010439965071962095,0,28,0.0,0.0,0.0,0.0,0.0,203,0
2023-05-08,0.0340075448752728,0.017540856761672195,0.016466688113600605,1.5218430447099998,1.249555676301872,1.2003105183870642,3043686.0894199996,3073.0894199998,3040613.0,0.0010096604346558628,0,28,0.0,0.0,0.0,0.0,0.0,203,0
2023-05-09,-0.015038344512302237,-0.00869812655609731,-0.006340217956204928,1.4989570447099998,1.2386868828905084,1.192700288085365,2997914.0894199996,3073.0894199998,2994841.0,0.0010250758788736152,0,28,0.0,0.0,0.0,0.0,0.0,203,0
2023-05-10,-0.021269788959274893,-0.008105933464978336,-0.013163855494296557,1.4670745447099998,1.2286461694338566,1.1769997538450034,2934149.0894199996,3073.0894199998,2931076.0,0.0010473528530233157,0,28,0.0,0.0,0.0,0.0,0.0,203,0
2023-05-11,-0.00015541132577212569,0.007463668904236555,-0.007619080230008681,1.4668465447099999,1.2378163776429696,1.1680320982897578,2933693.0894199996,3073.0894199998,2930620.0,0.0010475156488190657,0,28,0.0,0.0,0.0,0.0,0.0,203,0
2023-05-12,0.001889427363751972,0.0025096775033203443,-0.0006202501395683722,1.46961804471,1.2409228975591817,1.1673076262177733,2939236.0894199996,3073.0894199998,2936163.0,0.0010455401765994965,0,28,0.0,0.0,0.0,0.0,0.0,203,0
2023-05-15,0.0025931908047249763,0.0059111928845394564,-0.00331800207981448,1.4734290447099998,1.2482582321614957,1.1634344970861994,2946858.0894199996,3073.0894199998,2943785.0,0.0010428359041220901,0,28,0.0,0.0,0.0,0.0,0.0,203,0
2023-05-16,-0.004330374796742142,-0.005080600928147868,0.0007502261314057254,1.4670485447099997,1.2419163302286078,1.1643073360480922,2934097.0894199996,3073.0894199998,2931024.0,0.0010473714149000011,0,28,0.0,0.0,0.0,0.0,0.0,203,0
2023-05-17,-0.007371603372632651,0.0032932196271753564,-0.010664822999808008,1.4562340447099997,1.2460062334626263,1.1518902043917614,2912468.0894199996,3073.0894199998,2909395.0,0.0010551495589473693,0,28,0.0,0.0,0.0,0.0,0.0,203,0
2023-05-18,0.002749214670913158,-0.0006359851869509745,0.003385199857864133,1.4602375447099998,1.2452137919552955,1.1557895829479437,2920475.0894199996,3073.0894199998,2917402.0,0.001052256679446668,0,28,0.0,0.0,0.0,0.0,0.0,203,0
2023-05-19,-0.014126468720605745,-0.010503505203423153,-0.0036229635171825918,1.43960954471,1.2321346824121189,1.1516021994553836,2879219.0894199996,3073.0894199998,2876146.0,0.0010673343446812359,0,28,0.0,0.0,0.0,0.0,0.0,203,0
2023-05-22,0.0009985346410645857,0.012839792234304195,-0.01184125759323961,1.4410470447100001,1.2479550357389708,1.137965781166691,2882094.0894199996,3073.0894199998,2879021.0,0.0010662696375114654,0,28,0.0,0.0,0.0,0.0,0.0,203,0
2023-05-23,-0.016975851058993685,-0.015248809215099536,-0.0017270418438941493,1.4165840447100002,1.2289252074899646,1.1360004666456964,2833168.0894199996,3073.0894199998,2830095.0,0.001084683055507983,0,28,0.0,0.0,0.0,0.0,0.0,203,0
2023-05-24,-0.01783656966514302,-0.005929526242148701,-0.01190704342299432,1.3913170447100003,1.221638263222515,1.1224740597608043,2782634.0894199996,3073.0894199998,2779561.0,0.0011043814318541399,0,28,0.0,0.0,0.0,0.0,0.0,203,0
2023-05-25,0.004773175190550649,0.012589314529269749,-0.0078161393387191,1.3979580447100004,1.2370178515592138,1.1137006461056163,2795916.0894199996,3073.0894199998,2792843.0,0.00109913506761832,0,28,0.0,0.0,0.0,0.0,0.0,203,0
2023-05-26,0.009168014768754285,0.0038680274207435945,0.0052999873480106905,1.4107745447100006,1.2418026705289944,1.1196032454394473,2821549.0894199996,3073.0894199998,2818476.0,0.001089149726837291,0,28,0.0,0.0,0.0,0.0,0.0,203,0
2023-05-29,0.01944959958548198,0.012714823144685446,0.006734776440796534,1.4382135447100008,1.2575919718653685,1.1271435229998723,2876427.0894199996,3073.0894199998,2873354.0,0.0010683703512955913,0,28,0.0,0.0,0.0,0.0,0.0,203,0
2023-05-30,0.0023567432058104743,0.0029054783612712173,-0.0005487351554607431,1.4416030447100008,1.2612458781269318,1.1265250197235523,2883206.0894199996,3073.0894199998,2880133.0,0.0010658583967606695,0,28,0.0,0.0,0.0,0.0,0.0,203,0
2023-05-31,-0.009189839081301998,-0.013145435188401361,0.003955596107099363,1.4283549447100008,1.2446662521793759,1.130981097706121,2856709.88942,4141.8894199998,2852568.0,0.0014498810100877031,0,28,0.0,0.0,0.0,1068.8,0.0,203,0
2023-06-01,-0.007563946230601304,-0.009721727856724966,0.0021577816261236626,1.4175509447100008,1.232565945603238,1.1334215079382444,2835101.88942,4141.8894199998,2830960.0,0.0014609314167707535,0,28,0.0,0.0,0.0,0.0,0.0,203,0
2023-06-02,-0.003349085983623157,0.002596490257869961,-0.005945576241493118,1.4128034447100006,1.235766291073179,1.1266826639490495,2825606.88942,4141.8894199998,2821465.0,0.0014658406431228613,0,28,0.0,0.0,0.0,0.0,0.0,203,0
2023-06-05,0.007049105123072774,0.0051491200007060586,0.0018999851223667156,1.4227624447100007,1.2421293999987424,1.1288233442481812,2845524.88942,4141.8894199998,2841383.0,0.0014555801059410298,0,28,0.0,0.0,0.0,0.0,0.0,203,0
2023-06-06,-0.010403001607915519,-0.019537417146673425,0.009134415538757906,1.4079614447100008,1.2178613997608199,1.1391344857443944,2815922.88942,4141.8894199998,2811781.0,0.0014708816905326949,0,28,0.0,0.0,0.0,0.0,0.0,203,0
2023-06-07,0.016935477949050926,0.004968348451799566,0.01196712949725136,1.4318059447100009,1.223912159560828,1.1527666556500824,2863611.88942,4141.8894199998,2859470.0,0.0014463864447911287,0,28,0.0,0.0,0.0,0.0,0.0,203,0
2023-06-08,0.011326255530587748,0.0061824321892802,0.005143823341307548,1.448022944710001,1.2314789134929485,1.1586962836804962,2896045.88942,4141.8894199998,2891904.0,0.0014301877726216933,0,28,0.0,0.0,0.0,0.0,0.0,203,0
2023-06-09,-0.006383186146163622,0.0020495018537047133,-0.008432687999868335,1.4387799447100011,1.2340028318089507,1.1489253594336117,2877559.88942,4141.8894199998,2873418.0,0.0014393755748502036,0,28,0.0,0.0,0.0,0.0,0.0,203,0
2023-06-12,-0.010427932398671347,-0.009004997475902317,-0.0014229349227690303,1.4237764447100012,1.2228906394232548,1.1472905134160187,2847552.88942,4141.8894199998,2843411.0,0.0014545434556769324,0,28,0.0,0.0,0.0,0.0,0.0,203,0
2023-06-13,-0.0017530842073373298,-0.0021687624462589823,0.0004156782389216525,1.4212804447100011,1.2202384801285922,1.1477674171161671,2842560.88942,4141.8894199998,2838419.0,0.0014570978709430274,0,28,0.0,0.0,0.0,0.0,0.0,203,0
2023-06-14,-0.01141611429355216,-0.009573187873793552,-0.001842926419758608,1.4050549447100011,1.2085569079074887,1.1456521662194257,2810109.88942,4141.8894199998,2805968.0,0.0014739243598956469,0,28,0.0,0.0,0.0,0.0,0.0,203,0
2023-06-15,-0.0021871030820322934,0.003908890655904752,-0.006095993737937046,1.4019819447100013,1.2132810247119374,1.1386682777882982,2803963.88942,9005.8894199998,2794958.0,0.0032118421545944617,0,28,0.0,0.0,0.0,4864.0,0.0,203,0
2023-06-16,-0.001443456534968801,0.0005327870315758515,-0.0019762435665446527,1.3999582447100014,1.213927445107561,1.1364179919298905,2799916.48942,12007.4894199998,2787909.0,0.004288516984478755,0,28,0.0,0.0,0.0,3001.6,0.0,203,0
2023-06-19,-0.006462692751149968,-0.0020865088876783323,-0.004376183863471635,1.3909107447100015,1.2113945747043473,1.131444817851448,2781821.48942,13551.4894199998,2768270.0,0.004871444652915251,0,28,0.0,0.0,0.0,1544.0,0.0,203,0
2023-06-20,-0.009518655348917049,-0.009150585081408038,-0.0003680702675090113,1.3776711447100014,1.200309605581359,1.1310283666546699,2755342.28942,14968.289419999799,2740374.0,0.005432460960467684,0,28,0.0,0.0,0.0,1416.8,0.0,203,0
2023-06-21,-5.6617285118854e-05,0.0013097329405329068,-0.0013663502256517608,1.3775931447100014,1.2018816906106269,1.1294829857906727,2755186.28942,14968.289419999799,2740218.0,0.005432768549073611,0,28,0.0,0.0,0.0,0.0,0.0,203,0
2023-06-26,-0.0036338740645038836,0.01217869925751074,-0.015812573322014623,1.3725871447100013,1.2165190462636823,1.1116229532618898,2745174.28942,14968.289419999799,2730206.0,0.005452582547377092,0,28,0.0,0.0,0.0,0.0,0.0,203,0
2023-06-27,0.018181723540236616,0.010791232618204902,0.007390490922031714,1.3975431447100013,1.2296467862763905,1.119838392606694,2795086.28942,14968.289419999799,2780118.0,0.005355215499663814,0,28,0.0,0.0,0.0,0.0,0.0,203,0
2023-06-28,0.01103483642589076,0.012764795832389483,-0.0017299594064987232,1.4129648047100012,1.2453429764491626,1.1179011176456457,2825929.6094199996,23600.609419999797,2802329.0,0.008351449852582718,0,28,0.0,0.0,0.0,8632.32,0.0,203,0
2023-06-29,-0.0051070458202112645,-0.00782943766952985,0.0027223918493185853,1.4057487287100014,1.235592641237867,1.1209444825366683,2811497.45742,29115.457419999795,2782382.0,0.010355854081660064,0,28,0.0,0.0,0.0,5514.848,0.0,203,0
2023-06-30,0.002100659911469238,0.0008090275298363196,0.0012916323816329184,1.4087017287100014,1.2365922697002916,1.1223923307283254,2817403.45742,29115.457419999795,2788288.0,0.010334145556370506,0,28,0.0,0.0,0.0,0.0,0.0,203,0
2023-07-03,0.00956192111181342,0.009928869366543946,-0.0003669482547305255,1.4221716235100017,1.2488702328058239,1.1219804708214418,2844343.24702,21336.247019999966,2823007.0,0.00750129121805317,28,28,1456587.0,1449721.0,913.2103999999999,0.0,0.0,203,1
2023-07-04,-0.007361277518786347,-0.008044315163159064,0.0006830376443727176,1.4117026235100016,1.238823927055246,1.1227468257192639,2823405.24702,21336.247019999966,2802069.0,0.007556919801902184,0,28,0.0,0.0,0.0,0.0,0.0,203,0
2023-07-05,-0.0026889940818850544,0.00012861837822351291,-0.0028176124601085673,1.4079065635100017,1.2389832625796482,1.1195833602735699,2815813.12702,22227.127019999967,2793586.0,0.007893679735602033,0,28,0.0,0.0,0.0,890.88,0.0,203,0
2023-07-06,-0.0020232166493339143,-0.0014730428570110937,-0.0005501737923228206,1.4050580635100016,1.237158187134749,1.1189673948504266,2810116.12702,25235.127019999967,2784881.0,0.008980101134382894,0,28,0.0,0.0,0.0,3008.0,0.0,203,0
2023-07-07,0.006948111436485549,0.00877697322452081,-0.0018288617880352614,1.4148205635100017,1.2480166914177275,1.1169209581399273,2829641.12702,25235.127019999967,2804406.0,0.008918136925220626,0,28,0.0,0.0,0.0,0.0,0.0,203,0
2023-07-10,0.00620856116072277,0.007959441551431804,-0.0017508803907090344,1.4236045635100019,1.2579502073282784,1.114965363136348,2847209.12702,25235.127019999967,2821974.0,0.008863109766163202,0,28,0.0,0.0,0.0,0.0,0.0,203,0
2023-07-11,-0.0007670669425978716,-0.001732779224155257,0.0009657122815573853,1.4225125635100018,1.2557704573439983,1.11604209888104,2845025.12702,25235.127019999967,2819790.0,0.008869913583656925,0,28,0.0,0.0,0.0,0.0,0.0,203,0
2023-07-12,-0.008757743389809058,-0.004226930404127329,-0.004530812985681729,1.4100545635100017,1.250462403017246,1.1109855208468624,2820109.12702,25235.127019999967,2794874.0,0.008948280326536811,0,28,0.0,0.0,0.0,0.0,0.0,203,0
2023-07-13,0.01117935462068953,0.005713914379098205,0.005465440241591325,1.4258180635100015,1.257607438122368,1.117057545820324,2851636.12702,30419.127019999967,2821217.0,0.010667254048218411,0,28,0.0,0.0,0.0,5184.0,0.0,203,0
2023-07-14,-0.00214979742398147,-0.004929221704040104,0.0027794242800586342,1.4227528435100014,1.251408412243213,1.1201623226853998,2845505.68702,39777.68701999997,2805728.0,0.013979127577024021,0,28,0.0,0.0,0.0,9358.560000000001,0.0,203,0
2023-07-17,7.344915912610439e-05,-0.0005836695560511309,0.0006571187151772353,1.4228573435100016,1.2506780032508003,1.1208984023116728,2845714.68702,39777.68701999997,2805937.0,0.013978100897266938,0,28,0.0,0.0,0.0,0.0,0.0,203,0
2023-07-18,0.0034174191967866197,-0.0016863820047625204,0.00510380120154914,1.4277198435100016,1.2485688823723657,1.1266192449242056,2855439.68702,39777.68701999997,2815662.0,0.01393049455774457,0,28,0.0,0.0,0.0,0.0,0.0,203,0
2023-07-19,0.00434994304255909,0.0014192047457276722,0.002930738296831418,1.4339303435100015,1.2503408572555965,1.1299210710912522,2867860.68702,43957.68701999997,2823903.0,0.01532769259641984,0,28,0.0,0.0,0.0,4180.0,0.0,203,0
2023-07-20,-0.010168555303954552,-0.011105276022666593,0.0009367207187120415,1.4193493435100015,1.2364554769133556,1.1309794915690528,2838698.68702,43957.68701999997,2794741.0,0.015485154243737552,0,28,0.0,0.0,0.0,0.0,0.0,203,0
2023-07-21,0.003872901358030756,0.002889936209452196,0.0009829651485785598,1.4248463435100014,1.2400287543674628,1.1320912049930223,2849692.68702,43957.68701999997,2805735.0,0.015425413140238535,0,28,0.0,0.0,0.0,0.0,0.0,203,0
2023-07-24,0.011170678208564544,0.0022710130207696574,0.008899665187794887,1.4407628435100015,1.24284487581476,1.1421664376795073,2881525.68702,43957.68701999997,2837568.0,0.01525500439507096,0,28,0.0,0.0,0.0,0.0,0.0,203,0
2023-07-25,-0.00014610315705199106,0.007048352308668639,-0.00719445546572063,1.4405523435100014,1.251604884364526,1.1339491721091814,2881104.68702,43957.68701999997,2837147.0,0.01525723352505685,0,28,0.0,0.0,0.0,0.0,0.0,203,0
2023-07-26,0.00241178324109681,-0.0011309028366736024,0.0035426860777704123,1.4440266435100015,1.2501894408504035,1.1379663980541117,2888053.28702,47711.28701999997,2840342.0,0.016520223928842472,0,28,0.0,0.0,0.0,3753.6,0.0,203,0
2023-07-27,0.0012551707464305562,-0.0009141290295389102,0.002169299775969466,1.4458391435100015,1.2490466063900991,1.1404349883064713,2891678.28702,47711.28701999997,2843967.0,0.01649951422126163,0,28,0.0,0.0,0.0,0.0,0.0,203,0
2023-07-28,0.014933542294050195,0.011666637563984124,0.003266904730066071,1.4674306435100015,1.2636187804473769,1.1441606807641025,2934861.28702,51563.28701999997,2883298.0,0.017569241601996223,0,28,0.0,0.0,0.0,3852.0,0.0,203,0
2023-07-31,0.008291022171172946,0.00909652435396015,-0.0008055021827872034,1.4795971435100015,1.275113319457838,1.1432390568382877,2959194.28702,51563.28701999997,2907631.0,0.017424772427472406,0,28,0.0,0.0,0.0,0.0,0.0,203,0
2023-08-01,0.005006768249380622,0.00858936769343673,-0.0035825994440561084,1.4870051435100016,1.2860657366094599,1.1391432892288356,2974010.28702,51563.28701999997,2922447.0,0.01733796525353216,0,28,0.0,0.0,0.0,0.0,0.0,203,0
2023-08-02,-0.010110590447933387,-0.009710798308705462,-0.00039979213922792557,1.4719706435100015,1.2735770116295086,1.1386878686963477,2943941.28702,51563.28701999997,2892378.0,0.01751505277885308,0,28,0.0,0.0,0.0,0.0,0.0,203,0
2023-08-03,0.003032669176985303,0.003206575227595603,-0.00017390605061029995,1.4764346435100015,1.277660832125435,1.138489843986225,2952869.28702,51563.28701999997,2901306.0,0.017462096018492242,0,28,0.0,0.0,0.0,0.0,0.0,203,0
2023-08-04,-0.00483326507635673,-0.005000247918972,0.0001669828426152705,1.4692986435100015,1.2712722112084478,1.1386799522566624,2938597.28702,51563.28701999997,2887034.0,0.017546904860954848,0,28,0.0,0.0,0.0,0.0,0.0,203,0
2023-08-07,-0.009155728863849855,-0.006907206726458231,-0.0022485221373916234,1.4558461435100016,1.2624912712400294,1.1361196051766094,2911692.28702,51563.28701999997,2860129.0,0.01770904406686907,0,28,0.0,0.0,0.0,0.0,0.0,203,0
2023-08-08,0.0003523724002614248,-0.003179713459806597,0.003532085860068022,1.4563591435100016,1.258476910751979,1.1401324771693997,2912718.28702,51563.28701999997,2861155.0,0.017702806086596974,0,28,0.0,0.0,0.0,0.0,0.0,203,0
2023-08-09,-0.00653307258885949,-0.007319481940137847,0.0007864093512783572,1.4468446435100015,1.2492655117316496,1.141029088011142,2893689.28702,51563.28701999997,2842126.0,0.01781922034659818,0,28,0.0,0.0,0.0,0.0,0.0,203,0
2023-08-10,0.010337322716083674,0.011382066639105742,-0.0010447439230220675,1.4618011435100013,1.2634847350361158,1.139837004805451,2923602.28702,51563.28701999997,2872039.0,0.017636901998923368,0,28,0.0,0.0,0.0,0.0,0.0,203,0
2023-08-11,-0.017579272060423312,-0.021751415362018765,0.004172143301595453,1.436103743510001,1.236002153760775,1.1445925681299607,2872207.48702,53702.487019999964,2818505.0,0.01869728676033704,0,28,0.0,0.0,0.0,2139.2,0.0,203,0
2023-08-14,0.0026947913878012653,0.0014680538914405856,0.0012267374963606797,1.4399737435100008,1.2378166715324326,1.1459966827513415,2879947.48702,53702.487019999964,2826245.0,0.018647036885928826,0,28,0.0,0.0,0.0,0.0,0.0,203,0
2023-08-15,0.00896995522190247,0.0032885590126214125,0.005681396209281058,1.4528902435100008,1.2418873047035737,1.1525075439605736,2905780.48702,53702.487019999964,2852078.0,0.018481260804072,0,28,0.0,0.0,0.0,0.0,0.0,203,0
2023-08-16,-0.003369972385643738,-0.004871274295363794,0.0015013019097200563,1.447994043510001,1.2358377309984325,1.1542378057372884,2895988.08702,54744.08701999996,2841244.0,0.018903422726552776,0,28,0.0,0.0,0.0,1041.6,0.0,203,0
2023-08-17,-0.000772102623633697,0.002514654029049139,-0.0032867566526828358,1.446876043510001,1.2389454353279385,1.1504441069505034,2893752.08702,54744.08701999996,2839008.0,0.018918029386676208,0,28,0.0,0.0,0.0,0.0,0.0,203,0
2023-08-18,0.004910925183862158,0.0015315365470089343,0.003379388636853224,1.4539815435100012,1.2408429255418933,1.1543319046928666,2907963.08702,54744.08701999996,2853219.0,0.018825578379710516,0,28,0.0,0.0,0.0,0.0,0.0,203,0
2023-08-21,-0.0035536902260303593,-0.0025012243714058126,-0.0010524658546245467,1.4488145435100013,1.2377392989754414,1.1531170097782737,2897629.08702,54744.08701999996,2842885.0,0.018892717244324828,0,28,0.0,0.0,0.0,0.0,0.0,203,0
2023-08-22,0.0013007185829556622,-0.0009941143154210495,0.0022948328983767117,1.4506990435100011,1.2365088446195707,1.1557632206279906,2901398.08702,54744.08701999996,2846654.0,0.018868175058399907,0,28,0.0,0.0,0.0,0.0,0.0,203,0
2023-08-23,-0.004495074308605296,-0.008682847158322403,0.004187772849717107,1.4441780435100011,1.2257724273118251,1.160603294464038,2888356.08702,54744.08701999996,2833612.0,0.01895337187336933,0,28,0.0,0.0,0.0,0.0,0.0,203,0
2023-08-24,-0.013092568527108384,-0.01080652216006957,-0.002286046367038814,1.4252700435100012,1.2125260904128776,1.1579501015191553,2850540.08702,54744.08701999996,2795796.0,0.019204812193057176,0,28,0.0,0.0,0.0,0.0,0.0,203,0
2023-08-25,0.006845720250999943,0.004263673252389104,0.0025820469986108383,1.4350270435100012,1.2176959054723948,1.160939983103324,2870054.08702,54744.08701999996,2815310.0,0.019074235314095137,0,28,0.0,0.0,0.0,0.0,0.0,203,0
2023-08-28,0.011593509735751573,0.010350411734072579,0.0012430980016789935,1.4516640435100012,1.2302995594609283,1.162383145276389,2903328.08702,54744.08701999996,2848584.0,0.018855632356792905,0,28,0.0,0.0,0.0,0.0,0.0,203,0
2023-08-29,-0.008317006992063614,0.002366229905778545,-0.010683236897842159,1.4395905435100012,1.233210731071591,1.1499651307693426,2879181.08702,54744.08701999996,2824437.0,0.019013770014952757,0,28,0.0,0.0,0.0,0.0,0.0,203,0
2023-08-30,-0.019747629024212565,-0.015557825449048665,-0.0041898035751639,1.4111620435100012,1.2140246537756854,1.1451470027531314,2822324.08702,54744.08701999996,2767580.0,0.019396811043696425,0,28,0.0,0.0,0.0,0.0,0.0,203,0
2023-08-31,-0.002507507919642382,-0.0044630369112630885,0.0019555289916207063,1.407623543510001,1.208606416934701,1.1473863709166827,2815247.08702,54744.08701999996,2760503.0,0.019445570966897887,0,28,0.0,0.0,0.0,0.0,0.0,203,0
2023-09-01,0.006832792790618436,0.0023776762948940137,0.004455116495724422,1.417241543510001,1.2114800917621034,1.1524981108647232,2834483.08702,54744.08701999996,2779739.0,0.019313605105174398,0,28,0.0,0.0,0.0,0.0,0.0,203,0
2023-09-04,0.014959694130537216,0.01472884769089863,0.00023084643963858578,1.438443043510001,1.2293237975142233,1.1527641609503065,2876886.08702,54744.08701999996,2822142.0,0.019028938012872868,0,28,0.0,0.0,0.0,0.0,0.0,203,0
2023-09-05,-0.0075060323373346005,-0.002287516493772095,-0.005218515843562505,1.427646043510001,1.2265116990512228,1.1467484429124963,2855292.08702,54744.08701999996,2800548.0,0.019172850045311846,0,28,0.0,0.0,0.0,0.0,0.0,203,0
2023-09-06,-0.0036672255169972745,-0.004620086960669194,0.0009528614436719197,1.4224105435100007,1.220845108343328,1.1478411352893385,2844821.08702,54744.08701999996,2790077.0,0.019243420006192852,0,28,0.0,0.0,0.0,0.0,0.0,203,0
2023-09-07,-0.003133764735039457,-0.011489132816024174,0.008355368080984717,1.4179530435100007,1.2068186567457782,1.1574317704731762,2835906.08702,54744.08701999996,2781162.0,0.0193039139309178,0,28,0.0,0.0,0.0,0.0,0.0,203,0
2023-09-08,0.0017341900080929396,0.005126683154127439,-0.0033924931460344995,1.4204120435100007,1.2130056336234034,1.1535051911248435,2840824.08702,54744.08701999996,2786080.0,0.019270495230637823,0,28,0.0,0.0,0.0,0.0,0.0,203,0
2023-09-11,0.0101143186342596,0.006653620460861488,0.0034606981733981126,1.4347785435100007,1.2210765127264205,1.1574971244327743,2869557.08702,54744.08701999996,2814813.0,0.019077538923210978,0,28,0.0,0.0,0.0,0.0,0.0,203,0
2023-09-12,-0.0003774101602295188,0.0005264580911933266,-0.0009038682514228454,1.4342370435100007,1.2217193583365114,1.1564508995308862,2868474.08702,54744.08701999996,2813730.0,0.0190847416986334,0,28,0.0,0.0,0.0,0.0,0.0,203,0
2023-09-13,0.0026948125607892948,0.0024378510879827643,0.00025696147280653047,1.4381020435100007,1.2246977282034417,1.1567480628572582,2876204.08702,54744.08701999996,2821460.0,0.019033450118179772,0,28,0.0,0.0,0.0,0.0,0.0,203,0
2023-09-14,0.010874749862554767,0.005639629235981796,0.005235120626572971,1.4537410435100009,1.2316045693166582,1.1628037785008707,2907482.08702,54744.08701999996,2852738.0,0.01882869279380822,0,28,0.0,0.0,0.0,0.0,0.0,203,0
2023-09-15,-0.0004866753973539195,-0.005532536215859128,0.005045860818505208,1.453033543510001,1.2247906724332962,1.1686711245264179,2906067.08702,54744.08701999996,2851323.0,0.018837860717158043,0,28,0.0,0.0,0.0,0.0,0.0,203,0
2023-09-18,-0.0037490531614575717,-0.0003038331882774581,-0.0034452199731801136,1.447586043510001,1.2244185403783183,1.1646447954261205,2895172.08702,54744.08701999996,2840428.0,0.01890875062848096,0,28,0.0,0.0,0.0,0.0,0.0,203,0
2023-09-19,0.008873047690385105,0.003180225130498907,0.005692822559886198,1.4604305435100011,1.2283124669906782,1.1712749115917764,2920861.08702,54744.08701999996,2866117.0,0.018742447993599195,0,28,0.0,0.0,0.0,0.0,0.0,203,0
2023-09-20,-0.004038535092415141,-0.0054378624286536064,0.0013993273362384656,1.4545325435100012,1.2216330727757827,1.1729139085938172,2909065.08702,54744.08701999996,2854321.0,0.018818446951999596,0,28,0.0,0.0,0.0,0.0,0.0,203,0
2023-09-21,-0.001848016403616204,-0.006673319533725693,0.004825303130109489,1.4518445435100011,1.2134807249281827,1.1785735737483038,2903689.08702,54744.08701999996,2848945.0,0.018853288137740242,0,28,0.0,0.0,0.0,0.0,0.0,203,0
2023-09-22,-0.001156459903028484,0.005466543801554059,-0.006623003704582543,1.4501655435100012,1.220114270463344,1.1707678766032457,2900331.08702,54744.08701999996,2845587.0,0.018875116453083228,0,28,0.0,0.0,0.0,0.0,0.0,203,0
2023-09-25,0.0030189656757417804,-0.003565401540561816,0.006584367216303596,1.4545435435100014,1.2157640731637727,1.1784766422278534,2909087.08702,54744.08701999996,2854343.0,0.018818304637307545,0,28,0.0,0.0,0.0,0.0,0.0,203,0
2023-09-26,-0.0008177823244325255,-0.00239843503829178,0.0015806527138592544,1.4533540435100014,1.2128481420124004,1.1803394045306106,2906708.08702,54744.08701999996,2851964.0,0.018833706509594643,0,28,0.0,0.0,0.0,0.0,0.0,203,0
2023-09-27,-0.006970084161691981,-0.002838575594873452,-0.004131508566818529,1.4432240435100014,1.2094053808761964,1.1754628221690389,2886448.08702,54744.08701999996,2831704.0,0.018965900431806605,0,28,0.0,0.0,0.0,0.0,0.0,203,0
2023-09-28,0.0030255177771154607,0.004976437413812029,-0.0019509196366965685,1.4475905435100014,1.2154239110620542,1.1731695886670626,2895181.08702,54744.08701999996,2840437.0,0.018908691848477037,0,28,0.0,0.0,0.0,0.0,0.0,203,0
2023-10-09,-0.004493023755342884,-0.003935327046837257,-0.0005576967085056273,1.4410864848100011,1.210640820471479,1.172515315848944,2882172.9696199996,20047.96961999983,2862125.0,0.006955852348668392,28,28,1057187.0,1023183.0,692.1173999999999,0.0,0.0,203,1
2023-10-10,-0.007929780842755307,-0.00736963567333746,-0.0005601451694178475,1.4296589848100012,1.2017188386933337,1.171858537058703,2859317.9696199996,20047.96961999983,2839270.0,0.007011451623431787,0,28,0.0,0.0,0.0,0.0,0.0,203,0
2023-10-11,-0.00974987752191303,-0.007581290714655068,-0.002168586807257963,1.4157199848100013,1.1926082588199218,1.1693172600952648,2831439.9696199996,20047.96961999983,2811392.0,0.007080485489752557,0,28,0.0,0.0,0.0,0.0,0.0,203,0
2023-10-12,0.01101736230847461,0.008762966317121791,0.0022543959913528186,1.4313174848100012,1.2030590448214822,1.1719533642390432,2862634.9696199996,20047.96961999983,2842587.0,0.007003327295572406,0,28,0.0,0.0,0.0,0.0,0.0,203,0
2023-10-13,-0.0075500370216147195,-0.007261898832260111,-0.00028813818935460866,1.4205109848100013,1.194322551748753,1.1716156797186634,2841021.9696199996,20047.96961999983,2820974.0,0.007056604923995481,0,28,0.0,0.0,0.0,0.0,0.0,203,0
2023-10-16,0.006114701042710946,0.004188974717038837,0.001925726325672109,1.4291969848100012,1.199325538722018,1.1738718908766677,2858393.9696199996,20047.96961999983,2838346.0,0.00701371813440575,0,28,0.0,0.0,0.0,0.0,0.0,203,0
2023-10-17,0.001624688566152166,0.0008017633749434419,0.000822925191208724,1.4315189848100012,1.2002871140135998,1.1748378996269218,2863037.9696199996,20047.96961999983,2842990.0,0.007002341510217806,0,28,0.0,0.0,0.0,0.0,0.0,203,0
2023-10-18,-0.011797608120608705,-0.01654969401910701,0.004752085898498307,1.414630484810001,1.1804227295415977,1.1804208302427603,2829260.9696199996,20047.96961999983,2809213.0,0.007085938637428872,0,28,0.0,0.0,0.0,0.0,0.0,203,0
2023-10-19,-0.01584548066840974,-0.012513185055633069,-0.0033322956127766704,1.3922149848100012,1.1656518814829682,1.1764873190889122,2784429.9696199996,20047.96961999983,2764382.0,0.007200026518438832,0,28,0.0,0.0,0.0,0.0,0.0,203,0
2023-10-20,-0.002572519358774783,-0.0006073010579329189,-0.001965218300841864,1.388633484810001,1.1649439798621621,1.1741752646787305,2777266.9696199996,20047.96961999983,2757219.0,0.007218596497672277,0,28,0.0,0.0,0.0,0.0,0.0,203,0
2023-10-23,-0.01837921977194157,-0.020736995203597737,0.0023577754316561686,1.363111484810001,1.1407865421393004,1.1769437062702484,2726222.9696199996,20047.96961999983,2706175.0,0.007353752735343675,0,28,0.0,0.0,0.0,0.0,0.0,203,0
2023-10-24,0.013234794219721957,0.017458965982685388,-0.004224171762963431,1.3811519848100011,1.1607034955720157,1.171972093899624,2762303.9696199996,20047.96961999983,2742256.0,0.007257698588022432,0,28,0.0,0.0,0.0,0.0,0.0,203,0
2023-10-25,0.011849528639855889,0.010646067887825213,0.0012034607520306755,1.397517984810001,1.1730604237835114,1.1733825163171074,2795035.9696199996,20047.96961999983,2774988.0,0.007172705409843244,0,28,0.0,0.0,0.0,0.0,0.0,203,0
2023-10-26,0.007897572782578965,0.011741698316436408,-0.003844125533857443,1.408554984810001,1.1868341453865285,1.1688718866251508,2817109.9696199996,20047.96961999983,2797062.0,0.007116502314854291,0,28,0.0,0.0,0.0,0.0,0.0,203,0
2023-10-27,0.003963281561743859,0.009016126880201042,-0.005052845318457183,1.4141374848100008,1.1975347926270885,1.1629657577849408,2828274.9696199996,20047.96961999983,2808227.0,0.007088408954343441,0,28,0.0,0.0,0.0,0.0,0.0,203,0
2023-10-30,-0.007071801792555954,-0.004527310101330441,-0.002544491691225513,1.404136984810001,1.1921131812637331,1.1600066010770773,2808273.9696199996,20047.96961999983,2788226.0,0.007138893796288904,0,28,0.0,0.0,0.0,0.0,0.0,203,0
2023-10-31,0.001264833858243719,-0.001282732711154799,0.002547566569398518,1.405912984810001,1.1905840186907273,1.162961795114263,2811825.9696199996,20047.96961999983,2791778.0,0.007129875688113509,0,28,0.0,0.0,0.0,0.0,0.0,203,0
2023-11-01,0.00046588943062397803,0.0015185796574688707,-0.0010526902268448927,1.406567984810001,1.1923920153620184,1.1617375565983523,2813135.9696199996,20047.96961999983,2793088.0,0.007126555501228731,0,28,0.0,0.0,0.0,0.0,0.0,203,0
2023-11-02,0.00031743933092598375,-0.0022938224113051827,0.0026112617422311664,1.407014484810001,1.1896568798341198,1.1647711574344106,2814028.9696199996,20047.96961999983,2793981.0,0.007124293970117537,0,28,0.0,0.0,0.0,0.0,0.0,203,0
2023-11-03,-0.005874495315601691,0.00013564541713244276,-0.0060101407327341335,1.398748984810001,1.1898182513378293,1.1577707188568003,2797497.9696199996,20047.96961999983,2777450.0,0.007166392911707121,0,28,0.0,0.0,0.0,0.0,0.0,203,0
2023-11-06,0.0013447730939768476,0.0044525106669927915,-0.003107737573015944,1.400629984810001,1.1951159297936937,1.1541726712928713,2801259.9696199996,20047.96961999983,2781212.0,0.007156768681744095,0,28,0.0,0.0,0.0,0.0,0.0,204,0
2023-11-07,0.0002602400376638947,-0.00039565679088574,0.0006558968285496347,1.400994484810001,1.1946430740601752,1.154929689487571,2801988.9696199996,20047.96961999983,2781941.0,0.007154906688557984,0,28,0.0,0.0,0.0,0.0,0.0,204,0
2023-11-08,-0.005519650565254497,-0.003796035893025746,-0.001723614672228751,1.3932614848100011,1.1901081660716881,1.1529390357293776,2786522.9696199996,20047.96961999983,2766475.0,0.007194618468454178,0,28,0.0,0.0,0.0,0.0,0.0,204,0
2023-11-09,0.00036855967497739783,0.0008020094209123257,-0.0004334497459349279,1.3937749848100012,1.1910626440327823,1.1524392945972621,2787549.9696199996,20047.96961999983,2767502.0,0.007191967799139679,0,28,0.0,0.0,0.0,0.0,0.0,204,0
2023-11-10,0.0007802550711930589,0.006266403819226152,-0.005486148748033093,1.3948624848100013,1.198526323534287,1.1461168412040232,2789724.9696199996,20047.96961999983,2769677.0,0.0071863606048343355,0,28,0.0,0.0,0.0,0.0,0.0,204,0
2023-11-13,0.004360644913916856,0.0030410122958872193,0.0013196326180296364,1.4009449848100015,1.2021710568210993,1.1476292943717492,2801889.9696199996,20047.96961999983,2781842.0,0.007155159494974313,0,28,0.0,0.0,0.0,0.0,0.0,204,0
2023-11-14,-0.0013483755754022386,-0.0019275048860842967,0.000579129310682058,1.3990559848100015,1.1998538662351674,1.1482939201339173,2798111.9696199996,20047.96961999983,2778064.0,0.007164820363754944,0,28,0.0,0.0,0.0,0.0,0.0,204,0
2023-11-15,2.5016868788751978e-05,0.0030367469803621806,-0.0030117301115734287,1.3990909848100015,1.2034975188403332,1.1448355687577132,2798181.9696199996,20047.96961999983,2778134.0,0.007164641126867956,0,28,0.0,0.0,0.0,0.0,0.0,204,0
2023-11-16,-0.002135315024137441,-0.004433929685896489,0.0022986146617590486,1.3961034848100013,1.1981612954646443,1.147467104581363,2792206.9696199996,20047.96961999983,2772159.0,0.007179972630298326,0,28,0.0,0.0,0.0,0.0,0.0,204,0
2023-11-17,-0.004143675639336486,0.0003784040436414972,-0.004522079682977983,1.3903184848100014,1.1986146845437828,1.14227816690085,2780636.9696199996,20047.96961999983,2760589.0,0.007209847901410724,0,28,0.0,0.0,0.0,0.0,0.0,204,0
2023-11-20,0.0036412520262878445,0.003928174649306961,-0.00028692262301911655,1.3953809848100014,1.2033230523618947,1.1419504214529852,2790761.9696199996,20047.96961999983,2770714.0,0.007183690274641959,0,28,0.0,0.0,0.0,0.0,0.0,204,0
2023-11-21,0.002880575300764354,0.0005998932413486721,0.002280682059415682,1.3994004848100012,1.2040449177281658,1.1445548472919351,2798800.9696199996,20047.96961999983,2778753.0,0.007163056550863562,0,28,0.0,0.0,0.0,0.0,0.0,204,0
2023-11-22,-0.00121552051643814,-0.0031806057074544257,0.001965085191016286,1.3976994848100013,1.2002153255908081,1.1468039950726543,2795398.9696199996,20047.96961999983,2775351.0,0.007171773989286798,0,28,0.0,0.0,0.0,0.0,0.0,204,0
2023-11-23,0.0049216588220573065,0.006646656793036474,-0.0017249979709791675,1.4045784848100014,1.2081927449377527,1.1448257605080432,2809156.9696199996,20047.96961999983,2789109.0,0.007136649833672968,0,28,0.0,0.0,0.0,0.0,0.0,204,0
2023-11-24,0.00044995705603834146,-0.00335890808572535,0.0038088651417636913,1.4052104848100013,1.2041345365576666,1.1491862474406354,2810420.9696199996,20047.96961999983,2790373.0,0.007133440091969759,0,28,0.0,0.0,0.0,0.0,0.0,204,0
2023-11-27,-0.002360856281575896,-0.0029999658655132295,0.0006391095839373335,1.4018929848100012,1.200522174050508,1.1499207033851035,2803785.9696199996,20047.96961999983,2783738.0,0.007150320972152148,0,28,0.0,0.0,0.0,0.0,0.0,204,0
2023-11-28,0.0014947645952334554,0.003407190152053934,-0.0019124255568204788,1.4039884848100015,1.2046125813792554,1.1477215656436328,2807976.9696199996,20047.96961999983,2787929.0,0.007139648877787235,0,28,0.0,0.0,0.0,0.0,0.0,204,0
2023-11-29,-0.006236518386534273,-0.00656535992992999,0.00032884154339571717,1.3952324848100015,1.1967038662063785,1.1480989841746676,2790464.9696199996,20047.96961999983,2770417.0,0.007184454862635285,0,28,0.0,0.0,0.0,0.0,0.0,204,0
2023-11-30,0.005308075951950375,0.004009606240169242,0.0012984697117811332,1.4026384848100015,1.2015021774959542,1.149589755931745,2805276.9696199996,20047.96961999983,2785229.0,0.007146520588559036,0,28,0.0,0.0,0.0,0.0,0.0,204,0
2023-12-01,0.006255353817123055,0.004009701656068383,0.002245652161054672,1.4114124848100014,1.2063198427668294,1.1521713346514795,2822824.9696199996,20047.96961999983,2802777.0,0.007102094474776673,0,28,0.0,0.0,0.0,0.0,0.0,204,0
2023-12-04,0.00864913703922876,0.002308114973349739,0.006341022065879021,1.4236199848100015,1.2091041676585683,1.1594772785081777,2847239.9696199996,20047.96961999983,2827192.0,0.007041194221039081,0,28,0.0,0.0,0.0,0.0,0.0,204,0
2023-12-05,-0.009785968270078271,-0.012170682113141595,0.002384713843063324,1.4096884848100015,1.1943885451923213,1.1622423000249535,2819376.9696199996,20047.96961999983,2799329.0,0.0071107800893691515,0,28,0.0,0.0,0.0,0.0,0.0,204,0
2023-12-06,0.001518420575229884,0.0016505964148252866,-0.00013217583959540253,1.4118289848100016,1.196359998642924,1.1620886796731345,2823657.9696199996,20047.96961999983,2803610.0,0.007099999304341322,0,28,0.0,0.0,0.0,0.0,0.0,204,0
2023-12-07,-0.0015664078466965936,-0.0006020568663312878,-0.0009643509803653059,1.4096174848100016,1.195639721891137,1.1609680183156204,2819234.9696199996,20047.96961999983,2799187.0,0.007111138247090509,0,28,0.0,0.0,0.0,0.0,0.0,204,0
2023-12-08,0.0010364513889360438,-0.0008289718208869311,0.001865423209822975,1.4110784848100015,1.1946485702537561,1.1631337150028485,2822156.9696199996,20047.96961999983,2802109.0,0.007103775529076707,0,28,0.0,0.0,0.0,0.0,0.0,204,0
2023-12-11,0.011750940984854408,0.009483463984155832,0.0022674770006985753,1.4276599848100016,1.205977976943481,1.1657710939503545,2855319.9696199996,20047.96961999983,2835272.0,0.007021269011286295,0,28,0.0,0.0,0.0,0.0,0.0,204,0
2023-12-12,0.01382016741375991,0.006614798942875818,0.0072053684708840915,1.4473904848100017,1.2139552787904984,1.1741709042349726,2894780.9696199996,20047.96961999983,2874733.0,0.0069255566588278155,0,28,0.0,0.0,0.0,0.0,0.0,204,0
2023-12-13,0.0031425520947769847,0.0013180164196178925,0.0018245356751590922,1.4519389848100015,1.215555291780626,1.1763132209384832,2903877.9696199996,20047.96961999983,2883830.0,0.006903860916243425,0,28,0.0,0.0,0.0,0.0,0.0,204,0
2023-12-14,0.006557438087693379,0.008097990503385355,-0.0015405524156919762,1.4614599848100014,1.2253988469898054,1.1745010487643561,2922919.9696199996,20047.96961999983,2902872.0,0.00685888420770077,0,28,0.0,0.0,0.0,0.0,0.0,204,0
2023-12-15,-0.00032193833898308544,-0.006451381703634627,0.006129443364651542,1.4609894848100013,1.2174933312886804,1.181700086424481,2921978.9696199996,20047.96961999983,2901931.0,0.006861093056603021,0,28,0.0,0.0,0.0,0.0,0.0,204,0
2023-12-18,-0.008355980742453917,-0.009775744822117825,0.0014197640796639079,1.4487814848100014,1.2055914271593722,1.1833778217601223,2897562.9696199996,20047.96961999983,2877515.0,0.006918907312868171,0,28,0.0,0.0,0.0,0.0,0.0,204,0
2023-12-19,-0.011515194095807924,-0.00879554037821792,-0.0027196537175900037,1.4320984848100013,1.1949875990821586,1.1801594438678589,2864196.9696199996,20047.96961999983,2844149.0,0.0069995080061339655,0,28,0.0,0.0,0.0,0.0,0.0,204,0
2023-12-20,-0.006202785698204649,-0.0029811819694284987,-0.0032216037287761505,1.4232154848100014,1.1914251235980842,1.1763574378029438,2846430.9696199996,20047.96961999983,2826383.0,0.007043195438066866,0,28,0.0,0.0,0.0,0.0,0.0,204,0
2023-12-21,-7.799240605843583e-05,0.0012663276445946641,-0.0013443200506531,1.4231044848100014,1.192933858168561,1.1747760369125704,2846208.9696199996,20047.96961999983,2826161.0,0.0070437447966712205,0,28,0.0,0.0,0.0,0.0,0.0,204,0
2023-12-22,-0.006363201083727232,-0.0072251340049925596,0.0008619329212653272,1.4140489848100013,1.1843147511842003,1.175788615053899,2828097.9696199996,20047.96961999983,2808050.0,0.007088852591161683,0,28,0.0,0.0,0.0,0.0,0.0,204,0
2023-12-25,-0.006148655452108187,-0.0056691134366504935,-0.0004795420154576936,1.4053544848100012,1.1776007365150385,1.1752247750116838,2810708.9696199996,20047.96961999983,2790661.0,0.007132709162240394,0,28,0.0,0.0,0.0,0.0,0.0,204,0
2023-12-26,-0.0019632057461808072,-0.002490600488055274,0.0005273947418744668,1.4025954848100013,1.17466780354594,1.1758445823785455,2805190.9696199996,20047.96961999983,2785143.0,0.007146739682651834,0,28,0.0,0.0,0.0,0.0,0.0,204,0
2023-12-27,0.00578356346348774,0.004342414601875637,0.0014411488616121026,1.4107074848100012,1.179768698168411,1.1775391494598733,2821414.9696199996,20047.96961999983,2801367.0,0.007105643741126097,0,28,0.0,0.0,0.0,0.0,0.0,204,0
2023-12-28,-0.0009208145657318978,0.005224633565002154,-0.006145448130734052,1.409408484810001,1.1859325573078006,1.1703026436949588,2818816.9696199996,20047.96961999983,2798769.0,0.007112192751806253,0,28,0.0,0.0,0.0,0.0,0.0,204,0
2023-12-29,0.004878997163783261,0.004185775167168527,0.0006932219966147334,1.416284984810001,1.1908966043561162,1.1711139232302645,2832569.9696199996,20047.96961999983,2812522.0,0.007077660864522031,0,28,0.0,0.0,0.0,0.0,0.0,204,0
2024-01-02,0.010853190752468489,0.01344287310943117,-0.002589682356962681,1.431656195910001,1.206905676294928,1.1680811101652817,2863312.3918199996,21321.39181999961,2841991.0,0.007446407832030913,28,28,1127922.0,1129927.0,731.5778,0.0,0.0,204,1
2024-01-03,0.00975548461977116,0.00954023479663361,0.00021524982313755013,1.445622695910001,1.2184198398241715,1.1683325394176551,2891245.3918199996,21321.39181999961,2869924.0,0.007374466339080989,0,28,0.0,0.0,0.0,0.0,0.0,204,0
2024-01-04,0.003564208015395476,0.00019063742136175217,0.0033735705940337235,1.450775195910001,1.2186521162405717,1.1722739917166871,2901550.3918199996,21321.39181999961,2880229.0,0.007348275556443379,0,28,0.0,0.0,0.0,0.0,0.0,204,0
2024-01-05,0.00019127705021593222,-0.003337963601239066,0.0035292406514549983,1.4510526959100012,1.2145842998339877,1.1764112287428972,2902105.3918199996,21321.39181999961,2880784.0,0.00734687026877005,0,28,0.0,0.0,0.0,0.0,0.0,204,0
2024-01-08,-0.00924156651084973,-0.01565198035149417,0.00641041384064444,1.437642695910001,1.1955736502377527,1.1839525115659202,2875285.3918199996,21321.39181999961,2853964.0,0.007415400182763627,0,28,0.0,0.0,0.0,0.0,0.0,204,0
2024-01-09,0.0076729774591297595,0.005636405341429655,0.0020365721177001044,1.448673695910001,1.2023123879460254,1.1863637162396563,2897347.3918199996,21321.39181999961,2876026.0,0.007358935238554998,0,28,0.0,0.0,0.0,0.0,0.0,204,0
2024-01-10,-0.0034476362855906384,-0.006304936114179757,0.002857299828589119,1.443679195910001,1.194731885150739,1.1897535130827124,2887358.3918199996,21321.39181999961,2866037.0,0.0073843939430601885,0,28,0.0,0.0,0.0,0.0,0.0,204,0
2024-01-11,-0.0027447233507457147,0.002460501376340246,-0.0052052247270859605,1.4397166959100012,1.1976715245985101,1.183560578677277,2879433.3918199996,21321.39181999961,2858112.0,0.00740471784503514,0,28,0.0,0.0,0.0,0.0,0.0,204,0
2024-01-12,0.008712477972669275,0.008507827995519225,0.00020464997715004957,1.4522601959100012,1.2078611079249255,1.1838027943226588,2904520.3918199996,21321.39181999961,2883199.0,0.007340761621108615,0,28,0.0,0.0,0.0,0.0,0.0,204,0
2024-01-15,0.0043783476390164555,0.0004616407421619638,0.0039167068968544915,1.4586186959100014,1.2084187058232165,1.1884394028916978,2917237.3918199996,21321.39181999961,2895916.0,0.007308761323224939,0,28,0.0,0.0,0.0,0.0,0.0,204,0
2024-01-16,0.0021283835238812276,-0.0036580713936554795,0.005786454917536707,1.4617231959100014,1.2039982239238864,1.1953162539187547,2923446.3918199996,21321.39181999961,2902125.0,0.0072932385145348675,0,28,0.0,0.0,0.0,0.0,0.0,204,0
2024-01-17,-0.009531900457614317,-0.014127711363875814,0.004595810906261497,1.4477901959100015,1.1869884845336707,1.2008097013949464,2895580.3918199996,21321.39181999961,2874259.0,0.00736342595779155,0,28,0.0,0.0,0.0,0.0,0.0,204,0
2024-01-18,-0.013923978803661696,-0.013610930869322913,-0.00031304793433878375,1.4276311959100014,1.1708324663280005,1.2004337903983908,2855262.3918199996,21321.39181999961,2833941.0,0.007467401903615921,0,28,0.0,0.0,0.0,0.0,0.0,204,0
2024-01-19,-0.006599393475704041,-0.007149487210307687,0.0005500937346036459,1.4182096959100015,1.1624616145845754,1.2010941415052956,2836419.3918199996,21321.39181999961,2815098.0,0.007517009607778297,0,28,0.0,0.0,0.0,0.0,0.0,204,0
2024-01-22,-0.035810289653542826,-0.04149111547439194,0.005680825820849111,1.3674231959100014,1.1142297854992986,1.2079173481176295,2734846.3918199996,21321.39181999961,2713525.0,0.0077961935572588206,0,28,0.0,0.0,0.0,0.0,0.0,204,0
2024-01-23,0.008022388411145664,0.005669787780293567,0.002352600630852098,1.3783931959100015,1.1205472319215617,1.2107590952328282,2756786.3918199996,21321.39181999961,2735465.0,0.007734147224197326,0,28,0.0,0.0,0.0,0.0,0.0,204,0
2024-01-24,0.026353148076894373,0.022633223330674006,0.003719924746220366,1.4147181959100015,1.145908827674211,1.2152630279528962,2829436.3918199996,21321.39181999961,2808115.0,0.007535561457271317,0,28,0.0,0.0,0.0,0.0,0.0,204,0
2024-01-25,0.021150855404636015,0.031523893520963416,-0.0103730381163274,1.4446406959100015,1.1820323355425448,1.2026570582425773,2889281.3918199996,21321.39181999961,2867960.0,0.007379479160584274,0,28,0.0,0.0,0.0,0.0,0.0,204,0
2024-01-26,0.0172132766786941,0.014483645684012399,0.002729630994681702,1.4695076959100015,1.1991524730775889,1.2059398682247289,2939015.3918199996,21321.39181999961,2917694.0,0.007254603660580435,0,28,0.0,0.0,0.0,0.0,0.0,204,0
2024-01-29,0.0001997267525830626,-0.0071421384508137545,0.007341865203396817,1.4698011959100015,1.190587960091233,1.2147937161806368,2939602.3918199996,21321.39181999961,2918281.0,0.00725315501148401,0,28,0.0,0.0,0.0,0.0,0.0,204,0
2024-01-30,-0.014010738361966202,-0.013205303039246732,-0.0008054353227194694,1.4492081959100014,1.1748658852833498,1.2138152784118073,2898416.3918199996,21321.39181999961,2877095.0,0.007356221100658106,0,28,0.0,0.0,0.0,0.0,0.0,204,0
2024-01-31,-0.009774993020312595,-0.019477328672349845,0.00970233565203725,1.4350421959100013,1.1519826362897547,1.2255921216625296,2870084.3918199996,21321.39181999961,2848763.0,0.007428837939667387,0,28,0.0,0.0,0.0,0.0,0.0,204,0
2024-02-01,-0.010668327414785073,-0.018101662062681264,0.007433334647896191,1.4197326959100012,1.1311298359055608,1.234702358044672,2839465.3918199996,21321.39181999961,2818144.0,0.007508945832346748,0,28,0.0,0.0,0.0,0.0,0.0,204,0
2024-02-02,-0.008993594383494674,-0.024009118419625244,0.01501552403613057,1.4069641959100012,1.1039724057273328,1.2532420609793589,2813928.3918199996,21321.39181999961,2792607.0,0.007577091116454925,0,28,0.0,0.0,0.0,0.0,0.0,204,0
2024-02-05,-0.016651098917870866,-0.04300693953938315,0.026355840621512285,1.383536695910001,1.05649393122107,1.2862723089987065,2767073.3918199996,21321.39181999961,2745752.0,0.007705394400824257,0,28,0.0,0.0,0.0,0.0,0.0,204,0
2024-02-06,0.021617424451708,0.019685652124658642,0.001931772327049358,1.4134451959100012,1.077291703222901,1.28875709425028,2826890.3918199996,21321.39181999961,2805569.0,0.007542348257186067,0,28,0.0,0.0,0.0,0.0,0.0,204,0
2024-02-07,0.003813731169484358,-0.00434764920290516,0.008161380372389518,1.418835695910001,1.0726080168080876,1.2992751311040718,2837671.3918199996,21321.39181999961,2816350.0,0.007513693051796492,0,28,0.0,0.0,0.0,0.0,0.0,204,0
2024-02-08,0.00871031088069274,0.026249257009073403,-0.017538946128380663,1.4311941959100012,1.1007631803112756,1.2764872145736927,2862388.3918199996,21321.39181999961,2841067.0,0.0074488115871804445,0,28,0.0,0.0,0.0,0.0,0.0,204,0
2024-02-19,0.019911344024058586,0.02382224250638045,-0.0039108984823218625,1.4596911959100012,1.1269858277347455,1.2714950026635132,2919382.3918199996,21321.39181999961,2898061.0,0.007303391251430904,0,28,0.0,0.0,0.0,0.0,0.0,204,0
2024-02-20,0.006390392725623473,0.006055682267866004,0.00033471045775746843,1.4690191959100012,1.133810495827895,1.2719205853378912,2938038.3918199996,21321.39181999961,2916717.0,0.007257016068735523,0,28,0.0,0.0,0.0,0.0,0.0,204,0
2024-02-21,0.00489237990899638,0.010572862020105576,-0.005680482111109195,1.4762061959100012,1.1457981177572307,1.2646954632061278,2952412.3918199996,21321.39181999961,2931091.0,0.007221684842901011,0,28,0.0,0.0,0.0,0.0,0.0,204,0
2024-02-22,0.0067825890636015185,0.010017476689274525,-0.003234887625673007,1.4862186959100012,1.1572761236924782,1.2606043155019575,2972437.3918199996,21321.39181999961,2951116.0,0.007173033106996644,0,28,0.0,0.0,0.0,0.0,0.0,204,0
2024-02-23,0.0051260961936259175,0.011286562932500382,-0.006160466738874465,1.4938371959100012,1.1703377934928134,1.252838404545426,2987674.3918199996,21321.39181999961,2966353.0,0.007136450972828828,0,28,0.0,0.0,0.0,0.0,0.0,204,0
2024-02-26,-0.020010212680365513,-0.009854389640358582,-0.010155823040006931,1.4639451959100012,1.1588048288648978,1.240114799411138,2927890.3918199996,21321.39181999961,2906569.0,0.007282168717643173,0,28,0.0,0.0,0.0,0.0,0.0,204,0
2024-02-27,0.005007018036248034,0.010506637879474374,-0.00549961984322634,1.4712751959100012,1.1709799715747677,1.2332946394524178,2942550.3918199996,21321.39181999961,2921229.0,0.007245888423617479,0,28,0.0,0.0,0.0,0.0,0.0,204,0
2024-02-28,-0.008125604260327157,-0.02299679445523378,0.014871190194906622,1.4593201959100013,1.1440511858572673,1.2516351986020735,2918640.3918199996,21321.39181999961,2897319.0,0.0073052479777078886,0,28,0.0,0.0,0.0,0.0,0.0,204,0
2024-02-29,0.009364976951804493,0.019190611849472895,-0.009825634897668401,1.4729866959100013,1.1660062281009833,1.2393370881155388,2945973.3918199996,21321.39181999961,2924652.0,0.007237469245038707,0,28,0.0,0.0,0.0,0.0,0.0,204,0
2024-03-01,-0.0018781568140986415,-0.000627971269892192,-0.0012501855442064494,1.4702201959100012,1.1652740096892205,1.2377876868035778,2940440.3918199996,21321.39181999961,2919119.0,0.007251087925235116,0,28,0.0,0.0,0.0,0.0,0.0,204,0
2024-03-04,0.0026795305974978145,-8.215611565126079e-05,0.002761686713149075,1.4741596959100012,1.1651782753029152,1.2412060686119226,2948319.3918199996,21321.39181999961,2926998.0,0.007231710336117249,0,28,0.0,0.0,0.0,0.0,0.0,204,0
2024-03-05,0.004918056042445551,-0.0012989651155785713,0.006217021158024122,1.4814096959100012,1.1636647493698666,1.248922673001951,2962819.3918199996,21321.39181999961,2941498.0,0.007196318438736259,0,28,0.0,0.0,0.0,0.0,0.0,204,0
2024-03-06,0.0011316923364472764,0.008350009585510331,-0.007218317249063055,1.4830861959100012,1.1733813611814254,1.239907552928675,2966172.3918199996,21321.39181999961,2944851.0,0.007188183626413272,0,28,0.0,0.0,0.0,0.0,0.0,204,0
2024-03-07,0.002716969526863844,0.0035230496305500274,-0.0008060801036861836,1.4871156959100011,1.17751524195243,1.2389080881198489,2974231.3918199996,21321.39181999961,2952910.0,0.007168706469388909,0,28,0.0,0.0,0.0,0.0,0.0,204,0
2024-03-08,0.009406800048223474,0.0057159458636516815,0.0036908541845717922,1.5011046959100012,1.184245855329055,1.2434807172211857,3002209.3918199996,21321.39181999961,2980888.0,0.0071019003131804065,0,28,0.0,0.0,0.0,0.0,0.0,204,0
2024-03-11,-0.002022177405926917,0.010149370446485008,-0.012171547852411925,1.4980691959100012,1.196265205214504,1.2283456321679764,2996138.3918199996,21321.39181999961,2974817.0,0.007116290715479256,0,28,0.0,0.0,0.0,0.0,0.0,204,0
2024-03-12,-0.015086085517079018,-0.010225694557864462,-0.004860390959214556,1.475469195910001,1.1840325626157793,1.2223753921625966,2950938.3918199996,21321.39181999961,2929617.0,0.007225292089832341,0,28,0.0,0.0,0.0,0.0,0.0,204,0
2024-03-13,-0.0011765748853396207,-0.0010731596247147968,-0.00010341526062482395,1.473733195910001,1.1827619066752324,1.2222489798928347,2947466.3918199996,21321.39181999961,2926145.0,0.007233803201004132,0,28,0.0,0.0,0.0,0.0,0.0,204,0
2024-03-14,0.006468606411565325,0.0018660489443676916,0.004602557467197633,1.483266195910001,1.184968998282622,1.2278744510620152,2966532.3918199996,21321.39181999961,2945211.0,0.007187311312963182,0,28,0.0,0.0,0.0,0.0,0.0,204,0
2024-03-15,0.008200146429237387,0.010698853296786322,-0.0024987068675489353,1.495429195910001,1.1976468077564875,1.2248063527386586,2990858.3918199996,21321.39181999961,2969537.0,0.007128853669004737,0,28,0.0,0.0,0.0,0.0,0.0,204,0
2024-03-18,0.007544322413161497,0.008307838628896362,-0.0007635162157348645,1.5067111959100008,1.2075966641697413,1.2238711932272075,3013422.3918199996,21321.39181999961,2992101.0,0.007075474011833519,0,28,0.0,0.0,0.0,0.0,0.0,204,0
2024-03-19,-0.006237426273536073,-0.0066021744486153885,0.00036474817507931544,1.4973131959100008,1.1996239003293265,1.224317598011469,2994626.3918199996,21321.39181999961,2973305.0,0.0071198837618743575,0,28,0.0,0.0,0.0,0.0,0.0,204,0
2024-03-20,0.009276616300411433,0.00628998643076548,0.0029866298696459535,1.5112031959100007,1.20716951838442,1.2279741815196232,3022406.3918199996,21321.39181999961,3001085.0,0.007054442406456311,0,28,0.0,0.0,0.0,0.0,0.0,204,0
2024-03-21,0.0008410516887735753,0.0018690844373494924,-0.001028032748575917,1.5124741959100008,1.209425820144475,1.2267117838466155,3024948.3918199996,21321.39181999961,3003627.0,0.007048514241650027,0,28,0.0,0.0,0.0,0.0,0.0,204,0
2024-03-22,-0.007528062317221473,-0.008307923112337872,0.0007798607951163983,1.5010881959100009,1.1993780034206385,1.2276684482737448,3002176.3918199996,21321.39181999961,2980855.0,0.0071019783774510375,0,28,0.0,0.0,0.0,0.0,0.0,204,0
2024-03-25,0.0015025766015250852,-0.004077044972585122,0.005579621574110207,1.5033436959100008,1.1944880853615631,1.2345183736335874,3006687.3918199996,21321.39181999961,2985366.0,0.007091323121255186,0,28,0.0,0.0,0.0,0.0,0.0,204,0
2024-03-26,0.007861808335748455,0.006893115867419423,0.000968692468329032,1.5151626959100009,1.2027218301362124,1.23571424228414,3030325.3918199996,21321.39181999961,3009004.0,0.007036007379786394,0,28,0.0,0.0,0.0,0.0,0.0,204,0
2024-03-27,-0.007221666709150476,-0.01185582335528501,0.004634156646134533,1.5042206959100008,1.1884625725725724,1.2414407356527442,3008441.3918199996,21321.39181999961,2987120.0,0.007087188694442517,0,28,0.0,0.0,0.0,0.0,0.0,204,0
2024-03-28,0.0001462551343682783,0.005527129370860858,-0.00538087423649258,1.5044406959100007,1.195031358963607,1.2347606991821378,3008881.3918199996,21321.39181999961,2987560.0,0.007086152308284514,0,28,0.0,0.0,0.0,0.0,0.0,204,0
2024-03-29,0.014148115015677032,0.012379991237524356,0.001768123778152676,1.5257256959100005,1.2098258367161434,1.23694390893469,3051451.3918199996,21321.39181999961,3030130.0,0.006987295251418944,0,28,0.0,0.0,0.0,0.0,0.0,204,0
2024-04-01,-0.0008473742714470989,0.00830090264142419,-0.00914827691287129,1.5244328352100007,1.2198684831998037,1.2256280035300662,3048865.67042,22802.670419999937,3026063.0,0.00747906693339452,28,28,1119413.0,1121620.0,725.7214000000001,0.0,0.0,204,1
2024-04-02,0.0076766255158680075,0.008853220926706932,-0.0011765954108389244,1.536135335210001,1.2306682483830984,1.224185935245717,3072270.67042,22802.670419999937,3049468.0,0.007422090325421314,0,28,0.0,0.0,0.0,0.0,0.0,204,0
2024-04-03,0.0030482340277393494,0.0017407165611881418,0.0013075174665512076,1.5408178352100008,1.2328104929843875,1.225786579738357,3081635.67042,22802.670419999937,3058833.0,0.007399534811619095,0,28,0.0,0.0,0.0,0.0,0.0,204,0
2024-04-08,0.006439112900486155,0.0086887409365141,-0.0022496280360279446,1.5507393352100007,1.2435220639817453,1.2230290158823907,3101478.67042,22802.670419999937,3078676.0,0.007352193209477083,0,28,0.0,0.0,0.0,0.0,0.0,204,0
2024-04-09,-0.0015950456300671823,-0.001280304933340945,-0.00031474069672623724,1.5482658352100007,1.241929976548511,1.2226440788778155,3096531.67042,22802.670419999937,3073729.0,0.007363939028244166,0,28,0.0,0.0,0.0,0.0,0.0,204,0
2024-04-10,0.0015036177554639263,0.00104671558587779,0.0004569021695861363,1.5505938352100006,1.2432299240115332,1.2232027076100864,3101187.67042,22802.670419999937,3078385.0,0.007352883102657159,0,28,0.0,0.0,0.0,0.0,0.0,204,0
2024-04-11,0.008611539461068185,0.008999363571502576,-0.00038782411043439095,1.5639468352100006,1.2544182021006847,1.2227283201081267,3127893.67042,22802.670419999937,3105091.0,0.0072901040836653806,0,28,0.0,0.0,0.0,0.0,0.0,204,0
2024-04-12,-0.004373869907848604,-0.010193924271820823,0.0058200543639722185,1.5571063352100005,1.2416307579432766,1.2298446654035244,3114212.67042,22802.670419999937,3091410.0,0.00732213012829488,0,28,0.0,0.0,0.0,0.0,0.0,204,0
2024-04-15,0.015654036881631805,-0.004036415746924573,0.019690452628556378,1.5814813352100003,1.2366190200000484,1.2540608635281354,3162962.67042,22802.670419999937,3140160.0,0.007209275858121981,0,28,0.0,0.0,0.0,0.0,0.0,204,0
2024-04-16,-0.013731746000730571,-0.036704897132500275,0.022973151131769703,1.5597648352100004,1.1912290460788533,1.282870593274405,3119529.67042,22802.670419999937,3096727.0,0.007309650116881204,0,28,0.0,0.0,0.0,0.0,0.0,204,0
2024-04-17,0.018152095342108376,0.032445079005777824,-0.014292983663669448,1.5880778352100002,1.2298785665928589,1.264534544842132,3176155.67042,22802.670419999937,3153353.0,0.007179330230052804,0,28,0.0,0.0,0.0,0.0,0.0,204,0
2024-04-18,-0.007407067675901713,-0.009599882432929223,0.0021928147570275097,1.5763148352100003,1.218071876946788,1.2673074348528328,3152629.67042,22802.670419999937,3129827.0,0.007232904845738548,0,28,0.0,0.0,0.0,0.0,0.0,204,0
2024-04-19,0.0022045088470774576,0.00369444966824046,-0.0014899408211630025,1.5797898352100002,1.222571982188467,1.265419221772682,3159579.67042,22802.670419999937,3136777.0,0.007216994916595599,0,28,0.0,0.0,0.0,0.0,0.0,204,0
2024-04-22,-0.008095697107900368,-0.010407294740486432,0.0023115976325860637,1.5670003352100002,1.209848315228371,1.2683443618499606,3134000.67042,22802.670419999937,3111198.0,0.007275898386117467,0,28,0.0,0.0,0.0,0.0,0.0,204,0
2024-04-23,-0.009735479729782948,-0.004977666898024993,-0.004757812831757954,1.55174483521,1.2038260933180274,1.262309816770063,3103489.67042,22802.670419999937,3080687.0,0.007347429133512797,0,28,0.0,0.0,0.0,0.0,0.0,204,0
2024-04-24,0.006875808288774543,0.010228933097114527,-0.0033531248083399842,1.5624143352100002,1.2161399498871384,1.2580771344076402,3124828.67042,22802.670419999937,3102026.0,0.007297254609781563,0,28,0.0,0.0,0.0,0.0,0.0,204,0
2024-04-25,0.008902248069895258,0.006769135383498434,0.0021331126863968234,1.5763233352100001,1.2243721658532054,1.260760754703511,3152646.67042,22802.670419999937,3129844.0,0.007232865843783926,0,28,0.0,0.0,0.0,0.0,0.0,204,0
2024-04-26,-0.008647337570615865,-0.002566000379789837,-0.006081337190826028,1.5626923352100002,1.221230426410622,1.2530936434371984,3125384.67042,22802.670419999937,3102582.0,0.007295956442038744,0,28,0.0,0.0,0.0,0.0,0.0,204,0
2024-04-29,-0.002884444940593034,0.012034616496649785,-0.01491906143724282,1.55818483521,1.2359274662465138,1.2343986623841403,3116369.67042,22802.670419999937,3093567.0,0.00731706210480696,0,28,0.0,0.0,0.0,0.0,0.0,204,0
2024-04-30,0.008398875219598922,0.003225033716748283,0.00517384150285064,1.5712718352100001,1.2399133739966142,1.2407852454146466,3142543.67042,22802.670419999937,3119741.0,0.00725611886785725,0,28,0.0,0.0,0.0,0.0,0.0,204,0
2024-05-06,0.013026071963712527,0.02079645220230684,-0.007770380238594315,1.5917393352100002,1.2656991732139355,1.2311438722633372,3183478.67042,22802.670419999937,3160676.0,0.007162815517463968,0,28,0.0,0.0,0.0,0.0,0.0,204,0
2024-05-07,-0.005173585786213852,-0.004582379718236264,-0.0005912060679775883,1.5835043352100002,1.2598992589932116,1.2304160125355017,3167008.67042,22802.670419999937,3144206.0,0.007200065674899434,0,28,0.0,0.0,0.0,0.0,0.0,204,0
2024-05-08,-0.002820011224918928,-0.0004215219685808808,-0.0023984892563380473,1.5790388352100002,1.2593681837773472,1.227464872948609,3158077.67042,22802.670419999937,3135275.0,0.0072204273611064665,0,28,0.0,0.0,0.0,0.0,0.0,204,0
2024-05-09,0.008801873449902686,0.009991446166001608,-0.0011895727160989213,1.5929373352100005,1.2719510931887337,1.2260047142257797,3185874.67042,22802.670419999937,3163072.0,0.007157428580514066,0,28,0.0,0.0,0.0,0.0,0.0,204,0
2024-05-10,0.005005344418616886,0.011457735611083944,-0.006452391192467058,1.6009105352100004,1.2865247725247193,1.2180940522057861,3201821.07042,27393.070419999938,3174428.0,0.00855546572326312,0,28,0.0,0.0,0.0,4590.4,0.0,204,0
2024-05-13,0.012409188123303938,0.015883041721664486,-0.0034738535983605476,1.6207765352100005,1.3069586991626843,1.2138625717993896,3241553.07042,27393.070419999938,3214160.0,0.008450600630286978,0,28,0.0,0.0,0.0,0.0,0.0,204,0
2024-05-14,-0.0029294599822083933,-0.0035906724106299763,0.0006612124284215829,1.6160285352100006,1.302265838619768,1.214665192818259,3232057.07042,31929.070419999938,3200128.0,0.009878869625235551,0,28,0.0,0.0,0.0,4536.0,0.0,204,0
2024-05-15,-0.005191715255764118,-0.014302213762697242,0.009110498506933124,1.6076385752100006,1.28364055421997,1.2257313982438534,3215277.15042,34791.15041999994,3180486.0,0.010820575892020786,0,28,0.0,0.0,0.0,2862.08,0.0,204,0
2024-05-16,-0.0027736333705588034,-0.002893347491471666,0.00011971412091286255,1.6031795752100007,1.2799265360424665,1.2258781356006694,3206359.15042,34791.15041999994,3171568.0,0.010850671677077305,0,28,0.0,0.0,0.0,0.0,0.0,204,0
2024-05-17,0.00808923728853106,0.009288795044888463,-0.0011995577563574042,1.6161480752100008,1.2918155113082792,1.2244076239747608,3232296.15042,34791.15041999994,3197505.0,0.01076360234364021,0,28,0.0,0.0,0.0,0.0,0.0,204,0
2024-05-20,0.006963470843188491,0.01003044067185311,-0.003066969828664619,1.627402075210001,1.3047729901534366,1.2206524027340433,3254804.15042,34791.15041999994,3220013.0,0.01068916862955041,0,28,0.0,0.0,0.0,0.0,0.0,204,0
2024-05-21,0.003056097860363316,-0.0038455970978729217,0.006901694958236238,1.632375575210001,1.2997553589291195,1.229076973267752,3264751.15042,34791.15041999994,3229960.0,0.010656601013992803,0,28,0.0,0.0,0.0,0.0,0.0,204,0
2024-05-22,0.0015195645154644222,0.0003721978418058068,0.0011473666736586154,1.634856075210001,1.3002391250685885,1.2304871752262405,3269712.15042,34791.15041999994,3234921.0,0.010640432190806447,0,28,0.0,0.0,0.0,0.0,0.0,204,0
2024-05-23,-0.010308246857653969,-0.01716220575578876,0.0068539588981347925,1.618003575210001,1.2779241536724346,1.2389208837499233,3236007.15042,34791.15041999994,3201216.0,0.010751258820761386,0,28,0.0,0.0,0.0,0.0,0.0,204,0
2024-05-24,0.005548195404225131,0.013186199885313483,-0.007638004481088352,1.626980575210001,1.2947751170010295,1.2294580004881275,3253961.15042,34791.15041999994,3219170.0,0.010691937860262814,0,28,0.0,0.0,0.0,0.0,0.0,204,0
2024-05-27,0.015696868413259013,0.01296261672101423,0.0027342516922447824,1.652519075210001,1.3115587905826203,1.2328196481065061,3305038.15042,34791.15041999994,3270247.0,0.010526701610260905,0,28,0.0,0.0,0.0,0.0,0.0,204,0
2024-05-28,-0.0066670455822724906,0.005939717549062493,-0.012606763131334985,1.641501655210001,1.319349079347671,1.2172777828191716,3283003.31042,38343.310419999936,3244660.0,0.01167933955421282,0,28,0.0,0.0,0.0,3552.16,0.0,204,0
2024-05-29,0.0017974395521536124,-0.0036567824798190685,0.005454222031972681,1.644452155210001,1.314524506749547,1.2239170861212547,3288904.31042,38343.310419999936,3250561.0,0.011658384313134186,0,28,0.0,0.0,0.0,0.0,0.0,204,0
2024-05-30,-0.012984567494013333,-0.01980447579965243,0.006819908305639097,1.6230996552100012,1.2884910379675756,1.2322640884223066,3246199.31042,38343.310419999936,3207856.0,0.011811754841091072,0,28,0.0,0.0,0.0,0.0,0.0,204,0
2024-05-31,-0.0013406447306024694,-0.00368184922890232,0.0023412044982998505,1.6209236552100013,1.2837470082329872,1.235149070649214,3241847.31042,38343.310419999936,3203504.0,0.011827611466078684,0,28,0.0,0.0,0.0,0.0,0.0,204,0
2024-06-03,-0.010292588393275404,-0.017838287477727064,0.00754569908445166,1.6042401552100012,1.260847160051455,1.2444691338607732,3208480.31042,38343.310419999936,3170137.0,0.011950614219284604,0,28,0.0,0.0,0.0,0.0,0.0,204,0
2024-06-04,0.013914063880964278,0.01059006115475729,0.003324002726206988,1.6265616552100013,1.2741996085832021,1.2486057526544068,3253123.31042,38343.310419999936,3214780.0,0.011786614512024002,0,28,0.0,0.0,0.0,0.0,0.0,204,0
2024-06-05,-0.0064322799978026035,-0.016808336333861407,0.010376056336058804,1.6160991552100012,1.2527824330056612,1.2615613562854762,3232198.31042,38343.310419999936,3193855.0,0.011862920135929874,0,28,0.0,0.0,0.0,0.0,0.0,204,0
2024-06-06,-0.003255369562591204,-0.0135421424823349,0.010286772919743696,1.6108381552100013,1.2358170747985324,1.2745387514819089,3221676.31042,38343.310419999936,3183333.0,0.011901664452131517,0,28,0.0,0.0,0.0,0.0,0.0,204,0
2024-06-07,0.02034344660511711,0.02072805061042526,-0.00038460400530814995,1.6436081552100013,1.2614331536701842,1.2740485587731685,3287216.31042,45803.310419999936,3241413.0,0.013933768299582254,0,28,0.0,0.0,0.0,7460.0,0.0,204,0
2024-06-11,-0.019023999060168273,-0.011743391005102539,-0.007280608055065734,1.6123401552100012,1.2466196509198355,1.2647727105736197,3224680.31042,45803.310419999936,3178877.0,0.014203984894872963,0,28,0.0,0.0,0.0,0.0,0.0,204,0
2024-06-12,0.004856295351014284,0.007667606858356261,-0.002811311507341977,1.6201701552100012,1.2561782403049901,1.2612170404982121,3240340.31042,45803.310419999936,3194537.0,0.014135339511319135,0,28,0.0,0.0,0.0,0.0,0.0,204,0
2024-06-13,-0.010353850764412864,-0.007061891439371219,-0.003291959325041645,1.6033951552100012,1.247307245943456,1.2570651653008427,3206790.31042,49427.310419999936,3157363.0,0.01541332785601636,0,28,0.0,0.0,0.0,3624.0,0.0,204,0
2024-06-14,-0.0007779741606096513,0.0002677741431463449,-0.0010457483037559963,1.6021477552100012,1.2476412425724785,1.2557505915365186,3204295.5104199997,56900.51041999994,3147395.0,0.017757572681722407,0,28,0.0,0.0,0.0,7473.200000000001,0.0,204,0
2024-06-17,-0.006447283008954474,-0.012142730726841976,0.005695447717887502,1.591818255210001,1.2324914709202184,1.262902653377321,3183636.5104199997,56900.51041999994,3126736.0,0.017872803705374446,0,28,0.0,0.0,0.0,0.0,0.0,204,0
2024-06-18,0.009660901896096918,0.005419672846595574,0.004241229049501344,1.607196655210001,1.2391711714788254,1.2682589127975172,3214393.31042,58401.31041999994,3155992.0,0.018168688390024397,0,28,0.0,0.0,0.0,1500.8,0.0,204,0
2024-06-19,0.001372265175422438,-0.005007841090949817,0.006380106266372255,1.609402155210001,1.2329655991675732,1.276350539434439,3218804.31042,58401.31041999994,3160403.0,0.018143790298447673,0,28,0.0,0.0,0.0,0.0,0.0,204,0
2024-06-20,-0.002248785356900207,-0.011833133054039624,0.009584347697139417,1.6057829552100011,1.2183757531815695,1.28858352678781,3211565.91042,60522.91041999994,3151043.0,0.018845296066828943,0,28,0.0,0.0,0.0,2121.6000000000004,0.0,204,0
2024-06-21,0.0011321579881649058,0.0019317764589253303,-0.0007996184707604246,1.6076009552100012,1.220729382779691,1.287553151598673,3215201.91042,60522.91041999994,3154679.0,0.018823984342586395,0,28,0.0,0.0,0.0,0.0,0.0,204,0
2024-06-24,-0.010428583004797987,-0.014682342541880866,0.004253759537082879,1.5908359552100013,1.2028062158307808,1.2930300930967868,3181671.91042,60522.91041999994,3121149.0,0.019022360609146072,0,28,0.0,0.0,0.0,0.0,0.0,204,0
2024-06-25,0.004822810280892265,0.0008736059121927822,0.003949204368699482,1.5985082552100012,1.2038569944521529,1.2981365331893047,3197016.5104199997,64924.51041999994,3132092.0,0.020307843330928138,0,28,0.0,0.0,0.0,4401.6,0.0,204,0
2024-06-26,0.004390656086463496,0.009735767542651309,-0.005345111456187813,1.6055267552100012,1.2155774663047338,1.2911978487340587,3211053.5104199997,64924.51041999994,3146129.0,0.020219068355390918,0,28,0.0,0.0,0.0,0.0,0.0,204,0
2024-06-27,1.2394686002892286e-05,-0.009299948095907964,0.009312342781910857,1.6055466552100013,1.2042726589615445,1.3032219257007363,3211093.31042,74313.31041999994,3136780.0,0.02314268170870438,0,28,0.0,0.0,0.0,9388.8,0.0,204,0
2024-06-28,0.01564030040392428,0.01497136399153879,0.0006689364123854888,1.6306578872100015,1.222302263283916,1.3040936983002567,3261315.77442,81935.77441999994,3179380.0,0.025123532980970417,0,28,0.0,0.0,0.0,7622.464,0.0,204,0
2024-07-01,0.016361610463644816,0.019258591663780328,-0.002896981200135512,1.6573380763600016,1.2458420834622155,1.3003157633730658,3314676.15272,23808.152719999955,3290868.0,0.0071826482054553505,28,28,1310935.0,1253630.0,822.6216999999999,0.0,0.0,204,1
2024-07-02,0.012717381143074524,0.007891169651127936,0.004826211491946588,1.6784150763600016,1.2556732347013304,1.3065913622534162,3356830.15272,23808.152719999955,3333022.0,0.007092450805325521,0,28,0.0,0.0,0.0,0.0,0.0,204,0
2024-07-03,-0.0018469805494853997,-0.006987135359375914,0.005140154809890514,1.6753150763600018,1.2468996758433268,1.3133074441286647,3350630.15272,23808.152719999955,3326822.0,0.007105574663521962,0,28,0.0,0.0,0.0,0.0,0.0,204,0
2024-07-04,-0.0055338844202030835,-0.01394585979870483,0.008411975378501746,1.6660440763600017,1.2295105877809653,1.3243549540130781,3332088.15272,23808.152719999955,3308280.0,0.007145114903567375,0,28,0.0,0.0,0.0,0.0,0.0,204,0
2024-07-05,-0.007393982052932402,-0.0017940890934435064,-0.005599892959488895,1.6537253763600015,1.2273047362451541,1.316938708030236,3307450.7527199998,28413.752719999953,3279037.0,0.008590831684079618,0,28,0.0,0.0,0.0,4605.6,0.0,204,0
2024-07-08,-0.000487082082378798,-0.00949110363773701,0.009004021555358212,1.6529198763600015,1.215656259798366,1.3287964525444258,3305839.7527199998,28413.752719999953,3277426.0,0.008595018163424742,0,28,0.0,0.0,0.0,0.0,0.0,204,0
2024-07-09,0.019289803732177813,0.014657906448564599,0.004631897283613214,1.6848043763600016,1.2334752355281025,1.3349513012234413,3369608.7527199998,28413.752719999953,3341195.0,0.008432359601708636,0,28,0.0,0.0,0.0,0.0,0.0,204,0
2024-07-10,-0.01536641307635589,-0.015312049293517859,-5.436378283803049e-05,1.6589149763600015,1.2145882019193626,1.3348787282208021,3317829.95272,33712.95271999995,3284117.0,0.01016114544760247,0,28,0.0,0.0,0.0,5299.2,0.0,204,0
2024-07-11,0.00015914016315599078,0.0143251402954686,-0.014166000132312609,1.6591789763600013,1.2319873483130783,1.3159688359802049,3318357.95272,35392.95271999995,3282965.0,0.010665803154535804,0,28,0.0,0.0,0.0,1680.0,0.0,204,0
2024-07-12,0.003239855420415827,0.00010617175218429911,0.003133683668231528,1.6645544763600013,1.2321181505685175,1.3200926660294179,3329108.95272,40608.95271999995,3288500.0,0.012198144697793983,0,28,0.0,0.0,0.0,5216.0,0.0,204,0
2024-07-15,0.0057659272413768115,-0.004290256405175568,0.010056183646552379,1.6741521763600011,1.2268320477811079,1.3333677603094767,3348304.35272,45641.35271999995,3302663.0,0.013631184000021723,0,28,0.0,0.0,0.0,5032.4,0.0,204,0
2024-07-16,-0.005055232206191085,-0.0029244586803427322,-0.0021307735258483526,1.6656889483600013,1.2232442281496518,1.3305266555855895,3331377.89672,50837.89671999995,3280540.0,0.01526032119323773,0,28,0.0,0.0,0.0,5196.544,0.0,204,0
2024-07-17,-0.007728765933564641,-0.009249057162237699,0.001520291228673058,1.6528152283600013,1.2119303723601185,1.3325494435895922,3305630.45672,53354.45671999995,3252276.0,0.016140478319812166,0,28,0.0,0.0,0.0,2516.56,0.0,204,0
2024-07-18,0.00864130469935942,0.0058433033701228345,0.0027980013292365855,1.6670977083600014,1.2190120491892846,1.3362779187040292,3334195.41672,57129.41671999995,3277066.0,0.017134393633172457,0,28,0.0,0.0,0.0,3774.9599999999996,0.0,204,0
2024-07-19,-0.00623118845878512,-0.0024941412643327944,-0.003737047194452325,1.6567097083600013,1.2159716609356828,1.3312841850569277,3313419.41672,57129.41671999995,3256290.0,0.017241830729824464,0,28,0.0,0.0,0.0,0.0,0.0,204,0
2024-07-22,-0.008702792002270976,-0.0037399642475126277,-0.004962827754758348,1.6422917083600013,1.2114239703977947,1.3246772509538565,3284583.41672,57129.41671999995,3227454.0,0.017393200132834394,0,28,0.0,0.0,0.0,0.0,0.0,204,0
2024-07-23,0.0009386274022775698,-0.00374265983408838,0.00468128723636595,1.6438332083600011,1.206890022561735,1.3308784456610512,3287666.41672,57129.41671999995,3230537.0,0.01737688970798812,0,28,0.0,0.0,0.0,0.0,0.0,204,0
2024-07-24,0.005982662930755334,0.0021149667682120094,0.003867696162543324,1.653667708360001,1.2094425548523398,1.3360258791181459,3307335.41672,57129.41671999995,3250206.0,0.017273547893324102,0,28,0.0,0.0,0.0,0.0,0.0,204,0
2024-07-25,2.1467432556487864e-05,0.0034008856112798277,-0.00337941817872334,1.6537032083600012,1.2135557306348068,1.3315108889750091,3307406.41672,57129.41671999995,3250277.0,0.017273177082560046,0,28,0.0,0.0,0.0,0.0,0.0,204,0
2024-07-26,-0.003932991099684702,0.003288180050172496,-0.007221171149857198,1.6471992083600013,1.2175461203780527,1.321895820957822,3294398.41672,60701.41671999995,3233697.0,0.018425645305049674,0,28,0.0,0.0,0.0,3572.0,0.0,204,0
2024-07-29,0.010685107126492399,0.0072150785005139105,0.0034700286259784887,1.6647997083600015,1.2263308112145763,1.3264828372971071,3329599.41672,60701.41671999995,3268898.0,0.01823084675447148,0,28,0.0,0.0,0.0,0.0,0.0,204,0
2024-07-30,-0.0011433807865542933,0.0008302141947480926,-0.001973594981302386,1.6628962083600014,1.2273489284615036,1.3238648974266338,3325792.41672,60701.41671999995,3265091.0,0.018251715415198877,0,28,0.0,0.0,0.0,0.0,0.0,204,0
2024-07-31,-0.0014315385338137254,0.009970671584449219,-0.011402210118262944,1.6605157083600013,1.239586421546719,1.3087699116979827,3321031.41672,60701.41671999995,3260330.0,0.01827788090603232,0,28,0.0,0.0,0.0,0.0,0.0,204,0
2024-08-01,0.011508171770849174,-0.0007032792544057693,0.012211451025254942,1.6796252083600014,1.2387146461324021,1.3247518913780099,3359250.41672,60701.41671999995,3298549.0,0.01806992905853959,0,28,0.0,0.0,0.0,0.0,0.0,204,0
2024-08-02,-0.004574532438401668,-0.007273863212628537,0.002699330774226869,1.6719417083600014,1.2297044052369555,1.3283278349266219,3343883.41672,60701.41671999995,3283182.0,0.01815297041053593,0,28,0.0,0.0,0.0,0.0,0.0,204,0
2024-08-05,-0.01327079759363392,-0.017157065499248076,0.0038862679056141554,1.6497537083600013,1.2086062862115912,1.3334900727596313,3299507.41672,60701.41671999995,3238806.0,0.018397114797317985,0,28,0.0,0.0,0.0,0.0,0.0,204,0
2024-08-06,-0.006249114608900319,0.0036567083881592975,-0.009905822997059617,1.6394442083600014,1.2130258069563633,1.320280756130538,3278888.41672,60701.41671999995,3218187.0,0.018512803427669533,0,28,0.0,0.0,0.0,0.0,0.0,204,0
2024-08-07,0.0018713659082483236,0.005870696749479244,-0.003999330841230921,1.6425122083600014,1.2201471136182964,1.3150005165834615,3285024.41672,60701.41671999995,3224323.0,0.018478223909400505,0,28,0.0,0.0,0.0,0.0,0.0,204,0
2024-08-08,0.0024989159770678615,-0.00045184527896377405,0.0029507612560316357,1.6466167083600012,1.2195957959053667,1.3188807691594575,3293233.41672,61925.41671999995,3231308.0,0.018803834676764736,0,28,0.0,0.0,0.0,1224.0,0.0,204,0
2024-08-09,-0.0030641617896767226,-0.0041872259181064,0.0011230641284296775,1.6415712083600011,1.2144890727791382,1.3203619568409761,3283142.41672,61925.41671999995,3221217.0,0.018861629761972403,0,28,0.0,0.0,0.0,0.0,0.0,204,0
2024-08-12,-0.0008208599134400529,-0.0015906294783089405,0.0007697695648688876,1.640223708360001,1.2125572706588916,1.3213783312899632,3280447.41672,61925.41671999995,3218522.0,0.018877125237360737,0,28,0.0,0.0,0.0,0.0,0.0,204,0
2024-08-13,0.007687061183017985,0.004315271492616439,0.003371789690401546,1.652832208360001,1.2177897844821308,1.3258337411245267,3305664.41672,61925.41671999995,3243739.0,0.018733122577955022,0,28,0.0,0.0,0.0,0.0,0.0,204,0
2024-08-14,0.0014762539038497557,-0.000541513517640676,0.0020177674214904317,1.655272208360001,1.2171303348521891,1.3285089652536806,3310544.41672,61925.41671999995,3248619.0,0.01870550849801134,0,28,0.0,0.0,0.0,0.0,0.0,204,0
2024-08-15,0.010148179807019764,0.006605220935600341,0.0035429588714194224,1.672070208360001,1.225169749621309,1.3332158178778866,3344140.41672,61925.41671999995,3282215.0,0.018517588678509393,0,28,0.0,0.0,0.0,0.0,0.0,204,0
2024-08-16,0.00043090295873793316,-0.007609634086592876,0.008040537045330809,1.6727907083600009,1.2158466561327281,1.3439355890509546,3345581.41672,61925.41671999995,3283656.0,0.01850961283157517,0,28,0.0,0.0,0.0,0.0,0.0,204,0
2024-08-19,0.013178277407824845,0.005705431059756648,0.0074728463480681975,1.694835208360001,1.222783585408529,1.353978613209633,3389670.41672,61925.41671999995,3327745.0,0.01826886071712005,0,28,0.0,0.0,0.0,0.0,0.0,204,0
2024-08-20,-0.006758179168984468,-0.011993939280654765,0.005235760111670297,1.6833812083600008,1.2081175933317578,1.3610677204247308,3366762.41672,61925.41671999995,3304837.0,0.01839316502182222,0,28,0.0,0.0,0.0,0.0,0.0,204,0
2024-08-21,-0.007388700751933319,-0.006118209221635428,-0.001270491530297891,1.6709432083600009,1.2007260771314154,1.3593384954137693,3341886.41672,61925.41671999995,3279961.0,0.0185300782247347,0,28,0.0,0.0,0.0,0.0,0.0,204,0
2024-08-22,0.0049783259888074305,0.00041531523671488785,0.004563010752092543,1.6792617083600008,1.201224756966369,1.3655411715840757,3358523.41672,61925.41671999995,3296598.0,0.018438286424239832,0,28,0.0,0.0,0.0,0.0,0.0,204,0
2024-08-23,-0.004839507719101688,-0.004945154057436804,0.00010564633833511604,1.6711349083600007,1.1952845154855631,1.3656854360086994,3342269.81672,62128.81671999995,3280141.0,0.018588809439978503,0,28,0.0,0.0,0.0,203.4,0.0,204,0
2024-08-26,-0.004171117463425245,0.0030460513135743333,-0.007217168776999578,1.6641644083600007,1.198925413454053,1.3558290537207343,3328328.81672,62128.81671999995,3266200.0,0.01866667031451136,0,28,0.0,0.0,0.0,0.0,0.0,204,0
2024-08-27,0.0007535313179998226,-0.00826771561089681,0.009021246928896633,1.6654184083600005,1.189013039096938,1.3680603224077212,3330836.81672,62128.81671999995,3268708.0,0.018652614984957603,0,28,0.0,0.0,0.0,0.0,0.0,204,0
2024-08-28,-0.0038915145692319797,-0.0002852627251427445,-0.003606251844089235,1.6589374083600004,1.188673857997175,1.363126752347213,3317874.81672,62128.81671999995,3255746.0,0.01872548548453662,0,28,0.0,0.0,0.0,0.0,0.0,204,0
2024-08-29,-0.022964700059215692,-0.009913583030650992,-0.0130511170285647,1.6208404083600003,1.1768898410095556,1.3453364255775624,3241680.81672,62128.81671999995,3179552.0,0.01916561815696068,0,28,0.0,0.0,0.0,0.0,0.0,204,0
2024-08-30,-0.010191934946090608,0.0009547962902606876,-0.011146731236351296,1.6043209083600003,1.1780135310637971,1.3303403220191756,3208641.81672,62128.81671999995,3146513.0,0.01936296422874351,0,28,0.0,0.0,0.0,0.0,0.0,204,0
2024-09-02,0.004362281862394957,-0.002208581186137289,0.006570863048532246,1.6113194083600002,1.1754117925420744,1.3390818060831038,3222638.81672,62128.81671999995,3160510.0,0.01927886438829488,0,28,0.0,0.0,0.0,0.0,0.0,204,0
2024-09-03,-0.011833159770232249,-0.00826202239666193,-0.003571137373570319,1.5922524083600003,1.165700513986791,1.3342997609991325,3184504.81672,62128.81671999995,3122376.0,0.01950972609424151,0,28,0.0,0.0,0.0,0.0,0.0,204,0
2024-09-04,-0.0007074883316774416,-0.004684717494285684,0.0039772291626082425,1.5911259083600002,1.1602395363958193,1.3396065769202397,3182251.81672,62128.81671999995,3120123.0,0.019523538770114417,0,28,0.0,0.0,0.0,0.0,0.0,204,0
2024-09-05,0.0027301422075878268,0.0040808569786859854,-0.0013507147710981587,1.5954699083600004,1.1649743080048676,1.3377971505293333,3190939.81672,62128.81671999995,3128811.0,0.019470381858803846,0,28,0.0,0.0,0.0,0.0,0.0,204,0
2024-09-06,-0.0021598652421731535,-0.007471298628412002,0.005311433386238848,1.5920239083600003,1.1562704370553356,1.3449027709786698,3184047.81672,62128.81671999995,3121919.0,0.019512526286116216,0,28,0.0,0.0,0.0,0.0,0.0,204,0
2024-09-09,-0.014167500802946265,-0.00912597214232103,-0.005041528660625235,1.5694689083600004,1.1457183452577793,1.3381224051130265,3138937.81672,62128.81671999995,3076809.0,0.019792942819402776,0,28,0.0,0.0,0.0,0.0,0.0,204,0
2024-09-10,-0.0002988272003999759,0.0014655730509046353,-0.0017644002513046112,1.5689999083600004,1.147397479188516,1.3357614216051688,3137999.81672,62128.81671999995,3075871.0,0.019798859257085685,0,28,0.0,0.0,0.0,0.0,0.0,204,0
2024-09-11,-0.025364246223313902,-0.019087300312351795,-0.006276945910962107,1.5292034083600003,1.1254967589256093,1.3273769194118032,3058406.81672,62128.81671999995,2996278.0,0.020314111379934156,0,28,0.0,0.0,0.0,0.0,0.0,204,0
2024-09-12,0.005456435654265679,0.0061496150185316595,-0.0006931793642659806,1.5375474083600005,1.1324181306976069,1.326456809122664,3075094.81672,62128.81671999995,3012966.0,0.020203870261883063,0,28,0.0,0.0,0.0,0.0,0.0,204,0
2024-09-13,-0.0029761683933251515,-0.0015755518600281862,-0.0014006165332969653,1.5329714083600003,1.1306339472054565,1.3245989517851027,3065942.81672,62128.81671999995,3003814.0,0.020264179873539345,0,28,0.0,0.0,0.0,0.0,0.0,204,0
2024-09-18,0.005982172889845927,0.0031706359482341195,0.0028115369416118075,1.5421419083600005,1.13421877584276,1.3283231106708666,3084283.81672,62128.81671999995,3022155.0,0.02014367691559307,0,28,0.0,0.0,0.0,0.0,0.0,204,0
2024-09-19,-0.0012446973845885445,0.013285562556051213,-0.014530259940639757,1.5402224083600005,1.1492875103414668,1.3090222305876598,3080444.81672,62128.81671999995,3018316.0,0.02016878094448501,0,28,0.0,0.0,0.0,0.0,0.0,204,0
2024-09-20,-0.0028801035330496827,-0.0024227591856466465,-0.0004573443474030362,1.5357864083600006,1.146503063468838,1.3084235566698754,3071572.81672,62128.81671999995,3009444.0,0.02022703690493805,0,28,0.0,0.0,0.0,0.0,0.0,204,0
2024-09-23,0.00893060384265687,0.007463274075807428,0.0014673297668494423,1.5495019083600006,1.1550597300602587,1.3103434455022243,3099003.81672,62128.81671999995,3036875.0,0.020047996193098393,0,28,0.0,0.0,0.0,0.0,0.0,204,0
2024-09-24,0.033335551070518,0.03428377803844869,-0.0009482269679306904,1.6011554083600004,1.194659541466795,1.3091009425099478,3202310.81672,62128.81671999995,3140182.0,0.019401244999583157,0,28,0.0,0.0,0.0,0.0,0.0,204,0
2024-09-25,0.015821387397958464,0.013350999250778593,0.002470388147179871,1.6264879083600003,1.2106094401098537,1.3123349299617864,3252975.81672,62128.81671999995,3190847.0,0.01909907119526173,0,28,0.0,0.0,0.0,0.0,0.0,204,0
2024-09-26,0.023381053006625185,0.023148310330026647,0.00023274267659853867,1.6645169083600004,1.2386330031179764,1.3126403663059794,3329033.81672,62128.81671999995,3266905.0,0.018662717214814495,0,28,0.0,0.0,0.0,0.0,0.0,204,0
2024-09-27,0.005138728214198585,0.020188783665110226,-0.015050055450911641,1.6730704083600005,1.263639496858391,1.2928850560059695,3346140.81672,62128.81671999995,3284012.0,0.01856730488135903,0,28,0.0,0.0,0.0,0.0,0.0,204,0
2024-09-30,0.06253592166665523,0.07277660486136328,-0.010240683194708056,1.7776974083600003,1.3556028892084662,1.27964502974024,3555394.81672,62128.81671999995,3493266.0,0.01747451968704741,0,28,0.0,0.0,0.0,0.0,0.0,204,0
2024-10-08,0.01637972132549992,0.026675661956077425,-0.010295940630577507,1.8068155965100006,1.3917644936276732,1.266469880485821,3613631.19302,195034.19302000012,3418597.0,0.05397180359653838,28,27,1190622.0,1324311.0,783.6236999999999,0.0,0.0,204,1
2024-10-09,-0.06555704977795973,-0.0739711392965656,0.008414089518605866,1.6883660965100005,1.2888140884015264,1.2771260714328467,3376732.19302,195034.19302000012,3181698.0,0.05775826505375606,0,27,0.0,0.0,0.0,0.0,0.0,204,0
2024-10-10,0.024812450384188223,0.01980746227419305,0.005004988109995171,1.7302585965100004,1.3143422248359882,1.283518072235333,3460517.19302,195034.19302000012,3265483.0,0.056359839336556916,0,27,0.0,0.0,0.0,0.0,0.0,204,0
2024-10-11,-0.015534383157647658,-0.019793924180487848,0.00425954102284019,1.7033800965100003,1.288326234490371,1.2889852701175761,3406760.19302,195034.19302000012,3211726.0,0.05724916987688165,0,27,0.0,0.0,0.0,0.0,0.0,204,0
2024-10-14,0.022991638848100182,0.023689220288178887,-0.0006975814400787053,1.7425435965100002,1.3188456784622533,1.2880860979166073,3485087.19302,195034.19302000012,3290053.0,0.05596250028137556,0,27,0.0,0.0,0.0,0.0,0.0,204,0
2024-10-15,-0.018933529161668017,-0.018567239870117186,-0.0003662892915508309,1.7095510965100003,1.2943583543985773,1.287614285772345,3419102.19302,195034.19302000012,3224068.0,0.057042516429651295,0,27,0.0,0.0,0.0,0.0,0.0,204,0
2024-10-16,0.01508115203613003,0.01998613889403526,-0.0049049868579052296,1.7353330965100005,1.3202275802482422,1.2812985546225806,3470666.19302,195034.19302000012,3275632.0,0.056195030629059464,0,27,0.0,0.0,0.0,0.0,0.0,204,0
2024-10-17,-0.018038899887840465,-0.016686748659050316,-0.0013521512287901494,1.7040295965100003,1.2981972744438937,1.2795660452075006,3408059.19302,195034.19302000012,3213025.0,0.05722734904940824,0,27,0.0,0.0,0.0,0.0,0.0,204,0
2024-10-18,0.008509241875667595,0.011011054351218994,-0.0025018124755513994,1.7185295965100003,1.3124917951913997,1.2763648109123085,3437059.19302,195034.19302000012,3242025.0,0.05674449640439033,0,27,0.0,0.0,0.0,0.0,0.0,204,0
2024-10-21,-0.007173341689916235,-0.0035357814726382827,-0.0036375602172779523,1.7062019965100002,1.3078511110189721,1.2717219570534004,3412403.99302,195860.9930200001,3216543.0,0.057396777585722446,0,27,0.0,0.0,0.0,826.8,0.0,204,0
2024-10-22,0.008241697072658205,0.013950417041278213,-0.005708719968620008,1.7202639965100002,1.3260961794455859,1.264462052522637,3440527.99302,195860.9930200001,3244667.0,0.05692759757146425,0,27,0.0,0.0,0.0,0.0,0.0,204,0
2024-10-23,0.0042150507216975885,0.007499201641404143,-0.0032841509197065544,1.72751499651,1.336040842091144,1.260309368309911,3455029.99302,195860.9930200001,3259169.0,0.056688652027822306,0,27,0.0,0.0,0.0,0.0,0.0,204,0
2024-10-24,-0.003978547227598717,-0.0005124981194779139,-0.003466049108120803,1.72064199651,1.3353561236720266,1.2559410741479242,3441283.99302,195860.9930200001,3245423.0,0.05691509140694795,0,27,0.0,0.0,0.0,0.0,0.0,204,0
2024-10-25,0.00016987845268978674,0.00973923120597876,-0.009569352753288973,1.72093429651,1.348361465702788,1.243922530972058,3441868.59302,198294.59302000012,3243574.0,0.05761248219125368,0,27,0.0,0.0,0.0,2433.6,0.0,204,0
2024-10-28,0.00809356872499234,0.01937148971228228,-0.011277920987289941,1.73486279651,1.3744812359640874,1.2298936709534454,3469725.59302,198294.59302000012,3271431.0,0.05714993526257715,0,27,0.0,0.0,0.0,0.0,0.0,204,0
2024-10-29,-0.010495066259203822,-0.014921967123354809,0.004426900864150986,1.71665529651,1.3539712721493633,1.2353382883082031,3433310.59302,198294.59302000012,3235016.0,0.05775608924608732,0,27,0.0,0.0,0.0,0.0,0.0,204,0
2024-10-30,-0.005196150921000009,0.0005867059786652289,-0.0057828568996652376,1.70773529651,1.3547656551896743,1.2281945037642394,3415470.59302,198294.59302000012,3217176.0,0.05805776616119703,0,27,0.0,0.0,0.0,0.0,0.0,204,0
2024-10-31,8.420508745943245e-05,0.009714357706695388,-0.009630152619235955,1.7078790965100001,1.3679263333729323,1.216366803246883,3415758.19302,199936.19302000012,3215822.0,0.05853347389418952,0,27,0.0,0.0,0.0,1641.6,0.0,204,0
2024-11-01,0.005080277648300768,-0.006878694210007184,0.011958971858307951,1.71655559651,1.3585167864238437,1.2309132996162926,3433111.19302,199936.19302000012,3233175.0,0.05823761066245062,0,27,0.0,0.0,0.0,0.0,0.0,204,0
2024-11-04,0.005265195032643,0.007636967417248154,-0.0023717723846051544,1.72559359651,1.3688917348575471,1.2279938534444195,3451187.19302,199936.19302000012,3251251.0,0.057932584307327506,0,27,0.0,0.0,0.0,0.0,0.0,204,0
2024-11-05,0.01140882768678364,0.014430407948820306,-0.003021580262036666,1.7452805965099998,1.3886454010293097,1.2242833714549495,3490561.19302,199936.19302000012,3290625.0,0.057279096960055655,0,27,0.0,0.0,0.0,0.0,0.0,204,0
2024-11-06,-0.002966285198123586,-0.0025242632410647447,-0.00044202195705884137,1.7401035965099998,1.3851400944886179,1.2237422113231042,3480207.19302,199936.19302000012,3280271.0,0.0574495085870168,0,27,0.0,0.0,0.0,0.0,0.0,204,0
2024-11-07,0.021355050397303454,0.028535552754132918,-0.007180502356829464,1.7772635965099999,1.4246658327267625,1.214955127490547,3554527.19302,199936.19302000012,3354591.0,0.05624832281846469,0,27,0.0,0.0,0.0,0.0,0.0,204,0
2024-11-08,-0.007729016690025237,-0.006910310756300458,-0.0008187059337247784,1.7635270965099998,1.4148209490987371,1.213960436518461,3527054.19302,199936.19302000012,3327118.0,0.056686453362602585,0,27,0.0,0.0,0.0,0.0,0.0,204,0
2024-11-11,-0.004151623195634002,0.006009336549659135,-0.010160959745293137,1.7562055965099999,1.4233230843393796,1.2016254333906184,3512411.19302,199936.19302000012,3312475.0,0.05692277527680161,0,27,0.0,0.0,0.0,0.0,0.0,204,0
2024-11-12,-0.009235535994323252,-0.005060183654508515,-0.0041753523398147365,1.7399860965099998,1.4161208081329208,1.19660822382573,3479972.19302,199936.19302000012,3280036.0,0.05745338811069375,0,27,0.0,0.0,0.0,0.0,0.0,204,0
2024-11-13,0.002946287910163603,-0.0007059778294645512,0.0036522657396281543,1.74511259651,1.4151210582385356,1.200978555045366,3490225.19302,199936.19302000012,3290289.0,0.057284611153414024,0,27,0.0,0.0,0.0,0.0,0.0,204,0
2024-11-14,-0.008887965184034008,-0.015092724579238517,0.006204759395204509,1.72960209651,1.393763025860261,1.2084303380182229,3459204.19302,199936.19302000012,3259268.0,0.05779832061473341,0,27,0.0,0.0,0.0,0.0,0.0,204,0
2024-11-15,0.0012005651497475345,-0.010196174340797311,0.011396739490544846,1.7316785965100003,1.3795519750588325,1.2222025037730875,3463357.19302,199936.19302000012,3263421.0,0.05772901317338813,0,27,0.0,0.0,0.0,0.0,0.0,204,0
2024-11-18,0.015539546457542963,0.009561054011789928,0.005978492445753035,1.7585880965100003,1.3927419460044415,1.2295094322090754,3517176.19302,199936.19302000012,3317240.0,0.05684565743870972,0,27,0.0,0.0,0.0,0.0,0.0,204,0
2024-11-19,0.001195277054457211,0.008881129067573029,-0.007685852013115817,1.7606900965100003,1.4051110669847298,1.2200596046643863,3521380.19302,199936.19302000012,3321444.0,0.056777792246434824,0,27,0.0,0.0,0.0,0.0,0.0,204,0
2024-11-20,0.004090157611651657,0.010388236773984677,-0.00629807916233302,1.7678915965100004,1.4197076934423134,1.2123755726914454,3535783.19302,199936.19302000012,3335847.0,0.05654650811585245,0,27,0.0,0.0,0.0,0.0,0.0,204,0
2024-11-21,-0.002547101874848745,-0.0007960865837391891,-0.001751015291109556,1.7633885965100005,1.4185774831947326,1.210252684525095,3526777.19302,199936.19302000012,3326841.0,0.05669090562786406,0,27,0.0,0.0,0.0,0.0,0.0,204,0
2024-11-22,-0.022716490329630412,-0.02142688293274213,-0.0012896073968882808,1.7233305965100005,1.3881817895312951,1.2086919337110273,3446661.19302,199936.19302000012,3246725.0,0.05800865876370458,0,27,0.0,0.0,0.0,0.0,0.0,204,0
2024-11-25,0.002093330210295008,0.007362365119839649,-0.005269034909544641,1.7269380965100007,1.3984020907185368,1.2023232937174189,3453876.19302,199936.19302000012,3253940.0,0.05788748115061412,0,27,0.0,0.0,0.0,0.0,0.0,204,0
2024-11-26,0.004117982002002085,-0.007752789784322532,0.011870771786324617,1.7340495965100007,1.387560573275239,1.2165957991505205,3468099.19302,199936.19302000012,3268163.0,0.05765007916221014,0,27,0.0,0.0,0.0,0.0,0.0,204,0
2024-11-27,0.006815260661393596,0.009462420631249795,-0.0026471599698561984,1.7458675965100008,1.4006902550709073,1.2133752754515141,3491735.19302,199936.19302000012,3291799.0,0.05725983843782707,0,27,0.0,0.0,0.0,0.0,0.0,204,0
2024-11-28,0.002299429812446796,0.0030310995747665054,-0.0007316697623197094,1.7498820965100008,1.4049358867074322,1.21248748545212,3499764.19302,199936.19302000012,3299828.0,0.05712847551808115,0,27,0.0,0.0,0.0,0.0,0.0,204,0
2024-11-29,0.002536742337585718,0.0024160325316693256,0.00012070980591639231,1.754321096510001,1.408330257514627,1.2126338445811649,3508642.19302,199936.19302000012,3308706.0,0.05698392199060591,0,27,0.0,0.0,0.0,0.0,0.0,204,0
2024-12-02,0.007313940432869259,0.012038969262687377,-0.004725028829818118,1.767152096510001,1.4252851021965582,1.2069041147055057,3534304.19302,199936.19302000012,3334368.0,0.056570171128693426,0,27,0.0,0.0,0.0,0.0,0.0,204,0
2024-12-03,0.008655734857349495,0.011716667526699845,-0.00306093266935035,1.7824480965100007,1.4419846938697536,1.2032098624720302,3564896.19302,199936.19302000012,3364960.0,0.056084716691462554,0,27,0.0,0.0,0.0,0.0,0.0,204,0
2024-12-04,-0.0017142154130505016,-0.010429628941299035,0.008715413528248533,1.7793925965100008,1.4269453285736593,1.213696333984741,3558785.19302,199936.19302000012,3358849.0,0.05618102306712517,0,27,0.0,0.0,0.0,0.0,0.0,204,0
2024-12-05,-0.0008407363293149173,0.00280210511539722,-0.0036428414447121373,1.7778965965100009,1.4309437793782478,1.2092750306780062,3555793.19302,199936.19302000012,3355857.0,0.05622829623850836,0,27,0.0,0.0,0.0,0.0,0.0,204,0
2024-12-06,0.015037713696331778,0.01454221541437426,0.0004954982819575186,1.804632096510001,1.451752872063825,1.2098742243781213,3609264.19302,199936.19302000012,3409328.0,0.05539527790918137,0,27,0.0,0.0,0.0,0.0,0.0,204,0
2024-12-09,0.002539575799889171,0.002214976512259313,0.00032459928762985793,1.809215096510001,1.4549684705770514,1.2102669486894764,3618430.19302,199936.19302000012,3418494.0,0.055254953765773815,0,27,0.0,0.0,0.0,0.0,0.0,204,0
2024-12-10,-0.004424294278464025,-0.002372300796712823,-0.002051993481751202,1.801210596510001,1.4515168477151095,1.2077834887995866,3602421.19302,199936.19302000012,3402485.0,0.055500504329530825,0,27,0.0,0.0,0.0,0.0,0.0,204,0
2024-12-11,0.0023609121599881266,0.006005120655358577,-0.0036442084953704507,1.805463096510001,1.4602333815189246,1.203382073949135,3610926.19302,199936.19302000012,3410990.0,0.055369781139941655,0,27,0.0,0.0,0.0,0.0,0.0,204,0
2024-12-12,0.007850063525195683,0.009003064725612134,-0.0011530012004164515,1.819636096510001,1.4733799571672388,1.201994572973312,3639272.19302,199936.19302000012,3439336.0,0.05493851034376349,0,27,0.0,0.0,0.0,0.0,0.0,204,0
2024-12-13,-0.016071620065182257,-0.019871250539822714,0.003799630474640457,1.7903915965100008,1.4441020548980152,1.2065617081831337,3580783.19302,199936.19302000012,3380847.0,0.05583588344855242,0,27,0.0,0.0,0.0,0.0,0.0,204,0
2024-12-16,0.01742495890888507,0.008557513669702086,0.008867445239182982,1.8215890965100008,1.4564599779732499,1.2172608280581427,3643178.19302,199936.19302000012,3443242.0,0.05487960852506742,0,27,0.0,0.0,0.0,0.0,0.0,204,0
2024-12-17,-0.010020097306780218,-0.021216431825065055,0.011196334518284837,1.8033365965100008,1.4255590941446448,1.230889687485086,3606673.19302,199936.19302000012,3406737.0,0.055435073354285866,0,27,0.0,0.0,0.0,0.0,0.0,204,0
2024-12-18,0.005452670355068356,0.0077902541369608645,-0.002337583781892508,1.8131695965100008,1.4366645617752871,1.228012379714322,3626339.19302,199936.19302000012,3426403.0,0.05513444340916551,0,27,0.0,0.0,0.0,0.0,0.0,204,0
2024-12-19,-0.01094657666784371,-0.012031008358612462,0.0010844316907687515,1.793321596510001,1.4193800384240463,1.2293440752555407,3586643.19302,199936.19302000012,3386707.0,0.05574465656608882,0,27,0.0,0.0,0.0,0.0,0.0,204,0
2024-12-20,-0.002313583914939965,-0.0026319017253264693,0.00031831781038650425,1.789172596510001,1.415644369652024,1.2297353973697875,3578345.19302,201268.19302000012,3377077.0,0.0562461646832168,0,27,0.0,0.0,0.0,1332.0,0.0,204,0
2024-12-23,0.00030768412229975617,-0.010160154829084576,0.010467838951384333,1.7897230965100008,1.4012612036734375,1.2426080694622712,3579446.19302,201268.19302000012,3378178.0,0.05622886395456302,0,27,0.0,0.0,0.0,0.0,0.0,204,0
2024-12-24,0.012911215173486923,0.012969089021838133,-5.7873848351210413e-05,1.8128305965100007,1.4194342849667263,1.2425361549512992,3625661.19302,201268.19302000012,3424393.0,0.05551213483694362,0,27,0.0,0.0,0.0,0.0,0.0,204,0
2024-12-25,0.0038917039537957887,-0.007320503897989109,0.011212207851784898,1.8198855965100007,1.409043310750688,1.2564677285839707,3639771.19302,201268.19302000012,3438503.0,0.055296935534292026,0,27,0.0,0.0,0.0,0.0,0.0,204,0
2024-12-26,-0.007665316999459715,-0.003975857854977852,-0.003689459144481863,1.8059355965100008,1.4034411548356358,1.2518320422330003,3611871.19302,201268.19302000012,3410603.0,0.05572407825864726,0,27,0.0,0.0,0.0,0.0,0.0,204,0
2024-12-27,0.013471133769672683,0.013658662378662369,-0.0001875286089896861,1.8302635965100007,1.4226102837378556,1.2515972879114314,3660527.19302,201268.19302000012,3459259.0,0.05498338966140838,0,27,0.0,0.0,0.0,0.0,0.0,204,0
2024-12-30,0.002847130877725146,-0.006007956313879783,0.00885508719160493,1.8354745965100006,1.4140633033014824,1.2626802910246633,3670949.19302,201268.19302000012,3469681.0,0.05482728919340387,0,27,0.0,0.0,0.0,0.0,0.0,204,0
2024-12-31,-0.0011520181232802518,-0.008340966104358603,0.007188947981078352,1.8333600965100005,1.4022686492192273,1.2717576339535723,3666720.19302,201268.19302000012,3465452.0,0.05489052407193109,0,27,0.0,0.0,0.0,0.0,0.0,204,0
2025-01-02,-0.030843896901457057,-0.025460927230805695,-0.005382969670651362,1.7768121267100008,1.3665655891834163,1.264911801181581,3553624.2534200004,26046.253420000256,3527578.0,0.007329489997411346,28,28,1777160.0,1602992.0,1053.9396,0.0,0.0,204,1
2025-01-03,-0.0075700181227968955,-0.020112306010294678,0.012542287887497783,1.7633616267100007,1.3390808038706208,1.2807766891442935,3526723.2534200004,26046.253420000256,3500677.0,0.007385397591019424,0,28,0.0,0.0,0.0,0.0,0.0,204,0
2025-01-06,0.007929173340403883,0.0007536785653366037,0.00717549477506728,1.777343626710001,1.3400900403697518,1.2899668955852763,3554687.2534200004,26046.253420000256,3528641.0,0.007327298173683464,0,28,0.0,0.0,0.0,0.0,0.0,204,0
2025-01-07,-0.004367472830433483,0.003030113700977889,-0.007397586531411373,1.7695811267100008,1.34415066556162,1.2804242538525281,3539162.2534200004,26046.253420000256,3513116.0,0.00735944032936918,0,28,0.0,0.0,0.0,0.0,0.0,204,0
2025-01-08,0.002657125988194675,0.0016712967488637061,0.000985829239330969,1.7742831267100008,1.346397140198956,1.2816865335207246,3548566.2534200004,26046.253420000256,3522520.0,0.007339937191505912,0,28,0.0,0.0,0.0,0.0,0.0,204,0
2025-01-09,-0.012714148976792461,-0.009161988535884484,-0.003552160440907977,1.7517246267100006,1.3340614650357057,1.2771337773187077,3503449.2534200004,26046.253420000256,3477403.0,0.007434460023810648,0,28,0.0,0.0,0.0,0.0,0.0,204,0
2025-01-10,-0.01512880483376755,-0.017061751203135748,0.0019329463693681971,1.7252231267100007,1.3113000402295756,1.2796024084167734,3450446.2534200004,26046.253420000256,3424400.0,0.007548662261927375,0,28,0.0,0.0,0.0,0.0,0.0,204,0
2025-01-13,-0.0070674916254177544,-0.0026421077869215716,-0.004425383838496183,1.7130301267100008,1.3078354441822946,1.273939676598865,3426060.2534200004,26046.253420000256,3400014.0,0.00760239210445878,0,28,0.0,0.0,0.0,0.0,0.0,204,0
2025-01-14,0.01838905195467877,0.026417889705082694,-0.008028837750403924,1.744531126710001,1.3423856966991001,1.2637114216316507,3489062.2534200004,26046.253420000256,3463016.0,0.007465115703931495,0,28,0.0,0.0,0.0,0.0,0.0,204,0
2025-01-15,0.0015001165413055517,-0.0027622586710719047,0.0042623752123774564,1.747148126710001,1.33867768016847,1.2690978338708117,3494296.2534200004,26046.253420000256,3468250.0,0.007453933934338795,0,28,0.0,0.0,0.0,0.0,0.0,204,0
2025-01-16,0.0058154771451077725,0.006401558760521716,-0.0005860816154139433,1.7573086267100009,1.3472473039994675,1.2683540389622183,3514617.2534200004,26046.253420000256,3488571.0,0.0074108363847173375,0,28,0.0,0.0,0.0,0.0,0.0,204,0
2025-01-17,-0.001961237740266797,-0.002428388657525869,0.000467150917259072,1.7538621267100007,1.3439756639275529,1.2689465517149288,3507724.2534200004,26046.253420000256,3481678.0,0.007425399358175143,0,28,0.0,0.0,0.0,0.0,0.0,204,0
2025-01-20,5.416617335773921e-06,0.004946072927853994,-0.00494065631051822,1.7538716267100007,1.3506230655745997,1.2626771229264881,3507743.2534200004,26046.253420000256,3481697.0,0.007425359137846113,0,28,0.0,0.0,0.0,0.0,0.0,204,0
2025-01-21,-0.007553574502400351,-0.006557841177297898,-0.0009957333251024532,1.7406236267100006,1.3417658940201662,1.2614198332363458,3481247.2534200004,26046.253420000256,3455201.0,0.007481874030754995,0,28,0.0,0.0,0.0,0.0,0.0,204,0
2025-01-22,-0.010812929177328567,-0.007204031879527313,-0.003608897297801255,1.7218023867100005,1.3320997697447825,1.2568674986087862,3443604.7734200004,28841.773420000256,3414763.0,0.00837545982123732,0,28,0.0,0.0,0.0,2795.52,0.0,204,0
2025-01-23,0.011746702267410924,0.006504236200915276,0.005242466066495649,1.7420278867100005,1.3407640612903875,1.263456583820324,3484055.7734200004,28841.773420000256,3455214.0,0.008278218058400583,0,28,0.0,0.0,0.0,0.0,0.0,204,0
2025-01-24,0.0027714826133571346,0.0006405530023527215,0.002130929611004413,1.7468558867100006,1.3416228917352937,1.2661489208670051,3493711.7734200004,28841.773420000256,3464870.0,0.008255338531194001,0,28,0.0,0.0,0.0,0.0,0.0,204,0
2025-01-27,0.013112701611087463,0.010423151786442835,0.002689549824644628,1.7697618867100005,1.355606830776017,1.269554291475097,3539523.7734200004,28841.773420000256,3510682.0,0.008148489815660262,0,28,0.0,0.0,0.0,0.0,0.0,204,0
2025-02-05,-0.0165612674903326,-0.007735485236310203,-0.008825782254022396,1.7404523867100004,1.345120554150308,1.258349481738878,3480904.7734200004,28841.773420000256,3452063.0,0.008285711703530206,0,28,0.0,0.0,0.0,0.0,0.0,204,0
2025-02-06,0.004410060314553599,0.006251395085083864,-0.0018413347705302655,1.7481278867100003,1.3535294341713684,1.2560324390846735,3496255.7734200004,28841.773420000256,3467414.0,0.008249331653384024,0,28,0.0,0.0,0.0,0.0,0.0,204,0
2025-02-07,0.004428737770764801,0.005618715720700313,-0.0011899779499355114,1.7558698867100002,1.3611345312815777,1.254537788177759,3511739.7734200004,28841.773420000256,3482898.0,0.008212958613363294,0,28,0.0,0.0,0.0,0.0,0.0,204,0
2025-02-10,-0.002656518022949861,0.004975729659932799,-0.00763224768288266,1.7512053867100001,1.3679071687400342,1.2449628450508508,3502410.7734200004,28841.773420000256,3473569.0,0.008234834599893923,0,28,0.0,0.0,0.0,0.0,0.0,204,0
2025-02-11,0.006624579896818972,0.0009720123518679539,0.005652567544951018,1.7628063867100003,1.3692367914042582,1.252000081623455,3525612.7734200004,28841.773420000256,3496771.0,0.008180641288073862,0,28,0.0,0.0,0.0,0.0,0.0,204,0
2025-02-12,-0.0012843157462263388,0.004604426473867526,-0.005888742220093865,1.7605423867100003,1.3755413415355935,1.2446273758832382,3521084.7734200004,28841.773420000256,3492243.0,0.00819116132554414,0,28,0.0,0.0,0.0,0.0,0.0,204,0
2025-02-13,-0.001897994632349853,-0.005146297480796405,0.0032483028484465515,1.7572008867100004,1.3684623965949174,1.2486703025335741,3514401.7734200004,28841.773420000256,3485560.0,0.008206737669590125,0,28,0.0,0.0,0.0,0.0,0.0,204,0
2025-02-14,-0.0013219888616999853,-0.0008860656517949531,-0.0004359232099050322,1.7548778867100006,1.3672498490695217,1.2481259781671805,3509755.7734200004,28841.773420000256,3480914.0,0.00821760124690843,0,28,0.0,0.0,0.0,0.0,0.0,204,0
2025-02-17,0.007270591359447964,0.009081200243884802,-0.001810608884436838,1.7676368867100005,1.3796661187323431,1.2458661101822146,3535273.7734200004,28841.773420000256,3506432.0,0.008158285685495557,0,28,0.0,0.0,0.0,0.0,0.0,204,0
2025-02-18,-0.0014689102832837753,-0.005998693295122119,0.004529783011838344,1.7650403867100004,1.3713899248363963,1.251509613323143,3530080.7734200004,28841.773420000256,3501239.0,0.008170287104240358,0,28,0.0,0.0,0.0,0.0,0.0,204,0
2025-02-19,-0.0017577501474530521,0.00043538863080245935,-0.0021931387782555115,1.7619378867100004,1.371987012418067,1.2487648790588044,3523875.7734200004,28841.773420000256,3495034.0,0.008184673715670932,0,28,0.0,0.0,0.0,0.0,0.0,204,0
2025-02-20,-0.0021192574540594977,-0.0015536385572463914,-0.0005656188968131064,1.7582038867100005,1.369855440495533,1.2480585540455322,3516407.7734200004,28841.773420000256,3487566.0,0.00820205598395354,0,28,0.0,0.0,0.0,0.0,0.0,204,0
2025-02-21,-0.005375372032469405,-0.005278178869995678,-9.71931624737278e-05,1.7487528867100006,1.3626250984545607,1.2479372512877123,3497505.7734200004,28841.773420000256,3468664.0,0.008246383362449069,0,28,0.0,0.0,0.0,0.0,0.0,204,0
2025-02-24,0.002763683786731308,0.0023680714600439173,0.00039561232668739073,1.7535858867100007,1.3658518920609504,1.2484309506472542,3507171.7734200004,28841.773420000256,3478330.0,0.008223655778306903,0,28,0.0,0.0,0.0,0.0,0.0,204,0
2025-02-25,-0.009438659449440001,-0.00918151538471319,-0.00025714406472681153,1.7370343867100007,1.353311301900753,1.248109924038074,3474068.7734200004,28841.773420000256,3445227.0,0.008302015677026266,0,28,0.0,0.0,0.0,0.0,0.0,204,0
2025-02-26,0.010688331873017543,0.009868723840067536,0.0008196080329500068,1.7556003867100007,1.3666667574088536,1.2491328849578203,3511200.7734200004,28841.773420000256,3482359.0,0.008214219374276232,0,28,0.0,0.0,0.0,0.0,0.0,204,0
2025-02-27,0.004056162241650396,0.001218807885330605,0.002837354356319791,1.7627213867100007,1.3683324616294026,1.2526771175905778,3525442.7734200004,28841.773420000256,3496601.0,0.008181035765904976,0,28,0.0,0.0,0.0,0.0,0.0,204,0
2025-02-28,-0.005839266532762233,-0.008939127580109837,0.003099861047347604,1.7524283867100008,1.3561007631828916,1.2565602425923004,3504856.7734200004,28841.773420000256,3476015.0,0.008229087601732944,0,28,0.0,0.0,0.0,0.0,0.0,204,0
2025-03-03,-0.0033838757948523313,-0.0006206061996610623,-0.002763269595191269,1.7464983867100008,1.3552591586418952,1.253088027879419,3492996.7734200004,28841.773420000256,3464155.0,0.008257028360138224,0,28,0.0,0.0,0.0,0.0,0.0,204,0
2025-03-04,0.004859723927938209,0.0040784068005191645,0.0007813171274190442,1.7549858867100008,1.360786456810966,1.254067087017765,3509971.7734200004,28841.773420000256,3481130.0,0.008217095544303419,0,28,0.0,0.0,0.0,0.0,0.0,204,0
2025-03-05,-0.0007136809529266763,6.914284028530401e-05,-0.0007828237932119803,1.7537333867100007,1.3608805454516115,1.2530853734637635,3507466.7734200004,28841.773420000256,3478625.0,0.008222964117170443,0,28,0.0,0.0,0.0,0.0,0.0,204,0
2025-03-06,-0.0019147722370157494,0.0018723840980931668,-0.003787156335108916,1.7503753867100007,1.3634286365443196,1.2483397432532177,3500750.7734200004,28841.773420000256,3471909.0,0.008238739426692681,0,28,0.0,0.0,0.0,0.0,0.0,204,0
2025-03-07,-0.0037386266110037703,-0.0028851727004691797,-0.0008534539105345905,1.7438313867100006,1.359494909463124,1.2472743428176625,3487662.7734200004,28841.773420000256,3458821.0,0.00826965658486472,0,28,0.0,0.0,0.0,0.0,0.0,204,0
2025-03-10,0.0016033660256999926,0.0015418469430348574,6.151908266513527e-05,1.7466273867100006,1.361591042533351,1.2473510739910645,3493254.7734200004,28841.773420000256,3464413.0,0.008256418523909523,0,28,0.0,0.0,0.0,0.0,0.0,204,0
2025-03-11,0.002434692157215146,0.0030209781131293125,-0.0005862859559141666,1.7508798867100006,1.3657043792718773,1.246619769574289,3501759.7734200004,28841.773420000256,3472918.0,0.00823636550939983,0,28,0.0,0.0,0.0,0.0,0.0,204,0
2025-03-12,0.003208957988864336,0.005281820352180686,-0.00207286236331635,1.7564983867100006,1.3729177844573779,1.2440356983725724,3512996.7734200004,28841.773420000256,3484155.0,0.00821001990045154,0,28,0.0,0.0,0.0,0.0,0.0,204,0
2025-03-13,0.005372905589555943,0.007103724928560794,-0.0017308193390048509,1.7659358867100008,1.3826706147476922,1.2418824973274167,3531871.7734200004,28841.773420000256,3503030.0,0.008166143979817263,0,28,0.0,0.0,0.0,0.0,0.0,204,0
2025-03-14,0.006926921918320339,0.00714538475822017,-0.0002184628398998311,1.7781683867100007,1.392550328283949,1.2416111921502286,3556336.7734200004,28841.773420000256,3527495.0,0.008109966872531075,0,28,0.0,0.0,0.0,0.0,0.0,204,0
2025-03-17,0.00247614344789171,0.003919240004548752,-0.0014430965566570421,1.7825713867100008,1.398008067238907,1.2398194273141296,3565142.7734200004,28841.773420000256,3536301.0,0.008089935032905478,0,28,0.0,0.0,0.0,0.0,0.0,204,0
2025-03-18,0.008240343197200461,0.0023965042100066274,0.005843838987193834,1.7972603867100008,1.4013583994576684,1.2470647324205482,3594520.7734200004,28841.773420000256,3565679.0,0.008023816035025666,0,28,0.0,0.0,0.0,0.0,0.0,204,0
2025-03-19,0.007644134429040106,0.006302685101214052,0.0013414493278260543,1.8109988867100006,1.4101907201633914,1.2487376065676092,3621997.7734200004,28841.773420000256,3593156.0,0.007962946203792658,0,28,0.0,0.0,0.0,0.0,0.0,204,0
2025-03-20,-0.001138045978451241,-0.0003967543329745926,-0.0007412916454766483,1.8089378867100006,1.409631220884846,1.2478119278124682,3617875.7734200004,28841.773420000256,3589034.0,0.007972018727645795,0,28,0.0,0.0,0.0,0.0,0.0,204,0
2025-03-21,-0.0004204124451078206,-0.0014647950064232483,0.0010443825613154277,1.8081773867100006,1.4075664001115955,1.249115120829677,3616354.7734200004,28841.773420000256,3587513.0,0.007975371673151549,0,28,0.0,0.0,0.0,0.0,0.0,204,0
2025-03-24,0.0018994264751033274,-0.0002773409134252337,0.0021767673885285613,1.8116118867100008,1.4071760243604818,1.2518341538892168,3623223.7734200004,28841.773420000256,3594382.0,0.007960251760209718,0,28,0.0,0.0,0.0,0.0,0.0,204,0
2025-03-25,0.00902014395019024,0.009102746666364197,-8.260271617395627e-05,1.8279528867100008,1.4199851912252168,1.2517307489879061,3655905.7734200004,28841.773420000256,3627064.0,0.007889091023541222,0,28,0.0,0.0,0.0,0.0,0.0,204,0
2025-03-26,0.000843840129149287,0.0011004621486442074,-0.0002566220194949204,1.829495386710001,1.4215478311797953,1.251409527315237,3658990.7734200004,28841.773420000256,3630149.0,0.007882439504771506,0,28,0.0,0.0,0.0,0.0,0.0,204,0
2025-03-27,-0.007128468371517815,-0.00894119347078968,0.0018127250992718644,1.816453886710001,1.4088374969932353,1.2536779887748692,3632907.7734200004,28841.773420000256,3604066.0,0.007939032647902525,0,28,0.0,0.0,0.0,0.0,0.0,204,0
2025-03-28,-0.006770884793709908,-0.009442079653838887,0.0026711948601289785,1.804154886710001,1.3955351411273103,1.2570268069747415,3608309.7734200004,28841.773420000256,3579468.0,0.007993153368499088,0,28,0.0,0.0,0.0,0.0,0.0,204,0
2025-03-31,0.0038131426800862567,-0.0015633193518511102,0.005376462031937367,1.8110343867100012,1.3933534740349978,1.2637851638755686,3622068.7734200004,28841.773420000256,3593227.0,0.007962790113664107,0,28,0.0,0.0,0.0,0.0,0.0,204,0
2025-04-01,0.011502829185835672,0.015591812244744542,-0.00408898305890887,1.831866405910001,1.415078379792714,1.258617567750381,3663732.8118200004,26952.81182000025,3636780.0,0.007356653228926685,28,28,1201550.0,1200447.0,785.9615999999999,0.0,0.0,204,1
2025-04-02,-0.0018339219438500143,-0.0011957728938653703,-0.000638149049984644,1.828506905910001,1.413386267423463,1.2578143821452272,3657013.8118200004,26952.81182000025,3630061.0,0.007370169544584393,0,28,0.0,0.0,0.0,0.0,0.0,204,0
2025-04-03,0.01239481236124762,0.010921808003744097,0.0014730043575035233,1.851170905910001,1.4288230008713905,1.2596671482110577,3702341.8118200004,26952.81182000025,3675389.0,0.007279936102590907,0,28,0.0,0.0,0.0,0.0,0.0,204,0
2025-04-07,-0.05997339286478476,-0.0746701761094903,0.014696783244705539,1.740149905910001,1.3221325357670333,1.2781802032487921,3480299.8118200004,26952.81182000025,3453347.0,0.007744393666448366,0,28,0.0,0.0,0.0,0.0,0.0,204,0
2025-04-08,0.02632100823293615,0.01829754628023844,0.008023461952697708,1.7859524059100012,1.3463243170288395,1.2884356334782503,3571904.8118200004,26952.81182000025,3544952.0,0.007545781099991555,0,28,0.0,0.0,0.0,0.0,0.0,204,0
2025-04-09,0.018066270911379467,0.010117191413332432,0.007949079498047035,1.8182179059100012,1.3599453378486444,1.2986775107568855,3636435.8118200004,26952.81182000025,3609483.0,0.007411876137725811,0,28,0.0,0.0,0.0,0.0,0.0,204,0
2025-04-10,0.00697771150463411,0.010063226866492818,-0.0030855153618587084,1.830904905910001,1.3736307763094446,1.2946704213473448,3661809.8118200004,26952.81182000025,3634857.0,0.0073605165765297095,0,28,0.0,0.0,0.0,0.0,0.0,204,0
2025-04-11,-0.0012603057605841128,-0.004711912071304882,0.003451606310720769,1.828597405910001,1.3671583488730363,1.299139113943971,3657194.8118200004,26952.81182000025,3630242.0,0.007369804783953306,0,28,0.0,0.0,0.0,0.0,0.0,204,0
2025-04-14,0.005256214390841674,0.01602507427412044,-0.010768859883278765,1.8382089059100009,1.3890671629582105,1.2851488668570215,3676417.8118200004,26952.81182000025,3649465.0,0.007331270056777724,0,28,0.0,0.0,0.0,0.0,0.0,204,0
2025-04-15,-0.005105241286682882,0.006569496862453671,-0.011674738149136554,1.828824405910001,1.398192635327002,1.270145090353806,3657648.8118200004,26952.81182000025,3630696.0,0.0073688900183363605,0,28,0.0,0.0,0.0,0.0,0.0,204,0
2025-04-16,0.015946309501206013,0.0043962158027887385,0.011550093698417275,1.857987405910001,1.4043393918857694,1.284815385157977,3715974.8118200004,26952.81182000025,3689022.0,0.007253227802908431,0,28,0.0,0.0,0.0,0.0,0.0,204,0
2025-04-17,-0.006577816384075064,0.0009839757080256878,-0.007561792092100752,1.8457659059100011,1.4057212277332085,1.2750998783386802,3691531.8118200004,26952.81182000025,3664579.0,0.007301254111829519,0,28,0.0,0.0,0.0,0.0,0.0,204,0
2025-04-18,-0.00385585191340454,-0.0019437863698648146,-0.0019120655435397253,1.838648905910001,1.402988805970911,1.2726618037967372,3677297.8118200004,26952.81182000025,3650345.0,0.007329515638729442,0,28,0.0,0.0,0.0,0.0,0.0,204,0
2025-04-21,-0.005733014044235318,0.003962648663745411,-0.00969566270798073,1.8281079059100012,1.4085483576881415,1.2603225042057937,3656215.8118200004,26952.81182000025,3629263.0,0.007371778146373589,0,28,0.0,0.0,0.0,0.0,0.0,204,0
2025-04-22,0.010744442347467853,0.005642589248131496,0.005101853099336357,1.8477499059100013,1.416496217506706,1.2667524844800393,3695499.8118200004,26952.81182000025,3668547.0,0.0072934144750304375,0,28,0.0,0.0,0.0,0.0,0.0,204,0
2025-04-23,0.0005679881225502115,-0.00457247688607394,0.005140465008624151,1.8487994059100015,1.4100193212929453,1.2732641813010968,3697598.8118200004,26952.81182000025,3670646.0,0.0072892742538322505,0,28,0.0,0.0,0.0,0.0,0.0,204,0
2025-04-24,0.001968033951313952,0.01172716241052178,-0.009759128459207829,1.8524379059100013,1.4265548468757212,1.2608382325932712,3704875.8118200004,26952.81182000025,3677923.0,0.007274956891675089,0,28,0.0,0.0,0.0,0.0,0.0,204,0
2025-04-25,0.004089324654733106,0.013442760586806542,-0.009353435932073436,1.8600131259100012,1.44573168214622,1.2490450629640013,3720026.2518200004,29190.25182000025,3690836.0,0.007846786512788476,0,28,0.0,0.0,0.0,2237.44,0.0,204,0
2025-04-28,0.006655329377820207,0.002373061844936156,0.004282267532884051,1.8723921259100011,1.4491624928391367,1.2543938080842412,3744784.2518200004,29190.25182000025,3715594.0,0.00779490882707422,0,28,0.0,0.0,0.0,0.0,0.0,204,0
2025-04-29,-0.007662390693417009,-0.014179050410020077,0.006516659716603068,1.858045125910001,1.4286147448008601,1.2625682656821402,3716090.2518200004,29190.25182000025,3686900.0,0.007855097654235919,0,28,0.0,0.0,0.0,0.0,0.0,204,0
2025-04-30,-0.016703577091433552,-0.01189521233228237,-0.004808364759151182,1.827009125910001,1.4116210690704245,1.2564973769274117,3654018.2518200004,33846.25182000025,3620172.0,0.009262748428566838,0,28,0.0,0.0,0.0,4656.0,0.0,204,0
2025-05-06,0.006429086660500127,0.013744798507218662,-0.007315711846718535,1.838755125910001,1.4310235162333422,1.247305204181653,3677510.2518200004,33846.25182000025,3643664.0,0.009203577829116788,0,28,0.0,0.0,0.0,0.0,0.0,204,0
2025-05-07,0.007825403066043846,0.006275426343727368,0.0015499767223164772,1.853144125910001,1.4400037989056065,1.2492384982137588,3706288.2518200004,33846.25182000025,3672442.0,0.00913211534569115,0,28,0.0,0.0,0.0,0.0,0.0,204,0
2025-05-08,0.002731034207884342,0.006788952736474763,-0.004057918528590421,1.8582051259100012,1.449779916636721,1.2441691901652288,3716410.2518200004,33846.25182000025,3682564.0,0.009107243153100512,0,28,0.0,0.0,0.0,0.0,0.0,204,0
2025-05-09,0.004551219820717156,0.006034166994731087,-0.001482947174013931,1.866662225910001,1.458528130759314,1.2423241529806779,3733324.45182,35449.45182000025,3697875.0,0.009495411469720667,0,28,0.0,0.0,0.0,1603.2,0.0,204,0
2025-05-12,-0.0018624151449281312,0.00012475785058044798,-0.0019871729955085794,1.8631857259100009,1.4587100935939188,1.2398554399722066,3726371.45182,35449.45182000025,3690922.0,0.009513128864994485,0,28,0.0,0.0,0.0,0.0,0.0,204,0
2025-05-13,0.014762618464440047,0.007923894821652996,0.006838723642787051,1.890691225910001,1.4702687589508405,1.2483344686831828,3781382.45182,35449.45182000025,3745933.0,0.009374733254748732,0,28,0.0,0.0,0.0,0.0,0.0,204,0
2025-05-14,0.010681543196076282,0.005129843870512738,0.005551699325563544,1.910886725910001,1.4778110081319509,1.255264846311049,3821773.45182,38777.45182000025,3782996.0,0.01014645486156007,0,28,0.0,0.0,0.0,3328.0,0.0,204,0
2025-05-15,0.001193425004778259,-0.003185930053312996,0.0043793550580912555,1.913167225910001,1.4731028056280264,1.2607620967649855,3826334.45182,38777.45182000025,3787557.0,0.010134360262615234,0,28,0.0,0.0,0.0,0.0,0.0,204,0
2025-05-16,-0.0020665208699252036,-0.0036107903594570926,0.001544269489531889,1.909213625910001,1.4677837402189755,1.2627090532045777,3818427.2518200004,41758.25182000025,3776669.0,0.010935982032942165,0,28,0.0,0.0,0.0,2980.8,0.0,204,0
2025-05-19,0.025010558981968467,0.012869860320353631,0.012140698661614836,1.956964125910001,1.48667391193608,1.2780392233168274,3913928.2518200004,41758.25182000025,3872170.0,0.010669140856269507,0,28,0.0,0.0,0.0,0.0,0.0,204,0
2025-05-20,-0.011152989322096407,0.006297245924619302,-0.01745023524671571,1.9351381259100011,1.4960358631692572,1.255737138215419,3870276.2518200004,41758.25182000025,3828518.0,0.010789475764259308,0,28,0.0,0.0,0.0,0.0,0.0,204,0
2025-05-21,0.006738795451031621,0.006391193950657035,0.00034760150037458585,1.9481786259100013,1.5055973185279106,1.2561736343287386,3896357.2518200004,41758.25182000025,3854599.0,0.0107172543792012,0,28,0.0,0.0,0.0,0.0,0.0,204,0
2025-05-22,-0.0051784265907791616,-0.006369669355140501,0.0011912427643613393,1.9380901259100014,1.4960071614269017,1.2576700420814144,3876180.2518200004,41758.25182000025,3834422.0,0.01077304178524549,0,28,0.0,0.0,0.0,0.0,0.0,204,0
2025-05-23,-0.019555334137108082,-0.015208854205341195,-0.004346479931766888,1.9001901259100014,1.4732546066186136,1.2522036044827232,3800380.2518200004,41758.25182000025,3758622.0,0.010987914117278723,0,28,0.0,0.0,0.0,0.0,0.0,204,0
2025-05-26,-0.0005886253089881777,0.002573063926157595,-0.0031616892351457727,1.8990716259100013,1.4770453849009495,1.2482445258262194,3798143.2518200004,41758.25182000025,3756385.0,0.010994385690953196,0,28,0.0,0.0,0.0,0.0,0.0,204,0
2025-05-27,0.004902921971433383,0.004091486615675736,0.0008114353557576465,1.9083826259100012,1.4830886963240175,1.2492573955671056,3816765.2518200004,41758.25182000025,3775007.0,0.010940744076437003,0,28,0.0,0.0,0.0,0.0,0.0,204,0
2025-05-28,0.002332079499978601,-0.0027805042729570194,0.00511258377293562,1.9128331259100013,1.4789649618667142,1.2556443286559016,3825666.2518200004,41758.25182000025,3783908.0,0.010915288755294433,0,28,0.0,0.0,0.0,0.0,0.0,204,0
2025-05-29,0.0033228199124668567,0.005034419072729583,-0.0017115991602627261,1.9191891259100013,1.4864106912786348,1.2534951688773854,3838378.2518200004,45490.25182000025,3792888.0,0.01185142496011972,0,28,0.0,0.0,0.0,3732.0,0.0,204,0
2025-05-30,0.002358027116193817,-0.003537136354834774,0.005895163471028591,1.9237146259100015,1.481153053984298,1.2608847278080624,3847429.2518200004,45490.25182000025,3801939.0,0.011823544721057937,0,28,0.0,0.0,0.0,0.0,0.0,204,0
2025-06-03,0.00891270449840742,0.0064758760699848,0.0024368284284226197,1.9408601259100018,1.49074481760258,1.263957287557749,3881720.2518200004,45490.25182000025,3836230.0,0.011719095882468989,0,28,0.0,0.0,0.0,0.0,0.0,204,0
2025-06-04,0.0030756466786605596,0.0040220567820546645,-0.0009464101033941049,1.9468295259100017,1.496740677906531,1.2627610656105457,3893659.05182,48255.051820000255,3845404.0,0.012393240183021305,0,28,0.0,0.0,0.0,2764.7999999999997,0.0,204,0
2025-06-05,-0.0096605787767724,-0.004768125639159357,-0.004892453137613042,1.9280220259100016,1.4896040303050322,1.256583066273044,3856044.05182,50863.051820000255,3805181.0,0.013190474781011277,0,28,0.0,0.0,0.0,2608.0,0.0,204,0
2025-06-06,0.003438964861861793,0.003623250154100957,-0.00018428529223916404,1.9346524259100017,1.4950012383373843,1.2563514964954532,3869304.8518200004,55943.85182000026,3813361.0,0.014458372747157933,0,28,0.0,0.0,0.0,5080.8,0.0,204,0
2025-06-09,0.0003861158676337073,0.0028186188994863332,-0.002432503031852626,1.9353994259100016,1.4992150770825174,1.2532954176711555,3870798.8518200004,55943.85182000026,3814855.0,0.014452792294721326,0,28,0.0,0.0,0.0,0.0,0.0,204,0
2025-06-10,0.014452055542410136,0.0027694113461107666,0.01168264419629937,1.9633699259100017,1.50336702032725,1.26793722210866,3926739.8518200004,55943.85182000026,3870796.0,0.014246895371505424,0,28,0.0,0.0,0.0,0.0,0.0,204,0
2025-06-11,0.0009330895700416786,0.0002381939816457471,0.0006948955883959314,1.9652019259100018,1.5037251133036968,1.2688183060906661,3930403.8518200004,55943.85182000026,3874460.0,0.01423361413461242,0,28,0.0,0.0,0.0,0.0,0.0,204,0
2025-06-12,-0.006800827855799718,-0.0029209462475524458,-0.0038798816082472724,1.9518369259100017,1.4993328130766421,1.2638954412806576,3903673.8518200004,55943.85182000026,3847730.0,0.014331077324484394,0,28,0.0,0.0,0.0,0.0,0.0,204,0
2025-06-13,-0.0008341270617374663,-0.0037490141421235657,0.0029148870803860994,1.9502088459100018,1.493711793156668,1.2675795537734054,3900417.6918200003,58819.691820000255,3841598.0,0.015080357148250447,0,28,0.0,0.0,0.0,2875.84,0.0,204,0
2025-06-16,-0.0010996258193052277,0.0032572377688222954,-0.004356863588127523,1.9480643459100018,1.498577167625073,1.2620568825705152,3896128.6918200003,59567.691820000255,3836561.0,0.015288943598055119,0,28,0.0,0.0,0.0,748.0,0.0,204,0
2025-06-17,0.0038879619227680795,0.004793477427953678,-0.0009055155051855982,1.955638345910002,1.5057605634521305,1.2609140704949213,3911276.6918200003,59567.691820000255,3851709.0,0.01522973098389573,0,28,0.0,0.0,0.0,0.0,0.0,204,0
2025-06-18,-0.0027676385111385926,-0.003969021388971104,0.0012013828778325115,1.9502258459100021,1.4997841675691197,1.262428911069632,3900451.6918200003,59567.691820000255,3840884.0,0.015271998354684202,0,28,0.0,0.0,0.0,0.0,0.0,204,0
2025-06-19,-0.010192142639113277,-0.010734273113710703,0.0005421304745974256,1.930348865910002,1.4836850747028136,1.2631133122543357,3860697.7318200003,61830.731820000256,3798867.0,0.01601542936407305,0,28,0.0,0.0,0.0,2263.04,0.0,204,0
2025-06-20,0.005015932700556336,0.0010035839160929478,0.004012348784463388,1.940031365910002,1.4851740771803326,1.2681813634173988,3880062.7318200003,61830.731820000256,3818232.0,0.015935497978662228,0,28,0.0,0.0,0.0,0.0,0.0,204,0
2025-06-23,0.012098515731466142,0.008820446545255621,0.0032780691862105207,1.9635028659100018,1.498273975738501,1.2723385496673438,3927005.7318200003,61830.731820000256,3865175.0,0.01574500676660442,0,28,0.0,0.0,0.0,0.0,0.0,204,0
2025-06-24,-0.004424235966660528,0.0021368410608709233,-0.006561077027531451,1.9548158659100017,1.5014755490902933,1.2639906384378787,3909631.7318200003,61830.731820000256,3847801.0,0.015814975952023233,0,28,0.0,0.0,0.0,0.0,0.0,204,0
2025-06-25,0.004042692786474289,0.004971743291177861,-0.0009290505047035722,1.9627185859100016,1.5089405000783505,1.2628163272972974,3925437.1718200003,66220.17182000025,3859217.0,0.01686950240737078,0,28,0.0,0.0,0.0,4389.44,0.0,204,0
2025-06-26,-0.00034314649325428714,0.0003196722423380483,-0.0006628187355923354,1.9620450859100016,1.509422866471565,1.2619793089759528,3924090.1718200003,66220.17182000025,3857870.0,0.01687529310502241,0,28,0.0,0.0,0.0,0.0,0.0,204,0
2025-06-27,-0.011389656721183528,-0.00687086252199416,-0.004518794199189368,1.9396980659100016,1.4990518294684845,1.2562766841950552,3879396.1318200002,77321.13182000026,3802075.0,0.01993122877702242,0,28,0.0,0.0,0.0,11100.960000000001,0.0,204,0
2025-06-30,-0.001226221772244851,0.0016820865084222546,-0.0029083082806671055,1.9373195659100015,1.501573364326259,1.2526230443116018,3874639.1318200002,77321.13182000026,3797318.0,0.019955698889481066,0,28,0.0,0.0,0.0,0.0,0.0,204,0
2025-07-01,0.015806394767719167,0.012401101033386609,0.0034052937343325585,1.9679416037600013,1.5201945273263113,1.2568885937158767,3935883.20752,29685.207520000287,3906198.0,0.0075421972540452836,28,28,2034300.0,1987905.0,1240.9243,0.0,0.0,204,1
2025-07-02,0.0032460312784663437,0.0015477217380025629,0.0016983095404637808,1.9743296037600016,1.522547365442247,1.2590231796058844,3948659.20752,29685.207520000287,3918974.0,0.007517794258736351,0,28,0.0,0.0,0.0,0.0,0.0,204,0
2025-07-03,-0.002194162510530173,0.0029090655116314197,-0.005103228022161593,1.9699976037600015,1.5269765554728805,1.2525980972351687,3939995.20752,29685.207520000287,3910310.0,0.007534325793935525,0,28,0.0,0.0,0.0,0.0,0.0,204,0
2025-07-04,0.0065074190829126355,0.009995192047482641,-0.0034877729645700056,1.9828172037600016,1.5422389793968354,1.24822931945616,3965634.4075200004,33680.407520000284,3931954.0,0.008493069218920533,0,28,0.0,0.0,0.0,3995.2,0.0,204,0
2025-07-07,0.009895011987385738,0.021063133022742996,-0.011168121035357258,2.0024372037600013,1.5747233641727305,1.234288943336592,4004874.4075200004,33680.407520000284,3971194.0,0.00840985361657239,0,28,0.0,0.0,0.0,0.0,0.0,204,0
2025-07-08,-0.00433721466205883,-0.0018236329562772416,-0.0025135817057815885,1.9937522037600013,1.5718516467488055,1.2311864572289726,3987504.4075200004,33680.407520000284,3953824.0,0.008446487847507502,0,28,0.0,0.0,0.0,0.0,0.0,204,0
2025-07-09,0.004691907039580112,0.004530140323907889,0.00016176671567222356,2.003106703760001,1.5789723552769435,1.2313856222185384,4006213.4075200004,33680.407520000284,3972533.0,0.00840704278428586,0,28,0.0,0.0,0.0,0.0,0.0,204,0
2025-07-10,0.006908069337507428,0.0015632862768257122,0.005344783060681715,2.0169443037600012,1.5814407410914353,1.237967111233339,4033888.60752,40587.60752000028,3993301.0,0.010061657985383289,0,28,0.0,0.0,0.0,6907.2,0.0,204,0
2025-07-11,-0.00548056779723316,-0.0051810926888820365,-0.00029947510835112365,2.005890303760001,1.5732471500298664,1.2375963708985673,4011780.60752,42211.60752000028,3969569.0,0.01052191324741824,0,28,0.0,0.0,0.0,1624.0,0.0,204,0
2025-07-14,0.003926444025995179,0.00979772051601815,-0.00587127649002297,2.013766319760001,1.5886613859084813,1.2303301004219729,4027532.63952,51891.63952000028,3975641.0,0.012884225694614037,0,28,0.0,0.0,0.0,9680.032,0.0,204,0
2025-07-15,-0.01265251074565421,-0.017359627896565952,0.004707117150911742,1.9882871197600012,1.5610828153954672,1.236121408338952,3976574.2395200003,55985.23952000028,3920589.0,0.014078761302532121,0,28,0.0,0.0,0.0,4093.6000000000004,0.0,204,0
2025-07-16,-0.0024423032024600833,-0.00014094080241670756,-0.0023013624000433755,1.9834311197600012,1.5608627951308265,1.233276645007912,3966862.2395200003,55985.23952000028,3910877.0,0.014113230089576951,0,28,0.0,0.0,0.0,0.0,0.0,204,0
2025-07-17,-0.0049930647459026645,-0.002609560438769477,-0.0023835043071331876,1.9735277197600012,1.5567896293303058,1.230337124812649,3947055.4395200005,58444.43952000028,3888611.0,0.014807098713340515,0,28,0.0,0.0,0.0,2459.2000000000003,0.0,204,0
2025-07-18,0.004993798618242007,0.0031695149353780047,0.0018242836828640022,1.983383119760001,1.56172389731171,1.2325816087538664,3966766.2395200003,61001.23952000028,3905765.0,0.015378077717879779,0,28,0.0,0.0,0.0,2556.8,0.0,204,0
2025-07-21,0.009081704800522727,0.007132981522437911,0.0019487232780848168,2.001395619760001,1.5728636450143842,1.2349835692269842,4002791.2395200003,61001.23952000028,3941790.0,0.015239675483879424,0,28,0.0,0.0,0.0,0.0,0.0,204,0
2025-07-22,0.007777322907235318,0.0014415542461235355,0.006335768661111782,2.016961119760001,1.575131013280428,1.2428081394218806,4033922.2395200003,61001.23952000028,3972921.0,0.015122066291307308,0,28,0.0,0.0,0.0,0.0,0.0,204,0
2025-07-23,-0.0004253924339910897,-0.004917250619934812,0.004491858185943723,2.016103119760001,1.5673856993288962,1.2483906573365002,4032206.2395200003,61001.23952000028,3971205.0,0.015128501841528313,0,28,0.0,0.0,0.0,0.0,0.0,204,0
2025-07-24,-0.005172850484573166,0.0008929001895317548,-0.006065750674104921,2.005674119760001,1.5687852183168962,1.240818230865215,4011348.2395200003,61001.23952000028,3950347.0,0.015207166238775547,0,28,0.0,0.0,0.0,0.0,0.0,204,0
2025-07-25,-0.009932819994897257,-0.0057529818901401325,-0.004179838104757125,1.985752119760001,1.5597600253663995,1.2356318115427671,3971504.2395200003,61001.23952000028,3910503.0,0.01535973168881042,0,28,0.0,0.0,0.0,0.0,0.0,204,0
2025-07-28,-0.004056649326892647,-0.0021543104390965213,-0.001902338887796126,1.977696619760001,1.5563998180612673,1.2332812210966713,3955393.2395200003,61001.23952000028,3894392.0,0.015422294529532789,0,28,0.0,0.0,0.0,0.0,0.0,204,0
2025-07-29,-0.006419336450876223,-0.005940887364474147,-0.0004784490864020762,1.965001119760001,1.5471534220480772,1.2326911588231608,3930002.2395200003,61001.23952000028,3869001.0,0.015521935053006688,0,28,0.0,0.0,0.0,0.0,0.0,204,0
2025-07-30,0.008183354115321784,0.0020560318067136206,0.006127322308608163,1.9810814197600009,1.5503344186936736,1.2402442548602421,3962162.8395200004,64646.83952000028,3897516.0,0.01631604811271007,0,28,0.0,0.0,0.0,3645.6000000000004,0.0,204,0
2025-07-31,-0.01608515413963174,-0.01591863676161844,-0.00016651737801330266,1.9492154197600007,1.5256552082234542,1.2400377326388268,3898430.8395200004,64646.83952000028,3833784.0,0.0165827847616658,0,28,0.0,0.0,0.0,0.0,0.0,204,0
2025-08-01,0.001303088398671104,0.00435313881108702,-0.003050050412415916,1.9517554197600007,1.532296597122709,1.2362555550409804,3903510.8395200004,64646.83952000028,3838864.0,0.01656120404880178,0,28,0.0,0.0,0.0,0.0,0.0,204,0
2025-08-04,0.0035186273497549436,0.005883327048329256,-0.0023646996985743126,1.9586229197600007,1.5413115991386237,1.2333321819026142,3917245.8395200004,64646.83952000028,3852599.0,0.016503135664296672,0,28,0.0,0.0,0.0,0.0,0.0,204,0
2025-08-05,0.00858409233874391,0.010073220349551229,-0.0014891280108073196,1.9754359197600007,1.5568375705040662,1.2314955924039128,3950871.8395200004,69182.83952000027,3881689.0,0.01751077795740533,0,28,0.0,0.0,0.0,4536.0,0.0,204,0
2025-08-06,-0.00020881467015654298,0.0005046749208972541,-0.000713489591053797,1.9750234197600005,1.5576232673818102,1.230616933117304,3950046.8395200004,69182.83952000027,3880864.0,0.01751443522842053,0,28,0.0,0.0,0.0,0.0,0.0,204,0
2025-08-07,0.00203187463999166,0.002551890507016816,-0.0005200158670251561,1.9790364197600006,1.5615981514113504,1.2299769927858533,3958072.8395200004,69182.83952000027,3888890.0,0.017478920253622757,0,28,0.0,0.0,0.0,0.0,0.0,204,0
2025-08-08,0.007144891250518093,0.008526506323159828,-0.0013816150726417356,1.9931764197600004,1.574913127923594,1.2282776380336178,3986352.8395200004,70352.83952000027,3916000.0,0.01764842259383931,0,28,0.0,0.0,0.0,1170.0,0.0,204,0
2025-08-11,-0.007554775307753836,-0.0015625501286378246,-0.005992225179116011,1.9781184197600004,1.5724522472129636,1.2209175218440476,3956236.8395200004,70352.83952000027,3885884.0,0.017782767405941247,0,28,0.0,0.0,0.0,0.0,0.0,204,0
2025-08-12,0.0031044653033185377,0.0049296436465810275,-0.0018251783432624898,1.9842594197600005,1.580203876442989,1.2186891296242681,3968518.8395200004,70352.83952000027,3898166.0,0.017727732276183315,0,28,0.0,0.0,0.0,0.0,0.0,204,0
2025-08-13,-0.0039014555873628787,-0.0021218934634801715,-0.0017795621238827072,1.9765179197600005,1.5768508521665987,1.216520396608401,3953035.8395200004,70352.83952000027,3882683.0,0.017797167133334898,0,28,0.0,0.0,0.0,0.0,0.0,204,0
2025-08-14,-0.008126159565479796,-0.012550930963119754,0.004424771397639958,1.9604564197600005,1.5570599059819192,1.2219032212639596,3920912.8395200004,70352.83952000027,3850560.0,0.017942974608079504,0,28,0.0,0.0,0.0,0.0,0.0,204,0
2025-08-15,0.00422478149298211,0.004133535217052597,9.12462759295133e-05,1.9687389197600005,1.563496067938356,1.222014715382446,3937477.8395200004,72704.83952000027,3864773.0,0.018464825069050644,0,28,0.0,0.0,0.0,2352.0,0.0,204,0
2025-08-18,0.00861236593121606,0.004274845186840609,0.00433752074437545,1.9856944197600006,1.5701797715790267,1.2273152295603496,3971388.8395200004,72704.83952000027,3898684.0,0.01830715713266387,0,28,0.0,0.0,0.0,0.0,0.0,204,0
2025-08-19,0.001637966027216331,0.0008154071958587073,0.0008225588313576237,1.9889469197600005,1.571460107463564,1.2283247685412844,3977893.8395200004,72704.83952000027,3905189.0,0.018277219667776082,0,28,0.0,0.0,0.0,0.0,0.0,204,0
2025-08-20,0.0031536789331496617,0.0044300406173771985,-0.0012763616842275368,1.9952194197600006,1.5784217395682154,1.2267569818709307,3990438.8395200004,72704.83952000027,3917734.0,0.018219760393256835,0,28,0.0,0.0,0.0,0.0,0.0,204,0
2025-08-21,0.00864290906013454,0.008847398982058314,-0.00020448992192377384,2.0124639197600005,1.59238666646013,1.2265061224314886,4024927.8395200004,72704.83952000027,3952223.0,0.018063638012618583,0,28,0.0,0.0,0.0,0.0,0.0,204,0
2025-08-22,9.574333139861224e-06,-0.001320841033573843,0.0013304153667137043,2.01248318776,1.5902833768097535,1.22813788502414,4024966.3755200002,74950.37552000026,3950016.0,0.01862136687050389,0,28,0.0,0.0,0.0,2245.536,0.0,204,0
2025-08-25,0.010552137841030484,0.0047184059847293295,0.005833731856301155,2.03371918776,1.5977869794123083,1.2353025121279355,4067438.3755200002,74950.37552000026,3992488.0,0.01842692343443759,0,28,0.0,0.0,0.0,0.0,0.0,204,0
2025-08-26,-0.005538129387668955,-0.0007188767598955654,-0.00481925262777339,2.02245618776,1.596638367485545,1.2293492772502679,4044912.3755200002,74950.37552000026,3969962.0,0.01852954243795328,0,28,0.0,0.0,0.0,0.0,0.0,204,0
2025-08-27,-0.010452636812574911,-0.01881463211504108,0.008361995302466167,2.00131618776,1.5665982039805448,1.2396290901317246,4002632.3755200002,74950.37552000026,3927682.0,0.018725270893823497,0,28,0.0,0.0,0.0,0.0,0.0,204,0
2025-08-28,-0.002813148684067457,-0.0011059776147637262,-0.0017071710693037307,1.99568618776,1.5648655814356134,1.2375128312123844,3991372.3755200002,74950.37552000026,3916422.0,0.01877809647120075,0,28,0.0,0.0,0.0,0.0,0.0,204,0
2025-08-29,0.004142685383456746,-0.0036515406433478698,0.007794226026804615,2.0039536877599997,1.559151411163625,1.2471582859299248,4007907.3755200002,74950.37552000026,3932957.0,0.01870062566260677,0,28,0.0,0.0,0.0,0.0,0.0,204,0
2025-09-01,0.007112439816876037,0.00194134273004629,0.005171097086829748,2.0182066877599993,1.562178258420729,1.2536074625091127,4036413.3755200002,74950.37552000026,3961463.0,0.018568557911971692,0,28,0.0,0.0,0.0,0.0,0.0,204,0
2025-09-02,0.012393428359788627,0.004197949300420517,0.00819547905936811,2.0432191877599992,1.5687362035477985,1.2638813762167738,4086438.3755200002,74950.37552000026,4011488.0,0.018341246981477557,0,28,0.0,0.0,0.0,0.0,0.0,204,0
2025-09-03,-0.008332928792953331,-0.017233412818236895,0.008900484025283564,2.0261931877599992,1.5417015249491457,1.2751305322156445,4052386.3755200002,74950.37552000026,3977436.0,0.018495367562374323,0,28,0.0,0.0,0.0,0.0,0.0,204,0
2025-09-04,0.0004404811966556288,0.004041566512264569,-0.0036010853156089404,2.027085687759999,1.5479324142042874,1.270538678380598,4054171.3755200002,74950.37552000026,3979221.0,0.018487224287697238,0,28,0.0,0.0,0.0,0.0,0.0,204,0
2025-09-05,0.0057439604405014055,0.00493904902626403,0.0008049114142373755,2.038729187759999,1.5555777282873855,1.2715613494650568,4077458.3755200002,74950.37552000026,4002508.0,0.018381640869710118,0,28,0.0,0.0,0.0,0.0,0.0,204,0
2025-09-08,0.012942376142164758,0.010118201059711332,0.002824175082453426,2.065115187759999,1.5713173765062063,1.2751524613440268,4130230.3755200002,74950.37552000026,4055280.0,0.0181467784374047,0,28,0.0,0.0,0.0,0.0,0.0,204,0
2025-09-09,0.0034044105828430204,-0.001719010346131593,0.0051234209289746134,2.072145687759999,1.5686162656789358,1.2816856041521103,4144291.3755200002,74950.37552000026,4069341.0,0.01808520896062622,0,28,0.0,0.0,0.0,0.0,0.0,204,0
2025-09-10,-0.006915536916465959,0.0009711936880805193,-0.007886730604546479,2.057815687759999,1.5701396958951837,1.271577295072437,4115631.3755200002,74950.37552000026,4040681.0,0.0182111488326698,0,28,0.0,0.0,0.0,0.0,0.0,204,0
2025-09-11,0.0067586227876119676,0.004628164677476514,0.0021304581101354537,2.071723687759999,1.5774065609744297,1.2742863372333881,4143447.3755200002,74950.37552000026,4068497.0,0.018088892829390413,0,28,0.0,0.0,0.0,0.0,0.0,204,0
2025-09-12,-0.003594349982092182,-0.0040657281607719324,0.0004713781786797504,2.0642771877599992,1.5709932546984895,1.2748870080061498,4128554.3755200002,74950.37552000026,4053604.0,0.018154145180795906,0,28,0.0,0.0,0.0,0.0,0.0,204,0
2025-09-15,-0.0076661216302894575,-0.0032691041386095424,-0.004397017491679915,2.0484521877599993,1.5658575141478268,1.2692813075320315,4096904.3755200002,74950.37552000026,4021954.0,0.018294392216681204,0,28,0.0,0.0,0.0,0.0,0.0,204,0
2025-09-16,-0.003869018787627465,0.0009354020430059017,-0.004804420830633367,2.0405266877599995,1.5673222204656168,1.263183145978191,4081053.3755200002,74950.37552000026,4006103.0,0.018365448481900883,0,28,0.0,0.0,0.0,0.0,0.0,204,0
2025-09-17,-0.0038872316875734336,0.0007215397346796278,-0.004608771422253062,2.0325946877599996,1.5684531057247288,1.257361423593935,4065189.3755200002,74950.37552000026,3990239.0,0.01843711783055936,0,28,0.0,0.0,0.0,0.0,0.0,204,0
2025-09-18,-0.017746774709793578,-0.017440413554513354,-0.00030636115528022423,1.9965226877599997,1.5410986349200289,1.256976216895598,3993045.3755200002,74950.37552000026,3918095.0,0.018770228853269604,0,28,0.0,0.0,0.0,0.0,0.0,204,0
2025-09-19,-0.000842965627346981,0.00010140829050217013,-0.0009443739178491512,1.9948396877599996,1.5412549150980914,1.255789161341005,3989679.3755200002,74950.37552000026,3914729.0,0.01878606486021988,0,28,0.0,0.0,0.0,0.0,0.0,204,0
2025-09-22,-0.007295573719180437,-0.004887104321029388,-0.0024084693981510493,1.9802861877599998,1.5337226415427079,1.2527646315753853,3960572.3755200002,74950.37552000026,3885622.0,0.018924127225464403,0,28,0.0,0.0,0.0,0.0,0.0,204,0
2025-09-23,0.0054827933796182116,0.0035339056170549305,0.001948887762563281,1.9911436877599997,1.5391426726006598,1.2552061292352348,3982287.3755200002,74950.37552000026,3907337.0,0.018820935922589807,0,28,0.0,0.0,0.0,0.0,0.0,204,0
2025-09-24,0.000325441104016555,0.007401397730713471,-0.007075956626696916,1.99179168776,1.5505344796848906,1.2463243451072021,3983583.3755200002,74950.37552000026,3908633.0,0.01881481280913734,0,28,0.0,0.0,0.0,0.0,0.0,204,0
2025-09-25,-0.009733949649023854,-0.01049450945860302,0.000760559809579165,1.9724036877599997,1.5342623809219473,1.2472722493137909,3944807.3755200002,74950.37552000026,3869857.0,0.018999755472247967,0,28,0.0,0.0,0.0,0.0,0.0,204,0
2025-09-26,0.004907463953787605,0.001842145334482546,0.0030653186193050595,1.9820831877599996,1.5370887152088348,1.251095536162955,3964166.3755200002,74950.37552000026,3889216.0,0.01890697019752826,0,28,0.0,0.0,0.0,0.0,0.0,204,0
2025-09-29,0.0030611732330250163,0.004424616162991184,-0.0013634429299661677,1.9881506877599995,1.5438897427820995,1.2493897387994615,3976301.3755200002,74950.37552000026,3901351.0,0.018849269318827383,0,28,0.0,0.0,0.0,0.0,0.0,204,0
2025-09-30,-4.199882861699589e-05,-0.00404126268685155,0.003999263858234554,1.9880671877599996,1.5376504787719814,1.254386378026691,3976134.3755200002,74950.37552000026,3901184.0,0.018850060999308714,0,28,0.0,0.0,0.0,0.0,0.0,204,0
2025-10-09,0.010608124177011291,0.012662313381503441,-0.0020541892044921503,2.0091568513599993,1.557120691005411,1.2518096310706865,4018313.70272,26104.702720000147,3992209.0,0.006496432247768473,28,28,1741687.0,1693903.0,1061.6727999999998,0.0,0.0,204,1
2025-10-10,0.015021724152382898,0.01508883028782201,-6.710613543911212e-05,2.0393378513599996,1.5806158208496477,1.25172562696404,4078675.70272,26104.702720000147,4052571.0,0.006400288873810526,0,28,0.0,0.0,0.0,0.0,0.0,204,0
2025-10-13,-0.003314556239659927,-0.0005388735481238792,-0.002775682691536048,2.0325783513599998,1.5797640687940457,1.2482512338067238,4065156.70272,26104.702720000147,4039052.0,0.006421573540457485,0,28,0.0,0.0,0.0,0.0,0.0,204,0
2025-10-14,0.014510879730793791,0.013848199824134244,0.0006626799066595471,2.06207285136,1.601640957293693,1.2490784248178306,4124145.70272,26104.702720000147,4098041.0,0.006329723681387711,0,28,0.0,0.0,0.0,0.0,0.0,204,0
2025-10-15,-0.00086817495260616,0.004154411987650139,-0.005022586940256299,2.06028261136,1.6082948336865854,1.2428048198339847,4120565.22272,31268.222720000147,4089297.0,0.007588333403289726,0,28,0.0,0.0,0.0,5163.52,0.0,204,0
2025-10-16,0.00697316956459515,-0.002173073435093844,0.009146242999688994,2.07464931136,1.6047998909077024,1.254171814717371,4149298.6227200003,32434.62272000015,4116864.0,0.007816892846034349,0,28,0.0,0.0,0.0,1166.3999999999999,0.0,204,0
2025-10-17,-0.0016557015111861029,-0.004028814738821836,0.002373113227635733,2.07121431136,1.5983344494543537,1.2571481064406047,4142428.6227200003,32434.62272000015,4109994.0,0.007829856751690494,0,28,0.0,0.0,0.0,0.0,0.0,204,0
2025-10-20,0.006629444343199786,0.011552406029861807,-0.004922961686662021,2.08494531136,1.616799057985966,1.2509592144781378,4169890.6227200003,32434.62272000015,4137456.0,0.007778291004391668,0,28,0.0,0.0,0.0,0.0,0.0,204,0
2025-10-21,0.002836765054591295,0.008507099850696202,-0.005670334796104907,2.0908598113599997,1.630553329010764,1.2438658569157743,4181719.6227200003,32434.62272000015,4149285.0,0.007756288236967701,0,28,0.0,0.0,0.0,0.0,0.0,204,0
2025-10-22,0.004414930140149265,-0.0014920638181267548,0.0059069939582760194,2.10009081136,1.628120439385021,1.2512133650174817,4200181.62272,32434.62272000015,4167747.0,0.007722195284259107,0,28,0.0,0.0,0.0,0.0,0.0,204,0
2025-10-23,0.012606835788617543,0.008631511041607254,0.003975324747010289,2.12656631136,1.6421735789346394,1.2561873444712257,4253132.62272,32434.62272000015,4220698.0,0.007626054862887694,0,28,0.0,0.0,0.0,0.0,0.0,204,0
2025-10-24,-0.015505324157473743,-0.010568250991105956,-0.004937073166367788,2.09359321136,1.6248186763814956,1.249985455640906,4187186.42272,33255.42272000015,4153931.0,0.007942188229201745,0,28,0.0,0.0,0.0,820.8000000000001,0.0,204,0
2025-10-27,0.005334608432717047,0.005070494530492147,0.00026411390222490054,2.10476171136,1.6330573105931296,1.2503155941773196,4209523.42272,33255.42272000015,4176268.0,0.007900044584741145,0,28,0.0,0.0,0.0,0.0,0.0,204,0
2025-10-28,0.011912512406831555,0.0006509187771217665,0.011261593629709788,2.12983471136,1.6341202982607106,1.2643961403078336,4259669.42272,33255.42272000015,4226414.0,0.007807043087105335,0,28,0.0,0.0,0.0,0.0,0.0,204,0
2025-10-29,-0.003766958983815627,-0.002569096321066429,-0.001197862662749198,2.12181171136,1.6299220858142691,1.2628815673804346,4243623.42272,36267.42272000015,4207356.0,0.008546333900842248,0,28,0.0,0.0,0.0,3012.0,0.0,204,0
2025-10-30,-0.002540753249280825,-0.0023368294408254225,-0.0002039238084554024,2.11642071136,1.6261132358978867,1.2626240357615863,4232841.42272,36267.42272000015,4196574.0,0.008568103337236505,0,28,0.0,0.0,0.0,0.0,0.0,204,0
2025-10-31,-0.007039195902796891,-0.004104306867538321,-0.00293488903525857,2.10152281136,1.619439168176396,1.2589183743233758,4203045.62272,37336.622720000145,4165709.0,0.008883230417051184,0,28,0.0,0.0,0.0,1069.2,0.0,204,0
2025-11-03,0.010338455467889807,0.009419021861173294,0.0009194336067165128,2.12324931136,1.63469270110429,1.2600758661848415,4246498.62272,37336.622720000145,4209162.0,0.008792331291534719,0,28,0.0,0.0,0.0,0.0,0.0,204,0
2025-11-04,0.01028659229189155,0.008063740931756267,0.0022228513601352824,2.1450903113599997,1.647874439549028,1.2628768275378641,4290180.62272,37336.622720000145,4252844.0,0.008702809043114018,0,28,0.0,0.0,0.0,0.0,0.0,204,0
2025-11-05,0.004405642014208899,0.009429970251837207,-0.0050243282376283074,2.15454081136,1.6634138464927382,1.2565317198326191,4309081.62272,37336.622720000145,4271745.0,0.008664635759772945,0,28,0.0,0.0,0.0,0.0,0.0,204,0
2025-11-06,0.003588931785014182,0.004636768295551659,-0.0010478365105374768,2.1622733113600003,1.6711267110785375,1.25521508001993,4324546.62272,37336.622720000145,4287210.0,0.008633650178227611,0,28,0.0,0.0,0.0,0.0,0.0,204,0
2025-11-07,-0.0041687606985865155,-0.0007820533545048559,-0.0033867073440816595,2.1532593113600003,1.6698198008283358,1.2509640338900245,4306518.62272,37336.622720000145,4269182.0,0.008669792468334506,0,28,0.0,0.0,0.0,0.0,0.0,204,0
2025-11-10,0.002062454798904323,0.004883979195988859,-0.002821524397084536,2.15770031136,1.6779751659966318,1.2474344083485285,4315400.62272,37336.622720000145,4278064.0,0.008651948216216098,0,28,0.0,0.0,0.0,0.0,0.0,204,0
2025-11-11,0.00254669287067788,0.0016451322419822726,0.0009015606286956075,2.16319531136,1.6807356570434586,1.2485590460979756,4326390.62272,37336.622720000145,4289054.0,0.008629970332296677,0,28,0.0,0.0,0.0,0.0,0.0,204,0
2025-11-12,6.522758220639524e-05,-0.0020832468397335704,0.0021484744219399656,2.16333641136,1.6772342697974953,1.251241543272799,4326672.8227200005,39395.82272000014,4287277.0,0.009105338983138922,0,28,0.0,0.0,0.0,2059.2,0.0,204,0
2025-11-13,-0.0010966856507114153,0.0006801214134370508,-0.001776807064148466,2.16096391136,1.6783749927397351,1.2490183284597558,4321927.8227200005,39395.82272000014,4282532.0,0.009115335640937758,0,28,0.0,0.0,0.0,0.0,0.0,204,0
2025-11-14,0.0024378010073682344,0.006516785505801256,-0.004078984498433021,2.1662319113599997,1.6893126025657208,1.2439236020597098,4332463.8227200005,39395.82272000014,4293068.0,0.009093168306081024,0,28,0.0,0.0,0.0,0.0,0.0,204,0
2025-11-17,-0.009175148743664208,-0.0059347439918943454,-0.003240404751769862,2.1463564113599998,1.6792869647472126,1.2398927861087568,4292712.8227200005,39395.82272000014,4253317.0,0.009177372059805688,0,28,0.0,0.0,0.0,0.0,0.0,204,0
2025-11-18,-0.010836038170036755,-0.014547350203078891,0.0037113120330421363,2.1230984113599995,1.6548577891795695,1.2444944151255242,4246196.8227200005,39395.82272000014,4206801.0,0.009277907823115045,0,28,0.0,0.0,0.0,0.0,0.0,204,0
2025-11-19,-0.003605343944041106,-0.008146512453760316,0.0045411685097192095,2.1154439113599994,1.641376469590816,1.2501458739740137,4230887.8227200005,39395.82272000014,4191492.0,0.009311478907203196,0,28,0.0,0.0,0.0,0.0,0.0,204,0
2025-11-20,0.0026585436606467727,0.0014085314803994264,0.0012500121802473463,2.1210679113599995,1.6436884000194214,1.2517085715435672,4242135.8227200005,39395.82272000014,4202740.0,0.0092867895716597,0,28,0.0,0.0,0.0,0.0,0.0,204,0
2025-11-21,-0.022466041631569622,-0.030766804855317288,0.008300763223747665,2.0734159113599993,1.5931173597730752,1.262098708021086,4146831.82272,39395.82272000014,4107436.0,0.009500221953577933,0,28,0.0,0.0,0.0,0.0,0.0,204,0
2025-11-24,-0.0038682542928587527,-0.0011211615377016801,-0.0027470927551570727,2.0653954113599995,1.5913312178642527,1.2586316058039881,4130790.82272,39395.82272000014,4091395.0,0.009537113935500417,0,28,0.0,0.0,0.0,0.0,0.0,204,0
2025-11-25,0.01033269459330688,0.010225634421220238,0.00010706017208664091,2.08673651136,1.6076035891412075,1.2587663551202992,4173473.0227200002,41587.02272000014,4131886.0,0.00996460801198528,0,28,0.0,0.0,0.0,2191.2,0.0,204,0
2025-11-26,-0.0023551128631937868,-0.003078588399124378,0.000723475535930591,2.08182201136,1.6026544393812867,1.2596770417836813,4163644.0227200002,41587.02272000014,4122057.0,0.009988131188225937,0,28,0.0,0.0,0.0,0.0,0.0,204,0
2025-11-27,0.003532962933365802,0.004348262345928076,-0.0008152994125622745,2.08917701136,1.609623201333583,1.258650027831497,4178354.0227200002,41587.02272000014,4136767.0,0.009952967722186467,0,28,0.0,0.0,0.0,0.0,0.0,204,0
2025-11-28,-6.031083020485717e-05,0.005465816022595616,-0.005526126852800474,2.08905101136,1.6184211056177735,1.2516945681144191,4178102.0227200002,41587.02272000014,4136515.0,0.009953568030137864,0,28,0.0,0.0,0.0,0.0,0.0,204,0
2025-12-01,0.007197047806990486,0.004972570095113983,0.002224477711876504,2.1040860113599997,1.6264688180088698,1.2544789347832666,4208172.02272,41587.02272000014,4166585.0,0.009882443611019469,0,28,0.0,0.0,0.0,0.0,0.0,204,0
2025-12-02,0.006786081901077212,0.0008295988373325317,0.005956483063744681,2.1183645113599994,1.6278181346492477,1.2619512173121274,4236729.02272,41587.02272000014,4195142.0,0.009815832567290574,0,28,0.0,0.0,0.0,0.0,0.0,204,0
2025-12-03,0.00493965979126143,0.0012822810250137432,0.003657378766247687,2.1288285113599996,1.6299054549554817,1.2665666508983653,4257657.02272,44243.02272000014,4213414.0,0.01039140129980116,0,28,0.0,0.0,0.0,2656.0,0.0,204,0
2025-12-04,-0.007287106461238424,-0.006595453483643335,-0.0006916529775950891,2.1133155113599997,1.6191554893445863,1.2656906263029488,4226631.02272,44243.02272000014,4182388.0,0.01046768040128756,0,28,0.0,0.0,0.0,0.0,0.0,204,0
2025-12-05,-0.0017169703153623317,0.00041894447164283864,-0.0021359147870051703,2.1096870113599997,1.6198338255855775,1.2629872189784546,4219374.02272,44243.02272000014,4175131.0,0.010485684009468086,0,28,0.0,0.0,0.0,0.0,0.0,204,0
2025-12-08,-0.0028655909466412943,-0.002188623749356596,-0.0006769671972846982,2.1036415113599998,1.6162886188048897,1.2621322180606163,4207283.02272,44243.02272000014,4163040.0,0.01051581804244705,0,28,0.0,0.0,0.0,0.0,0.0,204,0
2025-12-09,-0.0014403594831331468,-0.006448066483214634,0.005007707000081487,2.10061151136,1.6058666823347727,1.268452606404027,4201223.02272,44243.02272000014,4156980.0,0.010530986448645105,0,28,0.0,0.0,0.0,0.0,0.0,204,0
2025-12-10,0.0019560970592509275,-0.00019534919140239547,0.0021514462506533228,2.10472051136,1.6055529775768786,1.2711816140082064,4209441.02272,44243.02272000014,4165198.0,0.010510427033233924,0,28,0.0,0.0,0.0,0.0,0.0,204,0
2025-12-11,-0.009672780727947972,-0.01011113464085262,0.0004383539129046484,2.08436201136,1.589319015247577,1.2717388414427193,4168724.0227200002,44243.02272000014,4124481.0,0.010613085078040868,0,28,0.0,0.0,0.0,0.0,0.0,204,0
2025-12-12,-0.009205454664509394,0.0023901218416930094,-0.011595576506202403,2.06517451136,1.5931176813393382,1.256992296410861,4130349.0227200002,44243.02272000014,4086106.0,0.010711691064515496,0,28,0.0,0.0,0.0,0.0,0.0,204,0
2025-12-15,0.005952771512710564,0.0013584632707051738,0.00459430824200539,2.07746802336,1.5952818731953486,1.2627673064783989,4154936.04672,46528.04672000014,4108408.0,0.011198258215485753,0,28,0.0,0.0,0.0,2285.024,0.0,204,0
2025-12-16,-0.007478574796483284,-0.015163888383341869,0.007685313586858585,2.0619315233599997,1.571091196930246,1.2724720692159182,4123863.04672,46528.04672000014,4077335.0,0.011282636254617423,0,28,0.0,0.0,0.0,0.0,0.0,204,0
2025-12-17,0.004069970270557333,0.0014897203858366445,0.002580249884720688,2.07032352336,1.5734316835143214,1.2757553651258229,4140647.04672,46528.04672000014,4094119.0,0.011236902395932823,0,28,0.0,0.0,0.0,0.0,0.0,204,0
2025-12-18,0.008572090207040528,0.004835155250554297,0.0037369349564862313,2.08807052336,1.5810394699802541,1.2805227799456864,4176141.04672,46528.04672000014,4129613.0,0.01114139733296219,0,28,0.0,0.0,0.0,0.0,0.0,204,0
2025-12-19,0.0032553977099689657,0.008484291071396508,-0.0052288933614275425,2.0948680233599997,1.594453469038933,1.2738270628824717,4189736.04672,46528.04672000014,4143208.0,0.011105245342704904,0,28,0.0,0.0,0.0,0.0,0.0,204,0
2025-12-22,-0.003041241705423303,0.000988392831685659,-0.004029634537108962,2.0884970233599995,1.5960294154181873,1.2686940053555764,4176994.04672,46528.04672000014,4130466.0,0.01113912210541369,0,28,0.0,0.0,0.0,0.0,0.0,204,0
2025-12-23,-0.002656216378549181,-0.003629330587594525,0.0009731142090453442,2.0829495233599995,1.5902368970421095,1.2699285895191188,4165899.04672,46528.04672000014,4119371.0,0.011168788825219796,0,28,0.0,0.0,0.0,0.0,0.0,204,0
2025-12-24,0.0035905814884729104,0.004597603461018005,-0.0010070219725450942,2.0904285233599995,1.5975481757037888,1.2686497435259099,4180857.04672,46528.04672000014,4134329.0,0.011128829854754947,0,28,0.0,0.0,0.0,0.0,0.0,204,0
2025-12-25,0.003846818922597972,0.005403604155819347,-0.0015567852332213751,2.098470023359999,1.6061806936651435,1.2666747283390587,4196940.04672,46528.04672000014,4150412.0,0.011086183314999417,0,28,0.0,0.0,0.0,0.0,0.0,204,0
2025-12-26,-0.003738199694384825,-8.04949045804254e-05,-0.0036577047898043997,2.090625523359999,1.606051404303468,1.2620416061180888,4181251.04672,46528.04672000014,4134723.0,0.011127781183217701,0,28,0.0,0.0,0.0,0.0,0.0,204,0
2025-12-29,-0.01090008695740774,-0.007518604460249272,-0.003381482497158468,2.067837523359999,1.5939761390516822,1.2577740345163149,4135675.04672,46528.04672000014,4089147.0,0.011250411648492907,0,28,0.0,0.0,0.0,0.0,0.0,204,0
2025-12-30,-0.007274265908260746,-0.007257683830078333,-1.658207818241303e-05,2.052795523359999,1.582407564201756,1.2577531780089386,4105591.04672,46528.04672000014,4059063.0,0.01133284981152029,0,28,0.0,0.0,0.0,0.0,0.0,204,0
2025-12-31,-0.0012636426621557284,0.00030621556052566384,-0.0015698582226813924,2.050201523359999,1.5828921220210082,1.2557786838403375,4100403.04672,48304.04672000014,4052099.0,0.011780316756578252,0,28,0.0,0.0,0.0,1776.0,0.0,204,0
2026-01-05,-0.0006972848199122694,0.0063283734832571045,-0.007025658303169374,2.048771948959999,1.5929092545528625,1.2469560119032717,4097543.89792,29767.89791999999,4067776.0,0.007264814889502661,28,28,1693953.0,1676465.0,1048.1488,0.0,0.0,204,1
2026-01-06,0.007396870114164011,0.0076345941334247545,-0.0002377240192607431,2.063926448959999,1.6050704702027498,1.2466595805082807,4127852.89792,29767.89791999999,4098085.0,0.007211472563617723,0,28,0.0,0.0,0.0,0.0,0.0,204,0
2026-01-07,-0.0038780451716354802,-0.0019851689032283066,-0.0018928762684071736,2.0559224489599988,1.6018841342178134,1.2442998081735541,4111844.89792,29767.89791999999,4082077.0,0.007239547857230279,0,28,0.0,0.0,0.0,0.0,0.0,204,0
2026-01-08,-0.004077488430675236,0.002943529130013584,-0.007021017560688819,2.047539448959999,1.60659932682979,1.2355635573696058,4095078.89792,29767.89791999999,4065311.0,0.007269187886738861,0,28,0.0,0.0,0.0,0.0,0.0,204,0
2026-01-09,0.0022876238122684356,0.00460312969369867,-0.002315505881430234,2.0522234489599986,1.6139947118969964,1.2327026026856356,4104446.89792,29767.89791999999,4074679.0,0.007252596673886899,0,28,0.0,0.0,0.0,0.0,0.0,204,0
2026-01-12,0.005393418541050687,0.010066097690472403,-0.004672679149421715,2.0632919489599986,1.6302413403388576,1.2269425789366286,4126583.89792,29767.89791999999,4096816.0,0.007213690223287225,0,28,0.0,0.0,0.0,0.0,0.0,204,0
2026-01-13,-0.00014879135265111199,0.001501384313754187,-0.001650175666405299,2.0629849489599987,1.6326889591148759,1.2249179081487909,4125969.89792,30875.89791999999,4095094.0,0.007483306636717167,0,28,0.0,0.0,0.0,1108.0,0.0,204,0
2026-01-14,-0.00793049896376985,-0.0035514948757604135,-0.004379004088009436,2.0466244489599985,1.6268904726428688,1.2195539876215313,4093248.89792,30875.89791999999,4062373.0,0.007543127400752418,0,28,0.0,0.0,0.0,0.0,0.0,204,0
2026-01-15,-0.0006254200670037235,-0.001523644156737583,0.0008982240897338594,2.0453444489599986,1.6244116704805744,1.220649420391944,4090688.89792,30875.89791999999,4059813.0,0.007547847976339514,0,28,0.0,0.0,0.0,0.0,0.0,204,0
2026-01-16,-0.0039531238878181,-0.0012301548012983064,-0.0027229690865197935,2.0372589489599986,1.6224133926648479,1.2173256297547383,4074517.89792,30875.89791999999,4043642.0,0.007577803974247314,0,28,0.0,0.0,0.0,0.0,0.0,204,0
2026-01-19,0.008166364913254176,0.010580296838038015,-0.002413931924783839,2.0538959489599984,1.6395790079532502,1.2143870885542158,4107791.89792,30875.89791999999,4076916.0,0.007516422128305513,0,28,0.0,0.0,0.0,0.0,0.0,204,0
2026-01-20,0.01257196111276948,0.009968074454205451,0.0026038866585640294,2.079717448959998,1.6559224535780805,1.2175492148924345,4159434.89792,30875.89791999999,4128559.0,0.00742309921365521,0,28,0.0,0.0,0.0,0.0,0.0,204,0
2026-01-21,-0.009058201636679364,-0.007986310332965187,-0.0010718913037141772,2.060878948959998,1.6426977429764809,1.2162441344771473,4121757.89792,30875.89791999999,4090882.0,0.00749095378347699,0,28,0.0,0.0,0.0,0.0,0.0,204,0
2026-01-22,0.0024569613865750295,0.009168941487958805,-0.006711980101383776,2.065942448959998,1.6577595424642342,1.208080728048112,4131884.89792,30875.89791999999,4101009.0,0.007472593908785548,0,28,0.0,0.0,0.0,0.0,0.0,204,0
2026-01-23,0.0003117221393675873,0.002064107733505183,-0.0017523855941375959,2.066586448959998,1.6611813367561268,1.2059637047837253,4133172.89792,30875.89791999999,4102297.0,0.007470265261716523,0,28,0.0,0.0,0.0,0.0,0.0,204,0
2026-01-26,0.0033477912349042516,0.0007369854154659029,0.0026108058194383487,2.0735049489599984,1.6624056031737604,1.209112241842206,4147009.89792,30875.89791999999,4116134.0,0.007445339818331829,0,28,0.0,0.0,0.0,0.0,0.0,204,0
2026-01-27,-0.008586186403331086,-0.007521895622398288,-0.0010642907809327983,2.0557014489599985,1.6499011617445973,1.2078253948301003,4111402.89792,30875.89791999999,4080527.0,0.00750982053732083,0,28,0.0,0.0,0.0,0.0,0.0,204,0
2026-01-28,0.005280192804987038,0.002367112138776073,0.0029130806662109655,2.0665559489599987,1.6538066628123438,1.2113438876359386,4133111.89792,30875.89791999999,4102236.0,0.007470375514279778,0,28,0.0,0.0,0.0,0.0,0.0,204,0
2026-01-29,0.0016457333282999809,0.0017597099700470823,-0.00011397664174710143,2.069956948959999,1.6567168828854248,1.211205822727625,4139913.89792,30875.89791999999,4109038.0,0.007458101468127837,0,28,0.0,0.0,0.0,0.0,0.0,204,0
2026-01-30,-0.0029911250101654074,-0.0018717261985237176,-0.0011193988116416898,2.063765448959999,1.6536159624921916,1.2098500003690102,4127530.89792,30875.89791999999,4096655.0,0.0074804765085003675,0,28,0.0,0.0,0.0,0.0,0.0,204,0
2026-02-02,-0.013094511303897605,-0.015517605129408871,0.0024230938255112664,2.036741448959999,1.6279558029505503,1.212781580434699,4073482.89792,30875.89791999999,4042607.0,0.007579729360289158,0,28,0.0,0.0,0.0,0.0,0.0,204,0
2026-02-03,0.00175353626834851,0.003610713254640537,-0.001857176986292027,2.040312948959999,1.6338338845462328,1.2105292303941169,4080625.89792,30875.89791999999,4049750.0,0.007566461295983596,0,28,0.0,0.0,0.0,0.0,0.0,204,0
2026-02-04,0.014212035469745254,0.01332442320453079,0.0008876122652144644,2.069309948959999,1.6556037786698294,1.2116037109864153,4138619.89792,30875.89791999999,4107744.0,0.007460433352557381,0,28,0.0,0.0,0.0,0.0,0.0,204,0
2026-02-05,0.0015024332152671072,-0.003754927217164866,0.005257360432431973,2.0724189489599993,1.649387106980461,1.217973548396343,4144837.89792,33071.89791999999,4111766.0,0.007979057018513662,0,28,0.0,0.0,0.0,2196.0,0.0,204,0
2026-02-06,-0.003323169769054668,0.0017078421285206186,-0.005031011897575287,2.0655319489599995,1.6522039997680011,1.211845908983429,4131063.89792,33071.89791999999,4097992.0,0.00800566118976077,0,28,0.0,0.0,0.0,0.0,0.0,204,0
2026-02-09,0.005272249604022505,0.00528716305991583,-1.4913455893324906e-05,2.0764219489599998,1.6609394717230197,1.211827836172916,4152843.89792,33071.89791999999,4119772.0,0.00796367470893005,0,28,0.0,0.0,0.0,0.0,0.0,204,0
2026-02-10,-0.0023716277910019734,-0.003220245849123946,0.0008486180581219727,2.0714974489599998,1.6555908382835576,1.2128562151580273,4142994.89792,33071.89791999999,4109923.0,0.00798260648030337,0,28,0.0,0.0,0.0,0.0,0.0,204,0
2026-02-11,0.0036915324244493064,0.004099148418004728,-0.000407615993555422,2.0791444489599997,1.6623773508491706,1.2123618355668457,4158288.89792,33071.89791999999,4125217.0,0.007953246811817895,0,28,0.0,0.0,0.0,0.0,0.0,204,0
2026-02-12,-0.008592957554698355,-0.004551679074245537,-0.004041278480452818,2.0612784489599996,1.6548107426478107,1.2074623437702472,4122556.89792,33071.89791999999,4089485.0,0.008022181073276666,0,28,0.0,0.0,0.0,0.0,0.0,204,0
2026-02-13,-0.012995818208605292,-0.011996833255733585,-0.0009989849528717065,2.0344904489599993,1.6349582540984682,1.2062561070576614,4068980.89792,33071.89791999999,4035909.0,0.00812780859622758,0,28,0.0,0.0,0.0,0.0,0.0,204,0
2026-02-24,0.01019124961269724,0.018192931005356988,-0.008001681392659749,2.0552244489599993,1.6647029368119206,1.1966040300110359,4110448.89792,33071.89791999999,4077377.0,0.008045811720645713,0,28,0.0,0.0,0.0,0.0,0.0,204,0
2026-02-25,0.0037287898184930057,0.005159519645070591,-0.0014307298265775854,2.0628879489599994,1.6732920043176085,1.1948920129346963,4125775.89792,33071.89791999999,4092704.0,0.008015922032186262,0,28,0.0,0.0,0.0,0.0,0.0,204,0
2026-02-26,0.0019133370777553171,0.004919260017070951,-0.0030059229393156342,2.066834948959999,1.6815233627713324,1.191300259623011,4133669.89792,33071.89791999999,4100598.0,0.008000614160468223,0,28,0.0,0.0,0.0,0.0,0.0,204,0
2026-02-27,0.013337301081477682,0.01908252283586341,-0.005745221754385729,2.0944009489599993,1.713611070740454,1.1844559754554194,4188801.89792,33071.89791999999,4155730.0,0.00789531200709736,0,28,0.0,0.0,0.0,0.0,0.0,204,0
2026-03-02,0.004145338075935978,0.00564836194033965,-0.001503023864403672,2.1030829489599996,1.723290166292969,1.1826757098579743,4206165.89792,33071.89791999999,4173094.0,0.007862718381211364,0,28,0.0,0.0,0.0,0.0,0.0,204,0
2026-03-03,0.0010525024707630504,0.010969693147644297,-0.009917190676881247,2.1052964489599995,1.7421941306215558,1.1709468893343968,4210592.89792,33071.89791999999,4177521.0,0.007854451551546873,0,28,0.0,0.0,0.0,0.0,0.0,204,0
2026-03-04,-0.01818579992329039,-0.013908361709377537,-0.004277438213912854,2.067009948959999,1.7179630644849166,1.1659382363634956,4134019.89792,33071.89791999999,4100948.0,0.007999936801620103,0,28,0.0,0.0,0.0,0.0,0.0,204,0
2026-03-05,0.00563108078210095,0.005905870771471182,-0.0002747899893702317,2.0786494489599994,1.7281091323339253,1.165617848207919,4157298.89792,33071.89791999999,4124227.0,0.007955140761359902,0,28,0.0,0.0,0.0,0.0,0.0,204,0
2026-03-06,0.011431220407023712,0.010382244768356143,0.001048975638667569,2.1024109489599994,1.7460507843322477,1.166840552934685,4204821.89792,33071.89791999999,4171750.0,0.0078652315657792,0,28,0.0,0.0,0.0,0.0,0.0,204,0
2026-03-09,-0.0059871739186988515,-0.0011174669295843805,-0.004869706989114471,2.089823448959999,1.7440996303233816,1.1611583813388768,4179646.89792,33071.89791999999,4146575.0,0.007912605712329003,0,28,0.0,0.0,0.0,0.0,0.0,204,0
2026-03-10,0.0030332705871181087,0.0007028840963517234,0.0023303864907663853,2.096162448959999,1.7453255302159887,1.163864329144389,4192324.89792,33071.89791999999,4159253.0,0.007888677219747077,0,28,0.0,0.0,0.0,0.0,0.0,204,0
2026-03-11,0.012336114509078122,0.010710643762822544,0.0016254707462555786,2.122020948959999,1.7640190902202917,1.1657561565640235,4244041.89792,33071.89791999999,4210970.0,0.007792547461939168,0,28,0.0,0.0,0.0,0.0,0.0,204,0
2026-03-12,0.01837540765990564,0.014203866634678108,0.004171541025227533,2.1610139489599987,1.789074982118807,1.1706191561965418,4322027.89792,33071.89791999999,4288956.0,0.007651939946041538,0,28,0.0,0.0,0.0,0.0,0.0,204,0
2026-03-13,-0.0053935329781694685,-0.01157452163344472,0.006180988655275251,2.149358448959999,1.768367295034418,1.1778547399206405,4298716.89792,33071.89791999999,4265645.0,0.007693434740027269,0,28,0.0,0.0,0.0,0.0,0.0,204,0
2026-03-16,-0.0052729687807465675,-0.0068436107840631165,0.001570642003316549,2.1380249489599987,1.7562652775439358,1.1797047280489654,4276049.89792,33071.89791999999,4242978.0,0.007734217024943315,0,28,0.0,0.0,0.0,0.0,0.0,204,0
2026-03-17,-0.002455771155782771,-0.008642282170101448,0.006186511014318677,2.132774448959999,1.7410871374498496,1.1870029843426841,4265548.89792,33071.89791999999,4232477.0,0.007753257250462364,0,28,0.0,0.0,0.0,0.0,0.0,204,0
2026-03-18,-0.003057519750004456,0.004298809915877164,-0.00735632966588162,2.1262534489599987,1.7485717401007252,1.178270999075474,4252506.89792,33071.89791999999,4219435.0,0.0077770356906831165,0,28,0.0,0.0,0.0,0.0,0.0,204,0
2026-03-19,-0.007825736865066046,5.437004239533309e-06,-0.00783117386930558,2.1096139489599985,1.7485812470926891,1.1690437540165537,4219227.89792,33071.89791999999,4186156.0,0.00783837676469285,0,28,0.0,0.0,0.0,0.0,0.0,204,0
2026-03-20,-0.0029427185021507762,-0.0044506608618606084,0.0015079423597098322,2.1034059489599986,1.7407989049724701,1.1708066046135894,4206811.89792,33071.89791999999,4173740.0,0.007861510978504157,0,28,0.0,0.0,0.0,0.0,0.0,204,0
2026-03-23,-0.04473672808928131,-0.03672778528157542,-0.008008942807705886,2.0093064489599985,1.6768632165722397,1.161429681478355,4018612.89792,33071.89791999999,3985541.0,0.008229679931878417,0,28,0.0,0.0,0.0,0.0,0.0,204,0
2026-03-24,0.030383867046064106,0.038071251436916476,-0.00768738439085237,2.0703569489599984,1.7407034977156781,1.1525013250738856,4140713.89792,33071.89791999999,4107642.0,0.007987003868249134,0,28,0.0,0.0,0.0,0.0,0.0,204,0
2026-03-25,0.02807824999896824,0.02605520093803021,0.0020230490609380314,2.1284889489599985,1.786057877122192,1.1548328917973063,4256977.89792,33071.89791999999,4223906.0,0.007768867659885955,0,28,0.0,0.0,0.0,0.0,0.0,204,0
2026-03-26,-0.002194514565030836,0.0020241506352079107,-0.004218665200238747,2.1238179489599984,1.789673127308687,1.14996103846459,4247635.89792,33071.89791999999,4214564.0,0.007785954049450135,0,28,0.0,0.0,0.0,0.0,0.0,204,0
2026-03-27,-0.010155296036819639,-0.0024878419646829956,-0.007667454072136643,2.1022499489599986,1.785220703399503,1.141143765017416,4204499.89792,33071.89791999999,4171428.0,0.007865833921499421,0,28,0.0,0.0,0.0,0.0,0.0,204,0
2026-03-30,-0.013736473160237739,-0.020111592838977354,0.006375119678739615,2.0733724489599985,1.7493170714850192,1.1484186930900497,4146744.89792,33071.89791999999,4113673.0,0.007975387619476857,0,28,0.0,0.0,0.0,0.0,0.0,204,0
2026-03-31,-0.006253338615791582,-0.012404353078823935,0.0061510144630323536,2.0604069489599985,1.7276179248835049,1.1554826330808634,4120813.89792,33071.89791999999,4087742.0,0.008025574252866208,0,28,0.0,0.0,0.0,0.0,0.0,204,0
2026-04-01,-0.0009191220214801454,-0.0038222279936265618,0.0029031059721464163,2.058513183559999,1.7210145752887243,1.158837121613672,4117026.36712,29649.36711999998,4087377.0,0.007201646158205375,28,28,1658913.0,1656536.0,1045.5308,0.0,0.0,204,1
2026-04-02,0.0003512243719272501,-0.004688926264237445,0.005040150636164695,2.0592361835599986,1.7129448648455174,1.1646778352693843,4118472.36712,29649.36711999998,4088823.0,0.007199117652629399,0,28,0.0,0.0,0.0,0.0,0.0,204,0
2026-04-03,-0.016118355079900892,-0.028218988081736833,0.01210063300183594,2.0260446835599986,1.6646072941197694,1.1787711743193516,4052089.36712,29649.36711999998,4022440.0,0.007317056568540862,0,28,0.0,0.0,0.0,0.0,0.0,204,0
2026-04-07,-0.005456444317197939,0.0059953846647393646,-0.011451828981937303,2.0149896835599983,1.6745872551637484,1.165272088422209,4029979.36712,29649.36711999998,4000330.0,0.007357200724625227,0,28,0.0,0.0,0.0,0.0,0.0,204,0
2026-04-08,0.017619196906892176,0.018964769052853245,-0.0013455721459610694,2.050492183559998,1.7063454157167801,1.1637041307575622,4100984.36712,29649.36711999998,4071335.0,0.007229817152612521,0,28,0.0,0.0,0.0,0.0,0.0,204,0
2026-04-09,-0.00938140615908234,-0.013776066350191457,0.004394660191109118,2.031255683559998,1.6828386880535207,1.1688182149752318,4062511.36712,29649.36711999998,4032862.0,0.007298285331572879,0,28,0.0,0.0,0.0,0.0,0.0,204,0
2026-04-10,-0.0012622733911598072,0.0031148239790364093,-0.0043770973701962165,2.028691683559998,1.68808043435192,1.1637021838402262,4057383.36712,29649.36711999998,4027734.0,0.007307509406252042,0,28,0.0,0.0,0.0,0.0,0.0,204,0
2026-04-13,-0.003514087457335946,0.005127120709153451,-0.008641208166489396,2.0215626835599982,1.6967354265056025,1.1536463910258645,4043125.36712,29649.36711999998,4013476.0,0.007333279190677143,0,28,0.0,0.0,0.0,0.0,0.0,204,0
2026-04-14,0.0029581076306124388,0.0020682595258476708,0.000889848104764768,2.0275426835599983,1.700244715714316,1.1546729610804876,4055085.36712,29649.36711999998,4025436.0,0.007311650541418203,0,28,0.0,0.0,0.0,0.0,0.0,204,0
2026-04-15,0.005065984594694317,-0.0016811855891632314,0.006747170183857548,2.0378141835599983,1.697386288800206,1.1624637360555963,4075628.36712,29649.36711999998,4045979.0,0.007274796534246177,0,28,0.0,0.0,0.0,0.0,0.0,204,0
2026-04-16,0.0007314209568392016,0.003808574741640768,-0.003077153784801566,2.0393046835599984,1.7038509113465379,1.1588866563704983,4078609.36712,29649.36711999998,4048960.0,0.007269479484605823,0,28,0.0,0.0,0.0,0.0,0.0,204,0
2026-04-17,-0.0037343610601167088,-0.0035512308888113703,-0.0001831301713053385,2.0316891835599984,1.6978001433602345,1.1586744292585938,4063378.36712,29649.36711999998,4033729.0,0.007296728101895802,0,28,0.0,0.0,0.0,0.0,0.0,204,0
2026-04-20,0.0033590275792294566,0.011716011302763247,-0.00835698372353379,2.0385136835599984,1.717691589029676,1.148991405912405,4077027.36712,29649.36711999998,4047378.0,0.007272300244809052,0,28,0.0,0.0,0.0,0.0,0.0,204,0
2026-04-21,0.011236372944035677,0.008990083396977933,0.002246289547057745,2.0614191835599986,1.7331337796653405,1.1515723732971652,4122838.36712,29649.36711999998,4093189.0,0.007191493936909169,0,28,0.0,0.0,0.0,0.0,0.0,204,0
2026-04-22,-0.00053045979620292,0.0007316300848721067,-0.0012620898810750268,2.0603256835599986,1.7344017924796518,1.1501189854575014,4120651.36712,29649.36711999998,4091002.0,0.0071953107599885295,0,28,0.0,0.0,0.0,0.0,0.0,204,0
2026-04-23,0.009375944858689422,0.01019202567464891,-0.0008160808159594878,2.0796431835599987,1.7520788600787613,1.1491803954173987,4159286.36712,29649.36711999998,4129637.0,0.00712847457544261,0,28,0.0,0.0,0.0,0.0,0.0,204,0
2026-04-24,-0.008320658147893623,-0.013613161863018917,0.0052925037151252945,2.062339183559999,1.7282275269597356,1.1552624369294944,4124678.36712,29649.36711999998,4095029.0,0.007188285844625079,0,28,0.0,0.0,0.0,0.0,0.0,204,0
2026-04-27,-0.00627782282526923,0.00040865844841039996,-0.00668648127367963,2.049392183559999,1.728933781739403,1.1475377962787798,4098784.36712,29649.36711999998,4069135.0,0.007233697717265627,0,28,0.0,0.0,0.0,0.0,0.0,204,0
2026-04-28,0.007894535818856907,0.007469712375290352,0.0004248234435665554,2.0655711835599986,1.7418484198049193,1.148025297237018,4131142.36712,29649.36711999998,4101493.0,0.0071770383310875464,0,28,0.0,0.0,0.0,0.0,0.0,204,0
2026-04-29,0.0032560001095718327,0.005124647654177513,-0.0018686475446056802,2.0722966835599985,1.7507747792234054,1.1458800425841908,4144593.36712,29649.36711999998,4114944.0,0.007153745734193163,0,28,0.0,0.0,0.0,0.0,0.0,204,0
2026-04-30,-0.0008514707445117509,-0.007989922765854756,0.0071384520213430055,2.0705321835599984,1.736786223957004,1.1540598522903927,4141064.36712,29649.36711999998,4111415.0,0.007159842130302439,0,28,0.0,0.0,0.0,0.0,0.0,204,0
2026-05-06,0.00039023783663716394,0.010164762851724005,-0.00977452501508684,2.0713401835599985,1.7544402440476683,1.1427794653952728,4142680.36712,29649.36711999998,4113031.0,0.007157049178914154,0,28,0.0,0.0,0.0,0.0,0.0,204,0
2026-05-07,0.00010645281820442776,0.00590444115818481,-0.005797988339980382,2.0715606835599987,1.764799233234199,1.136153643379742,4143121.36712,29649.36711999998,4113472.0,0.007156287371955528,0,28,0.0,0.0,0.0,0.0,0.0,204,0
2026-05-08,0.0020757296825166804,0.003923370010207858,-0.0018476403276911774,2.075860683559999,1.771723193619908,1.1340544400897803,4151721.36712,29649.36711999998,4122072.0,0.007141463623934714,0,28,0.0,0.0,0.0,0.0,0.0,204,0
2026-05-11,0.0023713055692919927,0.005430973974638188,-0.0030596684053461956,2.080783183559999,1.7813453761747204,1.130584609549495,4161566.36712,29649.36711999998,4131917.0,0.007124569093564339,0,28,0.0,0.0,0.0,0.0,0.0,204,0
2026-05-12,0.003144200727731139,0.002671791223681644,0.0004724095040494949,2.0873255835599993,1.7861047591171297,1.1311187084641783,4174651.16712,34454.167119999984,4140197.0,0.008253184695134457,0,28,0.0,0.0,0.0,4804.8,0.0,204,0
2026-05-13,8.886970076016354e-05,0.013101627379667122,-0.013012757678906958,2.0875110835599995,1.8095056381321324,1.1163997348048558,4175022.16712,34454.167119999984,4140568.0,0.008252451302256688,0,28,0.0,0.0,0.0,0.0,0.0,204,0
2026-05-14,-0.0071467884015051775,-0.01153952828813678,0.004392739886631603,2.0725920835599996,1.7886247966333637,1.1213037884493582,4145184.16712,34454.167119999984,4110730.0,0.008311854366639185,0,28,0.0,0.0,0.0,0.0,0.0,204,0
2026-05-15,-0.008788029320615065,-0.011515920529703799,0.002727891209088734,2.0543780835599996,1.7680271356178763,1.124362583196587,4108756.16712,34454.167119999984,4074302.0,0.008385546797767355,0,28,0.0,0.0,0.0,0.0,0.0,204,0
2026-05-18,-0.00010051703805280532,0.002870201403089814,-0.002970718441142619,2.0541715835599996,1.7731017295832276,1.1210224185361544,4108343.16712,34454.167119999984,4073889.0,0.008386389772827275,0,28,0.0,0.0,0.0,0.0,0.0,204,0
2026-05-19,0.01801748222797328,0.01942418803773147,-0.0014067058097581887,2.0911825835599998,1.8075427909886792,1.1194454697871303,4182365.16712,38380.167119999984,4143985.0,0.009176665734912092,0,28,0.0,0.0,0.0,3926.0,0.0,204,0
2026-05-20,-0.016169319822106232,-0.024369553269886206,0.008200233447779974,2.05736958356,1.7634937806560818,1.1286251839714445,4114739.16712,38380.167119999984,4076359.0,0.009327484820104197,0,28,0.0,0.0,0.0,0.0,0.0,204,0
2026-05-21,-0.004458848849182684,-0.015702744433023334,0.01124389558384065,2.0481960835599997,1.7358020885092131,1.1413153276933126,4096392.16712,38380.167119999984,4058012.0,0.00936926093845733,0,28,0.0,0.0,0.0,0.0,0.0,204,0
2026-05-22,-8.080281049671623e-05,0.004550808074344798,-0.004631610884841514,2.0480305835599997,1.7437013906690655,1.1360291991985316,4096061.16712,38380.167119999984,4057681.0,0.009370018062251165,0,28,0.0,0.0,0.0,0.0,0.0,204,0
2026-05-25,0.007082902040840056,0.008174481989607737,-0.0010915799487676812,2.0625365835599996,1.7579552462823436,1.134789132503472,4125073.16712,38380.167119999984,4086693.0,0.009304117906542696,0,28,0.0,0.0,0.0,0.0,0.0,204,0
2026-05-26,0.001477549549564694,-0.0017934951321934112,0.003271044681758105,2.0655840835599992,1.7548023621055224,1.1385010784602645,4131168.16712,38380.167119999984,4092788.0,0.009290390893662485,0,28,0.0,0.0,0.0,0.0,0.0,204,0
2026-05-27,-0.003990154680992286,-0.0013408850182954314,-0.002649269662696855,2.057342083559999,1.7524493739081057,1.1354848820921521,4114684.16712,38380.167119999984,4076304.0,0.009327609498364853,0,28,0.0,0.0,0.0,0.0,0.0,204,0
2026-05-28,0.0003052482156555847,0.00493159665803548,-0.0046263484423798955,2.057970083559999,1.7610917473838472,1.1302317333765393,4115940.16712,38380.167119999984,4077560.0,0.009324763131057685,0,28,0.0,0.0,0.0,0.0,0.0,204,0
2026-05-29,0.024756628100184308,0.01645649931395817,0.008300128786226137,2.1089184835599992,1.790073152516487,1.1396128023218441,4217836.96712,40532.96711999999,4177304.0,0.009609894226821309,0,28,0.0,0.0,0.0,2152.8,0.0,204,0
