trade_date,code,target_weight,actual_weight,amount,close
2021-05-06,600795.XSHG,0.03553571428145,0.011976895506082934,10400,2.31
2021-05-06,600168.XSHG,0.03553571428145,0.01176052967817584,3500,6.74
2021-05-06,002039.XSHE,0.03553571428145,0.011582052797091189,1600,14.52
2021-05-06,600027.XSHG,0.03553571428145,0.011935018249068657,7000,3.42
2021-05-06,601006.XSHG,0.03553571428145,0.011695719637558508,3400,6.9
2021-05-06,600011.XSHG,0.03553571428145,0.011598504576632513,5500,4.23
2021-05-06,600310.XSHG,0.03553571428145,0.011935018249068657,5700,4.2
2021-05-06,600033.XSHG,0.03553571428145,0.011976895506082934,8800,2.73
2021-05-06,601985.XSHG,0.03553571428145,0.011733110045606971,4500,5.23
2021-05-06,600017.XSHG,0.03553571428145,0.011790442004614609,8600,2.75
2021-05-06,601326.XSHG,0.03553571428145,0.011757538445531963,8800,2.68
2021-05-06,601077.XSHG,0.03553571428145,0.011878184828834997,5700,4.18
2021-05-06,601988.XSHG,0.03553571428145,0.011701702102846262,7200,3.26
2021-05-06,601288.XSHG,0.03553571428145,0.011842290037108474,7400,3.21
2021-05-06,601229.XSHG,0.03553571428145,0.011488327507583046,2800,8.23
2021-05-06,601169.XSHG,0.03553571428145,0.011725631963997278,4900,4.8
2021-05-06,600717.XSHG,0.03553571428145,0.011603489964372306,4900,4.75
2021-05-06,601328.XSHG,0.03553571428145,0.011823345563697255,4900,4.84
2021-05-06,000900.XSHE,0.03553571428145,0.011976895506082934,5600,4.29
2021-05-06,601000.XSHG,0.03553571428145,0.011976895506082934,8800,2.73
2021-05-06,601398.XSHG,0.03553571428145,0.01174158520476462,4600,5.12
2021-05-06,001872.XSHE,0.03553571428145,0.011813374788217664,1600,14.81
2021-05-06,600035.XSHG,0.03553571428145,0.012051676322179855,7900,3.06
2021-05-06,600018.XSHG,0.03553571428145,0.011715661188517688,5000,4.7
2021-05-06,600368.XSHG,0.03553571428145,0.012124462983180859,6400,3.8
2021-05-06,000755.XSHE,0.03553571428145,0.011795427392354405,7000,3.38
2021-05-06,000429.XSHE,0.03553571428145,0.011534193074789159,3200,7.23
2021-05-06,600106.XSHG,0.03553571428145,0.011800412780094199,9000,2.63
2021-05-07,600795.XSHG,0.03553571428145,0.027791628223593667,24100,2.33
2021-05-07,600168.XSHG,0.03553571428145,0.02735361794849028,8200,6.74
2021-05-07,002039.XSHE,0.03553571428145,0.026534513987703724,3700,14.49
2021-05-07,600027.XSHG,0.03553571428145,0.0278322122264846,16300,3.45
2021-05-07,601006.XSHG,0.03553571428145,0.027095761052073484,7900,6.93
2021-05-07,600011.XSHG,0.03553571428145,0.027619888601603977,13100,4.26
2021-05-07,600310.XSHG,0.03553571428145,0.028549361253179296,13200,4.37
2021-05-07,600033.XSHG,0.03553571428145,0.02769313777755347,20200,2.77
2021-05-07,601985.XSHG,0.03553571428145,0.027854483935388162,10500,5.36
2021-05-07,600017.XSHG,0.03553571428145,0.02779311300418723,20200,2.78
2021-05-07,601326.XSHG,0.03553571428145,0.02752783220480259,20600,2.7
2021-05-07,601077.XSHG,0.03553571428145,0.027308084676954104,13200,4.18
2021-05-07,601988.XSHG,0.03553571428145,0.02759712196583589,17000,3.28
2021-05-07,601288.XSHG,0.03553571428145,0.027666411726869195,17200,3.25
2021-05-07,601229.XSHG,0.03553571428145,0.027357082436541946,6700,8.25
2021-05-07,601169.XSHG,0.03553571428145,0.02754762927938353,11500,4.84
2021-05-07,600717.XSHG,0.03553571428145,0.027500116300389264,11600,4.79
2021-05-07,601328.XSHG,0.03553571428145,0.027815879639955323,11400,4.93
2021-05-07,000900.XSHE,0.03553571428145,0.027453593175124046,12900,4.3
2021-05-07,601000.XSHG,0.03553571428145,0.027967327260499542,20400,2.77
2021-05-07,601398.XSHG,0.03553571428145,0.02790199691438243,10800,5.22
2021-05-07,001872.XSHE,0.03553571428145,0.027395191805110262,3700,14.96
2021-05-07,600035.XSHG,0.03553571428145,0.027616919040416833,18000,3.1
2021-05-07,600018.XSHG,0.03553571428145,0.02733184116645124,11700,4.72
2021-05-07,600368.XSHG,0.03553571428145,0.027296206432205542,14400,3.83
2021-05-07,000755.XSHE,0.03553571428145,0.027428846831897866,16300,3.4
2021-05-07,000429.XSHE,0.03553571428145,0.027157626910138934,7600,7.22
2021-05-07,600106.XSHG,0.03553571428145,0.027673835629837048,21100,2.65
2021-05-10,600795.XSHG,0.03553571428145,0.03582576460119723,30600,2.37
2021-05-10,600168.XSHG,0.03553571428145,0.03534559798703375,10600,6.75
2021-05-10,002039.XSHE,0.03553571428145,0.03505018683963688,4900,14.48
2021-05-10,600027.XSHG,0.03553571428145,0.035552089391067014,20800,3.46
2021-05-10,601006.XSHG,0.03553571428145,0.035820824615454806,10300,7.04
2021-05-10,600011.XSHG,0.03553571428145,0.03552047348231551,16800,4.28
2021-05-10,600310.XSHG,0.03553571428145,0.03561976719573821,16500,4.37
2021-05-10,600033.XSHG,0.03553571428145,0.03556888534259125,25900,2.78
2021-05-10,601985.XSHG,0.03553571428145,0.03554714940532459,13400,5.37
2021-05-10,600017.XSHG,0.03553571428145,0.035431553738951904,25800,2.78
2021-05-10,601326.XSHG,0.03553571428145,0.0356103812228276,26600,2.71
2021-05-10,601077.XSHG,0.03553571428145,0.03539450384588373,17100,4.19
2021-05-10,601988.XSHG,0.03553571428145,0.03510749067424898,21800,3.26
2021-05-10,601288.XSHG,0.03553571428145,0.03521221837198834,22000,3.24
2021-05-10,601229.XSHG,0.03553571428145,0.034879263332949065,8600,8.21
2021-05-10,601169.XSHG,0.03553571428145,0.035532329448097325,14800,4.86
2021-05-10,600717.XSHG,0.03553571428145,0.035330778029806484,14900,4.8
2021-05-10,601328.XSHG,0.03553571428145,0.03538511787297313,14500,4.94
2021-05-10,000900.XSHE,0.03553571428145,0.03509761070276413,16600,4.28
2021-05-10,601000.XSHG,0.03553571428145,0.035431553738951904,25800,2.78
2021-05-10,601398.XSHG,0.03553571428145,0.0355308474523746,13700,5.25
2021-05-10,001872.XSHE,0.03553571428145,0.03552047348231551,4800,14.98
2021-05-10,600035.XSHG,0.03553571428145,0.035261124230838325,23100,3.09
2021-05-10,600018.XSHG,0.03553571428145,0.03551652149372157,15200,4.73
2021-05-10,600368.XSHG,0.03553571428145,0.03519147043187017,18600,3.83
2021-05-10,000755.XSHE,0.03553571428145,0.03502252291947931,21100,3.36
2021-05-10,000429.XSHE,0.03553571428145,0.03599471211358808,9900,7.36
2021-05-10,600106.XSHG,0.03553571428145,0.03521221837198834,27000,2.64
2021-07-01,600795.XSHG,0.03553571428145,0.0360173133018012,30100,2.39
2021-07-01,600027.XSHG,0.03553571428145,0.035754965032154085,20700,3.45
2021-07-01,601006.XSHG,0.03553571428145,0.03436562066522518,10400,6.6
2021-07-01,600011.XSHG,0.03553571428145,0.03541100842671979,16800,4.21
2021-07-01,600017.XSHG,0.03553571428145,0.03462846959950903,26100,2.65
2021-07-01,600033.XSHG,0.03553571428145,0.034105275054124994,26200,2.6
2021-07-01,003816.XSHE,0.03553571428145,0.011763616304634773,8800,2.67
2021-07-01,002267.XSHE,0.03553571428145,0.011694524584765878,3400,6.87
2021-07-01,601991.XSHG,0.03553571428145,0.011496261388620347,8900,2.58
2021-07-01,000543.XSHE,0.03553571428145,0.011671494011476245,6200,3.76
2021-07-01,601326.XSHG,0.03553571428145,0.03529185024317778,26500,2.66
2021-07-01,601077.XSHG,0.03553571428145,0.034472762897485645,17300,3.98
2021-07-01,601988.XSHG,0.03553571428145,0.034233445201128164,22200,3.08
2021-07-01,601328.XSHG,0.03553571428145,0.035326896767748965,14400,4.9
2021-07-01,601169.XSHG,0.03553571428145,0.03598927608214426,14700,4.89
2021-07-01,601398.XSHG,0.03553571428145,0.03607889505211913,13700,5.26
2021-07-01,601229.XSHG,0.03553571428145,0.03543604165855635,8600,8.23
2021-07-01,601288.XSHG,0.03553571428145,0.03409325910284344,22400,3.04
2021-07-01,001872.XSHE,0.03553571428145,0.03825378223407919,4600,16.61
2021-07-01,601228.XSHG,0.03553571428145,0.011670492682202783,7400,3.15
2021-07-01,000900.XSHE,0.03553571428145,0.034822226813923975,16800,4.14
2021-07-01,601000.XSHG,0.03553571428145,0.03257824791209503,27000,2.41
2021-07-01,600035.XSHG,0.03553571428145,0.03473010452076545,23200,2.99
2021-07-01,600368.XSHG,0.03553571428145,0.03316402553707046,19200,3.45
2021-07-01,000429.XSHE,0.03553571428145,0.03542502703654827,9800,7.22
2021-07-01,600350.XSHG,0.03553571428145,0.011624431535623519,3800,6.11
2021-07-01,600018.XSHG,0.03553571428145,0.035747455062603115,15000,4.76
2021-07-01,000755.XSHE,0.03553571428145,0.035072559132289544,21100,3.32
2021-07-02,600795.XSHG,0.03553571428145,0.03571737363001485,29800,2.39
2021-07-02,600027.XSHG,0.03553571428145,0.035537838939054954,20600,3.44
2021-07-02,601006.XSHG,0.03553571428145,0.03508448876970373,10600,6.6
2021-07-02,600011.XSHG,0.03553571428145,0.03555388673266031,16800,4.22
2021-07-02,600017.XSHG,0.03553571428145,0.035217384560498055,26500,2.65
2021-07-02,600033.XSHG,0.03553571428145,0.03481368225261339,26700,2.6
2021-07-02,003816.XSHE,0.03553571428145,0.027449249468406708,20500,2.67
2021-07-02,002267.XSHE,0.03553571428145,0.02756208551719435,8000,6.87
2021-07-02,601991.XSHG,0.03553571428145,0.027452258429707714,21300,2.57
2021-07-02,000543.XSHE,0.03553571428145,0.02745677187165922,14600,3.75
2021-07-02,601326.XSHG,0.03553571428145,0.03535028035129239,26600,2.65
2021-07-02,601077.XSHG,0.03553571428145,0.03495209447245956,17600,3.96
2021-07-02,601988.XSHG,0.03553571428145,0.03506242305349636,22700,3.08
2021-07-02,601328.XSHG,0.03553571428145,0.0353853848998041,14400,4.9
2021-07-02,601169.XSHG,0.03553571428145,0.03548568360983756,14500,4.88
2021-07-02,601398.XSHG,0.03553571428145,0.035806639481944624,13600,5.25
2021-07-02,601229.XSHG,0.03553571428145,0.03536532515779741,8600,8.2
2021-07-02,601288.XSHG,0.03553571428145,0.03494908551115856,23000,3.03
2021-07-02,001872.XSHE,0.03553571428145,0.03586130227891286,4300,16.63
2021-07-02,601228.XSHG,0.03553571428145,0.027399601606940147,17400,3.14
2021-07-02,000900.XSHE,0.03553571428145,0.03495410044666023,17000,4.1
2021-07-02,601000.XSHG,0.03553571428145,0.0344225172834829,28600,2.4
2021-07-02,600035.XSHG,0.03553571428145,0.03538739087400477,23600,2.99
2021-07-02,600368.XSHG,0.03553571428145,0.034070468811265464,20100,3.38
2021-07-02,000429.XSHE,0.03553571428145,0.03553282400355328,9800,7.23
2021-07-02,600350.XSHG,0.03553571428145,0.02753199590418431,9000,6.1
2021-07-02,600018.XSHG,0.03553571428145,0.03518077553133585,14800,4.74
2021-07-02,000755.XSHE,0.03553571428145,0.03519080540233919,21200,3.31
2021-07-05,600795.XSHG,0.03553571428145,0.03582462313510257,29600,2.42
2021-07-05,600027.XSHG,0.03553571428145,0.035234481085468033,20600,3.42
2021-07-05,601006.XSHG,0.03553571428145,0.03521147554793991,10700,6.58
2021-07-05,600011.XSHG,0.03553571428145,0.0349949234229469,16700,4.19
2021-07-05,600017.XSHG,0.03553571428145,0.035519549702664376,26700,2.66
2021-07-05,600033.XSHG,0.03553571428145,0.03550954729504345,27100,2.62
2021-07-05,003816.XSHE,0.03553571428145,0.0352524854191857,26400,2.67
2021-07-05,002267.XSHE,0.03553571428145,0.03549204308170684,10300,6.89
2021-07-05,601991.XSHG,0.03553571428145,0.03534600793044134,27500,2.57
2021-07-05,000543.XSHE,0.03553571428145,0.03507044160048488,18800,3.73
2021-07-05,601326.XSHG,0.03553571428145,0.03565308184440372,26700,2.67
2021-07-05,601077.XSHG,0.03553571428145,0.03516346399135947,17800,3.95
2021-07-05,601988.XSHG,0.03553571428145,0.035428527793313964,23000,3.08
2021-07-05,601328.XSHG,0.03553571428145,0.035144459416879714,14400,4.88
2021-07-05,601169.XSHG,0.03553571428145,0.03538851816283027,14500,4.88
2021-07-05,601398.XSHG,0.03553571428145,0.03510845074944439,13500,5.2
2021-07-05,601229.XSHG,0.03553571428145,0.03509644786029928,8600,8.16
2021-07-05,601288.XSHG,0.03553571428145,0.0354245268302656,23300,3.04
2021-07-05,001872.XSHE,0.03553571428145,0.03520447386260526,4200,16.76
2021-07-05,601228.XSHG,0.03553571428145,0.03567108617812138,22500,3.17
2021-07-05,000900.XSHE,0.03553571428145,0.03556005945352912,17300,4.11
2021-07-05,601000.XSHG,0.03553571428145,0.03567658750231289,29600,2.41
2021-07-05,600035.XSHG,0.03553571428145,0.03496591644084621,23700,2.95
2021-07-05,600368.XSHG,0.03553571428145,0.035680588465361256,20800,3.43
2021-07-05,000429.XSHE,0.03553571428145,0.034798376113195736,9800,7.1
2021-07-05,600350.XSHG,0.03553571428145,0.03550454609123299,11600,6.12
2021-07-05,600018.XSHG,0.03553571428145,0.03712643648696587,14700,5.05
2021-07-05,000755.XSHE,0.03553571428145,0.03574660435565936,21400,3.34
2021-10-08,600969.XSHG,0.03553571428145,0.011339391048806578,3300,7.86
2021-10-08,600617.XSHG,0.03553571428145,0.011793176533757662,4800,5.62
2021-10-08,000421.XSHE,0.03553571428145,0.01192826296424888,5100,5.35
2021-10-08,601985.XSHG,0.03553571428145,0.01151688325197627,3700,7.12
2021-10-08,000543.XSHE,0.03553571428145,0.035152199685883234,18400,4.37
2021-10-08,600017.XSHG,0.03553571428145,0.03402298204847606,27500,2.83
2021-10-08,601991.XSHG,0.03553571428145,0.0377507554879538,25700,3.36
2021-10-08,000539.XSHE,0.03553571428145,0.011230097820253812,5200,4.94
2021-10-08,601077.XSHG,0.03553571428145,0.03213570657782689,18800,3.91
2021-10-08,601018.XSHG,0.03553571428145,0.011774815271360796,6700,4.02
2021-10-08,600033.XSHG,0.03553571428145,0.034624094805516266,27500,2.88
2021-10-08,000900.XSHE,0.03553571428145,0.03389226734712695,17700,4.38
2021-10-08,601006.XSHG,0.03553571428145,0.03149743412307874,11400,6.32
2021-10-08,601988.XSHG,0.03553571428145,0.032479324488396785,24200,3.07
2021-10-08,000429.XSHE,0.03553571428145,0.032276913429117066,10100,7.31
2021-10-08,600928.XSHG,0.03553571428145,0.011867058756259333,6100,4.45
2021-10-08,600035.XSHG,0.03553571428145,0.034595241393178336,24200,3.27
2021-10-08,002040.XSHE,0.03553571428145,0.01182989905855139,4400,6.15
2021-10-08,601288.XSHG,0.03553571428145,0.03196258610379931,24700,2.96
2021-10-08,603323.XSHG,0.03553571428145,0.012025752524117948,5200,5.29
2021-10-08,002807.XSHE,0.03553571428145,0.011904218453967273,7000,3.89
2021-10-08,601398.XSHG,0.03553571428145,0.030474449503824847,14800,4.71
2021-10-08,001872.XSHE,0.03553571428145,0.03265288213533858,4300,17.37
2021-10-08,601333.XSHG,0.03553571428145,0.011911213220594649,11400,2.39
2021-10-08,600368.XSHG,0.03553571428145,0.03674438343943992,20500,4.1
2021-10-08,601326.XSHG,0.03553571428145,0.03563265271860119,26900,3.03
2021-10-08,600106.XSHG,0.03553571428145,0.011988592826410007,9900,2.77
2021-10-08,600377.XSHG,0.03553571428145,0.011993838901380541,3100,8.85
2021-10-11,600969.XSHG,0.03553571428145,0.026183232031683403,7900,7.57
2021-10-11,600617.XSHG,0.03553571428145,0.026295752986019185,11000,5.46
2021-10-11,000421.XSHE,0.03553571428145,0.027144695127875516,11900,5.21
2021-10-11,601985.XSHG,0.03553571428145,0.02662324588035056,8800,6.91
2021-10-11,000543.XSHE,0.03553571428145,0.03611003202255941,17400,4.74
2021-10-11,600017.XSHG,0.03553571428145,0.03494104000669742,28300,2.82
2021-10-11,601991.XSHG,0.03553571428145,0.03475452667382955,24500,3.24
2021-10-11,000539.XSHE,0.03553571428145,0.027035676771340073,12500,4.94
2021-10-11,601077.XSHG,0.03553571428145,0.0347571536221798,20200,3.93
2021-10-11,601018.XSHG,0.03553571428145,0.027739698929207517,15800,4.01
2021-10-11,600033.XSHG,0.03553571428145,0.03518359490437065,28000,2.87
2021-10-11,000900.XSHE,0.03553571428145,0.03509340301101201,18300,4.38
2021-10-11,601006.XSHG,0.03553571428145,0.034474318849802704,12400,6.35
2021-10-11,601988.XSHG,0.03553571428145,0.034656453935420155,25700,3.08
2021-10-11,000429.XSHE,0.03553571428145,0.03424533651860577,10700,7.31
2021-10-11,600928.XSHG,0.03553571428145,0.028039171041136207,14200,4.51
2021-10-11,600035.XSHG,0.03553571428145,0.03475452667382955,24500,3.24
2021-10-11,002040.XSHE,0.03553571428145,0.02755362342106469,10300,6.11
2021-10-11,601288.XSHG,0.03553571428145,0.03482195168148601,26600,2.99
2021-10-11,603323.XSHG,0.03553571428145,0.028423581149723036,12000,5.41
2021-10-11,002807.XSHE,0.03553571428145,0.02797524863128008,16300,3.92
2021-10-11,601398.XSHG,0.03553571428145,0.034034742825860595,16400,4.74
2021-10-11,001872.XSHE,0.03553571428145,0.035325887940009286,4500,17.93
2021-10-11,601333.XSHG,0.03553571428145,0.027484884939233106,26600,2.36
2021-10-11,600368.XSHG,0.03553571428145,0.03581712728150635,20100,4.07
2021-10-11,601326.XSHG,0.03553571428145,0.03484909681443861,26800,2.97
2021-10-11,600106.XSHG,0.03553571428145,0.027529980885912426,22700,2.77
2021-10-11,600377.XSHG,0.03553571428145,0.027961238240078738,7200,8.87
2021-10-12,600969.XSHG,0.03553571428145,0.03432572375789148,10500,7.3
2021-10-12,600617.XSHG,0.03553571428145,0.03563650514653269,15100,5.27
2021-10-12,000421.XSHE,0.03553571428145,0.035331089052561625,15500,5.09
2021-10-12,601985.XSHG,0.03553571428145,0.03482370425128712,11800,6.59
2021-10-12,000543.XSHE,0.03553571428145,0.0347095090841865,17900,4.33
2021-10-12,600017.XSHG,0.03553571428145,0.03497059058387144,28500,2.74
2021-10-12,601991.XSHG,0.03553571428145,0.03520972869850567,25200,3.12
2021-10-12,000539.XSHE,0.03553571428145,0.03520972869850567,16800,4.68
2021-10-12,601077.XSHG,0.03553571428145,0.03561993565169848,20500,3.88
2021-10-12,601018.XSHG,0.03553571428145,0.03537004975663125,20200,3.91
2021-10-12,600033.XSHG,0.03553571428145,0.03561277046474315,28200,2.82
2021-10-12,000900.XSHE,0.03553571428145,0.03526705019414834,18400,4.28
2021-10-12,601006.XSHG,0.03553571428145,0.0360579077043432,12700,6.34
2021-10-12,601988.XSHG,0.03553571428145,0.03613762040922128,26200,3.08
2021-10-12,000429.XSHE,0.03553571428145,0.03551693608921557,11000,7.21
2021-10-12,600928.XSHG,0.03553571428145,0.03615239860731666,17900,4.51
2021-10-12,600035.XSHG,0.03553571428145,0.03551962303432382,25100,3.16
2021-10-12,002040.XSHE,0.03553571428145,0.03534944984413466,13200,5.98
2021-10-12,601288.XSHG,0.03553571428145,0.03603193390163012,27000,2.98
2021-10-12,603323.XSHG,0.03553571428145,0.03607223807825387,15000,5.37
2021-10-12,002807.XSHE,0.03553571428145,0.035885943217415214,20600,3.89
2021-10-12,601398.XSHG,0.03553571428145,0.03616180291519553,17000,4.75
2021-10-12,001872.XSHE,0.03553571428145,0.03452052727823959,4500,17.13
2021-10-12,601333.XSHG,0.03553571428145,0.03578966101770293,34300,2.33
2021-10-12,600368.XSHG,0.03553571428145,0.03493566029746419,19800,3.94
2021-10-12,601326.XSHG,0.03553571428145,0.03506463366266018,27000,2.9
2021-10-12,600106.XSHG,0.03553571428145,0.035315863030281544,29100,2.71
2021-10-12,600377.XSHG,0.03553571428145,0.035617248706590235,9100,8.74
2022-01-04,000421.XSHE,0.03553571428145,0.033766808678423466,15900,5.0
2022-01-04,003816.XSHE,0.03553571428145,0.011603039993423549,8700,3.14
2022-01-04,600017.XSHG,0.03553571428145,0.035107287271997106,28800,2.87
2022-01-04,600969.XSHG,0.03553571428145,0.03586842087138999,10400,8.12
2022-01-04,000900.XSHE,0.03553571428145,0.033994469174670444,18700,4.28
2022-01-04,600617.XSHG,0.03553571428145,0.030176908465215476,16600,4.28
2022-01-04,601077.XSHG,0.03553571428145,0.03418984945130032,20800,3.87
2022-01-04,601368.XSHG,0.03553571428145,0.012043919835036172,5100,5.56
2022-01-04,601985.XSHG,0.03553571428145,0.03847122594788533,11100,8.16
2022-01-04,002893.XSHE,0.03553571428145,0.012087243287680188,3100,9.18
2022-01-04,601006.XSHG,0.03553571428145,0.034846497076669404,12700,6.46
2022-01-04,601008.XSHG,0.03553571428145,0.011881669257487019,7100,3.94
2022-01-04,601288.XSHG,0.03553571428145,0.03421533383520856,27400,2.94
2022-01-04,600928.XSHG,0.03553571428145,0.03373367897934275,18300,4.34
2022-01-04,601988.XSHG,0.03553571428145,0.03455470088092001,26500,3.07
2022-01-04,601398.XSHG,0.03553571428145,0.03411679421743002,17200,4.67
2022-01-04,601229.XSHG,0.03553571428145,0.011572458732733657,3800,7.17
2022-01-04,600033.XSHG,0.03553571428145,0.03486348666594157,28600,2.87
2022-01-04,002807.XSHE,0.03553571428145,0.03444299433145554,20900,3.88
2022-01-04,600717.XSHG,0.03553571428145,0.011733435091087398,6500,4.25
2022-01-04,000429.XSHE,0.03553571428145,0.0345738141688512,11000,7.4
2022-01-04,600368.XSHG,0.03553571428145,0.03541522357755506,19900,4.19
2022-01-04,002040.XSHE,0.03553571428145,0.035209224807630085,13200,6.28
2022-01-04,600035.XSHG,0.03553571428145,0.034846497076669404,25400,3.23
2022-01-04,601018.XSHG,0.03553571428145,0.03500534973636413,20400,4.04
2022-01-04,601880.XSHG,0.03553571428145,0.011953450272161907,15900,1.77
2022-01-04,000755.XSHE,0.03553571428145,0.01192669166905825,6000,4.68
2022-01-04,600377.XSHG,0.03553571428145,0.034152472354901556,9200,8.74
2022-01-05,000421.XSHE,0.03553571428145,0.034601747764127944,16400,4.95
2022-01-05,003816.XSHE,0.03553571428145,0.026910339308797947,20700,3.05
2022-01-05,600017.XSHG,0.03553571428145,0.03523001798098338,28900,2.86
2022-01-05,600969.XSHG,0.03553571428145,0.03434600683460741,10200,7.9
2022-01-05,000900.XSHE,0.03553571428145,0.03494444060968545,19200,4.27
2022-01-05,600617.XSHG,0.03553571428145,0.03327615727944652,18500,4.22
2022-01-05,601077.XSHG,0.03553571428145,0.03531654366213783,21300,3.89
2022-01-05,601368.XSHG,0.03553571428145,0.02742821469107703,11700,5.5
2022-01-05,601985.XSHG,0.03553571428145,0.03401354362623072,10500,7.6
2022-01-05,002893.XSHE,0.03553571428145,0.027660086467175646,7100,9.14
2022-01-05,601006.XSHG,0.03553571428145,0.035244509966989544,12800,6.46
2022-01-05,601008.XSHG,0.03553571428145,0.027165227768553415,16300,3.91
2022-01-05,601288.XSHG,0.03553571428145,0.035572284591658364,28100,2.97
2022-01-05,600928.XSHG,0.03553571428145,0.03504290086755086,18900,4.35
2022-01-05,601988.XSHG,0.03553571428145,0.03542906967112686,26900,3.09
2022-01-05,601398.XSHG,0.03553571428145,0.03553392345223028,17700,4.71
2022-01-05,601229.XSHG,0.03553571428145,0.027735103806501668,9000,7.23
2022-01-05,600033.XSHG,0.03553571428145,0.03498535915840874,28800,2.85
2022-01-05,002807.XSHE,0.03553571428145,0.03522575563215804,21300,3.88
2022-01-05,600717.XSHG,0.03553571428145,0.028041992921926304,15300,4.3
2022-01-05,000429.XSHE,0.03553571428145,0.035517300291811445,11200,7.44
2022-01-05,600368.XSHG,0.03553571428145,0.035030966290839904,19900,4.13
2022-01-05,002040.XSHE,0.03553571428145,0.035895796867501835,13200,6.38
2022-01-05,600035.XSHG,0.03553571428145,0.03516309910442551,25700,3.21
2022-01-05,601018.XSHG,0.03553571428145,0.03652406708435727,20500,4.18
2022-01-05,601880.XSHG,0.03553571428145,0.027681398211302354,36900,1.76
2022-01-05,000755.XSHE,0.03553571428145,0.027233851584641422,13800,4.63
2022-01-05,600377.XSHG,0.03553571428145,0.03525814948323064,9400,8.8
2022-01-06,000421.XSHE,0.03553571428145,0.035468007656229344,16800,4.97
2022-01-06,003816.XSHE,0.03553571428145,0.0352403218736321,27200,3.05
2022-01-06,600017.XSHG,0.03553571428145,0.035601390745288175,29000,2.89
2022-01-06,600969.XSHG,0.03553571428145,0.035342270731511465,10400,8.0
2022-01-06,000900.XSHE,0.03553571428145,0.03543572385123421,19400,4.3
2022-01-06,600617.XSHG,0.03553571428145,0.03539791781643729,19700,4.23
2022-01-06,601077.XSHG,0.03553571428145,0.03527090653099591,21400,3.88
2022-01-06,601368.XSHG,0.03553571428145,0.035663409633831446,15100,5.56
2022-01-06,601985.XSHG,0.03553571428145,0.036026177653118836,11000,7.71
2022-01-06,002893.XSHE,0.03553571428145,0.03536988188052046,9100,9.15
2022-01-06,601006.XSHG,0.03553571428145,0.035070407110499836,12800,6.45
2022-01-06,601008.XSHG,0.03553571428145,0.03530149118835972,21200,3.92
2022-01-06,601288.XSHG,0.03553571428145,0.03520633892100565,28000,2.96
2022-01-06,600928.XSHG,0.03553571428145,0.03529342023711094,19100,4.35
2022-01-06,601988.XSHG,0.03553571428145,0.03530871256579284,26900,3.09
2022-01-06,601398.XSHG,0.03553571428145,0.03513837301575275,17600,4.7
2022-01-06,601229.XSHG,0.03553571428145,0.035123505473978675,11500,7.19
2022-01-06,600033.XSHG,0.03553571428145,0.035601390745288175,29000,2.89
2022-01-06,002807.XSHE,0.03553571428145,0.03527090653099591,21400,3.88
2022-01-06,600717.XSHG,0.03553571428145,0.03527090653099591,19400,4.28
2022-01-06,000429.XSHE,0.03553571428145,0.0355393718567449,11200,7.47
2022-01-06,600368.XSHG,0.03553571428145,0.03526283557974713,20100,4.13
2022-01-06,002040.XSHE,0.03553571428145,0.035335898927894,13100,6.35
2022-01-06,600035.XSHG,0.03553571428145,0.03528959715494046,25800,3.22
2022-01-06,601018.XSHG,0.03553571428145,0.03585201502090826,20000,4.22
2022-01-06,601880.XSHG,0.03553571428145,0.03548839742780521,47200,1.77
2022-01-06,000755.XSHE,0.03553571428145,0.03605973581883746,18100,4.69
2022-01-06,600377.XSHG,0.03553571428145,0.03513837301575275,9400,8.8
2022-04-01,000421.XSHE,0.03553571428145,0.03547847580537874,16700,5.06
2022-04-01,600681.XSHG,0.03553571428145,0.011766819281455405,5400,5.19
2022-04-01,601006.XSHG,0.03553571428145,0.036396275953429175,12600,6.88
2022-04-01,600795.XSHG,0.03553571428145,0.01182307967479427,11000,2.56
2022-04-01,002267.XSHE,0.03553571428145,0.011675291178859341,4400,6.32
2022-04-01,003816.XSHE,0.03553571428145,0.03255629418121084,28300,2.74
2022-04-01,601077.XSHG,0.03553571428145,0.036129249011910385,21300,4.04
2022-04-01,600886.XSHG,0.03553571428145,0.011814682601161605,3000,9.38
2022-04-01,601985.XSHG,0.03553571428145,0.036230013895502386,10800,7.99
2022-04-01,601398.XSHG,0.03553571428145,0.035395344776415344,17600,4.79
2022-04-01,601288.XSHG,0.03553571428145,0.03582023670222826,27700,3.08
2022-04-01,601298.XSHG,0.03553571428145,0.011986822610631264,5000,5.71
2022-04-01,601988.XSHG,0.03553571428145,0.036466811371943575,26400,3.29
2022-04-01,600717.XSHG,0.03553571428145,0.03673467802082563,19400,4.51
2022-04-01,601939.XSHG,0.03553571428145,0.01163834405487561,4400,6.3
2022-04-01,001872.XSHE,0.03553571428145,0.01140574511525075,1700,15.98
2022-04-01,600350.XSHG,0.03553571428145,0.012029647686157862,5200,5.51
2022-04-01,601229.XSHG,0.03553571428145,0.03339180300766115,11800,6.74
2022-04-01,002807.XSHE,0.03553571428145,0.04008427069289625,20800,4.59
2022-04-01,600033.XSHG,0.03553571428145,0.03579462562764863,28900,2.95
2022-04-01,601326.XSHG,0.03553571428145,0.01200781529471293,10000,2.86
2022-04-01,601228.XSHG,0.03553571428145,0.012059877151235462,8600,3.34
2022-04-01,000582.XSHE,0.03553571428145,0.011961631389733265,3700,7.7
2022-04-01,000429.XSHE,0.03553571428145,0.03619936457674315,10900,7.91
2022-04-01,600012.XSHG,0.03553571428145,0.012076671298500794,3600,7.99
2022-04-06,000421.XSHE,0.03553571428145,0.03599290047701111,16700,5.19
2022-04-06,600681.XSHG,0.03553571428145,0.028030883691556197,12500,5.4
2022-04-06,601006.XSHG,0.03553571428145,0.03549955692403973,12300,6.95
2022-04-06,600795.XSHG,0.03553571428145,0.02732159851607208,25600,2.57
2022-04-06,002267.XSHE,0.03553571428145,0.027813280979639525,10400,6.44
2022-04-06,003816.XSHE,0.03553571428145,0.034509132366938075,30000,2.77
2022-04-06,601077.XSHG,0.03553571428145,0.03566774222618906,21000,4.09
2022-04-06,600886.XSHG,0.03553571428145,0.02808071637367452,7000,9.66
2022-04-06,601985.XSHG,0.03553571428145,0.03565528405565948,10600,8.1
2022-04-06,601398.XSHG,0.03553571428145,0.0353014720126194,17600,4.83
2022-04-06,601288.XSHG,0.03553571428145,0.03540196792155801,27500,3.1
2022-04-06,601298.XSHG,0.03553571428145,0.027412127888587032,11500,5.74
2022-04-06,601988.XSHG,0.03553571428145,0.035493327838774937,25900,3.3
2022-04-06,600717.XSHG,0.03553571428145,0.03602529172038803,18900,4.59
2022-04-06,601939.XSHG,0.03553571428145,0.02742458605911661,10400,6.35
2022-04-06,001872.XSHE,0.03553571428145,0.02646115420482905,4000,15.93
2022-04-06,600350.XSHG,0.03553571428145,0.027920836518544902,11900,5.65
2022-04-06,601229.XSHG,0.03553571428145,0.0350398504314982,12300,6.86
2022-04-06,002807.XSHE,0.03553571428145,0.03724992988344579,19500,4.6
2022-04-06,600033.XSHG,0.03553571428145,0.03587413258462911,28700,3.01
2022-04-06,601326.XSHG,0.03553571428145,0.027794178451494168,23000,2.91
2022-04-06,601228.XSHG,0.03553571428145,0.02797855937533196,19700,3.42
2022-04-06,000582.XSHE,0.03553571428145,0.027567855020206786,8500,7.81
2022-04-06,000429.XSHE,0.03553571428145,0.03550287910284761,10700,7.99
2022-04-06,600012.XSHG,0.03553571428145,0.027746422131130776,8300,8.05
2022-04-07,000421.XSHE,0.03553571428145,0.03861915894812449,16200,5.71
2022-04-07,600681.XSHG,0.03553571428145,0.03449931439881645,15800,5.23
2022-04-07,601006.XSHG,0.03553571428145,0.03507337056574982,12300,6.83
2022-04-07,600795.XSHG,0.03553571428145,0.03572967332532748,33300,2.57
2022-04-07,002267.XSHE,0.03553571428145,0.03504957332828422,13200,6.36
2022-04-07,003816.XSHE,0.03553571428145,0.03536185988309598,30800,2.75
2022-04-07,601077.XSHG,0.03553571428145,0.03508297295981489,20800,4.04
2022-04-07,600886.XSHG,0.03553571428145,0.03508631292296796,8800,9.55
2022-04-07,601985.XSHG,0.03553571428145,0.03593466356384695,10600,8.12
2022-04-07,601398.XSHG,0.03553571428145,0.03561820205509387,17700,4.82
2022-04-07,601288.XSHG,0.03553571428145,0.03547667111648266,27500,3.09
2022-04-07,601298.XSHG,0.03553571428145,0.03496022931393968,14900,5.62
2022-04-07,601988.XSHG,0.03553571428145,0.03533013023314185,25800,3.28
2022-04-07,600717.XSHG,0.03553571428145,0.03477068640500314,18800,4.43
2022-04-07,601939.XSHG,0.03553571428145,0.03496523925866928,13400,6.25
2022-04-07,001872.XSHE,0.03553571428145,0.03425299211627776,5300,15.48
2022-04-07,600350.XSHG,0.03553571428145,0.03517732691888903,15100,5.58
2022-04-07,601229.XSHG,0.03553571428145,0.03489259506009008,12400,6.74
2022-04-07,002807.XSHE,0.03553571428145,0.03411730611318442,18700,4.37
2022-04-07,600033.XSHG,0.03553571428145,0.03532720776538291,28300,2.99
2022-04-07,601326.XSHG,0.03553571428145,0.034862952887106606,29300,2.85
2022-04-07,601228.XSHG,0.03553571428145,0.034860865410135944,25000,3.34
2022-04-07,000582.XSHE,0.03553571428145,0.03944913979166162,11000,8.59
2022-04-07,000429.XSHE,0.03553571428145,0.03520154165174877,10700,7.88
2022-04-07,600012.XSHG,0.03553571428145,0.03518233686361863,10600,7.95
2022-07-01,000883.XSHE,0.03553571428145,0.011830529069261138,5500,5.19
2022-07-01,002608.XSHE,0.03553571428145,0.011655215921729259,4300,6.54
2022-07-01,600017.XSHG,0.03553571428145,0.011640295653854205,9300,3.02
2022-07-01,600795.XSHG,0.03553571428145,0.04849584401654875,29400,3.98
2022-07-01,601985.XSHG,0.03553571428145,0.032353771983282584,11200,6.97
2022-07-01,003816.XSHE,0.03553571428145,0.03562628407054431,30700,2.8
2022-07-01,601991.XSHG,0.03553571428145,0.011880263295511317,11700,2.45
2022-07-01,600886.XSHG,0.03553571428145,0.03769439897878089,8500,10.7
2022-07-01,601077.XSHG,0.03553571428145,0.03279143317428415,21500,3.68
2022-07-01,601326.XSHG,0.03553571428145,0.03459512777962395,29600,2.82
2022-07-01,601288.XSHG,0.03553571428145,0.03455575485050923,27700,3.01
2022-07-01,601398.XSHG,0.03553571428145,0.03499175823396911,17700,4.77
2022-07-01,600033.XSHG,0.03553571428145,0.03340772312790095,29100,2.77
2022-07-01,601825.XSHG,0.03553571428145,0.011768361286448413,4500,6.31
2022-07-01,600035.XSHG,0.03553571428145,0.011754684374229614,8700,3.26
2022-07-01,601988.XSHG,0.03553571428145,0.03499383049339621,25900,3.26
2022-07-01,601939.XSHG,0.03553571428145,0.034270197501456115,13600,6.08
2022-07-01,601298.XSHG,0.03553571428145,0.034295064614581205,15100,5.48
2022-07-01,601000.XSHG,0.03553571428145,0.011762144508167142,11000,2.58
2022-07-01,601006.XSHG,0.03553571428145,0.03424408703267477,12500,6.61
2022-07-01,601169.XSHG,0.03553571428145,0.011665991670750131,6200,4.54
2022-07-01,601018.XSHG,0.03553571428145,0.01160796840679159,7200,3.89
2022-07-01,001872.XSHE,0.03553571428145,0.033849528837756694,5300,15.41
2022-07-01,000429.XSHE,0.03553571428145,0.036243817379817356,10600,8.25
2022-07-01,600350.XSHG,0.03553571428145,0.033508434936057555,15400,5.25
2022-07-01,600012.XSHG,0.03553571428145,0.03361536352249544,10800,7.51
2022-07-01,000755.XSHE,0.03553571428145,0.011526735837249632,6800,4.09
2022-07-04,000883.XSHE,0.03553571428145,0.027179988956372254,12700,5.2
2022-07-04,002608.XSHE,0.03553571428145,0.027933982593078402,10100,6.72
2022-07-04,600017.XSHG,0.03553571428145,0.02788788691223174,22000,3.08
2022-07-04,600795.XSHG,0.03553571428145,0.040437436022736015,24200,4.06
2022-07-04,601985.XSHG,0.03553571428145,0.034920359221400916,11900,7.13
2022-07-04,003816.XSHE,0.03553571428145,0.03615218397831221,30500,2.88
2022-07-04,601991.XSHG,0.03553571428145,0.029213137736573327,27300,2.6
2022-07-04,600886.XSHG,0.03553571428145,0.036404063948652914,8100,10.92
2022-07-04,601077.XSHG,0.03553571428145,0.034229335577279946,22600,3.68
2022-07-04,601326.XSHG,0.03553571428145,0.03530641054849173,30100,2.85
2022-07-04,601288.XSHG,0.03553571428145,0.035050826460940133,28200,3.02
2022-07-04,601398.XSHG,0.03553571428145,0.03494464176756121,17800,4.77
2022-07-04,600033.XSHG,0.03553571428145,0.03441865712361446,30300,2.76
2022-07-04,601825.XSHG,0.03553571428145,0.02726847620085469,10500,6.31
2022-07-04,600035.XSHG,0.03553571428145,0.02737095677702272,20400,3.26
2022-07-04,601988.XSHG,0.03553571428145,0.035340982309126724,26100,3.29
2022-07-04,601939.XSHG,0.03553571428145,0.03483969177991925,13900,6.09
2022-07-04,601298.XSHG,0.03553571428145,0.034923240201453834,15400,5.51
2022-07-04,601000.XSHG,0.03553571428145,0.027395239323183017,25900,2.57
2022-07-04,601006.XSHG,0.03553571428145,0.03503271744346466,12800,6.65
2022-07-04,601169.XSHG,0.03553571428145,0.027220322677113086,14600,4.53
2022-07-04,601018.XSHG,0.03553571428145,0.027588264986728422,17100,3.92
2022-07-04,001872.XSHE,0.03553571428145,0.03384822307313699,5400,15.23
2022-07-04,000429.XSHE,0.03553571428145,0.03526978094496179,10400,8.24
2022-07-04,600350.XSHG,0.03553571428145,0.034769313552912295,16000,5.28
2022-07-04,600012.XSHG,0.03553571428145,0.0343412822307647,11200,7.45
2022-07-04,000755.XSHE,0.03553571428145,0.027336385016387722,16200,4.1
2022-07-05,000883.XSHE,0.03553571428145,0.03543684223593584,16600,5.21
2022-07-05,002608.XSHE,0.03553571428145,0.03493818769067842,12900,6.61
2022-07-05,600017.XSHG,0.03553571428145,0.03638334346810072,28100,3.16
2022-07-05,600795.XSHG,0.03553571428145,0.03604448783216983,21300,4.13
2022-07-05,601985.XSHG,0.03553571428145,0.035155760051838396,12000,7.15
2022-07-05,003816.XSHE,0.03553571428145,0.035528624173600316,29900,2.9
2022-07-05,601991.XSHG,0.03553571428145,0.03626615760126126,33400,2.65
2022-07-05,600886.XSHG,0.03553571428145,0.03528277969771334,7900,10.9
2022-07-05,601077.XSHG,0.03553571428145,0.0351877198337037,23400,3.67
2022-07-05,601326.XSHG,0.03553571428145,0.03588509866363644,30200,2.9
2022-07-05,601288.XSHG,0.03553571428145,0.035383166192033855,28500,3.03
2022-07-05,601398.XSHG,0.03553571428145,0.03540160452772538,18000,4.8
2022-07-05,600033.XSHG,0.03553571428145,0.035411438306760856,31200,2.77
2022-07-05,601825.XSHG,0.03553571428145,0.034995141660925565,13600,6.28
2022-07-05,600035.XSHG,0.03553571428145,0.03572325105034418,26500,3.29
2022-07-05,601988.XSHG,0.03553571428145,0.03542618897531408,26200,3.3
2022-07-05,601939.XSHG,0.03553571428145,0.03529957907023228,14100,6.11
2022-07-05,601298.XSHG,0.03553571428145,0.03521967961556901,15600,5.51
2022-07-05,601000.XSHG,0.03553571428145,0.03568842308292686,33500,2.6
2022-07-05,601006.XSHG,0.03553571428145,0.035308183626888326,12900,6.68
2022-07-05,601169.XSHG,0.03553571428145,0.035266390065987537,19000,4.53
2022-07-05,601018.XSHG,0.03553571428145,0.035534360544704345,21900,3.96
2022-07-05,001872.XSHE,0.03553571428145,0.03526720954757383,5600,15.37
2022-07-05,000429.XSHE,0.03553571428145,0.03528359917929963,10400,8.28
2022-07-05,600350.XSHG,0.03553571428145,0.03526393162122867,16300,5.28
2022-07-05,600012.XSHG,0.03553571428145,0.03496318187906026,11500,7.42
2022-07-05,000755.XSHE,0.03553571428145,0.03485378108729055,20900,4.07
2022-10-10,600803.XSHG,0.03553571428145,0.01165786641632327,1400,19.87
2022-10-10,600795.XSHG,0.03553571428145,0.03669642219948765,21100,4.15
2022-10-10,600719.XSHG,0.03553571428145,0.011352778820123567,6300,4.3
2022-10-10,600008.XSHG,0.03553571428145,0.01181292467263356,10800,2.61
2022-10-10,000598.XSHE,0.03553571428145,0.011616796932219465,5600,4.95
2022-10-10,003816.XSHE,0.03553571428145,0.034111140082789884,30600,2.66
2022-10-10,000027.XSHE,0.03553571428145,0.011650323041691958,5000,5.56
2022-10-10,601077.XSHG,0.03553571428145,0.03549912101495117,23400,3.62
2022-10-10,600717.XSHG,0.03553571428145,0.011792809006950062,7000,4.02
2022-10-10,601825.XSHG,0.03553571428145,0.03206143756491523,14300,5.35
2022-10-10,601398.XSHG,0.03553571428145,0.03361998257901783,18400,4.36
2022-10-10,601288.XSHG,0.03553571428145,0.03475945122471425,28900,2.87
2022-10-10,601939.XSHG,0.03553571428145,0.033542872527231093,14500,5.52
2022-10-10,600350.XSHG,0.03553571428145,0.03701282485763431,16000,5.52
2022-10-10,601988.XSHG,0.03553571428145,0.03422261439678593,26600,3.07
2022-10-10,601298.XSHG,0.03553571428145,0.03540147622111253,15500,5.45
2022-10-10,600035.XSHG,0.03553571428145,0.034961026957917626,26400,3.16
2022-10-10,601006.XSHG,0.03553571428145,0.03599363112967047,12800,6.71
2022-10-10,600017.XSHG,0.03553571428145,0.0333060943790816,28900,2.75
2022-10-10,600033.XSHG,0.03553571428145,0.035826000582308,31200,2.74
2022-10-10,601169.XSHG,0.03553571428145,0.033668595437752954,19500,4.12
2022-10-10,601008.XSHG,0.03553571428145,0.011556449935168973,7200,3.83
2022-10-10,001872.XSHE,0.03553571428145,0.03463917630698168,5600,14.76
2022-10-10,601326.XSHG,0.03553571428145,0.034111140082789884,30600,2.66
2022-10-10,600012.XSHG,0.03553571428145,0.033379432743552685,11800,6.75
2022-10-10,000429.XSHE,0.03553571428145,0.032734055136207155,10700,7.3
2022-10-10,000755.XSHE,0.03553571428145,0.04035998781209452,19300,4.99
2022-10-11,600803.XSHG,0.03553571428145,0.027351218438093707,3300,19.88
2022-10-11,600795.XSHG,0.03553571428145,0.03820390374938596,20500,4.47
2022-10-11,600719.XSHG,0.03553571428145,0.027186120540077043,15200,4.29
2022-10-11,600008.XSHG,0.03553571428145,0.027731026986308804,25100,2.65
2022-10-11,000598.XSHE,0.03553571428145,0.027736446866799252,13200,5.04
2022-10-11,003816.XSHE,0.03553571428145,0.03545852582403313,31500,2.7
2022-10-11,000027.XSHE,0.03553571428145,0.02828760702128922,11800,5.75
2022-10-11,601077.XSHG,0.03553571428145,0.03541349912457405,23400,3.63
2022-10-11,600717.XSHG,0.03553571428145,0.02745336233964442,16100,4.09
2022-10-11,601825.XSHG,0.03553571428145,0.034190273789268776,15300,5.36
2022-10-11,601398.XSHG,0.03553571428145,0.034616359778594605,19000,4.37
2022-10-11,601288.XSHG,0.03553571428145,0.03505870540939177,29300,2.87
2022-10-11,601939.XSHG,0.03553571428145,0.034520469585302097,15000,5.52
2022-10-11,600350.XSHG,0.03553571428145,0.03606596935284696,15700,5.51
2022-10-11,601988.XSHG,0.03553571428145,0.034700576383138455,27200,3.06
2022-10-11,601298.XSHG,0.03553571428145,0.03600051387307773,15700,5.5
2022-10-11,600035.XSHG,0.03553571428145,0.03513333299460637,26500,3.18
2022-10-11,601006.XSHG,0.03553571428145,0.03545852582403313,12600,6.75
2022-10-11,600017.XSHG,0.03553571428145,0.034384555659157066,30100,2.74
2022-10-11,600033.XSHG,0.03553571428145,0.0351541786888004,31000,2.72
2022-10-11,601169.XSHG,0.03553571428145,0.034525472551908666,20100,4.12
2022-10-11,601008.XSHG,0.03553571428145,0.027447525545270093,17100,3.85
2022-10-11,001872.XSHE,0.03553571428145,0.0336199355961203,5600,14.4
2022-10-11,601326.XSHG,0.03553571428145,0.034841910189773936,31300,2.67
2022-10-11,600012.XSHG,0.03553571428145,0.034255312355154124,12300,6.68
2022-10-11,000429.XSHE,0.03553571428145,0.033993490436077196,11200,7.28
2022-10-11,000755.XSHE,0.03553571428145,0.03719205375320809,17700,5.04
2022-10-12,600803.XSHG,0.03553571428145,0.03481987790016107,4400,19.1
2022-10-12,600795.XSHG,0.03553571428145,0.035927783106075285,19100,4.54
2022-10-12,600719.XSHG,0.03553571428145,0.03601396271820324,19800,4.39
2022-10-12,600008.XSHG,0.03553571428145,0.035754595231702754,32200,2.68
2022-10-12,000598.XSHE,0.03553571428145,0.03557063490581423,16900,5.08
2022-10-12,003816.XSHE,0.03553571428145,0.035350213974794646,31600,2.7
2022-10-12,000027.XSHE,0.03553571428145,0.0355080718220098,14700,5.83
2022-10-12,601077.XSHG,0.03553571428145,0.035387503230042326,23400,3.65
2022-10-12,600717.XSHG,0.03553571428145,0.03567670212074095,20900,4.12
2022-10-12,601825.XSHG,0.03553571428145,0.03528475061558207,15800,5.39
2022-10-12,601398.XSHG,0.03553571428145,0.035366786977126946,19400,4.4
2022-10-12,601288.XSHG,0.03553571428145,0.03507510213607848,29600,2.86
2022-10-12,601939.XSHG,0.03553571428145,0.03534855667456142,15400,5.54
2022-10-12,600350.XSHG,0.03553571428145,0.03522094455660271,15400,5.52
2022-10-12,601988.XSHG,0.03553571428145,0.035360986426310644,27800,3.07
2022-10-12,601298.XSHG,0.03553571428145,0.03534855667456142,15400,5.54
2022-10-12,600035.XSHG,0.03553571428145,0.03562118256292775,26700,3.22
2022-10-12,601006.XSHG,0.03553571428145,0.03529055116639837,12600,6.76
2022-10-12,600017.XSHG,0.03553571428145,0.035591351158729606,30900,2.78
2022-10-12,600033.XSHG,0.03553571428145,0.035549090002782245,31200,2.75
2022-10-12,601169.XSHG,0.03553571428145,0.03533529827269558,20600,4.14
2022-10-12,601008.XSHG,0.03553571428145,0.035387503230042326,21900,3.9
2022-10-12,001872.XSHE,0.03553571428145,0.035543289451965936,5900,14.54
2022-10-12,601326.XSHG,0.03553571428145,0.03568581727202371,31900,2.7
2022-10-12,600012.XSHG,0.03553571428145,0.035412777058599076,12700,6.73
2022-10-12,000429.XSHE,0.03553571428145,0.035133107644241525,11600,7.31
2022-10-12,000755.XSHE,0.03553571428145,0.035499370995785345,16800,5.1
2023-01-03,600098.XSHG,0.03553571428145,0.011731752621073899,5200,5.61
2023-01-03,601006.XSHG,0.03553571428145,0.03381103009269735,12700,6.62
2023-01-03,003816.XSHE,0.03553571428145,0.03476615529751877,31900,2.71
2023-01-03,600886.XSHG,0.03553571428145,0.011770359787247733,2700,10.84
2023-01-03,601985.XSHG,0.03553571428145,0.011755882099932545,4800,6.09
2023-01-03,002039.XSHE,0.03553571428145,0.011568476480797058,1900,15.14
2023-01-03,600461.XSHG,0.03553571428145,0.011772772735133599,4200,6.97
2023-01-03,600283.XSHG,0.03553571428145,0.011958569722345175,2400,12.39
2023-01-03,601077.XSHG,0.03553571428145,0.03392886238112374,23900,3.53
2023-01-03,600717.XSHG,0.03553571428145,0.034790686934358384,21100,4.1
2023-01-03,600035.XSHG,0.03553571428145,0.035885360958578985,26400,3.38
2023-01-03,601825.XSHG,0.03553571428145,0.03677734736038695,15500,5.9
2023-01-03,601939.XSHG,0.03553571428145,0.03486790126670606,15400,5.63
2023-01-03,601288.XSHG,0.03553571428145,0.03475449271607042,29800,2.9
2023-01-03,601997.XSHG,0.03553571428145,0.01170159077250059,5300,5.49
2023-01-03,601988.XSHG,0.03553571428145,0.03532877431290621,27800,3.16
2023-01-03,601398.XSHG,0.03553571428145,0.03414602769085155,19700,4.31
2023-01-03,000905.XSHE,0.03553571428145,0.01172692672530217,4000,7.29
2023-01-03,601880.XSHG,0.03553571428145,0.011792076318220516,18100,1.62
2023-01-03,600018.XSHG,0.03553571428145,0.011640060601411043,5400,5.36
2023-01-03,601298.XSHG,0.03553571428145,0.034720309287687344,15500,5.57
2023-01-03,601000.XSHG,0.03553571428145,0.011637647653525178,10600,2.73
2023-01-03,600033.XSHG,0.03553571428145,0.036285910307632514,30900,2.92
2023-01-03,600350.XSHG,0.03553571428145,0.03610654784811658,15400,5.83
2023-01-03,000429.XSHE,0.03553571428145,0.035576503629188315,11400,7.76
2023-01-03,600012.XSHG,0.03553571428145,0.03655294320700154,12400,7.33
2023-01-03,000755.XSHE,0.03553571428145,0.037676974763833485,16700,5.61
2023-01-04,600098.XSHG,0.03553571428145,0.027456320239509713,12200,5.62
2023-01-04,601006.XSHG,0.03553571428145,0.03478011466311967,13100,6.63
2023-01-04,003816.XSHE,0.03553571428145,0.03481495364364644,32200,2.7
2023-01-04,600886.XSHG,0.03553571428145,0.027221257232967037,6300,10.79
2023-01-04,601985.XSHG,0.03553571428145,0.027224060369331258,11200,6.07
2023-01-04,002039.XSHE,0.03553571428145,0.027300545947269335,4500,15.15
2023-01-04,600461.XSHG,0.03553571428145,0.027392248551184623,9800,6.98
2023-01-04,600283.XSHG,0.03553571428145,0.027707000720081632,5500,12.58
2023-01-04,601077.XSHG,0.03553571428145,0.035266659046338335,24600,3.58
2023-01-04,600717.XSHG,0.03553571428145,0.03530670385154151,21400,4.12
2023-01-04,600035.XSHG,0.03553571428145,0.035462077695729864,26200,3.38
2023-01-04,601825.XSHG,0.03553571428145,0.03603872289065568,15100,5.96
2023-01-04,601939.XSHG,0.03553571428145,0.03525544650088144,15500,5.68
2023-01-04,601288.XSHG,0.03553571428145,0.03543404633208763,30200,2.93
2023-01-04,601997.XSHG,0.03553571428145,0.02765814605773375,12400,5.57
2023-01-04,601988.XSHG,0.03553571428145,0.0357520020854009,27900,3.2
2023-01-04,601398.XSHG,0.03553571428145,0.03526826083854646,20200,4.36
2023-01-04,000905.XSHE,0.03553571428145,0.027478745330423496,9400,7.3
2023-01-04,601880.XSHG,0.03553571428145,0.027271713687523045,42300,1.61
2023-01-04,600018.XSHG,0.03553571428145,0.027627712005779334,12800,5.39
2023-01-04,601298.XSHG,0.03553571428145,0.035333133422975616,15700,5.62
2023-01-04,601000.XSHG,0.03553571428145,0.027420680362878883,24900,2.75
2023-01-04,600033.XSHG,0.03553571428145,0.035786040169823605,30500,2.93
2023-01-04,600350.XSHG,0.03553571428145,0.03549451398794444,15100,5.87
2023-01-04,000429.XSHE,0.03553571428145,0.035521744455482604,11300,7.85
2023-01-04,600012.XSHG,0.03553571428145,0.03575921015033747,12100,7.38
2023-01-04,000755.XSHE,0.03553571428145,0.03591097996205753,16100,5.57
2023-01-05,600098.XSHG,0.03553571428145,0.03542576909842648,15700,5.63
2023-01-05,601006.XSHG,0.03553571428145,0.03528749834304463,13300,6.62
2023-01-05,003816.XSHE,0.03553571428145,0.035254233204793345,32700,2.69
2023-01-05,600886.XSHG,0.03553571428145,0.03506065414725875,8100,10.8
2023-01-05,601985.XSHG,0.03553571428145,0.03534280664519737,14600,6.04
2023-01-05,002039.XSHE,0.03553571428145,0.034961259517303105,5800,15.04
2023-01-05,600461.XSHG,0.03553571428145,0.0350967247790975,12600,6.95
2023-01-05,600283.XSHG,0.03553571428145,0.0350967247790975,7000,12.51
2023-01-05,601077.XSHG,0.03553571428145,0.03538448826421103,24800,3.56
2023-01-05,600717.XSHG,0.03553571428145,0.03576002362013218,21500,4.15
2023-01-05,600035.XSHG,0.03553571428145,0.03549189859013084,26200,3.38
2023-01-05,601825.XSHG,0.03553571428145,0.03535242548035437,14800,5.96
2023-01-05,601939.XSHG,0.03553571428145,0.03528509363425538,15500,5.68
2023-01-05,601288.XSHG,0.03553571428145,0.03546384365425626,30200,2.93
2023-01-05,601997.XSHG,0.03553571428145,0.03536725451788807,15900,5.55
2023-01-05,601988.XSHG,0.03553571428145,0.035397313377753696,27600,3.2
2023-01-05,601398.XSHG,0.03553571428145,0.03522858297770801,20300,4.33
2023-01-05,000905.XSHE,0.03553571428145,0.035498311146902176,12100,7.32
2023-01-05,601880.XSHG,0.03553571428145,0.03558007124573666,54800,1.62
2023-01-05,600018.XSHG,0.03553571428145,0.03542777302241752,16400,5.39
2023-01-05,601298.XSHG,0.03553571428145,0.035904706932285355,15800,5.67
2023-01-05,601000.XSHG,0.03553571428145,0.0358586166804914,32300,2.77
2023-01-05,600033.XSHG,0.03553571428145,0.03533318781004037,30400,2.9
2023-01-05,600350.XSHG,0.03553571428145,0.03504863060331251,15000,5.83
2023-01-05,000429.XSHE,0.03553571428145,0.035506326842866344,11300,7.84
2023-01-05,600012.XSHG,0.03553571428145,0.03554159590510867,12000,7.39
2023-01-05,000755.XSHE,0.03553571428145,0.035749603215378754,15900,5.61
2023-04-03,600168.XSHG,0.03553571428145,0.01183939401516766,5000,6.11
2023-04-03,600098.XSHG,0.03553571428145,0.03591114916600642,15600,5.94
2023-04-03,600681.XSHG,0.03553571428145,0.011773511953544796,7000,4.34
2023-04-03,600283.XSHG,0.03553571428145,0.03422921888692859,7100,12.44
2023-04-03,601985.XSHG,0.03553571428145,0.03596385481530471,14500,6.4
2023-04-03,601077.XSHG,0.03553571428145,0.035176370408142005,24800,3.66
2023-04-03,600956.XSHG,0.03553571428145,0.011620045504117417,3200,9.37
2023-04-03,600617.XSHG,0.03553571428145,0.01178668836586937,7400,4.11
2023-04-03,601825.XSHG,0.03553571428145,0.033882369209561156,15100,5.79
2023-04-03,601006.XSHG,0.03553571428145,0.03665445383772791,13100,7.22
2023-04-03,600035.XSHG,0.03553571428145,0.035639095005657886,26200,3.51
2023-04-03,600717.XSHG,0.03553571428145,0.034553978696575414,21800,4.09
2023-04-03,600033.XSHG,0.03553571428145,0.034859748970813294,30700,2.93
2023-04-03,601298.XSHG,0.03553571428145,0.037473716651085176,15300,6.32
2023-04-03,600017.XSHG,0.03553571428145,0.011844819596713073,10800,2.83
2023-04-03,601880.XSHG,0.03553571428145,0.03435168201323933,55400,1.6
2023-04-03,600018.XSHG,0.03553571428145,0.034892690001624725,16400,5.49
2023-04-03,601288.XSHG,0.03553571428145,0.035921225246019324,29900,3.1
2023-04-03,601398.XSHG,0.03553571428145,0.03500856492177318,20300,4.45
2023-04-03,601939.XSHG,0.03553571428145,0.03551043121472382,15400,5.95
2023-04-03,601988.XSHG,0.03553571428145,0.0356786242426316,27400,3.36
2023-04-03,601169.XSHG,0.03553571428145,0.011819241855141842,6900,4.42
2023-04-03,001872.XSHE,0.03553571428145,0.011022068909505186,1700,16.73
2023-04-03,600377.XSHG,0.03553571428145,0.011593692679468273,3600,8.31
2023-04-03,000429.XSHE,0.03553571428145,0.03400483233587189,11500,7.63
2023-04-03,600350.XSHG,0.03553571428145,0.03597431843685658,14900,6.23
2023-04-03,600012.XSHG,0.03553571428145,0.04152895131474195,12000,8.93
2023-04-03,000755.XSHE,0.03553571428145,0.034566380025822074,16100,5.54
2023-04-04,600168.XSHG,0.03553571428145,0.027115408286529127,11600,6.09
2023-04-04,600098.XSHG,0.03553571428145,0.03576160169378743,15400,6.05
2023-04-04,600681.XSHG,0.03553571428145,0.027193709958156613,16400,4.32
2023-04-04,600283.XSHG,0.03553571428145,0.034019773331799584,7200,12.31
2023-04-04,601985.XSHG,0.03553571428145,0.036445589825356915,14300,6.64
2023-04-04,601077.XSHG,0.03553571428145,0.03517126850279199,24900,3.68
2023-04-04,600956.XSHG,0.03553571428145,0.027070883806584088,7600,9.28
2023-04-04,600617.XSHG,0.03553571428145,0.02709237838310928,17300,4.08
2023-04-04,601825.XSHG,0.03553571428145,0.03450647195740571,15500,5.8
2023-04-04,601006.XSHG,0.03553571428145,0.035865236259176744,12800,7.3
2023-04-04,600035.XSHG,0.03553571428145,0.035563928356100394,26100,3.55
2023-04-04,600717.XSHG,0.03553571428145,0.03519199541586985,22200,4.13
2023-04-04,600033.XSHG,0.03553571428145,0.035095269821506486,31100,2.94
2023-04-04,601298.XSHG,0.03553571428145,0.03622373508907904,14700,6.42
2023-04-04,600017.XSHG,0.03553571428145,0.02745740235231387,25100,2.85
2023-04-04,601880.XSHG,0.03553571428145,0.03485345583559808,56400,1.61
2023-04-04,600018.XSHG,0.03553571428145,0.03536241670117673,16600,5.55
2023-04-04,601288.XSHG,0.03553571428145,0.035909376907398115,29700,3.15
2023-04-04,601398.XSHG,0.03553571428145,0.03556584751471871,20500,4.52
2023-04-04,601939.XSHG,0.03553571428145,0.03576160169378743,15400,6.05
2023-04-04,601988.XSHG,0.03553571428145,0.035809964490969105,27200,3.43
2023-04-04,601169.XSHG,0.03553571428145,0.027499623841916926,16100,4.45
2023-04-04,001872.XSHE,0.03553571428145,0.028953194579433007,4200,17.96
2023-04-04,600377.XSHG,0.03553571428145,0.02753608785566502,8500,8.44
2023-04-04,000429.XSHE,0.03553571428145,0.034829658268730905,11800,7.69
2023-04-04,600350.XSHG,0.03553571428145,0.03616731182570042,14700,6.41
2023-04-04,600012.XSHG,0.03553571428145,0.04113140750784867,12000,8.93
2023-04-04,000755.XSHE,0.03553571428145,0.03462162147450495,16400,5.5
2023-04-06,600168.XSHG,0.03553571428145,0.03539689389224566,15200,6.04
2023-04-06,600098.XSHG,0.03553571428145,0.03539380946440562,15300,6.0
2023-04-06,600681.XSHG,0.03553571428145,0.035726156564169435,21400,4.33
2023-04-06,600283.XSHG,0.03553571428145,0.03559622504140794,7500,12.31
2023-04-06,601985.XSHG,0.03553571428145,0.03542426818932597,13900,6.61
2023-04-06,601077.XSHG,0.03553571428145,0.03551602991756703,25100,3.67
2023-04-06,600956.XSHG,0.03553571428145,0.03500170157524113,9900,9.17
2023-04-06,600617.XSHG,0.03553571428145,0.03520257493832343,22600,4.04
2023-04-06,601825.XSHG,0.03553571428145,0.035779362944410045,16000,5.8
2023-04-06,601006.XSHG,0.03553571428145,0.03526889013688419,12600,7.26
2023-04-06,600035.XSHG,0.03553571428145,0.03538609839480553,26000,3.53
2023-04-06,600717.XSHG,0.03553571428145,0.035165176250763,22300,4.09
2023-04-06,600033.XSHG,0.03553571428145,0.035358724097725225,31300,2.93
2023-04-06,601298.XSHG,0.03553571428145,0.03473451301359807,14300,6.3
2023-04-06,600017.XSHG,0.03553571428145,0.03533597644240496,32500,2.82
2023-04-06,601880.XSHG,0.03553571428145,0.03563053930112833,57400,1.61
2023-04-06,600018.XSHG,0.03553571428145,0.03545704023512635,16600,5.54
2023-04-06,601288.XSHG,0.03553571428145,0.035923559945931695,29300,3.18
2023-04-06,601398.XSHG,0.03553571428145,0.035804423920610326,20500,4.53
2023-04-06,601939.XSHG,0.03553571428145,0.035629768194168326,15300,6.04
2023-04-06,601988.XSHG,0.03553571428145,0.0358102072228104,27000,3.44
2023-04-06,601169.XSHG,0.03553571428145,0.03543544924024611,20700,4.44
2023-04-06,001872.XSHE,0.03553571428145,0.03500054491480112,5100,17.8
2023-04-06,600377.XSHG,0.03553571428145,0.035511403275806964,10900,8.45
2023-04-06,000429.XSHE,0.03553571428145,0.035578875134807744,12000,7.69
2023-04-06,600350.XSHG,0.03553571428145,0.035255010211604036,14400,6.35
2023-04-06,600012.XSHG,0.03553571428145,0.04131591091727349,12000,8.93
2023-04-06,000755.XSHE,0.03553571428145,0.03505529350896174,16900,5.38
2023-07-03,000883.XSHE,0.03553571428145,0.011691732595291238,7000,4.62
2023-07-03,601985.XSHG,0.03553571428145,0.03547215271443369,13800,7.11
2023-07-03,601018.XSHG,0.03553571428145,0.01190430955156926,9600,3.43
2023-07-03,002267.XSHE,0.03553571428145,0.011783921581432218,4100,7.95
2023-07-03,600617.XSHG,0.03553571428145,0.03579101814885073,22500,4.4
2023-07-03,600642.XSHG,0.03553571428145,0.011657749204321622,4600,7.01
2023-07-03,000027.XSHE,0.03553571428145,0.011780306327073747,4900,6.65
2023-07-03,601006.XSHG,0.03553571428145,0.03434347030371943,12700,7.48
2023-07-03,000421.XSHE,0.03553571428145,0.011930339382950243,6000,5.5
2023-07-03,601825.XSHG,0.03553571428145,0.03294725907047841,16600,5.49
2023-07-03,600017.XSHG,0.03553571428145,0.03490600388189733,32400,2.98
2023-07-03,000429.XSHE,0.03553571428145,0.03407702605750021,12100,7.79
2023-07-03,600035.XSHG,0.03553571428145,0.0376839653309455,25300,4.12
2023-07-03,601228.XSHG,0.03553571428145,0.011713424121442058,10000,3.24
2023-07-03,601077.XSHG,0.03553571428145,0.03413812385615835,25800,3.66
2023-07-03,600020.XSHG,0.03553571428145,0.011803082429532107,8800,3.71
2023-07-03,002807.XSHE,0.03553571428145,0.011898525144595709,8800,3.74
2023-07-03,601997.XSHG,0.03553571428145,0.011911901585722046,6300,5.23
2023-07-03,601229.XSHG,0.03553571428145,0.011762591580717244,5600,5.81
2023-07-03,600018.XSHG,0.03553571428145,0.03270792923194771,17200,5.26
2023-07-03,600908.XSHG,0.03553571428145,0.011842488702039427,6100,5.37
2023-07-03,603323.XSHG,0.03553571428145,0.011942269722333193,7700,4.29
2023-07-03,601880.XSHG,0.03553571428145,0.033488101122505484,59000,1.57
2023-07-03,000557.XSHE,0.03553571428145,0.01177632954727943,6100,5.34
2023-07-03,600033.XSHG,0.03553571428145,0.0356446003473327,31300,3.15
2023-07-03,600012.XSHG,0.03553571428145,0.041716420042382685,11000,10.49
2023-07-03,600377.XSHG,0.03553571428145,0.03742872837323753,10500,9.86
2023-07-03,600350.XSHG,0.03553571428145,0.034118601482622614,14700,6.42
2023-07-04,000883.XSHE,0.03553571428145,0.027368927262180757,16500,4.56
2023-07-04,601985.XSHG,0.03553571428145,0.03543992351541397,13800,7.06
2023-07-04,601018.XSHG,0.03553571428145,0.027661022538516895,22300,3.41
2023-07-04,002267.XSHE,0.03553571428145,0.027517339307940588,9600,7.88
2023-07-04,600617.XSHG,0.03553571428145,0.03593499408962752,22300,4.43
2023-07-04,600642.XSHG,0.03553571428145,0.027303451359639654,10800,6.95
2023-07-04,000027.XSHE,0.03553571428145,0.027316182785133758,11500,6.53
2023-07-04,601006.XSHG,0.03553571428145,0.03504052050991324,13000,7.41
2023-07-04,000421.XSHE,0.03553571428145,0.02815791188780104,14100,5.49
2023-07-04,601825.XSHG,0.03553571428145,0.03462147473365019,17400,5.47
2023-07-04,600017.XSHG,0.03553571428145,0.03497067954720273,32700,2.94
2023-07-04,000429.XSHE,0.03553571428145,0.03513727934366843,12400,7.79
2023-07-04,600035.XSHG,0.03553571428145,0.0356516289336302,24200,4.05
2023-07-04,601228.XSHG,0.03553571428145,0.027696306774886267,23500,3.24
2023-07-04,601077.XSHG,0.03553571428145,0.03514746448406371,26400,3.66
2023-07-04,600020.XSHG,0.03553571428145,0.027217968931322105,20500,3.65
2023-07-04,002807.XSHE,0.03553571428145,0.0276653875986863,20500,3.71
2023-07-04,601997.XSHG,0.03553571428145,0.02756317243971936,14600,5.19
2023-07-04,601229.XSHG,0.03553571428145,0.027542802158928795,13100,5.78
2023-07-04,600018.XSHG,0.03553571428145,0.03462438477376313,18200,5.23
2023-07-04,600908.XSHG,0.03553571428145,0.027479508786472394,14200,5.32
2023-07-04,603323.XSHG,0.03553571428145,0.027777060388020292,17800,4.29
2023-07-04,601880.XSHG,0.03553571428145,0.035065255850873216,61400,1.57
2023-07-04,000557.XSHE,0.03553571428145,0.027464958585907705,14300,5.28
2023-07-04,600033.XSHG,0.03553571428145,0.035409004339214,31300,3.11
2023-07-04,600012.XSHG,0.03553571428145,0.03727215752152248,9900,10.35
2023-07-04,600377.XSHG,0.03553571428145,0.03615142832302728,10100,9.84
2023-07-04,600350.XSHG,0.03553571428145,0.034429412086196286,15000,6.31
2023-07-05,000883.XSHE,0.03553571428145,0.03550079906550208,21300,4.57
2023-07-05,601985.XSHG,0.03553571428145,0.03538154036367635,13800,7.03
2023-07-05,601018.XSHG,0.03553571428145,0.03556826958488362,28600,3.41
2023-07-05,002267.XSHE,0.03553571428145,0.035348716867761004,12300,7.88
2023-07-05,600617.XSHG,0.03553571428145,0.03506278774778737,22000,4.37
2023-07-05,600642.XSHG,0.03553571428145,0.03614815134605464,14200,6.98
2023-07-05,000027.XSHE,0.03553571428145,0.035050023054931406,14900,6.45
2023-07-05,601006.XSHG,0.03553571428145,0.03564121068691771,13100,7.46
2023-07-05,000421.XSHE,0.03553571428145,0.03505221128799243,17700,5.43
2023-07-05,601825.XSHG,0.03553571428145,0.035509916703256345,17800,5.47
2023-07-05,600017.XSHG,0.03553571428145,0.03549095201672748,33100,2.94
2023-07-05,000429.XSHE,0.03553571428145,0.035330846297762654,12500,7.75
2023-07-05,600035.XSHG,0.03553571428145,0.03559708132018708,24100,4.05
2023-07-05,601228.XSHG,0.03553571428145,0.03556754017386328,30100,3.24
2023-07-05,601077.XSHG,0.03553571428145,0.03521523465103862,26600,3.63
2023-07-05,600020.XSHG,0.03553571428145,0.03521523465103862,26600,3.63
2023-07-05,002807.XSHE,0.03553571428145,0.035450104999588394,26200,3.71
2023-07-05,601997.XSHG,0.03553571428145,0.035395763878572996,18700,5.19
2023-07-05,601229.XSHG,0.03553571428145,0.03562516364447021,16900,5.78
2023-07-05,600018.XSHG,0.03553571428145,0.03534215216857794,18600,5.21
2023-07-05,600908.XSHG,0.03553571428145,0.03543952853979345,18300,5.31
2023-07-05,603323.XSHG,0.03553571428145,0.03568169299854662,22700,4.31
2023-07-05,601880.XSHG,0.03553571428145,0.035330846297762654,62500,1.55
2023-07-05,000557.XSHE,0.03553571428145,0.035498975537951234,18400,5.29
2023-07-05,600033.XSHG,0.03553571428145,0.035500434359991916,31400,3.1
2023-07-05,600012.XSHG,0.03553571428145,0.034830835043318964,9400,10.16
2023-07-05,600377.XSHG,0.03553571428145,0.035419834442244245,9900,9.81
2023-07-05,600350.XSHG,0.03553571428145,0.03538372859673737,15400,6.3
2023-10-09,601985.XSHG,0.03553571428145,0.035897482585794234,13700,7.36
2023-10-09,003816.XSHE,0.03553571428145,0.01200047944106982,10600,3.18
2023-10-09,600969.XSHG,0.03553571428145,0.011677219819244394,5000,6.56
2023-10-09,600617.XSHG,0.03553571428145,0.03405867647706261,22300,4.29
2023-10-09,000421.XSHE,0.03553571428145,0.03264032148438365,18300,5.01
2023-10-09,000407.XSHE,0.03553571428145,0.01162310587374058,8800,3.71
2023-10-09,600717.XSHG,0.03553571428145,0.011668319499260215,7500,4.37
2023-10-09,600396.XSHG,0.03553571428145,0.011802536324621651,12800,2.59
2023-10-09,600033.XSHG,0.03553571428145,0.03652264106148305,30900,3.32
2023-10-09,600017.XSHG,0.03553571428145,0.03523423074057312,33100,2.99
2023-10-09,601825.XSHG,0.03553571428145,0.03729162870811621,17400,6.02
2023-10-09,002807.XSHE,0.03553571428145,0.03503059141933508,26100,3.77
2023-10-09,600908.XSHG,0.03553571428145,0.03550551249369094,18100,5.51
2023-10-09,600020.XSHG,0.03553571428145,0.03402770336351766,27000,3.54
2023-10-09,601229.XSHG,0.03553571428145,0.03656429455900901,16700,6.15
2023-10-09,601077.XSHG,0.03553571428145,0.03744649427584095,26100,4.03
2023-10-09,603323.XSHG,0.03553571428145,0.03540191276907508,22600,4.4
2023-10-09,601880.XSHG,0.03553571428145,0.03487786192840655,62800,1.56
2023-10-09,601166.XSHG,0.03553571428145,0.011549055211472198,2000,16.22
2023-10-09,000582.XSHE,0.03553571428145,0.011662979307269707,4200,7.8
2023-10-09,000429.XSHE,0.03553571428145,0.037221138173841505,12300,8.5
2023-10-09,601008.XSHG,0.03553571428145,0.011746998327920368,7300,4.52
2023-10-09,000755.XSHE,0.03553571428145,0.011887267370871047,7000,4.77
2023-10-09,601018.XSHG,0.03553571428145,0.035250607329344014,28700,3.45
2023-10-09,601006.XSHG,0.03553571428145,0.034423233583614626,13300,7.27
2023-10-09,600035.XSHG,0.03553571428145,0.033929799843691676,24500,3.89
2023-10-09,600377.XSHG,0.03553571428145,0.036494160037533675,9800,10.46
2023-10-09,000900.XSHE,0.03553571428145,0.011762662891092525,8000,4.13
2023-10-10,601985.XSHG,0.03553571428145,0.03598732332569467,13600,7.38
2023-10-10,003816.XSHE,0.03553571428145,0.0274709545265565,24400,3.14
2023-10-10,600969.XSHG,0.03553571428145,0.027393865469137555,11700,6.53
2023-10-10,600617.XSHG,0.03553571428145,0.0352246794878803,22900,4.29
2023-10-10,000421.XSHE,0.03553571428145,0.03480804002406258,19300,5.03
2023-10-10,000407.XSHE,0.03553571428145,0.027818034561819454,20800,3.73
2023-10-10,600717.XSHG,0.03553571428145,0.02722606231159307,17700,4.29
2023-10-10,600396.XSHG,0.03553571428145,0.02799444300949443,29800,2.62
2023-10-10,600033.XSHG,0.03553571428145,0.03586111240378086,30400,3.29
2023-10-10,600017.XSHG,0.03553571428145,0.03487867511388365,33200,2.93
2023-10-10,601825.XSHG,0.03553571428145,0.036443403702610455,16800,6.05
2023-10-10,002807.XSHE,0.03553571428145,0.035456663767648,26300,3.76
2023-10-10,600908.XSHG,0.03553571428145,0.03575498049217153,18000,5.54
2023-10-10,600020.XSHG,0.03553571428145,0.03478760246000267,27800,3.49
2023-10-10,601229.XSHG,0.03553571428145,0.035884776951639705,16300,6.14
2023-10-10,601077.XSHG,0.03553571428145,0.03668435182626407,25200,4.06
2023-10-10,603323.XSHG,0.03553571428145,0.03564956568807307,22700,4.38
2023-10-10,601880.XSHG,0.03553571428145,0.03534622921097342,63600,1.55
2023-10-10,601166.XSHG,0.03553571428145,0.027266578885957442,4700,16.18
2023-10-10,000582.XSHE,0.03553571428145,0.02651612587582793,9900,7.47
2023-10-10,000429.XSHE,0.03553571428145,0.03579370429775872,11800,8.46
2023-10-10,601008.XSHG,0.03553571428145,0.026241832252918672,17100,4.28
2023-10-10,000755.XSHE,0.03553571428145,0.027242197230587732,16200,4.69
2023-10-10,601018.XSHG,0.03553571428145,0.03510958373238504,28800,3.4
2023-10-10,601006.XSHG,0.03553571428145,0.035402163596821586,13600,7.26
2023-10-10,600035.XSHG,0.03553571428145,0.03460617425975158,25200,3.83
2023-10-10,600377.XSHG,0.03553571428145,0.03569474346125812,9600,10.37
2023-10-10,000900.XSHE,0.03553571428145,0.02735621732481668,18700,4.08
2023-10-11,601985.XSHG,0.03553571428145,0.03523131440146077,13400,7.26
2023-10-11,003816.XSHE,0.03553571428145,0.03547359215869297,31700,3.09
2023-10-11,600969.XSHG,0.03553571428145,0.03543556650172827,15100,6.48
2023-10-11,600617.XSHG,0.03553571428145,0.03506689870372771,23000,4.21
2023-10-11,000421.XSHE,0.03553571428145,0.034387506965958485,19700,4.82
2023-10-11,000407.XSHE,0.03553571428145,0.03496839414473345,26600,3.63
2023-10-11,600717.XSHG,0.03553571428145,0.0357213021526344,23100,4.27
2023-10-11,600396.XSHG,0.03553571428145,0.035917949121508974,38000,2.61
2023-10-11,600033.XSHG,0.03553571428145,0.0357636735989665,30200,3.27
2023-10-11,600017.XSHG,0.03553571428145,0.035620262549842505,33800,2.91
2023-10-11,601825.XSHG,0.03553571428145,0.03563547281262838,16400,6.0
2023-10-11,002807.XSHE,0.03553571428145,0.035240730278423456,26300,3.7
2023-10-11,600908.XSHG,0.03553571428145,0.03532547317108763,17800,5.48
2023-10-11,600020.XSHG,0.03553571428145,0.03535842874045703,28300,3.45
2023-10-11,601229.XSHG,0.03553571428145,0.035683276495669713,16100,6.12
2023-10-11,601077.XSHG,0.03553571428145,0.0355529028146479,24300,4.04
2023-10-11,603323.XSHG,0.03553571428145,0.035357342293115185,22600,4.32
2023-10-11,601880.XSHG,0.03553571428145,0.03570065965313929,63600,1.55
2023-10-11,601166.XSHG,0.03553571428145,0.03511397808854114,6000,16.16
2023-10-11,000582.XSHE,0.03553571428145,0.03551813649970875,13200,7.43
2023-10-11,000429.XSHE,0.03553571428145,0.03537182825767316,11600,8.42
2023-10-11,601008.XSHG,0.03553571428145,0.03531678159235284,23000,4.24
2023-10-11,000755.XSHE,0.03553571428145,0.0357615007042828,21100,4.68
2023-10-11,601018.XSHG,0.03553571428145,0.0359364187263204,29100,3.41
2023-10-11,601006.XSHG,0.03553571428145,0.035461641237932634,13600,7.2
2023-10-11,600035.XSHG,0.03553571428145,0.03536748246830577,25700,3.8
2023-10-11,600377.XSHG,0.03553571428145,0.035161057473354566,9500,10.22
2023-10-11,000900.XSHE,0.03553571428145,0.035640905049337625,24300,4.05
2024-01-02,002039.XSHE,0.03553571428145,0.011653776514653186,2300,14.09
2024-01-02,000900.XSHE,0.03553571428145,0.034800944925650695,24500,3.95
2024-01-02,600795.XSHG,0.03553571428145,0.012005112326509148,7800,4.28
2024-01-02,000027.XSHE,0.03553571428145,0.011572505385196228,5100,6.31
2024-01-02,601006.XSHG,0.03553571428145,0.035603946837497534,13600,7.28
2024-01-02,600017.XSHG,0.03553571428145,0.034043253466509944,34300,2.76
2024-01-02,000692.XSHE,0.03553571428145,0.011855156304458037,9900,3.33
2024-01-02,000791.XSHE,0.03553571428145,0.011846885348805337,5800,5.68
2024-01-02,601825.XSHG,0.03553571428145,0.034443855405514597,16600,5.77
2024-01-02,601991.XSHG,0.03553571428145,0.012046826711540153,13400,2.5
2024-01-02,601077.XSHG,0.03553571428145,0.036139401314317934,24100,4.17
2024-01-02,600617.XSHG,0.03553571428145,0.03340890712862467,23700,3.92
2024-01-02,000905.XSHE,0.03553571428145,0.011732170789970074,4500,7.25
2024-01-02,601229.XSHG,0.03553571428145,0.03473801374133668,16100,6.0
2024-01-02,002807.XSHE,0.03553571428145,0.034277357472158085,26700,3.57
2024-01-02,601018.XSHG,0.03553571428145,0.03679316641764868,28500,3.59
2024-01-02,600717.XSHG,0.03553571428145,0.03485596476107952,23300,4.16
2024-01-02,601169.XSHG,0.03553571428145,0.011780717703583743,7200,4.55
2024-01-02,603323.XSHG,0.03553571428145,0.034435944056629406,22800,4.2
2024-01-02,600033.XSHG,0.03553571428145,0.034882575661875165,30600,3.17
2024-01-02,601398.XSHG,0.03553571428145,0.011713111631292116,6800,4.79
2024-01-02,000582.XSHE,0.03553571428145,0.03570823280007505,13100,7.58
2024-01-02,601228.XSHG,0.03553571428145,0.011818116807404645,10400,3.16
2024-01-02,600020.XSHG,0.03553571428145,0.03735415297496219,27700,3.75
2024-01-02,600035.XSHG,0.03553571428145,0.03599519900054696,25600,3.91
2024-01-02,000429.XSHE,0.03553571428145,0.0355237545283431,11500,8.59
2024-01-02,600350.XSHG,0.03553571428145,0.012118388458274378,4700,7.17
2024-01-02,600377.XSHG,0.03553571428145,0.03569996184442235,9500,10.45
2024-01-03,002039.XSHE,0.03553571428145,0.02730811241998155,5400,14.19
2024-01-03,000900.XSHE,0.03553571428145,0.03508792728867099,24800,3.97
2024-01-03,600795.XSHG,0.03553571428145,0.028032993017458156,18000,4.37
2024-01-03,000027.XSHE,0.03553571428145,0.02738259621785402,12100,6.35
2024-01-03,601006.XSHG,0.03553571428145,0.03521765026678381,13500,7.32
2024-01-03,600017.XSHG,0.03553571428145,0.03487409820386963,35200,2.78
2024-01-03,000692.XSHE,0.03553571428145,0.02683768843341856,23100,3.26
2024-01-03,000791.XSHE,0.03553571428145,0.027808472478416727,13500,5.78
2024-01-03,601825.XSHG,0.03553571428145,0.035113230397039154,16900,5.83
2024-01-03,601991.XSHG,0.03553571428145,0.02822757748462739,30700,2.58
2024-01-03,601077.XSHG,0.03553571428145,0.0356239255279064,23800,4.2
2024-01-03,600617.XSHG,0.03553571428145,0.034804960133117194,24600,3.97
2024-01-03,000905.XSHE,0.03553571428145,0.02724182540369313,10500,7.28
2024-01-03,601229.XSHG,0.03553571428145,0.03502841152673461,16300,6.03
2024-01-03,002807.XSHE,0.03553571428145,0.03502520409046259,27300,3.6
2024-01-03,601018.XSHG,0.03553571428145,0.03586483963011593,27800,3.62
2024-01-03,600717.XSHG,0.03553571428145,0.035240458702495966,23600,4.19
2024-01-03,601169.XSHG,0.03553571428145,0.02742144183492627,16800,4.58
2024-01-03,603323.XSHG,0.03553571428145,0.03495856069236617,23300,4.21
2024-01-03,600033.XSHG,0.03553571428145,0.03579498879574748,31000,3.24
2024-01-03,601398.XSHG,0.03553571428145,0.027598207211695393,16000,4.84
2024-01-03,000582.XSHE,0.03553571428145,0.03521052263062377,13000,7.6
2024-01-03,601228.XSHG,0.03553571428145,0.027425718416622297,24200,3.18
2024-01-03,600020.XSHG,0.03553571428145,0.03600739235331683,26800,3.77
2024-01-03,600035.XSHG,0.03553571428145,0.035936828755332384,25400,3.97
2024-01-03,000429.XSHE,0.03553571428145,0.03590190333814816,11500,8.76
2024-01-03,600350.XSHG,0.03553571428145,0.02768445160923194,10700,7.26
2024-01-03,600377.XSHG,0.03553571428145,0.03597888180867665,9400,10.74
2024-01-04,002039.XSHE,0.03553571428145,0.03488018141491962,6900,14.23
2024-01-04,000900.XSHE,0.03553571428145,0.035398835257747924,25100,3.97
2024-01-04,600795.XSHG,0.03553571428145,0.035078406650740294,22700,4.35
2024-01-04,000027.XSHE,0.03553571428145,0.034857801146359224,15600,6.29
2024-01-04,601006.XSHG,0.03553571428145,0.035654964997939166,13600,7.38
2024-01-04,600017.XSHG,0.03553571428145,0.03529688070097277,36000,2.76
2024-01-04,000692.XSHE,0.03553571428145,0.03499670090837694,30500,3.23
2024-01-04,000791.XSHE,0.03553571428145,0.03564501821191232,17300,5.8
2024-01-04,601825.XSHG,0.03553571428145,0.035658162179162074,17100,5.87
2024-01-04,601991.XSHG,0.03553571428145,0.03537787595861993,38600,2.58
2024-01-04,601077.XSHG,0.03553571428145,0.03551002611583372,23800,4.2
2024-01-04,600617.XSHG,0.03553571428145,0.03548800108963142,25100,3.98
2024-01-04,000905.XSHE,0.03553571428145,0.035268461312324646,13600,7.3
2024-01-04,601229.XSHG,0.03553571428145,0.03530540651756721,16400,6.06
2024-01-04,002807.XSHE,0.03553571428145,0.035424767949889344,27700,3.6
2024-01-04,601018.XSHG,0.03553571428145,0.035235779015379304,27400,3.62
2024-01-04,600717.XSHG,0.03553571428145,0.03559457379706189,23800,4.21
2024-01-04,601169.XSHG,0.03553571428145,0.03570114650449237,21800,4.61
2024-01-04,603323.XSHG,0.03553571428145,0.035295459731540364,23600,4.21
2024-01-04,600033.XSHG,0.03553571428145,0.035662425087459294,30700,3.27
2024-01-04,601398.XSHG,0.03553571428145,0.035784983701004344,20600,4.89
2024-01-04,000582.XSHE,0.03553571428145,0.03550753941932701,13100,7.63
2024-01-04,601228.XSHG,0.03553571428145,0.035134890185678454,31200,3.17
2024-01-04,600020.XSHG,0.03553571428145,0.035409492528490974,26300,3.79
2024-01-04,600035.XSHG,0.03553571428145,0.0358446644171654,25100,4.02
2024-01-04,000429.XSHE,0.03553571428145,0.03579990388004461,11400,8.84
2024-01-04,600350.XSHG,0.03553571428145,0.035868465655158215,13700,7.37
2024-01-04,600377.XSHG,0.03553571428145,0.035754432858207605,9200,10.94
2024-04-01,000027.XSHE,0.03553571428145,0.037251135231573286,15300,7.19
2024-04-01,600795.XSHG,0.03553571428145,0.03687627720707165,22000,4.95
2024-04-01,600578.XSHG,0.03553571428145,0.011797699705182518,10400,3.35
2024-04-01,600803.XSHG,0.03553571428145,0.011471265074993197,1800,18.82
2024-04-01,601006.XSHG,0.03553571428145,0.03444020798551358,13800,7.37
2024-04-01,000692.XSHE,0.03553571428145,0.02964392157264891,33800,2.59
2024-04-01,000690.XSHE,0.03553571428145,0.011892853368131895,6900,5.09
2024-04-01,000900.XSHE,0.03553571428145,0.033142935093132576,26100,3.75
2024-04-01,600886.XSHG,0.03553571428145,0.011534587975247765,2300,14.81
2024-04-01,600018.XSHG,0.03553571428145,0.011702884667368192,6400,5.4
2024-04-01,600017.XSHG,0.03553571428145,0.03445443024118573,36600,2.78
2024-04-01,002807.XSHE,0.03553571428145,0.0363371859920702,27800,3.86
2024-04-01,601077.XSHG,0.03553571428145,0.0366873243817131,23400,4.63
2024-04-01,600717.XSHG,0.03553571428145,0.03536702498014862,23900,4.37
2024-04-01,601229.XSHG,0.03553571428145,0.03696364249191485,16100,6.78
2024-04-01,603323.XSHG,0.03553571428145,0.03652580019229369,23500,4.59
2024-04-01,601398.XSHG,0.03553571428145,0.03636393737773924,20300,5.29
2024-04-01,601187.XSHG,0.03553571428145,0.011800408706262928,6600,5.28
2024-04-01,600000.XSHG,0.03553571428145,0.01175164668681556,4800,7.23
2024-04-01,600033.XSHG,0.03553571428145,0.03483504489298324,30800,3.34
2024-04-01,601816.XSHG,0.03553571428145,0.011846123099494834,6900,5.07
2024-04-01,601880.XSHG,0.03553571428145,0.012021192294316287,25000,1.42
2024-04-01,601298.XSHG,0.03553571428145,0.01165005914630021,4700,7.32
2024-04-01,600035.XSHG,0.03553571428145,0.036152973918602366,24600,4.34
2024-04-01,000429.XSHE,0.03553571428145,0.037062521031349785,11000,9.95
2024-04-01,600377.XSHG,0.03553571428145,0.03482082263731109,9100,11.3
2024-04-01,600020.XSHG,0.03553571428145,0.033941074536448165,26800,3.74
2024-04-01,600350.XSHG,0.03553571428145,0.036608086100111126,13200,8.19
2024-04-02,000027.XSHE,0.03553571428145,0.03637138928583228,14800,7.31
2024-04-02,600795.XSHG,0.03553571428145,0.03606781250721444,21500,4.99
2024-04-02,600578.XSHG,0.03553571428145,0.02769406898361191,24300,3.39
2024-04-02,600803.XSHG,0.03553571428145,0.027452014409298685,4300,18.99
2024-04-02,601006.XSHG,0.03553571428145,0.034781897581175426,14000,7.39
2024-04-02,000692.XSHE,0.03553571428145,0.03434754409504669,38700,2.64
2024-04-02,000690.XSHE,0.03553571428145,0.027486641660901825,16000,5.11
2024-04-02,000900.XSHE,0.03553571428145,0.0350595879678181,27300,3.82
2024-04-02,600886.XSHG,0.03553571428145,0.026722825004180092,5400,14.72
2024-04-02,600018.XSHG,0.03553571428145,0.027584135864444654,15000,5.47
2024-04-02,600017.XSHG,0.03553571428145,0.035236758468739034,37300,2.81
2024-04-02,002807.XSHE,0.03553571428145,0.03555647221897775,27400,3.86
2024-04-02,601077.XSHG,0.03553571428145,0.03564253606762246,22800,4.65
2024-04-02,600717.XSHG,0.03553571428145,0.03559446133966858,23900,4.43
2024-04-02,601229.XSHG,0.03553571428145,0.03571515243991642,15600,6.81
2024-04-02,603323.XSHG,0.03553571428145,0.03556857494769341,23000,4.6
2024-04-02,601398.XSHG,0.03553571428145,0.03572523804717947,19900,5.34
2024-04-02,601187.XSHG,0.03553571428145,0.027387802709723928,15400,5.29
2024-04-02,600000.XSHG,0.03553571428145,0.027373682859555656,11200,7.27
2024-04-02,600033.XSHG,0.03553571428145,0.03513018721865946,31100,3.36
2024-04-02,601816.XSHG,0.03553571428145,0.027379061850095948,16000,5.09
2024-04-02,601880.XSHG,0.03553571428145,0.027449661100937307,57500,1.42
2024-04-02,601298.XSHG,0.03553571428145,0.02780097642060025,11100,7.45
2024-04-02,600035.XSHG,0.03553571428145,0.03563446758181201,24200,4.38
2024-04-02,000429.XSHE,0.03553571428145,0.03568422324430973,10700,9.92
2024-04-02,600377.XSHG,0.03553571428145,0.03491906183995292,9200,11.29
2024-04-02,600020.XSHG,0.03553571428145,0.035073707817986376,27600,3.78
2024-04-02,600350.XSHG,0.03553571428145,0.036429213434140434,12900,8.4
2024-04-03,000027.XSHE,0.03553571428145,0.035437339498315304,14500,7.29
2024-04-03,600795.XSHG,0.03553571428145,0.03539409256775117,21200,4.98
2024-04-03,600578.XSHG,0.03553571428145,0.03607464504096984,31100,3.46
2024-04-03,600803.XSHG,0.03553571428145,0.034609278114645294,5500,18.77
2024-04-03,601006.XSHG,0.03553571428145,0.03527541494434259,14200,7.41
2024-04-03,000692.XSHE,0.03553571428145,0.034999841479817585,40000,2.61
2024-04-03,000690.XSHE,0.03553571428145,0.035669666032276164,20700,5.14
2024-04-03,000900.XSHE,0.03553571428145,0.03532771355804806,27300,3.86
2024-04-03,600886.XSHG,0.03553571428145,0.03494217890573206,7100,14.68
2024-04-03,600018.XSHG,0.03553571428145,0.035917078704805906,19200,5.58
2024-04-03,600017.XSHG,0.03553571428145,0.03579907157644484,37600,2.84
2024-04-03,002807.XSHE,0.03553571428145,0.03549433157735332,27500,3.85
2024-04-03,601077.XSHG,0.03553571428145,0.03561535593342817,22700,4.68
2024-04-03,600717.XSHG,0.03553571428145,0.03582522088329757,23800,4.49
2024-04-03,601229.XSHG,0.03553571428145,0.035283125637388904,15500,6.79
2024-04-03,603323.XSHG,0.03553571428145,0.03546918801307184,23000,4.6
2024-04-03,601398.XSHG,0.03553571428145,0.03538001217175354,19800,5.33
2024-04-03,601187.XSHG,0.03553571428145,0.03555869910191391,19900,5.33
2024-04-03,600000.XSHG,0.03553571428145,0.03538805811232361,14600,7.23
2024-04-03,600033.XSHG,0.03553571428145,0.03558049019095785,31400,3.38
2024-04-03,601816.XSHG,0.03553571428145,0.03549332583478206,20800,5.09
2024-04-03,601880.XSHG,0.03553571428145,0.03541823038946138,74400,1.42
2024-04-03,601298.XSHG,0.03553571428145,0.035688775141130086,14100,7.55
2024-04-03,600035.XSHG,0.03553571428145,0.03540213850832124,24000,4.4
2024-04-03,000429.XSHE,0.03553571428145,0.03550070128030463,10600,9.99
2024-04-03,600377.XSHG,0.03553571428145,0.03498173811353492,9300,11.22
2024-04-03,600020.XSHG,0.03553571428145,0.03541554840927136,27800,3.8
2024-04-03,600350.XSHG,0.03553571428145,0.03535587435004331,12600,8.37
2024-07-01,000900.XSHE,0.03553571428145,0.03302922229540446,28300,3.73
2024-07-01,601991.XSHG,0.03553571428145,0.012105406001995165,12400,3.12
2024-07-01,601018.XSHG,0.03553571428145,0.011908905925246484,11000,3.46
2024-07-01,000027.XSHE,0.03553571428145,0.03394507536012323,14700,7.38
2024-07-01,000539.XSHE,0.03553571428145,0.011831932965246206,7300,5.18
2024-07-01,600021.XSHG,0.03553571428145,0.012068484013051942,3800,10.15
2024-07-01,000883.XSHE,0.03553571428145,0.01191140911093755,6200,6.14
2024-07-01,600795.XSHG,0.03553571428145,0.038490234778676316,20400,6.03
2024-07-01,600011.XSHG,0.03553571428145,0.011628549127847092,3800,9.78
2024-07-01,601077.XSHG,0.03553571428145,0.035640357869397676,22600,5.04
2024-07-01,600017.XSHG,0.03553571428145,0.0329481816586562,39000,2.7
2024-07-01,601008.XSHG,0.03553571428145,0.011937066764270978,10900,3.5
2024-07-01,601398.XSHG,0.03553571428145,0.035875031527935114,19700,5.82
2024-07-01,601939.XSHG,0.03553571428145,0.011843197300856003,5000,7.57
2024-07-01,002807.XSHE,0.03553571428145,0.03370664692304919,28200,3.82
2024-07-01,600000.XSHG,0.03553571428145,0.03678932010159697,14200,8.28
2024-07-01,600908.XSHG,0.03553571428145,0.011958969639067805,7000,5.46
2024-07-01,600033.XSHG,0.03553571428145,0.034350591442075924,32100,3.42
2024-07-01,601816.XSHG,0.03553571428145,0.03527489275850204,20800,5.42
2024-07-01,601326.XSHG,0.03553571428145,0.01192580242866118,11800,3.23
2024-07-01,600035.XSHG,0.03553571428145,0.033696634180284936,24700,4.36
2024-07-01,601169.XSHG,0.03553571428145,0.011754960005245927,6400,5.87
2024-07-01,600717.XSHG,0.03553571428145,0.033252318720120716,24600,4.32
2024-07-01,000429.XSHE,0.03553571428145,0.034759236506142446,10600,10.48
2024-07-01,600018.XSHG,0.03553571428145,0.03508465064598103,19200,5.84
2024-07-01,600020.XSHG,0.03553571428145,0.03287027000402177,29100,3.61
2024-07-01,600377.XSHG,0.03553571428145,0.03710127961834607,9100,13.03
2024-07-01,600350.XSHG,0.03553571428145,0.03524610612305478,12600,8.94
2024-07-02,000900.XSHE,0.03553571428145,0.03464283487799486,29700,3.77
2024-07-02,601991.XSHG,0.03553571428145,0.027678625406902094,28400,3.15
2024-07-02,601018.XSHG,0.03553571428145,0.027505363276029468,25400,3.5
2024-07-02,000027.XSHE,0.03553571428145,0.03466542083434076,15100,7.42
2024-07-02,000539.XSHE,0.03553571428145,0.027192872647134193,17000,5.17
2024-07-02,600021.XSHG,0.03553571428145,0.027267437242741877,8700,10.13
2024-07-02,000883.XSHE,0.03553571428145,0.027622934007693035,14400,6.2
2024-07-02,600795.XSHG,0.03553571428145,0.03631388625092889,19400,6.05
2024-07-02,600011.XSHG,0.03553571428145,0.027316631312043215,9000,9.81
2024-07-02,601077.XSHG,0.03553571428145,0.035920952489842756,22500,5.16
2024-07-02,600017.XSHG,0.03553571428145,0.034503915776634496,41000,2.72
2024-07-02,601008.XSHG,0.03553571428145,0.027678625406902094,25200,3.55
2024-07-02,601398.XSHG,0.03553571428145,0.03601841243845861,19500,5.97
2024-07-02,601939.XSHG,0.03553571428145,0.027635309874183937,11600,7.7
2024-07-02,002807.XSHE,0.03553571428145,0.035053404248830536,29200,3.88
2024-07-02,600000.XSHG,0.03553571428145,0.03642031870275064,13800,8.53
2024-07-02,600908.XSHG,0.03553571428145,0.027717609386348437,16200,5.53
2024-07-02,600033.XSHG,0.03553571428145,0.035005757162840566,32700,3.46
2024-07-02,601816.XSHG,0.03553571428145,0.0355880416812375,20800,5.53
2024-07-02,601326.XSHG,0.03553571428145,0.027789080015333395,27300,3.29
2024-07-02,600035.XSHG,0.03553571428145,0.03485044003837975,25600,4.4
2024-07-02,601169.XSHG,0.03553571428145,0.02766006160716574,15000,5.96
2024-07-02,600717.XSHG,0.03553571428145,0.034748029743167534,25700,4.37
2024-07-02,000429.XSHE,0.03553571428145,0.035191085763541824,10700,10.63
2024-07-02,600018.XSHG,0.03553571428145,0.03552368717548481,19200,5.98
2024-07-02,600020.XSHG,0.03553571428145,0.034651188587876226,30600,3.66
2024-07-02,600377.XSHG,0.03553571428145,0.03580338175817919,8800,13.15
2024-07-02,600350.XSHG,0.03553571428145,0.035007613542814196,12600,8.98
2024-07-03,000900.XSHE,0.03553571428145,0.03562441826129003,30400,3.78
2024-07-03,601991.XSHG,0.03553571428145,0.03530448300957001,36500,3.12
2024-07-03,601018.XSHG,0.03553571428145,0.03548119143348514,32700,3.5
2024-07-03,000027.XSHE,0.03553571428145,0.03517427680247465,15500,7.32
2024-07-03,000539.XSHE,0.03553571428145,0.03494176571837579,22100,5.1
2024-07-03,600021.XSHG,0.03553571428145,0.03548708171428231,11300,10.13
2024-07-03,000883.XSHE,0.03553571428145,0.03505895130476162,18600,6.08
2024-07-03,600795.XSHG,0.03553571428145,0.03556582546809712,18900,6.07
2024-07-03,600011.XSHG,0.03553571428145,0.035437479349674554,11700,9.77
2024-07-03,601077.XSHG,0.03553571428145,0.03537516637913606,22200,5.14
2024-07-03,600017.XSHG,0.03553571428145,0.035500412349770645,42100,2.72
2024-07-03,601008.XSHG,0.03553571428145,0.0354477098373749,32300,3.54
2024-07-03,601398.XSHG,0.03553571428145,0.03505895130476162,19200,5.89
2024-07-03,601939.XSHG,0.03553571428145,0.03515226575317996,14900,7.61
2024-07-03,002807.XSHE,0.03553571428145,0.03542104856639823,29600,3.86
2024-07-03,600000.XSHG,0.03553571428145,0.03543530924622296,13400,8.53
2024-07-03,600908.XSHG,0.03553571428145,0.03535935562541734,20700,5.51
2024-07-03,600033.XSHG,0.03553571428145,0.03560209719721654,33000,3.48
2024-07-03,601816.XSHG,0.03553571428145,0.035423528684628613,20700,5.52
2024-07-03,601326.XSHG,0.03553571428145,0.03559620691641937,34900,3.29
2024-07-03,600035.XSHG,0.03553571428145,0.035521183339950135,26100,4.39
2024-07-03,601169.XSHG,0.03553571428145,0.03517241671380186,19100,5.94
2024-07-03,600717.XSHG,0.03553571428145,0.03565727982784266,26200,4.39
2024-07-03,000429.XSHE,0.03553571428145,0.03632753177960497,10800,10.85
2024-07-03,600018.XSHG,0.03553571428145,0.03564611929580592,19100,6.02
2024-07-03,600020.XSHG,0.03553571428145,0.03570874228112322,31300,3.68
2024-07-03,600377.XSHG,0.03553571428145,0.035763924911749345,8700,13.26
2024-07-03,600350.XSHG,0.03553571428145,0.03508034232449871,12700,8.91
2024-10-08,600795.XSHG,0.03553571428145,0.03071852046799628,19900,5.4
2024-10-08,000027.XSHE,0.03553571428145,0.034073088099598144,15500,7.69
2024-10-08,600017.XSHG,0.03553571428145,0.03732188751443881,40800,3.2
2024-10-08,000539.XSHE,0.03553571428145,0.03314204193205428,22600,5.13
2024-10-08,600717.XSHG,0.03553571428145,0.0373207440742576,25400,5.14
2024-10-08,600681.XSHG,0.03553571428145,0.011886060683596551,10800,3.85
2024-10-08,600021.XSHG,0.03553571428145,0.03203233323619757,11600,9.66
2024-10-08,600803.XSHG,0.03553571428145,0.011715402236552127,1900,21.57
2024-10-08,000601.XSHE,0.03553571428145,0.011650226146223604,9500,4.29
2024-10-08,601077.XSHG,0.03553571428145,0.0342054413005723,22200,5.39
2024-10-08,000905.XSHE,0.03553571428145,0.011874626281784529,6200,6.7
2024-10-08,600033.XSHG,0.03553571428145,0.03513277128752726,32600,3.77
2024-10-08,600020.XSHG,0.03553571428145,0.03720811521640919,30200,4.31
2024-10-08,601818.XSHG,0.03553571428145,0.011685958651886172,11200,3.65
2024-10-08,601326.XSHG,0.03553571428145,0.036759314945287336,34200,3.76
2024-10-08,600035.XSHG,0.03553571428145,0.03338102092992553,26600,4.39
2024-10-08,002807.XSHE,0.03553571428145,0.03672444001976067,29000,4.43
2024-10-08,601816.XSHG,0.03553571428145,0.03458106140009721,20400,5.93
2024-10-08,600908.XSHG,0.03553571428145,0.036442582015094344,20300,6.28
2024-10-08,601166.XSHG,0.03553571428145,0.011440119012927704,2000,20.01
2024-10-08,601988.XSHG,0.03553571428145,0.011649940286178303,8200,4.97
2024-10-08,601018.XSHG,0.03553571428145,0.03654263303094953,32200,3.97
2024-10-08,601398.XSHG,0.03553571428145,0.034114537806166724,19500,6.12
2024-10-08,601880.XSHG,0.03553571428145,0.011798015789643984,26800,1.54
2024-10-08,600350.XSHG,0.03553571428145,0.03293107721862248,12800,9.0
2024-10-08,000429.XSHE,0.03553571428145,0.03404335865488689,10700,11.13
2024-10-08,000828.XSHE,0.03553571428145,0.0,0,12.23
2024-10-08,600377.XSHG,0.03553571428145,0.03380295035678913,8600,13.75
2024-10-09,600795.XSHG,0.03553571428145,0.03426327956135209,21900,5.14
2024-10-09,000027.XSHE,0.03553571428145,0.034652282202286375,15900,7.16
2024-10-09,600017.XSHG,0.03553571428145,0.0359492620559804,39500,2.99
2024-10-09,000539.XSHE,0.03553571428145,0.03484526160318804,23800,4.81
2024-10-09,600717.XSHG,0.03553571428145,0.0351989557102034,24500,4.72
2024-10-09,600681.XSHG,0.03553571428145,0.026982416360140874,25400,3.49
2024-10-09,600021.XSHG,0.03553571428145,0.03424319022308788,12500,9.0
2024-10-09,600803.XSHG,0.03553571428145,0.026035782390418177,4400,19.44
2024-10-09,000601.XSHE,0.03553571428145,0.027292583567583777,22700,3.95
2024-10-09,601077.XSHG,0.03553571428145,0.03525496235021272,22800,5.08
2024-10-09,000905.XSHE,0.03553571428145,0.027364113787160894,14500,6.2
2024-10-09,600033.XSHG,0.03553571428145,0.03474938067056339,32900,3.47
2024-10-09,600020.XSHG,0.03553571428145,0.03504950320887419,29300,3.93
2024-10-09,601818.XSHG,0.03553571428145,0.027194267563654378,26200,3.41
2024-10-09,601326.XSHG,0.03553571428145,0.03558247944070199,33400,3.5
2024-10-09,600035.XSHG,0.03553571428145,0.034484566666171515,27700,4.09
2024-10-09,002807.XSHE,0.03553571428145,0.03490857345711162,28600,4.01
2024-10-09,601816.XSHG,0.03553571428145,0.03578824296595361,20700,5.68
2024-10-09,600908.XSHG,0.03553571428145,0.03566161925810646,20200,5.8
2024-10-09,601166.XSHG,0.03553571428145,0.026623547726602914,4700,18.61
2024-10-09,601988.XSHG,0.03553571428145,0.028256871804265928,19300,4.81
2024-10-09,601018.XSHG,0.03553571428145,0.03481908458666195,31600,3.62
2024-10-09,601398.XSHG,0.03553571428145,0.03676957670176903,20000,6.04
2024-10-09,601880.XSHG,0.03553571428145,0.027316629896718212,63200,1.42
2024-10-09,600350.XSHG,0.03553571428145,0.03422066581351892,13400,8.39
2024-10-09,000429.XSHE,0.03553571428145,0.03508937750148952,11000,10.48
2024-10-09,000828.XSHE,0.03553571428145,0.023793994870480024,7100,11.01
2024-10-09,600377.XSHG,0.03553571428145,0.03399116034304595,8800,12.69
2024-10-10,600795.XSHG,0.03553571428145,0.03575504618700879,22800,5.27
2024-10-10,000027.XSHE,0.03553571428145,0.03306380615142748,15200,7.31
2024-10-10,600017.XSHG,0.03553571428145,0.0355515070246539,39300,3.04
2024-10-10,000539.XSHE,0.03553571428145,0.03514204812494582,24400,4.84
2024-10-10,600717.XSHG,0.03553571428145,0.03601333857432464,24800,4.88
2024-10-10,600681.XSHG,0.03553571428145,0.035303332081080836,33800,3.51
2024-10-10,600021.XSHG,0.03553571428145,0.03524143713112496,13000,9.11
2024-10-10,600803.XSHG,0.03553571428145,0.03462189248781666,5900,19.72
2024-10-10,000601.XSHE,0.03553571428145,0.03485013011577894,29500,3.97
2024-10-10,601077.XSHG,0.03553571428145,0.036865881995591834,22900,5.41
2024-10-10,000905.XSHE,0.03553571428145,0.03526315987798447,18900,6.27
2024-10-10,600033.XSHG,0.03553571428145,0.0353824861997744,33400,3.56
2024-10-10,600020.XSHG,0.03553571428145,0.03597019065248041,29700,4.07
2024-10-10,601818.XSHG,0.03553571428145,0.03602256330244307,34100,3.55
2024-10-10,601326.XSHG,0.03553571428145,0.03553811629028845,32900,3.63
2024-10-10,600035.XSHG,0.03553571428145,0.03561310440273499,28700,4.17
2024-10-10,002807.XSHE,0.03553571428145,0.03556579047464373,28800,4.15
2024-10-10,601816.XSHG,0.03553571428145,0.03557293219963863,20400,5.86
2024-10-10,600908.XSHG,0.03553571428145,0.035708624974541886,20000,6.0
2024-10-10,601166.XSHG,0.03553571428145,0.03579194509948248,6200,19.4
2024-10-10,601988.XSHG,0.03553571428145,0.03622729275229711,24300,5.01
2024-10-10,601018.XSHG,0.03553571428145,0.036073150521157005,32500,3.73
2024-10-10,601398.XSHG,0.03553571428145,0.03619604770544438,19400,6.27
2024-10-10,601880.XSHG,0.03553571428145,0.03548008977470482,82800,1.44
2024-10-10,600350.XSHG,0.03553571428145,0.035695829383926014,13900,8.63
2024-10-10,000429.XSHE,0.03553571428145,0.035561029324647116,11200,10.67
2024-10-10,000828.XSHE,0.03553571428145,0.03330483937000565,10700,10.46
2024-10-10,600377.XSHG,0.03553571428145,0.03534320671230241,9200,12.91
2025-01-02,000539.XSHE,0.03553571428145,0.03204520702038179,25500,4.38
2025-01-02,600969.XSHG,0.03553571428145,0.01174904850465247,6500,6.3
2025-01-02,000900.XSHE,0.03553571428145,0.011693100654630317,9500,4.29
2025-01-02,600795.XSHG,0.03553571428145,0.030885795420691912,24300,4.43
2025-01-02,601991.XSHG,0.03553571428145,0.011719783475410113,14800,2.76
2025-01-02,600744.XSHG,0.03553571428145,0.011813603716216495,13500,3.05
2025-01-02,600098.XSHG,0.03553571428145,0.01145065997120098,6500,6.14
2025-01-02,002039.XSHE,0.03553571428145,0.011519231951484543,2700,14.87
2025-01-02,000905.XSHE,0.03553571428145,0.03650209882676205,18600,6.84
2025-01-02,600017.XSHG,0.03553571428145,0.034954495221533835,39300,3.1
2025-01-02,600717.XSHG,0.03553571428145,0.03384701470314657,25100,4.7
2025-01-02,600908.XSHG,0.03553571428145,0.033479193453257325,20400,5.72
2025-01-02,601228.XSHG,0.03553571428145,0.011633709859991414,12400,3.27
2025-01-02,002807.XSHE,0.03553571428145,0.03478751240762156,28800,4.21
2025-01-02,002966.XSHE,0.03553571428145,0.011559686550731332,5100,7.9
2025-01-02,600020.XSHG,0.03553571428145,0.03527813201550814,29700,4.14
2025-01-02,601825.XSHG,0.03553571428145,0.011668713130261684,4900,8.3
2025-01-02,601326.XSHG,0.03553571428145,0.03217001376273891,34500,3.25
2025-01-02,601818.XSHG,0.03553571428145,0.03595811357731587,33600,3.73
2025-01-02,601528.XSHG,0.03553571428145,0.01154993154098388,7400,5.44
2025-01-02,601997.XSHG,0.03553571428145,0.011688796973859382,7000,5.82
2025-01-02,600035.XSHG,0.03553571428145,0.03640913932210985,28200,4.5
2025-01-02,600033.XSHG,0.03553571428145,0.03646766938059457,33100,3.84
2025-01-02,601018.XSHG,0.03553571428145,0.03460733163934508,32600,3.7
2025-01-02,601006.XSHG,0.03553571428145,0.0117404411431106,6200,6.6
2025-01-02,000828.XSHE,0.03553571428145,0.03257025607443586,11000,10.32
2025-01-02,000429.XSHE,0.03553571428145,0.04048615957244225,10300,13.7
2025-01-02,600377.XSHG,0.03553571428145,0.038175369910501564,8800,15.12
2025-01-03,000539.XSHE,0.03553571428145,0.03439907394988814,27300,4.36
2025-01-03,600969.XSHG,0.03553571428145,0.0263567861698911,15200,6.0
2025-01-03,000900.XSHE,0.03553571428145,0.027003278830659158,22300,4.19
2025-01-03,600795.XSHG,0.03553571428145,0.034106028103657114,26700,4.42
2025-01-03,601991.XSHG,0.03553571428145,0.02753503855163064,34900,2.73
2025-01-03,600744.XSHG,0.03553571428145,0.026951547857803775,31400,2.97
2025-01-03,600098.XSHG,0.03553571428145,0.02790698135646233,15600,6.19
2025-01-03,002039.XSHE,0.03553571428145,0.02722609771374014,6400,14.72
2025-01-03,000905.XSHE,0.03553571428145,0.03552964135664925,18000,6.83
2025-01-03,600017.XSHG,0.03553571428145,0.03510827957774902,39700,3.06
2025-01-03,600717.XSHG,0.03553571428145,0.03503024961869342,25900,4.68
2025-01-03,600908.XSHG,0.03553571428145,0.03522908151436102,21200,5.75
2025-01-03,601228.XSHG,0.03553571428145,0.027350656648380746,29300,3.23
2025-01-03,002807.XSHE,0.03553571428145,0.03515336355409225,29100,4.18
2025-01-03,002966.XSHE,0.03553571428145,0.027625495504165466,12100,7.9
2025-01-03,600020.XSHG,0.03553571428145,0.03513775756228114,29800,4.08
2025-01-03,601825.XSHG,0.03553571428145,0.026953570856742257,11500,8.11
2025-01-03,601326.XSHG,0.03553571428145,0.034458029918952374,36800,3.24
2025-01-03,601818.XSHG,0.03553571428145,0.0355966893214674,33200,3.71
2025-01-03,601528.XSHG,0.03553571428145,0.02787345737405326,17600,5.48
2025-01-03,601997.XSHG,0.03553571428145,0.02751423056254915,16500,5.77
2025-01-03,600035.XSHG,0.03553571428145,0.035223301517393946,27700,4.4
2025-01-03,600033.XSHG,0.03553571428145,0.03702608257142662,32600,3.93
2025-01-03,601018.XSHG,0.03553571428145,0.03529815247811765,33100,3.69
2025-01-03,601006.XSHG,0.03553571428145,0.027992525311575134,14500,6.68
2025-01-03,000828.XSHE,0.03553571428145,0.03406036612761717,11600,10.16
2025-01-03,000429.XSHE,0.03553571428145,0.03761333026328209,9500,13.7
2025-01-03,600377.XSHG,0.03553571428145,0.035860546183014666,8300,14.95
2025-01-06,000539.XSHE,0.03553571428145,0.035737068314261995,28200,4.42
2025-01-06,600969.XSHG,0.03553571428145,0.03526915252618655,20400,6.03
2025-01-06,000900.XSHE,0.03553571428145,0.0352829147552476,29300,4.2
2025-01-06,600795.XSHG,0.03553571428145,0.03510343235124317,27700,4.42
2025-01-06,601991.XSHG,0.03553571428145,0.035015698140979025,44900,2.72
2025-01-06,600744.XSHG,0.03553571428145,0.03552375376381584,41300,3.0
2025-01-06,600098.XSHG,0.03553571428145,0.03519690082361608,19800,6.2
2025-01-06,002039.XSHE,0.03553571428145,0.03488667724353175,8300,14.66
2025-01-06,000905.XSHE,0.03553571428145,0.03730997641069698,18200,7.15
2025-01-06,600017.XSHG,0.03553571428145,0.035384411194572786,40200,3.07
2025-01-06,600717.XSHG,0.03553571428145,0.03523073297005781,26200,4.69
2025-01-06,600908.XSHG,0.03553571428145,0.035464117437884655,21400,5.78
2025-01-06,601228.XSHG,0.03553571428145,0.03551801950170707,38000,3.26
2025-01-06,002807.XSHE,0.03553571428145,0.03549737615811551,29200,4.24
2025-01-06,002966.XSHE,0.03553571428145,0.03581906826241738,15500,8.06
2025-01-06,600020.XSHG,0.03553571428145,0.035642166276361895,30100,4.13
2025-01-06,601825.XSHG,0.03553571428145,0.035803872467829144,15100,8.27
2025-01-06,601326.XSHG,0.03553571428145,0.03522270500310554,37800,3.25
2025-01-06,601818.XSHG,0.03553571428145,0.03519690082361608,33000,3.72
2025-01-06,601528.XSHG,0.03553571428145,0.03532305459000897,22400,5.5
2025-01-06,601997.XSHG,0.03553571428145,0.035375809801409634,21200,5.82
2025-01-06,600035.XSHG,0.03553571428145,0.0353098657871588,27800,4.43
2025-01-06,600033.XSHG,0.03553571428145,0.03569234106981361,31200,3.99
2025-01-06,601018.XSHG,0.03553571428145,0.03530355809883916,33100,3.72
2025-01-06,601006.XSHG,0.03553571428145,0.03492394994723874,18400,6.62
2025-01-06,000828.XSHE,0.03553571428145,0.035420823758963466,12100,10.21
2025-01-06,000429.XSHE,0.03553571428145,0.03548074679800008,9000,13.75
2025-01-06,600377.XSHG,0.03553571428145,0.035735921461840243,8200,15.2
2025-04-01,600098.XSHG,0.03553571428145,0.035949934889509344,19800,6.51
2025-04-01,002039.XSHE,0.03553571428145,0.03656965556263453,8000,16.39
2025-04-01,601008.XSHG,0.03553571428145,0.011795331551669765,10900,3.88
2025-04-01,000543.XSHE,0.03553571428145,0.012088736658837942,5600,7.74
2025-04-01,600803.XSHG,0.03553571428145,0.011585039298053029,2100,19.78
2025-04-01,600578.XSHG,0.03553571428145,0.012106307497004858,11700,3.71
2025-04-01,000791.XSHE,0.03553571428145,0.011844976142046128,6200,6.85
2025-04-01,000407.XSHE,0.03553571428145,0.01200116137019649,13000,3.31
2025-04-01,000900.XSHE,0.03553571428145,0.034955927473209546,29700,4.22
2025-04-01,000905.XSHE,0.03553571428145,0.03811031127746059,17700,7.72
2025-04-01,600033.XSHG,0.03553571428145,0.03501115010744842,31700,3.96
2025-04-01,600035.XSHG,0.03553571428145,0.03487532473939624,28100,4.45
2025-04-01,601825.XSHG,0.03553571428145,0.035586525331866625,15100,8.45
2025-04-01,601398.XSHG,0.03553571428145,0.01156886297085174,6100,6.8
2025-04-01,601006.XSHG,0.03553571428145,0.03426564454522358,18700,6.57
2025-04-01,601997.XSHG,0.03553571428145,0.03476683178627036,21200,5.88
2025-04-01,002807.XSHE,0.03553571428145,0.0356688014788387,29000,4.41
2025-04-01,600908.XSHG,0.03553571428145,0.03433843801762937,21600,5.7
2025-04-01,601988.XSHG,0.03553571428145,0.01154655079540169,7500,5.52
2025-04-01,002966.XSHE,0.03553571428145,0.03458944999144245,15600,7.95
2025-04-01,600017.XSHG,0.03553571428145,0.03481703418103298,40400,3.09
2025-04-01,600717.XSHG,0.03553571428145,0.034915207753013204,26300,4.76
2025-04-01,601228.XSHG,0.03553571428145,0.03489763691484629,38500,3.25
2025-04-01,601018.XSHG,0.03553571428145,0.03454928807563236,33300,3.72
2025-04-01,600350.XSHG,0.03553571428145,0.011682097261260752,3900,10.74
2025-04-01,600020.XSHG,0.03553571428145,0.03673699687850991,29600,4.45
2025-04-01,000828.XSHE,0.03553571428145,0.034774641047677884,12200,10.22
2025-04-01,600377.XSHG,0.03553571428145,0.03553994866561465,8200,15.54
2025-04-02,600098.XSHG,0.03553571428145,0.035583958718971055,19700,6.47
2025-04-02,002039.XSHE,0.03553571428145,0.034014131559831455,7800,15.62
2025-04-02,601008.XSHG,0.03553571428145,0.027371889381234735,25400,3.86
2025-04-02,000543.XSHE,0.03553571428145,0.027514829360868288,12900,7.64
2025-04-02,600803.XSHG,0.03553571428145,0.026857082110835758,5000,19.24
2025-04-02,600578.XSHG,0.03553571428145,0.02705837063684317,26700,3.63
2025-04-02,000791.XSHE,0.03553571428145,0.026828047427472697,14300,6.72
2025-04-02,000407.XSHE,0.03553571428145,0.027303769547190618,30000,3.26
2025-04-02,000900.XSHE,0.03553571428145,0.03517663561294497,30000,4.2
2025-04-02,000905.XSHE,0.03553571428145,0.03816972061617023,16900,8.09
2025-04-02,600033.XSHG,0.03553571428145,0.03573499490838854,32000,4.0
2025-04-02,600035.XSHG,0.03553571428145,0.03536201089903224,28400,4.46
2025-04-02,601825.XSHG,0.03553571428145,0.03593042066179379,15000,8.58
2025-04-02,601398.XSHG,0.03553571428145,0.02772951850996634,14500,6.85
2025-04-02,601006.XSHG,0.03553571428145,0.03508673976637856,19100,6.58
2025-04-02,601997.XSHG,0.03553571428145,0.03577408005906959,21500,5.96
2025-04-02,002807.XSHE,0.03553571428145,0.03634248982183114,28800,4.52
2025-04-02,600908.XSHG,0.03553571428145,0.035439064481803444,22000,5.77
2025-04-02,601988.XSHG,0.03553571428145,0.027934994730689576,17900,5.59
2025-04-02,002966.XSHE,0.03553571428145,0.035420638625053805,15800,8.03
2025-04-02,600017.XSHG,0.03553571428145,0.035054634106890546,40900,3.07
2025-04-02,600717.XSHG,0.03553571428145,0.03505156313076561,26600,4.72
2025-04-02,601228.XSHG,0.03553571428145,0.03518668608026296,38900,3.24
2025-04-02,601018.XSHG,0.03553571428145,0.03492286131316587,33900,3.69
2025-04-02,600350.XSHG,0.03553571428145,0.026573993948045875,9100,10.46
2025-04-02,600020.XSHG,0.03553571428145,0.03610127860619952,28800,4.49
2025-04-02,000828.XSHE,0.03553571428145,0.03512889589318454,12300,10.23
2025-04-02,600377.XSHG,0.03553571428145,0.03482486925681552,8100,15.4
2025-04-03,600098.XSHG,0.03553571428145,0.03535100149643675,19700,6.51
2025-04-03,002039.XSHE,0.03553571428145,0.03547835077315553,8100,15.89
2025-04-03,601008.XSHG,0.03553571428145,0.03865960186105916,33000,4.25
2025-04-03,000543.XSHE,0.03553571428145,0.03532481495685172,16600,7.72
2025-04-03,600803.XSHG,0.03553571428145,0.036149001834317435,6600,19.87
2025-04-03,600578.XSHG,0.03553571428145,0.03510346978541193,34700,3.67
2025-04-03,000791.XSHE,0.03553571428145,0.035653387116697584,18800,6.88
2025-04-03,000407.XSHE,0.03553571428145,0.03567461199615071,39100,3.31
2025-04-03,000900.XSHE,0.03553571428145,0.034469755527454175,30500,4.1
2025-04-03,000905.XSHE,0.03553571428145,0.03510650191104809,16000,7.96
2025-04-03,600033.XSHG,0.03553571428145,0.03503951949926743,31700,4.01
2025-04-03,600035.XSHG,0.03553571428145,0.035351828439792066,28500,4.5
2025-04-03,601825.XSHG,0.03553571428145,0.034887913217459356,14700,8.61
2025-04-03,601398.XSHG,0.03553571428145,0.03513544492848418,18500,6.89
2025-04-03,601006.XSHG,0.03553571428145,0.03508886045280134,19200,6.63
2025-04-03,601997.XSHG,0.03553571428145,0.03500396093498881,21200,5.99
2025-04-03,002807.XSHE,0.03553571428145,0.03508803350944602,28100,4.53
2025-04-03,600908.XSHG,0.03553571428145,0.035172657379473435,22000,5.8
2025-04-03,601988.XSHG,0.03553571428145,0.03557179537230633,22800,5.66
2025-04-03,002966.XSHE,0.03553571428145,0.03549516528804698,15800,8.15
2025-04-03,600017.XSHG,0.03553571428145,0.03683481352366015,41500,3.22
2025-04-03,600717.XSHG,0.03553571428145,0.035591642012833935,26900,4.8
2025-04-03,601228.XSHG,0.03553571428145,0.03567461199615071,39100,3.31
2025-04-03,601018.XSHG,0.03553571428145,0.03556683371217444,34500,3.74
2025-04-03,600350.XSHG,0.03553571428145,0.03500782000398029,12200,10.41
2025-04-03,600020.XSHG,0.03553571428145,0.03510374543319704,28300,4.5
2025-04-03,000828.XSHE,0.03553571428145,0.035308276089745384,12400,10.33
2025-04-03,600377.XSHG,0.03553571428145,0.034786199184755395,8200,15.39
2025-07-01,600011.XSHG,0.03553571428145,0.011767046961144702,6300,7.17
2025-07-01,600795.XSHG,0.03553571428145,0.011959035484984414,9200,4.99
2025-07-01,601991.XSHG,0.03553571428145,0.012170040511185453,14200,3.29
2025-07-01,000027.XSHE,0.03553571428145,0.011706871453672553,7000,6.42
2025-07-01,600027.XSHG,0.03553571428145,0.011769912461500517,8200,5.51
2025-07-01,000543.XSHE,0.03553571428145,0.032093603985145935,17500,7.04
2025-07-01,600021.XSHG,0.03553571428145,0.011824096468228686,5100,8.9
2025-07-01,601018.XSHG,0.03553571428145,0.03383999620199998,35300,3.68
2025-07-01,600035.XSHG,0.03553571428145,0.03307933610754685,29600,4.29
2025-07-01,600033.XSHG,0.03553571428145,0.03125739888131218,33800,3.55
2025-07-01,000900.XSHE,0.03553571428145,0.03670315205752546,30300,4.65
2025-07-01,600020.XSHG,0.03553571428145,0.0358286534489367,28300,4.86
2025-07-01,600350.XSHG,0.03553571428145,0.0342844092571839,12300,10.7
2025-07-01,001213.XSHE,0.03553571428145,0.0116339314446154,11000,4.06
2025-07-01,601398.XSHG,0.03553571428145,0.036316830509554913,18200,7.66
2025-07-01,600717.XSHG,0.03553571428145,0.033240325127537274,27800,4.59
2025-07-01,601997.XSHG,0.03553571428145,0.03534490488886839,21300,6.37
2025-07-01,601333.XSHG,0.03553571428145,0.011744383458330515,15600,2.89
2025-07-01,601228.XSHG,0.03553571428145,0.033884281207498965,39900,3.26
2025-07-01,600018.XSHG,0.03553571428145,0.01181263446680542,7900,5.74
2025-07-01,600908.XSHG,0.03553571428145,0.036458542527151666,21800,6.42
2025-07-01,002807.XSHE,0.03553571428145,0.035555128414972395,28200,4.84
2025-07-01,601009.XSHG,0.03553571428145,0.011819407467646441,3800,11.94
2025-07-01,000001.XSHE,0.03553571428145,0.011855356472110322,3700,12.3
2025-07-01,601326.XSHG,0.03553571428145,0.01176808896127409,13900,3.25
2025-07-01,601939.XSHG,0.03553571428145,0.011888439976218388,4700,9.71
2025-07-01,600377.XSHG,0.03553571428145,0.033829576200706105,8400,15.46
2025-07-01,000429.XSHE,0.03553571428145,0.011579486937854887,3300,13.47
2025-07-02,600011.XSHG,0.03553571428145,0.02819279237166779,14700,7.38
2025-07-02,600795.XSHG,0.03553571428145,0.027491649792728945,21200,4.99
2025-07-02,601991.XSHG,0.03553571428145,0.02803582790996317,32300,3.34
2025-07-02,000027.XSHE,0.03553571428145,0.027532190282838084,16400,6.46
2025-07-02,600027.XSHG,0.03553571428145,0.027792065219435134,19200,5.57
2025-07-02,000543.XSHE,0.03553571428145,0.03435780549255966,18700,7.07
2025-07-02,600021.XSHG,0.03553571428145,0.027616129887358933,11900,8.93
2025-07-02,601018.XSHG,0.03553571428145,0.03518914541473363,36400,3.72
2025-07-02,600035.XSHG,0.03553571428145,0.03499553858696882,31100,4.33
2025-07-02,600033.XSHG,0.03553571428145,0.03414132967037431,36800,3.57
2025-07-02,000900.XSHE,0.03553571428145,0.034381454111789986,30000,4.41
2025-07-02,600020.XSHG,0.03553571428145,0.0357821800200481,28100,4.9
2025-07-02,600350.XSHG,0.03553571428145,0.034043616694213824,12500,10.48
2025-07-02,001213.XSHE,0.03553571428145,0.027499965790700052,26000,4.07
2025-07-02,601398.XSHG,0.03553571428145,0.03572552728386994,17900,7.68
2025-07-02,600717.XSHG,0.03553571428145,0.03481804400527304,29000,4.62
2025-07-02,601997.XSHG,0.03553571428145,0.03553685807990048,21300,6.42
2025-07-02,601333.XSHG,0.03553571428145,0.02786846845079467,36600,2.93
2025-07-02,601228.XSHG,0.03553571428145,0.03514002905171679,41100,3.29
2025-07-02,600018.XSHG,0.03553571428145,0.02782948721030511,18400,5.82
2025-07-02,600908.XSHG,0.03553571428145,0.0358705374984911,21400,6.45
2025-07-02,002807.XSHE,0.03553571428145,0.03585520487723187,28100,4.91
2025-07-02,601009.XSHG,0.03553571428145,0.027259841349284372,8800,11.92
2025-07-02,000001.XSHE,0.03553571428145,0.02753426928233086,8600,12.32
2025-07-02,601326.XSHG,0.03553571428145,0.027787907220449583,32600,3.28
2025-07-02,601939.XSHG,0.03553571428145,0.027392897316822064,10800,9.76
2025-07-02,600377.XSHG,0.03553571428145,0.03435078886927154,8600,15.37
2025-07-02,000429.XSHE,0.03553571428145,0.0268783449423599,7800,13.26
2025-07-03,600011.XSHG,0.03553571428145,0.035372788102463235,18400,7.38
2025-07-03,600795.XSHG,0.03553571428145,0.03540196325466275,27400,4.96
2025-07-03,601991.XSHG,0.03553571428145,0.03528526264586471,40800,3.32
2025-07-03,000027.XSHE,0.03553571428145,0.03539675340605569,21100,6.44
2025-07-03,600027.XSHG,0.03553571428145,0.03554809950809065,24500,5.57
2025-07-03,000543.XSHE,0.03553571428145,0.03554445261406571,19300,7.07
2025-07-03,600021.XSHG,0.03553571428145,0.035550964924824534,15300,8.92
2025-07-03,601018.XSHG,0.03553571428145,0.03537226711760253,36700,3.7
2025-07-03,600035.XSHG,0.03553571428145,0.03544780992240484,31500,4.32
2025-07-03,600033.XSHG,0.03553571428145,0.03571038629220043,38400,3.57
2025-07-03,000900.XSHE,0.03553571428145,0.03538216582995594,30800,4.41
2025-07-03,600020.XSHG,0.03553571428145,0.03519461128010194,27800,4.86
2025-07-03,600350.XSHG,0.03553571428145,0.03532016863153198,13000,10.43
2025-07-03,001213.XSHE,0.03553571428145,0.03571038629220043,33600,4.08
2025-07-03,601398.XSHG,0.03553571428145,0.035424886588533794,17800,7.64
2025-07-03,600717.XSHG,0.03553571428145,0.03546864931683306,29600,4.6
2025-07-03,601997.XSHG,0.03553571428145,0.03562129788101978,21300,6.42
2025-07-03,601333.XSHG,0.03553571428145,0.035521789772625025,46700,2.92
2025-07-03,601228.XSHG,0.03553571428145,0.03526494423629719,41400,3.27
2025-07-03,600018.XSHG,0.03553571428145,0.03538268681481664,23500,5.78
2025-07-03,600908.XSHG,0.03553571428145,0.03600630569308117,21200,6.52
2025-07-03,002807.XSHE,0.03553571428145,0.03562911265393036,27800,4.92
2025-07-03,601009.XSHG,0.03553571428145,0.03545718764989753,11400,11.94
2025-07-03,000001.XSHE,0.03553571428145,0.0353878966634237,11000,12.35
2025-07-03,601326.XSHG,0.03553571428145,0.03562911265393036,41700,3.28
2025-07-03,601939.XSHG,0.03553571428145,0.03530193416140728,14000,9.68
2025-07-03,600377.XSHG,0.03553571428145,0.035378518935931,8900,15.26
2025-07-03,000429.XSHE,0.03553571428145,0.035416550830762505,10300,13.2
2025-10-09,600795.XSHG,0.03553571428145,0.03623006236274063,27400,5.17
2025-10-09,000421.XSHE,0.03553571428145,0.011799617085991625,7300,6.32
2025-10-09,600011.XSHG,0.03553571428145,0.03481777075642786,18700,7.28
2025-10-09,603689.XSHG,0.03553571428145,0.011780691048529267,5400,8.53
2025-10-09,600027.XSHG,0.03553571428145,0.03371213210845791,25300,5.21
2025-10-09,600803.XSHG,0.03553571428145,0.011784015892948328,2500,18.43
2025-10-09,600033.XSHG,0.03553571428145,0.033786557471992315,39200,3.37
2025-10-09,601139.XSHG,0.03553571428145,0.011876600022156084,6900,6.73
2025-10-09,600908.XSHG,0.03553571428145,0.03293437427166017,21900,5.88
2025-10-09,600017.XSHG,0.03553571428145,0.011813427978193887,14900,3.1
2025-10-09,600035.XSHG,0.03553571428145,0.03310061649261332,32600,3.97
2025-10-09,601528.XSHG,0.03553571428145,0.011701406296997764,8600,5.32
2025-10-09,601880.XSHG,0.03553571428145,0.011860487314586778,26200,1.77
2025-10-09,600020.XSHG,0.03553571428145,0.03195687001245564,29400,4.25
2025-10-09,001872.XSHE,0.03553571428145,0.011320839489646552,2200,20.12
2025-10-09,000755.XSHE,0.03553571428145,0.011735422012977408,9500,4.83
2025-10-09,002839.XSHE,0.03553571428145,0.011794757697994531,10700,4.31
2025-10-09,601333.XSHG,0.03553571428145,0.0383548937037849,44900,3.34
2025-10-09,601326.XSHG,0.03553571428145,0.03644157361924564,41300,3.45
2025-10-09,000828.XSHE,0.03553571428145,0.011662531193021027,4000,11.4
2025-10-09,002807.XSHE,0.03553571428145,0.032743835110721556,28900,4.43
2025-10-09,600717.XSHG,0.03553571428145,0.03550524627938489,29600,4.69
2025-10-09,000001.XSHE,0.03553571428145,0.0329466506202844,11300,11.4
2025-10-09,601018.XSHG,0.03553571428145,0.03491802760352576,37100,3.68
2025-10-09,601398.XSHG,0.03553571428145,0.034026457784690864,18200,7.31
2025-10-09,601997.XSHG,0.03553571428145,0.03261339890658908,22100,5.77
2025-10-09,600350.XSHG,0.03553571428145,0.030936398533066307,14000,8.64
2025-10-09,600377.XSHG,0.03553571428145,0.030419768861796512,9500,12.52
2025-10-10,600795.XSHG,0.03553571428145,0.035233127656629934,27000,5.17
2025-10-10,000421.XSHE,0.03553571428145,0.028141069336578436,17100,6.52
2025-10-10,600011.XSHG,0.03553571428145,0.034824232558100375,18900,7.3
2025-10-10,603689.XSHG,0.03553571428145,0.02760496242961747,12600,8.68
2025-10-10,600027.XSHG,0.03553571428145,0.034651587960943454,26100,5.26
2025-10-10,600803.XSHG,0.03553571428145,0.02741969761337013,5800,18.73
2025-10-10,600033.XSHG,0.03553571428145,0.035062754698909286,40500,3.43
2025-10-10,601139.XSHG,0.03553571428145,0.027501981441839657,16000,6.81
2025-10-10,600908.XSHG,0.03553571428145,0.034425433634843156,23000,5.93
2025-10-10,600017.XSHG,0.03553571428145,0.027748075714102812,34900,3.15
2025-10-10,600035.XSHG,0.03553571428145,0.03470156402854151,34200,4.02
2025-10-10,601528.XSHG,0.03553571428145,0.0273283272271555,20200,5.36
2025-10-10,601880.XSHG,0.03553571428145,0.027406067776752478,61000,1.78
2025-10-10,600020.XSHG,0.03553571428145,0.0344266956567522,31500,4.33
2025-10-10,001872.XSHE,0.03553571428145,0.027758171889375148,5300,20.75
2025-10-10,000755.XSHE,0.03553571428145,0.027760443528811424,22400,4.91
2025-10-10,002839.XSHE,0.03553571428145,0.027512077617111993,25000,4.36
2025-10-10,601333.XSHG,0.03553571428145,0.03634320212782313,42600,3.38
2025-10-10,601326.XSHG,0.03553571428145,0.03607161501299733,40600,3.52
2025-10-10,000828.XSHE,0.03553571428145,0.02819180261732192,9300,12.01
2025-10-10,002807.XSHE,0.03553571428145,0.03448853473029525,30500,4.48
2025-10-10,600717.XSHG,0.03553571428145,0.03563747947628693,29600,4.77
2025-10-10,000001.XSHE,0.03553571428145,0.034331286800428636,11900,11.43
2025-10-10,601018.XSHG,0.03553571428145,0.035494366191801595,37500,3.75
2025-10-10,601398.XSHG,0.03553571428145,0.03450292178005833,18700,7.31
2025-10-10,601997.XSHG,0.03553571428145,0.03437444794971787,23400,5.82
2025-10-10,600350.XSHG,0.03553571428145,0.03379063661459512,15300,8.75
2025-10-10,600377.XSHG,0.03553571428145,0.03424117843612305,10500,12.92
2025-10-13,600795.XSHG,0.03553571428145,0.035495350971960916,27200,5.16
2025-10-13,000421.XSHE,0.03553571428145,0.03577556677848261,22000,6.43
2025-10-13,600011.XSHG,0.03553571428145,0.035582602283558376,19300,7.29
2025-10-13,603689.XSHG,0.03553571428145,0.03584890846069497,16200,8.75
2025-10-13,600027.XSHG,0.03553571428145,0.03558007326003381,26900,5.23
2025-10-13,600803.XSHG,0.03553571428145,0.03464104682536319,7400,18.51
2025-10-13,600033.XSHG,0.03553571428145,0.034979430172949855,40800,3.39
2025-10-13,601139.XSHG,0.03553571428145,0.03540228290625696,20800,6.73
2025-10-13,600908.XSHG,0.03553571428145,0.035543149516575175,23700,5.93
2025-10-13,600017.XSHG,0.03553571428145,0.03573510240208959,45000,3.14
2025-10-13,600035.XSHG,0.03553571428145,0.03529201748058597,34800,4.01
2025-10-13,601528.XSHG,0.03553571428145,0.03544932274381385,26200,5.35
2025-10-13,601880.XSHG,0.03553571428145,0.03558715452590259,79500,1.77
2025-10-13,600020.XSHG,0.03553571428145,0.035697419951573585,32300,4.37
2025-10-13,001872.XSHE,0.03553571428145,0.03477002702511596,6700,20.52
2025-10-13,000755.XSHE,0.03553571428145,0.03588659091121097,28900,4.91
2025-10-13,002839.XSHE,0.03553571428145,0.03542403250856821,32200,4.35
2025-10-13,601333.XSHG,0.03553571428145,0.03515848503848899,42000,3.31
2025-10-13,601326.XSHG,0.03553571428145,0.03517669400786585,40200,3.46
2025-10-13,000828.XSHE,0.03553571428145,0.03578340675140876,11900,11.89
2025-10-13,002807.XSHE,0.03553571428145,0.0354629794708465,31300,4.48
2025-10-13,600717.XSHG,0.03553571428145,0.035437942137953315,29500,4.75
2025-10-13,000001.XSHE,0.03553571428145,0.03517365917963637,12200,11.4
2025-10-13,601018.XSHG,0.03553571428145,0.03575407007852382,37700,3.75
2025-10-13,601398.XSHG,0.03553571428145,0.034933401944802794,19000,7.27
2025-10-13,601997.XSHG,0.03553571428145,0.03565543816106582,24100,5.85
2025-10-13,600350.XSHG,0.03553571428145,0.035707788948024295,15900,8.88
2025-10-13,600377.XSHG,0.03553571428145,0.03525989888182401,10700,13.03
2026-01-05,002039.XSHE,0.03553571428145,0.011305944903375453,2500,17.99
2026-01-05,000543.XSHE,0.03553571428145,0.011839127985978217,5800,8.12
2026-01-05,600027.XSHG,0.03553571428145,0.034508333088737346,27400,5.01
2026-01-05,000027.XSHE,0.03553571428145,0.011873316057281367,7200,6.56
2026-01-05,600011.XSHG,0.03553571428145,0.03562648412665206,19100,7.42
2026-01-05,600795.XSHG,0.03553571428145,0.03470340620146707,27500,5.02
2026-01-05,001872.XSHE,0.03553571428145,0.032991488807537404,6800,19.3
2026-01-05,600908.XSHG,0.03553571428145,0.035329600948644575,23700,5.93
2026-01-05,601991.XSHG,0.03553571428145,0.011958283469784777,13400,3.55
2026-01-05,600017.XSHG,0.03553571428145,0.0344645924680995,45700,3.0
2026-01-05,600020.XSHG,0.03553571428145,0.034722259917259246,32500,4.25
2026-01-05,601528.XSHG,0.03553571428145,0.03643744528859289,25700,5.64
2026-01-05,000828.XSHE,0.03553571428145,0.0333318612233055,12300,10.78
2026-01-05,600035.XSHG,0.03553571428145,0.034696618863781885,35300,3.91
2026-01-05,603323.XSHG,0.03553571428145,0.011806196829061217,9300,5.05
2026-01-05,600018.XSHG,0.03553571428145,0.011739077600841067,8600,5.43
2026-01-05,000001.XSHE,0.03553571428145,0.03526901767523238,12200,11.5
2026-01-05,002839.XSHE,0.03553571428145,0.036612407771144294,31800,4.58
2026-01-05,600717.XSHG,0.03553571428145,0.034087015386501496,30200,4.49
2026-01-05,601000.XSHG,0.03553571428145,0.011807453743447362,12200,3.85
2026-01-05,601997.XSHG,0.03553571428145,0.03565614730616508,24000,5.91
2026-01-05,601298.XSHG,0.03553571428145,0.011796895662603744,5600,8.38
2026-01-05,601006.XSHG,0.03553571428145,0.011803934383166155,9100,5.16
2026-01-05,600033.XSHG,0.03553571428145,0.03939571898782407,38600,4.06
2026-01-05,601860.XSHG,0.03553571428145,0.011837619688714844,17000,2.77
2026-01-05,000755.XSHE,0.03553571428145,0.03637912446107576,28600,5.06
2026-01-05,600377.XSHG,0.03553571428145,0.033210191910726654,11000,12.01
2026-01-05,000548.XSHE,0.03553571428145,0.011630982963632585,8600,5.38
2026-01-06,002039.XSHE,0.03553571428145,0.027284090255990733,6000,18.2
2026-01-06,000543.XSHE,0.03553571428145,0.027523950390109332,13500,8.16
2026-01-06,600027.XSHG,0.03553571428145,0.03499409444206547,27900,5.02
2026-01-06,000027.XSHE,0.03553571428145,0.02770584432514927,16700,6.64
2026-01-06,600011.XSHG,0.03553571428145,0.03531940474896383,19000,7.44
2026-01-06,600795.XSHG,0.03553571428145,0.03485467573910904,27900,5.0
2026-01-06,001872.XSHE,0.03553571428145,0.03437945284838656,7100,19.38
2026-01-06,600908.XSHG,0.03553571428145,0.03535163595448601,23700,5.97
2026-01-06,601991.XSHG,0.03553571428145,0.028116105096214625,31000,3.63
2026-01-06,600017.XSHG,0.03553571428145,0.03527892835133131,46600,3.03
2026-01-06,600020.XSHG,0.03553571428145,0.035182484589071125,32900,4.28
2026-01-06,601528.XSHG,0.03553571428145,0.035448329571052574,25200,5.63
2026-01-06,000828.XSHE,0.03553571428145,0.03506330408493095,12700,11.05
2026-01-06,600035.XSHG,0.03553571428145,0.03515300178091905,35800,3.93
2026-01-06,603323.XSHG,0.03553571428145,0.02754293931739372,21700,5.08
2026-01-06,600018.XSHG,0.03553571428145,0.027657872298325552,20200,5.48
2026-01-06,000001.XSHE,0.03553571428145,0.035572757015626594,12200,11.67
2026-01-06,002839.XSHE,0.03553571428145,0.035666452380516675,31100,4.59
2026-01-06,600717.XSHG,0.03553571428145,0.03516449507901223,31000,4.54
2026-01-06,601000.XSHG,0.03553571428145,0.027913723108052055,28500,3.92
2026-01-06,601997.XSHG,0.03553571428145,0.03535138610017964,23900,5.92
2026-01-06,601298.XSHG,0.03553571428145,0.027788546100558913,13100,8.49
2026-01-06,601006.XSHG,0.03553571428145,0.02772708194119102,21300,5.21
2026-01-06,600033.XSHG,0.03553571428145,0.03672158711633214,36200,4.06
2026-01-06,601860.XSHG,0.03553571428145,0.027674612536852577,39700,2.79
2026-01-06,000755.XSHE,0.03553571428145,0.03545557534593741,28100,5.05
2026-01-06,600377.XSHG,0.03553571428145,0.034364961298616895,11500,11.96
2026-01-06,000548.XSHE,0.03553571428145,0.027642631185636764,20300,5.45
2026-01-07,002039.XSHE,0.03553571428145,0.03528424186208175,7800,18.04
2026-01-07,000543.XSHE,0.03553571428145,0.03647582976736781,17400,8.36
2026-01-07,600027.XSHG,0.03553571428145,0.03555280049982614,28300,5.01
2026-01-07,000027.XSHE,0.03553571428145,0.035470302094767404,21400,6.61
2026-01-07,600011.XSHG,0.03553571428145,0.03553750444296115,19100,7.42
2026-01-07,600795.XSHG,0.03553571428145,0.03567842877014355,28400,5.01
2026-01-07,001872.XSHE,0.03553571428145,0.03547531719537888,7300,19.38
2026-01-07,600908.XSHG,0.03553571428145,0.03539006048498383,23800,5.93
2026-01-07,601991.XSHG,0.03553571428145,0.03588454940527511,39100,3.66
2026-01-07,600017.XSHG,0.03553571428145,0.03551644102039296,46900,3.02
2026-01-07,600020.XSHG,0.03553571428145,0.03538153481394433,33200,4.25
2026-01-07,601528.XSHG,0.03553571428145,0.035273208640736506,25300,5.56
2026-01-07,000828.XSHE,0.03553571428145,0.03508163179737822,12800,10.93
2026-01-07,600035.XSHG,0.03553571428145,0.03548484588654068,36100,3.92
2026-01-07,603323.XSHG,0.03553571428145,0.03533013003267673,27900,5.05
2026-01-07,600018.XSHG,0.03553571428145,0.03539532634062588,25900,5.45
2026-01-07,000001.XSHE,0.03553571428145,0.03531734152611747,12100,11.64
2026-01-07,002839.XSHE,0.03553571428145,0.03567993330032699,31000,4.59
2026-01-07,600717.XSHG,0.03553571428145,0.035554305030009586,31300,4.53
2026-01-07,601000.XSHG,0.03553571428145,0.03540159521639022,36200,3.9
2026-01-07,601997.XSHG,0.03553571428145,0.035446731121893484,24000,5.89
2026-01-07,601298.XSHG,0.03553571428145,0.035092163508662316,16700,8.38
2026-01-07,601006.XSHG,0.03553571428145,0.034981079030118184,27300,5.11
2026-01-07,600033.XSHG,0.03553571428145,0.035968050830456136,34900,4.11
2026-01-07,601860.XSHG,0.03553571428145,0.035354704025672944,50900,2.77
2026-01-07,000755.XSHE,0.03553571428145,0.03537200612278253,28100,5.02
2026-01-07,600377.XSHG,0.03553571428145,0.0349743086442927,11800,11.82
2026-01-07,000548.XSHE,0.03553571428145,0.03533639890844107,26000,5.42
2026-04-01,002039.XSHE,0.03553571428145,0.03554517632365806,7700,18.46
2026-04-01,000027.XSHE,0.03553571428145,0.03623486407464404,21000,6.9
2026-04-01,600717.XSHG,0.03553571428145,0.035774738816553325,31100,4.6
2026-04-01,000543.XSHE,0.03553571428145,0.036086823774214856,17200,8.39
2026-04-01,600886.XSHG,0.03553571428145,0.011561397313754437,3300,14.01
2026-04-01,600023.XSHG,0.03553571428145,0.011900489623521292,8700,5.47
2026-04-01,600642.XSHG,0.03553571428145,0.011835471924008474,5300,8.93
2026-04-01,601139.XSHG,0.03553571428145,0.012029774818321782,6700,7.18
2026-04-01,601333.XSHG,0.03553571428145,0.011699684959256702,14900,3.14
2026-04-01,600035.XSHG,0.03553571428145,0.03540213738472986,36300,3.9
2026-04-01,600908.XSHG,0.03553571428145,0.034351851469522784,24100,5.7
2026-04-01,001872.XSHE,0.03553571428145,0.038598007383859954,7000,22.05
2026-04-01,600020.XSHG,0.03553571428145,0.033280059699861475,34300,3.88
2026-04-01,601528.XSHG,0.03553571428145,0.03431884248361628,25700,5.34
2026-04-01,601997.XSHG,0.03553571428145,0.03507504834256537,24100,5.82
2026-04-01,601128.XSHG,0.03553571428145,0.011751198982716858,6600,7.12
2026-04-01,601006.XSHG,0.03553571428145,0.035987296680345233,27000,5.33
2026-04-01,603323.XSHG,0.03553571428145,0.03462492580747663,28200,4.91
2026-04-01,000001.XSHE,0.03553571428145,0.03429558615263669,12300,11.15
2026-04-01,000828.XSHE,0.03553571428145,0.033008985906508026,13200,10.0
2026-04-01,601169.XSHG,0.03553571428145,0.011806714095377804,8600,5.49
2026-04-01,601816.XSHG,0.03553571428145,0.011814216137629282,9300,5.08
2026-04-01,600017.XSHG,0.03553571428145,0.03581474970856121,46500,3.08
2026-04-01,601880.XSHG,0.03553571428145,0.01180071246157662,28600,1.65
2026-04-01,600350.XSHG,0.03553571428145,0.01171818999681035,4400,10.65
2026-04-01,600012.XSHG,0.03553571428145,0.011433112391254144,3000,15.24
2026-04-01,600033.XSHG,0.03553571428145,0.033745686455603274,35700,3.78
2026-04-01,600377.XSHG,0.03553571428145,0.03464143030042988,11700,11.84
2026-04-02,002039.XSHE,0.03553571428145,0.03612202841997421,7700,18.76
2026-04-02,000027.XSHE,0.03553571428145,0.03509527179014275,20700,6.78
2026-04-02,600717.XSHG,0.03553571428145,0.0357756918558445,30900,4.63
2026-04-02,000543.XSHE,0.03553571428145,0.034943733914429675,17000,8.22
2026-04-02,600886.XSHG,0.03553571428145,0.027245559815705492,7700,14.15
2026-04-02,600023.XSHG,0.03553571428145,0.027832456505967166,20200,5.51
2026-04-02,600642.XSHG,0.03553571428145,0.027312826628522024,12300,8.88
2026-04-02,601139.XSHG,0.03553571428145,0.027919478256376654,15400,7.25
2026-04-02,601333.XSHG,0.03553571428145,0.027735932380512966,35100,3.16
2026-04-02,600035.XSHG,0.03553571428145,0.03531682716618529,36400,3.88
2026-04-02,600908.XSHG,0.03553571428145,0.03506376391499449,24600,5.7
2026-04-02,001872.XSHE,0.03553571428145,0.03634208342100969,6600,22.02
2026-04-02,600020.XSHG,0.03553571428145,0.03437659216176096,35800,3.84
2026-04-02,601528.XSHG,0.03553571428145,0.034920228039319066,26200,5.33
2026-04-02,601997.XSHG,0.03553571428145,0.035183043728055766,24300,5.79
2026-04-02,601128.XSHG,0.03553571428145,0.027341833878658513,15400,7.1
2026-04-02,601006.XSHG,0.03553571428145,0.03558664460495493,26700,5.33
2026-04-02,603323.XSHG,0.03553571428145,0.03504375891490035,28600,4.9
2026-04-02,000001.XSHE,0.03553571428145,0.03522755485326521,12500,11.27
2026-04-02,000828.XSHE,0.03553571428145,0.03419804753592081,13800,9.91
2026-04-02,601169.XSHG,0.03553571428145,0.0276444095050823,20100,5.5
2026-04-02,601816.XSHG,0.03553571428145,0.027728680567978843,21700,5.11
2026-04-02,600017.XSHG,0.03553571428145,0.03592948029406816,46200,3.11
2026-04-02,601880.XSHG,0.03553571428145,0.027435857379100946,66900,1.64
2026-04-02,600350.XSHG,0.03553571428145,0.027618903129962277,10400,10.62
2026-04-02,600012.XSHG,0.03553571428145,0.02761890312996228,7200,15.34
2026-04-02,600033.XSHG,0.03553571428145,0.034881218289135506,37000,3.77
2026-04-02,600377.XSHG,0.03553571428145,0.03532032804120176,11800,11.97
2026-04-03,002039.XSHE,0.03553571428145,0.03551483272031825,7600,18.38
2026-04-03,000027.XSHE,0.03553571428145,0.03507041424775714,20900,6.6
2026-04-03,600717.XSHG,0.03553571428145,0.03527991128516581,30700,4.52
2026-04-03,000543.XSHE,0.03553571428145,0.035143382269281764,17300,7.99
2026-04-03,600886.XSHG,0.03553571428145,0.03521279087512225,10000,13.85
2026-04-03,600023.XSHG,0.03553571428145,0.0353493198910063,25700,5.41
2026-04-03,600642.XSHG,0.03553571428145,0.03541211815343342,15900,8.76
2026-04-03,601139.XSHG,0.03553571428145,0.03488227370445324,19600,7.0
2026-04-03,601333.XSHG,0.03553571428145,0.03527406367368474,44900,3.09
2026-04-03,600035.XSHG,0.03553571428145,0.035453305677778324,36600,3.81
2026-04-03,600908.XSHG,0.03553571428145,0.03568771862497589,24800,5.66
2026-04-03,001872.XSHE,0.03553571428145,0.03586263848145303,6400,22.04
2026-04-03,600020.XSHG,0.03553571428145,0.03536635423749463,36800,3.78
2026-04-03,601528.XSHG,0.03553571428145,0.035570766395354544,26700,5.24
2026-04-03,601997.XSHG,0.03553571428145,0.035629750998120095,24500,5.72
2026-04-03,601128.XSHG,0.03553571428145,0.035618564263112835,19900,7.04
2026-04-03,601006.XSHG,0.03553571428145,0.035167026959183466,26600,5.2
2026-04-03,603323.XSHG,0.03553571428145,0.03548915407859704,28900,4.83
2026-04-03,000001.XSHE,0.03553571428145,0.03533991286384111,12500,11.12
2026-04-03,000828.XSHE,0.03553571428145,0.03588424921953524,14300,9.87
2026-04-03,601169.XSHG,0.03553571428145,0.03554534199761077,25700,5.44
2026-04-03,601816.XSHG,0.03553571428145,0.03556491878387348,27700,5.05
2026-04-03,600017.XSHG,0.03553571428145,0.03536025238203613,45600,3.05
2026-04-03,601880.XSHG,0.03553571428145,0.03566839608269062,86600,1.62
2026-04-03,600350.XSHG,0.03553571428145,0.036215020634181694,13400,10.63
2026-04-03,600012.XSHG,0.03553571428145,0.034968716656782056,9200,14.95
2026-04-03,600033.XSHG,0.03553571428145,0.035276351869481685,37500,3.7
2026-04-03,600377.XSHG,0.03553571428145,0.035070922735712017,11800,11.69
