trade_date,official_strategy_return,sum_sleeve_contribution_return,reconstructed_portfolio_value,official_portfolio_value,value_gap,cash,cash_weight,bank_pnl,bank_contribution_return,bank_local_return,bank_end_value,bank_end_weight,utilities_electricity_pnl,utilities_electricity_contribution_return,utilities_electricity_local_return,utilities_electricity_end_value,utilities_electricity_end_weight,highway_infrastructure_pnl,highway_infrastructure_contribution_return,highway_infrastructure_local_return,highway_infrastructure_end_value,highway_infrastructure_end_weight,port_rail_infrastructure_pnl,port_rail_infrastructure_contribution_return,port_rail_infrastructure_local_return,port_rail_infrastructure_end_value,port_rail_infrastructure_end_weight,return_gap
2021-05-06,0.008842566649999828,0.00884256665,2017685.1332999999,2017685.1332999999,0.0,16516.133299999972,0.008185684191956758,2297.3512,0.0011486756,,497942.0,0.24678875399433467,5758.4547,0.00287922735,,501058.0,0.24833309802927517,5595.0062,0.0027975031,,502390.0,0.24899326049863998,4034.3212,0.0020171606,,499779.0,0.24769920328579348,1.717376241217039e-16
2021-05-07,0.009427635504697829,0.009427635504697805,2036707.1332999999,2036707.1332999999,0.0,16516.133299999972,0.00810923329621746,4801.0,0.002379459471036387,0.009641685176185178,502743.0,0.2468410856819775,6300.0,0.0031223900578065482,0.012573394696821526,507358.0,0.24910699810725706,3616.0,0.0017921527696870602,0.007197595493540875,506006.0,0.24844318150942868,4305.0,0.0021336332061678083,0.00861380730282785,504084.0,0.2474995014051194,-2.42861286636753e-17
2021-05-10,0.0019752471694256535,0.001975247169425721,2040730.1332999999,2040730.1332999999,0.0,16516.133299999972,0.008093247132727079,29.0,1.4238669627975619e-05,5.768354805536825e-05,502772.0,0.24636868530332492,1994.0,0.0009790312840752891,0.003930163710831405,509352.0,0.24959302148214133,-62.0,-3.044129368739615e-05,-0.00012252819136531978,505944.0,0.24792303095062063,2062.0,0.0010124185094098526,0.004090588076590409,506146.0,0.2480220151311861,6.765421556309548e-17
2021-05-11,0.0053059440948668435,0.005305944094866863,2051558.1332999999,2051558.1332999999,0.0,16516.133299999972,0.008050531462851222,1257.0,0.0006159560147070231,0.0025001392281193066,504029.0,0.2456810712886076,1533.0,0.0007512017267667991,0.003009706450548933,510885.0,0.24902292150904073,4109.0,0.002013495039324708,0.008121452176525466,510053.0,0.2486173760913919,3929.0,0.0019252913140683325,0.0077625823379025025,510075.0,0.24862809964810859,1.9081958235744878e-17
2021-05-12,0.003527075290993942,0.0035270752909939,2058794.1332999999,2058794.1332999999,0.0,16516.133299999972,0.008022236430957083,2689.0,0.0013107110914155056,0.005335010485507778,506718.0,0.2461236856099798,-972.0,-0.00047378623311858365,-0.0019025808156434422,509913.0,0.24767556491074252,826.0,0.0004026208112715536,0.0016194395484390837,510879.0,0.24814477161012805,4693.0,0.002287529621425425,0.009200607753761702,514768.0,0.2500337414381926,-4.163336342344337e-17
2021-05-13,-0.006001571405391037,-0.006001571405390987,2046438.1332999999,2046438.1332999999,0.0,16516.133299999972,0.008070673152169399,-869.0,-0.0004220917409586248,-0.001714957826641248,505849.0,0.24718509285413345,-5460.0,-0.002652037866092165,-0.010707708962117066,504453.0,0.24650293199264242,-1833.0,-0.0008903269979023697,-0.0035879337377343755,509046.0,0.24874731941157385,-4194.0,-0.002037114800437828,-0.008147359587231529,510574.0,0.2494939825894809,5.0306980803327406e-17
2021-05-14,0.006585588775296802,0.00658558877529689,2059915.1332999999,2059915.1332999999,0.0,16516.133299999972,0.008017870752539694,3928.0,0.001919432567289915,0.00776516312180117,509777.0,0.24747475843013655,3848.0,0.001880340254310487,0.0076280644579376075,508301.0,0.24675822405639494,2564.0,0.0012529086309906675,0.005036872895573288,511610.0,0.24836460091460022,3137.0,0.0015329073227058206,0.006144065306889893,513711.0,0.24938454584632863,8.760353553682876e-17
2021-05-17,-0.00373025076411293,-0.0037302507641128755,2052231.1332999999,2052231.1332999999,0.0,16516.133299999972,0.008047891405604949,-1967.0,-0.0009548937080960471,-0.003858549914962817,507810.0,0.2474428887468628,107.0,5.194388752733962e-05,0.00021050519278931185,508408.0,0.24773427892718736,-3170.0,-0.0015388983501090337,-0.006196125955317527,508440.0,0.24774987171275656,-2654.0,-0.0012884025934351343,-0.005166328928132744,511057.0,0.24902506920758838,5.4643789493269423e-17
2021-05-18,0.0002801828656966432,0.0002801828656967096,2052806.1332999999,2052806.1332999999,0.0,20772.133299999972,0.010118896744821984,-1549.0,-0.0007547882764594837,-0.0030503534786632796,506261.0,0.2466190020516732,2380.0,0.0011597134267098588,0.0046812796022092495,510788.0,0.24882427605517718,-603.0,-0.00029382655306976676,-0.0011859806466839745,507837.0,0.2473867316362816,347.0,0.00016908426851610126,0.0006789849273173051,507148.0,0.24705109351204607,6.640738306473715e-17
2021-05-19,-0.00813179565727673,-0.008131795657276742,2036113.1332999999,2036113.1332999999,0.0,20772.133299999972,0.01020185615439445,-3580.0,-0.0017439542594531083,-0.007071451286984382,502681.0,0.24688264702918905,-940.0,-0.00045790977762176586,-0.0018402938205282818,509848.0,0.25040258896305606,-5469.0,-0.002664158057248338,-0.01076920350427401,502368.0,0.2467289227616712,-6704.0,-0.00326577356295353,-0.013219020877534763,500444.0,0.24578398509168933,-1.214306433183765e-17
2021-05-20,-0.0029001335453445742,-0.002900133545344585,2030208.1332999999,2030208.1332999999,0.0,20772.133299999972,0.010231528954736245,2340.0,0.0011492485175455256,0.004655039677250583,505021.0,0.2487533133753701,-1794.0,-0.0008810905301182363,-0.0035186957681505077,508054.0,0.25024724887402755,-2242.0,-0.001101117596725243,-0.004462863876680044,500126.0,0.2463422305313449,-4209.0,-0.002067173936046631,-0.00841053144807411,496235.0,0.24442567826452122,-1.0842021724855044e-17
2021-05-21,0.002157906831394163,0.002157906831394133,2034589.1332999999,2034589.1332999999,0.0,20772.133299999972,0.01020949780966766,-3081.0,-0.0015175783947786632,-0.0061007364050207815,501940.0,0.24670337208863338,4141.0,0.0020396923507881998,0.008150708389265708,512195.0,0.2517437017710037,1451.0,0.0007147050473300358,0.002901268880242179,501577.0,0.24652495768837007,1870.0,0.0009210878280545603,0.0037683758703033845,498105.0,0.24481847064232526,-2.992397996059992e-17
2021-05-24,0.0032522536819350467,0.0032522536819350662,2041206.1332999999,2041206.1332999999,0.0,21798.133299999972,0.01067904556251706,691.0,0.000339626310143136,0.0013766585647686975,502631.0,0.24624215643885064,953.0,0.00046839923815688656,0.0018606194906236881,512122.0,0.2508918583210687,3498.0,0.0017192660389011428,0.00697400399141109,505075.0,0.2474394877422055,1475.0,0.000724962094733901,0.0029612230353038014,499580.0,0.24474745193535816,1.951563910473908e-17
2021-05-25,0.003835967309848032,0.003835967309847981,2049036.1332999999,2049036.1332999999,0.0,21798.133299999972,0.01063823763073118,5744.0,0.0028140225067390555,0.01142786656612903,508375.0,0.24810445835391653,483.0,0.0002366248034044157,0.0009431346436981813,512605.0,0.2501688436184104,-419.0,-0.00020527079218726744,-0.000829579765381379,504656.0,0.246289458637923,2022.0,0.0009905907918917776,0.00404739981584531,501602.0,0.24479900175901892,-5.074066167232161e-17
2021-05-26,0.0021883459872318323,0.002188345987231791,2053520.1332999999,2053520.1332999999,0.0,21798.133299999972,0.010615008319869963,1202.0,0.0005866172784684686,0.00236439636095402,509577.0,0.24814804186073963,2477.0,0.0012088610638655544,0.004832180723949239,515082.0,0.250828804474522,1524.0,0.0007437643364275757,0.0030198788877968358,506180.0,0.24649380923603142,-719.0,-0.0003508966915298077,-0.0014334073628095583,500883.0,0.24391433610883703,-4.119968255444917e-17
2021-05-27,0.000344773829347389,0.0003447738293474856,2054228.1332999999,2054228.1332999999,0.0,21798.133299999972,0.010611349804163435,-1078.0,-0.0005249522429895331,-0.0021154800942742706,508499.0,0.24753774508147033,-2414.0,-0.0011755424068429804,-0.0046866324196923985,512668.0,0.2495672178223108,2768.0,0.0013479293215167233,0.005468410446876605,508948.0,0.24775631866281775,1432.0,0.0006973391576632759,0.002858951092370873,502315.0,0.24452736862923774,9.660241356845845e-17
2021-05-28,-0.004460556182375064,-0.0044605561823750145,2045065.1332999999,2045065.1332999999,0.0,21798.133299999972,0.010658894401483253,1529.0,0.0007443184986196003,0.003006888902436386,510028.0,0.24939450176679615,-3819.0,-0.0018590924435763594,-0.00744926541153339,508849.0,0.24881799201128654,-5369.0,-0.0026136337600318076,-0.010549211314318949,503579.0,0.2462410569718161,-1504.0,-0.0007321484773864479,-0.002994137145018564,500811.0,0.244887554848618,4.9439619065339e-17
2021-05-31,-0.00433140238702634,-0.00433140238702636,2036207.1332999999,2036207.1332999999,0.0,21798.133299999972,0.010705263204079147,-2255.0,-0.0011026543669840191,-0.0044213258879904635,507773.0,0.24937197777962428,-1591.0,-0.0007779703316503656,-0.0031266642953017496,507258.0,0.24911905655585595,-603.0,-0.00029485613449727874,-0.0011974288046165548,502976.0,0.24701612707978624,-4409.0,-0.0021559215538946965,-0.00880372036556705,496402.0,0.24378757538065443,-1.9949319973733282e-17
2021-06-01,0.0004935647182275904,0.0004935647182274804,2037212.1332999999,2037212.1332999999,0.0,21798.133299999972,0.01069998207044351,-1612.0,-0.0007916679858534312,-0.003174646938691108,506161.0,0.2484576798490247,-1296.0,-0.0006364774873858851,-0.0025549128845676165,505962.0,0.24835999733636577,2735.0,0.0013431835864200585,0.00543763519531747,505711.0,0.24823678974502209,1178.0,0.0005785266050467382,0.0023730766596427896,497580.0,0.24424555099914397,-1.100465205072787e-16
2021-06-02,0.003487118441854342,0.003487118441854413,2044316.1332999999,2044316.1332999999,0.0,21798.133299999972,0.010662799625228578,2446.0,0.0012006604319785886,0.004832454495703936,508607.0,0.24879077737306238,3075.0,0.0015094157106844482,0.0060775315142243885,509037.0,0.24900111666109895,200.0,9.817337955671208e-05,0.00039548279550968835,505911.0,0.24747199895318658,1383.0,0.000678868919634664,0.0027794525503436634,498963.0,0.24407330738742355,7.068998164605489e-17
2021-06-03,0.007059573499869298,0.0070595734998693226,2058748.1332999999,2058748.1332999999,0.0,21798.133299999972,0.010588052490451758,-173.0,-8.462487634959761e-05,-0.000340144748302717,508434.0,0.24696270115617452,4813.0,0.0023543325426047014,0.009455108371297176,513850.0,0.24959342606729737,-506.0,-0.0002475155342941988,-0.0010001759202705614,505405.0,0.24549141870495753,10298.0,0.005037381367908418,0.020638804881323865,509261.0,0.24736440158111886,2.42861286636753e-17
2021-06-04,-0.005867313152404741,-0.005867313152404839,2046668.8133,2046668.8133,0.0,25961.813299999973,0.012684911760657438,804.6799999999998,0.000390858885059517,0.0015826636298909983,505803.0,0.24713475708092472,-2095.0,-0.0010176086943874437,-0.00407706529142746,511755.0,0.25004289735321583,-239.0,-0.00011608996561269646,-0.0004728880798567485,505166.0,0.2468235196223479,-10550.0,-0.005124473377464216,-0.020716292824308164,497983.0,0.24331391418285409,-9.80118763926896e-17
2021-06-07,0.0004671004872833784,0.0004671004872833179,2047624.8133,2047624.8133,0.0,25961.813299999973,0.012678989398531125,-1527.0,-0.0007460904226795255,-0.0030189619278651967,504276.0,0.24627363212467474,1357.0,0.0006630286205475548,0.002651659485495989,513112.0,0.25058887578777517,3627.0,0.0017721479784273996,0.007179818119192503,508793.0,0.24847960265729407,-2501.0,-0.001221985689012111,-0.005022259796017133,495482.0,0.24197890003172487,-6.049848122469115e-17
2021-06-08,-0.0008629510584765576,-0.0008629510584765094,2045857.8133,2045857.8133,0.0,25961.813299999973,0.012689940195855141,1697.0,0.0008287651082256008,0.003365220633145341,505973.0,0.24731581868040858,-1200.0,-0.000586044861444149,-0.002338670699574362,511912.0,0.25021875746793865,-2371.0,-0.0011579269720700645,-0.004660048389030509,506422.0,0.2475352865227391,107.0,5.225566681210329e-05,0.00021595133627457707,495589.0,0.2422401971330585,4.824699667560495e-17
2021-06-09,0.0007792330384037705,0.0007792330384038424,2047452.0133,2047452.0133,0.0,27289.013299999973,0.013328279794951898,-888.0,-0.0004340477594421102,-0.001755034359540924,505085.0,0.24668954227939366,309.0,0.0001510368892653289,0.0006036193720795761,512221.0,0.25017484984882404,1422.2,0.0006951607246380283,0.002808329811896008,506517.0,0.24738894817056858,751.0,0.00036708318394259546,0.0015153685816271143,496340.0,0.2424183799062618,7.19910242530375e-17
2021-06-10,-0.0037158380028344817,-0.0037158380028344275,2039844.0133,2039844.0133,0.0,27289.013299999973,0.013377990239485325,-1026.0,-0.0005011106454926555,-0.0020313412593919835,504059.0,0.24710663987710907,-3362.0,-0.001642040926068526,-0.006563573145185379,508859.0,0.24945976098279338,-3637.0,-0.0017763542082424833,-0.0071804105291628905,502880.0,0.24652865450552539,417.0,0.00020366777696923717,0.0008401498972478542,496757.0,0.24352695439508684,5.421010862427522e-17
2021-06-11,-0.0013045115129637352,-0.001304511512963735,2037183.0133,2037183.0133,0.0,27289.013299999973,0.013395464777509086,-1617.0,-0.0007927076724773992,-0.003207957798591038,502442.0,0.24663567127732047,1844.0,0.0009039906914337193,0.0036237936245600453,510703.0,0.250690780683823,-202.0,-9.902717986421437e-05,-0.00040168628698695514,502678.0,0.24675151752110872,-2686.0,-0.0013167673520558406,-0.005407070257691386,494071.0,0.2425265657402387,2.168404344971009e-19
2021-06-15,-0.010468278922792895,-0.010468278922792841,2015857.2133,2015857.2133,0.0,28700.213299999974,0.014237225290881159,-3207.0,-0.001574232643342648,-0.006382826276465741,499235.0,0.2476539492510692,-8681.8,-0.004261669149663923,-0.01699970432913063,500610.0,0.2483360412122102,-4846.0,-0.0023787749889736427,-0.009640366198640084,497832.0,0.246957967417265,-4591.0,-0.002253602140812628,-0.009292186750487277,489480.0,0.24281481682857445,5.377642775528102e-17
2021-06-16,-0.002748706586677918,-0.0027487065866779663,2010316.2133,2010316.2133,0.0,28700.213299999974,0.014276467110061076,1681.0,0.0008338884266749073,0.003367151742165513,500916.0,0.24917274043058626,-1638.0,-0.0008125575507992256,-0.0032720081500569307,498972.0,0.24820572838186541,-5041.0,-0.002500673146263062,-0.01012590592810426,492791.0,0.24513108770638,-543.0,-0.00026936431629058575,-0.0011093405246383919,488937.0,0.24321397637110725,-4.8138576458356397e-17
2021-06-17,-0.0017781401633986116,-0.0017781401633985418,2006741.5892999999,2006741.5892999999,0.0,31987.589299999974,0.015940063967657153,-1734.6240000000003,-0.0008628612695475196,-0.0034629039599453804,495894.0,0.24711402935192062,-2288.0,-0.0011381294071364887,-0.004585427639226249,496684.0,0.2475077023610476,-2383.0,-0.001185385654373362,-0.0048357214316008205,490408.0,0.2443802443796793,2831.0,0.0014082361676588284,0.0057901120185218135,491768.0,0.24505795993969537,6.982261990806649e-17
2021-06-18,-0.0033885778000803946,-0.0033885778000803807,1999941.5892999999,1999941.5892999999,0.0,31987.589299999974,0.015994261768012913,-2795.0,-0.00139280513988598,-0.005636285173847636,493099.0,0.24655670077474098,-2259.0,-0.0011257054779972911,-0.004548163419800114,494425.0,0.24721972013845356,-1801.0,-0.0008974747967565831,-0.0036724523254106785,488607.0,0.2443106351776091,55.0,2.7407614559473664e-05,0.00011184135608660995,491823.0,0.24591868214118348,1.3877787807814457e-17
2021-06-21,-0.001245536376325851,-0.0012455363763258084,1997450.5892999999,1997450.5892999999,0.0,31987.589299999974,0.016014208046673094,-1050.0,-0.0005250153332565632,-0.0021293898385516905,492049.0,0.2463385090153529,326.0,0.00016300476061108533,0.0006593517722607068,494751.0,0.24769123334028698,810.0,0.0004050118285122059,0.0016577740392585453,489417.0,0.24502082936204925,-2577.0,-0.0012885376321925364,-0.005239689888435474,489246.0,0.24493522023563782,4.2500725161431774e-17
2021-06-22,0.006282007708835247,0.006282007708835194,2009998.5892999999,2009998.5892999999,0.0,31987.589299999974,0.015914234701597446,1208.0,0.0006047709047077554,0.002455040046824605,493257.0,0.2454016647702132,2203.0,0.0011029058800258154,0.004452744916129528,496954.0,0.2472409695436994,5651.0,0.002829106276906892,0.011546390910001083,495068.0,0.24630266042744434,3486.0,0.001745224647194731,0.007125249874296366,492732.0,0.2451404705570457,-5.2909066017292616e-17
2021-06-23,0.005125050363138595,0.010966447497695273,2020299.9333,2020299.9333,0.0,33217.73329999997,0.016441981090273776,-941.0,-0.00046815953255355855,-0.001907727614610639,492316.0,0.24368460934205982,7652.0,0.0038069678460146967,0.015397803418425046,504606.0,0.24976786450503222,159.0,7.910453313072881e-05,0.0003211680011634765,495227.0,0.24512548450718696,15172.544000000013,0.0075485346511034055,0.03079269054983239,494933.2,0.24498006055544724,0.005841397134556678
2021-06-24,0.004503588724639629,0.004503588724639581,2029398.5333,2029398.5333,0.0,33217.73329999997,0.01636826515587586,2554.0,0.0012641687295550435,0.005187724957141348,494870.0,0.24385057536988217,2382.0,0.0011790328558340304,0.004720514619326762,506988.0,0.24982180270702573,1070.0,0.0005296243307063024,0.002160625329394399,496297.0,0.244553739374677,3092.5999999999767,0.0015307628085442044,0.006248520002295212,498025.8,0.2454056173925392,-4.7704895589362195e-17
2021-06-25,0.0026660312950961274,0.002666031295096149,2034808.9733,2034808.9733,0.0,39742.77329999997,0.019531451758612102,3075.0,0.0015152272703182405,0.006213753106876553,497945.0,0.2447133890865666,-175.15999999999997,-8.631128737201397e-05,-0.0003454914120255311,505897.0,0.24862137263899986,-480.7999999999993,-0.0002369174866891086,-0.00096877474576715,490207.0,0.2409105751116259,2991.4000000000233,0.0014740327988390309,0.006006516128280951,501017.2,0.24622321140419556,2.168404344971009e-17
2021-06-28,-0.0018036091093347473,-0.0018036091093347648,2031138.9733,2031138.9733,0.0,41854.77329999997,0.020606553195125957,-2978.0,-0.0014635280456672833,-0.005980580184558535,494967.0,0.243689381429093,5883.0,0.00289118048779739,0.01162884935075717,511780.0,0.25196700310885617,-2776.0,-0.0013642558276603016,-0.005662913830279862,485319.0,0.23893933717962204,-3799.0,-0.0018670057238045698,-0.007582574011431144,497218.2,0.24479772508730288,-1.7564075194265172e-17
2021-06-29,-0.00834489427991314,-0.008344894279913247,2014189.3333,2014189.3333,0.0,44891.73329999997,0.022287742546253295,-2739.04,-0.0013485241709236026,-0.005533783060284827,489191.0,0.24287240127447257,-8439.0,-0.004154811714478169,-0.016489507210129352,503341.0,0.24989756011434042,-4173.0,-0.0020545122982009003,-0.00859846822399288,481146.0,0.23887823852770673,-1598.600000000035,-0.0007870460963105754,-0.0032150874605958407,495619.6,0.24606405753722693,-1.0755285551056204e-16
2021-06-30,0.0005778999921983718,0.0005778999921983154,2015353.3333,2015353.3333,0.0,44891.73329999997,0.02227486989911238,-63.0,-3.127809236124903e-05,-0.0001287840536722875,489128.0,0.2427008663533392,-1717.0,-0.0008524521362581679,-0.0034112063193739435,501624.0,0.24890126793728315,2166.0,0.0010753706040391331,0.00450175206694018,483312.0,0.23981502003353944,778.0,0.0003862596167785991,0.0015697522858256615,496397.6,0.24630797577672578,-5.648693318649478e-17
2021-07-01,-0.0021441130488639715,-0.0021441130488639415,2011032.18792,2011032.18792,0.0,16013.18791999991,0.007962671117940814,1803.0,0.0008946322067742402,0.0036861516821772625,501261.0,0.24925558278530172,-2913.7639,-0.001445783154673387,-0.005808661268200883,497076.0,0.24717456189208145,-167.8896,-8.33052930351883e-05,-0.0003473731254345019,499481.0,0.2483704651771937,-3042.491879999971,-0.0015096568079296067,-0.006129143009555186,497201.0,0.2472367190274823,2.992397996059992e-17
2021-07-02,-0.0017334381920587338,-0.0017334381920587514,2007546.18792,2007546.18792,0.0,17549.18791999991,0.00874161104018357,-1138.0,-0.0005658785606892883,-0.0022702743680437934,500123.0,0.24912154101827805,-498.0,-0.0002476340274369645,-0.0010018588706757117,496578.0,0.2473557036884416,-2381.0,-0.001183969115115286,-0.00476694809211962,497100.0,0.24761572261260933,531.0,0.00026404351118278744,0.0010679785438886889,496196.0,0.24716542164048744,-1.7564075194265172e-17
2021-07-05,0.0028173697990281354,0.0028173697990282005,2013202.18792,2013202.18792,0.0,17549.18791999991,0.008717051881476137,-1274.0,-0.0006346055735434808,-0.0025473733461568453,498849.0,0.2477888226991253,-217.0,-0.00010809215813103245,-0.00043699076479425186,496361.0,0.24655298060888273,392.0,0.0001952632533979941,0.0007885737276201972,497492.0,0.24711477217000183,6755.0,0.0033648042773047194,0.013613572056203596,502951.0,0.249826372640514,6.505213034913027e-17
2021-07-06,0.005424015563624041,0.005424015563624015,2024121.8279199998,2024121.8279199998,0.0,23269.82791999991,0.011496258574471344,1046.6399999999994,0.0005198881693454579,0.0020981098488721023,494175.0,0.24414291332840243,2560.0,0.0012716060092528216,0.005157536551018312,498921.0,0.2464876338558605,4320.0,0.0021458351406141362,0.008683556720510079,501812.0,0.2479159075694891,2993.0,0.0014866862444115996,0.005950877918524867,505944.0,0.24995728667177666,-2.5153490401663703e-17
2021-07-07,-0.003402660800845836,-0.0034026608008459326,2017234.42792,2017234.42792,0.0,26655.427919999907,0.013213847409636326,-1636.0,-0.0008082517452426091,-0.0033105681185814743,492539.0,0.24416547387001727,-2209.4,-0.0010915350892047803,-0.004428356393096302,493326.0,0.2445556119665654,-3262.0,-0.0016115630763944933,-0.006500442396754163,498550.0,0.24714529610426203,220.0,0.00010868910999594988,0.0004348307322549531,506164.0,0.250919770649519,-9.6710833785707e-17
2021-07-08,-0.00735660654736181,-0.007356606547361847,2002394.42792,2002394.42792,0.0,32511.427919999907,0.016236275664116465,-2887.0,-0.0014311673249483591,-0.005861464777408489,489652.0,0.24453324138972418,-3328.2,-0.001649882608553214,-0.006746451636443244,488289.0,0.24385255631539754,-3411.0,-0.0016909289038444244,-0.006841841339885669,495139.0,0.24727346076083961,-5213.8,-0.0025846277100158486,-0.01030061403023526,496803.0,0.24810446586992219,-3.642919299551295e-17
2021-07-09,0.0009029190127531894,0.0009029190127531825,2004202.42792,2004202.42792,0.0,32511.427919999907,0.016221628847012674,-2554.0,-0.001275472985935635,-0.005215949286431996,487098.0,0.24303832447978807,510.0,0.0002546950755000681,0.0010444634222765616,488799.0,0.24388704114448412,2020.0,0.001008792259823799,0.004079662478617116,497159.0,0.24805827648655293,1832.0,0.0009149046633649504,0.00368757837613702,498635.0,0.2487947290421622,-6.938893903907228e-18
2021-07-12,-0.0023490641136914014,-0.0023490641136913767,1999494.42792,1999494.42792,0.0,32511.427919999907,0.016259824216574757,-2736.0,-0.0013651315664952436,-0.005616939507039651,484362.0,0.24224223545542153,-2643.0,-0.0013187290680727079,-0.005407130538319432,486156.0,0.24313946226183292,392.0,0.00019558902560896764,0.0007884801441792263,497551.0,0.24883840287446257,279.0,0.0001392074952676071,0.0005595275101025801,498914.0,0.2495200751917082,2.47198095326695e-17
2021-07-13,0.0019002603592912504,0.0019002603592911942,2003293.98792,2003293.98792,0.0,36213.987919999905,0.018077220886386487,-1416.44,-0.0007083990733965036,-0.002924341711364641,479243.0,0.23922749376270688,3020.0,0.0015103818034349784,0.006211997794946478,489176.0,0.24418582741712638,1610.0,0.0008052035442153362,0.003235849189329335,499161.0,0.2491701183201143,586.0,0.0002930740850373832,0.0011745511250435946,499500.0,0.24933933961366592,-5.616167253474913e-17
2021-07-14,-0.004149645558828574,-0.004149645558828468,1994981.0279199998,1994981.0279199998,0.0,37581.027919999906,0.018837787123811654,-4268.0,-0.0021304910940362883,-0.008905711716185734,474975.0,0.23808497091083458,-985.0,-0.00049169018922815,-0.0020135902006639737,488191.0,0.24470959531329278,-850.0,-0.0004243011785217538,-0.0017028573947083206,498311.0,0.2497823252582744,-2209.96,-0.0011031630970422764,-0.004424344344344344,495923.0,0.24858532139378664,1.0581813203458523e-16
2021-07-15,-0.0009670668407364413,-0.0009670668407365753,1993051.74792,1993051.74792,0.0,39885.74791999991,0.020012399558428776,3008.0,0.0015077837623028378,0.006332964892889099,477983.0,0.239824681169887,-5367.0,-0.0026902511476992455,-0.010993647977943059,482824.0,0.242253619608165,1151.7200000000003,0.0005773087482444896,0.002311247393695905,497158.0,0.2494456054735392,-722.0,-0.0003619082035846572,-0.0014558711735491196,495201.0,0.24846369418998002,-1.3400738851920835e-16
2021-07-16,-0.0006286841278996258,-0.0006286841278996709,1991798.74792,1991798.74792,0.0,43389.74791999991,0.021784202829382763,-1132.0,-0.0005679732105206923,-0.0023682850645315836,473347.0,0.23764800560011792,54.0,2.709412841706483e-05,0.00011184199625536427,482878.0,0.2424331275959787,1243.0,0.0006236666967113256,0.002500211200463434,498401.0,0.2502265856530291,-1418.0,-0.000711471742507369,-0.0028634837167130114,493783.0,0.24790807832149148,-4.5102810375396984e-17
2021-07-19,-0.0031770278029384924,-0.0031770278029385336,1985470.74792,1985470.74792,0.0,43389.74791999991,0.021853632427199173,-970.0,-0.00048699699254904833,-0.002049236606548684,472377.0,0.23791687714103424,-3269.0,-0.0016412300707658134,-0.006769825918762089,479609.0,0.24155933825892092,-1132.0,-0.0005683305108922914,-0.0022712635006751592,497269.0,0.25045395431836215,-957.0,-0.00048047022873138066,-0.001938098314441769,492826.0,0.24821619785448348,-4.119968255444917e-17
2021-07-20,-0.002045862425450129,-0.0020458624254501828,1981408.74792,1981408.74792,0.0,43389.74791999991,0.021898433609697468,-1863.0,-0.0009383165186148919,-0.003943883804672962,470514.0,0.2374643800749976,-125.0,-6.29573616891366e-05,-0.00026062897068236836,479484.0,0.24199146213689743,-191.0,-9.619884866100073e-05,-0.00038409794296447193,497078.0,0.250871003028432,-1883.0,-0.0009483896964851537,-0.0038208211417417102,490943.0,0.24777472114997545,-5.377642775528102e-17
2021-07-21,-0.0005552615032891062,-0.0005552615032889827,1980308.5479199998,1980308.5479199998,0.0,44666.54791999991,0.022555347734531085,-690.0,-0.00034823708168460097,-0.0014664813374309798,469824.0,0.2372478776064849,-1751.0,-0.0008837146812025164,-0.003651842397243704,477733.0,0.24124169968451775,1474.0,0.0007439151571059447,0.0029653293849255047,498552.0,0.25175470788309723,-133.20000000000005,-6.722489750780995e-05,-0.0002713145925290717,489533.0,0.24720036709136908,1.2349062744609896e-16
2021-07-22,0.0037499206918032435,0.0037499206918032222,1987734.5479199998,1987734.5479199998,0.0,44666.54791999991,0.022471082955588695,1449.0,0.0007317041586887785,0.0030841336330200246,471273.0,0.2370905111515762,2858.0,0.0014432094448119592,0.005982421143190862,480591.0,0.24177825982996515,572.0,0.00028884387768804784,0.0011473226463839278,499124.0,0.25110193940246806,2547.0,0.0012861632106144366,0.0052029178829619245,492080.0,0.24755820666040199,-2.1250362580715887e-17
2021-07-23,-0.0018392797991189092,-0.0018392797991189026,1984078.5479199998,1984078.5479199998,0.0,48826.54791999991,0.024609180907271544,-1598.0,-0.0008039302841881856,-0.0033908159389568256,469675.0,0.236721978821041,-3349.0,-0.001684832616862474,-0.006968503363566941,473082.0,0.23843914874033262,-1870.0,-0.0009407694814968128,-0.003746563980093123,497254.0,0.2506221341495245,3161.0,0.00159025258342857,0.006423752235408877,495241.0,0.24960755738183035,6.5052130349130266e-18
2021-07-26,-0.010608450971896,-0.010608450971896038,1963030.5479199998,1963030.5479199998,0.0,48826.54791999991,0.0248730453898111,-4200.0,-0.002116851676262037,-0.008942353755256295,465475.0,0.23712060950514036,-4282.0,-0.0021581806851795338,-0.00905128497807991,468800.0,0.2388144191116812,-3473.0,-0.001750434731347156,-0.0069843580946558495,493781.0,0.25154015077513875,-9093.0,-0.00458298387910731,-0.01836075769170969,486148.0,0.24765177521822865,-3.8163916471489756e-17
2021-07-27,-0.009285133142381885,-0.009285133142381854,1944803.5479199998,1944803.5479199998,0.0,48826.54791999991,0.025106159422745154,-4694.0,-0.002391200689654931,-0.010084322466297868,460781.0,0.2369293291822781,1071.0,0.0005455849890542034,0.002284556313993174,469871.0,0.24160332312357974,-8986.0,-0.004577615977255903,-0.018198351090868217,484795.0,0.24927710591565735,-5618.0,-0.002861901464525224,-0.011556151624608144,480530.0,0.2470840823557397,3.122502256758253e-17
2021-07-28,-0.0040040033906397765,-0.004004003390639804,1937016.5479199998,1937016.5479199998,0.0,48826.54791999991,0.02520708869133341,1009.0,0.0005188184693920075,0.00218976042848989,461790.0,0.23840271292254972,-2529.0,-0.0013003884133720386,-0.005382328341183006,467342.0,0.2412689765102108,-3345.0,-0.001719968067508687,-0.006899823636794934,481450.0,0.2485523422693466,-2922.0,-0.001502465379151086,-0.006080785799013589,477608.0,0.24656887960655954,-2.7755575615628914e-17
2021-07-29,-0.000840467781108134,-0.0008404677811081031,1935388.5479199998,1935388.5479199998,0.0,48826.54791999991,0.025228292258148766,-2707.0,-0.0013975100021250831,-0.005861971891985535,459083.0,0.2372045657154402,-1085.0,-0.0005601397681218009,-0.002321640254888283,466257.0,0.24091131494040077,2185.0,0.0011280234040056544,0.004538373662893343,483635.0,0.24989039049537212,-21.0,-1.0841414866873567e-05,-4.396911274518015e-05,477587.0,0.24676543659063818,3.0899761915836876e-17
2021-07-30,0.0007760715550446662,0.0007760715550447113,1936890.5479199998,1936890.5479199998,0.0,50490.54791999991,0.02606783742851191,-2529.0,-0.0013067143559973868,-0.005508807775500291,456554.0,0.23571491971515224,7071.0,0.0036535299372311278,0.015165455960982892,471664.0,0.24351608329469804,904.0,0.0004670896709456851,0.00186917820257012,484539.0,0.2501633355175076,-3944.0,-0.0020378336971347147,-0.008258181231901203,473643.0,0.24453782404413027,4.5102810375396984e-17
2021-08-02,0.009156428595846755,0.009156428595846767,1954625.5479199998,1954625.5479199998,0.0,50490.54791999991,0.025831314838654928,3476.0,0.0017946290272998796,0.007613557213385492,460030.0,0.2353545416867888,5828.0,0.0030089464819055517,0.01235625360426066,477492.0,0.2442882221140103,2046.0,0.0010563322755625874,0.004222570319417013,486585.0,0.2489402640407498,6385.0,0.0032965208110787487,0.013480617258145903,480028.0,0.24558565731979623,1.214306433183765e-17
2021-08-03,0.0039276064963795765,0.003927606496379536,1962302.5479199998,1962302.5479199998,0.0,50490.54791999991,0.025730256516009138,-2357.0,-0.0012058575631062349,-0.005123578897028454,457673.0,0.23323263809911673,5819.0,0.0029770407975032586,0.012186591607817513,483311.0,0.2462979016728586,2263.0,0.0011577665105258418,0.004650780439183288,488848.0,0.24911958684361327,1952.0,0.0009986567514566696,0.0040664294582816,481980.0,0.2456196168684023,-4.0766001685454967e-17
2021-08-04,-0.001527797027618294,-0.001527797027618304,1959304.5479199998,1959304.5479199998,0.0,50490.54791999991,0.02576962727596419,-1460.0,-0.0007440239027093808,-0.0031900505382664044,456213.0,0.2328443531069819,86.0,4.3826065502059414e-05,0.00017793925650357636,483397.0,0.246718663779541,-190.0,-9.682502843478244e-05,-0.00038866887048734985,488658.0,0.24940380019980046,-1434.0,-0.0007307741619762,-0.0029752271878501183,480546.0,0.2452635556377125,-9.974659986866641e-18
2021-08-05,-0.0004021835200844759,-0.0004021835200844819,1958516.5479199998,1958516.5479199998,0.0,50490.54791999991,0.025779995565328416,-89.0,-4.542428082172448e-05,-0.00019508431368680856,456124.0,0.23289259438957338,209.0,0.0001066705021543867,0.00043235684127125324,483606.0,0.24692464330393496,1697.0,0.0008661236466793982,0.003472776461246925,490355.0,0.25037061878326783,-2605.0,-0.0013295533880965423,-0.005420917040200105,477941.0,0.24403214795789543,-6.0173220572945496e-18
2021-08-06,-0.0016732051631017653,-0.0016732051631017707,1955239.5479199998,1955239.5479199998,0.0,50490.54791999991,0.02582320308205313,-169.0,-8.628979937876083e-05,-0.0003705132814760898,455955.0,0.23319649016155014,1446.0,0.0007383139047437169,0.0029900373444498207,485052.0,0.2480780426705272,-2665.0,-0.0013607237594343053,-0.005434838025512129,487690.0,0.24942723796621682,-1889.0,-0.0009645055090324213,-0.003952370690106101,476052.0,0.24347502611965274,-5.421010862427522e-18
2021-08-09,0.011404740674216596,0.011404740674216549,1977538.5479199998,1977538.5479199998,0.0,50490.54791999991,0.025532017048722773,2763.0,0.0014131260811184505,0.006059808533736882,458718.0,0.23196412554510526,7703.0,0.0039396707212650825,0.015880771546143507,492755.0,0.24917592656703758,7012.0,0.0035862613394146126,0.014377986015706699,494702.0,0.25016048386026857,4821.0,0.002465682532418404,0.01012704494466991,480873.0,0.2431674469788659,-4.683753385137379e-17
2021-08-10,-0.0014399719302539138,-0.0014399719302539723,1974690.94792,1974690.94792,0.0,54016.94791999991,0.027354633886835584,1515.0,0.0007661039030533672,0.0033026826939426836,460233.0,0.23306583771236555,-1527.0,-0.0007721720527805226,-0.0030989031060060274,491228.0,0.24876196476082746,-1926.6,-0.0009742414386947968,-0.0038944657591843167,489249.0,0.24775978262084017,-909.0,-0.0004596623418320203,-0.0018903119950589864,479964.0,0.24305778101913122,-5.854691731421724e-17
2021-08-11,0.00499571844920399,0.00499571844920396,1984555.94792,1984555.94792,0.0,54016.94791999991,0.027218657139202712,3000.0,0.001519225073250064,0.006518437400186428,463233.0,0.23341896734406076,3197.0,0.0016189875197268181,0.0065081795011685,494425.0,0.2491363372840174,1532.0,0.0007758176040730326,0.0031313298545321503,490781.0,0.2473001582617937,2136.0,0.0010816882521540454,0.004450333775033128,482100.0,0.2429258799709254,-2.949029909160572e-17
2021-08-12,0.0002232237395294323,0.00022322373952939214,1984998.94792,1984998.94792,0.0,54016.94791999991,0.027212582644742498,-1505.0,-0.0007583560451280704,-0.0032489049787040214,461728.0,0.23260868751785793,3870.0,0.0019500584017578954,0.007827274106285078,498295.0,0.2510303597501365,-1609.0,-0.0008107607153561895,-0.003278448024679032,489172.0,0.246434387540902,-313.0,-0.00015771790174424322,-0.0006492428956647999,481787.0,0.2427139825463611,-4.016969049058794e-17
2021-08-13,-0.0009471037765385049,-0.0009471037765385094,1983118.94792,1983118.94792,0.0,54016.94791999991,0.0272383802175133,-740.0,-0.00037279616736090264,-0.0016026751680643149,460988.0,0.2324560513546142,2902.0,0.0014619655103801886,0.005823859360419029,501197.0,0.25273168839704846,-3387.0,-0.0017062981335829422,-0.006923944951877867,485785.0,0.2449600920355872,-655.0,-0.00032997498597485305,-0.001359521946420306,481132.0,0.24261378799523683,-4.553649124439119e-18
2021-08-16,0.006444898332198079,0.00644489833219807,1995899.94792,1995899.94792,0.0,54016.94791999991,0.027063955774082233,1746.0,0.0008804313033422918,0.0037875172455682144,462734.0,0.23184228271674237,5735.0,0.002891909235205065,0.011442606400277736,506932.0,0.25398667930639124,1399.0,0.0007054544062862923,0.0028798748417509803,487184.0,0.24409239576748934,3901.0,0.0019671033873644218,0.00810796205615091,485033.0,0.2430146864352948,-8.673617379884035e-18
2021-08-17,-0.008197304688068341,-0.008197304688068355,1979538.94792,1979538.94792,0.0,54016.94791999991,0.027287640880599096,-2258.0,-0.0011313192338890253,-0.004879693301119001,460476.0,0.23261780248569752,-8312.0,-0.004164537410135331,-0.016396676477318458,498620.0,0.25188693585641486,-871.0,-0.0004363946203354035,-0.0017878255443528523,486313.0,0.24566983160952366,-4920.0,-0.002465053423708594,-0.01014363971111244,480113.0,0.24253778916776486,-1.3877787807814457e-17
2021-08-18,0.012209913841501718,0.012209913841501639,2003708.94792,2003708.94792,0.0,54016.94791999991,0.026958480160541056,6053.0,0.003057782725800969,0.013145093338197866,466529.0,0.23283271778782647,11839.0,0.0059806855593520026,0.023743532148730498,510459.0,0.2547570596667219,1470.0,0.0007425971595782958,0.0030227446109809936,487783.0,0.24344004677243933,4808.0,0.0024288483967703717,0.010014309131391985,484921.0,0.24201169561247124,-7.979727989493313e-17
2021-08-19,0.0022887555624087064,0.002288755562408708,2008294.94792,2008294.94792,0.0,54016.94791999991,0.02689691968599807,-4020.0,-0.00200627940708308,-0.008616827678450857,462509.0,0.23029933948647466,7592.0,0.003788973447406653,0.014872888909785114,518051.0,0.25795563571802427,2242.0,0.001118924982756285,0.004596306144330573,490025.0,0.24400051422104163,-1228.0,-0.0006128634606711498,-0.002532371252224589,483693.0,0.2408475908884614,1.734723475976807e-18
2021-08-20,-0.0008952868212221965,-0.0008952868212222496,2006496.94792,2006496.94792,0.0,54016.94791999991,0.026921021721959575,682.0,0.000339591552877405,0.0014745659003392367,463191.0,0.2308456040664098,-123.0,-6.124598387671674e-05,-0.0002374283613003353,517928.0,0.2581254860800566,-583.0,-0.00029029600487907203,-0.0011897352175909393,489442.0,0.24392860428089438,-1774.0,-0.0008833363853438658,-0.0036676156156901173,481919.0,0.24017928385067963,-5.312590645178972e-17
2021-08-23,0.016439596399184353,0.01643959639918434,2039482.94792,2039482.94792,0.0,54016.94791999991,0.026485608999619232,-612.0,-0.0003050091856030078,-0.0013212691956449932,462579.0,0.22681189880590508,25574.0,0.012745596262436801,0.049377519655241654,543502.0,0.2664900927729253,4873.0,0.0024286107213128383,0.00995623587677396,494315.0,0.2423727055448712,3151.0,0.0015703986010377085,0.006538443182360521,485070.0,0.23783969387667916,-1.3877787807814457e-17
2021-08-24,-0.00046972689866175976,-0.0004697268986617574,2038524.94792,2038524.94792,0.0,54016.94791999991,0.026498055849213848,-521.0,-0.00025545690417826263,-0.0011262941032774943,462058.0,0.2266629115682194,-2951.0,-0.001446935363205476,-0.005429602834948169,540551.0,0.2651677138175566,1074.0,0.0005266040596688178,0.0021727036403912485,495389.0,0.2430134595632337,1440.0,0.0007060613090531635,0.002968643700909147,486510.0,0.23865785920177643,2.3852447794681098e-18
2021-08-25,0.00964569995577591,0.009645699955775893,2058187.94792,2058187.94792,0.0,54016.94791999991,0.02624490536667913,-207.0,-0.00010154401112981794,-0.0004479957061667583,461851.0,0.22439690236586293,5098.0,0.0025008278683082696,0.009431117507876223,545649.0,0.26511135708059685,8755.0,0.0042947720649350535,0.017672980223622244,504144.0,0.2449455602485122,6017.0,0.002951644033662389,0.01236768000657746,492527.0,0.23930127493834888,-1.734723475976807e-17
2021-08-26,-1.2146606934160253e-05,-1.214660693415533e-05,2058162.94792,2058162.94792,0.0,54016.94791999991,0.026245224157100865,-1391.0,-0.0006758372098164025,-0.003011793846933318,460460.0,0.2237237826408961,-3829.0,-0.0018603743180352302,-0.007017331654598469,541820.0,0.26325418040761484,3455.0,0.0016786610783002666,0.006853200672823637,507599.0,0.24662721701067675,1740.0,0.0008454038426172109,0.0035328012474443024,494267.0,0.24014959578371148,4.9229554894419936e-18
2021-08-27,-0.0008503311177420203,-0.000850331117742008,2056412.8279199998,2056412.8279199998,0.0,55989.82791999991,0.027226939629934107,1577.0,0.0007662172723465516,0.003424836033531686,462037.0,0.22468105320434936,-2429.12,-0.0011802369693103712,-0.004483260123288177,537418.0,0.26133760337586603,-1726.0,-0.0008386119290235561,-0.003400321907647572,505873.0,0.2459977846528391,828.0,0.0004023005082453676,0.0016752079341732303,495095.0,0.2407566191370114,1.22514845490862e-17
2021-08-30,0.00013226916128261657,0.00013226916128271767,2056684.8279199998,2056684.8279199998,0.0,55989.82791999991,0.02722333882174084,-2402.0,-0.0011680534022098818,-0.00519871785160063,459635.0,0.22348343983499191,1021.0,0.0004964956384913777,0.001899824717445266,538439.0,0.26179947101790163,-1352.0,-0.0006574555369640967,-0.0026726075516977582,504521.0,0.24530788244800758,3005.0,0.0014612824619653184,0.006069542209070986,498100.0,0.24218586787735807,1.0110185258427329e-16
2021-08-31,0.009283386419157491,0.009283386419157593,2075777.8279199998,2075777.8279199998,0.0,55989.82791999991,0.026972938609766163,4231.0,0.0020571941517548726,0.009205130157625072,463866.0,0.2234661117200628,9976.0,0.004850524428718177,0.018527632656624056,548415.0,0.26419734936157907,1824.0,0.0008868641297094984,0.0036153103636915014,506345.0,0.24393024782781061,3062.0,0.001488803708975046,0.0061473599678779365,501162.0,0.24143335248078135,1.0234868508263162e-16
2021-09-01,0.016060967388502823,0.01606096738850266,2109116.82792,2109116.82792,0.0,55989.82791999991,0.026546574935451435,6073.0,0.0029256502879623455,0.013092142989570264,469939.0,0.2228131669991232,8709.0,0.00419553570852364,0.015880309619539946,557124.0,0.26415037451928763,6884.0,0.0033163472060485405,0.013595473442020757,513229.0,0.2433383457976312,11673.0,0.005623434185968132,0.023291869694829218,512835.0,0.24315153774850642,-1.6306400674181987e-16
2021-09-02,0.01984290270030864,0.019842902700308564,2150967.82792,2150967.82792,0.0,55989.82791999991,0.026030062929459266,132.0,6.258543777784833e-05,0.00028088751944401293,470071.0,0.21853929840250644,34744.0,0.016473245834496685,0.06236313639333434,591868.0,0.27516357628293314,2143.0,0.00101606509968128,0.004175523986368658,515372.0,0.2396000504100371,4832.0,0.0022910063283527508,0.009422133824719452,517667.0,0.24066701197506396,-7.632783294297951e-17
2021-09-03,0.01329912964233504,0.013299129642335091,2179573.82792,2179573.82792,0.0,55989.82791999991,0.025688429179493242,2805.0,0.001304064135032858,0.005967183680763119,472876.0,0.21695800983776387,24121.0,0.011214021747282555,0.04075401947731589,615989.0,0.2826190111613918,2545.0,0.0011831883150298123,0.0049381805763603764,517917.0,0.237623058859289,-865.0,-0.00040214455501013264,-0.001670958357399641,516802.0,0.23711149096206202,5.204170427930421e-17
2021-09-06,0.009167847284654362,0.009167847284654322,2199555.82792,2199555.82792,0.0,55989.82791999991,0.02545506106700935,1116.0,0.0005120267025159756,0.002360026730051853,473992.0,0.21549441663784838,11263.0,0.005167523969926015,0.018284417416544775,627252.0,0.2851721206790909,1692.0,0.0007762985489758339,0.0032669327324648546,519609.0,0.23623360380507635,5911.0,0.002711998063236498,0.01143764923510358,522713.0,0.23764479781097494,-3.9898639947466563e-17
2021-09-07,0.0029296824014208855,0.0029296824014208994,2205999.82792,2205999.82792,0.0,55989.82791999991,0.02538070366614297,3017.0,0.0013716405656559363,0.00636508633057098,477009.0,0.21623256446477773,-10676.0,-0.00485370721874139,-0.017020272553933666,616576.0,0.2794995684933299,6106.0,0.002776015012891994,0.011751143648397161,525715.0,0.2383114419803413,7997.0,0.0036357340416143594,0.015299026425591099,530710.0,0.24057572139540803,1.3877787807814457e-17
2021-09-08,0.02065412672446154,0.020654126724461524,2251562.82792,2251562.82792,0.0,55989.82791999991,0.024867095523922585,1828.0,0.0008286492033517474,0.003832212809401919,478837.0,0.2126687268337748,22073.0,0.01000589379955313,0.0357993175212788,638649.0,0.28364698159010987,11959.0,0.0054211246295861855,0.02274806691838734,537674.0,0.23880035383987253,9703.0,0.004398459091970463,0.018283054775677866,540413.0,0.24001684221232014,-1.734723475976807e-17
2021-09-09,0.011371212778304773,0.011371212778304801,2277165.82792,2277165.82792,0.0,55989.82791999991,0.024587505764190182,-383.0,-0.00017010406960476268,-0.0007998546478237897,478454.0,0.21010942379941983,2971.0,0.0013195279133048302,0.004652007597287399,641620.0,0.28176252784632116,8382.0,0.00372274754941807,0.01558937199864602,546056.0,0.2397963263390336,14633.0,0.006499041385186664,0.02707743892171358,555046.0,0.24374421625103515,2.7755575615628914e-17
2021-09-10,-0.01478328876502999,-0.01478328876503001,2243501.82792,2243501.82792,0.0,55989.82791999991,0.02495644408362676,2340.0,0.001027593147284049,0.004890752298026561,480794.0,0.21430515189094126,-23615.0,-0.010370347082526845,-0.0368052741498083,618005.0,0.2754644512917407,-5170.0,-0.0022703660561788604,-0.00946789340287443,540886.0,0.24109006432210814,-7219.0,-0.0031701687736083546,-0.013006129221722163,547827.0,0.2441838884115831,-2.0816681711721685e-17
2021-09-13,0.019829268443808168,0.019829268443808168,2287988.82792,2287988.82792,0.0,55989.82791999991,0.024471198126828266,-838.0,-0.00037352320803630824,-0.0017429502032055308,479956.0,0.20977200331713408,17882.0,0.007970575186283132,0.028935040978632857,635887.0,0.27792399693580755,17716.0,0.007896583715478803,0.032753667131336366,558602.0,0.24414542290742847,9727.0,0.004335632750082542,0.017755605327959376,557554.0,0.24368737871280155,0.0
2021-09-14,-0.025012796960213524,-0.025012796960213576,2230759.82792,2230759.82792,0.0,55989.82791999991,0.02509899417195701,-6917.0,-0.003023179097551893,-0.014411737742626407,473039.0,0.2120528593349603,-23636.0,-0.010330470023093329,-0.03717012613876365,612251.0,0.27445850168947755,-13079.0,-0.005716374066341075,-0.023413808042219684,545523.0,0.24454582388129847,-13597.0,-0.00594277377322728,-0.02438687553133867,543957.0,0.2438438209223066,-5.204170427930421e-17
2021-09-15,0.004345604523925406,0.0043456045239253106,2240453.82792,2240453.82792,0.0,55989.82791999991,0.024990395794935855,-1202.0,-0.0005388298574126495,-0.00254101670263974,471837.0,0.21059885016155214,5186.0,0.00232476841975208,0.00847038224519029,617437.0,0.2755856837153472,1196.0,0.0005361401909031021,0.0021923915215307146,546719.0,0.24402154295121753,4514.0,0.0020235257706827784,0.008298450061309992,548471.0,0.24480352737694724,-9.540979117872439e-17
2021-09-16,-0.011012947329027023,-0.011012947329027052,2215779.82792,2215779.82792,0.0,55989.82791999991,0.025268678419443306,-1736.0,-0.0007748430154490947,-0.0036792366855503064,470101.0,0.21216051977569172,-12509.0,-0.005583243825030372,-0.020259556845475733,604928.0,0.2730090744475541,-5758.0,-0.0025700150247441747,-0.01053191859072028,540961.0,0.24414023143617644,-4671.0,-0.002084845463803411,-0.008516402872713416,543800.0,0.24542149592113432,-2.949029909160572e-17
2021-09-17,0.00839072536257035,0.0083907253625703,2234371.82792,2234371.82792,0.0,55989.82791999991,0.025058420098377904,683.0,0.0003082436221297071,0.0014528792748792281,470784.0,0.2107008305946364,24873.0,0.011225393284380974,0.04111728999153618,629801.0,0.28186937918309163,-2978.0,-0.0013439963494908753,-0.00550501792180952,537983.0,0.24077595021452358,-3986.0,-0.001798915194449506,-0.007329900698786318,539814.0,0.24159541990937045,-5.0306980803327406e-17
2021-09-22,0.03875720187566767,0.038757201875667655,2320969.82792,2320969.82792,0.0,55989.82791999991,0.024123462203804995,-5442.0,-0.0024355838773110626,-0.011559441272430668,465342.0,0.2004946356485077,55306.0,0.024752370804587583,0.08781503998882187,685107.0,0.2951813469346033,17856.0,0.007991507848817775,0.033190639852932156,555839.0,0.23948566384343314,18878.0,0.008448907099573362,0.0349713049309577,558692.0,0.24071489136965082,-1.3877787807814457e-17
2021-09-23,0.024723716486838354,0.02472371648683832,2378352.82792,2378352.82792,0.0,55989.82791999991,0.023541430549211692,3253.0,0.0014015692754245168,0.006990557482453765,468595.0,0.19702501432885045,36758.0,0.015837345043361324,0.05365293304549508,721865.0,0.30351468105399254,10483.0,0.004516646392337906,0.018859777741396338,566322.0,0.2381152171165788,6889.0,0.00296815577571457,0.01233058644118763,565581.0,0.23780365695136646,-3.469446951953614e-17
2021-09-24,-0.016919693128623403,-0.016919693128623375,2338111.82792,2338111.82792,0.0,55989.82791999991,0.02394659966705221,-2651.0,-0.001114636974329181,-0.005657337359553559,465944.0,0.1992821705258242,-12832.0,-0.005395330688265579,-0.01777617698600154,709033.0,0.3032502515633568,-11260.0,-0.0047343690422280565,-0.019882681583975194,555062.0,0.2373975416281893,-13498.0,-0.00567535642380056,-0.023865723919297147,552083.0,0.23612343661557741,2.7755575615628914e-17
2021-09-27,-0.030355690926528456,-0.030355690926528452,2267136.82792,2267136.82792,0.0,55989.82791999991,0.02469627206901674,-1407.0,-0.0006017676242849669,-0.0030196761842624866,464537.0,0.20490029286242623,-38113.0,-0.01630076010261048,-0.05375349243265123,670920.0,0.29593273407125587,-19829.0,-0.008480774855683448,-0.03572393714576029,535233.0,0.23608323653365604,-11626.0,-0.004972388343949557,-0.021058427808862072,540457.0,0.23838746446364506,3.469446951953614e-18
2021-09-28,0.0236761184146288,0.023676118414628872,2320813.82792,2320813.82792,0.0,55989.82791999991,0.024125083729865604,2877.0,0.001269001484413944,0.006193263399901407,467414.0,0.20140090272510736,40623.0,0.01791819509952994,0.06054820246825255,711543.0,0.30659202019565324,2669.0,0.001177255808794166,0.004986613306728098,537902.0,0.23177300717916174,7508.0,0.0033116660218908203,0.013891947000408912,547965.0,0.23610898617021198,7.28583859910259e-17
2021-09-29,-0.024652559077208425,-0.02465255907720841,2263599.82792,2263599.82792,0.0,55989.82791999991,0.024734861360830026,593.0,0.0002555138171214141,0.0012686825811807092,468007.0,0.20675341737856867,-33995.0,-0.014647878942736043,-0.047776452020468194,677548.0,0.299323224733849,-13218.0,-0.0056954159101363444,-0.024573249402307484,524684.0,0.23179185363436214,-10594.0,-0.004564778041457439,-0.019333351582674074,537371.0,0.23739664289239013,1.3877787807814457e-17
2021-09-30,0.011098251418000915,0.011098251418001017,2288721.82792,2288721.82792,0.0,55989.82791999991,0.024463360831789547,-1802.0,-0.0007960771059325625,-0.0038503697594266754,466205.0,0.20369666348823573,17766.0,0.00784856041287342,0.026221020503344412,695314.0,0.3038001348691222,4719.0,0.002084732443338381,0.0089939849509419,529403.0,0.2313094555842654,4439.0,0.0019610356677217783,0.008260587192088891,541810.0,0.23673038522658701,1.0234868508263162e-16
2021-10-08,0.006981365408884388,0.0069813654088846785,2304700.2313199993,2304700.2313199993,0.0,16607.23131999938,0.007205809716297775,7150.062,0.0031240415120687716,0.015336733840263404,577485.0,0.2505683785475432,-10637.5538,-0.004647814194906968,-0.015298920775361923,556148.0,0.2413103415542552,7237.7653,0.0031623612846729,0.013671560795839843,576693.0,0.2502247329882479,12228.1299,0.005342776807049975,0.02256903693176575,577767.0,0.2506907371936559,2.905661822261152e-16
2021-10-11,-0.0010517636814796338,-0.0010517636814795965,2302276.2313199993,2302276.2313199993,0.0,16607.23131999938,0.007213396504761595,5682.0,0.002465396550398955,0.009839216603028651,583167.0,0.25330018703517776,-5931.0,-0.0025734366315410422,-0.010664427454562454,550217.0,0.23898826409919355,-1469.0,-0.0006373930891474947,-0.0025472825229368137,575224.0,0.24985012318447905,-706.0,-0.0003063305111900145,-0.0012219458709133613,577061.0,0.25064802917638807,3.729655473350135e-17
2021-10-12,-0.022826539789219336,-0.022826539789219377,2249723.2313199993,2249723.2313199993,0.0,16607.23131999938,0.007381899732730802,-2421.0,-0.0010515679947805095,-0.004151469476153486,580746.0,0.2581410868301582,-25056.0,-0.010883142369773004,-0.04553839666895061,525161.0,0.2334336031600953,-12082.0,-0.00524784986077576,-0.02100399148853316,563142.0,0.25031612429480177,-12994.0,-0.005643979563890103,-0.02251755013768042,564067.0,0.250727285982214,-4.163336342344337e-17
2021-10-13,-0.019898892173386806,-0.019898892173386803,2204956.2313199993,2204956.2313199993,0.0,16607.23131999938,0.007531773685166278,-3463.0,-0.0015393004578470413,-0.005963019977752753,577283.0,0.26181154609786017,-33190.0,-0.014752925843471931,-0.06319966638802196,491971.0,0.22312052865805915,-911.0,-0.0004049386997108445,-0.0016177092101104162,562231.0,0.25498510673992825,-7203.0,-0.0032017271723569847,-0.012769759620754273,556864.0,0.25255104481898616,3.469446951953614e-18
2021-10-14,-0.002029518743472347,-0.0020295187434723077,2200481.2313199993,2200481.2313199993,0.0,16607.23131999938,0.007547090647093239,-2280.0,-0.0010340341307523713,-0.0039495360161307365,575003.0,0.26130784112849437,-5704.0,-0.0025868994218471606,-0.011594179331708577,486267.0,0.22098211658379097,3789.0,0.0017184014567634802,0.006739222846125525,566020.0,0.2572255522763366,-280.0,-0.0001269866476362561,-0.000502815768302494,556584.0,0.2529373993642849,3.946495907847236e-17
2021-10-15,-0.01133933779795615,-0.01133933779795617,2175529.2313199993,2175529.2313199993,0.0,16607.23131999938,0.007633651196643754,-1747.0,-0.0007939172464343309,-0.0030382450178520807,573256.0,0.26350186048852936,-5696.0,-0.0025885246912936174,-0.011713729288641837,480571.0,0.22089843385299596,-8019.0,-0.003644202861566629,-0.014167343910109183,558001.0,0.2564897735993341,-9490.0,-0.004312692998661592,-0.017050436232446495,547094.0,0.25147628086249685,-1.9081958235744878e-17
2021-10-18,0.016937028227215878,0.016937028227215836,2212376.2313199993,2212376.2313199993,0.0,16607.23131999938,0.007506513171175586,1321.0,0.0006072085729680061,0.0023043805908703964,574577.0,0.2597103475737409,16208.0,0.007450141219277398,0.033726546129500115,496779.0,0.22454544257311976,7802.0,0.0035862538124878,0.013982053795602517,565803.0,0.2557444760028078,11516.0,0.005293424622482633,0.021049399189170415,558610.0,0.25249322067915597,-4.163336342344337e-17
2021-10-19,0.0012484314199814328,0.001248431419981434,2215138.2313199993,2215138.2313199993,0.0,16607.23131999938,0.0074971534891992465,2538.0,0.001147182818216104,0.0044171625387023844,577115.0,0.26053227371553134,1809.0,0.0008176728597923294,0.003641458274202412,498588.0,0.22508211584741228,-1555.0,-0.0007028641774334286,-0.00274830638932632,564248.0,0.2547236068711455,-30.0,-1.356008059357097e-05,-5.370473138683518e-05,558580.0,0.25216485007671174,1.0842021724855044e-18
2021-10-20,0.003444480300199171,0.003444480300199274,2222768.2313199993,2222768.2313199993,0.0,16607.23131999938,0.0074714183359265995,-1547.0,-0.0006983762810495776,-0.002680574928740372,575568.0,0.2589419768961682,20177.0,0.00910868663396078,0.040468282429581136,518765.0,0.23338690588173894,-5459.0,-0.00246440602343222,-0.00967482383632729,558789.0,0.25139328164149666,-5541.0,-0.002501424029279709,-0.009919796627161732,553039.0,0.2488064172446696,1.0321604682062002e-16
2021-10-21,-0.005480553405590838,-0.005480553405590862,2210586.2313199993,2210586.2313199993,0.0,16607.23131999938,0.007512591494828394,4910.0,0.0022089572501601653,0.008530703583242987,580478.0,0.2625900730655421,-11417.0,-0.005136387968447781,-0.022008038321783465,507348.0,0.22950835068625625,-3705.0,-0.0016668404504772735,-0.006630409689525027,555084.0,0.25110262252404636,-1970.0,-0.0008862822368259726,-0.0035621357625773226,551069.0,0.2492863622293269,-2.42861286636753e-17
2021-10-22,-0.01516611273742563,-0.015166112737425647,2177060.2313199993,2177060.2313199993,0.0,16607.23131999938,0.0076282828931793275,-816.0,-0.0003691328519280358,-0.0014057380296927705,579662.0,0.2662590550600147,-18606.0,-0.008416771866388522,-0.03667305281581873,488742.0,0.22449631524602562,-9112.0,-0.0041219835131963995,-0.016415533504838906,545972.0,0.2507840583119582,-4992.0,-0.0022582245059126894,-0.009058756707417764,546077.0,0.25083228848882216,-1.734723475976807e-17
2021-10-25,0.004772950169458445,0.0047729501694584306,2187451.2313199993,2187451.2313199993,0.0,16607.23131999938,0.007592046433866269,-104.0,-4.777084184618196e-05,-0.00017941490040747883,579558.0,0.264946706789102,13401.0,0.0061555485728911966,0.027419374639380288,502143.0,0.22955620349852826,-1250.0,-0.000574168772189687,-0.0022894946993618722,544722.0,0.24902132317313058,-1656.0,-0.0007606587893968973,-0.003032539367158844,544421.0,0.24888372010537288,-1.474514954580286e-17
2021-10-26,-0.002042102670012147,-0.0020421026700121795,2182984.2313199993,2182984.2313199993,0.0,16607.23131999938,0.007607581897170818,741.0,0.0003387504093304287,0.0012785605582185044,580299.0,0.2658283058916586,1704.0,0.0007789887955452773,0.0033934556490880087,503847.0,0.23080652291076584,-3536.0,-0.001616493181366256,-0.006491384596179335,541186.0,0.24791108989035507,-3376.0,-0.0015433486935216292,-0.006201083352772946,541045.0,0.2478464994100497,-3.252606517456513e-17
2021-10-27,-0.002655539108724847,-0.00265553910872489,2177187.2313199993,2177187.2313199993,0.0,16607.23131999938,0.0076278379190799495,-2704.0,-0.0012386713386220635,-0.004659666826928877,577595.0,0.2652941334998607,10334.0,0.004733886691316718,0.020510194563032033,514181.0,0.2361675617986511,-7008.0,-0.0032102842977305554,-0.012949337196453714,534178.0,0.24535234834908298,-6419.0,-0.0029404701636889887,-0.011864077849347097,534626.0,0.2455581184333253,-4.2934406030425976e-17
2021-10-28,-0.008912416773745102,-0.008912416773745093,2157783.2313199993,2157783.2313199993,0.0,16607.23131999938,0.007696431726295369,-4153.0,-0.0019075070532551728,-0.007190159194591366,573442.0,0.2657551470771248,-11714.0,-0.005380336533067925,-0.02278186086222556,502467.0,0.23286259375211732,-2735.0,-0.0012562079919703581,-0.00512001617438382,531443.0,0.24629119009090444,-802.0,-0.000368365195451637,-0.0015001140984538725,533824.0,0.2473946373535581,8.673617379884035e-18
2021-10-29,-0.000711378222668313,-0.0007113782226683545,2156248.2313199993,2156248.2313199993,0.0,16607.23131999938,0.007701910697838747,-350.0,-0.00016220350354001568,-0.000610349433770111,573092.0,0.2657820151111117,-7256.0,-0.0033627103476752966,-0.014440749342742906,495211.0,0.2296632608467554,4167.0,0.0019311485692892726,0.007840916147169122,535610.0,0.24839904433086232,1904.0,0.0008823870592576853,0.003566718618870639,535728.0,0.2484537690134318,-4.152494320619482e-17
2021-11-01,-0.001425624357784705,-0.0014256243577847143,2153174.2313199993,2153174.2313199993,0.0,16607.23131999938,0.0077129064050791415,1247.0,0.000578319314950403,0.0021759159087895137,574339.0,0.2667406063316588,-916.0,-0.00042481194265803457,-0.0018497165854554926,494295.0,0.22956572339107617,-134.0,-6.214497851110986e-05,-0.0002501820354362316,535476.0,0.24869143992668324,-3271.0,-0.0015169867515659728,-0.006105710360481438,532457.0,0.24728932394550265,-9.324138683375338e-18
2021-11-02,-0.019050014347818944,-0.019050014347818937,2112156.2313199993,2112156.2313199993,0.0,16607.23131999938,0.007862690777197213,-8878.0,-0.004123214866154775,-0.015457769714402122,565461.0,0.26771741200536725,-15076.0,-0.007001755724504323,-0.030500005057708453,479219.0,0.22688615211977498,-11124.0,-0.005166325993591542,-0.02077404029312238,524352.0,0.2482543631122895,-5940.0,-0.0027587177635682992,-0.011155830423865214,526517.0,0.2492793819853711,6.938893903907228e-18
2021-11-03,0.004337747304930195,0.004337747304930269,2121318.2313199993,2121318.2313199993,0.0,16607.23131999938,0.007828731717289518,-303.0,-0.00014345529724883992,-0.0005358459734623608,565158.0,0.266418301439067,2564.0,0.0012139253536172462,0.005350372168048428,481783.0,0.22711491038296902,3230.0,0.0015292429376691516,0.00615998413279629,527582.0,0.2487047875281352,3671.0,0.0017380343108927107,0.006972234514745013,530188.0,0.2499332689325393,7.37257477290143e-17
2021-11-04,0.0021354646055067317,0.0021354646055067317,2125848.2313199993,2125848.2313199993,0.0,16607.23131999938,0.007812049362379684,-215.0,-0.00010135207288828859,-0.00038042458922991446,564943.0,0.2657494508200197,4696.0,0.002213717833876294,0.009747126818505427,486479.0,0.22883994860627066,-350.0,-0.00016499174656233026,-0.0006634039826984242,527232.0,0.2480101788228912,399.0,0.0001880905910810565,0.0007525632417180321,530587.0,0.2495883723884388,0.0
2021-11-05,-0.014695780978024708,-0.014695780978024748,2094607.2313199993,2094607.2313199993,0.0,16607.23131999938,0.007928565829276583,-7082.0,-0.0033313761046820287,-0.012535777945739658,557861.0,0.26633203192392396,-19518.0,-0.009181276307707405,-0.04012095075018655,466961.0,0.222934874384887,-739.0,-0.0003476259448404433,-0.0014016599902889051,526493.0,0.2513564319493969,-3902.0,-0.001835502620794871,-0.007354119117128765,526685.0,0.2514480959125156,-3.9898639947466563e-17
2021-11-08,0.0019683881246803647,0.0019683881246804103,2098730.2313199993,2098730.2313199993,0.0,16607.23131999938,0.007912989993742188,1459.0,0.0006965506364076446,0.0026153468337094723,559320.0,0.2665039992530221,1065.0,0.0005084485454243602,0.002280704384306184,468026.0,0.22300436378887742,-199.0,-9.500587844079594e-05,-0.00037797273657959367,526294.0,0.25076781767658946,1798.0,0.0008583948212892015,0.0034138052156412278,528483.0,0.2518108292877689,4.5536491244391186e-17
2021-11-09,0.004533217208205098,0.0045332172082050565,2108244.2313199993,2108244.2313199993,0.0,16607.23131999938,0.007877280569908817,-627.0,-0.0002987520695337997,-0.0011210040763784596,558693.0,0.2650039268221761,7806.0,0.0037193917939088365,0.01667856059278758,475832.0,0.2257006057130655,2442.0,0.0011635606918684832,0.004639992095672761,528736.0,0.2507944725497726,-107.0,-5.0983208038463426e-05,-0.00020246630449796872,528376.0,0.250623714345077,-4.163336342344337e-17
2021-11-10,-0.005653993888808939,-0.0056539938888089504,2096324.2313199993,2096324.2313199993,0.0,16607.23131999938,0.007922071916109203,-232.0,-0.00011004417635936885,-0.0004152548895368297,558461.0,0.2664001072240395,-8641.0,-0.004098671241040112,-0.018159770675364416,467191.0,0.2228619948288354,-420.0,-0.00019921790547816772,-0.0007943472734975489,528316.0,0.25202017517458813,-2627.0,-0.0012460605659313014,-0.004971838236407407,525749.0,0.25079565085642785,-1.1275702593849246e-17
2021-11-11,0.00851967445358115,0.008519674453581084,2114184.2313199993,2114184.2313199993,0.0,16607.23131999938,0.007855148607191432,6914.0,0.003298153929006697,0.012380452708425476,565375.0,0.2674199304036081,-894.0,-0.00042646074812438344,-0.00191356425958548,466297.0,0.22055646480196553,5042.0,0.00240516229535027,0.009543530765678116,533358.0,0.2522760278402965,6798.0,0.0032428189773484996,0.012930124451021305,532547.0,0.2518924283469384,-6.591949208711867e-17
2021-11-12,-0.0033946899677324005,-0.0033946899677323823,2107007.2313199993,2107007.2313199993,0.0,16607.23131999938,0.00788190523180847,-2537.0,-0.0011999900303939046,-0.004487287198761884,562838.0,0.2671267528813334,-1015.0,-0.00048009061129279196,-0.0021767242765876682,465282.0,0.2208260100315412,-2223.0,-0.001051469388082637,-0.004167932233134218,531135.0,0.25208029289356265,-1402.0,-0.0006631399379630486,-0.002632631486047241,531145.0,0.25208503896175427,1.8214596497756474e-17
2021-11-15,0.004103925165260591,0.004103925165260502,2115654.2313199993,2115654.2313199993,0.0,16607.23131999938,0.0078496906886518,933.0,0.00044280816227455164,0.0016576705908272007,563771.0,0.2664759636305276,2146.0,0.0010185062339133845,0.004612256652954552,467428.0,0.22093780405145044,3584.0,0.0017009908398628007,0.006747813644365368,534719.0,0.25274404110277415,1984.0,0.0009416199292097647,0.0037353265115928794,533129.0,0.251992500526596,-8.933825901280557e-17
2021-11-16,-0.006329484185913059,-0.006329484185913066,2102263.2313199993,2102263.2313199993,0.0,16607.23131999938,0.007899691662100656,-2763.0,-0.0013059790012454487,-0.004900926085236736,561008.0,0.26685906486018224,-7806.0,-0.0036896388287086398,-0.016699898166134677,459622.0,0.2186319929647468,-1840.0,-0.00086970733343888,-0.0034410596967753156,532879.0,0.2534787233401824,-982.0,-0.0004641590225200979,-0.0018419556992772855,532147.0,0.2531305271727879,-6.938893903907228e-18
2021-11-17,0.0021571989332431762,0.002157198933243245,2106798.2313199993,2106798.2313199993,0.0,16607.23131999938,0.00788268713781587,137.0,6.516786193039131e-05,0.00024420329121866357,561145.0,0.2663496635121146,4041.0,0.0019222140880343888,0.008792007345166246,463663.0,0.22007945189392686,656.0,0.0003120446527469832,0.0012310486996109811,533535.0,0.2532444692939188,-299.0,-0.00014222766946851825,-0.0005618748203034124,531848.0,0.2524437281622239,6.895525817007808e-17
2021-11-18,0.0008989944892887625,0.0008989944892887668,2108692.2313199993,2108692.2313199993,0.0,16607.23131999938,0.007875607010513614,-2603.0,-0.0012355241053952797,-0.004638729740085005,558542.0,0.2648760173267978,6336.0,0.0030074071193947343,0.013665097279705303,469999.0,0.22288648529130778,-943.0,-0.0004475986290387049,-0.0017674566804427075,532592.0,0.25256981179591487,-896.0,-0.0004252898956719826,-0.001684691866849175,530952.0,0.251792078575466,4.336808689942018e-18
2021-11-19,0.00710724864321155,0.007107248643211645,2123679.2313199993,2123679.2313199993,0.0,16607.23131999938,0.007820028126223634,4147.0,0.0019666217470740432,0.0074246878480042685,562689.0,0.2649595059844578,3134.0,0.0014862292151748377,0.006668099293828285,473133.0,0.2227892955876949,4735.0,0.0022454675602593672,0.008890482771051762,537327.0,0.2530170244524253,2971.0,0.001408930120703396,0.00559560939595293,533923.0,0.25141414584919847,9.454242944073599e-17
2021-11-22,-0.0009036204581646112,-0.000903620458164589,2121760.2313199993,2121760.2313199993,0.0,16607.23131999938,0.007827100854684044,-1911.0,-0.0008998534109184625,-0.0033961922127498496,560778.0,0.264298478085399,1423.0,0.0006700635289047474,0.0030076109677405717,474556.0,0.22366146419134597,-264.0,-0.00012431255912217378,-0.0004913209274799144,537063.0,0.25312143760272093,-1167.0,-0.0005495180170287,-0.0021857084261213697,532756.0,0.25109151926585,2.222614453595284e-17
2021-11-23,0.006084570635942477,0.00608457063594239,2134670.2313199993,2134670.2313199993,0.0,16607.23131999938,0.007779764329092694,479.0,0.0002257559515582033,0.0008541704560449946,561257.0,0.26292445163904304,3208.0,0.0015119521766152738,0.006760003034415327,477764.0,0.2238116187644444,6658.0,0.0031379605959802035,0.012397055838886686,543721.0,0.25470959964799034,2565.0,0.0012089019117887086,0.004814586790200392,535321.0,0.2507745656194295,-8.673617379884035e-17
2021-11-24,0.002349309006337119,0.0023493090063372054,2139685.2313199993,2139685.2313199993,0.0,16607.23131999938,0.007761530096533949,684.0,0.00032042419946852414,0.0012186930407994912,561941.0,0.2626278817905059,3134.0,0.0014681424577987641,0.0065597240478562635,480898.0,0.22475174991198488,2085.0,0.0009767316606606328,0.003834687275275371,545806.0,0.2550870529976436,-888.0,-0.00041598931159071554,-0.0016588177934360878,534433.0,0.2497717852033317,8.630249292984615e-17
2021-11-25,0.0019096266778826365,0.001909626677882566,2143771.2313199993,2143771.2313199993,0.0,16607.23131999938,0.007746736721424186,-1385.0,-0.0006472914705989608,-0.0024646715580461296,560556.0,0.2614812587324651,1325.0,0.0006192499628473812,0.0027552620306177194,482223.0,0.22494144568918273,4960.0,0.0023180979741305742,0.009087477968362385,550766.0,0.2569145401120403,-814.0,-0.00038042978849642896,-0.0015231095385202635,533619.0,0.24891601874488772,-7.047314121155779e-17
2021-11-26,-8.676298911125535e-05,-8.676298911123689e-05,2143585.2313199993,2143585.2313199993,0.0,16607.23131999938,0.0077474089097790645,-1673.0,-0.0007804004343177382,-0.002984536781338528,558883.0,0.2607234794465556,-2681.0,-0.001250599859178635,-0.005559668452147658,479542.0,0.22371025560047483,9680.0,0.004515407175251469,0.01757552209105137,560446.0,0.26145263169912897,-5512.0,-0.002571169870866332,-0.010329467279088638,528107.0,0.24636622434406152,1.8458541986565713e-17
2021-11-29,-0.002839635164052501,-0.002839635164052555,2137498.2313199993,2137498.2313199993,0.0,16607.23131999938,0.007769471373898487,-1245.0,-0.0005808026579999065,-0.0022276576671682626,557638.0,0.2608834907225322,1549.0,0.0007226211383468716,0.003230165449533096,481091.0,0.2250719991019151,-3118.0,-0.0014545724398744647,-0.005563426271219707,557328.0,0.2607384613627612,-3273.0,-0.0015268812045250554,-0.00619760768177661,524834.0,0.24553657743889307,-5.421010862427522e-17
2021-11-30,0.0012523986971193501,0.0012523986971193115,2140175.2313199993,2140175.2313199993,0.0,16607.23131999938,0.007759753069264572,-417.0,-0.00019508788072422598,-0.000747796957883071,557221.0,0.2603623254046922,267.0,0.00012491238406083533,0.0005549885572583981,481358.0,0.22491522794753216,-1150.0,-0.0005380121410859949,-0.00206341687480263,556178.0,0.2598749821326384,3977.0,0.001860586334868697,0.00757763407096339,528811.0,0.24708771144587277,-3.859759734048396e-17
2021-12-01,0.01439321395239257,0.014393213952392566,2170979.2313199993,2170979.2313199993,0.0,16607.23131999938,0.007649650019867693,2993.0,0.0013984836176961092,0.005371297923086172,560214.0,0.2580466878346775,7835.0,0.003660915183644843,0.016276866697967,489193.0,0.22533287879615538,14849.0,0.006938216919201312,0.02669828723897745,571027.0,0.2630273895585837,5127.0,0.002395598231850301,0.009695335384475739,533938.0,0.24594339379071575,-3.469446951953614e-18
2021-12-02,-0.0019981766464722828,-0.001998176646472296,2166641.2313199993,2166641.2313199993,0.0,16607.23131999938,0.007664965975876694,-123.0,-5.665646093040398e-05,-0.00021955895425676618,560091.0,0.2585065731712174,-3970.0,-0.0018286678853146649,-0.008115406393795497,485223.0,0.22395170597966693,-1720.0,-0.0007922692097584946,-0.0030121167650566435,569307.0,0.2627601615672922,1475.0,0.0006794169095312672,0.0027624930235345675,535413.0,0.24711659330594676,-1.3444106938820255e-17
2021-12-03,0.020746858940099644,0.020746858940099724,2211592.2313199993,2211592.2313199993,0.0,16607.23131999938,0.007509174198033457,297.0,0.00013707853229537982,0.0005302709738238965,560388.0,0.2533866741182798,15057.0,0.006949466197883952,0.03103109292016248,500280.0,0.22620806535452764,4621.0,0.0021327942684745793,0.0081168859683791,573928.0,0.2595089600479598,24976.0,0.011527519941445812,0.04664810155898344,560389.0,0.2533871262811993,7.979727989493313e-17
2021-12-06,-0.0026795174608038597,-0.0026795174608038115,2205666.2313199993,2205666.2313199993,0.0,16607.23131999938,0.007529349220738917,1503.0,0.000679600867969647,0.0026820702798775135,561891.0,0.2547488790557997,-7196.0,-0.0032537643685359814,-0.014383944990805149,493084.0,0.22355331599963327,4281.0,0.001935709458268835,0.007459123792531467,578209.0,0.26214709723055696,-4514.0,-0.0020410634185063117,-0.008055118854938266,555875.0,0.25202135849327123,4.8138576458356397e-17
2021-12-07,0.002896177086674223,0.002896177086674192,2212054.2313199993,2212054.2313199993,0.0,16607.23131999938,0.0075076058646579135,1964.0,0.0008904339070488592,0.003495339843492777,563855.0,0.25490107431205733,8489.0,0.003848723745894993,0.017216133559393533,501573.0,0.2267453450726189,-4663.0,-0.002114100462611421,-0.00806455797125261,573546.0,0.2592820699778901,598.0,0.00027111989634176064,0.001075781425680234,556473.0,0.25156390477277574,-3.122502256758253e-17
2021-12-08,0.005298694685710981,0.005298694685711086,2223775.2313199993,2223775.2313199993,0.0,16607.23131999938,0.007468035027146867,-395.0,-0.00017856705066597378,-0.0007005347119383529,563460.0,0.25337992440249396,-490.0,-0.00022151355652234723,-0.0009769265889511597,501083.0,0.2253298772927535,10245.0,0.004631441605247852,0.01786256028287182,583791.0,0.2625224850865303,2361.0,0.0010673336876515546,0.004242793450895192,558834.0,0.25129967819107535,1.0495077029659683e-16
2021-12-09,0.007151801933938939,0.007151801933938991,2239679.2313199993,2239679.2313199993,0.0,16607.23131999938,0.007415004384449991,3288.0,0.0014785666976101235,0.005835374294537323,566748.0,0.25304873665590755,2139.0,0.0009618777877700895,0.004268753879097874,503222.0,0.22468485351065925,8672.0,0.0038996746963731728,0.014854631195068097,592463.0,0.26453029153233704,1805.0,0.0008116827521856061,0.0032299394811339324,560639.0,0.25032111391664613,5.204170427930421e-17
2021-12-10,0.000499625117897029,0.0004996251178971264,2240798.2313199993,2240798.2313199993,0.0,16607.23131999938,0.007411301512058258,-2568.0,-0.0011465927638604294,-0.004531114357703953,564180.0,0.251776350103443,-73.0,-3.259395317827545e-05,-0.00014506519985215272,503149.0,0.22454007369668766,5509.0,0.0024597272336865676,0.009298470959367927,597972.0,0.26685669046059063,-1749.0,-0.0007809153987507364,-0.003119654537055039,558890.0,0.2494155842272205,9.73613550891983e-17
2021-12-13,0.005540436361682888,0.005540436361682876,2253213.2313199993,2253213.2313199993,0.0,16607.23131999938,0.007370465914701899,-2047.0,-0.0009135137521034915,-0.00362827466411429,562133.0,0.24948060493621627,7858.0,0.003506786059613696,0.015617640102633614,511007.0,0.22679034229735856,4599.0,0.0020523936228255776,0.0076909955650097325,602571.0,0.26742741948439386,2005.0,0.0008947704313470935,0.003587468016962193,560895.0,0.24893116736732948,-1.214306433183765e-17
2021-12-14,-0.0023069276923048943,-0.0023069276923049385,2248015.2313199993,2248015.2313199993,0.0,16607.23131999938,0.00738750836232007,-1308.0,-0.0005805043134926625,-0.002326851474651017,560825.0,0.24947562284562116,6600.0,0.002929150205696921,0.012915674344969834,517607.0,0.23025066413632317,-7379.0,-0.003274878692096603,-0.012245859823987546,595192.0,0.2647633306516845,-3111.0,-0.0013806948924125941,-0.005546492659053833,557784.0,0.2481228740040511,-4.423544863740858e-17
2021-12-15,0.013624462847618535,0.013624462847618571,2278643.2313199993,2278643.2313199993,0.0,16607.23131999938,0.0072882104103585135,140.0,6.227715811240042e-05,0.0002496322382204788,560965.0,0.2461837782631016,10792.0,0.0048006792167787525,0.020849795308023267,528399.0,0.23189194022879256,17449.0,0.007761958085023392,0.029316590276751032,612641.0,0.2688621858741362,2247.0,0.0009995483877040267,0.004028441116991524,560031.0,0.24577388522361118,3.642919299551295e-17
2021-12-16,0.003601265826614908,0.003601265826614872,2286849.2313199993,2286849.2313199993,0.0,16607.23131999938,0.0072620578097374044,2244.0,0.0009847965531225656,0.004000249569937518,563209.0,0.24628164912949174,5720.0,0.002510265723645755,0.010825152962060866,534119.0,0.23356109037922868,-1586.0,-0.0006960282233745049,-0.0025887918046621104,611055.0,0.26720388542942597,1828.0,0.000802231773221056,0.003264105022757669,561859.0,0.24569131725211618,-3.599551212651875e-17
2021-12-17,0.0007132083644441067,0.000713208364444107,2288480.2313199993,2288480.2313199993,0.0,16607.23131999938,0.007256882140694875,-1396.0,-0.0006104468894935459,-0.002478653572652426,561813.0,0.2454961123592251,11169.0,0.0048840123988204975,0.020911070379447276,545288.0,0.23827516293880194,-7127.0,-0.0031165150296708463,-0.01166343455171793,603928.0,0.2638991553148149,-1015.0,-0.0004438421152119979,-0.00180650305503694,560844.0,0.24507268724646322,2.168404344971009e-19
2021-12-20,-0.0015831467322355852,-0.0015831467322355883,2284857.2313199993,2284857.2313199993,0.0,16607.23131999938,0.007268389067095064,-775.0,-0.00033865269596538254,-0.001379462561386084,561038.0,0.24554619531999344,-9900.0,-0.0043260150839448865,-0.01815554349261308,535388.0,0.23432011097284078,5650.0,0.0024688873963927887,0.00935541985137301,609578.0,0.2667904110786987,1402.0,0.000612633651281892,0.002499803867028978,562246.0,0.24607489356137202,-3.0357660829594124e-18
2021-12-21,0.014401775108281,0.014401775108280909,2317763.2313199993,2317763.2313199993,0.0,16607.23131999938,0.0071651975040355285,8022.0,0.003510941467167977,0.014298496715017522,569060.0,0.2455211957417722,9210.0,0.004030886426404521,0.017202477455602293,544598.0,0.2349670547193225,5380.0,0.0023546328962058983,0.008825777833189517,614958.0,0.2653239087108016,10294.0,0.004505314318502512,0.018308711844993115,572540.0,0.2470226433240682,-9.194034422677078e-17
2021-12-22,-0.0030840078500723456,-0.0030840078500723785,2310615.2313199993,2310615.2313199993,0.0,16607.23131999938,0.007187363389148987,-3478.0,-0.001500584681386644,-0.006111833550065019,565582.0,0.24477550062582099,3514.0,0.0015161168977552235,0.006452465855548497,548112.0,0.2372147437489524,-1986.0,-0.0008568606029999642,-0.003229488843140507,612972.0,0.26528518971539183,-5198.0,-0.002242679463440994,-0.009078841652984945,567342.0,0.24553720252068584,-3.2959746043559335e-17
2021-12-23,0.0029541915536064334,0.0029541915536064694,2317441.2313199993,2317441.2313199993,0.0,16607.23131999938,0.007166193082074409,-1095.0,-0.0004738997584528397,-0.0019360587854634695,564487.0,0.24358201294212406,19578.0,0.008473068010036252,0.03571897714335756,567690.0,0.24496414076340892,-6201.0,-0.0026837008238959443,-0.010116285898866506,606771.0,0.261827998828858,-5456.0,-0.0023612758740809985,-0.00961677436184876,561886.0,0.24245965438353465,3.599551212651875e-17
2021-12-24,-0.0017614254656523887,-0.0017614254656524427,2313359.2313199993,2313359.2313199993,0.0,16607.23131999938,0.0071788380702651694,-874.0,-0.0003771400923518459,-0.0015483084641453213,563613.0,0.24363401600987117,8470.0,0.003654893114668346,0.014920114851415384,576160.0,0.2490577305070099,-8343.0,-0.0036000912934684784,-0.013749833133093045,598428.0,0.25868355934436427,-3335.0,-0.0014390871945004645,-0.0059353676724460125,558551.0,0.24144585606848948,-5.399326818977812e-17
2021-12-27,0.006359582982538026,0.006359582982538062,2328071.2313199993,2328071.2313199993,0.0,16607.23131999938,0.00713347216209669,-2201.0,-0.0009514302708378381,-0.003905161875258378,561412.0,0.2411489787972181,3799.0,0.001642200635580621,0.006593654540405443,579959.0,0.24911565943416925,10846.0,0.004688420135169101,0.018124151944761944,609274.0,0.261707628101459,2268.0,0.0009803924826261776,0.004060506560725878,560819.0,0.24089426150505702,3.642919299551295e-17
2021-12-28,-0.0009699015947719491,-0.0009699015947719652,2325813.2313199993,2325813.2313199993,0.0,16607.23131999938,0.007140397645160037,1838.0,0.0007894947436629194,0.0032738879824442653,563250.0,0.24217335786688743,-13267.0,-0.005698708794437406,-0.022875755010267968,566692.0,0.24365327033520134,12002.0,0.005155340540501828,0.01969885470248197,621276.0,0.2671220507449771,-2831.0,-0.0012160280844993063,-0.00504797448017988,557988.0,0.23991092340777412,-1.6046192152785466e-17
2021-12-29,0.00043038709493958827,0.00043038709493964367,2326814.2313199993,2326814.2313199993,0.0,16607.23131999938,0.007137325832229467,-678.0,-0.00029151093942964874,-0.001203728362183755,562572.0,0.24177778888727763,-2312.0,-0.0009940609025978584,-0.0040798176081539884,564380.0,0.24255481696956435,760.0,0.0003267674247293998,0.0012232888442495766,622036.0,0.26733376116885776,3231.0,0.001389191512237751,0.005790447106389385,561219.0,0.24119630714207083,5.5402731014009277e-17
2021-12-30,0.010741725602142704,0.01074172560214269,2351808.2313199993,2351808.2313199993,0.0,16607.23131999938,0.0070614734223794435,622.0,0.00026731828937075913,0.0011056362563369667,563194.0,0.239472756536742,17159.0,0.007374460654843819,0.030403274389595662,581539.0,0.24727313743331855,5609.0,0.002410592098200302,0.00901716299378171,627645.0,0.26687762702817047,1604.0,0.0006893545597278097,0.002858064320701901,562823.0,0.2393150055793896,-1.3877787807814457e-17
2021-12-31,-0.0034037639180755086,-0.0034037639180755116,2343803.2313199993,2343803.2313199993,0.0,16607.23131999938,0.007085591101709679,303.0,0.0001288370352500787,0.0005380028906557953,563497.0,0.24041992624212138,-414.0,-0.000176034761034761,-0.0007119041027342964,581125.0,0.24794103542246504,-8585.0,-0.0036503826654188964,-0.013678114220618343,619060.0,0.2641262678229834,691.0,0.0002938164731280673,0.0012277394491696323,563514.0,0.24042717941072053,-3.0357660829594124e-18
2022-01-04,0.01390119800357592,0.013901198003575765,2376384.9041199996,2376384.9041199996,0.0,20312.904119999454,0.008547817352644536,3535.168,0.0015083040900191267,0.006273623462059248,585361.0,0.24632415354311693,9877.427,0.004214273138635943,0.016997078081307807,587760.0,0.24733367013945654,9524.4677,0.004063680590898385,0.015385370884889994,591820.0,0.24904214758053145,9644.6101,0.004114940184022309,0.017115120653612866,591131.0,0.2487522113842505,-1.5612511283791264e-16
2022-01-05,-0.003673647305562522,-0.0036736473055625687,2367654.9041199996,2367654.9041199996,0.0,20312.904119999454,0.008579334802826457,3434.0,0.001445052101638243,0.005866465309441524,588795.0,0.24868277846379852,-13569.0,-0.0057099335955530925,-0.023085953450387914,574191.0,0.24251464983382492,-2417.0,-0.0010170911268665211,-0.0040840120306850055,589403.0,0.24893957264395628,3822.0,0.0016083253152188017,0.006465571929064793,594953.0,0.25128366425559373,-4.683753385137379e-17
2022-01-06,0.0031668466493797176,0.003166846649379769,2375152.9041199996,2375152.9041199996,0.0,20312.904119999454,0.008552251134975009,-1143.0,-0.0004827561643426349,-0.001941252897867679,587652.0,0.24741649221009904,3680.0,0.0015542805641127703,0.006409017208559521,577871.0,0.24329844154353622,3461.0,0.0014617839761941027,0.005872043406633492,592864.0,0.24961087724988285,1500.0,0.0006335382734155313,0.0025212075575717745,596453.0,0.2511219378615068,5.160802341031001e-17
2022-01-07,-0.0037652312760526607,-0.0037652312760526906,2366209.9041199996,2366209.9041199996,0.0,20312.904119999454,0.008584574041648212,5756.0,0.0024234229257474324,0.009794912635369232,593408.0,0.2507841755571935,-11467.0,-0.004827899702839786,-0.01984352909213302,566404.0,0.23937183214971255,-3176.0,-0.0013371770695229056,-0.005357046472715496,589688.0,0.24921204115207468,-56.0,-2.3577429437431587e-05,-9.388837008112961e-05,596397.0,0.252047377099371,-2.992397996059992e-17
2022-01-10,0.0009432806430713647,0.0009432806430713032,2368441.9041199996,2368441.9041199996,0.0,20312.904119999454,0.00857648401029569,1391.0,0.0005878599348172862,0.0023440870362381365,594799.0,0.25113514457134173,427.0,0.00018045736316821078,0.0007538788567877345,566831.0,0.2393265374227566,601.0,0.00025399268211731774,0.0010191830255999782,590289.0,0.24923093911367158,-187.0,-7.902933703151151e-05,-0.00031354953160394835,596210.0,0.25173089488193434,-6.14742631799281e-17
2022-01-11,0.003986587124461538,0.003986587124461555,2377883.9041199996,2377883.9041199996,0.0,20312.904119999454,0.008542428873337614,2262.0,0.0009550582583702646,0.0038029653714952445,597061.0,0.2510892138028743,3253.0,0.001373476796851667,0.005738923947349386,570084.0,0.2397442528679612,3326.0,0.0014042987477186119,0.005634528171793816,593615.0,0.24964002614740072,601.0,0.0002537533215210119,0.0010080340819509904,596811.0,0.2509840783084261,1.734723475976807e-17
2022-01-12,-0.0024849825467769815,-0.002484982546776936,2371974.9041199996,2371974.9041199996,0.0,20312.904119999454,0.008563709542085362,-2491.0,-0.0010475700666815616,-0.00417210301794959,594570.0,0.25066454074504,1873.0,0.0007876751244056864,0.0032854807361722134,571957.0,0.24113113465346528,-2582.0,-0.0010858393866606953,-0.004349620545302932,591033.0,0.2491733782568297,-2709.0,-0.0011392482178403654,-0.004539125451776191,594102.0,0.2504672368025796,4.5536491244391186e-17
2022-01-13,-0.0007584397275347543,-0.0007584397275347342,2370175.9041199996,2370175.9041199996,0.0,20312.904119999454,0.008570209529465807,1769.0,0.000745792038915478,0.0029752594311855626,596339.0,0.25160115709699155,-3152.0,-0.001328850484263192,-0.005510903791718608,568805.0,0.23998429779463407,-1008.0,-0.0004249623376070106,-0.0017054885260213897,590025.0,0.2489372197963783,592.0,0.0002495810554199904,0.0009964618870160343,594694.0,0.2509071157825302,2.0057740190981832e-17
2022-01-14,-0.018337035628643195,-0.01833703562864318,2326713.9041199996,2326713.9041199996,0.0,20312.904119999454,0.008730297302143865,-8385.0,-0.0035377121104913046,-0.014060794279763691,587954.0,0.25269716184653723,-9604.0,-0.004052019929535897,-0.01688452105730435,559201.0,0.2403393898191788,-12561.0,-0.005299606657111661,-0.021288928435235794,577464.0,0.24818865739249799,-12912.0,-0.00544769693150432,-0.021712006510911493,581782.0,0.25004449363964204,1.3877787807814457e-17
2022-01-17,0.0016916561993420842,0.0016916561993420751,2330649.9041199996,2330649.9041199996,0.0,20312.904119999454,0.008715553581896353,47.0,2.0200162949460755e-05,7.993822645989312e-05,588001.0,0.25229057309747077,3350.0,0.0014397988485253942,0.005990690288465149,562551.0,0.24137087213551556,-851.0,-0.00036575188659555537,-0.0014736849396672347,576613.0,0.24740438234875775,1390.0,0.0005974090744627755,0.0023892110790639793,583172.0,0.2502186188363595,-9.107298248878237e-18
2022-01-18,0.0008649947795402735,0.0008649947795403428,2332665.9041199996,2332665.9041199996,0.0,20312.904119999454,0.008708021189027717,6046.0,0.0025941262088794207,0.010282295438273064,594047.0,0.2546644159160481,-4442.0,-0.0019059061561102195,-0.007896172969206347,558109.0,0.23925800905061334,-853.0,-0.00036599233479559147,-0.0014793284230497751,575760.0,0.24682488777457653,1265.0,0.0005427670615667329,0.002169171359393112,584437.0,0.25054466606973425,6.928051882182373e-17
2022-01-19,0.0059404134880720605,0.005940413488071952,2346522.9041199996,2346522.9041199996,0.0,20312.904119999454,0.008656597420947511,2979.0,0.0012770795829520347,0.005014754724794503,597026.0,0.2544300756458623,398.0,0.00017062023296908688,0.0007131223470684042,558507.0,0.2380147234102763,9168.0,0.003930267075026604,0.015923301375573157,584928.0,0.24927436206695008,1312.0,0.0005624465971242261,0.002244895514828801,585749.0,0.24962424145596374,-1.0842021724855044e-16
2022-01-20,-0.004551415194476993,-0.004551415194476973,2335842.9041199996,2335842.9041199996,0.0,20312.904119999454,0.008696177334602085,3501.0,0.0014919948123468055,0.0058640662215715894,600527.0,0.25709220382106185,-5919.0,-0.002522455668175019,-0.010597897609161569,552588.0,0.23656899144430296,-6220.0,-0.002650730572064305,-0.010633787406313256,578708.0,0.24775125029995165,-2042.0,-0.000870223766584455,-0.00348613484615424,583707.0,0.24989137710008136,1.9949319973733282e-17
2022-01-21,-0.006627158004802514,-0.006627158004802511,2320362.9041199996,2320362.9041199996,0.0,20312.904119999454,0.008754192753181919,-3093.0,-0.001324147268013835,-0.005150476165101652,597434.0,0.257474379951173,-3264.0,-0.0013973542459738628,-0.005906751503832874,549324.0,0.23674055425753834,-5285.0,-0.0022625665410453016,-0.00913241220097182,573423.0,0.24712642965539539,-3838.0,-0.0016430899497695114,-0.006575216675489586,579869.0,0.24990444338271128,2.6020852139652106e-18
2022-01-24,-0.005436649576495589,-0.005436649576495559,2307747.9041199996,2307747.9041199996,0.0,20312.904119999454,0.008802046394987523,-2626.0,-0.001131719523414771,-0.004395464603621488,594808.0,0.2577439238220497,-2458.0,-0.0010593170558086471,-0.00447459058770416,546866.0,0.23696955764695335,-4466.0,-0.0019246989305294622,-0.007788316827193886,568957.0,0.24654209369413646,-3065.0,-0.0013209140667426783,-0.005285676592471748,576804.0,0.24994237844187292,3.0357660829594124e-17
2022-01-25,-0.024917799685718944,-0.024917799685718996,2250243.9041199996,2250243.9041199996,0.0,20312.904119999454,0.009026978845630158,-9023.0,-0.003909872470858419,-0.015169600946860163,585785.0,0.26032066965162265,-21994.0,-0.009530503726483439,-0.04021826187768119,524872.0,0.23325115959163595,-11996.0,-0.0051981414341591035,-0.021084194411879986,556961.0,0.2475113915341591,-14491.0,-0.006279282054218037,-0.02512291870375379,562313.0,0.24988980037695208,-5.204170427930421e-17
2022-01-26,0.007923585513265774,0.007923585513265842,2268073.9041199996,2268073.9041199996,0.0,20312.904119999454,0.008956015094173375,2192.0,0.000974116626196227,0.0037419872478810486,587977.0,0.25924067065536466,4960.0,0.002204205504531608,0.009449923028852749,529832.0,0.23360438080855744,4907.0,0.0021806525021646375,0.008810311673528307,561868.0,0.24772914100345497,5771.0,0.0025646108803733694,0.010262967422058534,568084.0,0.25046979243844947,6.765421556309548e-17
2022-01-27,-0.008541167889110857,-0.008541167889110841,2248701.9041199996,2248701.9041199996,0.0,20312.904119999454,0.009033168906373406,-3115.0,-0.0013734120366807902,-0.0052978262755175795,584862.0,0.26008872004263195,-10764.0,-0.0047458770988224805,-0.02031587371091214,519068.0,0.2308300620233301,-1896.0,-0.000835951596002176,-0.003374458057764457,559972.0,0.24902011199173943,-3597.0,-0.001585927157605394,-0.0063318100844241346,564487.0,0.251027937035925,1.5612511283791264e-17
2022-01-28,0.007780933510103116,0.007780933510103121,2266198.9041199996,2266198.9041199996,0.0,20312.904119999454,0.008963425091712005,-1828.0,-0.0008129134398164545,-0.0031255236277959587,583034.0,0.25727397491015963,6584.0,0.0029279114265599216,0.012684272580856458,525652.0,0.23195316132416843,8660.0,0.0038511107159794836,0.015465058967234076,568632.0,0.25091883989804004,4081.0,0.0018148248073801701,0.007229573045969172,568568.0,0.2508905987759198,4.336808689942018e-18
2022-02-07,0.02757966208807705,0.027579662088077002,2328699.9041199996,2328699.9041199996,0.0,20312.904119999454,0.008722851786982646,9148.0,0.004036715393061365,0.015690337098694072,592182.0,0.2542972578614769,14500.0,0.0063983792303661784,0.02758478993706863,540152.0,0.23195431882156575,20575.0,0.009079079494123043,0.03618333122300539,589207.0,0.2530197209857564,18278.0,0.008065487970526414,0.032147430034753975,586846.0,0.25200585054421826,-4.85722573273506e-17
2022-02-08,0.029163912395858693,0.029163912395858603,2396613.9041199996,2396613.9041199996,0.0,20312.904119999454,0.008475668143742178,10867.0,0.004666552345698905,0.018350777294818148,603049.0,0.2516254282608072,13681.0,0.005874951931674493,0.025328055806513722,553833.0,0.23108978840851677,19163.0,0.00822905517627939,0.03252337463743642,608370.0,0.2538456440372628,24203.0,0.010393352942205817,0.04124250655197445,611049.0,0.25496347114967105,-9.020562075079397e-17
2022-02-09,-0.0027747481513680228,-0.0027747481513680774,2389963.9041199996,2389963.9041199996,0.0,20312.904119999454,0.008499251425924274,-141.0,-5.8833005916225406e-05,-0.00023381184613522284,602908.0,0.25226657145769515,2510.0,0.0010473109563810337,0.004532052080681361,556343.0,0.23278301360155862,-4394.0,-0.0018334200567084711,-0.007222578365139635,603976.0,0.2527134401313847,-4625.0,-0.001929806045124415,-0.007568951098848047,606424.0,0.25373772338343714,-5.4643789493269423e-17
2022-02-10,0.009382150065674777,0.00938215006567486,2412386.9041199996,2412386.9041199996,0.0,20312.904119999454,0.008420251364036183,4506.0,0.0018853841232632084,0.007473777093685936,607414.0,0.25178962751067285,6601.0,0.0027619663998358717,0.011864982573700037,562944.0,0.23335560271802794,7053.0,0.002951090595067778,0.01167761632912566,611029.0,0.25328814335563377,4263.0,0.0017837089475080021,0.007029734970911442,610687.0,0.2531463750516292,8.326672684688674e-17
2022-02-11,-0.007142718264044667,-0.007142718264044629,2395155.9041199996,2395155.9041199996,0.0,20312.904119999454,0.0084808275256982,843.0,0.0003494464335551983,0.0013878507903999579,608257.0,0.2539529885940676,-5236.0,-0.0021704644437663327,-0.009301102773988176,557708.0,0.23284830813754756,-8119.0,-0.003365546374892829,-0.013287421709935208,602910.0,0.251720566065412,-4719.0,-0.0019561538789406654,-0.0077273627897761045,605968.0,0.2529973096772745,3.8163916471489756e-17
2022-02-14,-0.008734713245185044,-0.008734713245184994,2374234.9041199996,2374234.9041199996,0.0,20312.904119999454,0.008555557870348278,-7633.0,-0.0031868489173795256,-0.012548971898391634,600624.0,0.2529758108423643,2403.0,0.0010032749834223765,0.004308706348124825,560111.0,0.23591220861425372,-9134.0,-0.0038135304613316637,-0.015149856529166873,593776.0,0.25009151325743845,-6557.0,-0.002737608849896181,-0.010820703403480052,599411.0,0.2524649094155952,5.0306980803327406e-17
2022-02-15,-0.0038964131072063424,-0.0038964131072063593,2364983.9041199996,2364983.9041199996,0.0,20312.904119999454,0.00858902425704153,-3738.0,-0.0015744019235474404,-0.006223527531367378,596886.0,0.25238480437865757,2919.0,0.0012294486931072708,0.005211467012788537,563030.0,0.2380692735452257,-3756.0,-0.0015819833132274441,-0.006325617741370483,590020.0,0.24948161337256286,-4676.0,-0.0019694765635387456,-0.007800991306465848,594735.0,0.2514752844465123,-1.691355389077387e-17
2022-02-16,0.01266816232778889,0.01266816232778886,2394943.9041199996,2394943.9041199996,0.0,20312.904119999454,0.00848157824701253,2838.0,0.0012000081670982905,0.00475467677244901,599724.0,0.25041254576706384,2821.0,0.0011928199574997454,0.005010390210113138,565851.0,0.23626899946448507,18319.0,0.007745930096220432,0.031048100064404595,608339.0,0.2540097072643247,5982.0,0.0025294041069703925,0.010058261242402078,600717.0,0.2508271692571138,-2.949029909160572e-17
2022-02-17,-0.003945395123345019,-0.003945395123345049,2385494.9041199996,2385494.9041199996,0.0,20312.904119999454,0.008515173972879564,-1428.0,-0.0005962561367485164,-0.0023810953038397665,598296.0,0.25080581768029775,1710.0,0.0007140041973669207,0.0030219969567960472,567561.0,0.23792169877192473,-3304.0,-0.001379573022280881,-0.005431182284877346,605035.0,0.2536308079950375,-6427.0,-0.002683570161682573,-0.01069888150327026,594290.0,0.24912650157986038,-3.0357660829594124e-17
2022-02-18,0.013051798998281905,0.013051798998281905,2416629.9041199996,2416629.9041199996,0.0,20312.904119999454,0.008405467500575463,4571.0,0.0019161642274336467,0.007640031021434206,602867.0,0.2494660017953929,-665.0,-0.00027876814947350143,-0.001171680224680695,566896.0,0.23458122364269574,15421.0,0.006464486666211828,0.02548778169857942,620456.0,0.2567443194103547,11808.0,0.004949916254109932,0.019869087482542194,606098.0,0.25080298765098114,0.0
2022-02-21,0.0003521432878692554,0.00035214328786926366,2417480.9041199996,2417480.9041199996,0.0,20312.904119999454,0.008402508613565932,-561.0,-0.00023214146239090117,-0.0009305535051678065,602306.0,0.24914612519731513,6899.0,0.0028548020481904226,0.012169780700516497,573795.0,0.23735244362100566,-4427.0,-0.001831889935836933,-0.00713507484817618,616029.0,0.2548226953727455,-1060.0,-0.00043862736209332486,-0.0017488920933578398,605038.0,0.25027622719536774,8.239936510889834e-18
2022-02-22,-0.009563674302699887,-0.009563674302699833,2394360.9041199996,2394360.9041199996,0.0,20312.904119999454,0.008483643416097735,-3838.0,-0.0015876030265467977,-0.006372176269205354,598468.0,0.2499489525452117,-6889.0,-0.0028496605653676103,-0.012006030028145941,566906.0,0.23676714693449907,-4946.0,-0.002045931362506634,-0.00802884279798516,611083.0,0.2552175818392723,-7447.0,-0.0030804793482787913,-0.012308317824665559,597591.0,0.24958267526491912,5.377642775528102e-17
2022-02-23,-0.0033654074396781697,-0.0033654074396781714,2386302.9041199996,2386302.9041199996,0.0,20312.904119999454,0.008512290742691893,-2699.0,-0.001127231903659889,-0.004509848479785051,595769.0,0.24966193477424553,-1507.0,-0.0006293955090090599,-0.0026582890285161915,565399.0,0.23693513469049857,-1879.0,-0.0007847605583463992,-0.0030748687166882406,609204.0,0.2552919828191958,-1973.0,-0.0008240194686628236,-0.0033015892140276543,595618.0,0.24959865697336814,-1.734723475976807e-18
2022-02-24,-0.017641515637984218,-0.017641515637984165,2344204.9041199996,2344204.9041199996,0.0,20312.904119999454,0.008665157249820189,-8881.0,-0.0037216566198141803,-0.014906784340910655,586888.0,0.25035695427841204,-740.0,-0.0003101031301275187,-0.0013088102384333894,564659.0,0.2408744214328694,-19207.0,-0.008048852459944935,-0.031528026736528325,589997.0,0.2516832035301459,-13270.0,-0.005560903428097531,-0.02227938040824824,582348.0,0.24842026350875243,5.204170427930421e-17
2022-02-25,0.01324457599479989,0.013244575994799923,2375252.9041199996,2375252.9041199996,0.0,20312.904119999454,0.008551891078531328,-1573.0,-0.0006710164274613591,-0.002680238818991017,585315.0,0.24642218055380155,3718.0,0.0015860388285450307,0.006584504984424228,568377.0,0.23929115043460028,3536.0,0.0015084005642106585,0.005993250813139728,593533.0,0.24988202265556067,25367.0,0.010821153029505592,0.043559864548345664,607715.0,0.2558527552775061,3.2959746043559335e-17
2022-02-28,0.0031301929942295637,0.0031301929942296274,2382687.9041199996,2382687.9041199996,0.0,20312.904119999454,0.00852520553987604,-1085.0,-0.0004567934631794413,-0.001853702707089345,584230.0,0.24519787043438834,257.0,0.0001081990046425036,0.00045216467239174,568634.0,0.23865232161406977,353.0,0.00014861575345838043,0.0005947436789529815,593886.0,0.2492504364390688,7910.0,0.003330171699308185,0.01301596965682927,615625.0,0.258374165972597,6.375108774214766e-17
2022-03-01,0.007559949403718846,0.007559949403718805,2400700.9041199996,2400700.9041199996,0.0,20312.904119999454,0.00846123900113469,4710.0,0.001976759101288823,0.008061893432381083,588940.0,0.24532002257727384,6900.0,0.00289588912927662,0.012134343004463328,575534.0,0.23973582007333297,6102.0,0.002560973256064628,0.010274699184692012,599988.0,0.24992201193006652,301.0,0.0001263279170887337,0.0004889340101522843,615926.0,0.25656090641819196,-4.163336342344337e-17
2022-03-02,0.011002620090936555,0.011002620090936447,2427114.9041199996,2427114.9041199996,0.0,20312.904119999454,0.008369156353297708,1700.0,0.0007081265296657817,0.002886541922776514,590640.0,0.24335065430870018,4596.0,0.0019144409002023134,0.00798562726094375,580130.0,0.23902041020605824,3349.0,0.0013950092634415902,0.005581778302232711,603337.0,0.24858196823555506,16769.0,0.006985043397626761,0.02722567321398999,632695.0,0.26067781089638875,-1.0755285551056204e-16
2022-03-03,0.028057180104825052,0.028057180104825045,2495212.9041199996,2495212.9041199996,0.0,20312.904119999454,0.008140749868061185,4734.0,0.0019504638993251163,0.008015034538805364,595374.0,0.2386064928635714,13203.0,0.005439791901729934,0.022758692017306466,593333.0,0.23778852659038088,8003.0,0.0032973304998519023,0.01326456027062819,611340.0,0.24500514524855932,42158.0,0.01736959380391809,0.06663242162495357,674853.0,0.27045908542942715,-6.938893903907228e-18
2022-03-04,-0.01875511300968702,-0.018755113009687047,2448414.9041199996,2448414.9041199996,0.0,20312.904119999454,0.008296348827896162,-3744.0,-0.001500473163559731,-0.006288484213284423,591630.0,0.24163796708002866,-8781.0,-0.0035191385815219016,-0.014799446516542986,584552.0,0.23874711717215982,-5625.0,-0.002254316651982769,-0.00920109922465404,605715.0,0.2473906685426357,-28648.0,-0.011481184612622644,-0.042450726306321525,646205.0,0.2639278983772796,-2.7755575615628914e-17
2022-03-07,-0.013347410990273256,-0.013347410990273206,2415734.9041199996,2415734.9041199996,0.0,20312.904119999454,0.008408581622659051,-5411.0,-0.002210001250562066,-0.009145918902016463,586219.0,0.24266694122778634,-1449.0,-0.0005918114603704368,-0.0024788213880031205,583103.0,0.24137706459658573,-5931.0,-0.0024223835551808563,-0.009791733736163048,599784.0,0.24828220968164902,-19889.0,-0.008123214724159847,-0.030778158633870057,626316.0,0.2592652028713198,5.0306980803327406e-17
2022-03-08,-0.02936870261674862,-0.029368702616748617,2344787.9041199996,2344787.9041199996,0.0,20312.904119999454,0.008663002774923857,-8451.0,-0.0034983143165199736,-0.014416114114349756,577768.0,0.2464052287990784,-23512.0,-0.009732856018224779,-0.040322207225824594,559591.0,0.2386531417262726,-15662.0,-0.0064833272778766805,-0.026112733917543648,584122.0,0.24911506877600573,-23322.0,-0.009654205004127182,-0.0372367942061196,602994.0,0.25716355792371937,3.469446951953614e-18
2022-03-09,-0.005114748322834317,-0.005114748322834334,2332794.9041199996,2332794.9041199996,0.0,20312.904119999454,0.008707539648738256,-10354.0,-0.004415751199418552,-0.01792068788856427,567414.0,0.24323355602238236,13571.0,0.0057877303001071245,0.024251640930608248,573162.0,0.24569755317440303,-8957.0,-0.0038199617049634892,-0.015334125405309165,575165.0,0.24655617987856054,-6253.0,-0.002666765718559417,-0.010369920762063967,596741.0,0.2558051712759158,-1.6479873021779667e-17
2022-03-10,0.011633684535262478,0.011633684535262498,2359933.9041199996,2359933.9041199996,0.0,20312.904119999454,0.008607403827936433,2248.0,0.0009636509390644495,0.003961833863810198,569662.0,0.24138896390508122,8869.0,0.003801877303631051,0.015473810196768105,582031.0,0.24663021239022145,15593.0,0.006684256713893221,0.027110481340137178,590758.0,0.2503281973146146,429.0,0.00018389957867377617,0.000718904851518498,597170.0,0.25304522256214623,1.9081958235744878e-17
2022-03-11,0.00506327739905732,0.005063277399057363,2371882.9041199996,2371882.9041199996,0.0,20312.904119999454,0.008564041709106131,4949.0,0.0020970926310096985,0.008687607739326126,574611.0,0.24225942984027216,-2771.0,-0.0011741854274657255,-0.004760914796634544,579260.0,0.24421947600946736,460.0,0.00019492071332884652,0.0007786606359964656,591218.0,0.24926104023644868,9311.0,0.003945449482184543,0.01559187501046603,606481.0,0.2556960122047056,4.336808689942018e-17
2022-03-14,-0.022695049534905976,-0.02269504953490596,2318052.9041199996,2318052.9041199996,0.0,20312.904119999454,0.008762916533913544,-5702.0,-0.002403997258926877,-0.009923235023346228,568909.0,0.24542537359214173,-21446.0,-0.009041761700271099,-0.03702309843593551,557814.0,0.24063902899220604,-12991.0,-0.005477083197249923,-0.021973282274896908,578227.0,0.24944512654231754,-13691.0,-0.005772207378458063,-0.022574491204176223,592790.0,0.25572755433942107,1.3877787807814457e-17
2022-03-15,-0.04996477854070769,-0.04996477854070765,2202231.9041199996,2202231.9041199996,0.0,20312.904119999454,0.009223780693576131,-15131.0,-0.006527461031241722,-0.026596520708935874,553778.0,0.2514621638910852,-36537.0,-0.015761935344556128,-0.06550032806634469,521277.0,0.23670395430416744,-33990.0,-0.014663168359784953,-0.05878314226073843,544237.0,0.2471297409604436,-30163.0,-0.013012213805124845,-0.05088311206329391,562627.0,0.25548036015072756,4.163336342344337e-17
2022-03-16,0.02501235219458464,0.02501235219458456,2257314.9041199996,2257314.9041199996,0.0,20312.904119999454,0.008998701990105502,6469.0,0.0029374744721015105,0.011681576371759081,560247.0,0.24819177819516894,19662.0,0.008928215036398192,0.03771890952411098,540939.0,0.2396382529582782,14538.0,0.006601484599692651,0.026712627035648074,558775.0,0.24753967600184476,14414.0,0.006545178086392205,0.025619104664369112,577041.0,0.2556315908546025,-8.326672684688674e-17
2022-03-17,-0.0008536691077009051,-0.0008536691077008722,2255387.9041199996,2255387.9041199996,0.0,20312.904119999454,0.00900639046741943,-1093.0,-0.0004842035987114963,-0.0019509252169132543,559154.0,0.2479192155719967,-3140.0,-0.0013910332113029262,-0.005804721049878082,537799.0,0.23845077780969867,4431.0,0.001962951643083843,0.007929846539304728,563206.0,0.2497158023110663,-2125.0,-0.0009413839407702925,-0.003682580613855861,574916.0,0.2549078138398188,3.2851325826310784e-17
2022-03-18,0.022554878434469794,0.022554878434469704,2306257.9041199996,2306257.9041199996,0.0,20312.904119999454,0.008807733117667194,5483.0,0.0024310673964261327,0.009805885319607835,564637.0,0.2448282124004032,18287.0,0.008108139609419057,0.034003410196002594,556086.0,0.2411204744302811,14925.0,0.006617486939934349,0.026500072797519914,578131.0,0.2506792492579436,12175.0,0.005398184488690163,0.021177006727939388,587091.0,0.25456433079370483,-9.020562075079397e-17
2022-03-21,-0.00045484938962203625,-0.0004548493896220456,2305208.9041199996,2305208.9041199996,0.0,20312.904119999454,0.00881174113274293,-2397.0,-0.0010393460313861233,-0.004245205326608069,562240.0,0.24389980404601636,4634.0,0.0020093156067765103,0.008333243419183364,560720.0,0.24324042779717253,-2067.0,-0.0008962570908949173,-0.0035753142453872912,576064.0,0.24989665750918533,-1219.0,-0.0005285618741175153,-0.0020763391024560076,585872.0,0.25415136951488276,-9.378348791999613e-18
2022-03-22,0.009337982324086669,0.009337982324086775,2326734.9041199996,2326734.9041199996,0.0,20312.904119999454,0.008730218506642486,7125.0,0.0030908261664553687,0.012672524188958452,569365.0,0.24470557388889175,158.0,6.85404258666594e-05,0.00028178056784134684,560878.0,0.24105797313086302,8389.0,0.003639149573388644,0.014562618042439728,584453.0,0.25119019745872057,5854.0,0.0025394661583761024,0.009991943632738892,591726.0,0.2543160370148821,1.0581813203458523e-16
2022-03-23,-0.006476887407033449,-0.006476887407033447,2311664.9041199996,2311664.9041199996,0.0,20312.904119999454,0.008787131769745897,-1288.0,-0.000553565426692706,-0.002262169258735609,568077.0,0.2457436624951723,-2428.0,-0.0010435224037343867,-0.004328927146366946,558450.0,0.24157913156214555,-6272.0,-0.0026956229473731773,-0.010731401840695489,578181.0,0.2501145382142231,-5082.0,-0.002184176629233177,-0.008588434511919369,586644.0,0.2537755359587131,2.6020852139652106e-18
2022-03-24,-0.00731464148193095,-0.007314641481930915,2294755.9041199996,2294755.9041199996,0.0,20312.904119999454,0.00885188009911194,-2341.0,-0.0010126900295227555,-0.004120920227363544,565736.0,0.2465342823540747,-9092.0,-0.003933096005305806,-0.016280777151043067,549358.0,0.2393971398063227,-2570.0,-0.0011117528303603082,-0.004444974843517861,575611.0,0.25083757229540155,-2906.0,-0.001257102616742045,-0.0049536004800185465,583738.0,0.254379125445089,3.5561831257524545e-17
2022-03-25,0.007309709921601737,0.007309709921601682,2311529.9041199996,2311529.9041199996,0.0,20312.904119999454,0.00878764496353448,2072.0,0.0009029282793346063,0.0036624856823677474,567808.0,0.24564164148945533,4657.0,0.002029409747519914,0.008477167894160092,554015.0,0.23967459776857775,6239.0,0.00271880769052539,0.010838917254882204,581850.0,0.25171640607501056,3806.0,0.001658564204221772,0.006520048377868153,587544.0,0.25417970970342185,-5.4643789493269423e-17
2022-03-28,0.008972412583992062,0.008972412583991955,2332269.9041199996,2332269.9041199996,0.0,20312.904119999454,0.008709499738480661,6329.0,0.0027380134640349603,0.011146373422001803,574137.0,0.2461709080007318,3116.0,0.001348024957170633,0.00562439645135962,557131.0,0.23887929909647995,9010.0,0.0038978513684555212,0.01548509065910458,590860.0,0.2533411758888774,2285.0,0.0009885227943308397,0.003889070435575889,589829.0,0.25289911727543013,-1.0755285551056204e-16
2022-03-29,0.00011833964821672538,0.00011833964821671826,2332545.9041199996,2332545.9041199996,0.0,20312.904119999454,0.00870846918130124,1199.0,0.0005140914427965406,0.002088351734864675,575336.0,0.246655810281709,1055.0,0.00045234901763999195,0.0018936300439214475,558186.0,0.23930332904234397,-4477.0,-0.0019195891487907525,-0.007577091019869343,586383.0,0.2513918371185175,2499.0,0.0010714883365709382,0.0042368211803760075,592328.0,0.2539405543761283,-7.115076756936123e-18
2022-03-30,0.004813624452220999,0.004813624452221013,2343773.9041199996,2343773.9041199996,0.0,20312.904119999454,0.008666750698218989,5601.0,0.0024012389167162355,0.009735180833460795,580937.0,0.24786392534655358,3163.0,0.0013560290472368244,0.005666569924720434,561349.0,0.23950646391839822,598.0,0.00025637223213645935,0.0010198112837514048,586981.0,0.25044267237901074,1866.0,0.0007999842561314935,0.003150281600734728,594194.0,0.2535201876578184,1.3877787807814457e-17
2022-03-31,0.018502637956574697,0.01850263795657471,2387139.9041199996,2387139.9041199996,0.0,20312.904119999454,0.00850930608840358,13364.0,0.00570191517898041,0.023004215603413106,594301.0,0.24895943424777375,13109.0,0.005593116288630214,0.023352673648657073,574458.0,0.24064697632867454,10049.0,0.004287529604427876,0.017119804559261712,597030.0,0.25010264332206805,6844.0,0.002920076884536211,0.011518123710438005,601038.0,0.25178164001307995,1.3877787807814457e-17
2022-04-01,0.01266646996592602,0.012666469965926231,2417376.5400199993,2417376.5400199993,0.0,272560.54001999943,0.11275055230648698,9233.9136,0.0038681912124476046,0.015537435743840242,602557.0,0.24926071301867395,-516.0279,-0.00021616994425395006,-0.0008982865588084769,592796.0,0.24522286461632317,3905.8592,0.0016362087505884429,0.006542148970738489,341900.0,0.14143431705396273,17612.891,0.007378239947144134,0.029304122201924004,607563.0,0.25133155300455323,2.1163626406917047e-16
2022-04-06,0.012425867258458512,0.012425867258458416,2447414.5400199993,2447414.5400199993,0.0,272560.54001999943,0.11136672417488055,4978.0,0.002059257181323856,0.008261459081879391,607535.0,0.24823542970167836,12153.0,0.005027350848659869,0.020501150480097707,604949.0,0.247178804451761,5428.0,0.0022454093973937107,0.015875987130739982,347328.0,0.14191629342741494,7479.0,0.0030938498310809806,0.012309834535677782,615042.0,0.2513027482442652,-9.540979117872439e-17
2022-04-07,-0.0056876347559357,-0.005687634755935646,2433494.5400199993,2433494.5400199993,0.0,272560.54001999943,0.1120037606567876,-9506.0,-0.00388409884985088,-0.015646835161760228,598029.0,0.24574906175671354,3493.0,0.0014272204168450583,0.005774040456302928,608442.0,0.25002809334225984,-3923.0,-0.0016029160307137601,-0.011294799152386218,343405.0,0.14111599362667063,-3984.0,-0.0016278402922160643,-0.006477606407367302,611058.0,0.25110309061756847,5.377642775528102e-17
2022-04-08,0.010057963803690617,0.010057963803690659,2457970.5400199993,2457970.5400199993,0.0,272560.54001999943,0.11088844865397847,1627.0,0.0006685858436266016,0.002720603850314951,599656.0,0.2439638678481154,8404.0,0.0034534698400970863,0.013812327222644064,616846.0,0.25095744231132283,1708.0,0.0007018713097198743,0.004973719078056522,345113.0,0.14040566979179173,12737.0,0.005234036810247095,0.020844175184679688,623795.0,0.2537845713947916,4.163336342344337e-17
2022-04-11,-0.010380108135792598,-0.01038010813579255,2432456.5400199993,2432456.5400199993,0.0,272560.54001999943,0.1120515559212246,-6183.0,-0.0025154898723683205,-0.010310911589311205,593473.0,0.24398092637458615,-19124.0,-0.007780402445280893,-0.03100287592040801,597722.0,0.24572772017340364,-4903.0,-0.0019947350548636385,-0.014206940915004651,340210.0,0.13986272494603452,4696.0,0.001910519236720303,0.00752811420418567,628491.0,0.2583770725847512,4.85722573273506e-17
2022-04-12,0.014012994451987115,0.014012994451987105,2466542.5400199993,2466542.5400199993,0.0,272560.54001999943,0.11050307691745283,3264.0,0.0013418533676960017,0.0054998289728429095,596737.0,0.24193257984318467,-2436.0,-0.0010014567413319424,-0.004075473213299828,595286.0,0.24134430699710263,5165.0,0.0021233678444086547,0.015181799476793744,345375.0,0.14002393812238878,28093.0,0.011549229981214392,0.044699128547584614,656584.0,0.26619609811987116,-1.0408340855860843e-17
2022-04-13,-0.0019906407127930903,-0.0019906407127931345,2461632.5400199993,2461632.5400199993,0.0,272560.54001999943,0.11072348759973129,-2256.0,-0.0009146406207864178,-0.0037805599451684745,594481.0,0.24149867631956565,-2678.0,-0.001085730311376785,-0.004498677946398874,592608.0,0.24073779914982169,-3113.0,-0.0012620905374592724,-0.00901339124140427,342262.0,0.1390386235295782,3137.0,0.0012718207568293408,0.00477775882446115,659721.0,0.26800141340130323,-4.423544863740858e-17
2022-04-14,-0.0074466841423257435,-0.007446684142325756,2443301.5400199993,2443301.5400199993,0.0,272560.54001999943,0.11155419646556128,331.0,0.0001344636108837393,0.0005567881900346689,594812.0,0.24344600543866202,-3938.0,-0.0015997513584899256,-0.0066452022247421565,588670.0,0.2409321937378149,245.0,9.952744612240522e-05,0.0007158258877701878,342507.0,0.14018204236763854,-14969.0,-0.006080923840841974,-0.022689894667594333,644752.0,0.2638855619903233,-1.214306433183765e-17
2022-04-15,-0.005410302323916927,-0.005410302323916923,2430082.5400199993,2430082.5400199993,0.0,272560.54001999943,0.11216102150084017,1825.0,0.0007469401423064063,0.003068196337666355,596637.0,0.24552128998675485,5814.0,0.00237956711636682,0.009876501265564748,594484.0,0.24463531185039808,-898.0,-0.00036753547824172763,-0.002621844225081531,341609.0,0.14057506046571924,-19960.0,-0.008169274104348423,-0.03095763952651562,624792.0,0.25710731619628774,3.469446951953614e-18
2022-04-18,-0.003282193040214376,-0.003282193040214329,2422106.5400199993,2422106.5400199993,0.0,272560.54001999943,0.11253036789114525,-10910.0,-0.0044895594369030005,-0.018285825384614096,585727.0,0.24182544835338401,9183.0,0.0037788839880000227,0.015447009507404741,603667.0,0.24923222410976834,2110.0,0.0008682832641489762,0.006176652254478073,343719.0,0.14190911684552154,-8359.0,-0.003439800855460328,-0.013378852482106044,616433.0,0.25450284280018093,4.7271214720367993e-17
2022-04-19,0.007333286008076811,0.007333286008076812,2439868.5400199993,2439868.5400199993,0.0,272560.54001999943,0.11171115801909774,3817.0,0.0015759009510657128,0.006516687808484157,589544.0,0.24162941172034114,13131.0,0.0054213139608184115,0.021752058668106755,616798.0,0.2527996856727962,2552.0,0.001053628301577076,0.00742466957020124,346271.0,0.1419219905991991,-1738.0,-0.000717557205384388,-0.002819446720081501,614695.0,0.2519377539885659,8.673617379884035e-19
2022-04-20,-0.008788588257228058,-0.008788588257228086,2418425.5400199993,2418425.5400199993,0.0,272560.54001999943,0.11270164638508799,-2730.0,-0.0011189127427240907,-0.004630697623926289,586814.0,0.24264298829524739,-7831.0,-0.003209599153213316,-0.012696214968271622,608967.0,0.2518030801125943,-4661.0,-0.0019103488255813137,-0.013460555460896235,341610.0,0.14125305672928637,-6221.0,-0.0025497275357093657,-0.010120466247488592,608474.0,0.25159922847778404,-2.7755575615628914e-17
2022-04-21,-0.02122786050281933,-0.021227860502819308,2367087.5400199993,2367087.5400199993,0.0,272560.54001999943,0.11514594851768625,-2448.0,-0.0010122288073337814,-0.004171679612279189,584366.0,0.24687130920179773,-20894.0,-0.008639505188084979,-0.03431056198447535,588073.0,0.24843736873163189,-6718.0,-0.0027778403299298787,-0.019665700652791194,334892.0,0.1414785023105527,-21278.0,-0.00879828617747067,-0.03496944816048015,587196.0,0.2480668712383315,2.0816681711721685e-17
2022-04-22,0.020844180523878375,0.020844180523878358,2416427.5400199993,2416427.5400199993,0.0,272560.54001999943,0.11279483266348786,7620.0,0.0032191458368859564,0.013039773018964142,591986.0,0.24498396504581324,23407.0,0.009888523176376585,0.03980288161503759,611480.0,0.25305124605347745,7172.0,0.0030298837194417424,0.021415859441252703,342064.0,0.14155773112781564,11141.0,0.004706627791174073,0.018973221888432482,598337.0,0.2476122251094059,-1.734723475976807e-17
2022-04-25,-0.036176131314608506,-0.03617613131460855,2329010.5400199993,2329010.5400199993,0.0,275820.54001999943,0.11842820600443953,-15150.0,-0.006269585886227159,-0.02559182142820945,576836.0,0.24767427630235056,-29599.0,-0.012249074102075094,-0.04840550794792961,578621.0,0.24844069619153863,-11327.0,-0.004687498305828055,-0.033113686327704756,330737.0,0.14200751534476094,-31341.0,-0.012969973020478243,-0.05238018040000869,566996.0,0.24344930615691038,-4.163336342344337e-17
2022-04-26,-0.01639580385912387,-0.01639580385912384,2290824.5400199993,2290824.5400199993,0.0,275820.54001999943,0.12040229847441371,-2373.0,-0.0010188876173912132,-0.004113820912703091,574463.0,0.2507669138182817,-18028.0,-0.007740626197357266,-0.031156836685844447,560593.0,0.2447123252814054,-6832.0,-0.002933434556264968,-0.020656896567363192,323905.0,0.14139232155997955,-10953.0,-0.004702855488110391,-0.01931759659680139,556043.0,0.24272614086591968,3.122502256758253e-17
2022-04-27,0.010926196905408414,0.01092619690540834,2315854.5400199993,2315854.5400199993,0.0,275820.54001999943,0.11910097773999981,-3613.0,-0.0015771613831098814,-0.006289351968708168,570850.0,0.246496483321906,10327.0,0.0045079838370815795,0.018421564307795495,570920.0,0.24652670974536667,6371.0,0.0027810947057273884,0.019669347493863943,330276.0,0.1426151747843143,11945.0,0.0052142797457092535,0.021482151560221062,567988.0,0.2452606544084133,-7.45931094670027e-17
2022-04-28,0.0023244119641268046,0.002324411964126863,2321237.5400199993,2321237.5400199993,0.0,275820.54001999943,0.11882477999973369,4314.0,0.0018628112972772224,0.0075571516160112115,575164.0,0.24778334404976257,5125.0,0.002213006003371758,0.008976739297975198,576045.0,0.2481628829745003,872.0,0.0003765348751102777,0.002640216061718078,331148.0,0.14266010879573612,-4928.0,-0.002127940211632395,-0.00867623963886561,563060.0,0.2425688841802674,5.854691731421724e-17
2022-04-29,0.008887500587217989,0.00888750058721791,2341867.5400199993,2341867.5400199993,0.0,275820.54001999943,0.11777802770930586,3019.0,0.0013005993346006238,0.00524893769429241,578183.0,0.24688971093346398,13898.0,0.005987323468790815,0.024126587332586862,589943.0,0.2519113442235772,-1425.0,-0.0006138966716813147,-0.00430321185693406,329723.0,0.14079489739081666,5138.0,0.002213474455507786,0.009125137640748765,568198.0,0.24262601974283637,-7.979727989493313e-17
2022-05-05,0.013101509575446757,0.013101509575446773,2372549.5400199993,2372549.5400199993,0.0,275820.54001999943,0.11625491285533891,6807.0,0.002906654575323192,0.011773089143056784,584990.0,0.2465659789742763,9170.0,0.003915678339314482,0.01554387457771344,599113.0,0.2525186470900624,-164.0,-7.002957989613685e-05,-0.0004973872007715568,329559.0,0.1389050025894178,14869.0,0.006349206240705237,0.0261686947155745,583067.0,0.24575545849090472,1.5612511283791264e-17
2022-05-06,-0.01315715413880747,-0.013157154138807515,2341333.5400199993,2341333.5400199993,0.0,275820.54001999943,0.11780488995072587,-6381.0,-0.002689511806757136,-0.010907878767158413,578609.0,0.24712796793363223,-9792.0,-0.004127205706278934,-0.016344162119666907,589321.0,0.25170313837257297,-3576.0,-0.0015072393388126497,-0.010850864336886567,325983.0,0.1392296289392478,-11467.0,-0.004833197286958796,-0.019666693536077327,571600.0,0.2441343748038212,-4.5102810375396984e-17
2022-05-09,0.004668279770128958,0.004668279770129052,2352263.5400199993,2352263.5400199993,0.0,275820.54001999943,0.11725749913959657,-1202.0,-0.0005133826426070557,-0.0020773959616943393,577407.0,0.24546866886993912,762.0,0.000325455552135255,0.0012930134850107158,590083.0,0.25085752083500945,4078.0,0.0017417424430545537,0.012509854808379578,330061.0,0.1403163354719998,7292.0,0.0031144644175462983,0.012757172848145556,578892.0,0.24609997568345518,9.367506770274758e-17
2022-05-10,0.008323472122444997,0.008323472122444893,2371842.5400199993,2371842.5400199993,0.0,275820.54001999943,0.11628956617738787,1879.0,0.0007988050522536367,0.0032542037072636806,579286.0,0.2442345940869732,12291.0,0.0052251798282328095,0.02082927317004557,602374.0,0.25396879844937803,-1585.0,-0.00067381905685046,-0.004802142634240337,328476.0,0.13848980042209308,6994.0,0.0029733062988089067,0.012081700904486502,585886.0,0.24701724086416793,-1.0408340855860843e-16
2022-05-11,-0.00602653833836686,-0.006026538338366878,2357548.5400199993,2357548.5400199993,0.0,275820.54001999943,0.11699463885382383,-3875.0,-0.0016337509487317511,-0.006689269203812969,575411.0,0.24407175090236688,-5272.0,-0.002222744516571301,-0.008752037770554506,597102.0,0.25327240982064136,-2203.0,-0.0009288137651757543,-0.006706730476503611,326273.0,0.13839502960869354,-2944.0,-0.001241229107888071,-0.005024868319092793,582942.0,0.24726617081447447,-1.734723475976807e-17
2022-05-12,0.002375772928922437,0.0023757729289223825,2363149.5400199993,2363149.5400199993,0.0,275820.54001999943,0.11671734494536692,-491.0,-0.00020826718587768072,-0.0008533031172501047,574920.0,0.24328549262910146,4901.0,0.002078854333984752,0.008207977866428181,602003.0,0.25474604539622375,134.0,5.683870245948924e-05,0.000410699015854821,326407.0,0.13812371772174759,1057.0,0.00044834707835582187,0.001813216409179644,583999.0,0.2471273993075604,-5.4643789493269423e-17
2022-05-13,0.011470708705032084,0.011470708705032097,2390256.5400199993,2390256.5400199993,0.0,278700.54001999943,0.11659858904419838,3611.0,0.0015280454913443355,0.0062808738607110556,575651.0,0.24083230831581934,6510.0,0.002754798158031466,0.010813899598506984,608513.0,0.25458062338150056,6401.0,0.0027086732733578207,0.019610486294717944,332808.0,0.13923526384210433,10585.0,0.004479191782298474,0.018125031036012047,594584.0,0.2487532154163775,1.214306433183765e-17
2022-05-16,0.0008865157210204977,0.0008865157210205856,2392375.5400199993,2392375.5400199993,0.0,278700.54001999943,0.11649531411680861,548.0,0.0002292640939685139,0.0009519656875433205,576199.0,0.24084805682103874,-1286.0,-0.0005380175635830454,-0.0021133484412001057,607227.0,0.2538175925318664,1681.0,0.0007032717918997661,0.005050960313454003,334489.0,0.13981458780388795,1176.0,0.0004919973987353509,0.0019778534235700925,595760.0,0.2490244487263984,8.792879618857441e-17
2022-05-17,-0.006184396952945037,-0.00618439695294507,2377580.1400199994,2377580.1400199994,0.0,280558.1400199994,0.11800154926329401,-1597.0,-0.0006675373382168294,-0.002771611891030703,574602.0,0.2416751344479041,-5097.0,-0.0021305183549725605,-0.008393895528360893,602130.0,0.25325329307088473,-2007.0,-0.0008389151144653578,-0.006000197315905754,332482.0,0.13984050186304267,-6094.4,-0.002547426145290322,-0.01022962266684571,587808.0,0.24722952135487453,-3.2959746043559335e-17
2022-05-18,-0.0017951024775821889,-0.0017951024775821433,2373312.1400199994,2373312.1400199994,0.0,280558.1400199994,0.11821375506790067,-1503.0,-0.000632155347658379,-0.002615723579103449,573099.0,0.2414764540812447,7221.0,0.0030371216004265833,0.011992426884559813,609351.0,0.2567513095832667,-3915.0,-0.0016466321930023644,-0.01177507353781558,328567.0,0.13844238794364033,-6071.0,-0.002553436537347983,-0.010328202406227885,581737.0,0.24511609332394763,4.5536491244391186e-17
2022-05-19,0.0012092804615140285,0.0012092804615139309,2376182.1400199994,2376182.1400199994,0.0,280558.1400199994,0.11807097414579426,-1845.0,-0.0007773945824018128,-0.0032193390670721815,571254.0,0.24040833839243989,-76.0,-3.202275786587413e-05,-0.00012472286087985413,609275.0,0.2564092161701342,5071.0,0.002136676383392733,0.015433686280119428,333638.0,0.1404092701400373,-280.0,-0.00011797858161111521,-0.0004813171587848117,581457.0,0.24470220115159444,-9.75781955236954e-17
2022-05-20,0.007245387342173615,0.00724538734217365,2393398.500019999,2393398.500019999,0.0,282221.5000199994,0.11791663612124816,3156.0,0.0013281810122406851,0.005524687792120493,574410.0,0.23999764351619685,5792.0,0.0024375235813998883,0.009506380534241517,615067.0,0.25698478543997605,1991.0,0.0008378987311062116,0.005967545663263777,335629.0,0.14023113994480882,6277.36,0.002641784017426865,0.010795914401236893,586071.0,0.24486979497777023,3.5561831257524545e-17
2022-05-23,0.0013119419937690502,0.0013119419937690118,2396538.500019999,2396538.500019999,0.0,282221.5000199994,0.11776213902578417,-2595.0,-0.0010842323165065559,-0.004517679009766543,571815.0,0.23860038133968145,1355.0,0.000566140573744271,0.002203012029583769,616422.0,0.25721347685207474,160.0,6.685054745319805e-05,0.0004767168510468404,335789.0,0.14011416883025155,4220.0,0.0017631831890780986,0.007200492773059919,590291.0,0.24630983395220815,-3.838075690598686e-17
2022-05-24,-0.015568287344304599,-0.015568287344304566,2359228.500019999,2359228.500019999,0.0,282221.5000199994,0.11962448741934366,-2329.0,-0.0009718183121116412,-0.004072995636700681,569486.0,0.24138653801239365,-13869.0,-0.005787096681269365,-0.022499196978693167,602553.0,0.2554025606230563,-6738.0,-0.0028115550824423523,-0.0200661725071399,329051.0,0.1394739848205507,-14374.0,-0.005997817268481207,-0.02435070160310762,575917.0,0.24411242912465578,3.2959746043559335e-17
2022-05-25,0.02691515467851535,0.026915154678515334,2422727.500019999,2422727.500019999,0.0,282221.5000199994,0.11648916356365695,3856.0,0.0016344326121727135,0.006771018075949189,573342.0,0.23665145997445736,17096.0,0.007246436705836284,0.028372607886775106,619649.0,0.2557650416709617,9824.0,0.004164073128108075,0.029855554306171383,338875.0,0.13987334522648653,32723.0,0.013870212232398264,0.056818951341946845,608640.0,0.2512209895644375,-1.734723475976807e-17
2022-05-26,0.0047405248835890035,0.004740524883588927,2434212.500019999,2434212.500019999,0.0,282221.5000199994,0.11593954924546673,2694.0,0.0011119698769167237,0.0046987661814414435,576036.0,0.23664162434268468,4616.0,0.001905290628005789,0.007449378599820221,624265.0,0.2564546028725393,4280.0,0.0017666039618424562,0.012630025820730358,343155.0,0.14097166948127193,-105.0,-4.333958317604156e-05,-0.00017251577287066247,608535.0,0.2499925540580374,-7.632783294297951e-17
2022-05-27,-0.00012687470793837363,-0.00012687470793838358,2433903.6600199994,2433903.6600199994,0.0,283411.66001999937,0.11644325314736187,-583.0,-0.00023950250850951187,-0.0010120895221826414,575453.0,0.23643211909023198,581.0,0.00023868088755407614,0.0009306944967281523,624846.0,0.25672585577806545,1221.0,0.0005015995932935059,0.0035581588494994973,344376.0,0.14149122073187165,-1527.84,-0.0006276526802764538,-0.0025106854987798563,605817.0,0.24890755125246905,-9.947554932554503e-18
2022-05-30,0.0022597443318503885,0.002259744331850344,2439403.6600199994,2439403.6600199994,0.0,283411.66001999937,0.11618071443644379,201.0,8.258338376398529e-05,0.0003492900375877787,575654.0,0.23598144474181879,2661.0,0.0010933053940097755,0.0042586493311952064,627507.0,0.2572378693548633,3154.0,0.0012958606586647246,0.009158594094826585,347530.0,0.14246514658305906,-516.0,-0.00021200510458814134,-0.0008517423578407341,605301.0,0.24813482488381502,-4.466912950640278e-17
2022-05-31,0.00426989602857053,0.004269896028570607,2449819.6600199994,2449819.6600199994,0.0,283411.66001999937,0.11568674406739217,-493.0,-0.00020209857354889685,-0.0008564172228456678,575161.0,0.23477687332924113,5876.0,0.002408785432400239,0.009364038966895987,633383.0,0.25854270432086796,2014.0,0.0008256116168914367,0.005795183149656145,349544.0,0.14268152293183348,3019.0,0.0012375975528278287,0.004987601209976524,608320.0,0.24831215535066525,7.719519468096792e-17
2022-06-01,1.551134584309999e-05,1.5511345843183323e-05,2449857.6600199994,2449857.6600199994,0.0,283411.66001999937,0.11568494963812949,940.0,0.0003837017129629559,0.0016343249976962973,576101.0,0.23515692744177513,-4502.0,-0.0018376862891055612,-0.00710786364648246,628881.0,0.2567010362532108,-593.0,-0.00024205863381599239,-0.0016964960062252534,348951.0,0.14243725490449569,4193.0,0.001711554555801781,0.00689275381378222,612513.0,0.2500198317623889,8.333448948266708e-17
2022-06-02,-0.005426029526911957,-0.005426029526911977,2436564.6600199994,2436564.6600199994,0.0,283411.66001999937,0.11631608414515587,919.0,0.00037512383474250406,0.0015952063961006838,577020.0,0.23681702745999106,-4737.0,-0.0019335817248914491,-0.007532426643514433,624144.0,0.25615737199228567,-1574.0,-0.0006424863067298166,-0.00451066195540348,347377.0,0.1425683486672374,-7901.0,-0.003225085330033215,-0.012899318055290255,604612.0,0.24814116773533001,-1.9949319973733282e-17
2022-06-06,-0.001177477473541133,-0.00117747747354115,2433695.6600199994,2433695.6600199994,0.0,283411.66001999937,0.11645320517096636,-1272.0,-0.000522046478335428,-0.0022044296558178227,575748.0,0.2365735409970155,4709.0,0.0019326390459760458,0.007544733266682048,628853.0,0.25839426446396024,-5901.0,-0.0024218524124664785,-0.01698730773770284,341476.0,0.14031171013272623,-405.0,-0.00016621762871528957,-0.0006698510780467473,604207.0,0.24826727923533168,-1.691355389077387e-17
2022-06-07,0.011042465350733055,0.01104246535073295,2460569.6600199994,2460569.6600199994,0.0,283411.66001999937,0.11518131944197663,624.0,0.000256400177824565,0.0010838074991141957,576372.0,0.2342433174581675,-2350.0,-0.0009656096440508458,-0.003736962374354579,626503.0,0.25461705481441554,4319.0,0.001774667256449193,0.01264803382961028,345795.0,0.14053452971422456,24281.0,0.009977007560510037,0.04018655858008927,628488.0,0.2554237785712158,-1.0581813203458523e-16
2022-06-08,0.0004994778322959803,0.0004994778322959614,2461798.6600199994,2461798.6600199994,0.0,283411.66001999937,0.11512381764709262,79.0,3.210638629079003e-05,0.00013706425711172644,576451.0,0.23415846688100683,8760.0,0.0035601511887002617,0.01398237518415714,635263.0,0.25804831658931815,453.0,0.00018410370873073273,0.0013100247256322387,346248.0,0.1406483826736615,-8063.0,-0.0032768834514258233,-0.012829202785096932,620425.0,0.25202101620892087,-1.8865117801247777e-17
2022-06-09,0.0025712907000885465,0.0025712907000885995,2468128.6600199994,2468128.6600199994,0.0,283411.66001999937,0.1148285600385609,3756.0,0.001525713723464894,0.0065157316059821216,580207.0,0.23507972230074042,1093.0,0.00044398431835653067,0.001720547237915635,636356.0,0.2578293467062789,2194.0,0.0008912182932060643,0.006336498694577297,348442.0,0.1411765949013276,-713.0,-0.0002896256349388896,-0.001149212233549583,619712.0,0.2510857760530922,5.2909066017292616e-17
2022-06-10,0.006927920848283975,0.006927920848284078,2485227.6600199994,2485227.6600199994,0.0,283411.66001999937,0.11403851026578332,4214.0,0.0017073664222860463,0.007262925128445537,584421.0,0.235157933175143,11073.0,0.004486394967720311,0.01740063737907712,647429.0,0.2605109424843557,-1232.0,-0.0004991636051866182,-0.0035357390900063713,347210.0,0.13970953469800262,3044.0,0.0012333230634643392,0.0049119591035836005,622756.0,0.2505830793767153,1.0321604682062002e-16
2022-06-13,-0.011231164230554036,-0.011231164230553986,2457315.6600199994,2457315.6600199994,0.0,283411.66001999937,0.11533384360464816,-6553.0,-0.002636780567598892,-0.011212807205764338,577868.0,0.23516229900854368,-12172.0,-0.004897740434734277,-0.018800517122340828,635257.0,0.25851664494533433,-6347.0,-0.0025538907771326365,-0.018280003456121654,340863.0,0.13871355867940297,-2840.0,-0.0011427524510881815,-0.0045603735652486686,619916.0,0.2522736537620709,5.0306980803327406e-17
2022-06-14,0.011982994484217135,0.011982994484217118,2486761.6600199994,2486761.6600199994,0.0,283411.66001999937,0.11396816372732724,7032.0,0.0028616592139175025,0.012168869015069186,584900.0,0.23520549210787497,8837.0,0.0035962005792646427,0.01391090535011814,644094.0,0.25900914042354184,3190.0,0.0012981645182589352,0.0093585986158662,344053.0,0.1383538300157133,10387.0,0.004226970172776037,0.01675549590589693,630303.0,0.2534633737255427,-1.734723475976807e-17
2022-06-15,-0.0019640000401006663,-0.0019640000401006347,2481877.6600199994,2481877.6600199994,0.0,288435.66001999937,0.11621671151094333,7272.0,0.0029242850719925916,0.012432894511882373,592172.0,0.23859838441642936,-3569.0,-0.0014351998655035146,-0.005541116669306033,640525.0,0.25808081128174487,-2527.0,-0.0010161810199292188,-0.0073447986211426725,336502.0,0.13558363710695087,-6060.0,-0.002436904226660493,-0.009614423539154978,624243.0,0.25152045568393155,3.165870343657673e-17
2022-06-16,-0.011874880246821928,-0.01187488024682188,2452405.6600199994,2452405.6600199994,0.0,288435.66001999937,0.11761335602921712,-6728.0,-0.002710850783815744,-0.011361563869956702,585444.0,0.2387223327462169,-7928.0,-0.00319435567985898,-0.012377346707778776,632597.0,0.2579495759257223,-2655.0,-0.00106975458249566,-0.00788999768203458,333847.0,0.136130414899335,-12161.0,-0.004899919200651495,-0.019481195624139958,612082.0,0.24958432039950865,4.85722573273506e-17
2022-06-17,-0.00046321863406184605,-0.00046321863406184437,2451269.6600199994,2451269.6600199994,0.0,288435.66001999937,0.11766786197551439,135.0,5.504798908305369e-05,0.00023059421567220775,585579.0,0.23888803812601442,2578.0,0.001051212710045277,0.004075264346811635,635175.0,0.2591208182272438,137.0,5.5863514847247073e-05,0.00041036762349219854,333984.0,0.13624939167128397,-3986.0,-0.0016253428480374223,-0.006512199345839283,608096.0,0.2480738899999434,1.6805133673525319e-18
2022-06-20,-0.003996296351956641,-0.003996296351956674,2441473.6600199994,2441473.6600199994,0.0,288435.66001999937,0.11813998436404866,-3748.0,-0.0015290035450320144,-0.0064005027502693915,581831.0,0.23831139754963973,-1943.0,-0.0007926504503727866,-0.0030589994883299877,633232.0,0.2593646658448131,-1967.0,-0.0008024412948447098,-0.005889503688799464,332017.0,0.13599040834922638,-2138.0,-0.000872201061707163,-0.0035158922275430196,605958.0,0.24819354389227213,-3.2959746043559335e-17
2022-06-21,0.00343440117225402,0.0034344011722540206,2449858.6600199994,2449858.6600199994,0.0,291651.66001999937,0.11904836176043661,2603.0,0.0010661593621201211,0.004473807686424408,584434.0,0.23855825217085339,5986.0,0.00245179790305457,0.00945309144199914,636002.0,0.2596076297702856,-506.0,-0.00020725187753852528,-0.0015240183484580608,331511.0,0.1353184187357542,302.0,0.000123695784617855,0.0004983843764749372,606260.0,0.24746733756267017,4.336808689942018e-19
2022-06-22,-0.009166651271145798,-0.009166651271145852,2427401.6600199994,2427401.6600199994,0.0,291651.66001999937,0.12014973245820243,-3172.0,-0.0012947685724751588,-0.005427473418726494,581262.0,0.23945851631131002,-8663.0,-0.003536122365495681,-0.013621026348973745,627339.0,0.25844054172511005,-1703.0,-0.0006951421434190401,-0.005137084440636962,329808.0,0.1358687379316049,-8919.0,-0.0036406181897559713,-0.014711509913238545,597341.0,0.24608247157377264,-5.377642775528102e-17
2022-06-23,0.00492948497032053,0.004929484970320657,2439367.500019999,2439367.500019999,0.0,293251.5000199994,0.1202162035927736,5130.0,0.0021133708872711795,0.008825624245176874,586392.0,0.24038690357036915,-1082.0,-0.00044574411306577314,-0.0017247453131401045,626257.0,0.2567292546100026,1745.0,0.0007188756721809372,0.005290957162955416,331553.0,0.13591760978912842,6172.84,0.0025429825239343135,0.010333862902429266,601914.0,0.24675002843772625,1.2663481374630692e-16
2022-06-24,-0.003590274938043647,-0.0035902749380436515,2430609.500019999,2430609.500019999,0.0,293251.5000199994,0.12064936799497677,-2924.0,-0.0011986713768942267,-0.004986425462830325,583468.0,0.24005007797229427,-3343.0,-0.0013704372137337208,-0.00533806408551122,622914.0,0.2562789292129709,-296.0,-0.0001213429300823157,-0.0008927682753586908,331257.0,0.13628556952372414,-2195.0,-0.0008998234173333883,-0.0036467003591875253,599719.0,0.24673605529603396,-4.336808689942018e-18
2022-06-27,-0.00042005924851018506,-0.0004200592485101367,2429588.500019999,2429588.500019999,0.0,293251.5000199994,0.12070006917532969,315.0,0.00012959712368334288,0.0005398753659155257,583783.0,0.24028060718726424,-932.0,-0.00038344291832658904,-0.0014961936960800368,621982.0,0.25600302273198944,839.0,0.00034518091038198307,0.0025327766658515896,332096.0,0.1366881675630529,-1243.0,-0.0005113943642488736,-0.0020726373518264386,598476.0,0.24632813334236378,4.83554168928535e-17
2022-06-28,0.007344042005406726,0.007344042005406728,2447431.500019999,2447431.500019999,0.0,293251.5000199994,0.11982010528899505,1065.0,0.0004383458351038595,0.0018243080048579695,584848.0,0.23896399143151542,10224.0,0.004208120016997051,0.016437774726599807,632206.0,0.2583140733437622,1948.0,0.0008017818655233036,0.005865773752168048,334044.0,0.1364875789158023,4606.0,0.0018957942877825137,0.007696215052901035,603082.0,0.24641425101992515,2.6020852139652106e-18
2022-06-29,-0.004206614158523192,-0.0042066141585232805,2437136.1000199993,2437136.1000199993,0.0,301022.1000199994,0.1235146859535375,-276.39999999999964,-0.00011293472360625457,-0.00047260142806335945,580269.0,0.238094622616783,-1387.0,-0.0005667165761283477,-0.002193905151169081,630819.0,0.25883618071014725,-3139.0,-0.0012825690933431027,-0.009396965669193279,327437.0,0.13435318610122474,-5493.0,-0.0022443937654455758,-0.009108214140034026,597589.0,0.2452013246183076,-8.847089727481716e-17
2022-06-30,0.0025648957396957606,0.0025648957396957454,2443387.1000199993,2443387.1000199993,0.0,302366.1000199994,0.12374875025636523,5421.0,0.0022243320756503977,0.0093422188674563,585690.0,0.23970413856863126,573.0,0.00023511202349154727,0.0009083429636710372,630048.0,0.25785844575951267,1047.0,0.00042960259789816756,0.003197561668351469,328484.0,0.1344379693243495,-790.0,-0.00032415095734436713,-0.001321978818217872,596799.0,0.24425069609114133,-1.5178830414797062e-17
2022-07-01,0.0030697242364661204,0.003069724236466096,2450887.6246199994,2450887.6246199994,0.0,106685.62461999946,0.043529382395302865,207.7311,8.501767894178524e-05,0.00035467755980126005,606765.0,0.24756949029602143,8029.8284,0.0032863513112327864,0.012744788333587283,613487.0,0.2503121701041347,1218.0457000000001,0.0004985070519485145,0.0037080822810243424,520588.0,0.21240794346118383,-1955.0806,-0.0008001518056569905,-0.003275944832347239,603362.0,0.24618101374335713,-2.42861286636753e-17
2022-07-04,0.008001998868895743,0.008001998868895821,2470499.6246199994,2470499.6246199994,0.0,106685.62461999946,0.043183825472715605,1037.0,0.00042311201443223363,0.0017090636407834994,607802.0,0.24602391918739483,16017.0,0.006535183351167874,0.02610813269066826,629504.0,0.25480837710988413,-412.0,-0.00016810236253238212,-0.0007914127870792258,520176.0,0.21055498038378007,2970.0,0.0012118058658280944,0.004922418050855042,606332.0,0.24542889784622537,7.806255641895632e-17
2022-07-05,0.0044225871929368665,0.00442258719293697,2481425.6246199994,2481425.6246199994,0.0,106685.62461999946,0.04299368216459725,737.0,0.0002983202234298505,0.001212565934300973,608539.0,0.24523765450080354,2757.0,0.0011159685970096307,0.004379638572590484,632261.0,0.2547974816278538,561.0,0.0002270795730585429,0.0010784811294638737,520737.0,0.20985396250985544,6871.0,0.0027812187994389454,0.011332075496592625,613203.0,0.24711721919688998,1.0321604682062002e-16
2022-07-06,-0.002726255396446109,-0.002726255396446137,2474660.6246199994,2474660.6246199994,0.0,106685.62461999946,0.043111214345353616,-2515.0,-0.0010135302767275735,-0.004132849332581807,606024.0,0.24489176171098573,2379.0,0.0009587230728965795,0.00376268661201624,634640.0,0.2564553675304278,2534.0,0.00102118716549808,0.004866180048661801,523271.0,0.21145162079764038,-9163.0,-0.003692635358113223,-0.014942849268513038,604040.0,0.24409003561559248,-2.8189256484623115e-17
2022-07-07,0.005477437942457808,0.005477437942457838,2488215.4246199992,2488215.4246199992,0.0,118678.42461999945,0.04769620164143305,-274.0,-0.00011072225309362351,-0.00045212730848943276,605750.0,0.24344757049824586,7124.2,0.002878859399597053,0.011225576704903567,639681.0,0.2570842514963077,4216.2,0.0017037487718734867,0.00805739282322162,522608.0,0.21003326111918658,2488.4000000000005,0.0010055520240809226,0.004119594728825907,601498.0,0.24173871524482687,3.0357660829594124e-17
2022-07-08,0.006694822255008059,0.006694822255007939,2504873.5846199994,2504873.5846199994,0.0,122842.58461999946,0.04904143082279948,-300.84000000000015,-0.00012090593001847679,-0.000496640528270739,601285.0,0.24004604611262953,5095.0,0.002047652285082233,0.00796490750858631,644776.0,0.2574085989644126,11282.0,0.004534173322923995,0.021587882313320882,533890.0,0.2131404967013509,582.0,0.00023390257702018833,0.0009675842646193338,602080.0,0.24036342739880753,-1.205632815803881e-16
2022-07-11,0.008773297037796057,0.008773297037795965,2526849.5846199994,2526849.5846199994,0.0,122842.58461999946,0.04861491770926806,3262.0,0.0013022613276888622,0.005425048022152557,604547.0,0.23924930224563204,5081.0,0.0020284456793338776,0.007880256088936314,649857.0,0.25718072177918294,12502.0,0.004991070238738858,0.023416808705913204,546392.0,0.2162344776379593,1131.0,0.00045151979203436637,0.001878487908583577,603211.0,0.2387205806279577,-9.194034422677078e-17
2022-07-12,0.014974159217985283,0.014974159217985342,2564687.0326199993,2564687.0326199993,0.0,127113.03261999946,0.04956278524563092,333.4479999999994,0.00013196195057654968,0.0005515667102805893,600610.0,0.23418451934325754,-351.0,-0.00013890814955366059,-0.0005401188261417512,649506.0,0.25324961359378273,34551.0,0.013673548362474435,0.06323482042196811,580943.0,0.2265161372951334,3304.0,0.0013075570544880187,0.00547735369547306,606515.0,0.2364869445221955,5.898059818321144e-17
2022-07-13,0.019821521828364164,0.01982152182836423,2615523.0326199993,2615523.0326199993,0.0,127113.03261999946,0.04859946979425713,-6916.0,-0.0026966253238839997,-0.011514959790879273,593694.0,0.2269886338585556,11595.0,0.004521019466517492,0.017852029080562767,661101.0,0.25276053460625336,41657.0,0.01624252763404219,0.07170583000397629,622600.0,0.2380403430729243,4500.0,0.0017546000516885482,0.007419437276901643,611015.0,0.2336110186680097,6.591949208711867e-17
2022-07-14,-0.02023648782285059,-0.020236487822850643,2562594.0326199993,2562594.0326199993,0.0,127113.03261999946,0.04960326567608485,-9253.0,-0.0035377245333340322,-0.01558546995590321,584441.0,0.22806616754760287,-23327.0,-0.008918675044751212,-0.03528507746925205,637774.0,0.24887828188218292,-13862.0,-0.005299895977637129,-0.022264696434307743,608738.0,0.23754757571866564,-6487.0,-0.0024801922671282683,-0.010616760635990933,604528.0,0.23590470917546383,-5.204170427930421e-17
2022-07-15,-0.008307048143023743,-0.008307048143023864,2541306.4406199995,2541306.4406199995,0.0,144776.44061999946,0.056969296699487575,-6936.592000000001,-0.0027068634015775103,-0.011868763485107993,563393.0,0.22169424001559987,-10156.0,-0.00396317164198517,-0.015924136135998017,624066.0,0.2455689680020436,10786.0,0.004209016279091379,0.01771862443284303,619524.0,0.24378169830193933,-14981.0,-0.0058460293785525625,-0.024781316994415478,589547.0,0.23198579698092958,-1.214306433183765e-16
2022-07-18,0.02473452197471504,0.024734521974714947,2604164.4406199995,2604164.4406199995,0.0,144776.44061999946,0.055594200720109316,6908.0,0.0027182868974725705,0.012261423198371297,570301.0,0.21899577119800573,23837.0,0.009379821189208696,0.038196280521611496,647903.0,0.24879496467041354,15450.0,0.006079550168782747,0.024938501171867435,634974.0,0.24383022442654403,16663.0,0.006556863719250933,0.02826407394151781,606210.0,0.23278483898492736,-9.367506770274758e-17
2022-07-19,-0.0030323123520265005,-0.003032312352026421,2596267.8006199994,2596267.8006199994,0.0,146151.80061999944,0.0562930374844605,3689.0,0.00141657721089292,0.0064685139952411095,573990.0,0.22108274033323097,-11425.0,-0.00438720375019019,-0.017633812468841787,636478.0,0.24515113573723266,69.0,2.6496022648851038e-05,0.00010866586663390941,635043.0,0.2445984192571926,-229.6400000000001,-8.818183537800225e-05,-0.00037881262268850744,604605.0,0.23287466718788324,7.936359902593892e-17
2022-07-20,-0.0009894973081692182,-0.0009894973081692544,2593698.8006199994,2593698.8006199994,0.0,151255.80061999944,0.05831664053815468,4011.0,0.001544909966160716,0.006987926618930643,578001.0,0.22284815795181548,-3206.0,-0.001234849501748007,-0.005037094762112752,633272.0,0.2441578798003154,-8079.0,-0.0031117745242115248,-0.012721973157723178,621860.0,0.23975798571960252,4705.0,0.001812216751629561,0.007781940275055615,609310.0,0.23491933599011194,-3.621235256101585e-17
2022-07-21,-0.01200332127714987,-0.012003321277149818,2562565.8006199994,2562565.8006199994,0.0,151255.80061999944,0.0590251382358275,-4865.0,-0.0018756996760136788,-0.00841694045512032,573136.0,0.2236570861366107,-15190.0,-0.005856501146690191,-0.023986533432711378,618082.0,0.24119653819248593,-7052.0,-0.002718897043216539,-0.011340173029299199,614808.0,0.2399189124631455,-4026.0,-0.001552223411229408,-0.006607474027998884,605284.0,0.23620232497193036,5.204170427930421e-17
2022-07-22,0.005536248082514517,0.005536248082514615,2576752.8006199994,2576752.8006199994,0.0,151255.80061999944,0.05870015958985487,2096.0,0.0008179302164622987,0.0036570726668713883,575232.0,0.22323910926247637,-274.0,-0.00010692408364058676,-0.00044330687513954457,617808.0,0.239762230917668,7120.0,0.002778465239127656,0.011580851257628397,621928.0,0.24136114253969423,5245.0,0.0020467767105652466,0.008665353784339252,610529.0,0.23693735769030658,9.80118763926896e-17
2022-07-25,-0.0013346255019777153,-0.0013346255019777344,2573313.8006199994,2573313.8006199994,0.0,151255.80061999944,0.058778607017751484,1671.0,0.0006484906117489951,0.002904914886515354,576903.0,0.22418680530178803,-10456.0,-0.004057820368909332,-0.0169243519022091,607352.0,0.2360194080697302,-47.0,-1.824001122214409e-05,-7.557144878506836e-05,621881.0,0.24166543538147878,5393.0,0.002092944266404746,0.008833323232803027,615922.0,0.2393497442292515,-1.9081958235744878e-17
2022-07-26,-0.006287612492538508,-0.006287612492538486,2557133.8006199994,2557133.8006199994,0.0,151255.80061999944,0.059150522582481276,965.0,0.00037500284643384666,0.0016727248774924034,577868.0,0.22598269979454766,-279.0,-0.00010842051207776499,-0.0004593711719069008,607073.0,0.23740368996444763,-17932.0,-0.006968446675908537,-0.02883509867643488,603949.0,0.23618200966002142,1066.0,0.0004142518490139695,0.0017307386324891788,616988.0,0.241281077998502,2.168404344971009e-17
2022-07-27,-0.0030307369908140203,-0.003030736990814069,2549383.8006199994,2549383.8006199994,0.0,151255.80061999944,0.05933033723020232,-2549.0,-0.0009968191728496854,-0.00441104196806191,575319.0,0.22566982651262035,-2400.0,-0.0009385508100585503,-0.003953396049568998,604673.0,0.23718398142050878,2292.0,0.0008963160236059156,0.003795022427390392,606241.0,0.23779903200630864,-5093.0,-0.0019916830315117487,-0.0082546175938592,611895.0,0.2400168228303599,-4.85722573273506e-17
2022-07-28,0.002571994063194971,0.0025719940631949434,2555940.8006199994,2555940.8006199994,0.0,151255.80061999944,0.05917813142749982,-712.0,-0.0002792831741642214,-0.0012375742848749999,574607.0,0.22481232736713483,1549.0,0.0006075978044668244,0.002561715174978873,606222.0,0.23718154968728053,6487.0,0.0025445364477574496,0.01070036503634693,612728.0,0.23972699205371634,-767.0,-0.0003008570148651093,-0.0012534830322195802,611128.0,0.23910099946436847,-2.7755575615628914e-17
2022-07-29,-0.004159110413441969,-0.00415911041344203,2545310.3606199995,2545310.3606199995,0.0,152328.36061999944,0.05984667448683725,-2242.0,-0.0008771721158237131,-0.0039017972283665182,572365.0,0.22487041614075717,3397.56,0.0013292796136654837,0.005604481526569474,608547.0,0.23908557848786938,-7449.0,-0.0029143867487827113,-0.012157107231920199,605279.0,0.23780164861803457,-4337.0,-0.0016968311625010898,-0.0070967129635690065,606791.0,0.2383956822665016,-6.158268339717665e-17
2022-08-01,-0.0024162082923757655,-0.0024162082923757685,2539160.3606199995,2539160.3606199995,0.0,152328.36061999944,0.05999162675287065,-2449.0,-0.0009621616435818303,-0.004278738217745669,569916.0,0.22445057383490374,-111.0,-4.3609613081904114e-05,-0.0001824016879550799,608436.0,0.23962094298425293,-1087.0,-0.00042705990468495285,-0.0017958660386367278,604192.0,0.23794952432719588,-2503.0,-0.000983377131027081,-0.004124978781821088,604288.0,0.2379873321007768,-3.0357660829594124e-18
2022-08-02,-0.02894066918327942,-0.028940669183279467,2465675.3606199995,2465675.3606199995,0.0,152328.36061999944,0.06177956881626791,-6254.0,-0.0024630189164078354,-0.010973546978853024,563662.0,0.22860349298306082,-22662.0,-0.008924997550948891,-0.037246316785989,585774.0,0.23757142134587655,-26240.0,-0.010334124778788232,-0.04342990307716752,577952.0,0.23439906535573796,-18329.0,-0.007218527937134509,-0.030331563757678457,585959.0,0.23764645149905678,-4.5102810375396984e-17
2022-08-03,-0.01604793584425901,-0.01604793584425903,2426106.3606199995,2426106.3606199995,0.0,152328.36061999944,0.06278717334596634,-3593.0,-0.0014572072452784426,-0.006374387487536857,560069.0,0.23085096724979218,-8266.0,-0.0033524283577711124,-0.014111244268267284,577508.0,0.23803902803849702,-20265.0,-0.008218843536200289,-0.03506346547810199,557687.0,0.22986914714550324,-7445.0,-0.003019456705009186,-0.012705667120054475,578514.0,0.2384536842202412,-2.0816681711721685e-17
2022-08-04,0.0033980373382695994,0.0033980373382695465,2434350.3606199995,2434350.3606199995,0.0,152328.36061999944,0.06257454271340106,4719.0,0.0019450919698318766,0.00842574754182074,564788.0,0.232007688431568,13896.0,0.005727696124768755,0.024062004335870673,591404.0,0.24294120089163196,-13038.0,-0.005374043039344778,-0.023378705259401777,544649.0,0.2237348447498266,2667.0,0.0010992922830136925,0.004610087223472552,581181.0,0.23874172321357237,-5.2909066017292616e-17
2022-08-05,0.005937107588867674,0.005937107588867774,2448803.3606199995,2448803.3606199995,0.0,152328.36061999944,0.06220522360824931,2647.0,0.0010873537526972252,0.004686714306961196,567435.0,0.23171929977110703,697.0,0.00028631868743104116,0.0011785513794292902,592101.0,0.24179197461166874,5500.0,0.002259329671263596,0.010098246760757846,550149.0,0.22466034180086666,5609.0,0.002304105477475911,0.009651038144743204,586790.0,0.23962316020810825,9.974659986866641e-17
2022-08-08,0.0004969774296992302,0.0004969774296993264,2450020.3606199995,2450020.3606199995,0.0,152328.36061999944,0.062174324372329455,-2226.0,-0.0009090154137310605,-0.003922916281159957,565209.0,0.2306956338342302,6957.0,0.0028409794399492307,0.011749684597729104,599058.0,0.2445114373859338,-784.0,-0.00032015637213169426,-0.0014250684814477532,549365.0,0.2242287488014909,-2730.0,-0.0011148302243871495,-0.004652431023023569,584060.0,0.2383898556060156,9.616873269946424e-17
2022-08-09,-0.004940367106556209,-0.004940367106556198,2437916.3606199995,2437916.3606199995,0.0,152328.36061999944,0.0624830133964317,-953.0,-0.00038897635926537155,-0.0016861019552059503,564256.0,0.23145010596528465,-3551.0,-0.0014493757101273182,-0.0059276397277058315,595507.0,0.24426883941521008,-8028.0,-0.0032767074629406114,-0.01461323528073321,541337.0,0.22204904513718826,428.0,0.00017469242577710284,0.0007328014245111804,584488.0,0.23974899608588532,1.1275702593849246e-17
2022-08-10,-0.006051068953099037,-0.006051068953099088,2423164.3606199995,2423164.3606199995,0.0,152328.36061999944,0.06286340418981078,-898.0,-0.0003683473373022628,-0.0015914762093801396,563358.0,0.23248856295321924,-4562.0,-0.0018712701033106048,-0.007660699202528266,590945.0,0.24387326324360378,-6537.0,-0.0026813881335689222,-0.012075657123012097,534800.0,0.22070314696406487,-2755.0,-0.0011300633789172985,-0.0047135270527367545,581733.0,0.24007162264930132,-5.117434254131581e-17
2022-08-11,0.014901589255283065,0.01490158925528313,2459273.3606199995,2459273.3606199995,0.0,152328.36061999944,0.06194039388187266,4923.0,0.002031640973268682,0.0087386706144228,568281.0,0.23107679247854435,17851.0,0.007366813531143459,0.030207548925872966,608796.0,0.2475511709062381,5648.0,0.002330836525903213,0.01056095736724009,540448.0,0.21975922183117919,7687.0,0.003172298224967776,0.01321396585718878,589420.0,0.23967242090216567,6.418476861114186e-17
2022-08-12,0.004935197605255404,0.00493519760525531,2471410.3606199995,2471410.3606199995,0.0,152328.36061999944,0.06163620702058764,-511.0,-0.00020778495314208316,-0.0008992030351181897,567770.0,0.22973521882362113,9779.0,0.003976377801910825,0.01606285192412565,618575.0,0.25029230671543307,-476.0,-0.00019355310703646103,-0.0008807507845343123,539972.0,0.21848739027886002,3345.0,0.0013601578635230299,0.0056750704081978895,592765.0,0.2398488771614981,-9.367506770274758e-17
2022-08-15,0.002309612394182814,0.0023096123941829076,2477118.3606199995,2477118.3606199995,0.0,152328.36061999944,0.06149417930190186,-2615.0,-0.0010581002821983712,-0.004605738239075682,565155.0,0.22815018005782614,10318.0,0.004174944058020189,0.016680273208584246,628893.0,0.2538808843363439,511.0,0.0002067645293320718,0.0009463453660560178,540483.0,0.2181902199718556,-2506.0,-0.0010139959109709822,-0.004227645019527131,590259.0,0.23828453633207244,9.367506770274758e-17
2022-08-16,0.002690626376985694,0.0026906263769858026,2483783.3606199995,2483783.3606199995,0.0,152328.36061999944,0.06132916543171277,-1122.0,-0.00045294565566062574,-0.0019852960692199485,564033.0,0.22708623020133553,4789.0,0.001933294781603152,0.007614967888019106,633682.0,0.25512772572959863,2705.0,0.0010919946511247706,0.0050047827591247086,543188.0,0.21869379133951922,293.0,0.00011828259991850565,0.0004963922617020664,590552.0,0.23776308729783383,1.0842021724855044e-16
2022-08-17,0.005141752780247311,0.005141752780247355,2496554.3606199995,2496554.3606199995,0.0,152328.36061999944,0.06101543912793868,2704.0,0.0010886617741593333,0.004794045738458565,566737.0,0.22700767463331156,3624.0,0.0014590644487993433,0.005718956826925808,637306.0,0.2552742331802181,3332.0,0.0013415018607614271,0.006134156130105967,546520.0,0.2189097135718992,3111.0,0.001252524696527251,0.005267952695105596,593663.0,0.2377929394866325,4.423544863740858e-17
2022-08-18,-0.009451025930851453,-0.0094510259308515,2472959.3606199995,2472959.3606199995,0.0,152328.36061999944,0.06159759963940894,-2876.0,-0.0011519877337202336,-0.005074664262259214,563861.0,0.2280106211929959,-17851.0,-0.007150254879916513,-0.028010092483045822,619455.0,0.2504913788169554,821.0,0.00032885324387493456,0.0015022323062285003,547341.0,0.22133036584263774,-3689.0,-0.0014776365610896876,-0.006213963140704407,589974.0,0.23857003450800207,-4.683753385137379e-17
2022-08-19,0.006273050923129908,0.006273050923129894,2488472.3606199995,2488472.3606199995,0.0,152328.36061999944,0.06121360358691991,-3585.0,-0.0014496801108374053,-0.006357949920281772,560276.0,0.22514857262083796,25808.0,0.010436079302787102,0.041662429070715386,645263.0,0.25930085067902203,-7165.0,-0.002897338352622039,-0.013090559632843146,540176.0,0.2170713279955482,455.0,0.00018399008380223694,0.0007712204266628698,590429.0,0.23726564511767187,-1.3877787807814457e-17
2022-08-22,-0.0006646648064790872,-0.0006646648064790674,2486818.3606199995,2486818.3606199995,0.0,152328.36061999944,0.06125431717579156,-2214.0,-0.0008897024676811701,-0.003951623842534751,558062.0,0.2244080262705102,-345.0,-0.00013863927341915252,-0.0005346657099508262,644918.0,0.25933458197534487,-2471.0,-0.000992978680054278,-0.004574434998963301,537705.0,0.2162220645121594,3376.0,0.001356655614675533,0.005717876323825558,593805.0,0.23878101006619393,1.984089975648473e-17
2022-08-23,0.007060829322340423,0.007060829322340329,2504377.3606199995,2504377.3606199995,0.0,152328.36061999944,0.06082484333842088,-1615.0,-0.0006494241901919035,-0.002893943683676724,556447.0,0.2221897581210535,14844.0,0.005969072866383043,0.02301687966532179,659762.0,0.263443525075097,2629.0,0.0010571741151792658,0.0048892980351679825,540334.0,0.21575582358172712,1701.0,0.0006840065309699243,0.002864576754995327,595506.0,0.23778604988370156,-9.367506770274758e-17
2022-08-24,-0.012042913529825783,-0.012042913529825793,2474217.3606199995,2474217.3606199995,0.0,152328.36061999944,0.0615662807336492,-1078.0,-0.00043044631250504654,-0.0019372914221839636,555369.0,0.2244624942170939,-15837.0,-0.00632372750569798,-0.024004110573206703,643925.0,0.2602540141576901,-7176.0,-0.002865382874337861,-0.013280674545743928,533158.0,0.21548551412087705,-6069.0,-0.0024233568372849052,-0.010191333084805191,589437.0,0.23823169677068973,-1.0408340855860843e-17
2022-08-25,0.016908377035038225,0.01690837703503819,2516052.3606199995,2516052.3606199995,0.0,152328.36061999944,0.06054260356587454,2266.0,0.0009158451622181556,0.004080170121126674,557635.0,0.22163092021764957,7273.0,0.0029395153860603024,0.01129479364832861,651198.0,0.25881734823655794,11724.0,0.004738468085545303,0.021989729123449334,544882.0,0.2165622657653005,20572.0,0.00831454840121443,0.03490110054170335,610009.0,0.24244686221461745,-3.469446951953614e-17
2022-08-26,-0.0008219638161625076,-0.0008219638161625473,2513984.2566199997,2513984.2566199997,0.0,155569.25661999945,0.061881555626429864,-457.0,-0.00018163373988265775,-0.0008195324898903404,557178.0,0.22163145951801402,5103.0,0.002028177187354929,0.007836326278643361,656301.0,0.26106010738602764,-5722.0,-0.002274197504613934,-0.010501356256951047,539160.0,0.2144643501964048,-992.1040000000003,-0.0003943097590208848,-0.0016263760042884619,605776.0,0.2409625272731236,-3.968179951296946e-17
2022-08-29,0.0005250629539641505,0.0005250629539640447,2515304.2566199997,2515304.2566199997,0.0,155569.25661999945,0.061849080965278275,-511.0,-0.00020326300717850518,-0.0009171216379684769,556667.0,0.22131199378163285,2057.0,0.0008182231032606363,0.003134232615827189,658358.0,0.2617409000391405,471.0,0.00018735200857353414,0.0008735811261963054,539631.0,0.21453905569465465,-697.0,-0.00027724915069162056,-0.0011505903172129633,605079.0,0.24055896951929362,-1.0581813203458523e-16
2022-08-30,-0.0005705075225882483,-0.0005705075225882675,2513869.2566199997,2513869.2566199997,0.0,155569.25661999945,0.06188438647329205,2511.0,0.0009982887729750103,0.004510775742050454,559178.0,0.22243718464174933,-10882.0,-0.004326315582442877,-0.016529000938699006,647476.0,0.25756152524437886,238.0,9.462075984390779e-05,0.00044104211952241437,539869.0,0.2147561964801129,6698.0,0.0026628985270356906,0.011069628924487547,611777.0,0.24336070716046676,-1.919037845299343e-17
2022-08-31,-0.005907626246230424,-0.005907626246230394,2499018.2566199997,2499018.2566199997,0.0,155569.25661999945,0.06225214890202992,2206.0,0.0008775317149810956,0.003945076523039175,561384.0,0.22464181624638846,-1757.0,-0.0006989225853226585,-0.0027136140953487077,645719.0,0.2583890687030655,-6592.0,-0.002622252522735894,-0.01221036955261369,533277.0,0.2133945994941525,-8708.0,-0.003463982853152937,-0.014233944721687805,603069.0,0.24132236665436357,3.0357660829594124e-17
2022-09-01,0.0020924216884563585,0.0020924216884563246,2504247.2566199997,2504247.2566199997,0.0,155569.25661999945,0.06212216314054084,-718.0,-0.0002873128269863532,-0.0012789819446225757,560666.0,0.22388603941478802,-290.0,-0.00011604557078835993,-0.00044911176533445665,645429.0,0.25773373547432377,5365.0,0.0021468430595846587,0.010060437633725062,538642.0,0.21509138068379435,872.0,0.00034893702664637885,0.0014459373637179162,603941.0,0.24116668128655294,-3.382710778154774e-17
2022-09-02,0.005049421524401243,0.005049421524401327,2516892.2566199997,2516892.2566199997,0.0,155569.25661999945,0.0618100581027324,-825.0,-0.00032944031297992053,-0.0014714642942500525,559841.0,0.22243343890764125,10520.0,0.00420086314248335,0.01629923663175965,655949.0,0.26061862532045416,2584.0,0.0010318469924122601,0.00479724937899384,541226.0,0.21503741313377733,366.0,0.00014615170248563747,0.0006060194621660063,604307.0,0.2401004645353948,8.413408858487514e-17
2022-09-05,0.017664641735481545,0.017664641735481556,2561352.2566199997,2561352.2566199997,0.0,155569.25661999945,0.060737157967210284,2015.0,0.000800590488011591,0.0035992362117101104,561856.0,0.2193591289709733,18380.0,0.00730265665987744,0.02802047110369861,674329.0,0.2632706993960507,10516.0,0.004178168522049573,0.019429960866625032,551742.0,0.21541043352158337,13549.0,0.005383226065542951,0.022420723241663592,617856.0,0.24122258014418227,1.0408340855860843e-17
2022-09-06,0.008670810484032065,0.00867081048403211,2583561.2566199997,2583561.2566199997,0.0,155569.25661999945,0.06021504472610273,579.0,0.00022605246838014285,0.0010305131563959449,562435.0,0.21769756709226157,15642.0,0.006106930415202408,0.023196392265496517,689971.0,0.2670619859436465,2491.0,0.0009725331584368495,0.0045147913336305735,554233.0,0.21452287944783915,3497.0,0.0013652944420127107,0.005659894862233271,621353.0,0.24050252279015,4.5102810375396984e-17
2022-09-07,0.0010373278330957358,0.001037327833095844,2586241.2566199997,2586241.2566199997,0.0,155569.25661999945,0.060152646711434575,-1207.0,-0.0004671845875174193,-0.002146025762977055,561228.0,0.21700527689109636,7016.0,0.00271563137201509,0.010168543315588627,696987.0,0.26949805947760014,950.0,0.0003677094930750193,0.0017140805401338426,555183.0,0.21466790794513022,-4079.0,-0.0015788284444768462,-0.006564706374637284,617274.0,0.23867610897473862,1.0820337681405334e-16
2022-09-08,0.011038026683291235,0.011038026683291154,2614788.2566199997,2614788.2566199997,0.0,155569.25661999945,0.05949592905893485,664.0,0.00025674325560322715,0.0011831198728502498,561892.0,0.21489005795303995,9120.0,0.003526353149249144,0.013084892544624218,706107.0,0.27004366346388126,15773.0,0.006098812305165214,0.028410452049144157,570956.0,0.21835649542729896,2990.0,0.0011561179732735682,0.004843878083314703,620264.0,0.2372138540968449,-8.153200337090993e-17
2022-09-09,0.006442204242486094,0.006442204242486025,2631633.2566199997,2631633.2566199997,0.0,155569.25661999945,0.05911509752685239,3113.0,0.0011905361713777974,0.00554021057427406,565005.0,0.2146974691776306,-2141.0,-0.0008188043504400464,-0.0030321183616647336,703966.0,0.26750155943239423,16872.0,0.006452530126400963,0.029550438212401657,587828.0,0.22337003019751725,-999.0,-0.0003820577048526886,-0.0016106045167864006,619265.0,0.23531584366560546,-6.852157730108388e-17
2022-09-13,-0.0016313063338900813,-0.0016313063338900863,2627340.2566199997,2627340.2566199997,0.0,155569.25661999945,0.059211689931678274,613.0,0.00023293519279632492,0.0010849461509190184,565618.0,0.21528159459926666,-13551.0,-0.005149273731783032,-0.019249509209251583,690415.0,0.2627809619482631,9721.0,0.003693903767003384,0.016537150322883564,597549.0,0.22743495003906736,-1076.0,-0.0004088715619067628,-0.0017375437010003795,618189.0,0.23529080348172451,-4.9873299934333204e-18
2022-09-14,-0.009322736154285138,-0.009322736154285114,2602846.2566199997,2602846.2566199997,0.0,155569.25661999945,0.059768899613002247,-2138.0,-0.0008137507102907477,-0.0037799362820843748,563480.0,0.21648608655500193,-12795.0,-0.00486994403094954,-0.018532332003215458,677620.0,0.2603380811588706,-8364.0,-0.0031834475869372374,-0.013997178474066561,589185.0,0.22636181391869953,-1197.0,-0.00045559382610758887,-0.0019363010341497504,616992.0,0.23704511875442563,2.42861286636753e-17
2022-09-15,-0.006392233101622291,-0.00639223310162228,2586208.2566199997,2586208.2566199997,0.0,155569.25661999945,0.06015341425880297,2554.0,0.0009812335221506972,0.004532547739050188,566034.0,0.21886636489969621,-11638.0,-0.0044712590958456595,-0.017174817744458545,665982.0,0.25751290457574894,-7252.0,-0.002786180697978409,-0.012308527881734938,581933.0,0.225013975000044,-302.0,-0.00011602682994890782,-0.0004894715004408485,616690.0,0.2384533412657078,1.1275702593849246e-17
2022-09-16,-0.029202597975889533,-0.029202597975889533,2510684.2566199997,2510684.2566199997,0.0,155569.25661999945,0.06196289167377583,-5673.0,-0.0021935588464226117,-0.010022366147616575,560361.0,0.22319054995564602,-26816.0,-0.010368847880428125,-0.040265352517034995,639166.0,0.25457840758537875,-24398.0,-0.009433888372116847,-0.04192578870763473,557535.0,0.22206496039075008,-18637.0,-0.007206302876921949,-0.030221018664158654,598053.0,0.23820319039444923,0.0
2022-09-19,-0.0018445170824603618,-0.001844517082460408,2506053.2566199997,2506053.2566199997,0.0,155569.25661999945,0.06207739448834422,2182.0,0.0008690857857759901,0.0038939183847555413,562543.0,0.22447368128110778,-5725.0,-0.002280254868729397,-0.008956984570518457,633441.0,0.25276438093512177,-2615.0,-0.0010415487304327288,-0.004690288502067135,554920.0,0.22143184648375738,1527.0,0.0006082007309257273,0.0025532854111592115,599580.0,0.2392526968116688,-4.618701254788249e-17
2022-09-20,-7.581642548815104e-05,-7.581642548820353e-05,2505863.2566199997,2505863.2566199997,0.0,155569.25661999945,0.06208210133135396,-1505.0,-0.0006005458966302438,-0.002675351039831622,561038.0,0.22389010993231476,-2043.0,-0.0008152260909073674,-0.0032252411826831544,631398.0,0.25196825817688584,3777.0,0.0015071507319418143,0.006806386506163051,558697.0,0.2229559009351496,-419.0,-0.00016719516989240673,-0.0006988225090896962,599161.0,0.23910362962429577,-5.2488937675454483e-17
2022-09-21,0.01307493531957249,0.01307493531957258,2538627.2566199997,2538627.2566199997,0.0,155569.25661999945,0.06128085807568645,2082.0,0.0008308514020067791,0.0037109785789910844,563120.0,0.22182067041608697,11530.0,0.004601208772880962,0.018261065128492647,642928.0,0.2532581332385175,4799.0,0.0019151084909848862,0.00858962908338509,563496.0,0.22196878195905553,14353.0,0.005727766653699952,0.023955163970952716,613514.0,0.24167155631065348,9.020562075079397e-17
2022-09-22,-0.004226693766097078,-0.004226693766097125,2527897.2566199997,2527897.2566199997,0.0,155569.25661999945,0.061540972922296676,-146.0,-5.751139700374467e-05,-0.00025926978263957946,562974.0,0.2227044625827638,-1472.0,-0.0005798409341747408,-0.002289525421198019,641456.0,0.25375081931046434,-3845.0,-0.0015145980923246456,-0.006823473458551613,559651.0,0.22138993130927245,-5267.0,-0.0020747433425939944,-0.008584971166102158,608247.0,0.24061381387520264,-4.683753385137379e-17
2022-09-23,-0.00693619962365255,-0.006936199623652568,2510363.2566199997,2510363.2566199997,0.0,155569.25661999945,0.06197081486504102,3587.0,0.0014189658976868805,0.006371519821519288,566561.0,0.22568885140664,-10849.0,-0.004291709234459149,-0.01691308523109925,630607.0,0.2512014937826413,-12095.0,-0.0047846090138061945,-0.021611682995295284,547556.0,0.21811823390740656,1823.0,0.0007211527269258943,0.002997137675977029,610070.0,0.24302060603827103,-1.734723475976807e-17
2022-09-26,-0.022307926891584895,-0.022307926891584926,2454362.2566199997,2454362.2566199997,0.0,155569.25661999945,0.06338479831181892,-8079.0,-0.003218259341031671,-0.014259717841503386,558482.0,0.2275466869218841,-9327.0,-0.0037153985485582864,-0.01479051136444727,621280.0,0.2531329669547598,-17205.0,-0.006853589796070046,-0.03142144365142561,530351.0,0.2160850536914496,-21390.0,-0.008520679205924923,-0.035061550313898404,588680.0,0.23985049412008755,-3.122502256758253e-17
2022-09-27,0.00748707732545828,0.0074870773254581925,2472738.2566199997,2472738.2566199997,0.0,155569.25661999945,0.06291375813979114,-325.0,-0.0001324172905297079,-0.0005819346012942225,558157.0,0.22572425468231647,4053.0,0.0016513454723597113,0.006523628637651301,625333.0,0.25289089871354653,7393.0,0.0030121877811880938,0.013939824757566216,537744.0,0.21746903399919304,7255.0,0.002955961362440095,0.012324182917714208,595935.0,0.24100205446515274,-8.760353553682876e-17
2022-09-28,-0.013256963171188407,-0.013256963171188421,2439957.2566199997,2439957.2566199997,0.0,155569.25661999945,0.06375900897358543,1350.0,0.0005459534572192542,0.0024186743156495395,559507.0,0.2293101645456972,-17840.0,-0.007214673834660366,-0.028528799855437024,607493.0,0.24897690250588325,-10116.0,-0.004091011239429611,-0.018811925377131125,527628.0,0.2162447717346112,-6175.0,-0.0024972315543176993,-0.010361868324565598,589760.0,0.24170915224022285,-1.3877787807814457e-17
2022-09-29,-0.007333735028124289,-0.007333735028124233,2422063.2566199997,2422063.2566199997,0.0,155569.25661999945,0.06423005517911083,-4718.0,-0.0019336404304621734,-0.008432423544298821,554789.0,0.22905636278641647,-244.0,-0.00010000175180855666,-0.0004016507186091033,607249.0,0.250715582402839,-5490.0,-0.002250039415692525,-0.010405058109122336,522138.0,0.2155757074357529,-7442.0,-0.003050053430160978,-0.012618692349430277,582318.0,0.24042229219588074,5.551115123125783e-17
2022-09-30,0.0007894096055394151,0.0007894096055394543,2423975.2566199997,2423975.2566199997,0.0,155569.25661999945,0.0641793913511006,2910.0,0.0012014549958785628,0.005245237378534903,557699.0,0.23007619342519925,-2460.0,-0.0010156629862066201,-0.0040510564858896436,604789.0,0.24950295938388417,1259.0,0.0005198047559488352,0.0024112399403988984,523397.0,0.21592505887614827,203.0,8.381283991867637e-05,0.0003486067749923581,582521.0,0.24031639696366766,3.924811864397526e-17
2022-10-10,0.0013757193646646293,0.0013757193646646096,2427309.9663199997,2427309.9663199997,0.0,105959.96631999948,0.04365324898354183,2036.0,0.0008399425672516997,0.0036507148121119096,604425.0,0.24901022464648703,2923.388,0.0012060304625701433,0.004833732094995114,603869.0,0.24878116449029983,-1194.864,-0.0004929357247920604,-0.0022829018890058598,513898.0,0.2117150290364899,-429.8143,-0.000177317940365173,-0.0007378520259355457,599158.0,0.24684033284318133,-1.973247953923618e-17
2022-10-11,0.006027660333048246,0.006027660333048355,2441940.9663199997,2441940.9663199997,0.0,105959.96631999948,0.04339169856332807,321.0,0.00013224516211527045,0.0005310832609504902,604746.0,0.24764972140639052,13714.0,0.005649875866818751,0.022710223574980665,617583.0,0.2529066052447191,-566.0,-0.00023317994316898153,-0.001101385878131458,513332.0,0.21021474600739032,1162.0,0.00047871924728331547,0.0019393882748790802,600320.0,0.24583722877817193,1.0928757898653885e-16
2022-10-12,0.006054200410208654,0.006054200410208712,2456724.9663199997,2456724.9663199997,0.0,105959.96631999948,0.04313057740391674,2267.0,0.0009283598708024317,0.003748681264530894,607013.0,0.24708219614394303,2816.0,0.001153181030515945,0.004559711002407774,620399.0,0.25253091351504187,4171.0,0.0017080674993899172,0.00812534578011891,517503.0,0.21064751125771433,5530.0,0.002264592009500418,0.009211753731343284,605850.0,0.24660880167938395,5.724587470723463e-17
2022-10-13,-0.004449419511689978,-0.004449419511689933,2445793.9663199997,2445793.9663199997,0.0,105959.96631999948,0.043323341123221996,-3310.0,-0.001347322164824232,-0.0054529309915932606,603703.0,0.24683313816018038,1482.0,0.0006032421293865594,0.0023887852817299836,621881.0,0.25426548947444544,-3326.0,-0.0013538349003641677,-0.006427015882033534,514177.0,0.21022907369979454,-5777.0,-0.0023515045758880928,-0.009535363538829743,600073.0,0.2453489575423576,4.5102810375396984e-17
2022-10-14,0.0063157404968341435,0.006315740496834215,2461240.9663199997,2461240.9663199997,0.0,105959.96631999948,0.043051439403931586,1608.0,0.0006574552158289258,0.0026635613869733957,605311.0,0.245937317102701,4792.0,0.0019592819615996348,0.0077056542972047705,626673.0,0.25461667856804343,5235.0,0.002140409238099768,0.010181318884353054,519412.0,0.211036630345307,3812.0,0.0015585940813058865,0.006352560438479985,603885.0,0.24535793458001687,7.112366251504909e-17
2022-10-17,0.0032390164592130954,0.0032390164592130863,2469212.9663199997,2469212.9663199997,0.0,105959.96631999948,0.042912445287340804,436.0,0.000177146409460224,0.0007202908917895098,605747.0,0.245319868420575,-4159.0,-0.0016897979746446595,-0.006636635055284015,622514.0,0.25211029121063055,4192.0,0.0017032058450854562,0.008070664520650275,523604.0,0.21205299305565978,7503.0,0.0030484621793120652,0.012424551032067363,611388.0,0.24760440202579378,-9.107298248878237e-18
2022-10-18,0.0019771482114303573,0.0019771482114302624,2474094.9663199997,2474094.9663199997,0.0,105959.96631999948,0.042827768441567014,-689.0,-0.00027903627973688055,-0.0011374385675867978,605058.0,0.24455730610048934,4732.0,0.0019164001098910285,0.007601435469724376,627246.0,0.2535254339622111,-626.0,-0.00025352207709040237,-0.0011955600033613188,522978.0,0.2113815383480951,1465.0,0.0005933064583665167,0.0023961870367099126,612853.0,0.2477079531476374,-9.497611030973019e-17
2022-10-19,0.002581145868260082,0.0025811458682601087,2480480.9663199997,2480480.9663199997,0.0,105959.96631999948,0.04271750832146071,-2479.0,-0.001001982556751771,-0.00409712787864965,602579.0,0.24292829019122697,-4211.0,-0.0017020365254060942,-0.006713474458187059,623035.0,0.25117507792221616,122.0,4.931096084054702e-05,0.0002332794113710328,523100.0,0.21088652043803524,12954.0,0.005235853989577427,0.021137205822603464,625807.0,0.2522926031270608,2.688821387764051e-17
2022-10-20,-0.007094591830756114,-0.007094591830756154,2462882.9663199997,2462882.9663199997,0.0,105959.96631999948,0.04302273708048871,806.0,0.0003249369823610331,0.0013375839516478337,603385.0,0.2449913407381952,-2759.0,-0.0011122842857743055,-0.004428322646400282,620276.0,0.25184956349217297,-5414.0,-0.002182641218985897,-0.0103498375071688,517686.0,0.21019512785600128,-10231.0,-0.004124603308356984,-0.016348490828642058,615576.0,0.2499412308331418,-3.9898639947466563e-17
2022-10-21,0.00274434477497687,0.002744344774976941,2469641.9663199997,2469641.9663199997,0.0,105959.96631999948,0.042904990992637636,-118.0,-4.791133058844193e-05,-0.00019556336335838643,603267.0,0.24427305991196974,5887.0,0.0023902881624928616,0.009490936292876074,626163.0,0.2535440393949258,1669.0,0.0006776611080687253,0.0032239620155847365,519355.0,0.21029566515420375,-679.0,-0.000275693164996204,-0.001103031957061354,614897.0,0.24898224454626303,7.068998164605489e-17
2022-10-24,-0.016213686253342408,-0.01621368625334237,2429599.9663199997,2429599.9663199997,0.0,105959.96631999948,0.0436121039631442,-4345.0,-0.0017593643367157634,-0.007202449330064466,598922.0,0.24651054013108128,-12025.0,-0.004869126846721992,-0.019204264704238354,614138.0,0.2527732995198406,-10669.0,-0.004320059403549017,-0.02054278865130787,508686.0,0.2093702696129366,-13003.0,-0.005265135666355598,-0.021146631061787585,601894.0,0.2477337867729972,3.8163916471489756e-17
2022-10-25,0.0014401547779487878,0.0014401547779488036,2433098.9663199997,2433098.9663199997,0.0,105959.96631999948,0.04354938610666595,-1071.0,-0.0004408133087119659,-0.0017882128223708597,597851.0,0.2457158579555169,621.0,0.00025559763278256846,0.0010111733844836177,614759.0,0.2526650204162502,1912.0,0.000786960827504462,0.0037587037976276132,510598.0,0.20985500674979388,2037.0,0.0008384096263737391,0.0033843168398422314,603931.0,0.248214728771773,1.5829351718288365e-17
2022-10-26,0.00034770472213030423,0.0003477047221303758,2433944.9663199997,2433944.9663199997,0.0,105959.96631999948,0.043534249042699404,-2898.0,-0.0011910736226168192,-0.004847361633584288,594953.0,0.24443979146313177,2391.0,0.000982697388432303,0.003889328989083527,617150.0,0.25355955395043267,1245.0,0.0005116931194471842,0.0024383174238833683,511843.0,0.2102935797985114,108.0,4.4387836867707545e-05,0.00017882837608932146,604039.0,0.24817282574522467,7.155734338404329e-17
2022-10-27,-0.0021828759785119667,-0.002182875978511948,2428631.9663199997,2428631.9663199997,0.0,105959.96631999948,0.04362948680139297,-2200.0,-0.0009038823927585706,-0.0036977710844386027,592753.0,0.24406868073064722,-8937.0,-0.0036718167927651574,-0.014481082394879689,608213.0,0.2504344044032323,2223.0,0.0009133320723192285,0.004343128654685128,514066.0,0.2116689589567339,3601.0,0.0014794911346925513,0.0059615355962115025,607640.0,0.25019846910799354,1.8648277366750676e-17
2022-10-28,-0.016333886957812238,-0.016333886957812183,2388962.9663199997,2388962.9663199997,0.0,105959.96631999948,0.0443539593597058,-631.0,-0.000259817052872003,-0.001064524346565939,592122.0,0.2478573374086728,-13006.0,-0.0053552782720337104,-0.021383955949642642,595207.0,0.24914869271367035,-13772.0,-0.0056706821745692955,-0.02679033431504904,500294.0,0.20941890144519973,-12260.0,-0.005048109458337174,-0.020176420248831546,595380.0,0.24922110907275125,5.551115123125783e-17
2022-10-31,-0.004306052519452153,-0.0043060525194521014,2378675.9663199997,2378675.9663199997,0.0,105959.96631999948,0.04454577580986281,-5099.0,-0.002134398930367091,-0.008611401028842029,587023.0,0.2467856102772044,-1643.0,-0.0006877461154330516,-0.002760384202470737,593564.0,0.24953545939184418,2516.0,0.0010531766442054523,0.005029042922761416,502810.0,0.2113823013808337,-6061.0,-0.002537084117857411,-0.010180053075346838,589319.0,0.24775085314025483,5.117434254131581e-17
2022-11-01,0.009666301894651008,0.00966630189465108,2401668.9663199997,2401668.9663199997,0.0,105959.96631999948,0.04411930528559002,-1007.0,-0.00042334475744416287,-0.0017154353406936356,586016.0,0.24400365255080658,8013.0,0.003368680775968299,0.013499807939834626,601577.0,0.25048289686724695,6846.0,0.002878071707510168,0.013615480996797996,509656.0,0.21220909590255876,9141.0,0.0038428941686167754,0.015511123856519135,598460.0,0.24918504939379763,7.112366251504909e-17
2022-11-02,0.0032689767449631812,0.0032689767449632476,2409519.9663199997,2409519.9663199997,0.0,105959.96631999948,0.043975550234526394,-1442.0,-0.0006004158026031083,-0.002460683667340141,584574.0,0.2426101498103813,450.0,0.0001873697026153944,0.000748033917520118,602027.0,0.24985350128451558,3426.0,0.001426508002578536,0.006722181235970929,513082.0,0.21293950960017047,5417.0,0.0022555148423724254,0.009051565685258832,603877.0,0.2506212890704062,6.635317295611287e-17
2022-11-03,-0.002200853312744777,-0.002200853312744754,2404216.9663199997,2404216.9663199997,0.0,105959.96631999948,0.04407254744657529,-1886.0,-0.0007827285211835954,-0.003226281018314191,582688.0,0.2423608219069712,-2449.0,-0.001016385020349218,-0.004067923863879859,599578.0,0.24938597822048503,1173.0,0.0004868189582971142,0.002286184274638362,514255.0,0.21389708466584084,-2141.0,-0.0008885587295090551,-0.0035454239853480096,601736.0,0.25028356776012756,2.2985086056692694e-17
2022-11-04,0.01188994188147463,0.011889941881474611,2432802.9663199997,2432802.9663199997,0.0,105959.96631999948,0.043554684775923606,5922.0,0.0024631720360348648,0.010163243451040695,588610.0,0.2419472551409973,11766.0,0.004893901076660963,0.01962380207412547,611344.0,0.2512920316456021,4919.0,0.0020459883899452045,0.009565293482805224,519174.0,0.21340569178330665,5979.0,0.0024868803788335794,0.009936251113445099,607715.0,0.24980033665417029,-1.9081958235744878e-17
2022-11-07,0.0012919254224497134,0.0012919254224497622,2435945.9663199997,2435945.9663199997,0.0,105959.96631999948,0.043498487973472555,-840.0,-0.0003452807365121859,-0.0014270909430692648,587770.0,0.2412902454022608,-1485.0,-0.0006104070163340428,-0.0024290743018660524,609859.0,0.25035818053112163,4073.0,0.0016742005235882537,0.007845154033137253,523247.0,0.214802383646659,1395.0,0.0005734126517077373,0.002295483902816287,609110.0,0.250050702446486,4.87890977618477e-17
2022-11-08,-0.0017065238956346374,-0.0017065238956346838,2431788.9663199997,2431788.9663199997,0.0,105959.96631999948,0.04357284607650292,-905.0,-0.000371518914012362,-0.001539717916872246,586865.0,0.24133056286051685,636.0,0.000261089535151229,0.0010428640062703019,610495.0,0.2510476889464038,-2976.0,-0.0012217019758019771,-0.005687562470496725,520271.0,0.2139457852657834,-912.0,-0.0003743925409715736,-0.001497266503587201,608198.0,0.250103116850793,-4.640385298237959e-17
2022-11-09,-0.00010403863308205974,-0.000104038633082073,2431535.9663199997,2431535.9663199997,0.0,105959.96631999948,0.04357737980753139,1830.0,0.0007525324052972078,0.003118263995978632,588695.0,0.24210828388072686,216.0,8.882349701868683e-05,0.0003538112515254015,610711.0,0.25116264306148783,536.0,0.00022041386297229693,0.0010302323212325883,520807.0,0.21418848300574952,-2835.0,-0.0011658083983702645,-0.0046613109546562136,605363.0,0.2489632102445043,-1.3254371558635292e-17
2022-11-10,0.00590161946965484,0.005901619469654797,2445885.9663199997,2445885.9663199997,0.0,105959.96631999948,0.04332171155118217,1372.0,0.0005642523980743122,0.00233057865278285,590067.0,0.24124877779473733,3241.0,0.0013329023485122785,0.00530692913669477,613952.0,0.2510141553834303,1800.0,0.0007402728254619257,0.0034561747441950665,522607.0,0.21366776995997794,7937.0,0.00326419189760628,0.0131111415795151,613300.0,0.2507475853106722,-4.2500725161431774e-17
2022-11-11,0.008041666811471782,0.00804166681147173,2465554.9663199997,2465554.9663199997,0.0,105959.96631999948,0.04297611197780417,6569.0,0.0026857343680185973,0.011132634090704955,596636.0,0.24198852110383806,5864.0,0.002397495255603753,0.009551235275721881,619816.0,0.25139005557240346,4619.0,0.0018884772485732837,0.008838381422369007,527226.0,0.21383664416410028,2617.0,0.0010699599392760952,0.004267079732594162,615917.0,0.249808667181854,-5.204170427930421e-17
2022-11-14,-0.000412483199073832,-0.0004124831990738127,2464537.9663199997,2464537.9663199997,0.0,105959.96631999948,0.042993846217032256,1737.0,0.0007045067028428836,0.0029113228165916906,598373.0,0.24279317591259467,-5555.0,-0.002253042449218318,-0.008962337209752572,614261.0,0.24923982036162445,-1626.0,-0.0006594864126784852,-0.0030840664155409635,525600.0,0.21326512603285872,4427.0,0.001795538959980107,0.007187656778429561,620344.0,0.2517080314758898,1.929879867024198e-17
2022-11-15,0.0027469651888174518,0.002746965188817453,2471307.9663199997,2471307.9663199997,0.0,105959.96631999948,0.04287606715312921,1979.0,0.0008029902671594889,0.0033073016329279565,600352.0,0.24292884908795007,3141.0,0.001274478236052529,0.005113461541592255,617402.0,0.24982802969690873,3233.0,0.0013118077482196198,0.006151065449010655,528833.0,0.21398911313650643,-1583.0,-0.0006423110626141844,-0.00255180996350412,618761.0,0.25037794092550547,1.3010426069826053e-18
2022-11-16,-0.00019503841956114432,-0.00019503841956117733,2470825.9663199997,2470825.9663199997,0.0,105959.96631999948,0.04288443126482688,-1983.0,-0.0008024090995639308,-0.0033030622035072755,598369.0,0.24217367315885838,3253.0,0.001316307010025954,0.005268852384669956,620655.0,0.2511933290568382,-1940.0,-0.0007850094065325394,-0.0036684548808413996,526893.0,0.21324569483327238,188.0,7.607307650933888e-05,0.0003038329823631418,618949.0,0.25050287168620405,-3.301395615218361e-17
2022-11-17,-3.521089756453044e-05,-3.521089756458085e-05,2470738.9663199997,2470738.9663199997,0.0,105959.96631999948,0.04288594131731357,790.0,0.0003197311388048146,0.0013202555613676511,599159.0,0.24250194300873767,-3891.0,-0.0015747770393538401,-0.006269183362737753,616764.0,0.2496273416202395,1325.0,0.0005362579226789612,0.0025147420823582777,528218.0,0.21378948047544874,1689.0,0.0006835770803054834,0.0027288193372959645,620638.0,0.2511952935782604,-5.040862475699792e-17
2022-11-18,-0.003786316615200236,-0.0037863166152002073,2461383.9663199997,2461383.9663199997,0.0,105959.96631999948,0.043048938227390664,-715.0,-0.00028938710634614093,-0.001193339330628431,598444.0,0.24313313493088606,1361.0,0.0005508473450868501,0.00220667872962754,618125.0,0.2511290430335235,-4997.0,-0.002022471846729603,-0.009460109273065287,523221.0,0.21257187304354816,-5004.0,-0.0020253050072113134,-0.008062670993397117,615634.0,0.25011701076465154,2.862293735361732e-17
2022-11-21,-0.004720921302405756,-0.004720921302405733,2449763.9663199997,2449763.9663199997,0.0,105959.96631999948,0.043253132863722794,280.0,0.0001137571398170056,0.0004678800355588827,598724.0,0.24440068848730542,-1217.0,-0.0004944372827046279,-0.0019688574317492415,616908.0,0.2518234444139981,-2773.0,-0.0011266019596877018,-0.005299863728711195,520448.0,0.21244822242275427,-7910.0,-0.003213639199830408,-0.012848543127897419,607724.0,0.24807451181221932,2.3418766925686896e-17
2022-11-22,0.01146886001519798,0.011468860015197875,2477859.9663199997,2477859.9663199997,0.0,105959.96631999948,0.04276269351789327,5680.0,0.002318590720612327,0.009486842017356912,604404.0,0.2439217745212746,6628.0,0.0027055667775032575,0.010743903466967521,623536.0,0.2516429533853142,2950.0,0.0012041976453884445,0.0056681935563207084,523398.0,0.21122985443657896,12838.0,0.005240504871693847,0.021124721090495027,620562.0,0.25044272413893887,-1.0408340855860843e-16
2022-11-23,0.008800335893228484,0.008800335893228558,2499665.9663199997,2499665.9663199997,0.0,105959.96631999948,0.042389650356360775,3356.0,0.0013543945362595176,0.005552577415106452,607760.0,0.24313648631010581,10506.0,0.004239949045870826,0.016849067255138437,634042.0,0.2536506911495197,4352.0,0.0017563542973186594,0.008314896121116244,527750.0,0.21112820957311823,3592.0,0.0014496380137795552,0.005788301571801045,624154.0,0.24969496261089538,7.45931094670027e-17
2022-11-24,0.000739298780276787,0.0007392987802768783,2501513.9663199997,2501513.9663199997,0.0,105959.96631999948,0.04235833489104127,-1593.0,-0.0006372851498815298,-0.002621100434381993,606167.0,0.24232005423968825,-2986.0,-0.001194559609256904,-0.004709467196179433,631056.0,0.2522696289113078,8428.0,0.0033716504979293994,0.015969682614874466,536178.0,0.21434139773713773,-2001.0,-0.0008005069585140873,-0.003205939559788129,622153.0,0.2487105842208249,9.128982292327947e-17
2022-11-25,0.01196395479015755,0.011963954790157482,2531441.9663199997,2531441.9663199997,0.0,105959.96631999948,0.04185755301909421,8983.0,0.003591025323442417,0.014819348463377255,615150.0,0.2430037931678339,9682.0,0.0038704561039262474,0.015342536953931188,640738.0,0.25311186609245157,4322.0,0.0017277536956382196,0.008060755942989082,540500.0,0.21351467155525358,6941.0,0.0027747196671505975,0.011156419723122769,629094.0,0.24851211616536667,-6.765421556309548e-17
2022-11-28,0.0010085161081971883,0.0010085161081971551,2533994.9663199997,2533994.9663199997,0.0,105959.96631999948,0.04181538153324752,-5603.0,-0.002213363005965006,-0.009108347557506299,609547.0,0.240547833796693,4848.0,0.0019151140197962429,0.007566275138980364,645586.0,0.25477004042259555,1958.0,0.0007734722051899842,0.0036225716928769656,542458.0,0.21407224844956418,1350.0,0.000533292889175934,0.002145943213573806,630444.0,0.24879449579789964,-3.3176586478056436e-17
2022-11-29,0.005834660366935029,0.0058346603669349635,2548779.9663199997,2548779.9663199997,0.0,105959.96631999948,0.041572818258214524,9498.0,0.0037482315972369486,0.015582063401181533,619045.0,0.2428789492149825,-4278.0,-0.0016882432904800659,-0.0066265377501990436,641308.0,0.2516137165523702,3089.0,0.001219023731718776,0.005694450077241003,545547.0,0.2140424074298089,6476.0,0.002555648328459305,0.01027212567650735,636920.0,0.24989210854462382,-6.591949208711867e-17
2022-11-30,-4.708134934583441e-05,-4.708134934584384e-05,2548659.9663199997,2548659.9663199997,0.0,105959.96631999948,0.0415747756547511,443.0,0.00017380864800174017,0.0007156184122317441,619488.0,0.24306420165357576,2113.0,0.0008290240930647336,0.00329482869385693,643421.0,0.2524546265499015,-2384.0,-0.0009353494736707643,-0.004369925964215732,543163.0,0.21311709179638857,-292.0,-0.00011456461674155335,-0.0004584563210450292,636628.0,0.24978930434538302,-9.425782637045854e-18
2022-12-01,-0.006166770070427874,-0.006166770070427918,2532942.9663199997,2532942.9663199997,0.0,105959.96631999948,0.041832748596761345,-6169.0,-0.0024204876607793998,-0.0099582235652668,613319.0,0.24213691668354614,-5276.0,-0.002070107456357937,-0.008199918871159008,638145.0,0.2519381638217984,-1312.0,-0.0005147803227334369,-0.0024154811723184383,541851.0,0.21392151627765676,-2960.0,-0.0011613946305571443,-0.004649497037516414,633668.0,0.2501706546202373,-4.423544863740858e-17
2022-12-02,-0.002957034603460418,-0.0029570346034604516,2525452.9663199997,2525452.9663199997,0.0,105959.96631999948,0.04195681635457285,-1554.0,-0.000613515590624505,-0.0025337548649234736,611765.0,0.24223971230453847,-2142.0,-0.0008456566249148581,-0.003356603906635639,636003.0,0.2518371985073082,-933.0,-0.00036834623298112167,-0.0017218755709595443,540918.0,0.2141865270166589,-2861.0,-0.0011295161549399668,-0.00451498260918967,630807.0,0.24977974581692153,-3.382710778154774e-17
2022-12-05,0.02211603254737593,0.02211603254737585,2581305.9663199997,2581305.9663199997,0.0,105959.96631999948,0.041048975868234534,9772.0,0.003869404867293732,0.015973453858916412,621537.0,0.2407839318971106,8548.0,0.003384739337456695,0.01344018817521301,644551.0,0.24969957394043238,20394.0,0.008075383019196518,0.037702572293767264,561312.0,0.2174527186330515,17139.0,0.006786505323428906,0.027169958481754325,647946.0,0.25101479966117096,-7.979727989493313e-17
2022-12-06,-0.005463900902885621,-0.005463900902885665,2567201.9663199997,2567201.9663199997,0.0,105959.96631999948,0.04127449562213044,1090.0,0.00042226687352136806,0.0017537169951265974,622627.0,0.24253136612095835,-7505.0,-0.0029074430144751073,-0.011643764418952108,637046.0,0.24814798693582518,-4775.0,-0.0018498388266647086,-0.00850685536742489,556537.0,0.2167873845927976,-2914.0,-0.001128885935267217,-0.004497288354276437,645032.0,0.25125876672828834,-4.423544863740858e-17
2022-12-07,0.0003466809435628271,0.00034668094356276376,2568091.9663199997,2568091.9663199997,0.0,105959.96631999948,0.04126019150000964,-2901.0,-0.0011300240643545816,-0.0046592903937670545,619726.0,0.24131768181497376,-1201.0,-0.00046782450923469585,-0.0018852641724459458,635845.0,0.24759432619196547,2175.0,0.0008472259014033834,0.00390809595768116,558712.0,0.21755918687001613,2817.0,0.001097303615748658,0.0043672251919284625,647849.0,0.25226861362303493,-6.331740687315346e-17
2022-12-08,0.003967926434738311,0.003967926434738227,2578281.9663199997,2578281.9663199997,0.0,105959.96631999948,0.04109712114662032,5135.0,0.001999538983550618,0.008285919906539341,624861.0,0.24235557171889488,-3853.0,-0.0015003356774334043,-0.006059652902830092,631992.0,0.24512136696284104,1597.0,0.0006218624647965602,0.0028583599421526653,560309.0,0.21731874454357414,7311.0,0.0028468606638244534,0.011285037099694528,655160.0,0.25410719562806955,-8.413408858487514e-17
2022-12-09,-0.007798603978407703,-0.007798603978407709,2558174.9663199997,2558174.9663199997,0.0,105959.96631999948,0.04142014041847404,-1104.0,-0.00042819211180992247,-0.001766792934748688,623757.0,0.24382890467311955,-3355.0,-0.0013012541079006248,-0.00530861150141141,628637.0,0.2457365146154606,-4303.0,-0.0016689408126069713,-0.007679691027629398,556006.0,0.21734478967239246,-11345.0,-0.004400216946090191,-0.017316380731424386,643815.0,0.2516696506205533,-6.071532165918825e-18
2022-12-12,-0.014176121835860256,-0.014176121835860247,2521909.9663199997,2521909.9663199997,0.0,105959.96631999948,0.0420157609649394,-6125.0,-0.0023942850198440373,-0.009819529079433178,617632.0,0.244906443230904,-13196.0,-0.005158364917855007,-0.02099144657409602,615441.0,0.2440376572594535,-6518.0,-0.002547910164790765,-0.011722895076671834,549488.0,0.217885653071834,-10426.0,-0.004075561733370438,-0.01619409302361703,633389.0,0.25115448547286906,8.673617379884035e-18
2022-12-13,0.014781257260502167,0.01478125726050206,2559186.9663199997,2559186.9663199997,0.0,105959.96631999948,0.04140376131735515,4755.0,0.0018854757162241407,0.007698759131651209,622387.0,0.24319715917237794,4290.0,0.0017010916556470166,0.006970611317738012,619731.0,0.24215932956674377,17287.0,0.006854725279993001,0.03146019567306292,566775.0,0.22146682030621545,10945.0,0.004339964608637901,0.017280060121031466,644334.0,0.25177292963730763,-1.0755285551056204e-16
2022-12-14,-0.007396880434734521,-0.007396880434734522,2540256.9663199997,2540256.9663199997,0.0,105959.96631999948,0.04171230222960505,-411.0,-0.0001605978794863121,-0.000660360836585597,621976.0,0.24484767023433834,-1824.0,-0.00071272635567648,-0.002943212458308524,617907.0,0.2432458637817043,-9289.0,-0.0036296683760300564,-0.016389219707997,557486.0,0.2194604748225982,-7406.0,-0.0028938878235416727,-0.011494038805960883,636928.0,0.250733688931754,-8.673617379884035e-19
2022-12-15,-0.009230955887887915,-0.009230955887887957,2516807.9663199997,2516807.9663199997,0.0,105959.96631999948,0.04210093409507557,-5201.0,-0.002047430661132895,-0.008362058986198824,616775.0,0.2450623997753113,-4491.0,-0.0017679313784171953,-0.007268084032063077,613416.0,0.24372777272193646,-3291.0,-0.0012955382245315053,-0.005903287257437855,554195.0,0.22019757065944412,-10466.0,-0.004120055623806361,-0.01643199859324759,626462.0,0.24891132274823247,-4.163336342344337e-17
2022-12-16,0.011040174845213802,0.011040174845213895,2544593.9663199997,2544593.9663199997,0.0,105959.96631999948,0.041641207879321955,6137.0,0.0024384061406851534,0.009950143893640306,622912.0,0.24479819108463008,2918.0,0.0011594051032294732,0.004756967539157765,616334.0,0.24221310282022884,11799.0,0.004688081155930279,0.02129034004276473,565994.0,0.22242998588043594,6932.0,0.002754282445368989,0.011065316012782898,633394.0,0.24891751233538312,9.367506770274758e-17
2022-12-19,-0.015985654504568014,-0.015985654504568056,2503916.9663199997,2503916.9663199997,0.0,105959.96631999948,0.04231768375120225,-6893.0,-0.002708880116527463,-0.011065768519469844,616019.0,0.24602213583198868,-13133.0,-0.005161137758647203,-0.021308251694698004,603201.0,0.2409029564932111,-4777.0,-0.0018773132622445512,-0.008440018798785852,561217.0,0.22413562731867231,-15874.0,-0.006238323367148839,-0.02506180986873889,617520.0,0.24662159660492558,-4.163336342344337e-17
2022-12-20,-0.006322094627309149,-0.006322094627309192,2488086.9663199997,2488086.9663199997,0.0,105959.96631999948,0.042586922303893326,-5613.0,-0.002241687753827321,-0.009111731943332917,610406.0,0.24533145676287185,673.0,0.0002687788808704413,0.0011157143307123165,603874.0,0.24270614659951323,-7668.0,-0.0030624018700067517,-0.013663164159318054,553549.0,0.22247976356659493,-3222.0,-0.00128678388434556,-0.005217644772638943,614298.0,0.24689571076712655,-4.2500725161431774e-17
2022-12-21,0.004378866232362499,0.00437886623236254,2498981.9663199997,2498981.9663199997,0.0,105959.96631999948,0.04240125288940604,1910.0,0.0007676580545032081,0.0031290649174483868,612316.0,0.2450261779606583,-2179.0,-0.0008757732464725081,-0.0036083686331916925,601695.0,0.2407760472501752,7114.0,0.0028592248166156137,0.012851617471985316,560663.0,0.2243565610141766,4050.0,0.0016277566077162267,0.006592891397985994,618348.0,0.2474399608855838,4.0766001685454967e-17
2022-12-22,-0.007567481580448621,-0.007567481580448672,2480070.9663199997,2480070.9663199997,0.0,105959.96631999948,0.04272457028809378,212.0,8.483454576992853e-05,0.0003462264582339838,612528.0,0.24698002932911498,-9167.0,-0.003668293778645919,-0.015235293628831883,592528.0,0.23891574396325038,147.0,5.882395390650704e-05,0.0002621895862576985,560810.0,0.22612659380152575,-10103.0,-0.004042846301479188,-0.016338696009366892,608245.0,0.24525306261801505,-5.117434254131581e-17
2022-12-23,-0.003620460915004897,-0.003620460915004903,2471091.9663199997,2471091.9663199997,0.0,105959.96631999948,0.04287981498227977,-2050.0,-0.0008265892500011194,-0.0033467857795888515,610478.0,0.24704786722654287,1195.0,0.00048184105061040866,0.0020167823292738907,593723.0,0.24026746397633444,-6566.0,-0.0026475048856133415,-0.01170806512009415,554244.0,0.22429112617179983,-1558.0,-0.0006282078300008508,-0.0025614678295752535,606687.0,0.245513727643043,-5.637851296924623e-18
2022-12-26,0.002842468065023196,0.0028424680650232063,2478115.9663199997,2478115.9663199997,0.0,105959.96631999948,0.04275827594838104,-1965.0,-0.000795195009648434,-0.0032187892110772214,608513.0,0.24555469084993684,9862.0,0.003990948185828426,0.016610439548408937,603585.0,0.24356608334852192,607.0,0.00024564039229343486,0.00109518551396136,554851.0,0.22390033700640463,-1480.0,-0.00059892550345022,-0.0024394786768135793,605207.0,0.24422061284675547,1.0408340855860843e-17
2022-12-27,0.01406915595309055,0.014069155953090644,2512980.9663199997,2512980.9663199997,0.0,105959.96631999948,0.0421650492940927,6213.0,0.0025071465921856356,0.010210135198426328,614726.0,0.24462023717601114,6098.0,0.002460740370054403,0.010102968098942153,609683.0,0.24261345715356436,2291.0,0.0009244926513274249,0.004129036444018304,557142.0,0.2217056187321135,20263.0,0.008176776339523182,0.033481106464399786,625470.0,0.24889563764421824,9.367506770274758e-17
2022-12-28,-5.9690066104955974e-05,-5.9690066104901486e-05,2512830.9663199997,2512830.9663199997,0.0,105959.96631999948,0.04216756627891137,3143.0,0.0012507058517847024,0.005112847024528001,617869.0,0.2458856199567053,10022.0,0.003988092283355484,0.01643805059350515,619705.0,0.2466162699783774,-9256.0,-0.0036832750124464546,-0.016613358892347014,547886.0,0.21803535826461506,-4059.0,-0.0016152131887986342,-0.00648951988104945,621411.0,0.2472951855213908,5.448793543097463e-17
2022-12-29,-0.006442534423120594,-0.006442534423120601,2496641.9663199997,2496641.9663199997,0.0,105959.96631999948,0.042440993842694376,-1507.0,-0.0005997219949127645,-0.0024390283377220736,616362.0,0.24687640771676417,994.0,0.0003955697829749754,0.0016039889947636376,620699.0,0.24861354105767033,-8916.0,-0.0035481893209304634,-0.016273458347174412,538970.0,0.21587797019787783,-6760.0,-0.0026901928902523476,-0.010878468517615555,614651.0,0.24619108718499325,-6.938893903907228e-18
2022-12-30,0.012063003188395482,0.012063003188395434,2526758.9663199997,2526758.9663199997,0.0,105959.96631999948,0.04193513023298806,3499.0,0.0014014824901615573,0.00567685872912347,619861.0,0.24531861102001848,3327.0,0.0013325899527772225,0.005360085967594599,624026.0,0.24696696769175358,9111.0,0.003649301791329508,0.016904465925747257,548081.0,0.21691067779141252,14180.0,0.005679628954127145,0.023070002326523505,628831.0,0.24886861326382728,-4.85722573273506e-17
2023-01-03,0.0020919023818477545,0.002091902381847763,2532044.6994199995,2532044.6994199995,0.0,109607.69941999942,0.0432882166120948,-640.9814,-0.00025367730303675645,-0.0010340728001923011,625880.0,0.2471836299506745,3312.1368,0.0013108241997549272,0.00530769038469551,628094.0,0.24805802209726938,5507.0,0.002179471834632671,0.010047784907705248,542353.0,0.21419566571010124,-2892.4223,-0.0011447163495030778,-0.004599681472446492,626110.0,0.24727446562986005,8.673617379884035e-18
2023-01-04,0.0047589997138519635,0.004758999713851901,2544094.6994199995,2544094.6994199995,0.0,109607.69941999942,0.043083183752942726,7367.0,0.0029095062980868842,0.0117706269572442,633247.0,0.24890858038592947,695.0,0.0002744817262346117,0.0011065222721439786,628789.0,0.24715628712380508,1892.0,0.0007472221957350869,0.0034885028754335274,544245.0,0.2139248197498609,2096.0,0.0008277894937953182,0.0033476545654916867,628206.0,0.24692712898746177,-6.245004513516506e-17
2023-01-05,-0.0006375548836172751,-0.0006375548836172577,2542472.6994199995,2542472.6994199995,0.0,109607.69941999942,0.043110669170608455,-1452.0,-0.0005707334716475081,-0.0022929441434385,631795.0,0.24849627692919887,-2072.0,-0.0008144350917724772,-0.0032952230398432545,626717.0,0.2464990086788226,-874.0,-0.0003435406709503596,-0.0016058944041745906,543371.0,0.2137175357375347,2776.0,0.0010911543507530872,0.004418932643113883,630982.0,0.24817650948383535,1.734723475976807e-17
2023-01-06,-0.00011484882416501474,-0.00011484882416499983,2542180.6994199995,2542180.6994199995,0.0,109607.69941999942,0.043115620948977584,-699.0,-0.00027492920579224277,-0.0011063715287395438,631096.0,0.2482498589278036,721.0,0.00028358219939371535,0.0011504395125710649,627438.0,0.24681093682410163,5327.0,0.002095204405229295,0.009803614841425104,548698.0,0.21583752882916069,-5641.0,-0.0022187062229957672,-0.008940033154670022,625341.0,0.24598605446995644,1.4907779871675686e-17
2023-01-09,-0.0005219927915834921,-0.0005219927915835235,2540853.6994199995,2540853.6994199995,0.0,109607.69941999942,0.04313813874644556,-1419.0,-0.0005581821938636172,-0.0022484693295473273,629677.0,0.24782103752913295,-3749.0,-0.001474718142913813,-0.005975092359723192,623689.0,0.24546434930211428,3833.0,0.0015077606406478114,0.006985627795253491,552531.0,0.21745880139660392,8.0,3.146904546095093e-06,1.2793020128218044e-05,625349.0,0.24611767302570328,-3.144186300207963e-17
2023-01-10,-0.007260551839018192,-0.0072605518390181705,2522405.6994199995,2522405.6994199995,0.0,109607.69941999942,0.04345363612411856,-3871.0,-0.0015235036951886025,-0.006147596307313114,625806.0,0.24809886853010896,-3279.0,-0.0012905111383423992,-0.005257427980932805,620410.0,0.2459596408867363,-6563.0,-0.0025829901192257294,-0.011878066570020506,545968.0,0.21644733839823607,-4735.0,-0.0018635468862614397,-0.007571771922558443,620614.0,0.24604051606080007,2.168404344971009e-17
2023-01-11,-0.0007358055052074652,-0.000735805505207496,2520549.6994199995,2520549.6994199995,0.0,109607.69941999942,0.043485633092345335,1857.0,0.0007362019521391811,0.002967373275424013,627663.0,0.24901829951793084,-2559.0,-0.0010145076981821024,-0.004124691736109992,617851.0,0.24512549787936055,-899.0,-0.0003564057915848809,-0.001646616651525364,545069.0,0.21625005058437258,-255.0,-0.00010109396757969368,-0.0004108834154563062,620359.0,0.24612051892599063,-3.0791341698588326e-17
2023-01-12,-0.001645672767711881,-0.0016456727677119365,2516401.6994199995,2516401.6994199995,0.0,109607.69941999942,0.04355731417812295,-1016.0,-0.0004030866759873017,-0.0016187030301292255,626647.0,0.24902502654661005,1770.0,0.0007022277721432323,0.0028647683664831812,619621.0,0.24623294450278554,-3430.0,-0.0013608142703114615,-0.006292781280902051,541639.0,0.2152434566090308,-1472.0,-0.0005839995935564056,-0.0023728196092907493,618887.0,0.24594125816345064,-5.551115123125783e-17
2023-01-13,0.007548476860581577,0.007548476860581568,2535396.6994199995,2535396.6994199995,0.0,109607.69941999942,0.043230986080037656,5093.0,0.0020239216978648025,0.00812738272105348,631740.0,0.24916810854274507,2686.0,0.001067397149119352,0.00433490795179634,622307.0,0.24544758622678642,5289.0,0.0021018106931095506,0.009764806448575527,546928.0,0.21571693302476727,5927.0,0.0023553473204878626,0.009576869444664373,624814.0,0.24643638612566357,-8.673617379884035e-18
2023-01-16,0.0022225318827973073,0.0022225318827973034,2541031.6994199995,2541031.6994199995,0.0,109607.69941999942,0.04313511690744268,-902.0,-0.0003557628674859215,-0.0014278025770095293,630838.0,0.24826057862402554,2374.0,0.0009363426246248089,0.003814837371265308,624681.0,0.2458375470650704,-683.0,-0.00026938585198767667,-0.0012487932598075067,546245.0,0.21496977000510564,4846.0,0.0019113379776460927,0.0077559081582679,629660.0,0.2477969873983557,-3.903127820947816e-18
2023-01-17,0.0019153637481621466,0.0019153637481621783,2545898.6994199995,2545898.6994199995,0.0,109607.69941999942,0.043052655412004405,-365.0,-0.0001436424425886984,-0.0005785954555686246,630473.0,0.24764261050277955,-3234.0,-0.0012727113954297277,-0.00517704236242178,621447.0,0.2440973005491446,9626.0,0.003788225074955646,0.01762212926434109,555871.0,0.218339794952029,-1160.0,-0.0004565074887750415,-0.0018422640790267764,628500.0,0.2468676385840424,3.165870343657673e-17
2023-01-18,0.0024368605087914386,0.0024368605087914065,2552102.6994199995,2552102.6994199995,0.0,109607.69941999942,0.042947997133857226,1691.0,0.0006642055319739311,0.002682113270512774,632164.0,0.2477031978939045,3960.0,0.0015554428779519615,0.006372224823677643,625407.0,0.24505557716863524,106.0,4.1635592187603015e-05,0.00019069172523840963,555977.0,0.21785055911987924,447.0,0.00017557650667791082,0.000711217183770883,628947.0,0.24644266868372378,-3.209238430557093e-17
2023-01-19,0.0019450627912145357,0.0019450627912145297,2557066.6994199995,2557066.6994199995,0.0,109607.69941999942,0.042864622751084644,360.0,0.0001410601540767991,0.0005694724786606008,632524.0,0.2473631212449291,162.0,6.34770693345596e-05,0.00025903131880519406,625569.0,0.24464320783728213,2270.0,0.0008894626382064831,0.004082902710004191,558247.0,0.21831538462669864,2172.0,0.0008510629295966878,0.0034533911442458584,631119.0,0.24681366354000545,-6.071532165918825e-18
2023-01-20,0.005317029862022649,0.005317029862022715,2570662.6994199995,2570662.6994199995,0.0,109607.69941999942,0.04263791568015883,880.0,0.0003441443276390107,0.0013912515572531636,633404.0,0.24639716449105145,3326.0,0.0013007091292356245,0.005316759622040095,628895.0,0.24464314207456822,796.0,0.00031129418727346875,0.0014258921230208134,559043.0,0.21747038229719245,8594.0,0.0033608822178746115,0.013617083307585416,639713.0,0.248851395457029,6.678685382510707e-17
2023-01-30,0.0012164178523714764,0.0012164178523715004,2573789.6994199995,2573789.6994199995,0.0,109607.69941999942,0.0425861131718335,-818.0,-0.00031820588527019104,-0.0012914348504272156,632586.0,0.24577998744130203,-107.0,-4.162350821993942e-05,-0.0001701396894553145,628788.0,0.2443043424028376,4583.0,0.0017828087679624518,0.008197938262351913,563626.0,0.21898681159809305,-531.0,-0.00020656152210082085,-0.0008300597299101315,639182.0,0.2483427453859338,2.4069288229178198e-17
2023-01-31,0.002046010208676563,0.002046010208676601,2579055.6994199995,2579055.6994199995,0.0,109607.69941999942,0.04249915945772283,-1832.0,-0.0007117908663683125,-0.002896048916669038,630754.0,0.2445678083423516,3569.0,0.0013866711801683992,0.005675998905831536,632357.0,0.245189353662354,2009.0,0.0007805610537849016,0.0035644203780521126,565635.0,0.2193186444663467,1520.0,0.000590568841091613,0.002378039431648576,640702.0,0.24842503407122485,3.8163916471489756e-17
2023-02-01,0.003511362706139609,0.003511362706139535,2588111.6994199995,2588111.6994199995,0.0,109607.69941999942,0.04235045166117162,1308.0,0.0005071623696588462,0.002073708609061536,632062.0,0.24421743471954716,4701.0,0.0018227601680170001,0.007434091818387398,637058.0,0.24614779962656397,1130.0,0.00043814486063799404,0.0019977547358278748,566765.0,0.21898784357994017,1917.0,0.0007432953078256943,0.0029920306164176167,642619.0,0.24829647041277703,-7.41594285980085e-17
2023-02-02,-0.003747906244608301,-0.0037479062446082938,2578411.6994199995,2578411.6994199995,0.0,109607.69941999942,0.042509774309764076,-1289.0,-0.0004980465102371228,-0.002039356898532106,630773.0,0.24463626198325472,-2443.0,-0.0009439314387193878,-0.003834815668275102,634615.0,0.24612632658421205,-4529.0,-0.0017499244723537075,-0.007990966273499598,562236.0,0.21805516943879524,-1439.0,-0.0005560038232980758,-0.0022392739710466077,641180.0,0.24867246768397389,7.37257477290143e-18
2023-02-03,-0.004466315446284397,-0.0044663154462844185,2566895.6994199995,2566895.6994199995,0.0,109607.69941999942,0.04270048815959516,-1616.0,-0.0006267424245567575,-0.0025619359103829747,629157.0,0.24510423237771622,-2594.0,-0.001006045698824399,-0.004087517628798563,632021.0,0.24621997697172024,-2836.0,-0.0010999019282444086,-0.005044145163241059,559400.0,0.21792860540706765,-4470.0,-0.0017336253946588528,-0.00697152125768115,636710.0,0.24804669708390067,-2.168404344971009e-17
2023-02-06,-0.0004499598484897227,-0.0004499598484897446,2565740.6994199995,2565740.6994199995,0.0,109607.69941999942,0.04271971031397556,-1387.0,-0.0005403413938140915,-0.002204537182293132,627770.0,0.24467398445287594,-1666.0,-0.0006490329935791468,-0.0026359883611462276,630355.0,0.24568149078451124,1383.0,0.0005387830913084994,0.0024722917411512334,560783.0,0.21856573430306822,515.0,0.00020063144759499435,0.0008088454712506479,637225.0,0.24835908014556904,-2.190088388420719e-17
2023-02-07,0.005005182325284574,0.005005182325284472,2578582.6994199995,2578582.6994199995,0.0,109607.69941999942,0.04250695525284238,43.0,1.6759292944029924e-05,6.849642384949903e-05,627813.0,0.24347212138715346,3382.0,0.0013181378775978885,0.005365230703333836,633737.0,0.24576950746724022,3398.0,0.0013243738935770624,0.00605938482443298,564181.0,0.2187949993331225,6019.0,0.002345911261165491,0.009445643218643336,643244.0,0.2494564165596414,-1.0234868508263162e-16
2023-02-08,-0.005644185855770201,-0.00564418585577016,2564028.6994199995,2564028.6994199995,0.0,109607.69941999942,0.04274823423185295,-851.0,-0.00033002625829740324,-0.0013554991693386406,626962.0,0.24452222400701795,-2189.0,-0.000848915957007069,-0.0034541142461304926,631548.0,0.24631081553137857,-5693.0,-0.002207801984121171,-0.010090733293038936,558488.0,0.21781659469191345,-5821.0,-0.002257441656344517,-0.009049443135108916,637423.0,0.24860213153783706,4.0766001685454967e-17
2023-02-09,0.0035475421948505392,0.0035475421948504616,2573124.6994199995,2573124.6994199995,0.0,109607.69941999942,0.04259711915427409,2525.0,0.0009847783687332251,0.0040273573199013655,629487.0,0.2446391347228103,2464.0,0.000960987683389571,0.003901524508034227,634012.0,0.24639769698798927,1508.0,0.000588136942593942,0.0027001475412184324,559996.0,0.21763267055274355,2599.0,0.0010136392001337236,0.004077355225650785,640022.0,0.24873337858218278,-7.762887554996212e-17
2023-02-10,0.00237026989068001,0.002370269890679903,2579223.6994199995,2579223.6994199995,0.0,109607.69941999942,0.042496391237660906,1913.0,0.0007434540581850556,0.003038982536573432,631400.0,0.24480234116256977,2780.0,0.001080398474518795,0.0043847750515763105,636792.0,0.2468928926727829,1061.0,0.00041233913002318033,0.0018946563904027886,561057.0,0.21752940628072204,345.0,0.00013407822795287203,0.0005390439703635187,640367.0,0.24827896864626434,-1.0711917464156784e-16
2023-02-13,0.0016861662681597611,0.0016861662681596705,2583572.6994199995,2583572.6994199995,0.0,109607.69941999942,0.042424855876749996,-2245.0,-0.0008704169399904484,-0.003555590750712702,629155.0,0.24352130680945905,-592.0,-0.00022952642693734764,-0.0009296599203507582,636200.0,0.24624815092016727,4956.0,0.001921508398482255,0.008833327095107984,566013.0,0.2190815068324059,2230.0,0.0008646012366052115,0.003482378073823292,642597.0,0.24872417956121776,-9.063930161978817e-17
2023-02-14,-0.0001312136484783455,-0.00013121364847836642,2583233.6994199995,2583233.6994199995,0.0,109607.69941999942,0.04243042332740127,669.0,0.0002589437487670417,0.0010633309756737212,629824.0,0.24381224205204943,1199.0,0.00046408603104885343,0.0018846274756365922,637399.0,0.24674461321215807,-1614.0,-0.0006247163086846117,-0.0028515246116255282,564399.0,0.21848545879790965,-593.0,-0.00022952711960964978,-0.0009228178780791071,642004.0,0.24852726261048155,-2.0925101928970236e-17
2023-02-15,-0.004903543958428513,-0.004903543958428561,2570566.6994199995,2570566.6994199995,0.0,109607.69941999942,0.042639508029389143,-1730.0,-0.0006697032484472575,-0.0027467991057819325,628094.0,0.24434067403958734,-4594.0,-0.0017783911695761277,-0.007207416390675229,632805.0,0.2461733438555711,-2802.0,-0.0010846869954619742,-0.0049645729351044205,561597.0,0.2184720591481691,-3541.0,-0.0013707625449432017,-0.00551554195924013,638463.0,0.24837441492728327,-4.7704895589362195e-17
2023-02-16,-0.010664185452252672,-0.0106641854522527,2543153.6994199995,2543153.6994199995,0.0,109607.69941999942,0.04309912509220223,-1252.0,-0.00048705213534528806,-0.001993332208236347,626842.0,0.24648215329767909,-7964.0,-0.0030981495254711455,-0.012585235578100679,624841.0,0.24569533494672516,-10181.0,-0.00396060526353864,-0.018128658094683555,551416.0,0.21682370205377594,-8016.0,-0.003118378527897627,-0.01255515198218221,630447.0,0.24789968460961756,-2.7755575615628914e-17
2023-02-17,-0.0011462146391957306,-0.0011462146391957376,2540238.6994199995,2540238.6994199995,0.0,109607.69941999942,0.043148582629272444,-289.0,-0.00011363843249659285,-0.00046104121931842473,626553.0,0.246651230115917,195.0,7.667645099251075e-05,0.0003120793929975786,625036.0,0.24605404214285512,-1855.0,-0.0007294093158518331,-0.0033640663310458892,549561.0,0.21634226741190843,-966.0,-0.0003798433418398225,-0.0015322461681949475,629481.0,0.247803877700047,-6.938893903907228e-18
2023-02-20,0.011683941358257677,0.011683941358257668,2569918.6994199995,2569918.6994199995,0.0,109607.69941999942,0.04265025949837892,6279.0,0.002471814952442719,0.010021498580327602,632832.0,0.24624592215419996,7287.0,0.002868628055175998,0.011658528468760199,632323.0,0.24604786141394586,9687.0,0.0038134211569219013,0.01762679666133514,559248.0,0.21761310975565715,6427.0,0.0025300771937170497,0.010209998395503598,635908.0,0.24744284717781811,-8.673617379884035e-18
2023-02-21,0.0049149414737714725,0.004914941473771395,2582549.6994199995,2582549.6994199995,0.0,109607.69941999942,0.04244166121744554,1662.0,0.0006467130654269701,0.002626289441747573,634494.0,0.24568510729628842,3504.0,0.0013634672570734677,0.0055414716845662735,635827.0,0.24620126386833788,2567.0,0.0009988642833640385,0.004590092409807456,561815.0,0.2175427640854985,4898.0,0.001905896867906919,0.0077023720412386695,640806.0,0.24812920353242962,-7.719519468096792e-17
2023-02-22,-0.0022338389078420118,-0.002233838907841978,2576780.6994199995,2576780.6994199995,0.0,109607.69941999942,0.0425366813111689,-2307.0,-0.000893303234597234,-0.0036359681888244806,632187.0,0.2453398537726929,-2163.0,-0.0008375443851035185,-0.003401868747316487,633664.0,0.2459130496214248,799.0,0.00030938417184360207,0.001422176339186387,562614.0,0.21833988438621774,-2098.0,-0.0008123754599848275,-0.003274001803978115,638708.0,0.24787053090849565,3.382710778154774e-17
2023-02-23,0.0012309933867147294,0.0012309933867146617,2579952.6994199995,2579952.6994199995,0.0,109607.69941999942,0.04248438331626792,595.0,0.00023090828029483725,0.0009411772149696213,632782.0,0.2452688377357678,-1585.0,-0.0006151086122139782,-0.0025013256236743765,632079.0,0.24499635211998189,2253.0,0.0008743468159735602,0.004004521750258614,564867.0,0.21894471171002014,1909.0,0.0007408469026602425,0.002988846233333542,640617.0,0.2483057151179622,-6.765421556309548e-17
2023-02-24,-0.002438029193874036,-0.002438029193874003,2573662.6994199995,2573662.6994199995,0.0,109607.69941999942,0.04258821462684314,-1445.0,-0.0005600877877818656,-0.002283566852407306,631337.0,0.24530681512471625,-933.0,-0.00036163453702455406,-0.0014760813126207324,631146.0,0.24523260182549758,-2403.0,-0.000931412424941054,-0.0042540987524496915,562464.0,0.21854612110854965,-1509.0,-0.0005848944441265296,-0.0023555416106659675,639108.0,0.24832624731439334,3.2959746043559335e-17
2023-02-27,-0.001159825644857282,-0.0011598256448573077,2570677.6994199995,2570677.6994199995,0.0,109607.69941999942,0.042637666886334795,-1743.0,-0.0006772449242835132,-0.0027608076193855265,629594.0,0.24491362730615746,-874.0,-0.0003395938404037812,-0.001384782601806872,630272.0,0.2451773709875038,24.0,9.325231315435639e-06,4.266939750810719e-05,562488.0,0.21880922689254645,-392.0,-0.00015231211148544876,-0.0006133548633407812,638716.0,0.2484621079274575,-2.5804011705155006e-17
2023-02-28,0.007086458175643795,0.00708645817564378,2588894.6994199995,2588894.6994199995,0.0,109607.69941999942,0.04233764295031207,4168.0,0.0016213623360642959,0.006620139327884319,633762.0,0.24480022309983648,7012.0,0.0027276853887914687,0.011125355402112104,637284.0,0.24616064923103026,3162.0,0.0012300258413232494,0.005621453257669497,565650.0,0.21849092592554067,3875.0,0.0015073846094647663,0.006066859136141885,642591.0,0.2482105587932805,-1.474514954580286e-17
2023-03-01,0.005897497493204451,0.0058974974932045525,2604162.6994199995,2604162.6994199995,0.0,109607.69941999942,0.04208942069725955,233.0,8.999979800344909e-05,0.00036764589861809323,633995.0,0.2434544508840418,5297.0,0.002046046909975407,0.008311835853402878,642581.0,0.24675147990681073,6025.0,0.00232724799558275,0.010651462918766022,571675.0,0.21952353442713995,3713.0,0.0014342027896429462,0.005778169940132993,646304.0,0.2481811140847479,1.0148132334464322e-16
2023-03-02,0.008936845614593736,0.008936845614593656,2627435.6994199995,2627435.6994199995,0.0,109607.69941999942,0.04171660583137965,2187.0,0.0008398092793845368,0.003449554018564815,636182.0,0.24213037835347817,5109.0,0.0019618589887405572,0.007950748621574556,647690.0,0.24651031427447534,8829.0,0.0033903411649227598,0.01544408973630122,580504.0,0.2209393745118653,7148.0,0.0027448361815458023,0.011059810862999455,653452.0,0.24870332702880152,-7.979727989493313e-17
2023-03-03,0.010440598034827442,0.010440598034827475,2654867.6994199995,2654867.6994199995,0.0,109607.69941999942,0.04128555989586414,7805.0,0.0029705769780485726,0.012268501780936901,643987.0,0.24256839621073764,8193.0,0.00311824947868699,0.012649570010344455,655883.0,0.24704922213008532,5048.0,0.0019212649052132217,0.00869589184570649,585552.0,0.2205578832150181,6386.0,0.0024305066728786914,0.009772714751810385,659838.0,0.24853893854829479,3.2959746043559335e-17
2023-03-06,0.00035820994025725916,0.000358209940257197,2655818.6994199995,2655818.6994199995,0.0,109607.69941999942,0.041270776293553656,-2346.0,-0.000883659852621855,-0.0036429306802777074,641641.0,0.24159819348366177,701.0,0.0002640432892957887,0.0010687881832582946,656584.0,0.24722470707183078,1622.0,0.0006109532314376167,0.0027700357952837665,587174.0,0.2210896399397414,974.0,0.00036687327214564655,0.0014761198960957084,660812.0,0.24881668321121234,-6.217899459204368e-17
2023-03-07,-0.0021499961579632965,-0.002149996157963267,2650108.6994199995,2650108.6994199995,0.0,109607.69941999942,0.041359699488548556,5033.0,0.00189508417916447,0.007843950121641229,646674.0,0.24401791524307306,-3.0,-1.1295951793152016e-06,-4.569103115519111e-06,656581.0,0.24775625246756813,-7555.0,-0.002844697193242116,-0.012866714125625454,579619.0,0.21871517954220326,-3185.0,-0.0011992535487063058,-0.004819827727099386,657627.0,0.24815095325860698,2.949029909160572e-17
2023-03-08,0.005595996874862452,0.005595996874862409,2664938.6994199995,2664938.6994199995,0.0,109607.69941999942,0.041129538718415765,-54.0,-2.037652267313352e-05,-8.350420768424276e-05,646620.0,0.24263972756323857,3929.0,0.0014825806959766962,0.0059840293886055185,660510.0,0.2478518549577723,7490.0,0.0028262991633661123,0.012922281705741185,587109.0,0.22030863228778175,3465.0,0.0013074935381927342,0.005268944249551798,661092.0,0.2480702464727916,-4.336808689942018e-17
2023-03-09,0.000752362521673211,0.0007523625216731516,2666943.6994199995,2666943.6994199995,0.0,109607.69941999942,0.041098617658796716,-1048.0,-0.0003932548242959915,-0.001620735516996072,645572.0,0.24206435259221912,2724.0,0.0010221623486472145,0.004124085933596766,663234.0,0.24868691459224976,-429.0,-0.00016097931261734768,-0.0007306990695083877,586680.0,0.21998214665258578,758.0,0.0002844343099392763,0.0011465877669068754,661850.0,0.2481679685041486,-5.941427905220564e-17
2023-03-10,-0.011846894258349394,-0.011846894258349438,2635348.6994199995,2635348.6994199995,0.0,109607.69941999942,0.04159134593616489,-7610.0,-0.002853453562463656,-0.011787995761897976,637962.0,0.24207878074746078,-9840.0,-0.0036896166957480128,-0.01483639258542234,653394.0,0.24793455232083791,-5337.0,-0.002001167104187718,-0.009096952341992228,581343.0,0.22059433733681802,-8808.0,-0.0033026568959500504,-0.013308151393820352,653042.0,0.24780098365871836,-4.336808689942018e-17
2023-03-13,0.008175009251998322,0.00817500925199823,2656892.6994199995,2656892.6994199995,0.0,109607.69941999942,0.04125409334141601,4032.0,0.0015299683115510985,0.0063201256501170915,641994.0,0.24163339382886914,2505.0,0.000950538348322297,0.0038338276751852633,655899.0,0.24686695106023024,6613.0,0.002509345348285569,0.011375384239596933,587956.0,0.2212945973047203,8394.0,0.003185157243839266,0.012853690880525296,661436.0,0.2489509644647643,-9.194034422677078e-17
2023-03-14,-0.003891387861563622,-0.003891387861563625,2646553.6994199995,2646553.6994199995,0.0,109607.69941999942,0.04141525616654606,-2022.0,-0.0007610393902777494,-0.0031495621454406117,639972.0,0.24181334395000256,-2192.0,-0.0008250239087481833,-0.0033419779569720336,653707.0,0.24700311206353454,-1812.0,-0.0006819996909907428,-0.003081863268679969,586144.0,0.22147444056338447,-4313.0,-0.00162332487154695,-0.006520661107045882,657123.0,0.24829384725653236,-3.0357660829594124e-18
2023-03-15,0.016686606438281792,0.016686606438281695,2690715.6994199995,2690715.6994199995,0.0,109607.69941999942,0.04073551859961498,7441.0,0.0028115809634358517,0.011627071184364316,647413.0,0.24060996118599742,12930.0,0.004885598959444371,0.019779503661426296,666637.0,0.24775452870910805,9076.0,0.0034293655186324137,0.015484249604192826,595220.0,0.22121251982448512,14715.0,0.005560060996769058,0.022393067964445013,671838.0,0.2496874716807944,-9.71445146547012e-17
2023-03-16,-0.0032013787268037053,-0.003201378726803728,2682101.6994199995,2682101.6994199995,0.0,109607.69941999942,0.040866347254357255,6369.0,0.0023670282227783775,0.009837615247145177,653782.0,0.24375734900036766,-9237.0,-0.003432915637274905,-0.013856116597188575,657400.0,0.24510629113808838,-5856.0,-0.002176372628762785,-0.009838379086724237,589364.0,0.2197396169308006,110.0,4.08813164555851e-05,0.00016372994680265184,671948.0,0.2505303956763861,-2.2551405187698492e-17
2023-03-17,0.005475929567911653,0.0054759295679116275,2696788.6994199995,2696788.6994199995,0.0,109607.69941999942,0.040643784751683676,1792.0,0.0006681327558859969,0.0027409748203529615,655574.0,0.24309431441217283,3849.0,0.001435068625784153,0.005854882871919684,661249.0,0.2451986691216169,3311.0,0.0012344796622424865,0.005617920334462234,592675.0,0.21977064800348173,5735.0,0.002138248523998991,0.008534886628131939,677683.0,0.25129258371104485,-2.5153490401663703e-17
2023-03-20,-0.004432308694622855,-0.004432308694622883,2684835.6994199995,2684835.6994199995,0.0,109607.69941999942,0.04082473256880404,49.0,1.816975872471524e-05,7.474365975465775e-05,655623.0,0.24419483104371456,-4630.0,-0.0017168567937843175,-0.0070019009480543635,656619.0,0.24456580346493764,-5467.0,-0.0020272259377146573,-0.00922427974859746,587208.0,0.21871282482084603,-1905.0,-0.000706395721848623,-0.0028110488237125617,675778.0,0.2517018081016977,-2.7755575615628914e-17
2023-03-21,-0.005966473108004577,-0.0059664731080045445,2668816.6994199995,2668816.6994199995,0.0,109607.69941999942,0.041069774272553046,-6624.0,-0.002467190078495668,-0.010103367331530468,648999.0,0.24317855929972398,-117.0,-4.357808562560283e-05,-0.0001781855231115761,656502.0,0.24598991760755778,-6977.0,-0.002598669259913085,-0.011881650113758668,580231.0,0.21741133444125207,-2301.0,-0.000857035683970189,-0.003404964352198503,673477.0,0.2523504143789131,3.2959746043559335e-17
2023-03-22,0.004729436833463607,0.004729436833463713,2681438.6994199995,2681438.6994199995,0.0,109607.69941999942,0.0408764516763735,5526.0,0.0020705805689843508,0.0085146510241156,654525.0,0.24409470935941033,6110.0,0.002289404139792686,0.009306902339977639,662612.0,0.24711062764303518,545.0,0.00020421035289476498,0.0009392810794321572,580776.0,0.21659119044027483,441.0,0.00016524177179191073,0.0006548107804720874,673918.0,0.25132702088090614,1.0581813203458523e-16
2023-03-23,-0.0016062272842305436,-0.0016062272842305187,2677131.6994199995,2677131.6994199995,0.0,109607.69941999942,0.0409422141778628,2101.0,0.0007835346004570049,0.0032099614224055614,656626.0,0.24527220687060633,-1352.0,-0.000504206939465907,-0.0020404097722347314,661260.0,0.24700316392475646,-3029.0,-0.00112961747014958,-0.005215435899555078,577747.0,0.21580821000519657,-2027.0,-0.0007559374750720365,-0.0030077843298442837,671891.0,0.2509742050215778,2.4936649967166602e-17
2023-03-24,-0.010219893181171336,-0.010219893181171304,2649771.6994199995,2649771.6994199995,0.0,109607.69941999942,0.04136495964689755,-6027.0,-0.0022512900658961787,-0.009178741018479318,650599.0,0.2455302093166772,-4097.0,-0.001530369238423203,-0.006195747512324956,657163.0,0.24800740386194192,-10151.0,-0.0037917447252218536,-0.017569974400559414,567596.0,0.21420562387478112,-7085.0,-0.0026464891516300693,-0.010544865164141208,664806.0,0.2508918032997022,3.122502256758253e-17
2023-03-27,-0.011057179003916895,-0.011057179003916891,2620472.6994199995,2620472.6994199995,0.0,109607.69941999942,0.04182745328514942,-4463.0,-0.001684296047458312,-0.006859832246898627,646136.0,0.2465723074096563,-10431.0,-0.003936565554792215,-0.015872774334525833,646732.0,0.24679974729106852,-6755.0,-0.002549276226883464,-0.011901070479707397,560841.0,0.21402283646157938,-7650.0,-0.002887041174782901,-0.011507116361765688,657156.0,0.2507776555525464,3.469446951953614e-18
2023-03-28,-0.0007033082238970811,-0.0007033082238971309,2618629.6994199995,2618629.6994199995,0.0,109607.69941999942,0.04185689158122526,2699.0,0.0010299668455227109,0.004177139178129682,648835.0,0.24777653753171383,-2864.0,-0.0010929325845042772,-0.004428418572144257,643868.0,0.2458797439525758,-13.0,-4.960937010668856e-06,-2.3179475109701323e-05,560828.0,0.21416850199332033,-1665.0,-0.0006353815479048958,-0.0025336449792743277,655491.0,0.25031832494116474,-4.9764879717084654e-17
2023-03-29,-0.004911347336680971,-0.0049113473366809305,2605768.6994199995,2605768.6994199995,0.0,109607.69941999942,0.04206347994140702,-1352.0,-0.000516300567544718,-0.0020837346937202833,647483.0,0.2484806115539414,-3063.0,-0.001169695738453751,-0.0047571862555679115,640805.0,0.24591783612361007,-6297.0,-0.0024046928060866045,-0.011228041395936009,554531.0,0.21280898804388484,-2149.0,-0.0008206582245958573,-0.003278458438025846,653342.0,0.2507290843371566,4.0766001685454967e-17
2023-03-30,0.002856354825989227,0.002856354825989232,2613211.6994199995,2613211.6994199995,0.0,109607.69941999942,0.041943673925968865,1739.0,0.0006673654497373739,0.0026857848005275814,649222.0,0.24843834892676103,2892.0,0.0011098452447616362,0.004513073399864233,643697.0,0.24632409235840635,2690.0,0.0010323249337513146,0.00485094611482496,557221.0,0.2132322460226528,122.0,4.68191977389072e-05,0.000186732216817532,653464.0,0.2500616387662109,5.204170427930421e-18
2023-03-31,0.004435920749387812,0.00443592074938775,2624803.6994199995,2624803.6994199995,0.0,109607.69941999942,0.04175843680966289,-875.0,-0.00033483701308784346,-0.0013477670196019235,648347.0,0.24700780486680382,-474.0,-0.00018138599337558605,-0.0007363713051326944,643223.0,0.24505565888303663,8083.0,0.0030931286591874725,0.014505914170499677,565304.0,0.21537001038398212,4858.0,0.0018590150966637069,0.007434227440226241,658322.0,0.2508080890565145,-6.158268339717665e-17
2023-04-03,0.0019117616304444862,0.0019117616304445257,2629821.6984199993,2629821.6984199993,0.0,4140.698419999506,0.0015745167904300294,-547.8592,-0.00020872387528296304,-0.0008450092311678777,650925.0,0.24751678046883432,2621.7256,0.0009988273030014855,0.004075920170765039,653422.0,0.24846627449784026,3599.2278,0.001371236942707494,0.006366888965936912,670505.0,0.25496215215002616,-655.0952,-0.0002495787399814911,-0.0009950984472644085,650829.0,0.24748027609286935,3.946495907847236e-17
2023-04-04,0.010558130240039487,0.01055813024003941,2657587.6984199993,2657587.6984199993,0.0,4140.698419999506,0.0015580665211767995,7760.0,0.0029507703905029834,0.01192149633214272,658685.0,0.24785071077488968,1958.0,0.0007445371681191806,0.0029965321032961855,655380.0,0.24660710176738077,5612.0,0.0021339849782864356,0.00836981081423703,676117.0,0.2544100427624526,12436.0,0.004728837703130812,0.019107937722504683,663265.0,0.2495740781741002,-7.632783294297951e-17
2023-04-06,-0.0044927962328763504,-0.004492796232876387,2645647.6984199993,2645647.6984199993,0.0,4140.698419999506,0.0015650981884218229,761.0,0.0002863499106548518,0.0011553322149434099,659446.0,0.2492569212423204,-3780.0,-0.0014223425259859918,-0.005767646251029937,651600.0,0.24629129584756898,-3678.0,-0.001383961854649862,-0.005439886883483184,672439.0,0.25416800596753136,-5243.0,-0.001972841762895385,-0.007904834417615886,658022.0,0.2487186787541575,-3.642919299551295e-17
2023-04-07,-0.0010447347171925747,-0.0010447347171925732,2642883.6984199993,2642883.6984199993,0.0,4140.698419999506,0.0015667350108803306,-100.0,-3.7797927539528695e-05,-0.00015164243925962096,659346.0,0.24947976348493056,1876.0,0.0007090891206415584,0.0028790669122160835,653476.0,0.2472587047211608,-713.0,-0.0002694992233568396,-0.0010603192259818362,671726.0,0.25416404074139903,-3827.0,-0.0014465266869377632,-0.005815914969408318,654195.0,0.24753075604162936,1.5178830414797062e-18
2023-04-10,-0.0020507902043666038,-0.0020507902043666354,2637463.6984199993,2637463.6984199993,0.0,4140.698419999506,0.0015699546585153136,-786.0,-0.0002974024170908073,-0.001192090344068213,658560.0,0.24969443196299437,345.0,0.00013053922887573604,0.0005279459383359144,653821.0,0.24789762998128786,-3003.0,-0.0011362588530835806,-0.004470572822847411,668723.0,0.25354775514089756,-1976.0,-0.0007476681630679838,-0.0030205061182063454,652219.0,0.247290228256305,-3.165870343657673e-17
2023-04-11,0.00016000220221146222,0.00016000220221146685,2637885.6984199993,2637885.6984199993,0.0,4140.698419999506,0.0015697035024980948,3071.0,0.0011643762156194662,0.004663204567541302,661631.0,0.250818676637996,-2384.0,-0.0009038986968534053,-0.0036462579207458923,651437.0,0.24695421806569853,-2131.0,-0.0008079732059541135,-0.0031866707141821053,666592.0,0.2526993494825288,1866.0,0.0007074978893995194,0.0028610022093805915,654085.0,0.24795805231127865,4.6349642873755315e-18
2023-04-12,0.01261351089621865,0.012613510896218648,2671158.6984199993,2671158.6984199993,0.0,4140.698419999506,0.0015501506602541978,5765.0,0.002185462396438569,0.008713316032652641,667396.0,0.24985262028600821,4932.0,0.0018696791915412008,0.007570954674051366,656369.0,0.2457244492392926,6111.0,0.00231662804937313,0.009167526762997456,672703.0,0.25183939853439125,16465.0,0.006241741258865749,0.025172569314385745,670550.0,0.2510333812800538,-1.734723475976807e-18
2023-04-13,0.006352299475892886,0.006352299475892854,2688126.6984199993,2688126.6984199993,0.0,4140.698419999506,0.0015403657954192727,4980.0,0.001864359464282556,0.00746183675059485,672376.0,0.2501280912076066,4096.0,0.0015334169409038855,0.006240392218401539,660465.0,0.24569712446522762,5394.0,0.0020193483836024313,0.00801839742055558,678097.0,0.2522563391072918,2498.0,0.000935174687103981,0.0037253001267616138,673048.0,0.2503780794244548,-3.209238430557093e-17
2023-04-14,0.001450824472779555,0.001450824472779614,2692026.6984199993,2692026.6984199993,0.0,4140.698419999506,0.00153813423263215,-1817.0,-0.0006759354018052715,-0.0027023570145275856,670559.0,0.24909076882245024,3826.0,0.0014232960084243085,0.00579288834381837,664291.0,0.24676241152804493,-2303.0,-0.0008567304514901157,-0.0033962692653116,675794.0,0.25103540035343486,4194.0,0.0015601943176506926,0.006231353484446874,677242.0,0.2515732850634379,5.898059818321144e-17
2023-04-17,0.013626165008515434,0.013626165008515462,2728708.6984199993,2728708.6984199993,0.0,4140.698419999506,0.0015174571116356571,11305.0,0.004199438291839793,0.016859068329557875,681864.0,0.24988522974065308,6440.0,0.0023922496770852073,0.009694546516511589,670731.0,0.2458052779281176,9131.0,0.0033918682921529547,0.01351151386369219,684925.0,0.25100700576671714,9806.0,0.0036426087474375067,0.0144793146319927,687048.0,0.25178502945287656,2.7755575615628914e-17
2023-04-18,-0.0003012413895540078,-0.00030124138955395333,2727886.6984199993,2727886.6984199993,0.0,4140.698419999506,0.0015179143702697812,4443.0,0.0016282426931730105,0.006515962127345043,686307.0,0.251589261532567,-3770.0,-0.0013816058863970852,-0.00562073320004592,666961.0,0.24449732475557212,-7011.0,-0.002569347180246675,-0.010236157243493813,677914.0,0.24851252084357095,5516.0,0.0020214689839167964,0.008028551134709657,692564.0,0.2538829784980202,5.44811591673966e-17
2023-04-19,0.0021250882609449295,0.00212508826094487,2733683.6984199993,2733683.6984199993,0.0,4140.698419999506,0.0015146955086254952,2962.0,0.0010858222233773858,0.004315852818053728,689269.0,0.2521392655625741,-3618.0,-0.0013263014193718372,-0.005424605036876219,663343.0,0.24265535928073742,2670.0,0.000978779654428636,0.003938552677773287,680584.0,0.24896223377758023,3783.0,0.0013867878025106855,0.005462311064392605,696347.0,0.25472844587048277,-5.941427905220564e-17
2023-04-20,0.0008801310851693778,0.0008801310851692929,2736089.6984199993,2736089.6984199993,0.0,4140.698419999506,0.0015133635503216949,-705.0,-0.00025789377183888255,-0.0010228227295874324,688564.0,0.2516598781091215,-1605.0,-0.0005871198635480943,-0.002419562729990367,661738.0,0.24185537498355103,4884.0,0.0017866002576753227,0.007176189860472771,685468.0,0.25052833625879845,-168.0,-6.145553711905288e-05,-0.0002412590274676275,696179.0,0.2544430470982074,-8.4893030105615e-17
2023-04-21,-0.008736190196470206,-0.008736190196470235,2712186.6984199993,2712186.6984199993,0.0,4140.698419999506,0.0015267011015177143,-5980.0,-0.0021856008607660966,-0.00868474099720578,682584.0,0.25167293991879075,-8654.0,-0.003162908001516689,-0.01307768331273102,653084.0,0.24079610757639142,-6540.0,-0.0023902725132793094,-0.009540926782869514,678928.0,0.25032495012069544,-2729.0,-0.00099740882090814,-0.003919968858583784,693450.0,0.25567930128260474,-2.949029909160572e-17
2023-04-24,0.0010544996779411342,0.0010544996779410908,2715046.6984199993,2715046.6984199993,0.0,4140.698419999506,0.0015250928915547396,3228.0,0.0011901835525852593,0.004729088288034879,685812.0,0.2525967602690234,-852.0,-0.0003141376662957376,-0.0013045795027898403,652232.0,0.24022864887722242,-162.0,-5.9730401337921934e-05,-0.00023861145806329978,678766.0,0.2500015931199278,646.0,0.00023818419298949118,0.0009315740139880309,694096.0,0.25564790484227173,-4.336808689942018e-17
2023-04-25,0.004312633004365685,0.0043126330043656205,2726755.6984199993,2726755.6984199993,0.0,6708.698419999506,0.0024603225084985857,8335.0,0.003069928780543808,0.012153476462937365,694147.0,0.25456882712383033,-4439.0,-0.0016349626702860183,-0.006805860491358903,645225.0,0.23662735916307845,1979.0,0.000728900906622219,0.002915585046982318,680745.0,0.24965382868529556,5834.0,0.002148765987485612,0.008405177381803094,699930.0,0.25668966251929715,-6.418476861114186e-17
2023-04-26,0.0034795929849886775,0.0034795929849886294,2736243.6984199993,2736243.6984199993,0.0,6708.698419999506,0.002451791272785146,-2580.0,-0.0009461793740799603,-0.0037167919763393055,691567.0,0.2527432042691718,7009.0,0.002570453966250559,0.010862877290867526,652234.0,0.2383683881580512,7030.0,0.00257815542627214,0.010326921240699527,687775.0,0.2513573627952601,-1971.0,-0.0007228370334541092,-0.002815995885302816,697959.0,0.2550792535047318,-4.8138576458356397e-17
2023-04-27,0.0060301646412297405,0.00603016464122975,2752743.6984199993,2752743.6984199993,0.0,6708.698419999506,0.0024370951875578237,1346.0,0.0004919152489148632,0.0019463045518366261,692913.0,0.25171722321904266,2305.0,0.0008423957271536106,0.0035340077334208276,654539.0,0.23777694973044083,8386.0,0.0030647854958395565,0.012192941005416015,696161.0,0.2528971369181873,4463.0,0.0016310681693217197,0.006394358407872096,702422.0,0.2551715949447714,9.540979117872439e-18
2023-04-28,0.015362127619898747,0.015362127619898712,2795031.6984199993,2795031.6984199993,0.0,6708.698419999506,0.0024002226607275543,1428.0,0.0005187551608308589,0.002060864783890618,694341.0,0.24841972289348394,8334.0,0.0030275248672019454,0.012732625557835362,662873.0,0.23716117437047846,20429.0,0.007421322955611776,0.029345223303230143,716590.0,0.2563799188413786,12097.0,0.004394524636254131,0.017221841001563164,714519.0,0.25563896123393154,-3.469446951953614e-17
2023-05-04,0.04392150545891704,0.04392150545891698,2917793.6984199993,2917793.6984199993,0.0,6708.698419999506,0.0022992367224702356,31205.0,0.011164452989080533,0.044941894544611366,725546.0,0.24866254265779208,12574.0,0.004498696743621171,0.018968942768826005,675447.0,0.23149237739657813,42037.0,0.01503990098708471,0.05866255459886406,758627.0,0.2600002187991565,36946.0,0.013218454739130569,0.05170751232647417,751465.0,0.2575456244240031,-6.245004513516506e-17
2023-05-05,0.004544186933839622,0.004544186933839708,2931052.6984199993,2931052.6984199993,0.0,6708.698419999506,0.0022888358246222827,9125.0,0.003127362981468236,0.012576735313818834,734671.0,0.25065090108957394,-2847.0,-0.0009757372502180896,-0.004214986520037841,672600.0,0.22947386799376512,6837.0,0.002343208844306666,0.009012334124675236,765464.0,0.26115668285753707,144.0,4.9352358282896e-05,0.00019162569114995377,751609.0,0.25642971223450167,8.586881206085195e-17
2023-05-08,0.033540509201009705,0.0335405092010096,3029361.6984199993,3029361.6984199993,0.0,6708.698419999506,0.0022145584079637996,43522.0,0.014848590072590909,0.05924012244936849,778193.0,0.25688348816381884,9371.0,0.0031971448364103076,0.013932500743383883,681971.0,0.22512036128128587,31906.0,0.010885508819817232,0.041681907966932476,797370.0,0.26321386462893426,13510.0,0.0046092654721911494,0.01797477145696765,765119.0,0.25256772751799733,-1.0408340855860843e-16
2023-05-09,-0.015269883429280262,-0.015269883429280309,2983103.6984199993,2983103.6984199993,0.0,6708.698419999506,0.002248898830956754,-2763.0,-0.0009120733260214772,-0.003550533093975402,775430.0,0.25994067870007553,-3879.0,-0.0012804677638933442,-0.005687925146377192,678092.0,0.22731090453179734,-21429.0,-0.00707376739171706,-0.02687460024831634,775941.0,0.2601119768015363,-18187.0,-0.006003574947648428,-0.023770158628919163,746932.0,0.25038754113563416,-4.683753385137379e-17
2023-05-10,-0.02117827819175766,-0.021178278191757695,2919926.6984199993,2919926.6984199993,0.0,6708.698419999506,0.0022975571351259083,-35089.0,-0.011762581374085281,-0.045251022013592455,740341.0,0.2535478032378709,2055.0,0.000688879840512561,0.0030305622245948927,680147.0,0.23293290217457654,-12689.0,-0.004253623501831575,-0.016353047461082737,763252.0,0.26139423308571513,-17454.0,-0.0058509531563534015,-0.023367589017474148,729478.0,0.24982750436671156,-3.469446951953614e-17
2023-05-11,-0.0001931555337690849,-0.0001931555337691134,2919362.6984199993,2919362.6984199993,0.0,6708.698419999506,0.0022980010067369665,-4800.0,-0.0016438768831413906,-0.006483498820138288,735541.0,0.2519525923921975,8329.0,0.002852468866600967,0.012245882140184402,688476.0,0.23583092308900605,818.0,0.0002801440188353453,0.0010717299135803117,764070.0,0.26172493072324504,-4911.0,-0.0016818915360640354,-0.006732211252429819,724567.0,0.24819355278881447,-2.8514517136368767e-17
2023-05-12,0.0016202166324039702,0.0016202166324040324,2924092.6984199993,2924092.6984199993,0.0,6708.698419999506,0.0022942837700133363,-681.0,-0.00023327009020447062,-0.0009258491368937965,734860.0,0.2513121421892929,-2533.0,-0.0008676551225960706,-0.0036791405945886275,685943.0,0.23458319237643924,8345.0,0.0028585005914189537,0.010921774182993704,772415.0,0.2641554422735523,-401.0,-0.00013735874621437991,-0.0005534339819505995,724166.0,0.24765493939070227,6.223320470066795e-17
2023-05-15,0.002440757094963608,0.0024407570949636437,2931229.6984199993,2931229.6984199993,0.0,6708.698419999506,0.0022886976150711252,6233.0,0.0021316013693300257,0.008481887706501918,741093.0,0.2528266551063761,559.0,0.00019117040998804498,0.0008149365180488758,686502.0,0.234202730809544,2899.0,0.0009914186378449773,0.003753163778538739,775314.0,0.2645012775416107,-2554.0,-0.000873433322199404,-0.003526815674859079,721612.0,0.24618063892739814,3.5561831257524545e-17
2023-05-16,-0.004700075196231168,-0.004700075196231166,2917452.6984199993,2917452.6984199993,0.0,6708.698419999506,0.0022995054636644925,1232.0,0.00042030141843338873,0.001662409441190242,742325.0,0.2544428570862588,-2604.0,-0.0008883643616887535,-0.0037931426274067665,683898.0,0.23441613993274943,-2545.0,-0.0008682362905137778,-0.003282541009191115,772769.0,0.2648779877111658,-9860.0,-0.0033637759624620235,-0.013663852596686309,711752.0,0.24396350980616155,2.6020852139652106e-18
2023-05-17,-0.006847069023884544,-0.00684706902388456,2897476.6984199993,2897476.6984199993,0.0,6708.698419999506,0.002315358885770427,-5447.0,-0.0018670396962905086,-0.007337756373556057,736878.0,0.2543171444318504,2127.0,0.0007290606634863065,0.0031101129115745333,686025.0,0.23676635617953062,-13647.0,-0.004677710801409321,-0.017659869896437357,759122.0,0.26199416906922873,-3009.0,-0.0010313791896710374,-0.004227596128988749,708743.0,0.24460697143361987,-1.5612511283791264e-17
2023-05-18,0.0027624035783841983,0.002762403578384116,2905480.6984199993,2905480.6984199993,0.0,6708.698419999506,0.0023089805496376886,12671.0,0.004373115410008137,0.017195519475408413,749549.0,0.2579776215369817,-3547.0,-0.0012241686022649249,-0.005170365511460952,682478.0,0.23489331743664021,-2239.0,-0.000772741330834837,-0.0029494600340920166,756883.0,0.2605018165880754,1119.0,0.00038619810147574033,0.001578851572431756,709862.0,0.24431826388866498,-8.239936510889834e-17
2023-05-19,-0.014156693597161984,-0.014156693597161938,2864348.6984199993,2864348.6984199993,0.0,6708.698419999506,0.0023421374721939703,-10899.0,-0.0037511865096632297,-0.01454074383395882,738650.0,0.25787712243535366,-5750.0,-0.0019790184815637736,-0.008425180005802385,676728.0,0.23625894444111825,-13179.0,-0.004535910359744169,-0.017412202414375803,743704.0,0.25964157241408276,-11304.0,-0.003890578246190765,-0.015924221891015437,698558.0,0.24388022323725142,4.683753385137379e-17
2023-05-22,0.0008776864357984415,0.0008776864357983876,2866862.6984199993,2866862.6984199993,0.0,6708.698419999506,0.0023400836125486023,622.0,0.0002171523321665064,0.0008420767616597847,739272.0,0.2578679475677128,9962.0,0.003477928509715011,0.014720833185563475,686690.0,0.23952664366467646,-3920.0,-0.0013685484599561175,-0.005270914234695524,739784.0,0.25804654000615856,-4150.0,-0.0014488459461270123,-0.005940809496133463,694408.0,0.24221878514890366,-5.388484797252957e-17
2023-05-23,-0.017141037143872606,-0.017141037143872585,2817721.6984199993,2817721.6984199993,0.0,6708.698419999506,0.0023808946155900778,-17303.0,-0.00603551750473998,-0.023405458342802107,721969.0,0.2562243817069779,-10347.0,-0.0036091717980433783,-0.01506793458474712,676343.0,0.24003186701484766,-8176.0,-0.0028518980014306233,-0.011051874601234956,731608.0,0.25964523054574185,-13315.0,-0.004644449839658604,-0.01917460628333775,681093.0,0.24171762611684255,2.0816681711721685e-17
2023-05-24,-0.017632330413560382,-0.017632330413560392,2768038.6984199993,2768038.6984199993,0.0,6708.698419999506,0.0024236288400985295,-20238.0,-0.0071823984644573645,-0.028031674490178942,701731.0,0.2535119904214306,-5513.0,-0.001956545248273221,-0.008151189559143807,670830.0,0.2423484904249752,-13918.0,-0.004939451617171539,-0.019023848837082153,717690.0,0.25927744449875595,-10014.0,-0.003553935083658269,-0.014702837938431315,671079.0,0.24243844581473983,-1.0408340855860843e-17
2023-05-25,0.0046462500713380095,0.004646250071337904,2780899.6984199993,2780899.6984199993,0.0,6708.698419999506,0.00241242013288402,-926.0,-0.00033453289526933356,-0.0013195939754692325,700805.0,0.25200657197315335,13335.0,0.00481749045185374,0.019878359644023076,684165.0,0.24602289697421173,974.0,0.00035187369329625363,0.00135713190932018,718664.0,0.25842859431726983,-522.0,-0.00018858117854275608,-0.0007778517879415091,670557.0,0.24112951660248114,-1.0581813203458523e-16
2023-05-26,0.009170773046755176,0.009170773046755273,2806402.6984199993,2806402.6984199993,0.0,6708.698419999506,0.002390497423543846,6002.0,0.0021582943115172784,0.008564436612181705,706807.0,0.25185515977373146,11759.0,0.004228487638975621,0.01718737439068061,695924.0,0.2479772416096251,4347.0,0.0015631631743028341,0.006048723742945242,723011.0,0.25762909948991075,3395.0,0.0012208279219595402,0.005062955125365927,673952.0,0.24014800170318892,9.71445146547012e-17
2023-05-29,0.019244208976283428,0.019244208976283362,2860409.6984199993,2860409.6984199993,0.0,6708.698419999506,0.0023453627722298596,9876.0,0.0035190958181305107,0.013972696931411262,716683.0,0.250552569583257,21443.0,0.007640742368182719,0.0308122726044798,717367.0,0.2507916961672487,14168.0,0.005048455807135791,0.019595829109100692,737179.0,0.25771797669655316,8520.0,0.0030359149828343406,0.01264184986467879,682472.0,0.23859239478071137,-6.591949208711867e-17
2023-05-30,0.0024381122759624674,0.0024381122759625025,2867383.6984199993,2867383.6984199993,0.0,6708.698419999506,0.002339658422308869,-6063.0,-0.0021196264309091845,-0.008459807195091833,710620.0,0.24782870893475803,11680.0,0.004083331141847151,0.01628176372763174,729047.0,0.2542551247681722,-1282.0,-0.00044818754485000405,-0.0017390620188583777,735897.0,0.2566440621133118,2639.0,0.0009225951098745404,0.0038668253056535653,685111.0,0.23893244576144917,3.5128150388530344e-17
2023-05-31,-0.00923015640166458,-0.009230156401664575,2840917.2984199994,2840917.2984199994,0.0,7774.298419999506,0.0027365451378409534,-1577.0,-0.0005499787143481937,-0.002219188877318398,709043.0,0.24958241494546157,-19502.0,-0.006801322059111271,-0.026749990055510823,709545.0,0.24975911843495746,-1607.0,-0.000560441213669973,-0.0021837295164948358,734290.0,0.25846933327076493,-3780.4,-0.0013184144145351373,-0.005517937969175798,680265.0,0.2394525882109751,5.204170427930421e-18
2023-06-01,-0.007559530160185957,-0.007559530160185959,2819441.2984199994,2819441.2984199994,0.0,7774.298419999506,0.0027573897085057895,-3724.0,-0.0013108442129136017,-0.0052521497285778155,705319.0,0.25016268308024614,-17608.0,-0.006197998093711788,-0.02481590314920125,691937.0,0.24541635266098924,-1848.0,-0.0006504941206939678,-0.002516716828501001,732442.0,0.25978267411010003,1704.0,0.0005998062671333989,0.002504906176269542,681969.0,0.24188090044015884,-2.6020852139652106e-18
2023-06-02,-0.00322829916873979,-0.003228299168739819,2810339.2984199994,2810339.2984199994,0.0,7774.298419999506,0.002766320217765269,362.0,0.00012839423193625735,0.000513242943972869,705681.0,0.2511017087498085,-3325.0,-0.0011793116607404855,-0.0048053507761544765,688612.0,0.24502806489847845,-6068.0,-0.002152199445826546,-0.008284615027538017,726374.0,0.25846487661058387,-71.0,-2.5182294109044953e-05,-0.00010411030413405888,681898.0,0.24263902952336389,-2.905661822261152e-17
2023-06-05,0.006890627053782072,0.006890627053782151,2829704.2984199994,2829704.2984199994,0.0,7774.298419999506,0.0027473889848986634,11384.0,0.004050756435851072,0.016131934967782893,717065.0,0.2534063366268985,-1441.0,-0.0005127494750580987,-0.0020926152898874837,687171.0,0.24284198189319303,9542.0,0.003395319563500609,0.013136483409373133,735916.0,0.26006816345118033,-120.0,-4.269947051143084e-05,-0.0001759793986783947,681778.0,0.2409361290438295,7.892991815694472e-17
2023-06-06,-0.010541737529485284,-0.010541737529485307,2799874.2984199994,2799874.2984199994,0.0,7774.298419999506,0.0027766598037585583,-1250.0,-0.000441742269924795,-0.0017432171421000885,715815.0,0.2556596917239972,-14211.0,-0.005022079518321009,-0.020680441986055873,672960.0,0.24035364744044363,-7533.0,-0.0026621156154747845,-0.010236222612363368,728383.0,0.26014846466894415,-6836.0,-0.002415800125764719,-0.010026724241615307,674942.0,0.2410615363628565,-2.2551405187698492e-17
2023-06-07,0.01690647327514383,0.016906473275143902,2847210.2984199994,2847210.2984199994,0.0,7774.298419999506,0.0027304967337023517,9175.0,0.0032769328270121113,0.012817557609158791,724990.0,0.2546317005113104,-2324.0,-0.000830037263212659,-0.003453399904897765,670636.0,0.23554143519786916,22522.0,0.00804393254822526,0.030920545921582464,750905.0,0.26373359228740473,17963.0,0.0064156451631191885,0.026614138696362057,692905.0,0.24336277526971342,7.28583859910259e-17
2023-06-08,0.011480009052418305,0.011480009052418229,2879896.2984199994,2879896.2984199994,0.0,7774.298419999506,0.00269950637606803,12754.0,0.0044794724179937,0.01759196678574877,737744.0,0.25617033516267557,3570.0,0.0012538589095372047,0.005323305041781234,674206.0,0.23410773518820463,7900.0,0.0027746457662027784,0.010520638429628248,758805.0,0.2634834457116751,8462.0,0.0029720319586845454,0.012212352342673238,701367.0,0.24353897756137668,-7.632783294297951e-17
2023-06-09,-0.006277656598231873,-0.006277656598231923,2861817.2984199994,2861817.2984199994,0.0,7774.298419999506,0.002716560006919964,-3913.0,-0.0013587294799978712,-0.005304007894337331,733831.0,0.2564213307415347,-1433.0,-0.0004975873613179018,-0.0021254631373793767,672773.0,0.23508593660798538,-9817.0,-0.003408803298016637,-0.012937447697366253,748988.0,0.2617176157309252,-2916.0,-0.0010125364588995124,-0.004157595096433108,698451.0,0.24405855691263473,-4.9439619065339e-17
2023-06-12,-0.01025432336865173,-0.010254323368651744,2832471.2984199994,2832471.2984199994,0.0,7774.298419999506,0.0027447051005728257,-11723.0,-0.004096348151390458,-0.015975067828968795,722108.0,0.2549392117063301,981.0,0.00034278917824055613,0.001458144128851782,673754.0,0.2378679001534213,-10346.0,-0.0036151853599151822,-0.013813305420113539,738642.0,0.2607765171043488,-8258.0,-0.002885579035586659,-0.011823306144597116,690193.0,0.243671665935327,-1.3877787807814457e-17
2023-06-13,-0.0018746880164194346,-0.0018746880164194455,2827161.2984199994,2827161.2984199994,0.0,7774.298419999506,0.0027498602305939483,3299.0,0.0011647073005965631,0.004568568690555983,725407.0,0.25658493571109803,-4138.0,-0.0014609150681626488,-0.006141707507487896,669616.0,0.2368510068294387,42.0,1.4828040807837421e-05,5.68611045675713e-05,738684.0,0.26128116581562727,-4513.0,-0.0015933082896611972,-0.0065387507552235385,685680.0,0.2425330314132421,-1.0842021724855044e-17
2023-06-14,-0.011396944354751581,-0.011396944354751594,2794940.2984199994,2794940.2984199994,0.0,7774.298419999506,0.0027815615326003116,-16003.0,-0.005660448170729951,-0.02206071901704836,709404.0,0.25381722836835957,-8076.0,-0.002856575606249771,-0.012060643712217151,661540.0,0.23669199673924107,-3823.0,-0.001352239789833194,-0.005175420071370167,734861.0,0.2629254730111489,-4319.0,-0.0015276807879386779,-0.006298856609497141,681361.0,0.2437837403486502,-1.214306433183765e-17
2023-06-15,-0.002040830712278341,-0.0020408307122783674,2789236.2984199994,2789236.2984199994,0.0,12606.298419999506,0.0045196236787612845,3922.0,0.0014032500093891578,0.005528584558305282,713326.0,0.2557424053329842,4016.0,0.001436882212571866,0.006070683556549868,665556.0,0.23861585351410103,-11424.0,-0.004087386054885706,-0.015545797096321617,718605.0,0.2576350380952175,-2218.0,-0.000793576879353685,-0.003255249419911031,679143.0,0.243487079378936,-2.6454533008646308e-17
2023-06-16,-0.0011159327023541055,-0.0011159327023541085,2786123.6984199993,2786123.6984199993,0.0,15596.698419999506,0.0055979920880197594,-4080.0,-0.0014627659916483845,-0.005719684968723978,709246.0,0.25456371531608984,6689.0,0.002398147479935305,0.01005024370601422,672245.0,0.2412832568709091,-7287.6,-0.002612758196259012,-0.010141315465380843,708327.0,0.254233866357653,1566.0,0.0005614440056179829,0.00230584722216087,680709.0,0.2443211693673284,-3.0357660829594124e-18
2023-06-19,-0.006692251320561837,-0.006692251320561883,2767478.2584199994,2767478.2584199994,0.0,17125.258419999507,0.006188037202422905,-9352.0,-0.003356634884985001,-0.01318583397015986,699894.0,0.25289954776359524,3667.5600000000004,0.0013163665353695029,0.005455689517958483,674384.0,0.24368176983801035,-3234.0,-0.001160752482681939,-0.004565687881444587,705093.0,0.25477815330789616,-9727.0,-0.003491230488264447,-0.014289512846164807,670982.0,0.2424524918880754,-4.597017211338539e-17
2023-06-20,-0.009394964502754233,-0.009394964502754233,2741477.8984199995,2741477.8984199995,0.0,18535.898419999507,0.006761279538559231,-3545.0,-0.0012809495392472933,-0.005065052707981494,696349.0,0.2540049658621461,-7105.0,-0.002567319175275605,-0.01053554058222022,667279.0,0.2434011962615398,-9242.0,-0.0033395022966779928,-0.013107490784903551,695851.0,0.25382331201759495,-6108.36,-0.0022071934915533415,-0.009103612317469022,663463.0,0.2420092463201599,0.0
2023-06-21,-0.00015940307242745533,-0.00015940307242741475,2741040.8984199995,2741040.8984199995,0.0,18535.898419999507,0.006762357479118256,2736.0,0.0009980018447629446,0.003929064305398586,699085.0,0.25504362244392964,-456.0,-0.0001663336407938241,-0.0006833723225217638,666823.0,0.24327364118659173,439.0,0.00016013260593966837,0.0006308821859852181,696290.0,0.2540239368195338,-3156.0,-0.0011512038823362036,-0.004756859086339404,660307.0,0.24089644207082664,4.0576266305270003e-17
2023-06-26,-0.003602281164681531,-0.0036022811646814925,2731166.8984199995,2731166.8984199995,0.0,18535.898419999507,0.006786805460597323,-10224.0,-0.003729969883299937,-0.014624831029130935,688861.0,0.25222222794165794,15107.0,0.005511409920482409,0.022655187358564418,681930.0,0.24968448482386837,-5477.0,-0.001998146033923489,-0.007865975383819961,690813.0,0.2529369407631736,-9280.0,-0.003385575167940475,-0.014054068789214714,651027.0,0.2383695410107028,3.859759734048396e-17
2023-06-27,0.017880635573114034,0.017880635573113972,2780001.8984199995,2780001.8984199995,0.0,18535.898419999507,0.006667584806519123,9364.0,0.003428571137639792,0.013593453541425628,698225.0,0.2511599004291446,-817.0,-0.0002991395364643005,-0.001198070183156629,681113.0,0.24500450894911519,25871.0,0.009472507892127195,0.037450076938332084,716684.0,0.2577998239523951,14417.0,0.005278696079811286,0.02214501088280517,665444.0,0.23936818186282602,-6.245004513516506e-17
2023-06-28,0.010945661590121336,0.010945661590121268,2810430.8584199995,2810430.8584199995,0.0,27448.858419999506,0.009766779473603923,-1817.04,-0.0006536110644502458,-0.002602370296107988,692003.0,0.2462266587796571,10638.0,0.003826616091897655,0.015618553749524675,689223.0,0.24523748660640432,13894.0,0.004997838313670428,0.01938650786120522,730578.0,0.25995231222686077,7714.0,0.002774818249003432,0.011592260205216367,671178.0,0.23881676291347392,-6.765421556309548e-17
2023-06-29,-0.00506323219351501,-0.005063232193514951,2796200.9944199994,2796200.9944199994,0.0,32941.99441999951,0.011780982299104176,-4243.864,-0.0015100403510321062,-0.006132724858129227,682266.0,0.2439974813547045,-966.0,-0.00034371953933891726,-0.001401578299041094,688257.0,0.2461400311971355,-7560.0,-0.0026899790035219613,-0.010347971058531738,723018.0,0.25857154097392476,-1460.0,-0.000519493299621966,-0.0021752798810449688,669718.0,0.2395099641751311,5.984795992119984e-17
2023-06-30,0.0022598518535004164,0.0022598518535005083,2802519.9944199994,2802519.9944199994,0.0,32941.99441999951,0.011754419053419484,6482.0,0.002318145230952729,0.00950069327798835,688748.0,0.24576024484083692,-1387.0,-0.0004960301504676697,-0.0020152355878690666,686870.0,0.24509013365385549,-1887.0,-0.0006748441917321505,-0.0026098935296216693,721131.0,0.2573152025447879,3111.0,0.0011125809647475995,0.0046452387422766,672829.0,0.24007999990710024,9.194034422677078e-17
2023-07-03,0.009557994716659968,0.009557994716659869,2829306.4657199997,2829306.4657199997,0.0,22208.465719999906,0.007849438012134296,9660.0627,0.0034469201715719485,0.014025540110461301,706739.0,0.24979231078813147,4816.3013,0.0017185609057525266,0.007011954663910201,701775.0,0.24803781721872,2914.4264,0.001039930635928669,0.00404146597497542,699239.0,0.24714148448462905,9395.6809,0.0033525830034067247,0.013964441039253659,699345.0,0.24717894949638522,-9.8879238130678e-17
2023-07-04,-0.007358693818522721,-0.007358693818522675,2808486.4657199997,2808486.4657199997,0.0,22208.465719999906,0.007907627824122847,-3402.0,-0.0012024148112686909,-0.004813658224606255,703337.0,0.25043275393520137,-5034.0,-0.001779234614910814,-0.007173239286095971,696741.0,0.2480841579634885,-7838.0,-0.00277029020891358,-0.01120932899909759,691401.0,0.24618277796213217,-4546.0,-0.001606754183429591,-0.006500368201674424,694799.0,0.24739268231505518,4.597017211338539e-17
2023-07-05,-0.0026863893033094444,-0.002686389303309603,2800941.77772,2800941.77772,0.0,23093.777719999907,0.00824500455657401,-547.0,-0.00019476682785429336,-0.0007777210640134103,702790.0,0.2509120345129342,-3473.0,-0.0012366091282229633,-0.004984635610650156,693268.0,0.2475124636701047,-3616.0,-0.001287526233128199,-0.005229960616198125,687785.0,0.24555490780671105,91.31200000000001,3.251288589585236e-05,0.00013142218109122209,694005.0,0.24777558945367595,-1.5872719805187785e-16
2023-07-06,-0.002019320803092195,-0.002019320803092184,2795285.77772,2795285.77772,0.0,26085.777719999907,0.00933206111801456,-4767.0,-0.0017019275580517045,-0.0067829650393431895,695031.0,0.24864398679368957,2136.0,0.0007626006427519281,0.0030810595613817455,695404.0,0.24877742574400122,-193.0,-6.890539515501971e-05,-0.0002806109467348081,687592.0,0.24598272043613392,-2832.0,-0.0010110884926373877,-0.004080662243067413,691173.0,0.24726380590816066,1.0842021724855044e-17
2023-07-07,0.0069527774780338,0.006952777478033867,2814720.77772,2814720.77772,0.0,26085.777719999907,0.009267625380990754,3804.0,0.0013608626460736215,0.00547313716942122,698835.0,0.24827862341858123,7478.0,0.0026752184193844742,0.010753461297317819,702882.0,0.2497164214524161,2612.0,0.0009344303973565454,0.0037987643835297675,690204.0,0.24521224466147007,5541.0,0.001982266015219226,0.008016806212048214,696714.0,0.24752508508654175,6.678685382510707e-17
2023-07-10,0.006200615044358759,0.0062006150443588235,2832173.77772,2832173.77772,0.0,26085.777719999907,0.009210514526054217,-424.0,-0.00015063661140251767,-0.0006067240478796855,698411.0,0.24659892182260282,5255.0,0.001866970266321298,0.007476361608349623,708137.0,0.250033033131913,7990.0,0.002838647464872916,0.011576287590335611,698194.0,0.24652230223036342,4632.0,0.0016456339245671271,0.006648352121530499,701346.0,0.24763522828906645,6.418476861114186e-17
2023-07-11,-0.0007616058085730959,-0.0007616058085731099,2830016.77772,2830016.77772,0.0,26085.777719999907,0.009217534653987417,2893.0,0.0010214768679656964,0.00414226007322336,701304.0,0.24780913156458556,617.0,0.00021785386364840464,0.0008713003274790047,708754.0,0.2504416247917113,-4766.0,-0.0016828063438384061,-0.006826182980661536,693428.0,0.24502610919453965,-901.0,-0.00031813019634880486,-0.0012846726152284322,700445.0,0.24750559979517603,-1.3986208025063007e-17
2023-07-12,-0.008751184867516137,-0.008751184867516122,2805250.77772,2805250.77772,0.0,26085.777719999907,0.009298911144479362,-976.0,-0.00034487428049324615,-0.0013916931886885002,700328.0,0.2496489816747149,-5406.0,-0.001910236024945173,-0.007627470180062476,703348.0,0.25072553426815347,-10103.0,-0.00356994349981892,-0.014569645298430406,683325.0,0.24358784798390834,-8281.0,-0.002926131062258782,-0.011822484277851937,692164.0,0.2467387249287439,1.5612511283791264e-17
2023-07-13,0.011173190022417456,0.011173190022417486,2836594.3777199998,2836594.3777199998,0.0,31231.37771999991,0.01101016696828649,7860.0,0.002801888537889759,0.011223312504997657,708188.0,0.24966135643589196,12111.0,0.004317261079183571,0.01721907220892076,715459.0,0.2522246414995267,7035.0,0.0025077971837219404,0.010295247503018329,690360.0,0.24337635490728785,4337.6,0.0015462432216222161,0.006266722915378437,691356.0,0.24372748018900703,2.949029909160572e-17
2023-07-14,-0.0021471804526720373,-0.002147180452672113,2830503.69772,2830503.69772,0.0,40531.69771999991,0.014319605995444773,-1466.0,-0.0005168169307232227,-0.0020700717888470295,706722.0,0.2496806489139272,-4672.4,-0.001647186512354151,-0.006530632782591315,705869.0,0.24937928912390567,22.719999999999345,8.009604819939482e-06,3.291036560634936e-05,686000.0,0.24235969045106004,25.0,8.813385585320986e-06,3.616082018525911e-05,691381.0,0.24426076551566228,-7.589415207398531e-17
2023-07-17,7.101209589022162e-05,7.10120958901794e-05,2830704.69772,2830704.69772,0.0,40531.69771999991,0.014318589202415319,-1019.0,-0.0003600065955825513,-0.0014418682310724726,705703.0,0.24930293879414928,-1317.0,-0.00046528821038490677,-0.0018657852944384864,704552.0,0.24889632626373343,-162.0,-5.723362952342817e-05,-0.00023615160349854227,685838.0,0.2422852516380145,2699.0,0.0009535405313810657,0.003903780983278395,694080.0,0.24519689410168743,-4.221612209115433e-17
2023-07-18,0.0034062189559249667,0.0034062189559250665,2840346.69772,2840346.69772,0.0,40531.69771999991,0.014269982517463614,-49.0,-1.7310177228824754e-05,-6.943430876728595e-05,705654.0,0.24843938965846732,-2903.0,-0.0010255396835771073,-0.004120348817404535,701649.0,0.2470293505237325,10987.0,0.0038813656574101544,0.016019818091152722,696825.0,0.2453309663075126,1607.0,0.0005677031593208444,0.0023152950668510835,695687.0,0.2449303109928239,9.974659986866641e-17
2023-07-19,0.004351933519215256,0.004351933519215245,2852707.69772,2852707.69772,0.0,44667.69771999991,0.015658000206505613,4071.0,0.0014332757347079736,0.005769116309126002,709725.0,0.24878994807888696,1212.0,0.0004267084722343562,0.0017273594061988258,702861.0,0.2463838130214866,3368.0,0.0011857707380241846,0.004833351271840132,696057.0,0.24399871061318937,3710.0,0.0013061785742487307,0.005332858023795184,699397.0,0.2451695280799314,-1.1275702593849246e-17
2023-07-20,-0.010160872781731833,-0.010160872781731823,2823721.69772,2823721.69772,0.0,44667.69771999991,0.01581873233331267,-2046.0,-0.0007172133344174191,-0.0028828067209130297,707679.0,0.2506192450096664,-10346.0,-0.003626729793686519,-0.014719837919588653,692515.0,0.24524902739500418,-11229.0,-0.003936260279654545,-0.016132299509953926,684828.0,0.24252673362001678,-5365.0,-0.0018806693739733399,-0.007670893641236665,694032.0,0.24578626164199988,1.0408340855860843e-17
2023-07-21,0.003873965344684205,0.0038739653446841593,2834660.69772,2834660.69772,0.0,44667.69771999991,0.015757687597647025,2980.0,0.0010553447963395919,0.0042109487493623525,710659.0,0.25070337362478823,1576.0,0.000558128657393019,0.002275762979863252,694091.0,0.24485858238987035,1544.0,0.0005467960958215872,0.002254580712237233,686372.0,0.24213550516013044,4839.0,0.0017136957951299613,0.006972300989003389,698871.0,0.24654485122756395,-4.5536491244391186e-17
2023-07-24,0.01115195198685548,0.011151951986855587,2866272.69772,2866272.69772,0.0,44667.69771999991,0.015583896729550958,3115.0,0.0010988969517605706,0.004383255541687363,713774.0,0.24902515401544917,6314.0,0.0022274270797483925,0.009096789902188618,700405.0,0.24436090835221047,17277.0,0.006094909353312159,0.02517148135413449,703649.0,0.24549269180135,4906.0,0.001730718602034465,0.0070198935139675275,703777.0,0.24553734910143935,1.0755285551056204e-16
2023-07-25,-0.00013187858932639518,-0.0001318785893263691,2865894.69772,2865894.69772,0.0,44667.69771999991,0.015585952182938151,8503.0,0.0029665704895294087,0.011912734282840226,722277.0,0.25202496120133683,-3764.0,-0.001313203730752522,-0.005374033594848695,696641.0,0.2430797616375165,-6596.0,-0.0023012464952294463,-0.009373991862420042,697053.0,0.24322352128099808,1479.0,0.0005160011471261902,0.0021015179524195874,705256.0,0.24608580369721036,2.6075062248276382e-17
2023-07-26,0.0024138360720313834,0.002413836072031378,2872812.49772,2872812.49772,0.0,48384.49771999991,0.016842205246043778,768.0,0.0002679791412472316,0.0010633039678682832,723045.0,0.25168541301384717,1558.0,0.0005436347683114411,0.002236446031743753,698199.0,0.2430367455426081,1692.7999999999997,0.0005906706904991062,0.0024285097402923445,695029.0,0.24193329726587026,2899.0,0.0010115514719735994,0.004110564107217805,708155.0,0.2465023389316307,-5.204170427930421e-18
2023-07-27,0.0012555640170957005,0.001255564017095681,2876419.49772,2876419.49772,0.0,48384.49771999991,0.01682108529661685,2774.0,0.0009656042648803491,0.00383655235842859,725819.0,0.2523341955425215,-200.0,-6.961818780680239e-05,-0.00028645128394626744,697999.0,0.2426624491153917,1814.0,0.0006314369634076977,0.0026099630375135425,696843.0,0.24226056058664394,-781.0,-0.0002718590233855633,-0.001102865898002556,707374.0,0.245921709458826,-1.951563910473908e-17
2023-07-28,0.014931410398950407,0.014931410398950368,2919368.49772,2919368.49772,0.0,52212.49771999991,0.017884860291113438,18422.0,0.006404490031652976,0.0253809834132201,744241.0,0.2549321884446055,4624.0,0.0016075541149909544,0.006624651324715365,702623.0,0.2406763656416592,8920.0,0.0031010775747662873,0.012800587793807213,701935.0,0.24044069823600714,10983.0,0.00381828867754015,0.015526440044446078,718357.0,0.2460658873866147,-3.8163916471489756e-17
2023-07-31,0.008291861756714036,0.008291861756713976,2943575.49772,2943575.49772,0.0,52212.49771999991,0.01773778106267091,11429.0,0.00391488776046119,0.015356584762193967,755670.0,0.2567184026994782,5220.0,0.001788057932418183,0.007429304193002507,707843.0,0.2404704756335527,5044.0,0.0017277709216699838,0.007185850541716826,706979.0,0.24017695504926015,2514.0,0.0008611451421646192,0.003499652679656494,720871.0,0.244896385555038,-6.071532165918825e-17
2023-08-01,0.005002079957318717,0.005002079957318826,2958299.49772,2958299.49772,0.0,52212.49771999991,0.017649496868130075,277.0,9.410324288082823e-05,0.0003665621236783252,755947.0,0.2555343029272791,9680.0,0.003288517657351687,0.013675348912117517,717523.0,0.2425457600060455,1659.0,0.0005636002885895092,0.0023466043545847894,708638.0,0.2395423453731296,3108.0,0.001055858768496802,0.004311451008571575,723979.0,0.24472809482541577,1.0928757898653885e-16
2023-08-02,-0.010105467692855474,-0.010105467692855462,2928404.49772,2928404.49772,0.0,52212.49771999991,0.017829674063351415,-8404.0,-0.0028408212239758256,-0.011117181495528126,747543.0,0.25527313613335273,-6776.0,-0.0022905050706401946,-0.009443599717360977,710747.0,0.24270793210206243,-7203.0,-0.002434844749678471,-0.01016456921587609,701435.0,0.23952804352886495,-7512.0,-0.0025392966485609713,-0.010375991568816223,716467.0,0.24466121417236847,1.214306433183765e-17
2023-08-03,0.003038514661115821,0.003038514661115913,2937302.49772,2937302.49772,0.0,52212.49771999991,0.017775662452378816,9505.0,0.00324579476892636,0.012714987632818446,757048.0,0.25773579690468984,1038.0,0.0003544592288422474,0.001460435288506318,711785.0,0.24232607998410224,-1737.0,-0.0005931557615597145,-0.002476352049726632,699698.0,0.2382110799085628,92.0,3.141642490702e-05,0.00012840786805254115,716559.0,0.24395138075026634,9.194034422677078e-17
2023-08-04,-0.0048251754836287075,-0.004825175483628738,2923129.49772,2923129.49772,0.0,52212.49771999991,0.017861849008305973,4761.0,0.0016208749366793495,0.006288901100062348,761809.0,0.2606141809982077,-4898.0,-0.0016675163704800366,-0.006881291401195586,706887.0,0.24182541367098584,-9623.0,-0.0032761351639708845,-0.013753076327215456,690075.0,0.23607404343127764,-4413.0,-0.0015023988858571665,-0.006158599640783243,712146.0,0.2436245128912229,-3.0357660829594124e-17
2023-08-07,-0.009150466998079643,-0.00915046699807965,2896381.49772,2896381.49772,0.0,52212.49771999991,0.018026802671229955,-8493.0,-0.002905447742436461,-0.011148463722534125,753316.0,0.2600886660106765,-3057.0,-0.0010457969797042577,-0.004324595020137589,703830.0,0.24300320954061036,-7380.0,-0.0025246914328483556,-0.010694489729377242,682695.0,0.2357061735608414,-7818.0,-0.002674530843090575,-0.010978085954284655,704328.0,0.24317514821664182,-6.938893903907228e-18
2023-08-08,0.00034732993591890526,0.00034732993591897763,2897387.49772,2897387.49772,0.0,52212.49771999991,0.018020543596977193,-116.0,-4.0049972730220085e-05,-0.00015398584392207253,753200.0,0.2599583247296763,22.0,7.595684483317602e-06,3.125754798744015e-05,703852.0,0.24292642960386635,1670.0,0.0005765815039609271,0.002446187536161829,684365.0,0.23620071548542873,-570.0,-0.00019679727979504696,-0.0008092820390499881,703758.0,0.24289398658405142,7.237049501340742e-17
2023-08-09,-0.006533126830600144,-0.0065331268306001635,2878458.49772,2878458.49772,0.0,52212.49771999991,0.018139048300108183,82.0,2.8301357710878197e-05,0.0001088688263409453,753282.0,0.2616963213458411,-9273.0,-0.0032004693908899207,-0.013174644669618044,694579.0,0.2413024195242591,-6590.0,-0.002274462772130333,-0.00962936444733439,677775.0,0.2354645726304059,-3148.0,-0.0010864960252907874,-0.004473128547028951,700610.0,0.24339763819938576,-1.9081958235744878e-17
2023-08-10,0.01033087676044464,0.010330876760444661,2908195.49772,2908195.49772,0.0,52212.49771999991,0.017953572158726627,1560.0,0.0005419567456802526,0.0020709375771623376,754842.0,0.25955682848412,14645.0,0.005087792654158526,0.021084714625694126,709224.0,0.2438708128652374,6688.0,0.0023234658430189292,0.009867581424514035,684463.0,0.23535659845997736,6844.0,0.0023776615175869543,0.009768630193688357,707454.0,0.24326218803193864,2.0816681711721685e-17
2023-08-11,-0.01758341213308745,-0.017583412133087402,2857059.49772,2857059.49772,0.0,54340.49771999991,0.019019729117774727,-12774.0,-0.004392414474891631,-0.01692274674700136,742068.0,0.259731377870215,-21629.0,-0.0074372579205754736,-0.03049671189920251,687595.0,0.24066527160134987,-4646.0,-0.001597554223449704,-0.006787802993003274,679817.0,0.2379428921737576,-12087.0,-0.004156185514170592,-0.017085209780423886,693239.0,0.2426407292369028,4.85722573273506e-17
2023-08-14,0.002689828477892231,0.0026898284778923255,2864744.49772,2864744.49772,0.0,54340.49771999991,0.018968706550705854,-7768.0,-0.0027188793254739867,-0.010468043359907718,734300.0,0.25632303354955965,3878.0,0.00135733960146603,0.005639947934467237,691473.0,0.24137335826993692,7760.0,0.002716079243779369,0.011414836639860433,687577.0,0.2400133766020776,3815.0,0.0013352889581209138,0.005503152592395985,697054.0,0.24332152502771998,9.454242944073599e-17
2023-08-15,0.008956470645260284,0.00895647064526025,2890402.49772,2890402.49772,0.0,54340.49771999991,0.018800322018426376,6839.0,0.002387298415423449,0.009313632030505243,741139.0,0.25641376956483514,-128.0,-4.468112255800577e-05,-0.00018511207234411177,691345.0,0.2391864110778153,14223.0,0.004964840672988407,0.02068568320348121,701800.0,0.2428035543678059,4724.0,0.0016490126794064005,0.006777093309844001,701778.0,0.24279594297111726,-3.2959746043559335e-17
2023-08-16,-0.0033694961195480655,-0.0033694961195482125,2880663.29772,2880663.29772,0.0,55377.297719999915,0.019223800908572057,4689.0,0.001622265412411858,0.0063267484237099925,745828.0,0.25890842591368146,-4634.2,-0.0016033061152055943,-0.006703165568565622,685674.0,0.23802642972634122,-5837.0,-0.002019441930528474,-0.008317184383015104,695963.0,0.24159817655567167,-3957.0,-0.0013690134862260018,-0.00563853526328839,697821.0,0.2422431668957335,-1.470178145890344e-16
2023-08-17,-0.0007727386958975568,-0.0007727386958975192,2878437.29772,2878437.29772,0.0,55377.297719999915,0.019238667371307368,-7667.0,-0.0026615397940010243,-0.010279850045855077,738161.0,0.25644505113406313,1260.0,0.00043739926182878445,0.0018376079594676186,686934.0,0.2386482417192544,2521.0,0.0008751456659288616,0.003622319002590655,698484.0,0.24266083563927784,1660.0,0.0005762561703458589,0.0023788335404064938,699481.0,0.24300720413609717,3.7621815385247004e-17
2023-08-18,0.004904397261382698,0.0049043972613827735,2892554.29772,2892554.29772,0.0,55377.297719999915,0.019144773795136707,5296.0,0.0018398872208176785,0.0071745865739317035,743457.0,0.25702438864709143,1056.0,0.00036686572983071536,0.0015372655888338618,687990.0,0.23784860340989789,5124.0,0.0017801325754285848,0.007335887436219012,703608.0,0.24324798347073567,2641.0,0.0009175117353057947,0.0037756565224788094,702122.0,0.24273425067713822,7.546047120499111e-17
2023-08-21,-0.0035601751739343657,-0.003560175173934401,2882256.29772,2882256.29772,0.0,55377.297719999915,0.019213176067584953,-8229.0,-0.002844890416227052,-0.011068562136075119,735228.0,0.255087654967256,-136.0,-4.701726778549995e-05,-0.00019767729182110206,687854.0,0.23865122631326185,3189.0,0.001102485786529113,0.004532353242146195,706797.0,0.24522350790216316,-5122.0,-0.0017707532764509614,-0.007295028499320631,697000.0,0.24182443474973397,-3.5128150388530344e-17
2023-08-22,0.0012979414783338417,0.001297941478333938,2885997.29772,2885997.29772,0.0,55377.297719999915,0.019188270814996664,3883.0,0.001347208436346079,0.005281354899432557,739111.0,0.2561024574014375,-6063.0,-0.002103560326955003,-0.008814370491412421,681791.0,0.23624103894297807,5913.0,0.0020515177656745725,0.00836590987228299,712710.0,0.24695449318786827,8.0,2.7756032682896295e-06,1.1477761836441893e-05,697008.0,0.24151373965271947,9.627715291671279e-17
2023-08-23,-0.00449480670347413,-0.0044948067034741015,2873025.29772,2873025.29772,0.0,55377.297719999915,0.019274907799783976,614.0,0.00021275141195907328,0.0008307277256054909,739725.0,0.2574724979230212,-5002.0,-0.0017331963560574667,-0.007336559150824813,676789.0,0.2355666692308947,-1092.0,-0.0003783787326698828,-0.0015321799890558572,711618.0,0.24768943056809553,-7492.0,-0.0025959830267058255,-0.01074880058765466,689516.0,0.23999649447820456,2.862293735361732e-17
2023-08-24,-0.013094559254266058,-0.013094559254266084,2835404.29772,2835404.29772,0.0,55377.297719999915,0.019530653093997846,-6949.0,-0.002418704772810266,-0.009394031565784581,732776.0,0.25843792385771525,-8304.0,-0.0028903330599246583,-0.01226970296503046,668485.0,0.23576355602534033,-12523.0,-0.0043588199553753005,-0.017597924729278912,699095.0,0.24655919459604225,-9845.0,-0.00342670146615586,-0.014278131326901769,679671.0,0.23970867242690425,-2.6020852139652106e-17
2023-08-25,0.006849816802357855,0.0068498168023578086,2854826.29772,2854826.29772,0.0,55377.297719999915,0.01939778184200799,6119.0,0.002158069663970108,0.008350437241394369,738895.0,0.25882310268408154,6625.0,0.002336527459356425,0.0099104691952699,675110.0,0.2364802371826177,4931.0,0.0017390817965413632,0.007053404759009863,704026.0,0.24660904958114915,1747.0,0.0006161378824899131,0.002570361248309844,681418.0,0.23868982871014352,-4.683753385137379e-17
2023-08-28,0.011599654951492955,0.01159965495149292,2887941.29772,2887941.29772,0.0,55377.297719999915,0.019175354347998597,10553.0,0.0036965471448921873,0.014282137516155882,749448.0,0.259509429984495,12340.0,0.004322504668622154,0.018278502762512777,687450.0,0.23804154209877282,249.0,8.722071819180846e-05,0.000353680119768304,704275.0,0.24386749154354967,9973.0,0.00349338241978677,0.014635656821510438,691391.0,0.23940618202518385,-3.469446951953614e-17
2023-08-29,-0.008314573436432826,-0.008314573436432807,2863929.29772,2863929.29772,0.0,55377.297719999915,0.019336125987497763,-12399.0,-0.004293369816688754,-0.016544176513914242,737049.0,0.2573558644016706,-8121.0,-0.0028120377676691165,-0.011813222779838534,679329.0,0.2372017355808399,-2618.0,-0.0009065281216300636,-0.0037172979304959,701657.0,0.2449980174296186,-874.0,-0.00030263773044487225,-0.0012641182775014427,690517.0,0.24110825660037305,1.9081958235744878e-17
2023-08-30,-0.019748741718249474,-0.019748741718249516,2807370.29772,2807370.29772,0.0,55377.297719999915,0.01972568341446601,-14245.0,-0.004973935638474237,-0.019327073233936957,722804.0,0.2574665695462489,-15087.0,-0.005267937309769098,-0.022208679446924832,664242.0,0.23660647850390906,-16252.0,-0.005674721094874222,-0.023162314350173945,685405.0,0.24414484991760801,-10975.0,-0.003832147675131958,-0.015893888202607613,679542.0,0.2420564186177679,-4.163336342344337e-17
2023-08-31,-0.0025087534785560583,-0.0025087534785560557,2800327.29772,2800327.29772,0.0,55377.297719999915,0.019775294753969504,-1940.0,-0.00069103815822785,-0.0026839917875385306,720864.0,0.25742133806534706,-2813.0,-0.0010020053294303825,-0.004234902339809888,661429.0,0.23619703330340322,2.0,7.124104723998454e-07,2.9179827984914027e-06,685407.0,0.24475960383561302,-2292.0,-0.0008164224013702229,-0.003372859955676029,677250.0,0.2418467300416671,2.6020852139652106e-18
2023-09-01,0.006835272439612572,0.0068352724396124765,2819468.29772,2819468.29772,0.0,55377.297719999915,0.019641042874921306,8987.0,0.0032092677192830745,0.012466984063568163,729851.0,0.2588612188298778,261.0,9.320339097951291e-05,0.00039460017628498297,661690.0,0.23468609330882856,3005.0,0.0010730888501664225,0.0043842563615486855,688412.0,0.24416376681968488,6888.0,0.002459712479183467,0.010170542635658916,684138.0,0.24264787816668737,-9.540979117872439e-17
2023-09-04,0.01496984379435351,0.014969843794353439,2861675.29772,2861675.29772,0.0,55377.297719999915,0.019351356096941188,16501.0,0.005852521914626155,0.022608724246455783,746352.0,0.26080946381116177,9540.0,0.0033836166938690693,0.014417627589959044,671230.0,0.23455840728498903,5931.0,0.0021035881143959593,0.008615480264725193,694343.0,0.24263514471862271,10235.0,0.0036301170714622562,0.014960431959633876,694373.0,0.24264562808828521,-7.112366251504909e-17
2023-09-05,-0.0075095871348932475,-0.007509587134893276,2840185.29772,2840185.29772,0.0,55377.297719999915,0.019497776347358338,-10900.0,-0.003808957644036143,-0.014604368984071858,735452.0,0.25894507678438966,-266.0,-9.295254434069853e-05,-0.00039628741266034,670964.0,0.23623951597053405,-5778.0,-0.002019096996994572,-0.008321535609921897,688565.0,0.2424366468458081,-4546.0,-0.001588579949521863,-0.006546913546465661,689827.0,0.24288098405190978,-2.862293735361732e-17
2023-09-06,-0.0036680705334131147,-0.0036680705334131546,2829767.29772,2829767.29772,0.0,55377.297719999915,0.01956955886959981,944.0,0.00033237268031695316,0.0012835643930535236,736396.0,0.26023199879132425,-2520.0,-0.0008872660533884766,-0.0037557901765221382,668444.0,0.23621871683179696,-3698.0,-0.001302027724377217,-0.005370589559446095,684867.0,0.2420223742608839,-5144.0,-0.0018111494359644143,-0.007456942102875069,684683.0,0.24195735124639497,-3.9898639947466563e-17
2023-09-07,-0.0031405409226265,-0.003140540922626547,2820880.29772,2820880.29772,0.0,55377.297719999915,0.019631211492653223,-1026.0,-0.0003625739829655494,-0.0013932720981645744,735370.0,0.2606881265377935,-8588.0,-0.0030348785240820056,-0.012847747904087702,659856.0,0.23391846883163886,4455.0,0.0015743343997188328,0.006504912632671745,689322.0,0.24436414425566028,-3728.0,-0.0013174228152978246,-0.005444855502473408,680955.0,0.24139804888225408,-4.683753385137379e-17
2023-09-08,0.0017313744237739126,0.0017313744237738601,2825764.29772,2825764.29772,0.0,55377.297719999915,0.01959728126110225,-528.0,-0.00018717561338095785,-0.0007180059017909352,734842.0,0.26005070578353456,4925.0,0.0017459088937523057,0.007463749666593924,664781.0,0.23525705966926755,3929.0,0.0013928276230564078,0.0056998035751071345,693251.0,0.24533220996505525,-3442.0,-0.0012201864796538957,-0.005054665873662724,677513.0,0.23976274332104028,-5.2475385148298415e-17
2023-09-11,0.010115847249915433,0.010115847249915405,2854349.29772,2854349.29772,0.0,55377.297719999915,0.01940102347117581,7707.0,0.0027274036996710873,0.010487968842281743,742549.0,0.26014650715423443,8381.0,0.0029659232395151656,0.012607159350222103,673162.0,0.2358372889182515,5459.0,0.0019318667181139827,0.007874492788326306,698710.0,0.24478784028223743,7038.0,0.0024906535926151694,0.010387992555124403,684551.0,0.23982734017410073,-2.7755575615628914e-17
2023-09-12,-0.0003762678943526332,-0.00037626789435262555,2853275.29772,2853275.29772,0.0,55377.297719999915,0.01940832620120845,-2805.0,-0.0009827108413958238,-0.003777528486335582,739744.0,0.2592613480343505,750.0,0.000262756909464124,0.001114144886372077,673912.0,0.23618891613385876,818.0,0.0002865802025888712,0.0011707289147142592,699528.0,0.24516666883107283,163.0,5.7105834990202946e-05,0.00023811228089652925,684714.0,0.2399747407995094,7.643625316022806e-18
2023-09-13,0.0026884892621927836,0.002688489262192735,2860946.29772,2860946.29772,0.0,55377.297719999915,0.019356287031368692,21.0,7.3599627826942305e-06,2.838819916079076e-05,739765.0,0.25857353582258696,-158.0,-5.537495807931849e-05,-0.00023445197592564016,673754.0,0.23550040087678015,7650.0,0.002681129299410041,0.010935945380313583,707178.0,0.247183248620772,158.0,5.537495807931849e-05,0.00023075327801096515,684872.0,0.23938652764849214,-4.85722573273506e-17
2023-09-14,0.010867732828392596,0.01086773282839263,2892038.29772,2892038.29772,0.0,55377.297719999915,0.019148189622404995,7294.0,0.002549506086784248,0.009859887937385521,747059.0,0.25831573551047365,7372.0,0.002576769793223674,0.010941679010440013,681126.0,0.2355176280123884,11237.0,0.003927721400767014,0.015889917389964054,718415.0,0.24841130235598116,5189.0,0.0018137355476176944,0.007576598254856382,690061.0,0.2386071444987517,3.469446951953614e-17
2023-09-15,-0.00048547074950799907,-0.0004854707495080107,2890634.29772,2890634.29772,0.0,55377.297719999915,0.01915749002344537,-985.0,-0.00034059023380725827,-0.0013185036255503246,746074.0,0.2581004454933884,-9542.0,-0.0032994030568414805,-0.014009155427923761,671584.0,0.2323310148674686,6436.0,0.0022254200454654965,0.008958610274005971,724851.0,0.25075845829814214,2687.0,0.0009291024956752314,0.0038938586588721865,692748.0,0.23965259131755542,-1.1655173354219173e-17
2023-09-18,-0.00374277715051452,-0.003742777150514519,2879815.29772,2879815.29772,0.0,55377.297719999915,0.019229461612987154,1092.0,0.0003777717578668874,0.0014636617815390967,747166.0,0.2594492780809743,-561.0,-0.00019407505143161522,-0.0008353385429075142,671023.0,0.23300904072954282,-7483.0,-0.0025887051869211706,-0.010323500967785103,717368.0,0.24910208670950276,-3867.0,-0.0013377686700286205,-0.005582116440610439,688881.0,0.23921013286699291,1.3010426069826053e-18
2023-09-19,0.00886549912427137,0.008865499124271385,2905346.29772,2905346.29772,0.0,55377.297719999915,0.019060480935941374,2494.0,0.0008660277629522085,0.003337946319827187,749660.0,0.25802776095514096,2267.0,0.0007872032632769273,0.0033784236903951132,673290.0,0.23174173781912716,14687.0,0.00509997985343989,0.02047345295580511,732055.0,0.2519682423312111,6083.0,0.0021122882446023596,0.008830262411069547,694964.0,0.23920177795857933,1.5612511283791264e-17
2023-09-20,-0.004039793813636172,-0.004039793813636168,2893609.29772,2893609.29772,0.0,55377.297719999915,0.01913779367644211,2475.0,0.0008518777957527064,0.003301496678494251,752135.0,0.25992970114957803,-2985.0,-0.0010274162506350823,-0.004433453638105422,670305.0,0.23165014037249682,-7684.0,-0.002644779386894463,-0.010496479089685885,724371.0,0.2503347637743503,-3543.0,-0.0012194759718593287,-0.0050981058011638014,691421.0,0.2389476010271326,4.336808689942018e-18
2023-09-21,-0.001849247583015523,-0.0018492475830155385,2888258.29772,2888258.29772,0.0,55377.297719999915,0.019173249762223454,-1823.0,-0.0006300090345425764,-0.0024237670099117843,750312.0,0.2597800898182474,-4856.0,-0.001678180949938975,-0.007244463341314775,665449.0,0.23039802240862856,4831.0,0.0016695412209957142,0.006669234411648174,729202.0,0.25247118672718233,-3503.0,-0.0012105988195297013,-0.005066377792979964,687918.0,0.23817745128371814,-1.5395670849294163e-17
2023-09-22,-0.001155367580051303,-0.0011553675800513542,2884921.29772,2884921.29772,0.0,55377.297719999915,0.019195427536884798,1632.0,0.0005650464161353941,0.002175095160413268,751944.0,0.2606462784944163,-493.0,-0.00017069110487423362,-0.0007408531683119218,664956.0,0.23049363617840302,-3661.0,-0.001267545912666469,-0.005020556718165885,725541.0,0.2514942090702463,-815.0,-0.0002821769786460454,-0.0011847342270445023,687103.0,0.23817044872004953,-5.117434254131581e-17
2023-09-25,0.0030122138884232097,0.003012213888423177,2893611.29772,2893611.29772,0.0,55377.297719999915,0.01913778044882326,2467.0,0.0008551359796018387,0.003280829423467705,754411.0,0.2607160818712702,-1088.0,-0.0003771333383894611,-0.001636198485313314,663868.0,0.2294254243903077,6039.0,0.002093298006005474,0.008323444160977808,731580.0,0.2528259412646208,1272.0,0.0004409132412053258,0.0018512508313891804,688375.0,0.23789477202497794,-3.252606517456513e-17
2023-09-26,-0.0008200825044710758,-0.0008200825044710698,2891238.29772,2891238.29772,0.0,55377.297719999915,0.01915348788914074,-909.0,-0.00031414032724997996,-0.0012049135020565712,753502.0,0.26061566789365087,-803.0,-0.0002775079018500923,-0.0012095778076364578,663065.0,0.22933599092225848,2558.0,0.0008840164544614397,0.003496541731594631,734138.0,0.2539181915855685,-3219.0,-0.0011124507298324372,-0.004676230252406028,685156.0,0.23697666170938134,5.9631119486702744e-18
2023-09-27,-0.0069620688187043145,-0.006962068818704261,2871109.29772,2871109.29772,0.0,55377.297719999915,0.019287770675946062,-4311.0,-0.0014910566186812097,-0.005721285411319412,749191.0,0.26094130258118214,-1858.0,-0.0006426312218765223,-0.0028021385535354753,661207.0,0.23029670118273673,-9987.0,-0.0034542292857270332,-0.013603709384339184,724151.0,0.2522199348436722,-3973.0,-0.0013741516924194958,-0.005798679424831717,681183.0,0.2372542907164627,5.377642775528102e-17
2023-09-28,0.0030249632108736435,0.003024963210873552,2879794.29772,2879794.29772,0.0,55377.297719999915,0.01922960183782689,120.0,4.1795692032795186e-05,0.0001601727730311763,749311.0,0.26019601490052496,4623.0,0.0016101790355634346,0.0069917590104158,665830.0,0.23120748607883315,3576.0,0.0012455116225772967,0.004938196591594847,727727.0,0.25270103513162673,366.0,0.00012747686070002531,0.000537300549191627,681549.0,0.23666586205118822,-9.150666335777657e-17
2023-10-09,-0.004493773187288386,-0.004493773187288343,2866853.15532,2866853.15532,0.0,21831.155319999816,0.00761502390852768,-4594.3988,-0.0015953913109826947,-0.006131497869376,710655.0,0.2478867809051337,-2273.5029,-0.000789467116383967,-0.003414539597194479,711370.0,0.2481361832851172,-2403.7381,-0.0008346909020214031,-0.003303076703214255,713069.0,0.24872881915028075,-3669.5026,-0.0012742238579002778,-0.005384062774650099,709928.0,0.24763319275094067,4.2500725161431774e-17
2023-10-10,-0.007916694288259252,-0.007916694288259302,2844157.15532,2844157.15532,0.0,21831.155319999816,0.007675790797693654,686.0,0.00023928675897717135,0.0009653066537208631,711341.0,0.25010608104739773,640.0,0.0002232412911740374,0.0008996724629939413,712010.0,0.2503413001170432,-8213.0,-0.002864813631894327,-0.01151781945365736,704856.0,0.24782596794328537,-15809.0,-0.005514408706516183,-0.022268455392659536,694119.0,0.24405086009458002,-5.0306980803327406e-17
2023-10-11,-0.009749461258894532,-0.009749461258894527,2816428.15532,2816428.15532,0.0,21831.155319999816,0.007751362405166476,-5895.0,-0.0020726702773696576,-0.008287164665048127,705446.0,0.2504754110867237,-13288.0,-0.004672034375858865,-0.018662659232314152,698722.0,0.248087989988373,-5446.0,-0.0019148027702383637,-0.007726400853507667,699410.0,0.24833227102877534,-3100.0,-0.00108995383542764,-0.004466092989818748,691019.0,0.2453529654909614,5.204170427930421e-18
2023-10-12,0.01101253015860304,0.01101253015860296,2847444.15532,2847444.15532,0.0,21831.155319999816,0.007666930106148614,9750.0,0.003461831604538911,0.01382104370851915,715196.0,0.25117121214256977,7572.0,0.00268851168303268,0.010836927991389994,706294.0,0.24804489973241484,5250.0,0.001864063171674798,0.007506326761127236,704660.0,0.24747105177934886,8444.0,0.0029981236993565706,0.01221963506068574,699463.0,0.24564590623951793,-7.979727989493313e-17
2023-10-13,-0.007543607118639328,-0.007543607118639363,2825964.15532,2825964.15532,0.0,21831.155319999816,0.007725206025314129,388.0,0.00013626254944283393,0.0005425086270057439,715584.0,0.2532176491527262,-9400.0,-0.0033012060947490694,-0.013308905356692822,696894.0,0.24660397715521865,-6983.0,-0.0024523746978332714,-0.009909743706184544,697677.0,0.24688105073328437,-5485.0,-0.001926288875499856,-0.00784173001288131,693978.0,0.24557211693345662,-3.469446951953614e-17
2023-10-16,0.006113665655480993,0.006113665655480909,2843241.15532,2843241.15532,0.0,21831.155319999816,0.007678263688309187,1425.0,0.0005042526803878159,0.001991380466863429,717009.0,0.2521801566702851,6674.0,0.002361671851865462,0.009576779251937884,703568.0,0.24745280529003005,4107.0,0.0014533093041072,0.0058866782192905885,701784.0,0.24682535235777983,5071.0,0.0017944318191204312,0.007307148065212442,699049.0,0.2458634219935958,-8.413408858487514e-17
2023-10-17,0.0016284232490575423,0.0016284232490574317,2847871.15532,2847871.15532,0.0,21831.155319999816,0.007665780553034453,5121.0,0.001801113489940196,0.007142169763559453,722130.0,0.2535683535580661,-559.0,-0.00019660660825553008,-0.0007945216382780342,703009.0,0.2468542155380645,1301.0,0.0004575763816465915,0.0018538467676664045,703085.0,0.2468809021386356,-1233.0,-0.00043366001427382577,-0.001763824853479513,697816.0,0.2450307482121993,-1.1058862159352145e-16
2023-10-18,-0.011793019476060596,-0.011793019476060613,2814286.15532,2814286.15532,0.0,21831.155319999816,0.007757262096013649,-5270.0,-0.001850505065917506,-0.007297854956863722,716860.0,0.2547217874930309,-11801.0,-0.004143797017626658,-0.016786413829694927,691208.0,0.2456068650635869,-8052.0,-0.0028273751026124776,-0.011452384846782395,695033.0,0.24696600190643048,-8462.0,-0.0029713422899039724,-0.012126405814713335,689354.0,0.24494808344093802,-1.734723475976807e-17
2023-10-19,-0.015836698025802676,-0.01583669802580266,2769717.15532,2769717.15532,0.0,21831.155319999816,0.007882088349009612,-17670.0,-0.006278679219096973,-0.024649164411461096,699190.0,0.25244093919735244,-6831.0,-0.002427258502866521,-0.009882698116919943,684377.0,0.2470927396631337,-9241.0,-0.00328360354633136,-0.01329577156768096,685792.0,0.24760362215425094,-10827.0,-0.0038471567575078056,-0.015706008814049096,678527.0,0.2449806106362533,1.734723475976807e-17
2023-10-20,-0.0025648828387963007,-0.0025648828387963094,2762613.15532,2762613.15532,0.0,21831.155319999816,0.00790235696878489,1068.0,0.0003855989402920127,0.0015274818003689983,700258.0,0.253476676114245,-305.0,-0.00011011954755530326,-0.00044566079806890064,684072.0,0.24761773058333328,-5630.0,-0.0020326985335618274,-0.008209486258224067,680162.0,0.24620240394142887,-2237.0,-0.0008076636979711915,-0.0032968474356952636,676290.0,0.24480083239220793,-8.673617379884035e-18
2023-10-23,-0.01837825172960883,-0.018378251729608868,2711841.15532,2711841.15532,0.0,21831.155319999816,0.008050307547391625,-8221.0,-0.0029758057092317517,-0.011739958700935941,692037.0,0.25519083175000307,-20401.0,-0.007384674890407124,-0.029822884140850672,663671.0,0.24473077956576927,-10256.0,-0.003712427120043893,-0.015078760648198518,669906.0,0.24702995552884824,-11894.0,-0.004305344009926098,-0.017587129781602567,664396.0,0.24499812560798775,-3.8163916471489756e-17
2023-10-24,0.013234919725880756,0.013234919725880784,2747732.15532,2747732.15532,0.0,21831.155319999816,0.007945154071051503,202.0,7.448813865949453e-05,0.0002918919075136156,692239.0,0.2519310328918803,17865.0,0.006587775233425098,0.02691845809143386,681536.0,0.24803582062409157,12236.0,0.004512063686324629,0.01826524915435897,682142.0,0.2482563661378989,5588.0,0.0020605926674715615,0.008410646662532585,669984.0,0.2438316262750777,2.7755575615628914e-17
2023-10-25,0.011848316415036031,0.011848316415035927,2780288.15532,2780288.15532,0.0,21831.155319999816,0.007852119672641319,1840.0,0.0006696431442335085,0.0026580415145636116,694079.0,0.24964282880963262,9688.0,0.003525816728985995,0.014214949760540895,691224.0,0.24861595683072027,11464.0,0.004172167937767903,0.016805884991687947,693606.0,0.24947270255883558,9564.0,0.0034806886040485195,0.01427496776042413,679548.0,0.24441639212817018,-1.0408340855860843e-16
2023-10-26,0.007890189352504517,0.007890189352504413,2802225.15532,2802225.15532,0.0,21831.155319999816,0.007790649969205208,5108.0,0.0018372196386284608,0.007359392806870688,699187.0,0.249511356599094,4020.0,0.001445893294300394,0.005815770285753967,695244.0,0.24810426053027373,7706.0,0.0027716551556912525,0.01111005383459774,701312.0,0.2502696825301726,5103.0,0.001835421263884306,0.007509403309258507,684651.0,0.24432405037125446,-1.0408340855860843e-16
2023-10-27,0.003963992678786665,0.003963992678786556,2813333.15532,2813333.15532,0.0,21831.155319999816,0.007759889822759598,1005.0,0.0003586435579924819,0.0014373837042164685,700192.0,0.2488834280703443,5893.0,0.002102971629104175,0.008476160887400682,701137.0,0.24921932856553203,1888.0,0.0006737502860595083,0.002692097098010586,703200.0,0.24995262245079367,2322.0,0.000828627205630391,0.0033915089585788965,686973.0,0.24418473109057037,-1.0928757898653885e-16
2023-10-30,-0.0070492895455690485,-0.007049289545569028,2793501.15532,2793501.15532,0.0,21831.155319999816,0.007814979878717473,-7189.0,-0.0025553319152428265,-0.010267183858141767,693003.0,0.24807686178336855,1731.0,0.000615284399121621,0.0024688470298957267,702868.0,0.25160827252977647,-12464.0,-0.004430332033883237,-0.017724687144482366,690736.0,0.24726533536044845,-1910.0,-0.0006789099955645847,-0.0027803130545159707,685063.0,0.245234550447689,2.0816681711721685e-17
2023-10-31,0.001277250232456506,0.0012772502324565104,2797069.15532,2797069.15532,0.0,21831.155319999816,0.007805010926697025,320.0,0.00011455159035484397,0.0004617584628060773,693323.0,0.2478748152083784,-598.0,-0.00021406828447561468,-0.0008507998656931316,702270.0,0.2510735205328366,4434.0,0.0015872554738543068,0.006419239767436474,695170.0,0.24853514925714046,-588.0,-0.0002104885472770258,-0.0008583152206439407,684475.0,0.24471150407494746,4.336808689942018e-18
2023-11-01,0.00046298462000371465,0.00046298462000373563,2798364.15532,2798364.15532,0.0,21831.155319999816,0.007801398998946,-2922.0,-0.001044664910927348,-0.004214485888972384,690401.0,0.2467159246188425,2936.0,0.0010496701500625235,0.0041807282099477405,705206.0,0.25200651554206244,560.0,0.0002002095654070208,0.0008055583526331688,695730.0,0.24862025146989547,721.0,0.0002577698154615393,0.001053362065816867,685196.0,0.24485590937025353,2.097931203759451e-17
2023-11-02,0.00031125327214609477,0.00031125327214620466,2799235.15532,2799235.15532,0.0,21831.155319999816,0.0077989715435337,1623.0,0.0005799816999922964,0.0023508077189922957,692024.0,0.24721895860903118,-480.0,-0.0001715287837315479,-0.0006806521782287729,704726.0,0.25175662668449084,426.0,0.00015223179556174876,0.0006123064982105127,696156.0,0.24869507610925157,-698.0,-0.0002494314396762926,-0.0010186866239732864,684498.0,0.2445303670536927,1.0988389018140587e-16
2023-11-03,-0.005872675601675481,-0.005872675601675467,2782796.15532,2782796.15532,0.0,21831.155319999816,0.007845042935776732,-3793.0,-0.001355012990884789,-0.005481023779522098,688231.0,0.24731635433816343,-2502.0,-0.0008938155821760459,-0.003550316009342638,702224.0,0.2523447499586076,-7893.0,-0.002819698797008605,-0.011337975970903073,688263.0,0.24732785356347997,-2251.0,-0.0008041482316060269,-0.003288541383612516,682247.0,0.2451659992039722,1.3877787807814457e-17
2023-11-06,0.0013436126080783595,0.0013436126080783822,2786535.15532,2786535.15532,0.0,21831.155319999816,0.007834516380789308,-218.0,-7.83384724688653e-05,-0.00031675411308121836,688013.0,0.24690626948899555,262.0,9.414990727909499e-05,0.00037310032126500946,702486.0,0.2521001748924025,1705.0,0.0006126930988964006,0.0024772507021298545,689968.0,0.24760785762301482,1990.0,0.000715108074371752,0.002916832173684897,684237.0,0.24555118161479778,2.2768245622195593e-17
2023-11-07,0.00026017974279479716,0.0002601797427948626,2787260.15532,2787260.15532,0.0,21831.155319999816,0.007832478528540306,-1419.0,-0.0005092345586564276,-0.0020624610290793923,686594.0,0.24633294408830433,1913.0,0.0006865156523676857,0.0027231859424956513,704399.0,0.25272093767620674,816.0,0.0002928367863732522,0.0011826635438165248,690784.0,0.24783621244737825,-585.0,-0.00020993813728964773,-0.0008549669193568895,683652.0,0.24527742725957033,6.543160110950019e-17
2023-11-08,-0.0055172460204865326,-0.0055172460204865525,2771882.15532,2771882.15532,0.0,21831.155319999816,0.007875931982930753,-4067.0,-0.0014591390015163746,-0.005923442383708568,682527.0,0.24623232942643108,-3782.0,-0.0013568880510781728,-0.005369116083356166,700617.0,0.2527585808997415,-4101.0,-0.0014713373605160197,-0.005936732755825265,686683.0,0.24773167166651278,-3428.0,-0.0012298816073759854,-0.005014247014562965,680224.0,0.24540148602438386,-1.9949319973733282e-17
2023-11-09,0.00036581641757527095,0.000365816417575277,2772896.15532,2772896.15532,0.0,21831.155319999816,0.007873051891292495,869.0,0.00031350539139340803,0.0012732097045245097,683396.0,0.24645567728486903,-2391.0,-0.0008625907834541296,-0.0034127062289382075,698226.0,0.251803876124392,1911.0,0.0006894232485072529,0.002782943512508683,688594.0,0.24833025163199246,625.0,0.0002254785611287457,0.0009188149785952863,680849.0,0.245537143067454,6.071532165918825e-18
2023-11-10,0.0007847390879840432,0.0007847390879839435,2775072.15532,2775072.15532,0.0,21831.155319999816,0.007866878444276854,-4306.0,-0.0015528890224535206,-0.006300885577322665,679090.0,0.24471075416836957,5398.0,0.001946701101533698,0.0077310211879821145,703624.0,0.25355160537037047,1719.0,0.0006199294541564332,0.0024963911971350315,690313.0,0.24875497333524232,-635.0,-0.00022900244525266732,-0.0009326590771228275,680214.0,0.24511578868174078,-9.974659986866641e-17
2023-11-13,0.004357724528645912,0.0043577245286458245,2787165.15532,2787165.15532,0.0,21831.155319999816,0.007832745497097511,1726.0,0.0006219658096785491,0.002541636601923162,680816.0,0.24426826616301975,3939.0,0.0014194225517519146,0.005598160381112639,707563.0,0.2538647552512055,911.0,0.0003282797523853755,0.0013196912125369217,691224.0,0.24800252639518924,5517.0,0.0019880564148299857,0.008110682814526017,685731.0,0.24603170669348795,-8.760353553682876e-17
2023-11-14,-0.0013407888631453702,-0.001340788863145409,2783428.15532,2783428.15532,0.0,21831.155319999816,0.007843261654975238,-730.0,-0.0002619148702424802,-0.0010722427205001057,680086.0,0.2443339515338822,560.0,0.0002009209963503958,0.0007914489593152836,708123.0,0.2544067820276072,-1924.0,-0.0006903071374610027,-0.0027834681666145853,689300.0,0.24764425792077033,-1643.0,-0.0005894878517923219,-0.0023959832645745927,684088.0,0.245771746862765,-3.881443777498106e-17
2023-11-15,2.0119075066826753e-05,2.0119075066825967e-05,2783484.15532,2783484.15532,0.0,21831.155319999816,0.007843103858979942,1723.0,0.0006190208275025204,0.0025335031157824157,681809.0,0.24494804423329533,-1187.0,-0.00042645253757718607,-0.0016762624572284758,706936.0,0.2539752197435189,-1285.0,-0.00046166091894413153,-0.0018642100681851154,688015.0,0.24717762401665375,805.0,0.00028921170408562324,0.0011767491901626692,684893.0,0.24605600814755207,-7.860465750519907e-19
2023-11-16,-0.0021311420036871365,-0.0021311420036871143,2777552.15532,2777552.15532,0.0,21831.155319999816,0.007859854324674117,-1873.0,-0.0006728976690670879,-0.002747103660995968,679936.0,0.24479684339956706,-3093.0,-0.0011111972719831836,-0.004375219256057126,703843.0,0.25340406251306224,1795.0,0.000644875235438026,0.002608954746626164,689810.0,0.24835177214540097,-2761.0,-0.000991922298074869,-0.004031286638934841,682132.0,0.24558746761729558,2.211772431870429e-17
2023-11-17,-0.004142856499727676,-0.0041428564997276485,2766045.15532,2766045.15532,0.0,21831.155319999816,0.00789255203517247,-4192.0,-0.001509242586847858,-0.006165286144578314,675744.0,0.2442996994103027,-1584.0,-0.000570286320984496,-0.0022505018874947966,702259.0,0.25388558774947284,-3607.0,-0.0012986254796660838,-0.005228976094866703,686203.0,0.2480809102773357,-2124.0,-0.0007647021122292104,-0.003113766836917195,680008.0,0.2458412505277163,2.7755575615628914e-17
2023-11-20,0.003639130757008724,0.0036391307570087295,2776111.15532,2776111.15532,0.0,21831.155319999816,0.00786393415053417,1791.0,0.000647494852553411,0.002650411990339537,677535.0,0.2440590315346725,3482.0,0.001258837005355096,0.004958284621485805,705741.0,0.25421928752656514,1929.0,0.0006973855782107927,0.0028111214902878595,688132.0,0.24787624180008008,2864.0,0.0010354133208894298,0.004211715156292279,682872.0,0.24598150498814805,5.637851296924623e-18
2023-11-21,0.00287560531742459,0.002875605317424621,2784094.15532,2784094.15532,0.0,21831.155319999816,0.007841385420921792,2038.0,0.0007341204605926817,0.0030079626882744065,679573.0,0.24409124192205733,-538.0,-0.00019379627468050183,-0.0007623193211107191,705203.0,0.25329710873910616,4084.0,0.001471122650176895,0.0059349078374497915,692216.0,0.24863239581077948,2399.0,0.0008641584813355463,0.0035131034805937276,685271.0,0.24613786810713514,3.122502256758253e-17
2023-11-22,-0.0012172720500577272,-0.0012172720500576867,2780705.15532,2780705.15532,0.0,21831.155319999816,0.00785094215337171,-1882.0,-0.0006759828852784203,-0.0027693860703706594,677691.0,0.24371192274860662,-3480.0,-0.001249957726232148,-0.004934749284957665,701723.0,0.2523543348914483,2610.0,0.0009374682946741111,0.0037704993816958868,694826.0,0.2498740287767188,-637.0,-0.0002287997332212294,-0.0009295592546598353,684634.0,0.24620877142985453,4.0549161250957866e-17
2023-11-23,0.004920694297207984,0.004920694297207997,2794388.15532,2794388.15532,0.0,21831.155319999816,0.007812499232949195,1784.0,0.0006415638841057565,0.002632468189779708,679475.0,0.24315698544112593,5709.0,0.002053076353340675,0.008135688868684652,707432.0,0.2531616800096937,2406.0,0.0008652481531157231,0.0034627374335445132,697232.0,0.2495115070798589,3784.0,0.0013608059066458423,0.005527040725409489,688418.0,0.24635732823637227,1.3010426069826053e-17
2023-11-24,0.00044947227449720906,0.00044947227449730186,2795644.15532,2795644.15532,0.0,21831.155319999816,0.007808989308763061,1236.0,0.00044231507267409643,0.0018190514735641487,680711.0,0.2434898585732501,-3095.0,-0.0011075769821410424,-0.004374978796548644,704337.0,0.25194086259500326,1706.0,0.0006105093155194244,0.0024468182756958944,698938.0,0.25000964399204695,1409.0,0.0005042248684448235,0.002046721613903181,689827.0,0.24675064553093662,9.280770596475918e-17
2023-11-27,-0.0023568807880864906,-0.002356880788086493,2789055.15532,2789055.15532,0.0,21831.155319999816,0.007827437646171267,-3906.0,-0.0013971735253097348,-0.0057381179384496505,676805.0,0.2426646166208023,1199.0,0.00042888147896732515,0.0017023101157542483,705536.0,0.2529659546725783,-3672.0,-0.0013134718855446355,-0.005253684876197889,695266.0,0.24928370407943018,-210.0,-7.511685619944811e-05,-0.0003044241527223492,689617.0,0.2472582869810179,-2.6020852139652106e-18
2023-11-28,0.0014893932778907715,0.0014893932778906964,2793209.15532,2793209.15532,0.0,21831.155319999816,0.007815796850880206,-1309.0,-0.00046933456927273026,-0.0019340873663758395,675496.0,0.24183509448744192,1374.0,0.000492639952773668,0.0019474555515239477,706910.0,0.25308165650739245,2060.0,0.0007386013847989491,0.002962894776963062,697326.0,0.2496504777208894,2029.0,0.0007274865095908096,0.0029422128514813295,691646.0,0.24761697443339598,-7.502679033599691e-17
2023-11-29,-0.006235480063076282,-0.006235480063076282,2775792.15532,2775792.15532,0.0,21831.155319999816,0.007864837890747288,-6378.0,-0.00228339506472415,-0.009441950803557682,669118.0,0.2410547917709143,-4433.0,-0.001587063393214512,-0.00627095386965809,702477.0,0.2530726224056991,-4272.0,-0.0015294235993260537,-0.006126259453971313,693054.0,0.2496779157876477,-2334.0,-0.0008355980058115658,-0.003374558661511814,689312.0,0.2483298321449916,0.0
2023-11-30,0.005307674053247613,0.00530767405324753,2790525.15532,2790525.15532,0.0,21831.155319999816,0.00782331428848788,1924.0,0.0006931354699279337,0.0028754270547197954,671042.0,0.24047158246206496,7207.0,0.002596375952063731,0.01025941062839068,709684.0,0.2543191551765882,3079.0,0.0011092329063971454,0.004442655262071931,696133.0,0.2494630799772066,2523.0,0.0009089297248587196,0.0036601713012394967,691835.0,0.2479228680956523,-8.326672684688674e-17
2023-12-01,0.006255811730175198,0.006255811730175262,2807982.15532,2807982.15532,0.0,21831.155319999816,0.007774677370594586,2993.0,0.0010725579714965091,0.004460227526741993,674035.0,0.24004247987223637,4191.0,0.0015018678444844202,0.005905445240416861,713875.0,0.2542306042249924,6114.0,0.0021909854452822107,0.008782804435359335,702247.0,0.25008955226781754,4159.0,0.001490400468912122,0.006011548996509283,695994.0,0.2478626862643591,6.418476861114186e-17
2023-12-04,0.008647134724128147,0.00864713472412823,2832263.15532,2832263.15532,0.0,21831.155319999816,0.007708025039620038,685.0,0.00024394741921781796,0.0010162677012321318,674720.0,0.23822645107416496,5060.0,0.001802005753638188,0.00708807564349501,718935.0,0.25383764169285744,12304.0,0.0043817942278190245,0.017520900765685007,714551.0,0.25228976292609623,6232.0,0.0022193873234531993,0.008954100179024533,702226.0,0.2479381192672613,8.326672684688674e-17
2023-12-05,-0.009776633907759735,-0.009776633907759704,2804573.15532,2804573.15532,0.0,21831.155319999816,0.0077841276055104,-9740.0,-0.003438945982722265,-0.014435617737728243,664980.0,0.23710559973755657,-7193.0,-0.0025396651389857547,-0.010005076954105727,711742.0,0.25377908172938735,-2907.0,-0.0010263876767734727,-0.004068289037451491,711644.0,0.25374413880061614,-7850.0,-0.0027716351092782116,-0.011178737329577658,694376.0,0.24758705212692952,3.122502256758253e-17
2023-12-06,0.0015150255545803848,0.0015150255545804054,2808822.15532,2808822.15532,0.0,21831.155319999816,0.007772352293167049,-1709.0,-0.0006093618905102171,-0.002570002105326476,663271.0,0.23613848201237778,3399.0,0.001211949131564791,0.0047756068912611594,715141.0,0.2546052973291669,3563.0,0.0012704250531819215,0.0050067168415668505,715207.0,0.25462879472286093,-1004.0,-0.00035798673965609014,-0.0014459025081512034,693372.0,0.24685507364242731,2.0599841277224584e-17
2023-12-07,-0.001564712807350821,-0.001564712807350842,2804427.15532,2804427.15532,0.0,21831.155319999816,0.007784532851418908,2795.0,0.0009950790208294888,0.00421396382474132,666066.0,0.2375051884433769,-5132.0,-0.0018271003702672404,-0.00717620720948736,710009.0,0.2531743420944675,-2090.0,-0.0007440841336435176,-0.0029222309065766974,713117.0,0.254282589814186,32.0,1.1392675730427065e-05,4.615127233288913e-05,693404.0,0.24725334679655067,-2.1033522146218786e-17
2023-12-08,0.0010412108563635503,0.0010412108563635743,2807347.15532,2807347.15532,0.0,21831.155319999816,0.007776435941892394,-1547.0,-0.0005516278064364553,-0.0023225926559830405,664519.0,0.23670709863606226,10146.0,0.0036178511468030225,0.014289959704736137,720155.0,0.2565250965258381,-1248.0,-0.0004450106673773085,-0.0017500634538231453,711869.0,0.25357355560782313,-4431.0,-0.0015800018166256843,-0.006390214074334731,688973.0,0.2454178132883841,2.4069288229178198e-17
2023-12-11,0.011746320699066226,0.011746320699066224,2840323.15532,2840323.15532,0.0,21831.155319999816,0.007686151936306785,7294.0,0.0025981824108135933,0.010976360344850937,671813.0,0.23652695952630481,18676.0,0.006652543831142674,0.025933306024397525,738831.0,0.26012216202094823,3241.0,0.0011544706873384775,0.0045528039569078015,715110.0,0.25177064752670136,3765.0,0.0013411237697714803,0.005464655363853156,692738.0,0.24389407898973872,-1.734723475976807e-18
2023-12-12,0.013817441838084976,0.013817441838084941,2879569.15532,2879569.15532,0.0,21831.155319999816,0.007581396432055396,4363.0,0.001536092818110498,0.0064943667359815905,676176.0,0.23481846190454075,20660.0,0.007273820220527822,0.027963093048342585,759491.0,0.2637516097145441,9140.0,0.003217943698723344,0.012781250436995706,724250.0,0.25151332054725933,5083.0,0.0017895851007232778,0.007337550415885948,697821.0,0.2423352114016004,-3.469446951953614e-17
2023-12-13,0.0031476931134835073,0.003147693113483409,2888633.15532,2888633.15532,0.0,21831.155319999816,0.007557607403277687,-3851.0,-0.0013373528442216028,-0.005695262771822721,672325.0,0.23274848824669137,15819.0,0.005493530159112317,0.02082842324662175,775310.0,0.2684002981036586,468.0,0.0001625243134499377,0.0006461857093545047,724718.0,0.25088613230976936,-3372.0,-0.0011710085148572435,-0.004832184757982348,694449.0,0.24040747393660294,-9.84455572616838e-17
2023-12-14,0.006552926239574042,0.006552926239574047,2907562.15532,2907562.15532,0.0,21831.155319999816,0.007508405376667564,-281.0,-9.727784211106276e-05,-0.0004179526270776782,672044.0,0.23113658938308623,12992.0,0.004497628913547784,0.016757168100501735,788302.0,0.27112128920705436,5178.0,0.0017925432969789431,0.007144848065040471,729896.0,0.25103367048044045,1040.0,0.0003600318711583818,0.0014975901758084466,695489.0,0.2392000455527514,5.204170427930421e-18
2023-12-15,-0.0003105694570786355,-0.00031056945707859433,2906659.15532,2906659.15532,0.0,21831.155319999816,0.007510737982485043,-2943.0,-0.0010121881641000036,-0.00437917755385064,669101.0,0.23019589303250707,15605.0,0.005367039177975044,0.0197957128105726,803907.0,0.27657422389158537,-8695.0,-0.002990477773309389,-0.011912656049628989,721201.0,0.24812025127886092,-4870.0,-0.0016749426976442464,-0.007002267469363282,690619.0,0.23759889381456162,4.1145472445824893e-17
2023-12-18,-0.008357361046457346,-0.008357361046457353,2882367.15532,2882367.15532,0.0,21831.155319999816,0.007574036943803616,-469.0,-0.00016135362797581502,-0.0007009405157068963,668632.0,0.23197322338547416,-24159.0,-0.008311604047479137,-0.030051983624971544,779748.0,0.2705234822568718,-2668.0,-0.000917892280254743,-0.0036993847762274317,718533.0,0.2492857298466644,3004.0,0.0010334889092523418,0.004349721047350276,693623.0,0.24064352756718604,-6.938893903907228e-18
2023-12-19,-0.011513106489140501,-0.011513106489140454,2849182.15532,2849182.15532,0.0,21831.155319999816,0.0076622532817835565,-1369.0,-0.0004749568414534663,-0.0020474640759042344,667263.0,0.2341945736091618,-21474.0,-0.007450126525472415,-0.027539666661536805,758274.0,0.26613742423739,-4272.0,-0.0014821151400213355,-0.005945447181966591,714261.0,0.2506898334549548,-6070.0,-0.0021059079821932366,-0.008751151562159847,687553.0,0.2413159154167098,4.683753385137379e-17
2023-12-20,-0.006199673814121565,-0.006199673814121619,2831518.15532,2831518.15532,0.0,21831.155319999816,0.007710053096068741,-518.0,-0.00018180655772843065,-0.0007763055946455895,666745.0,0.23547262049063175,-7739.0,-0.0027162180506956077,-0.010206073266391832,750535.0,0.26506451974883394,-3790.0,-0.0013302062814493285,-0.005306183593952351,710471.0,0.2509152196905858,-5617.0,-0.001971442924248253,-0.008169552019989732,681936.0,0.24083758697387975,-5.4643789493269423e-17
2023-12-21,-8.158167715288656e-05,-8.158167715293843e-05,2831287.15532,2831287.15532,0.0,21831.155319999816,0.007710682146450242,-2401.0,-0.0008479550079835722,-0.0036010768734673674,664344.0,0.234643808118048,936.0,0.0003305647178145038,0.001247110394585196,751471.0,0.26541673760924706,281.0,9.924004883106363e-05,0.00039551227284435257,710752.0,0.25103493959081263,953.0,0.0003365685641850663,0.0013974918467422163,682889.0,0.241193832535442,-5.187907395343139e-17
2023-12-22,-0.006366362368483536,-0.006366362368483519,2813262.15532,2813262.15532,0.0,21831.155319999816,0.007760085663796444,889.0,0.0003139914643873425,0.0013381621569548306,665233.0,0.23646321006452092,-17753.0,-0.006270292989053421,-0.023624331477861422,733718.0,0.2608068354428,-1357.0,-0.0004792873084067759,-0.001909245418936563,709395.0,0.2521610005873443,196.0,6.922646458933535e-05,0.0002870158986306706,683085.0,0.24280886824153833,1.6479873021779667e-17
2023-12-25,-0.0061437573342801866,-0.006143757334280139,2795978.15532,2795978.15532,0.0,21831.155319999816,0.0078080564679881195,-1652.0,-0.0005872186482429292,-0.002483340423580911,663581.0,0.23733411462367204,-5727.0,-0.002035715011190833,-0.007805451140628961,727991.0,0.2603707752919412,-4321.0,-0.0015359393335700347,-0.0060911058014223385,705074.0,0.2521743593233847,-5584.0,-0.001984884341276342,-0.0081746781147295,677501.0,0.24231269429301389,4.7704895589362195e-17
2023-12-26,-0.0019631769974868263,-0.001963176997486872,2790489.15532,2790489.15532,0.0,21831.155319999816,0.007823415216783498,698.0,0.0002496442966379735,0.0010518685736933397,664279.0,0.2380510953549374,4140.0,0.0014806982637266624,0.0056868834916915184,732131.0,0.26236654552274824,-6987.0,-0.0024989465624778236,-0.009909598141471675,698087.0,0.2501665339458905,-3340.0,-0.0011945729953736842,-0.004929882022314358,674161.0,0.24159240995964038,-4.5536491244391186e-17
2023-12-27,0.00578070693062771,0.005780706930627786,2806620.15532,2806620.15532,0.0,21831.155319999816,0.007778450275367139,4169.0,0.0014940032976125002,0.006275977413105036,668448.0,0.23816831740944516,4519.0,0.001619429336030436,0.006172392645578455,736650.0,0.26246872010936945,4373.0,0.0015671087600046686,0.006264262190815758,702460.0,0.2502868080201285,3070.0,0.0011001655369801812,0.004553808363284141,677231.0,0.24129770418568977,7.546047120499111e-17
2023-12-28,-0.0009228181430573912,-0.000922818143057445,2804030.15532,2804030.15532,0.0,21831.155319999816,0.007785635000600917,4157.0,0.0014811409346292658,0.006218883144238595,672605.0,0.2398708154845936,-2835.0,-0.0010101117511845006,-0.0038485033598045205,733815.0,0.26170010996770326,-4008.0,-0.0014280521688703628,-0.005705662955897845,698452.0,0.24908861934842197,96.0,3.42048423681524e-05,0.00014175369999305999,677327.0,0.24155482019868024,-5.377642775528102e-17
2023-12-29,0.00484837867175103,0.004848378671750953,2817625.15532,2817625.15532,0.0,21831.155319999816,0.007748069426048418,11741.0,0.00418718749430143,0.017456010585707806,684346.0,0.24288042669830517,3953.0,0.001409756593558773,0.005386916320871064,737768.0,0.2618403653186476,-1508.0,-0.0005377973546892562,-0.0021590603219691544,696944.0,0.2473515679273695,-591.0,-0.00021076806141999362,-0.0008725475287416566,676736.0,0.24017957062962925,-7.719519468096792e-17
2024-01-02,0.011151500809351678,0.011151500809351452,2849045.9045200003,2849045.9045200003,0.0,22620.9045200001,0.007939817496135152,-2763.2009,-0.0009806843521334835,-0.004037724922772983,701598.0,0.24625717644174056,14511.715400000001,0.005150335690537194,0.019669754448552935,711402.0,0.24969832843737738,13418.650399999986,0.004762397288604565,0.019253556096329096,710488.0,0.24937751928560137,6253.5843,0.0022194521823431746,0.009240803356109325,702937.0,0.24672715833914546,-2.255140518769849e-16
2024-01-03,0.00980328184803514,0.009803281848035219,2876975.9045200003,2876975.9045200003,0.0,22620.9045200001,0.007862736870496734,5050.0,0.0017725232127668404,0.007197854041773209,706648.0,0.24562179992185176,7763.0,0.0027247718219225708,0.010912254955707182,719165.0,0.24997254890808226,10955.0,0.003845146890269453,0.015418979630901577,721443.0,0.2507643525503794,4162.0,0.0014608399230763545,0.005920871998486351,707099.0,0.24577856174918977,7.979727989493313e-17
2024-01-04,0.0033587351165571544,0.0033587351165571167,2886638.9045200003,2886638.9045200003,0.0,22620.9045200001,0.00783641642346727,2890.0,0.0010045270088844115,0.004089730672130962,709538.0,0.24580074732900625,-1436.0,-0.0004991352196394515,-0.0019967601315414403,717729.0,0.24863830348719917,7265.0,0.0025252210102232695,0.010070095627790415,728708.0,0.252441688795562,944.0,0.00032812231708888735,0.0013350322939220676,708043.0,0.2452828439647652,-3.7730235602495554e-17
2024-01-05,-2.6328197780811635e-05,-2.6328197780815792e-05,2886562.9045200003,2886562.9045200003,0.0,22620.9045200001,0.007836622747620902,5914.0,0.0020487494957334815,0.008335001085213196,715452.0,0.24785602242711935,-4001.0,-0.0013860410436979471,-0.005574527433056209,713728.0,0.24725877232136195,-54.0,-1.870687737057964e-05,-7.410375623706615e-05,728654.0,0.25242962793536144,-1935.0,-0.0006703297724457704,-0.002732884867162023,706108.0,0.24461895456853625,-4.157237705124106e-18
2024-01-08,-0.009324238165000498,-0.009324238165000472,2859647.9045200003,2859647.9045200003,0.0,22620.9045200001,0.007910381024267069,-1206.0,-0.0004177979278094211,-0.0016856476744771137,714246.0,0.24976711254244013,-8446.0,-0.0029259712257697934,-0.011833639705882353,705282.0,0.2466324609002462,-5545.0,-0.0019209697427058374,-0.007609921855915153,723109.0,0.2528664451511823,-11718.0,-0.00405949926871542,-0.01659519506930951,694390.0,0.24282360038186424,2.6020852139652106e-17
2024-01-09,0.007438328322300958,0.007438328322301062,2880918.9045200003,2880918.9045200003,0.0,22620.9045200001,0.007851975452869973,5044.0,0.0017638535121849727,0.007061992646791162,719290.0,0.24967381028028046,1056.0,0.0003692762309411838,0.0014972734310531107,706338.0,0.245178022502402,9582.0,0.003350762163710628,0.013251114285674773,732691.0,0.2543254511088281,5589.0,0.0019544364154642766,0.008048791025216377,699979.0,0.24297074065561935,1.0408340855860843e-16
2024-01-10,-0.003473544494535963,-0.0034735444945359546,2870911.9045200003,2870911.9045200003,0.0,22620.9045200001,0.007879344707298562,-2303.0,-0.0007993977186885483,-0.0032017684105159253,716987.0,0.2497419021709327,-2946.0,-0.0010225903948139223,-0.004170807743601505,703392.0,0.24500647299297854,-3380.0,-0.0011732367734117643,-0.00461313159299077,729311.0,0.2540346148733312,-1378.0,-0.0004783196076217193,-0.001968630487486053,698601.0,0.24333766525545897,8.239936510889834e-18
2024-01-11,-0.002898730534677041,-0.002898730534677061,2862589.9045200003,2862589.9045200003,0.0,22620.9045200001,0.00790225120415674,1459.0,0.000508200895228771,0.0020349043985455804,718446.0,0.25097761955548753,-4584.0,-0.0015967052116029378,-0.006516991947591102,698808.0,0.24411739833798382,-6126.0,-0.0021338167814746066,-0.008399708766219075,723185.0,0.2526331134117738,929.0,0.0003235905631717123,0.0013298005585448633,699530.0,0.24436961749059802,-1.9949319973733282e-17
2024-01-12,0.008846883711848497,0.00884688371184852,2887914.9045200003,2887914.9045200003,0.0,22620.9045200001,0.007832953971252804,7311.0,0.0025539809207235746,0.010176130147568503,725757.0,0.25130830512494895,8763.0,0.0030612138980031026,0.012539925129649345,707571.0,0.24501102816171974,4520.0,0.0015789897088866855,0.006250129634879042,727705.0,0.2519828402357138,4731.0,0.0016526991842351567,0.0067631123754520895,704261.0,0.2438648725063646,2.2551405187698492e-17
2024-01-15,0.004170136724302775,0.004170136724302708,2899957.9045200003,2899957.9045200003,0.0,22620.9045200001,0.007800425131944906,5664.0,0.0019612766259611836,0.007804265063926356,731421.0,0.25221779904459146,-958.0,-0.00033172722593058157,-0.0013539277330472843,706613.0,0.2436631921100104,7258.0,0.002513231947603508,0.009973821809661882,734963.0,0.25343919608434823,79.0,2.7355376668597017e-05,0.00011217432173583374,704340.0,0.2428793876291049,-6.765421556309548e-17
2024-01-16,0.0019303728482660265,0.001930372848266078,2905555.9045200003,2905555.9045200003,0.0,22620.9045200001,0.007785396414094151,11422.0,0.003938677862253509,0.015616177276835091,742843.0,0.25566295208583095,-2227.0,-0.0007679421816878449,-0.003151654441681656,704386.0,0.24242727489917804,-771.0,-0.0002658659281909872,-0.0010490324002704898,734192.0,0.25268555282583316,-2826.0,-0.0009744969041085988,-0.0040122668029644775,701514.0,0.24143882377506365,5.139118297581291e-17
2024-01-17,-0.009574759844311442,-0.009574759844311404,2877735.9045200003,2877735.9045200003,0.0,22620.9045200001,0.00786066034915501,-6786.0,-0.002335525532117081,-0.009135173919657317,736057.0,0.25577642439109527,-7614.0,-0.0026204968172029845,-0.010809414156442633,696772.0,0.24212506745514575,-6951.0,-0.00239231328820304,-0.009467550722426832,727241.0,0.2527129049117181,-6469.0,-0.002226424206788299,-0.009221483819282296,695045.0,0.24152494289288576,3.8163916471489756e-17
2024-01-18,-0.014201094664667124,-0.014201094664667124,2836868.9045200003,2836868.9045200003,0.0,22620.9045200001,0.007973898435686638,-4047.0,-0.0014063138989382107,-0.005498215491463297,732010.0,0.25803448260639894,-15135.0,-0.00525934293561399,-0.021721596160580506,681637.0,0.24027793420906537,-10407.0,-0.0036163846667284305,-0.014310249284625041,716834.0,0.25268492275334403,-11278.0,-0.003919053163386494,-0.016226287506564324,683767.0,0.24102876199550494,0.0
2024-01-19,-0.006736299999464901,-0.006736299999464876,2817758.9045200003,2817758.9045200003,0.0,22620.9045200001,0.008027977299162692,-2199.0,-0.0007751503767045139,-0.003004057321621289,729811.0,0.2590040612876075,-7144.0,-0.0025182693456921542,-0.010480651725185105,674493.0,0.23937214746018115,-4541.0,-0.0016007084404798535,-0.006334799967635463,712293.0,0.2527870638106768,-5226.0,-0.0018421718365883536,-0.007642954398208747,678541.0,0.2408087501423718,2.5153490401663703e-17
2024-01-22,-0.03611522612412266,-0.03611522612412267,2715994.9045200003,2715994.9045200003,0.0,22620.9045200001,0.008328772812627167,-14059.0,-0.004989426163270318,-0.019263891610293623,715752.0,0.2635321586240219,-30335.0,-0.010765647817256214,-0.04497452160363414,644158.0,0.23717202080459812,-26675.0,-0.00946674321823997,-0.03744947654967829,685618.0,0.25243714517246846,-30695.0,-0.010893408925356172,-0.045236765353899026,647846.0,0.23852990258628423,-1.3877787807814457e-17
2024-01-23,0.008150604392946015,0.008150604392946122,2738131.9045200003,2738131.9045200003,0.0,22620.9045200001,0.008261437107050395,3352.0,0.0012341702093849845,0.004683186355050353,719104.0,0.26262577007810745,7542.0,0.0027768829711162153,0.011708307589131859,651700.0,0.23800898668329284,4272.0,0.0015729042763999565,0.006230874918686499,689890.0,0.25195645208368406,6971.0,0.0025666469360449665,0.010760273274821486,654817.0,0.23914735404786522,1.0755285551056204e-16
2024-01-24,0.026343873310458843,0.026343873310458742,2810264.9045200003,2810264.9045200003,0.0,22620.9045200001,0.008049385125087986,13098.0,0.004783553333708408,0.01821433339266643,732202.0,0.2605455445934417,17398.0,0.00635396708656733,0.02669633266840571,669098.0,0.23809072195430042,20512.0,0.0074912388136377205,0.02973227615996753,710402.0,0.2527882687704625,21125.0,0.0077151140765452835,0.03226092175371134,675942.0,0.2405260795567073,-1.0061396160665481e-16
2024-01-25,0.02166272649318013,0.021662726493180223,2871142.9045200003,2871142.9045200003,0.0,22620.9045200001,0.007878710768589165,5573.0,0.0019830870716267515,0.007611287595499602,737775.0,0.25696213129570494,24058.0,0.008560758795836424,0.03595586894595411,693156.0,0.241421630009699,12541.0,0.004462568628256072,0.01765338498483957,722943.0,0.25179624422799746,18706.0,0.006656311997460975,0.027673972027185766,694648.0,0.24194128369800935,9.367506770274758e-17
2024-01-26,0.0170705540023246,0.01707055400232468,2920154.9045200003,2920154.9045200003,0.0,22620.9045200001,0.007746474163061018,11349.0,0.0039527813060553085,0.015382738639829216,749124.0,0.25653570597931585,9394.0,0.003271867793557456,0.013552504775259827,702550.0,0.24058655207384674,16289.0,0.005673350488530701,0.022531513549477623,739232.0,0.25314821445114777,11980.0,0.004172554414181215,0.01724614481003328,706628.0,0.24198305333262854,7.979727989493313e-17
2024-01-29,0.0001691691078562485,0.00016916910785635226,2920648.9045200003,2920648.9045200003,0.0,22620.9045200001,0.0077451639205903715,5821.0,0.001993387402493576,0.007770409171245348,754945.0,0.2584853656431097,-569.0,-0.00019485267686288347,-0.0008099067682015515,701981.0,0.2403510394260718,31.0,1.0615875189366236e-05,4.193541405133977e-05,739263.0,0.2531160109165862,-4789.0,-0.0016399814929637065,-0.006777257623530344,701839.0,0.24030242009364186,1.0375814790686277e-16
2024-01-30,-0.014026677406037913,-0.014026677406037889,2879681.9045200003,2879681.9045200003,0.0,22620.9045200001,0.00785534835791895,-9101.0,-0.0031160883411611986,-0.012055182827888124,745844.0,0.2590022178593094,-10523.0,-0.003602966444790605,-0.014990434214031434,691458.0,0.24011610411367837,-8739.0,-0.00299214328243135,-0.011821232768311143,730524.0,0.25368218581828655,-12604.0,-0.0043154793376547354,-0.017958534649684613,689235.0,0.2393441438508067,2.42861286636753e-17
2024-01-31,-0.009991381324040982,-0.009991381324041017,2850909.9045200003,2850909.9045200003,0.0,22620.9045200001,0.007934626234289475,455.0,0.0001580035625760692,0.0006100471412252428,746299.0,0.2617757224866256,-10921.0,-0.003792432762402751,-0.015794162479861394,680537.0,0.2387087010084172,-10133.0,-0.0035187914276556247,-0.013870865296691142,720391.0,0.25268809752909055,-8173.0,-0.002838160696558711,-0.011858074531908566,681062.0,0.23889285274157707,-3.469446951953614e-17
2024-02-01,-0.010985966252508916,-0.010985966252508868,2819589.9045200003,2819589.9045200003,0.0,22620.9045200001,0.008022764049387893,-4518.0,-0.0015847572007929459,-0.00605387384948928,741781.0,0.2630811660982588,-13253.0,-0.004648691275367178,-0.019474326891851582,667284.0,0.2366599479343776,-7718.0,-0.002707205860053111,-0.010713626350134857,712673.0,0.2527576790006005,-5831.0,-0.0020453119162956324,-0.008561628750392769,675231.0,0.2394784429173751,4.85722573273506e-17
2024-02-02,-0.009388244708056659,-0.009388244708056704,2793118.9045200003,2793118.9045200003,0.0,22620.9045200001,0.008098797542558439,-3667.0,-0.0013005437401097024,-0.004943507585122833,738114.0,0.2642615746882589,-13615.0,-0.004828716395307772,-0.020403606260602683,653669.0,0.23402834692865807,-1535.0,-0.0005444054107085883,-0.0021538629918630282,711138.0,0.25460355405893814,-7654.0,-0.0027145791619306416,-0.01133538004031213,667577.0,0.23900772678158635,-4.5102810375396984e-17
2024-02-05,-0.01734691635275243,-0.01734691635275245,2744666.9045200003,2744666.9045200003,0.0,22620.9045200001,0.008241766781516295,-822.0,-0.0002942946677528794,-0.0011136491111129175,737292.0,0.26862713241661684,-24076.0,-0.008619754769851976,-0.03683209697874612,629593.0,0.22938776248701337,-6376.0,-0.0022827527999907046,-0.008965910976491201,704762.0,0.25677505668880135,-17178.0,-0.006150114115156888,-0.025731863140881127,650399.0,0.23696828162605207,-2.0816681711721685e-17
2024-02-06,0.021725404966919992,0.02172540496692009,2804295.9045200003,2804295.9045200003,0.0,22620.9045200001,0.008066518402547832,13528.0,0.00492883124641525,0.018348225669070056,750820.0,0.26773922066848177,16076.0,0.005857177048889086,0.025533956063679236,645669.0,0.230242821008761,11963.0,0.004358634550625786,0.016974524733172333,716725.0,0.25558108858796724,18062.0,0.006580762120989965,0.027770645403821348,668461.0,0.23837035133224205,9.71445146547012e-17
2024-02-07,0.004125099630661211,0.00412509963066114,2815863.9045200003,2815863.9045200003,0.0,22620.9045200001,0.008033379910047931,-4200.0,-0.001497702148061617,-0.005593884020137983,746620.0,0.2651477576034595,8645.0,0.003082770254760162,0.01338921335854749,654314.0,0.2323670540148268,-3837.0,-0.0013682578909791489,-0.005353517736928389,712888.0,0.25316848547107634,10960.0,0.003908289414941744,0.016395870514510195,679421.0,0.24128332300058938,-7.112366251504909e-17
2024-02-08,0.00905476999760979,0.00905476999760977,2841360.9045200003,2841360.9045200003,0.0,22620.9045200001,0.007961292239931595,-2894.0,-0.0010277485340660735,-0.0038761351155875813,743726.0,0.26174992371327777,12056.0,0.00428145692007622,0.018425404316581948,666370.0,0.23452494153064019,11771.0,0.004180244642187888,0.016511710114351763,724659.0,0.2550394069430679,4564.0,0.0016208169694117342,0.006717484446315318,683985.0,0.24072443557308243,-2.0816681711721685e-17
2024-02-19,0.019974231330387004,0.019974231330386952,2898114.9045200003,2898114.9045200003,0.0,22620.9045200001,0.007805385661113627,13388.0,0.004711826638672525,0.01800125314968147,757114.0,0.26124361005120217,14031.0,0.004938126648283104,0.02105586986208863,680401.0,0.2347736450817816,23236.0,0.008177771420391007,0.032064736655447595,747895.0,0.25806257675758715,6099.0,0.0021465066230403145,0.008916862211890612,690084.0,0.23811478244831533,-5.204170427930421e-17
2024-02-20,0.006159866184793916,0.006159866184793916,2915966.9045200003,2915966.9045200003,0.0,22620.9045200001,0.007757599883913547,5806.0,0.002003371222771313,0.007668594161513325,762920.0,0.26163534257450183,-27.0,-9.316400794837315e-06,-3.968248136025667e-05,680374.0,0.23332706518217392,8184.0,0.002823904596479577,0.01094271254654731,756079.0,0.2592892939998778,3889.0,0.0013419067663378635,0.00563554581761061,693973.0,0.23799069835953282,0.0
2024-02-21,0.005064872299169965,0.005064872299170054,2930735.9045200003,2930735.9045200003,0.0,22620.9045200001,0.007718506633474701,10968.0,0.003761359562414324,0.014376343522256594,773888.0,0.2640592756264568,7018.0,0.002406748852026233,0.010314915032026504,687392.0,0.23454586915861392,-3660.0,-0.0012551582784861804,-0.004840763994238697,752419.0,0.2567338117499987,443.0,0.00015192216321567703,0.0006383533653326571,694416.0,0.23694253683145577,8.933825901280557e-17
2024-02-22,0.007203651467687422,0.007203651467687516,2951847.9045200003,2951847.9045200003,0.0,22620.9045200001,0.007663302870504258,3171.0,0.0010819808073151342,0.004097492143565994,777059.0,0.26324493169520446,12929.0,0.0044115199803776,0.018808772869047065,700321.0,0.23724833482363283,2947.0,0.001005549492008105,0.003916700668111783,755366.0,0.2558959758202142,2065.0,0.0007046011879866768,0.0029737218036450775,696481.0,0.23594745479044413,9.367506770274758e-17
2024-02-23,0.005081562629643432,0.005081562629643396,2966847.9045200003,2966847.9045200003,0.0,22620.9045200001,0.007624558200485132,4337.0,0.0014692491416508939,0.005581300776388923,781396.0,0.2633758201118235,2591.0,0.0008777552515604025,0.003699731980049149,702912.0,0.23692215530466249,7270.0,0.0024628640211671656,0.009624473434070371,762636.0,0.25705261089997977,802.0,0.00027169421526493354,0.0011515030560776244,697283.0,0.23502485548304905,-3.642919299551295e-17
2024-02-26,-0.0198968743595066,-0.01989687435950664,2907816.9045200003,2907816.9045200003,0.0,22620.9045200001,0.007779342806913828,-19319.0,-0.006511624667569731,-0.024723699635012208,762077.0,0.2620787432714226,-11672.0,-0.003934141680204664,-0.016605208048802694,691240.0,0.23771785593704858,-21522.0,-0.007254163574482931,-0.02822054033641213,741114.0,0.2548695548361348,-6518.0,-0.0021969444372493146,-0.009347711044152805,690765.0,0.23755450314848006,-4.163336342344337e-17
2024-02-27,0.005132028765911345,0.005132028765911371,2922739.9045200003,2922739.9045200003,0.0,22620.9045200001,0.00773962283986235,304.0,0.00010454578468384753,0.0003989098214484888,762381.0,0.2608446269272822,5959.0,0.0020493037201679194,0.00862073954053585,697199.0,0.2385429503739918,3634.0,0.0012497348077009933,0.004903429162045245,744748.0,0.2548115892379789,5026.0,0.0017284444533586108,0.007275991111304134,695791.0,0.23806121062088462,2.6020852139652106e-17
2024-02-28,-0.008382203275122957,-0.00838220327512292,2898240.9045200003,2898240.9045200003,0.0,22620.9045200001,0.007805046324727971,-3144.0,-0.0010757029714268526,-0.0041239222908230925,759237.0,0.26196476587433404,-10909.0,-0.0037324566524476895,-0.015646895649592155,686290.0,0.23679536056843475,-2867.0,-0.000980928886476077,-0.0038496243024486133,741881.0,0.2559763057801672,-7579.0,-0.0025931147647723016,-0.01089263873778189,688212.0,0.23745852145233592,3.642919299551295e-17
2024-02-29,0.009507146199278171,0.009507146199278223,2925794.9045200003,2925794.9045200003,0.0,22620.9045200001,0.0077315414300071165,7329.0,0.002528775295583585,0.009653112269291407,766566.0,0.2620026437313661,9318.0,0.0032150536504636164,0.01357735068265602,695608.0,0.23775008936045705,4024.0,0.0013884284062530147,0.00542405048788148,745905.0,0.2549409730831326,6883.0,0.002374888846978007,0.010001278675756889,695095.0,0.237574752395037,5.204170427930421e-17
2024-03-01,-0.0018302718320163391,-0.0018302718320163764,2920439.9045200003,2920439.9045200003,0.0,22620.9045200001,0.007745718199847033,-569.0,-0.00019447706300976996,-0.0007422713765024799,765997.0,0.2622882254192107,-329.0,-0.00011244807333956822,-0.00047296753343837336,695279.0,0.2380733802890134,-2600.0,-0.0008886473880938522,-0.0034856985809184815,743305.0,0.25451816311973335,-1857.0,-0.000634699307573186,-0.0026715772664168205,693238.0,0.23737451297219542,-3.729655473350135e-17
2024-03-04,0.003374149211133881,0.0033741492111338586,2930293.9045200003,2930293.9045200003,0.0,22620.9045200001,0.007719670878442324,-3736.0,-0.0012792593315197986,-0.004877303697011868,762261.0,0.2601312444544237,14823.0,0.005075605211755346,0.021319499078787076,710102.0,0.24233132345689365,2871.0,0.0009830710762294811,0.0038624790631033024,746176.0,0.2546420339778948,-4104.0,-0.0014052677453311707,-0.005920044775387385,689134.0,0.23517572723234542,-2.2551405187698492e-17
2024-03-05,0.004663013487801848,0.004663013487801745,2943957.9045200003,2943957.9045200003,0.0,22620.9045200001,0.00768384102410878,11482.0,0.003918378283587503,0.015063082067690725,773743.0,0.2628240705521078,-1433.0,-0.0004890294443808475,-0.0020180199464302313,708669.0,0.24071981427178235,4911.0,0.0016759411035271055,0.006581557166137748,751087.0,0.25512830833851935,-1296.0,-0.00044227645493201563,-0.0018806211854298293,687838.0,0.23364396581348165,-1.0321604682062002e-16
2024-03-06,0.001529913180173148,0.001529913180173124,2948461.9045200003,2948461.9045200003,0.0,22620.9045200001,0.007672103372040245,-5134.0,-0.0017439108052861498,-0.006635278122063786,768609.0,0.260681339929039,8453.0,0.002871304642984773,0.011927994592680081,717122.0,0.24321901493814452,569.0,0.00019327722014176457,0.0007575686971016673,751656.0,0.25493156240130127,616.0,0.00020924212233273633,0.0008955597102806184,688454.0,0.2334959793594749,-2.4069288229178198e-17
2024-03-07,0.0026318807063792082,0.002631880706379112,2956221.9045200003,2956221.9045200003,0.0,22620.9045200001,0.0076519643147942365,4472.0,0.001516723005016416,0.0058183029342617635,773081.0,0.261509800336022,335.0,0.00011361856142229413,0.00046714506039418675,717457.0,0.24269389212732087,3245.0,0.0011005738263144612,0.004317134433836755,754901.0,0.255360059015114,-292.0,-9.903468637405937e-05,-0.0004241387224128264,688162.0,0.23278428420674882,-9.627715291671279e-17
2024-03-08,0.009644742824077568,0.009644742824077502,2984733.9045200003,2984733.9045200003,0.0,22620.9045200001,0.007578868081252943,5021.0,0.0016984516596413137,0.006494791619506882,778102.0,0.2606939261224136,11456.0,0.003875216533131028,0.015967507460377416,728913.0,0.24421373004010638,5652.0,0.0019118997769951615,0.007487074464068799,760553.0,0.2548143400147796,6383.0,0.0021591748543099993,0.009275432238339229,694545.0,0.23269913574144746,-6.591949208711867e-17
2024-03-11,-0.0019428867649535775,-0.001942886764953536,2978934.9045200003,2978934.9045200003,0.0,22620.9045200001,0.007593621628212461,-3304.0,-0.0011069663513375554,-0.004246229928723998,774798.0,0.2600922896382807,205.0,6.868283959570183e-05,0.00028124069676353693,729118.0,0.24475794986110438,-4308.0,-0.0014433447462355291,-0.005664299529421355,756245.0,0.2538642247108299,1608.0,0.0005387414930238465,0.0023151847612465715,696153.0,0.23369191416157248,4.141652298894627e-17
2024-03-12,-0.015290028637715114,-0.015290028637715133,2933386.9045200003,2933386.9045200003,0.0,22620.9045200001,0.0077115311604970945,-13870.0,-0.004656026547929852,-0.017901440117295088,760928.0,0.25940253528353197,-14849.0,-0.004984667498933696,-0.02036570212229022,714269.0,0.24349634850397553,-13345.0,-0.004479789061436473,-0.017646397662133304,742900.0,0.2532567384327241,-3484.0,-0.001169545529415112,-0.005004646966974214,692669.0,0.2361328466192712,-1.9081958235744878e-17
2024-03-13,-0.0008635069571275578,-0.0008635069571275948,2930853.9045200003,2930853.9045200003,0.0,22620.9045200001,0.007718195876332781,-4807.0,-0.0016387200722117444,-0.006317286260986585,756121.0,0.25798658842527106,5085.0,0.001733491068690809,0.007119166588498171,719354.0,0.24544178025748847,738.0,0.0002515863143940643,0.00099340422667923,743638.0,0.2537274201396228,-3549.0,-0.001209864268000724,-0.00512365935244684,689120.0,0.23512601530128482,-3.707971429900425e-17
2024-03-14,0.006271892287654124,0.006271892287654135,2949235.9045200003,2949235.9045200003,0.0,22620.9045200001,0.007670089898651813,3501.0,0.0011945324175322125,0.00463021130215931,759622.0,0.2575656965371278,895.0,0.00030537175483899743,0.0012441718541913995,720249.0,0.24421545895875812,7976.0,0.0027213911917271997,0.010725648769966033,751614.0,0.25485041696667127,6010.0,0.002050596923555726,0.0087212677037381,695130.0,0.23569833763879092,1.1275702593849246e-17
2024-03-15,0.008477110956666145,0.008477110956666253,2974236.9045200003,2974236.9045200003,0.0,22620.9045200001,0.007605616245841987,8942.0,0.0030319717681096606,0.011771644317831764,768564.0,0.2584071224561835,11393.0,0.003863034483792593,0.015818140670795795,731642.0,0.24599318194462275,1645.0,0.000557771590085036,0.002188623415742655,753259.0,0.2532612647147438,3021.0,0.0010243331146789628,0.004345949678477407,698151.0,0.23473281463860785,1.0755285551056204e-16
2024-03-18,0.0076022861412410325,0.007602286141241024,2996847.9045200003,2996847.9045200003,0.0,22620.9045200001,0.007548232423100981,-1302.0,-0.0004377593452698161,-0.0016940684185051602,767262.0,0.2560230029834934,6654.0,0.002237212506471088,0.009094611845684091,738296.0,0.24635751413559026,8420.0,0.002830978254356261,0.011178094121676608,761679.0,0.2541600455769532,8839.0,0.0029718547256834906,0.01266058488779648,706990.0,0.2359112048808621,-8.673617379884035e-18
2024-03-19,-0.005927561413179294,-0.005927561413179301,2979083.9045200003,2979083.9045200003,0.0,22620.9045200001,0.007593241830375654,-4059.0,-0.0013544230903003143,-0.005290239839846102,763203.0,0.256187144928021,1292.0,0.0004311196434264612,0.0017499756195347123,739588.0,0.24826021142870927,-8010.0,-0.002672808315670243,-0.010516241093689073,753669.0,0.2529868322461477,-6987.0,-0.0023314496506352048,-0.009882742330160257,700003.0,0.2349725695667463,-6.938893903907228e-18
2024-03-20,0.009572741458114375,0.009572741458114424,3007601.9045200003,3007601.9045200003,0.0,22620.9045200001,0.0075212429164923985,5806.0,0.0019489212744867224,0.007607412444657582,769009.0,0.25568842699703315,12439.0,0.004175444666438226,0.016818823453057647,752027.0,0.2500420680242986,8121.0,0.0027260057991916418,0.010775287294555036,761790.0,0.2532881758237809,2152.0,0.0007223697179978344,0.0030742725388319763,702155.0,0.2334600862383949,4.85722573273506e-17
2024-03-21,0.0005220105751497783,0.0005220105751497603,3009171.9045200003,3009171.9045200003,0.0,22620.9045200001,0.00751731879658381,10355.0,0.0034429423603030375,0.01346538206965068,779364.0,0.25899617061735064,-5360.0,-0.0017821507533775259,-0.007127403670346942,746667.0,0.24813039058302072,-5470.0,-0.0018187247427192286,-0.007180456556268788,756320.0,0.2513382498566968,2045.0,0.0006799437109434776,0.002912462348057053,704200.0,0.23401787014634795,-1.7997756063259374e-17
2024-03-22,-0.007669884184859033,-0.007669884184859004,2986091.9045200003,2986091.9045200003,0.0,22620.9045200001,0.007575421401383927,158.0,5.250613956705904e-05,0.0002027294050020273,779522.0,0.2610509069798052,-8478.0,-0.0028173864003134593,-0.011354459216759278,738189.0,0.24720906911224497,-6374.0,-0.002118190718990091,-0.008427649672096468,749946.0,0.2511463223435349,-8386.0,-0.0027868132051225136,-0.011908548707753479,695814.0,0.23301828016303092,2.862293735361732e-17
2024-03-25,0.0012571615744034759,0.0012571615744035303,2989845.9045200003,2989845.9045200003,0.0,22620.9045200001,0.007565909830269909,3787.0,0.0012682128082754846,0.004858105351741195,783309.0,0.26198975633353083,-3931.0,-0.0013164363742621944,-0.005325194496260443,734258.0,0.2455838941030241,6954.0,0.002328796374108191,0.00927266763206951,756900.0,0.2531568596414052,-3056.0,-0.0010234112337179511,-0.00439197831604423,692758.0,0.23170358009176986,5.442694905877232e-17
2024-03-26,0.007788695720001959,0.007788695720001854,3013132.9045200003,3013132.9045200003,0.0,22620.9045200001,0.007507436690252355,9858.0,0.0032971598921191342,0.012585071791591823,793167.0,0.2632366460869251,4414.0,0.0014763302661608703,0.00601151094029619,738672.0,0.24515081923267248,4878.0,0.0016315222107686283,0.006444708680142687,761778.0,0.2528192496445334,4137.0,0.0013836833509532217,0.005971782354011069,696895.0,0.23128584834561658,-1.0495077029659683e-16
2024-03-27,-0.007486559907848966,-0.0074865599078489855,2990574.9045200003,2990574.9045200003,0.0,22620.9045200001,0.0075640655199140875,461.0,0.000152996902097632,0.0005812142966109281,793628.0,0.26537639930051526,-10571.0,-0.0035083085728287804,-0.014310817250416965,728101.0,0.2434652276722904,-6698.0,-0.0022229354669196077,-0.00879258786680634,755080.0,0.25248657000992036,-5750.0,-0.0019083127701982297,-0.008250884279554309,691145.0,0.23110773749735977,-1.9081958235744878e-17
2024-03-28,0.00021266813917231175,0.00021266813917241798,2991210.9045200003,2991210.9045200003,0.0,22620.9045200001,0.007562457226208219,-10688.0,-0.003573894766469816,-0.01346726677990192,782940.0,0.26174683932079285,1370.0,0.0004581058972739192,0.0018816070847313766,729471.0,0.24387146987786815,4633.0,0.0015492004540657428,0.006135773692853738,759713.0,0.25398175663641853,5321.0,0.0017792565543025723,0.0076988186270608916,696466.0,0.23283747693871218,1.062247078492673e-16
2024-03-29,0.014137752686076865,0.01413775268607685,3033499.9045200003,3033499.9045200003,0.0,22620.9045200001,0.007457031558265195,5540.0,0.0018520927399764892,0.0070758934273379825,788480.0,0.25992418817127455,10336.0,0.003455456779855053,0.014169171906765313,739807.0,0.24387902531253314,13240.0,0.00442630106088244,0.017427633856469484,772953.0,0.25480567803818893,13173.0,0.004403902105362869,0.018914060413573672,709639.0,0.2339340769197381,-1.5612511283791264e-17
2024-04-01,-0.001069243218095095,-0.0010692432180950525,3030256.35532,3030256.35532,0.0,23704.355320000104,0.007822557744457526,10002.7095,0.0032974154655800985,0.012686066228693183,761513.0,0.2513031607583521,-4880.2393,-0.0016087817549386787,-0.0065966384475951165,745508.0,0.24602142940519403,-11233.0,-0.0037029834691151673,-0.014532578306831075,741986.0,0.2448591515029246,2866.9806,0.0009451065403786953,0.0040400550138873425,757545.0,0.24999370058907178,4.2500725161431774e-17
2024-04-02,0.007730039063815974,0.0077300390638159015,3053680.35532,3053680.35532,0.0,23704.355320000104,0.00776255290724955,3009.0,0.0009929852946986872,0.003951344231812195,764522.0,0.2503608469262607,6736.0,0.002222914238979846,0.009035449653122434,752244.0,0.24634012485605133,6997.0,0.0023090455656386553,0.009430097063826002,748983.0,0.24527223312523583,6682.0,0.002205093964498713,0.008820598116283522,764227.0,0.2502642421852026,-7.28583859910259e-17
2024-04-03,0.0029256500224181803,0.002925650022418208,3062614.35532,3062614.35532,0.0,23704.355320000104,0.007739908643353608,109.0,3.569463313673435e-05,0.00014257274480001882,764631.0,0.24966610591104174,-372.0,-0.0001218202158427998,-0.0004945203949782252,751872.0,0.24550005739179653,2581.0,0.0008452096158340492,0.0034460061176288382,751564.0,0.24539948971847358,6616.0,0.0021665659892902245,0.008657113658638076,770843.0,0.2516944383353345,2.7755575615628914e-17
2024-04-08,0.006666853097103909,0.006666853097103898,3083032.35532,3083032.35532,0.0,23704.355320000104,0.007688649546313223,4829.0,0.0015767574495991147,0.006315464583570376,769460.0,0.2495789571174107,9616.0,0.0031398011255632814,0.012789410963568266,761488.0,0.24699319119567337,4771.0,0.0015578193812460916,0.006348095438312639,756335.0,0.24532178479894579,1202.0,0.00039247514069541017,0.0015593317964877414,772045.0,0.25041741734165696,-1.0408340855860843e-17
2024-04-09,-0.0014128946757511196,-0.0014128946757510994,3078676.35532,3078676.35532,0.0,23704.355320000104,0.007699528168668529,-1678.0,-0.000544269344791172,-0.002180750136459335,767782.0,0.24938704540126827,2310.0,0.0007492623280498255,0.0030335343432857775,763798.0,0.2480929827781817,-4060.0,-0.0013168853038451479,-0.0053679916968010204,752275.0,0.24435014050764292,-928.0,-0.0003010023551646052,-0.0012020024739490573,771117.0,0.25047030314423857,2.0166160408230382e-17
2024-04-10,0.001673446444312665,0.0016734464443127531,3083828.35532,3083828.35532,0.0,23704.355320000104,0.007686664946545111,-2598.0,-0.0008438691502959108,-0.0033837729980645548,765184.0,0.24812794741962838,4609.0,0.0014970719452324299,0.006034317974124049,768407.0,0.24917307692381752,2836.0,0.0009211751001690542,0.003769897976139045,755111.0,0.24486155291274125,305.0,9.906854920717967e-05,0.00039553012059129807,771422.0,0.2501507577972678,8.803721640582296e-17
2024-04-11,0.008676552945575233,0.008676552945575178,3110585.35532,3110585.35532,0.0,23704.355320000104,0.007620544885373039,196.0,6.355736358084742e-05,0.00025614754098360657,765380.0,0.24605658182341114,7721.0,0.002503706143916954,0.010048060467955134,776128.0,0.24951188003010327,13138.0,0.004260288993495783,0.017398766538959172,768249.0,0.2469789162628417,5702.0,0.001849000444581592,0.00739154444648973,777124.0,0.24983207699827087,-5.551115123125783e-17
2024-04-12,-0.0047556965362482995,-0.004755696536248296,3095792.35532,3095792.35532,0.0,23704.355320000104,0.00765695905904835,-5181.0,-0.0016656029036910987,-0.00676918654785858,760199.0,0.24555878196857334,-11498.0,-0.00369641038151713,-0.014814566669415354,764630.0,0.2469900795142196,2398.0,0.0007709159936404661,0.0031213838221722384,770647.0,0.24893368532152124,-512.0,-0.00016459924468053321,-0.0006588395159588431,776612.0,0.25086049413663747,3.469446951953614e-18
2024-04-15,0.015378938422075938,0.01537893842207603,3143402.35532,3143402.35532,0.0,23704.355320000104,0.00754098668911476,12929.0,0.004176313691640852,0.0170073888547604,773128.0,0.24595260568267124,6663.0,0.002152276133297471,0.00871401854491715,771293.0,0.2453688433154724,14969.0,0.004835272615838188,0.019423938586668084,785616.0,0.24992537104592957,13049.0,0.0042150759812995195,0.016802470216787792,789661.0,0.25121219326681204,9.194034422677078e-17
2024-04-16,-0.013885909300197286,-0.013885909300197272,3099753.35532,3099753.35532,0.0,23704.355320000104,0.007647174662886366,-7464.0,-0.002374497170992977,-0.009654287517720222,765664.0,0.24700803974803906,-13708.0,-0.00436087985262215,-0.017772753026411493,757585.0,0.24440170334835928,-14472.0,-0.004603928598420466,-0.01842121341724201,771144.0,0.2487759223412121,-8005.0,-0.0025466036781616797,-0.010137261432437464,781656.0,0.25216715989950317,1.3877787807814457e-17
2024-04-17,0.01784464557641874,0.01784464557641868,3155067.35532,3155067.35532,0.0,23704.355320000104,0.007513105950029998,12986.0,0.0041893655757199435,0.016960442178292307,778650.0,0.24679346343812875,7488.0,0.002415676068919678,0.00988403941471914,765073.0,0.2424902272561478,17872.0,0.005765620019195044,0.02317595676034567,789016.0,0.25007897174352867,16968.0,0.005473983912584014,0.02170775891184869,798624.0,0.2531242316121648,-5.898059818321144e-17
2024-04-18,-0.0077133060119826125,-0.007713306011982664,3130731.35532,3130731.35532,0.0,23704.355320000104,0.007571507302828678,4232.0,0.0013413342801902792,0.005435047839208887,782882.0,0.25006361490252477,-11696.0,-0.0037070523962914707,-0.015287430088370652,753377.0,0.2406392994147514,-12720.0,-0.004031609651233542,-0.016121346081701765,776296.0,0.2479599530891889,-4152.0,-0.0013159782446479297,-0.0051989421805505465,794472.0,0.25376562529070623,-5.117434254131581e-17
2024-04-19,0.0018573934777632584,0.0018573934777631643,3136546.35532,3136546.35532,0.0,23704.355320000104,0.00755747010714328,2284.0,0.0007295419953931328,0.00291742561458815,785166.0,0.25032819893391783,-5490.0,-0.0017535838680859453,-0.007287188220505803,747887.0,0.2384428333831203,4968.0,0.0015868496642351506,0.006399620763214032,781264.0,0.24908415546764429,4053.0,0.0012945856862208263,0.00510150137449778,798525.0,0.2545873421081743,-9.410874857174178e-17
2024-04-22,-0.007930378569986796,-0.007930378569986822,3111672.35532,3111672.35532,0.0,23704.355320000104,0.007617882801662253,-5313.0,-0.0016939013163278919,-0.006766721941602158,779853.0,0.2506218235562918,-2624.0,-0.0008365889429784281,-0.0035085514255495816,745263.0,0.23950561463382547,-6000.0,-0.0019129320342494544,-0.007679862376866207,775264.0,0.24914705389034217,-10937.0,-0.003486956276431047,-0.013696502927272158,787588.0,0.2531076251178783,-2.6020852139652106e-17
2024-04-23,-0.009963131223310273,-0.009963131223310237,3080670.35532,3080670.35532,0.0,23704.355320000104,0.0076945445588052375,634.0,0.00020374895798911974,0.0008129737270998509,780487.0,0.25334972911080195,-11790.0,-0.003788959329166754,-0.01581991860591496,733473.0,0.2380887649122756,-12061.0,-0.0038760507607362355,-0.01555728113262063,763203.0,0.2477392619051328,-7785.0,-0.0025018700913963677,-0.009884609719802739,779803.0,0.2531276995129844,3.642919299551295e-17
2024-04-24,0.007399688175216079,0.007399688175216039,3103466.35532,3103466.35532,0.0,23704.355320000104,0.007638025551450173,-4745.0,-0.0015402491836901259,-0.006079537519523067,775742.0,0.24995985494420248,15437.0,0.005010922370626864,0.02104644615411883,748910.0,0.24131403864463016,6279.0,0.0020381927554036458,0.00822716891836117,769482.0,0.24794275558391168,5825.0,0.001890822232875655,0.007469835330205193,785628.0,0.2531453252758055,-3.9898639947466563e-17
2024-04-25,0.008693182690301171,0.008693182690301208,3130445.35532,3130445.35532,0.0,23704.355320000104,0.007572199041812375,10985.0,0.0035395904908617354,0.014160635881517308,786727.0,0.2513147206556427,2600.0,0.0008377728972453812,0.0034717122217622944,751510.0,0.24006488365077347,9555.0,0.003078815397376776,0.012417444462638502,779037.0,0.2488582011744988,3839.0,0.0012370039048173148,0.004886536630568157,789467.0,0.25218999547727267,3.642919299551295e-17
2024-04-26,-0.008229180540149317,-0.008229180540149266,3104684.35532,3104684.35532,0.0,23704.355320000104,0.007635029074495689,-10148.0,-0.003241711273686377,-0.01289901071146662,776579.0,0.2501313857137525,1884.0,0.0006018313007119762,0.002506952668627164,753394.0,0.24266363783778194,-11378.0,-0.0036346266133231767,-0.01460521130575313,767659.0,0.24725830781624733,-6119.0,-0.001954673953851689,-0.007750798956764501,783348.0,0.2523116395577225,5.0306980803327406e-17
2024-04-29,-0.002598009677273194,-0.0025980096772731786,3096618.35532,3096618.35532,0.0,23704.355320000104,0.007654916621958255,8092.0,0.002606384119575324,0.010420060290067076,784671.0,0.25339609534120755,3952.0,0.0012729152299260603,0.0052455952662219234,757346.0,0.24457195336935117,-10948.0,-0.003526284397072497,-0.014261540605920076,756711.0,0.24436689096671152,-9162.0,-0.0029510246297020657,-0.011695951224743026,774186.0,0.2500101437007715,1.5612511283791264e-17
2024-04-30,0.008841903282321262,0.008841903282321205,3123998.35532,3123998.35532,0.0,23704.355320000104,0.007587825800110576,10692.0,0.0034527987543673602,0.013626092973998019,795363.0,0.2545977652790821,15673.0,0.005061327616647927,0.02069463626928775,773019.0,0.24744539275559813,3118.0,0.0010069048368983753,0.0041204634265921865,759829.0,0.2432232394444294,-2103.0,-0.0006791279255924578,-0.0027164014849144777,772083.0,0.24714577672077978,-5.724587470723463e-17
2024-05-06,0.013251607488685702,0.013251607488685596,3165396.35532,3165396.35532,0.0,23704.355320000104,0.0074885899455089736,-50.0,-1.600513006508237e-05,-6.286437764894772e-05,795313.0,0.2512522637689078,14356.0,0.004595392944286449,0.018571341713463706,787375.0,0.24874452094338173,14567.0,0.004662934593161097,0.019171418832395183,774396.0,0.24464424453465128,12525.0,0.004009285081303133,0.016222349151580853,784608.0,0.24787038080755022,-1.0581813203458523e-16
2024-05-07,-0.005060345751987438,-0.005060345751987412,3149378.35532,3149378.35532,0.0,23704.355320000104,0.007526677536205893,-3724.0,-0.001176471942839376,-0.004682433205542975,791589.0,0.25134769808233115,-1715.0,-0.0005417962894655021,-0.002178123511668519,785660.0,0.24946510433490648,-6498.0,-0.0020528234920972784,-0.008391055738924272,767898.0,0.2438252611671283,-4081.0,-0.001289254027585256,-0.005201323463436518,780527.0,0.2478352588794282,2.6020852139652106e-17
2024-05-08,-0.003095214007403535,-0.003095214007403544,3139630.35532,3139630.35532,0.0,23704.355320000104,0.0075500465460317185,-1439.0,-0.00045691556797842635,-0.001817862552410405,790150.0,0.2516697542629873,-7946.0,-0.0025230375977460568,-0.010113789680014255,777714.0,0.24770877841787625,-469.0,-0.00014891827754126612,-0.0006107581996567253,767429.0,0.24443291507218895,106.0,3.365743586220513e-05,0.00013580568000850707,780633.0,0.24863850570091575,-9.107298248878237e-18
2024-05-09,0.008568524620873097,0.008568524620873106,3166532.35532,3166532.35532,0.0,23704.355320000104,0.0074859033984526,7300.0,0.0023251144796808294,0.009238752135670443,797450.0,0.25183699723144376,2031.0,0.0006468914394838034,0.0026114998572740107,779745.0,0.24624570745028795,6621.0,0.0021088469821872293,0.008627508212486106,774050.0,0.24444721011599355,10950.0,0.003487671719521244,0.014027078025141136,791583.0,0.24998418180382212,8.673617379884035e-18
2024-05-10,0.00524592776451227,0.00524592776451239,3183143.75532,3183143.75532,0.0,28066.755320000106,0.008817306875660904,5684.4,0.0017951498238916784,0.0071282212050912275,798772.0,0.2509380855530038,9077.0,0.002866542634484689,0.011640985193877485,788822.0,0.2478122449486106,2620.0,0.0008274035146358802,0.0033847942639364382,776670.0,0.24399463539840088,-770.0,-0.00024316820849985794,-0.000972734381612541,790813.0,0.24843772722432383,1.196959198423997e-16
2024-05-13,0.012451841024696542,0.012451841024696483,3222779.75532,3222779.75532,0.0,28066.755320000106,0.00870886546735592,9230.0,0.0028996491234723116,0.011555237289238981,808002.0,0.25071586063744866,10751.0,0.0033774786269177488,0.013629183770229533,799573.0,0.2481004166294969,6734.0,0.002115518656279799,0.008670349054295904,783404.0,0.2430833192081453,12921.0,0.004059194618026624,0.0163388816319408,803734.0,0.24939153805755326,-5.898059818321144e-17
2024-05-14,-0.002797895197496847,-0.0027978951974968807,3213762.75532,3213762.75532,0.0,33178.755320000106,0.01032395912395109,-4602.0,-0.0014279598202152207,-0.005695530456607781,803400.0,0.24998733919299654,379.0,0.00011760034156053208,0.00047400299910077006,794840.0,0.24732379472760938,-494.0,-0.00015328382250897848,-0.0006305814113790586,782910.0,0.24361163520984433,-4300.0,-0.0013342518963332137,-0.005350028740852073,799434.0,0.2487532717455987,-3.382710778154774e-17
2024-05-15,-0.005389943601569636,-0.005389943601569687,3196440.75532,3196440.75532,0.0,35930.755320000106,0.011240863845262487,3815.0,0.0011870820251696312,0.0047485685835200395,807215.0,0.2525355737178957,-8135.0,-0.002531300727327641,-0.010234764229278848,786705.0,0.2461190618629945,-7994.0,-0.0024874269224655393,-0.010210624465136478,774916.0,0.2424308971502968,-5008.0,-0.0015582979769461372,-0.0062644320857006336,791674.0,0.24767360342355052,-5.117434254131581e-17
2024-05-16,-0.0030834295876112083,-0.003083429587611206,3186584.75532,3186584.75532,0.0,35930.755320000106,0.011275631460928113,12509.0,0.003913415250753711,0.015496491021598955,819724.0,0.257242177108728,-8045.0,-0.002516861914806428,-0.01022619660482646,778660.0,0.24435565339978105,-7403.0,-0.002316013518373149,-0.009553293518265206,767513.0,0.24085755093086347,-6917.0,-0.00216396940518534,-0.008737182223996241,784757.0,0.24626898709969944,2.168404344971009e-18
2024-05-17,0.00790501490912665,0.007905014909126557,3211774.75532,3211774.75532,0.0,35930.755320000106,0.011187196505758761,11090.0,0.003480214979841743,0.01352894388843074,830814.0,0.25867754226034545,2690.0,0.0008441639581401523,0.0034546528651786404,781350.0,0.2432767113278314,5169.0,0.0016221128251399433,0.0067347393464345226,772682.0,0.24057789193346316,6241.0,0.0019585231460047176,0.007952780287401068,790998.0,0.24628065797260126,-9.367506770274758e-17
2024-05-20,0.007375984246952516,0.0073759842469524875,3235464.75532,3235464.75532,0.0,35930.755320000106,0.011105284105141307,-4016.0,-0.0012503990179721903,-0.00483381358523087,826798.0,0.2555422675028418,13859.0,0.004315059758485206,0.0177372496320471,795209.0,0.2457789097199888,6737.0,0.0020975941693422923,0.008718981417970135,779419.0,0.240898621664297,7110.0,0.00221372933709718,0.008988644724765424,798108.0,0.2466749170077311,-2.862293735361732e-17
2024-05-21,0.0029337361763537295,0.0029337361763538063,3244956.75532,3244956.75532,0.0,35930.755320000106,0.011072799432871582,13221.0,0.004086275388492802,0.015990604718443924,840019.0,0.2588690892791765,407.0,0.0001257933653367045,0.0005118151328770172,795616.0,0.24518539382554597,-165.0,-5.099731027163696e-05,-0.00021169614802821077,779254.0,0.2401431078310793,-3971.0,-0.0012273352672040629,-0.00497551709793662,794137.0,0.24472960963132667,7.676151381197371e-17
2024-05-22,0.0011285204322049047,0.0011285204322049197,3248618.75532,3248618.75532,0.0,35930.755320000106,0.011060317638429937,11207.0,0.0034536669808084472,0.013341364897698743,851226.0,0.26202705337645915,-6738.0,-0.002076452941615715,-0.008468909624743596,788878.0,0.24283489674130532,1927.0,0.0005938445857069579,0.0024728779063052614,781181.0,0.24046558209415098,-2734.0,-0.0008425381926947707,-0.0034427309141873506,791403.0,0.24361215014965465,1.496198998029996e-17
2024-05-23,-0.01032223308601099,-0.010322233086011007,3215085.75532,3215085.75532,0.0,35930.755320000106,0.011175675566521208,-658.0,-0.00020254762086885285,-0.000773002704334689,850568.0,0.26455530730169974,-8108.0,-0.0024958299544143754,-0.010277888342684166,780770.0,0.24284577750626418,-11101.0,-0.003417144588548838,-0.014210535074457777,770080.0,0.23952082731409238,-13666.0,-0.004206710922178941,-0.017268066964618533,777737.0,0.24190241231142254,-1.734723475976807e-17
2024-05-24,0.00625364345779289,0.0062536434577928806,3235191.75532,3235191.75532,0.0,35930.755320000106,0.011106221218855114,-2207.0,-0.0006864513633417331,-0.00259473669359769,848361.0,0.2622289694590566,19095.0,0.005939188392845671,0.02445662615110724,799865.0,0.2472388224545545,2288.0,0.0007116450925808271,0.002971119883648452,772368.0,0.2387394808143616,930.0,0.00028926133570811595,0.0011957769785930206,778667.0,0.2406865060531722,-9.540979117872439e-18
2024-05-27,0.015898284828224307,0.015898284828224207,3286625.75532,3286625.75532,0.0,35930.755320000106,0.01093241457803331,9564.0,0.002956238987773386,0.011273502671622105,857925.0,0.26103519654201357,16917.0,0.005229056352589122,0.021149819031961642,816782.0,0.24851688655998944,11910.0,0.0036813892037203077,0.01542011062084395,784278.0,0.23862710828286543,13043.0,0.004031600284141392,0.016750420911634884,791710.0,0.2408883940370983,-1.0061396160665481e-16
2024-05-28,-0.006307648495251783,-0.006307648495251798,3265894.87532,3265894.87532,0.0,39339.87532000011,0.012045664916310417,-6180.0,-0.0018803479495639408,-0.007203426872978407,851745.0,0.2607998825793632,2381.0,0.0007244512083999584,0.0029150985207803304,819163.0,0.2508234438867958,-9471.880000000001,-0.002881946624031667,-0.01207719711632865,771397.0,0.2361977434819964,-7460.0,-0.0022698051300561487,-0.009422642129062409,784250.0,0.2401332651355342,-1.474514954580286e-17
2024-05-29,0.002525494639257664,0.0025254946392577445,3274142.87532,3274142.87532,0.0,39339.87532000011,0.012015320289330748,-5248.0,-0.0016069102651339285,-0.006161468514637597,846497.0,0.2585400308522783,17046.0,0.005219396413771522,0.020809045330416536,836209.0,0.25539783443881403,-1267.0,-0.0003879488006716249,-0.0016424746272023355,770130.0,0.23521575854405283,-2283.0,-0.0006990427087082239,-0.0029110615237488047,781967.0,0.23883105587552408,8.066464163292153e-17
2024-05-30,-0.013783149275545692,-0.013783149275545708,3229014.87532,3229014.87532,0.0,39339.87532000011,0.01218324375668956,-4916.0,-0.0015014616610215985,-0.005807462991599498,841581.0,0.260630883565254,-28235.0,-0.008623631000599031,-0.03376548207445746,807974.0,0.25022306529942157,-10251.0,-0.0031308957459585856,-0.013310739745237816,759879.0,0.23532842967305775,-1726.0,-0.0005271608679664929,-0.0022072542703208704,780241.0,0.24163437770557714,-1.5612511283791264e-17
2024-05-31,-0.001817272520126867,-0.0018172725201268925,3223146.87532,3223146.87532,0.0,39339.87532000011,0.012205424338937199,3733.0,0.00115608014956266,0.0044356989998586,845314.0,0.26226356809013723,-11070.0,-0.003428290183674966,-0.013700935921205385,796904.0,0.2472440849971759,3281.0,0.0010160993760286868,0.004317792701206376,763160.0,0.23677481341095635,-1812.0,-0.0005611618620432736,-0.0023223593735781636,778429.0,0.2415121091627933,-2.5587171270657905e-17
2024-06-03,-0.009981239218832094,-0.009981239218832063,3190975.87532,3190975.87532,0.0,39339.87532000011,0.01232847782531574,-14955.0,-0.004639875431837167,-0.017691650676553327,830359.0,0.2602210209178499,-1963.0,-0.0006090321278967809,-0.0024632829048417374,794941.0,0.2491215951045951,-4860.0,-0.0015078431694235126,-0.006368258294459877,758300.0,0.23763890095971205,-10393.0,-0.003224488489674602,-0.013351249760736046,768036.0,0.24069000519252726,3.122502256758253e-17
2024-06-04,0.014552601402961995,0.014552601402962084,3237412.87532,3237412.87532,0.0,39339.87532000011,0.012151639854126293,5104.0,0.001599510682445431,0.006146738940626885,835463.0,0.2580650143109779,24514.0,0.007682289355303153,0.03083750869561389,819455.0,0.2531203252594099,9970.0,0.0031244360313442297,0.013147830673875776,768270.0,0.23730986117242175,6849.0,0.0021463653338692707,0.008917550739809071,774885.0,0.2393531594030641,8.847089727481716e-17
2024-06-05,-0.005602930703797582,-0.005602930703797569,3219273.87532,3219273.87532,0.0,39339.87532000011,0.012220108273978297,-13936.0,-0.004304671828001705,-0.016680571132414,821527.0,0.25519015523907207,12106.0,0.00373940565081721,0.014773233429535484,831561.0,0.2583070071717156,-9875.0,-0.0030502751364463857,-0.012853554089057232,758395.0,0.23557952177169597,-6434.0,-0.0019873893901666884,-0.008303167566800235,768451.0,0.23870320754353805,1.3010426069826053e-17
2024-06-06,-0.0032119044233142047,-0.0032119044233141518,3208933.87532,3208933.87532,0.0,39339.87532000011,0.012259484566685585,-3187.0,-0.0009899747966249713,-0.003879361238279448,818340.0,0.2550192779894518,-1624.0,-0.0005044615844740989,-0.0019529535415922583,829937.0,0.2586332508697261,-2638.0,-0.0008194394457159317,-0.003478398459905458,755757.0,0.23551653893916236,-2891.0,-0.0008980285964991502,-0.00376211365461168,765560.0,0.23857144763497412,5.2909066017292616e-17
2024-06-07,0.02082068456251296,0.020820684562512955,3275746.0753200003,3275746.0753200003,0.0,46475.075320000105,0.014187630619525373,8342.6,0.0025998042727409156,0.010194540166678886,823241.0,0.25131404604356566,27013.0,0.008418060654897795,0.032548253662627404,856950.0,0.2616045262043965,16148.6,0.005032387898111374,0.02136745011954901,768212.0,0.23451512490172338,15308.0,0.0047704317367628715,0.01999582005329432,780868.0,0.23837867223078907,-3.469446951953614e-18
2024-06-11,-0.01903566349962227,-0.01903566349962232,3213390.0753200003,3213390.0753200003,0.0,46475.075320000105,0.014462942322796575,-13338.0,-0.004071744174705923,-0.016201816964898492,809903.0,0.2520400514772073,-16750.0,-0.005113338950841521,-0.019546064531186184,840200.0,0.26146841195939463,-18079.0,-0.005519048053269484,-0.023533868255117076,750133.0,0.23343975752003876,-14189.0,-0.0043315323208053935,-0.018170804796713402,766679.0,0.23858883672056264,-5.204170427930421e-17
2024-06-12,0.004984144353655795,0.004984144353655873,3229406.0753200003,3229406.0753200003,0.0,46475.075320000105,0.014391214432639882,-2358.0,-0.0007338044696503839,-0.0029114597674042447,807545.0,0.2500599123075536,6602.0,0.002054528035891363,0.007857652939776244,846802.0,0.2622160175121646,7222.0,0.0022474706869444754,0.009627626034316581,757355.0,0.23451835487271575,4550.0,0.0014159501004704185,0.0059346871376416985,771229.0,0.23881450087492614,7.806255641895632e-17
2024-06-13,-0.010310874267089654,-0.010310874267089659,3196108.0753200003,3196108.0753200003,0.0,49955.075320000105,0.01562997062137785,-8063.0,-0.002496743925026846,-0.00998458290250079,799482.0,0.2501423547512405,-7998.0,-0.002476616385013607,-0.009444946988788406,838804.0,0.26244544309285206,-10756.0,-0.0033306433904984195,-0.014202058479841026,743119.0,0.2325074692368147,-6481.0,-0.0020068705665507863,-0.008403470305188213,764748.0,0.23927476229771485,-5.204170427930421e-18
2024-06-14,-0.0014474479244689364,-0.0014474479244688298,3191481.87532,3191481.87532,0.0,57091.87532000011,0.01788882956268573,3829.8,0.0011982698675220968,0.0047903517527599125,798203.0,0.2501041933443431,-14723.0,-0.00460654009596528,-0.017552372187066345,824081.0,0.25821265236462354,3167.0,0.0009908926498622592,0.004261766957916565,746286.0,0.23383682851878085,3100.0,0.0009699296541120945,0.0040536228927699055,765820.0,0.23995749620956677,1.0668549377257364e-16
2024-06-17,-0.006640175576079432,-0.006640175576079417,3170289.87532,3170289.87532,0.0,57091.87532000011,0.01800840855735232,-9591.0,-0.003005187049366633,-0.01201574035677641,788612.0,0.2487507549827442,-9796.0,-0.003069420533374574,-0.01188718099313053,814285.0,0.2568487526453108,-482.0,-0.00015102702093574362,-0.0006458649900976301,745804.0,0.23524788878326802,-1323.0,-0.00041454097240246646,-0.001727560001044632,764497.0,0.24114419503132464,1.5612511283791264e-17
2024-06-18,0.009183135027064804,0.009183135027064804,3199403.0753200003,3199403.0753200003,0.0,58783.075320000105,0.018373138343664528,4166.0,0.001314075420178887,0.00528269922344575,792778.0,0.24778934736777652,-2188.8,-0.0006904100527334488,-0.0026880023578968056,810405.0,0.2532988125977044,14903.0,0.004700831969977425,0.019982461880065003,760707.0,0.23776528999051333,12233.0,0.00385863768964194,0.016001370835987586,776730.0,0.24277341170034114,0.0
2024-06-19,0.0012539839168588252,0.0012539839168588425,3203415.0753200003,3203415.0753200003,0.0,58783.075320000105,0.018350127578808394,7587.0,0.002371379854737796,0.00957014447928676,800365.0,0.2498474225729392,-1049.0,-0.00032787366121259364,-0.0012944145211344945,809356.0,0.2526541147400796,399.0,0.00012471076341642027,0.0005245120657493621,761106.0,0.23759206412674153,-2925.0,-0.0009142330400827802,-0.0037657873392298482,773805.0,0.24155627098143126,1.734723475976807e-17
2024-06-20,-0.0023135184875346937,-0.0023135184875346425,3196003.91532,3196003.91532,0.0,60814.9153200001,0.019028423284616347,-2185.0,-0.0006820845718164489,-0.002730004435476314,798180.0,0.24974312333409085,-3303.0,-0.0010310871124529662,-0.004081022442534559,806053.0,0.2522065120559447,-3835.0,-0.0011971598777647972,-0.005038719968046501,757271.0,0.23694307643680662,1911.8400000000001,0.0005968130744995698,0.0024706999825537443,773685.0,0.24207886488854152,5.117434254131581e-17
2024-06-21,0.0012299734619087843,0.0012299734619087312,3199934.91532,3199934.91532,0.0,60814.9153200001,0.01900504758045008,-2017.0,-0.0006311006035792193,-0.0025269989225487986,796163.0,0.2488059979558622,2858.0,0.000894241707996732,0.0035456725550305004,808911.0,0.25278982898285207,2640.0,0.0008260315287303613,0.0034862024295133445,759911.0,0.23747701753615427,450.0,0.00014080082876085704,0.0005816320595591229,774135.0,0.24192210794468139,-5.312590645178972e-17
2024-06-24,-0.01047927563759421,-0.01047927563759422,3166401.91532,3166401.91532,0.0,60814.9153200001,0.01920631585831203,-5627.0,-0.0017584732655218046,-0.007067648207716259,790536.0,0.24966382068402315,-9554.0,-0.0029856857257500127,-0.011810940882247862,799357.0,0.2524496325411097,-6336.0,-0.0019800402719648397,-0.008337818507693663,753575.0,0.23799095002879408,-12016.0,-0.0037550763743575627,-0.015521840505854922,762119.0,0.240689280887761,-1.0408340855860843e-17
2024-06-25,0.004603016417303651,0.00460301641730375,3180976.91532,3180976.91532,0.0,65014.9153200001,0.020438663043066983,7902.0,0.0024955770654912,0.009995749719177873,798438.0,0.25100402211491013,-600.0,-0.00018948952661284737,-0.0007506032974002855,798757.0,0.25110430577257004,3529.0,0.0011145142323612306,0.004683010980990611,752904.0,0.2366895516826658,3744.0,0.0011824146460641676,0.00491261863304812,765863.0,0.240763457386787,9.8879238130678e-17
2024-06-26,0.004388903274576528,0.004388903274576437,3194937.91532,3194937.91532,0.0,65014.9153200001,0.02034935170672583,6927.0,0.0021776329047339714,0.008675689283325693,805365.0,0.2520753208186632,3737.0,0.0011747963281349577,0.004678519249283575,802494.0,0.25117671180775464,629.0,0.00019773799582469584,0.0008354318744488009,753533.0,0.23585215737268161,2668.0,0.0008387360458828115,0.0034836517758398042,768531.0,0.24054645829417473,-9.107298248878237e-17
2024-06-27,-0.0002247305015089518,-0.00022473050150900544,3194219.91532,3194219.91532,0.0,73974.9153200001,0.02315899258069375,4287.0,0.0013418101113775855,0.005323052280642939,803764.0,0.2516307647275683,-4786.0,-0.0014979946799750696,-0.005963907518311664,797708.0,0.2497348401636538,249.0,7.793578673501721e-05,0.0003304433913312357,750710.0,0.2350213886024166,-468.0,-0.00014648171964653836,-0.0006089539654223447,768063.0,0.24045401392566756,-5.364090248372033e-17
2024-06-28,0.01618208932706544,0.016182089327065552,3245909.06732,3245909.06732,0.0,81240.0673200001,0.025028448312964094,6900.56,0.0021603271480788748,0.008585306134636535,805310.0,0.24809998779938341,23835.0,0.007461915782843708,0.029879354350213362,821543.0,0.2531010521124398,7313.0,0.0022894478758101965,0.009741444765621879,758023.0,0.2335318039657424,13640.592,0.0042703985203327716,0.017759730647095358,779793.0,0.24023870780947038,1.1102230246251565e-16
2024-07-01,0.01641791725977093,0.016417917259770935,3299200.13382,3299200.13382,0.0,22945.133819999886,0.006954756574113228,11865.3383,0.003655474646366687,0.014733876767952713,817370.0,0.24774792884528737,14335.1205,0.004416365401091122,0.01744902031908251,822146.0,0.24919555245291317,14640.0,0.004510292708873568,0.019313398142272727,819888.0,0.2485111441392576,12450.6077,0.0038357845034395566,0.01596655484211836,816851.0,0.24759061798842855,3.469446951953614e-18
2024-07-02,0.012368755560382194,0.012368755560382253,3340007.13382,3340007.13382,0.0,22945.133819999886,0.006869785871911388,16427.0,0.004979085637032844,0.020097385516962944,833797.0,0.24963928716115583,3215.0,0.0009744786219675287,0.003910497648836095,825361.0,0.24711354405283148,8599.0,0.0026063893220213932,0.01048801787561228,828487.0,0.2480494701975235,12566.0,0.003808801979360487,0.015383466507355687,829417.0,0.24832791271657775,5.898059818321144e-17
2024-07-03,-0.0020751452683495097,-0.0020751452683494555,3333076.13382,3333076.13382,0.0,22945.133819999886,0.0068840713199379375,-4909.0,-0.001469757339825058,-0.005887524181545388,828888.0,0.24868558854370393,-6698.0,-0.0020053849383068322,-0.008115236847876262,818663.0,0.24561785183758758,3893.0,0.001165566372772245,0.004698927080328358,832380.0,0.24973326938260448,783.0,0.00023443063701018954,0.0009440365943789433,830200.0,0.249079218916166,5.421010862427522e-17
2024-07-04,-0.005682738479271365,-0.005682738479271381,3314135.13382,3314135.13382,0.0,22945.133819999886,0.006923415278348183,-3372.0,-0.0010116780609314765,-0.004068100877319976,825516.0,0.2490894205175268,-7729.0,-0.002318878924359247,-0.009441003196675556,810934.0,0.24468947923233478,-1349.0,-0.00040473122900253907,-0.0016206540282082702,831031.0,0.25075350474382185,-6491.0,-0.0019474502649781179,-0.00781859792821007,823709.0,0.24854418022796831,-1.5612511283791264e-17
2024-07-05,-0.007473503342469767,-0.007473503342469689,3289366.93382,3289366.93382,0.0,27497.933819999886,0.008359643169412557,-16083.0,-0.0048528497935635215,-0.01948236012384981,805961.0,0.2450200954212254,-8183.2,-0.0024691811497039736,-0.010091080161887403,801670.0,0.24371558908723098,8.0,2.413902776130583e-06,9.626596360424582e-06,831039.0,0.2526440548348614,-510.0,-0.00015388630197832467,-0.0006191506952091091,823199.0,0.25026061748726963,7.806255641895632e-17
2024-07-08,-0.00017054953469375356,-0.00017054953469374754,3288805.93382,3288805.93382,0.0,27497.933819999886,0.008361069145864925,4079.0,0.0012400562424523995,0.005061038933645672,810040.0,0.24630215838218394,6628.0,0.0020149773902854878,0.008267741090473636,808298.0,0.24577248286010878,-4999.0,-0.0015197453189555149,-0.006015361493263253,826040.0,0.251167145955779,-6269.0,-0.00190583784847612,-0.007615412555165883,816930.0,0.24839714365606333,6.0173220572945496e-18
2024-07-09,0.019289979791027756,0.019289979791027766,3352246.93382,3352246.93382,0.0,27497.933819999886,0.008202836593742529,12000.0,0.0036487406801962957,0.014814083255147895,822040.0,0.24522059866969803,15398.0,0.004681942416138547,0.019049904861820764,823696.0,0.24571459569100723,18634.0,0.0056658861528981475,0.022558229625683986,844674.0,0.2519724879090172,17409.0,0.005293410541794776,0.021310271381880946,834339.0,0.24888948113653495,1.0408340855860843e-17
2024-07-10,-0.016172376638800112,-0.01617237663880015,3298033.13382,3298033.13382,0.0,32541.133819999886,0.009866830471259878,-556.8000000000002,-0.00016609754919382015,-0.0006773393022237363,816440.0,0.24755360752071803,-29893.0,-0.008917302510867213,-0.036291301645267185,793803.0,0.24068981959576763,-13132.0,-0.0039173725143916045,-0.015546826349573918,831542.0,0.25213270038826235,-10632.0,-0.0031716040643475127,-0.012743021721386631,823707.0,0.24975704202399207,-3.8163916471489756e-17
2024-07-11,0.00029654038037740804,0.0002965403803773238,3299011.13382,3299011.13382,0.0,34445.133819999886,0.010441048066459565,-6540.0,-0.0019830000896397726,-0.008010386556268678,809900.0,0.24549780741788474,2877.0,0.0008723381128277715,0.0036243249269655065,794776.0,0.24091340336875758,-1226.0,-0.0003717367140517372,-0.0014743693042564296,830316.0,0.2516863285146171,5867.0,0.0017789390712410619,0.007122678331008478,829574.0,0.25146141263228095,-8.42425088021237e-17
2024-07-12,0.002568951621022997,0.002568951621023056,3307486.13382,3307486.13382,0.0,39405.133819999886,0.011913922606378006,14703.0,0.004456790051197875,0.018154093097913323,819643.0,0.2478144931943671,-11361.0,-0.003443759217279403,-0.014294593696840368,783415.0,0.23686115929235668,3039.0,0.0009211851299456127,0.003660052317430954,833355.0,0.2519602399776388,2094.0,0.0006347356571589711,0.0025241871129037313,831668.0,0.25145018492925936,5.941427905220564e-17
2024-07-15,0.005582366562690622,0.005582366562690727,3325949.7338199997,3325949.7338199997,0.0,44218.733819999885,0.013295069787243213,11891.0,0.0035951775816718003,0.014507535597815147,831534.0,0.2500140009767816,809.0,0.00024459664145761383,0.001032658297326449,784224.0,0.2357894925547429,3297.5999999999995,0.000997010982534768,0.0039570171175549425,831839.0,0.2501057041065369,2466.0,0.0007455813570265461,0.0029651255068128147,834134.0,0.2507957325746954,1.0581813203458523e-16
2024-07-16,-0.005010471394244376,-0.005010471394244435,3309285.15782,3309285.15782,0.0,49170.157819999884,0.014858241425284382,-4356.576,-0.0013098742761203071,-0.005239203688604434,822226.0,0.24846030510759717,-3031.0,-0.000911318643567942,-0.0038649671522422166,781193.0,0.23606095055120996,-6415.0,-0.0019287723848526387,-0.007711828851496504,825424.0,0.24942667695151124,-2862.0,-0.0008605060897035467,-0.00343110339585726,831272.0,0.25119382596439727,-5.898059818321144e-17
2024-07-17,-0.008528633422026588,-0.008528633422026533,3281061.4778199997,3281061.4778199997,0.0,51580.477819999884,0.0157206678901582,4179.0,0.0012628104864655808,0.005082544215337389,826405.0,0.2518712330099585,-23025.0,-0.006957695968143095,-0.029474150434015665,758168.0,0.23107400002262116,-8525.0,-0.0025760850435795827,-0.010328025354242184,816899.0,0.24897399988456279,-852.6799999999998,-0.00025766289676943554,-0.001025753303371219,828009.0,0.2523600991926994,5.551115123125783e-17
2024-07-18,0.008824339377888624,0.008824339377888483,3310014.67782,3310014.67782,0.0,55175.67781999988,0.016669315151296847,-1164.8000000000002,-0.0003550070633769154,-0.0014094784034462524,821645.0,0.24823001707688544,10107.0,0.0030804055542157306,0.013330818499329964,768275.0,0.23210622150654378,12796.0,0.0038999574029627473,0.015664115147649833,829695.0,0.2506620304615819,7215.0,0.0021989834840869197,0.008713673402100702,835224.0,0.25233241580369203,-1.4051260155412137e-16
2024-07-19,-0.006103900425392217,-0.006103900425392223,3289810.67782,3289810.67782,0.0,55175.67781999988,0.016771687863984367,-4940.0,-0.001492440511850999,-0.006012328925509192,816705.0,0.24825288747047028,-1927.0,-0.0005821726450074646,-0.0025082164589502456,766348.0,0.23294592760815713,-12082.0,-0.003650134871292261,-0.014561977594176174,817613.0,0.24852889119497693,-1255.0,-0.0003791523972414987,-0.0015025909217168088,833969.0,0.2535006058624113,-6.071532165918825e-18
2024-07-22,-0.008856436692979308,-0.008856436692979254,3260674.67782,3260674.67782,0.0,55175.67781999988,0.016921552522648126,-11573.0,-0.0035178316120211737,-0.014170355269038391,805132.0,0.24692190406995457,-10334.0,-0.0031412141949906515,-0.013484735394363918,756014.0,0.23185815044432792,-2339.0,-0.0007109831625782014,-0.0028607666463228935,815274.0,0.25003230329775505,-4890.0,-0.0014864077233892282,-0.005863527301374512,829079.0,0.25426608966531433,5.377642775528102e-17
2024-07-23,0.00030975184579751236,0.0003097518457975265,3261684.67782,3261684.67782,0.0,55175.67781999988,0.016916312663576495,9670.0,0.002965643909764437,0.012010452944361918,814802.0,0.24981016881882837,-12316.0,-0.0037771324087547886,-0.016290703611308785,743698.0,0.2280103913959772,1980.0,0.0006072362917614876,0.0024286313558386508,817254.0,0.25056192756996515,1676.0,0.0005140040530263906,0.0020215202652581962,830755.0,0.25470119955165277,1.4148838350935833e-17
2024-07-24,0.006227150079257671,0.006227150079257566,3281995.67782,3281995.67782,0.0,55175.67781999988,0.01681162415687556,414.0,0.0001269282720108627,0.0005080989001008834,815216.0,0.24839033320771797,9567.0,0.0029331468075553704,0.012864092682782527,753265.0,0.22951431809938921,3429.0,0.0010512972094812757,0.004195757989560161,820683.0,0.25005608799129264,6901.0,0.002115777790210057,0.00830690155340624,837656.0,0.2552276365447246,-1.0495077029659683e-16
2024-07-25,-0.0001764170513425256,-0.00017641705134255057,3281416.67782,3281416.67782,0.0,55175.67781999988,0.01681459053735769,-6761.0,-0.0020600270883022183,-0.008293507487586112,808455.0,0.2463737706535626,-4596.0,-0.0014003674749056346,-0.006101438404811056,748669.0,0.22815420091586058,5543.0,0.0016889114258925007,0.006754130401141489,826226.0,0.2517894193641086,5235.0,0.0015950660859728018,0.00624958216738136,842891.0,0.2568680185291105,-2.496375502147874e-17
2024-07-26,-0.0037984813340683488,-0.003798481334068397,3268952.27782,3268952.27782,0.0,58597.27781999988,0.017925400201644195,-12489.0,-0.003805978096112144,-0.015447984117854426,795966.0,0.24349269501444484,-539.0,-0.0001642583228284447,-0.0007199443278671883,748130.0,0.22885926022111072,-2651.4,-0.0008080046700321674,-0.003209049340011087,820153.0,0.25089170177392245,3215.0,0.0009797597549043593,0.0038142535630348406,846106.0,0.25883094278887775,-4.8138576458356397e-17
2024-07-29,0.010583207419311513,0.010583207419311546,3303548.27782,3303548.27782,0.0,58597.27781999988,0.017737678669151467,14174.0,0.004335945830770085,0.017807293276345976,810140.0,0.24523328611217046,6149.0,0.0018810308249897875,0.008219159771697432,754279.0,0.22832389193892638,10635.0,0.003253335960931272,0.012967092725381728,830788.0,0.2514835353180412,3638.0,0.0011128948026204013,0.0042996976738139195,849744.0,0.2572216079617105,3.2959746043559335e-17
2024-07-30,-0.001813201895736416,-0.001813201895736417,3297558.27782,3297558.27782,0.0,58597.27781999988,0.017769899083857364,-4469.0,-0.0013527878584384055,-0.005516330510775915,805671.0,0.2443235060981622,-15453.0,-0.004677697645211161,-0.02048711418453914,738826.0,0.2240524466146613,6904.0,0.0020898741048688187,0.008310182621800026,837692.0,0.25403402439752915,7028.0,0.0021274095030443304,0.008270726242256492,856772.0,0.25982012380579,-1.0842021724855044e-18
2024-07-31,-0.0013813250945822197,-0.0013813250945821916,3293003.27782,3293003.27782,0.0,58597.27781999988,0.01779447904430628,-2018.0,-0.0006119679562825164,-0.0025047444924789397,803653.0,0.24404864866457893,88.0,2.6686412365144423e-05,0.00011910788196408897,738914.0,0.22438908730427023,-2876.0,-0.0008721604768426746,-0.0034332427670313195,834816.0,0.25351204647225745,251.0,7.611692617785511e-05,0.0002929600873978141,857023.0,0.26025573851458705,2.8189256484623115e-17
2024-08-01,0.010751887263057647,0.010751887263057666,3328409.27782,3328409.27782,0.0,58597.27781999988,0.017605190025903064,5125.0,0.001556330063355661,0.0063771304281823125,808778.0,0.24299235234968558,-8016.0,-0.0024342520561676058,-0.010848353123638204,730898.0,0.2195937876001579,20651.0,0.0062711750513868795,0.0247371875958295,855467.0,0.2570197738903982,17646.0,0.00535863420448273,0.020589879151434676,874669.0,0.2627888961338552,1.9081958235744878e-17
2024-08-02,-0.004798388259048658,-0.004798388259048624,3312438.27782,3312438.27782,0.0,58597.27781999988,0.017690073868656127,-1569.0,-0.0004713963545455696,-0.0019399637477775112,807209.0,0.24369027655701553,-8173.0,-0.002455527345889701,-0.011182134853290062,722725.0,0.21818519754446375,1349.0,0.00040529871401018063,0.0015769164678473863,856816.0,0.258666253719267,-7578.0,-0.002276763272623535,-0.008663848838817885,867091.0,0.26176819831059756,3.382710778154774e-17
2024-08-05,-0.013482515372148174,-0.013482515372148122,3267778.27782,3267778.27782,0.0,58597.27781999988,0.01793184017952751,-8372.0,-0.0025274433205468893,-0.010371539464996055,798837.0,0.24445875211977972,-14110.0,-0.004259702013009628,-0.019523331834376836,708615.0,0.2168491677693418,-10552.0,-0.003185568791018965,-0.012315362925062091,846264.0,0.2589722827108575,-11626.0,-0.003509801247572639,-0.013408050596765506,855465.0,0.2617879572204935,5.204170427930421e-17
2024-08-06,-0.0057558984731815865,-0.005755898473181559,3248969.27782,3248969.27782,0.0,58597.27781999988,0.018035651558797626,-8855.0,-0.002709792172897161,-0.01108486462194415,789982.0,0.2431484980153656,5945.0,0.001819278878359528,0.008389605074687948,714560.0,0.2199343665322243,-16603.0,-0.005080822071892892,-0.01961917321308717,829661.0,0.2553612943230684,704.0,0.00021543689324896682,0.0008229442466962413,856169.0,0.26352018957054407,2.7755575615628914e-17
2024-08-07,0.002241018420735985,0.002241018420736013,3256250.27782,3256250.27782,0.0,58597.27781999988,0.017995323706883393,3093.0,0.0009519942281742188,0.003915279082308204,793075.0,0.24355468171535918,9240.0,0.0028439788775718663,0.01293103448275862,723800.0,0.2222802113615698,305.0,9.387592615361679e-05,0.00036762002793912213,829966.0,0.25488397057601087,-5357.0,-0.001648830611163689,-0.00625694226256732,850812.0,0.26128581264017675,2.7755575615628914e-17
2024-08-08,0.0021513702579059046,0.00215137025790597,3263255.67782,3263255.67782,0.0,59979.67781999988,0.01838031822871721,2815.0,0.0008644912890063817,0.0035494751442171294,795890.0,0.24389446570478043,-5549.6,-0.0017042916012326166,-0.007667311411992264,716868.0,0.219678771992178,6945.0,0.0021328213151507354,0.008367812657385966,836911.0,0.25646504063055636,2795.0,0.0008583492549814695,0.003285097060220119,853607.0,0.261581403443768,6.548581121812447e-17
2024-08-09,-0.0031971138733970506,-0.0031971138733970453,3252822.67782,3252822.67782,0.0,59979.67781999988,0.018439270676813373,1665.0,0.000510226646142632,0.002091997637864529,797555.0,0.24518858818781697,-4828.0,-0.0014795040525985752,-0.006734852162462266,712040.0,0.21889911333168646,-4684.0,-0.001435376342661915,-0.005596771938712718,832227.0,0.2558476383218491,-2586.0,-0.0007924601242791871,-0.003029497180786943,851021.0,0.2616253894818341,5.204170427930421e-18
2024-08-12,-0.0009379546019535612,-0.0009379546019535074,3249771.67782,3249771.67782,0.0,59979.67781999988,0.01845658211294254,533.0,0.0001638576869358307,0.0006682924688579471,798088.0,0.24558279138409211,-3121.0,-0.0009594743732208773,-0.004383180720184259,708919.0,0.21814424836010463,4624.0,0.0014215346048616906,0.005556176379761772,836851.0,0.2575107062787172,-5087.0,-0.0015638725205301515,-0.00597752581898684,845934.0,0.2603056718641435,5.377642775528102e-17
2024-08-13,0.007537452605418604,0.007537452605418621,3274266.67782,3274266.67782,0.0,59979.67781999988,0.018318507232872743,6199.0,0.0019075186242494399,0.007767313880173615,804287.0,0.24563881905168844,2261.0,0.0006957411855828333,0.0031893629596611178,711180.0,0.21720283348255012,10386.0,0.0031959168303685565,0.012410811482569777,847237.0,0.25875626006250924,5649.0,0.001738275965217791,0.006677825929682458,851583.0,0.26008358017037947,1.6479873021779667e-17
2024-08-14,0.0015863093972108278,0.001586309397210784,3279460.67782,3279460.67782,0.0,59979.67781999988,0.01828949443597872,-281.0,-8.582074328383333e-05,-0.00034937777186501835,804006.0,0.24516409220508104,3325.0,0.0010154945602090597,0.004675328327568267,714505.0,0.21787271450833878,3796.0,0.0011593435640762679,0.004480446439426041,851033.0,0.259503950071973,-1646.0,-0.0005027079837907105,-0.001932870900428966,849937.0,0.2591697487786285,-4.380176776841438e-17
2024-08-15,0.010043114778828244,0.010043114778828204,3312396.67782,3312396.67782,0.0,59979.67781999988,0.0181076373556426,9113.0,0.0027788105713948694,0.011334492528662721,813119.0,0.24547754363017327,5087.0,0.0015511696890909363,0.007119614278416526,719592.0,0.21724209688363405,6293.0,0.0019189130830448715,0.0073945428673153684,857326.0,0.2588234693449322,12443.0,0.0037942214352975267,0.014639908604990723,862380.0,0.2603492527856179,-3.9898639947466563e-17
2024-08-16,2.4151696726315564e-05,2.415169672632648e-05,3312476.67782,3312476.67782,0.0,59979.67781999988,0.01810720003603877,9981.0,0.0030132260628183073,0.01227495606424152,823100.0,0.24848476836422492,-8121.0,-0.002451699113931217,-0.011285561818363739,711471.0,0.21478521034244136,1176.0,0.0003550299418769993,0.0013717069119564785,858502.0,0.2591722398374728,-2956.0,-0.0008924051940377635,-0.003427723277441499,859424.0,0.2594505814198222,1.0916560624213423e-17
2024-08-19,0.012702580000560681,0.012702580000560676,3354553.67782,3354553.67782,0.0,59979.67781999988,0.01788007692843909,18520.0,0.005590982760424548,0.022500303729801968,841620.0,0.2508888158698172,-600.0,-0.0001811333507696938,-0.0008433231993995539,710871.0,0.21191224474964096,14714.0,0.004441993538708791,0.017139156344423194,873216.0,0.26030765456925725,9443.0,0.002850737052197031,0.010987591689317497,868867.0,0.25901120788284554,-5.204170427930421e-18
2024-08-20,-0.007039982742308437,-0.0070399827423084085,3330937.67782,3330937.67782,0.0,59979.67781999988,0.018006844805110497,1553.0,0.0004629527946648441,0.0018452508257883605,843173.0,0.2531338264340724,-10686.0,-0.0031855206463544906,-0.015032263237633832,700185.0,0.21020657476193022,-4138.0,-0.0012335471116053606,-0.00473880460275579,869078.0,0.2609109158021791,-10345.0,-0.003083867779013401,-0.011906310171752409,858522.0,0.2577418381967078,2.862293735361732e-17
2024-08-21,-0.0075276100681686,-0.00752761006816861,3305863.67782,3305863.67782,0.0,59979.67781999988,0.01814342140676307,-9520.0,-0.002858054073899863,-0.011290684118205873,833653.0,0.252174040204144,-8393.0,-0.0025197109077984823,-0.011986832051529239,691792.0,0.20926210740068732,-2133.0,-0.0006403602247508831,-0.0024543251583862436,866945.0,0.2622446309013242,-5028.0,-0.0015094848617193814,-0.00585657676798032,853494.0,0.2581758000870814,-1.0408340855860843e-17
2024-08-22,0.004735827464707798,0.004735827464707832,3321519.67782,3321519.67782,0.0,59979.67781999988,0.01805790229710941,10106.0,0.0030569923580951296,0.012122549789900594,843759.0,0.254027999784057,-1365.0,-0.0004129026883831241,-0.001973136434072669,690427.0,0.20786479291706178,4102.0,0.0012408255148333882,0.004731557365230781,871047.0,0.2622435163688962,2813.0,0.0008509122801624382,0.003295863825639079,856307.0,0.2578057886328756,3.382710778154774e-17
2024-08-23,-0.0053131101759971155,-0.005313110175997084,3303872.07782,3303872.07782,0.0,60210.07781999988,0.018224094759664064,49.0,1.4752283518657333e-05,5.807345462389142e-05,843808.0,0.25539971891307955,-13507.6,-0.004066692752175832,-0.019564124809719204,676689.0,0.2048169493434204,-212.0,-6.382620624398684e-05,-0.00024338525934880666,870835.0,0.26358012038244677,-3977.0,-0.0011973435010959228,-0.004644362360695405,852330.0,0.2579791166013893,3.122502256758253e-17
2024-08-26,-0.0040513069770037324,-0.004051306977003738,3290487.07782,3290487.07782,0.0,60210.07781999988,0.018298226492319193,846.0,0.00025606318285731507,0.0010025977473548484,844654.0,0.2566957353194035,-16.0,-4.842802512667897e-06,-2.3644539810755014e-05,676673.0,0.20564523853055416,-8540.0,-0.00258484584113649,-0.009806679795828142,862295.0,0.2620569476818259,-5675.0,-0.0017176815162118946,-0.00665821923433412,846655.0,0.2573038519758973,-5.204170427930421e-18
2024-08-27,0.0004008525087033643,0.00040085250870331893,3291806.07782,3291806.07782,0.0,60210.07781999988,0.01829089454135586,5831.0,0.0017720780729712303,0.006903418441160523,850485.0,0.25836424743563086,-6784.0,-0.0020617008484028173,-0.010025521928612492,669889.0,0.20350196340959256,3752.0,0.0011402567192227845,0.004351179120834517,866047.0,0.2630917434156814,-1480.0,-0.0004497814350878787,-0.0017480555834430789,845175.0,0.25675115119773934,-4.537386091851836e-17
2024-08-28,-0.0036918942710162383,-0.0036918942710162106,3279653.07782,3279653.07782,0.0,60210.07781999988,0.018358672820364828,-9935.0,-0.0030181000232490786,-0.01168156992774711,840550.0,0.2562923516772443,1350.0,0.00041010921302327694,0.00201525924444199,671239.0,0.20466768407290675,861.0,0.00026155854252817885,0.0009941723717073092,866908.0,0.26432917733367023,-4429.0,-0.0013454620033185878,-0.005240334841896649,840746.0,0.25635211409581393,2.7755575615628914e-17
2024-08-29,-0.022437434159625735,-0.02243743415962569,3206066.07782,3206066.07782,0.0,60210.07781999988,0.018780048931786333,-26359.0,-0.008037130566724742,-0.031359229076200104,814191.0,0.25395328113562093,-4572.0,-0.0013940498862273045,-0.006811284803177408,666667.0,0.2079392575880119,-24192.0,-0.007376389949171249,-0.027906075385161978,842716.0,0.2628504776710697,-18464.0,-0.005629863757502396,-0.021961448523097345,822282.0,0.25647693467351107,4.5102810375396984e-17
2024-08-30,-0.009678527905170098,-0.009678527905170061,3175036.07782,3175036.07782,0.0,60210.07781999988,0.018963588552776543,-16165.0,-0.005042004627363005,-0.019854063727061586,798026.0,0.25134391560927705,3790.0,0.0011821340883208036,0.005684997157501421,670457.0,0.2111651595657899,-16799.0,-0.005239754762454137,-0.01993435510895723,825917.0,0.2601283827196949,-1856.0,-0.0005789026036737234,-0.002257133197613471,820426.0,0.2583989535524616,3.642919299551295e-17
2024-09-02,0.0043517615741508475,0.004351761574150944,3188853.07782,3188853.07782,0.0,60210.07781999988,0.01888142110992501,2570.0,0.0008094396211600148,0.003220446451619371,800596.0,0.25106079849477186,2607.0,0.0008210930320483108,0.003888392544190008,673064.0,0.21106773613418645,8965.0,0.002823589962529001,0.0108546016125107,834882.0,0.26181262655435716,-325.0,-0.0001023610415863832,-0.00039613566610516976,820101.0,0.25717741770675956,9.627715291671279e-17
2024-09-03,-0.011795463472940582,-0.011795463472940595,3151239.07782,3151239.07782,0.0,60210.07781999988,0.019106794607806368,-16480.0,-0.00516800228728827,-0.020584664425003372,784116.0,0.24882783585637835,-7597.0,-0.0023823612485757884,-0.011287188142583766,665467.0,0.21117629718541203,-9666.0,-0.0030311838658330353,-0.011577684031994941,825216.0,0.26187032453623843,-3871.0,-0.001213916071243501,-0.004720150322948027,816230.0,0.2590187478141649,-1.3877787807814457e-17
2024-09-04,-0.0008704512517969665,-0.0008704512517969864,3148496.07782,3148496.07782,0.0,60210.07781999988,0.019123440630641975,545.0,0.0001729478425918183,0.0006950502221610068,784661.0,0.24921771557145933,-3822.0,-0.0012128562465796872,-0.0057433351315692585,661645.0,0.2101463631036565,2427.0,0.0007701732366428313,0.002941048161935784,827643.0,0.26286931269517577,-1893.0,-0.0006007160844519487,-0.002319199245310758,814337.0,0.25864316799906645,-1.9949319973733282e-17
2024-09-05,0.002538354758101935,0.002538354758102038,3156488.07782,3156488.07782,0.0,60210.07781999988,0.019075021459160218,-3166.0,-0.0010055594549738553,-0.004034863463330024,781495.0,0.24758370085140083,-2449.0,-0.0007778316820059922,-0.0037013806497441983,659196.0,0.2088384254108344,11371.0,0.003611565559857141,0.0137390154933951,839014.0,0.2658061679040009,2236.0,0.0007101803352247443,0.0027457919755580307,816573.0,0.2586966843746037,1.0278236595162582e-16
2024-09-06,-0.0023412095397818966,-0.002341209539781895,3149098.07782,3149098.07782,0.0,60210.07781999988,0.019119784881924357,368.0,0.00011658526530984267,0.0004708923281658872,781863.0,0.24828156528591,-4936.0,-0.0015637632325254986,-0.0074879095140140415,654260.0,0.20776107438766062,-568.0,-0.0001799468225434528,-0.0006769851277809429,838446.0,0.26624956710793335,-2254.0,-0.0007140847500227864,-0.0027603165914131377,814319.0,0.2585880083365717,1.734723475976807e-18
2024-09-09,-0.014319338072574794,-0.014319338072574786,3104005.07782,3104005.07782,0.0,60210.07781999988,0.019397544884909315,-8873.0,-0.0028176321539475323,-0.011348535485116959,772990.0,0.24902987611827143,-12395.0,-0.003936047621794169,-0.018945067710084675,641865.0,0.20678606635875535,-13358.0,-0.0042418494660691015,-0.015931854883916196,825088.0,0.2658139981457358,-10467.0,-0.003323808830763983,-0.012853685103749268,803852.0,0.2589725144923281,8.673617379884035e-18
2024-09-10,-0.0005979371661670729,-0.0005979371661671066,3102149.07782,3102149.07782,0.0,60210.07781999988,0.01940915033725969,6634.0,0.002137238771741695,0.008582258502697318,779624.0,0.2513173868961423,-5890.0,-0.0018975484422005702,-0.00917638444221137,635975.0,0.20501110167372236,1427.0,0.0004597286293752485,0.0017295124883648775,826515.0,0.2664330369902223,-4027.0,-0.0012973561250834798,-0.0050096286381075125,799825.0,0.25782932410265336,-3.371868756429919e-17
2024-09-11,-0.025343720765105604,-0.02534372076510563,3023529.07782,3023529.07782,0.0,60210.07781999988,0.01991384116716088,-20628.0,-0.006649583718425322,-0.026458908396868232,758996.0,0.251029833173374,-15743.0,-0.005074868939265554,-0.024754117693305554,620232.0,0.20513511993315925,-23738.0,-0.00765211451948712,-0.028720591882784946,802777.0,0.26550993204894585,-18511.0,-0.0059671535879276295,-0.0231438127090301,781314.0,0.25841127367736005,-2.42861286636753e-17
2024-09-12,0.005487957804581001,0.005487957804581046,3040122.07782,3040122.07782,0.0,60210.07781999988,0.01980515133233568,2552.0,0.000844046785830822,0.00336233656040348,761548.0,0.250499151187405,3936.0,0.0013017900270494182,0.006346012459853732,624168.0,0.20531017637540933,6139.0,0.0020304087845671695,0.00764720464089031,808916.0,0.2660801044476657,3966.0,0.0013117122071336362,0.00507606416882329,785280.0,0.2583054166571843,4.5102810375396984e-17
2024-09-13,-0.002916659190988269,-0.0029166591909882507,3031255.07782,3031255.07782,0.0,60210.07781999988,0.019863085182294,-4039.0,-0.0013285650696291354,-0.00530367094391949,757509.0,0.24989945766780566,-893.0,-0.00029373820430275265,-0.0014307045539021545,623275.0,0.20561615040600387,-2354.0,-0.0007743110111183424,-0.0029100672999421446,806562.0,0.26608186354942404,-1581.0,-0.0005200449059380201,-0.002013294621026895,783699.0,0.2585394431944725,1.8214596497756474e-17
2024-09-18,0.005989598213904657,0.005989598213904626,3049411.07782,3049411.07782,0.0,60210.07781999988,0.019744821633901715,3808.0,0.0012562453182721313,0.005027002979502554,761317.0,0.24966033787227518,3671.0,0.0012110495176935385,0.005889856002567085,626946.0,0.20559576390343504,6025.0,0.0019876255363943255,0.007469977509478503,812587.0,0.2664734203631582,4652.0,0.001534677841544631,0.005935952451132386,788351.0,0.25852565622722995,-3.0357660829594124e-17
2024-09-19,-0.0008637733427148131,-0.0008637733427147599,3046777.07782,3046777.07782,0.0,60210.07781999988,0.01976189142891964,2744.0,0.0008998458817043664,0.003604280477120569,764061.0,0.2507767980671213,7268.0,0.002383411030695093,0.011592704953855676,634214.0,0.20815897710960415,-14535.0,-0.004766494129217553,-0.01788731545053022,798052.0,0.26193317712991804,1889.0,0.0006194638741033339,0.0023961408053011918,790240.0,0.2593691562644369,5.323432666903827e-17
2024-09-20,-0.0030222099499935817,-0.003022209949993591,3037569.07782,3037569.07782,0.0,60210.07781999988,0.01982179706122483,2659.0,0.0008727254840392004,0.0034800886316668435,766720.0,0.2524123667173551,-4267.0,-0.0014004962919876903,-0.006728012942003803,629947.0,0.20738524256116667,-6197.0,-0.002033952547796512,-0.007765158160119892,791855.0,0.2606870756560038,-1403.0,-0.00046048659424858905,-0.0017754100020247014,788837.0,0.2596935180042496,-9.107298248878237e-18
2024-09-23,0.009265303694821148,0.009265303694821111,3065713.07782,3065713.07782,0.0,60210.07781999988,0.019639828089461884,11623.0,0.003826415038548386,0.015159380217028381,778343.0,0.25388644672301575,12587.0,0.004143774076418183,0.019981046024506822,642534.0,0.20958712824387987,-1839.0,-0.0006054183305420702,-0.002322394882901541,790016.0,0.25769404374977356,5773.0,0.001900532910396613,0.007318368687067163,794610.0,0.25919255319386897,-3.642919299551295e-17
2024-09-24,0.033291765213911084,0.033291765213911036,3167776.07782,3167776.07782,0.0,60210.07781999988,0.019007049848496632,35535.0,0.011591104287315957,0.045654679235247186,813878.0,0.2569240943823575,21065.0,0.00687115834563981,0.03278425733112956,663599.0,0.2094841881805849,22975.0,0.007494178162405632,0.02908168948476993,812991.0,0.25664408721701193,22488.0,0.007335324418549634,0.028300675803224224,817098.0,0.25794058037154904,-4.85722573273506e-17
2024-09-25,0.015460057402069571,0.015460057402069571,3216750.07782,3216750.07782,0.0,60210.07781999988,0.018717673541117752,19178.0,0.006054089534383351,0.023563728224623347,833056.0,0.25897442444909,3135.0,0.0009896532845078635,0.004724238583843556,666734.0,0.20726944396371863,16617.0,0.005245635926209622,0.02043934065690764,829608.0,0.2579025351457293,10044.0,0.003170678656968734,0.012292283177782836,827142.0,0.2571359229003443,0.0
2024-09-26,0.023219087026685514,0.02321908702668552,3291440.07782,3291440.07782,0.0,60210.07781999988,0.01829292844361258,31337.0,0.00974181992442421,0.03761691891061345,864393.0,0.26261848296278517,12844.0,0.003992849829572216,0.01926405433051262,679578.0,0.20646828863130964,12599.0,0.003916686001462189,0.015186690581575877,842207.0,0.255877968332273,17910.0,0.0055677312712269075,0.021652872179142156,845052.0,0.25674233163001964,6.938893903907228e-18
2024-09-27,0.005870074965118821,0.005870074965118844,3310761.07782,3310761.07782,0.0,60210.07781999988,0.018186174237509685,-9898.0,-0.003007194348364283,-0.01145080999036318,854495.0,0.2580962443120933,18584.0,0.005646160817337022,0.027346382608030278,698162.0,0.2108765880682973,-2009.0,-0.0006103711301135426,-0.002385399313945384,840198.0,0.2537779018935537,12644.0,0.0038414796262596484,0.014962392846830727,857696.0,0.25906309148854606,2.2551405187698492e-17
2024-09-30,0.06297011324576607,0.0629701132457661,3519240.07782,3519240.07782,0.0,60210.07781999988,0.017108829317861465,38805.0,0.011720869941346386,0.0454127876699103,893300.0,0.2538332083764392,52746.0,0.01593168421405119,0.07554980076257373,750908.0,0.21337220064427984,52930.0,0.015987260559089403,0.06299705545597585,893128.0,0.2537843341887746,63998.0,0.019330298531279114,0.07461618102451219,921694.0,0.26190142747264494,2.7755575615628914e-17
2024-10-08,0.016659127852487243,0.016659127852487094,3577867.54822,3577867.54822,0.0,178070.54822000008,0.049770022456138915,7742.7867,0.002200130291990845,0.0086676219635061,891237.0,0.24909725918819803,16980.6419,0.004825087667937304,0.02261347848205106,878427.0,0.24551691424044472,7414.0086,0.0021067072538548215,0.00830117138864754,741171.0,0.20715439853796008,26490.0332,0.007527202638704122,0.028740594166827605,888962.0,0.24846140557725824,-1.491862189340054e-16
2024-10-09,-0.06583977657786544,-0.06583977657786544,3342301.54822,3342301.54822,0.0,178070.54822000008,0.05327782237806598,-52195.0,-0.014588298559561593,-0.05856466910597293,839042.0,0.25103719335164304,-65455.0,-0.01829441674903926,-0.07451387537040642,812972.0,0.24323717901305528,-54305.0,-0.015178035315202459,-0.07326919159006491,686866.0,0.20550689101221348,-63611.0,-0.017779025954062125,-0.07155648947874037,825351.0,0.2469409142450222,0.0
2024-10-10,0.02491067870412267,0.024910678704122613,3425560.54822,3425560.54822,0.0,178070.54822000008,0.05198289322678287,35618.0,0.010656728450779366,0.042450795073428985,874660.0,0.2553333936702691,10383.0,0.003106541959246509,0.01277165757246252,823355.0,0.2403562828360556,16638.0,0.004978006849460023,0.02422306534316737,703504.0,0.20536901628130813,20620.0,0.006169401444636715,0.024983310131083625,845971.0,0.24695841398558432,-5.551115123125783e-17
2024-10-11,-0.015773184925333195,-0.015773184925333247,3371528.54822,3371528.54822,0.0,178070.54822000008,0.05281596927720292,-7626.0,-0.002226204994088528,-0.008718816454393707,867034.0,0.25716347573499,-21906.0,-0.006394865801272396,-0.026605777580751923,801449.0,0.23771087461890997,-6670.0,-0.0019471265815067507,-0.009481111692328686,696834.0,0.20668192187424714,-17830.0,-0.005204987548465572,-0.02107637259433243,828141.0,0.24562775849464996,-5.204170427930421e-17
2024-10-14,0.022948938113203532,0.022948938113203612,3448901.54822,3448901.54822,0.0,178070.54822000008,0.05163109057488272,33096.0,0.009816319075059603,0.03817151345852642,900130.0,0.26099034356737805,11277.0,0.0033447736949917557,0.01407076432811071,812726.0,0.23564778194943053,16826.0,0.0049906147195115085,0.024146353363928855,713660.0,0.20692385387699003,16174.0,0.004797230623640743,0.01953049058071029,844315.0,0.2448069300313186,7.979727989493313e-17
2024-10-15,-0.01906896995477958,-0.01906896995477959,3383134.54822,3383134.54822,0.0,178070.54822000008,0.05263478164464076,-26346.0,-0.007638953919573998,-0.029269105573639362,873784.0,0.25827645562004975,-13974.0,-0.004051724818649019,-0.017193986657249798,798752.0,0.23609820674151277,-17083.0,-0.004953171252109717,-0.023937168960008966,696577.0,0.20589692489957176,-8364.0,-0.0024251199644468578,-0.009906255366776617,835951.0,0.2470936310942249,-1.0408340855860843e-17
2024-10-16,0.015087783022657675,0.015087783022657567,3434178.54822,3434178.54822,0.0,178070.54822000008,0.051852443231962246,27617.0,0.008163139717434646,0.03160620931488789,901401.0,0.262479363650796,5184.0,0.001532306778259087,0.0064901245943672125,803936.0,0.23409848635176386,13614.0,0.004024078796145681,0.01954414228434186,710191.0,0.20680083753015854,4629.0,0.0013682577308181546,0.005537405900585082,840580.0,0.24476886923531932,-1.0755285551056204e-16
2024-10-17,-0.01809166271573248,-0.018091662715732457,3372048.54822,3372048.54822,0.0,178070.54822000008,0.05280782458307073,-17568.0,-0.005115633841783162,-0.019489661094229983,883833.0,0.26210565695044574,-12410.0,-0.0036136734959317527,-0.015436552163356288,791526.0,0.2347314959085693,-12554.0,-0.003655604920864402,-0.017676934796413923,697637.0,0.2068881838514042,-19598.0,-0.005706750457153142,-0.02331485402936068,820982.0,0.24346683870651,2.42861286636753e-17
2024-10-18,0.008590327092203642,0.008590327092203575,3401015.54822,3401015.54822,0.0,178070.54822000008,0.05235805179226464,3842.0,0.0011393667514152702,0.0043469750507165944,887675.0,0.26100292321938523,10669.0,0.0031639520746615094,0.013479026589145524,802195.0,0.23586925394088457,4412.0,0.001308403463624199,0.006324205854907352,702049.0,0.20642334327681433,10044.0,0.002978604802502596,0.012234129371898531,831026.0,0.24434642777065121,-6.765421556309548e-17
2024-10-21,-0.00717393956424861,-0.0071739395642485704,3376616.86822,3376616.86822,0.0,178888.8682200001,0.05297872847336163,-11211.0,-0.003296368346762641,-0.012629622327991663,876464.0,0.2595686849310897,-3850.0,-0.0011320148189310649,-0.004799331833282431,798345.0,0.23643339803039348,-1666.0,-0.0004898536852828972,-0.002373053732716662,700383.0,0.2074215190334017,-7671.68,-0.0022557027132719667,-0.009231576388705047,822536.0,0.2435976695317535,3.9898639947466563e-17
2024-10-22,0.008306835242100297,0.008306835242100229,3404665.86822,3404665.86822,0.0,178888.8682200001,0.052542268505639096,1202.0,0.00035597760921973954,0.0013714197046313368,877666.0,0.25778329914613746,14041.0,0.004158304168930419,0.017587634418703695,812386.0,0.23860961146966386,6531.0,0.0019341844973495166,0.009324897948693785,706914.0,0.20763094745904775,6275.0,0.001858368966600554,0.007628845424394798,828811.0,0.24343387341951186,-6.765421556309548e-17
2024-10-23,0.004211867053931284,0.004211867053931235,3419005.86822,3419005.86822,0.0,178888.8682200001,0.05232189563720552,1396.0,0.00041002555141478406,0.0015905822944035659,879062.0,0.2571104098331532,2515.0,0.0007386921646190415,0.003095818982601867,814901.0,0.23834442858802493,887.0,0.00026052483102071165,0.001254749516914363,707801.0,0.20701953353724273,9542.0,0.0028026245068766974,0.011512878086801454,838353.0,0.24520373240437363,-4.9439619065339e-17
2024-10-24,-0.004008475132315281,-0.004008475132315314,3405300.86822,3405300.86822,0.0,178888.8682200001,0.05253247073980511,-2474.0,-0.0007236021508462668,-0.0028143634919948765,876588.0,0.2574186639955268,-1922.0,-0.000562151711368846,-0.00235856870957331,812979.0,0.23873925725246,-2882.0,-0.0008429350843730562,-0.004071765934210322,704919.0,0.20700637837280772,-6427.0,-0.001879786185727145,-0.007666221746686659,831926.0,0.24430322963940032,-3.2959746043559335e-17
2024-10-25,0.00035591568760073855,0.00035591568760076403,3406512.86822,3406512.86822,0.0,181300.8682200001,0.05322183571105515,-7502.0,-0.0022030358815024187,-0.008558182407242628,869086.0,0.25512482518644414,1949.0,0.0005723429662820867,0.002397355897261799,812516.0,0.23851840032078397,3216.0,0.0009444099433366807,0.00456222629834066,708135.0,0.20787680170133063,3549.0,0.0010421986594844155,0.004266004428278476,835475.0,0.2452581370803861,2.5478751053409354e-17
2024-10-28,0.00807306505622285,0.008073065056222746,3434013.86822,3434013.86822,0.0,181300.8682200001,0.05279561329027954,-5445.0,-0.0015984087571772972,-0.006265202753237309,863641.0,0.25149607227639503,9814.0,0.0028809519821741034,0.012078531376612892,822330.0,0.23946612668348066,4199.0,0.0012326388193549074,0.005929660304885368,712334.0,0.2074348058382286,18933.0,0.0055578830118710315,0.022661360304018673,854408.0,0.2488073819116162,-1.0408340855860843e-16
2024-10-29,-0.010601005527933305,-0.010601005527933348,3397609.86822,3397609.86822,0.0,181300.8682200001,0.05336129669148365,-1682.0,-0.0004898058262274446,-0.001947568492000727,861959.0,0.2536956959250823,-15175.0,-0.0044190269994063445,-0.018453662155095887,807155.0,0.23756553321493223,-8778.0,-0.002556192355900421,-0.012322871012755253,703556.0,0.20707380402347117,-10769.0,-0.003135980346399138,-0.012604048651229858,843639.0,0.24830367014503066,-4.336808689942018e-17
2024-10-30,-0.005185409945030028,-0.005185409945029983,3379991.86822,3379991.86822,0.0,181300.8682200001,0.0536394391728162,-10778.0,-0.003172230014050015,-0.012504075019809527,851181.0,0.25182930408890486,-846.0,-0.00024899857041068034,-0.0010481258246557352,806309.0,0.23855353250439187,-5083.0,-0.001496051694323272,-0.007224726958479495,698473.0,0.20664931373572676,-911.0,-0.0002681296662460163,-0.0010798457634130238,842728.0,0.24932841049816032,4.5102810375396984e-17
2024-10-31,1.0710084938470033e-05,1.0710084938477608e-05,3380028.0682200002,3380028.0682200002,0.0,182928.0682200001,0.054120280816583335,-3439.0,-0.001017458069155378,-0.004040268755999018,847742.0,0.2508091598323443,4387.2,0.0012979912884555028,0.005441090202391391,809069.0,0.239367538869603,-3865.0,-0.001143493875337463,-0.005533499505349527,694608.0,0.2055036188991757,2953.0,0.000873670740975816,0.0035040962208446854,845681.0,0.25019940158229365,7.575862680242462e-18
2024-11-01,0.00507451407320203,0.005074514073201953,3397180.0682200002,3397180.0682200002,0.0,182928.0682200001,0.05384703328836137,6898.0,0.0020408114550458877,0.008136909578621798,854640.0,0.2515733587380314,-3483.0,-0.0010304648155878265,-0.004304948032862463,805586.0,0.2371337355756058,10516.0,0.0031112167673619244,0.015139474351000852,705124.0,0.2075615616011369,3221.0,0.0009529506663819665,0.003808764770640466,848902.0,0.24988431079686454,-7.719519468096792e-17
2024-11-04,0.005299689636243832,0.005299689636243935,3415184.0682200002,3415184.0682200002,0.0,182928.0682200001,0.05356316513719933,4033.0,0.0011871610921446228,0.004718945988954414,858673.0,0.25142802930898595,4235.0,0.001246622173377753,0.005257042699351776,809821.0,0.23712367586151223,7945.0,0.002338704407907024,0.011267521740856927,713069.0,0.20879372407345903,1791.0,0.000527201962814535,0.002109784168254993,850693.0,0.24909140561884344,1.0321604682062002e-16
2024-11-05,0.01145794757129881,0.011457947571298886,3454315.0682200002,3454315.0682200002,0.0,182928.0682200001,0.05295639355626656,7544.0,0.0022089585361447137,0.008785649484728179,866217.0,0.2507637499454731,8450.0,0.0024742443836721674,0.010434404640037736,818271.0,0.23688371901224775,4555.0,0.0013337494872931032,0.006387881116694177,717624.0,0.2077471179749072,18582.0,0.005440995164188901,0.02184336770139169,869275.0,0.25164901951110535,7.632783294297951e-17
2024-11-06,-0.00299596296099669,-0.0029959629609967262,3443966.0682200002,3443966.0682200002,0.0,182928.0682200001,0.053115525703929405,-7613.0,-0.0022039101383774353,-0.008788790799534065,858604.0,0.24930675360682805,-3174.0,-0.0009188507525561512,-0.003878910532085336,815097.0,0.23667393460159133,-3973.0,-0.0011501556521441678,-0.005536325429472816,713651.0,0.20721777911384812,4411.0,0.001276953582081028,0.005074343562163872,873686.0,0.25368600697380306,-3.642919299551295e-17
2024-11-07,0.02147988642589449,0.02147988642589449,3517942.0682200002,3517942.0682200002,0.0,182928.0682200001,0.051998601646262355,16116.0,0.004679488613059852,0.018770003400869317,874720.0,0.24864536795587105,23894.0,0.006937931305562925,0.029314302469522033,838991.0,0.23848914613437924,15309.0,0.004445165746918172,0.021451661946805933,728960.0,0.20721205348581462,18657.0,0.0054173007603535404,0.021354353852528252,892343.0,0.2536548307776727,0.0
2024-11-08,-0.007775852890562485,-0.007775852890562526,3490587.0682200002,3490587.0682200002,0.0,182928.0682200001,0.05240610379997854,-10945.0,-0.003111193927516244,-0.012512575452716298,863775.0,0.24745837394065515,-2576.0,-0.0007322462820723476,-0.0030703547475479476,836415.0,0.23962015089528302,-7230.0,-0.0020551788118723107,-0.009918239683933275,721730.0,0.20676464614533768,-6604.0,-0.0018772338691016239,-0.007400741643067744,885739.0,0.2537507252187456,-4.163336342344337e-17
2024-11-11,-0.004146007452946798,-0.004146007452946845,3476115.0682200002,3476115.0682200002,0.0,182928.0682200001,0.05262428447562045,-9219.0,-0.0026411030064066453,-0.0106729182946948,854556.0,0.24583651094081557,3838.0,0.0010995285105313704,0.0045886312416683105,840253.0,0.24172186003907656,-3372.0,-0.0009660266121708654,-0.004672107297742923,718358.0,0.2066554144215504,-5719.0,-0.0016384063449007055,-0.006456755319569309,880020.0,0.253161930122937,-4.683753385137379e-17
2024-11-12,-0.009210281987700242,-0.009210281987700223,3444099.0682200002,3444099.0682200002,0.0,182928.0682200001,0.053113474553605704,-7251.0,-0.002085949359470712,-0.00848510805611335,847305.0,0.2460164423893617,-5402.0,-0.0015540337111930474,-0.0064290160225551115,834851.0,0.24240040238780722,-7757.0,-0.002231514161000457,-0.01079823709069851,710601.0,0.2063242043636268,-11606.0,-0.003338784756036007,-0.013188336628712985,868414.0,0.2521454763055985,1.9081958235744878e-17
2024-11-13,0.002925002968978685,0.0029250029689786203,3454173.0682200002,3454173.0682200002,0.0,182928.0682200001,0.05295857057743385,7497.0,0.0021767666526139283,0.008848053534441553,854802.0,0.2474693604279925,-3402.0,-0.0009877764642113626,-0.004074978648884652,831449.0,0.2407085526923123,3618.0,0.0010504924301930362,0.005091464830474486,714219.0,0.20676989423927458,2361.0,0.0006855203503830179,0.002718749352267467,870775.0,0.25209362206298674,-6.461844948013606e-17
2024-11-14,-0.00896828253483073,-0.0089682825348307,3423195.0682200002,3423195.0682200002,0.0,182928.0682200001,0.053437816009450904,2008.0,0.0005813258225172718,0.0023490820096349796,856810.0,0.25029540617021445,-13830.0,-0.0040038526520985405,-0.016633611923280923,817619.0,0.23884674513309204,-2761.0,-0.0007993230059612488,-0.0038657610620831985,711458.0,0.20783448965704002,-16395.0,-0.004746432699288183,-0.018828055467830382,854380.0,0.24958554303020256,2.949029909160572e-17
2024-11-15,0.001134028275525223,0.0011340282755252303,3427077.0682200002,3427077.0682200002,0.0,182928.0682200001,0.05337728465937641,-243.0,-7.098631400119293e-05,-0.0002836101352691962,856567.0,0.24994097971800058,-12511.0,-0.00365477273444002,-0.015301748124737806,805108.0,0.23492556017077476,11398.0,0.0033296378888296174,0.01602062244011593,722856.0,0.2109249327081653,5238.0,0.0015301494351368254,0.006130761487862544,859618.0,0.2508312427436829,7.37257477290143e-18
2024-11-18,0.015671080320319275,0.015671080320319296,3480783.0682200002,3480783.0682200002,0.0,182928.0682200001,0.052553711229567,21455.0,0.006260436976733522,0.025047661187040826,878022.0,0.2522484115762497,10099.0,0.0029468260558392838,0.012543658738951793,815207.0,0.23420218497468154,6263.0,0.0018275048606516918,0.00866424294741968,729119.0,0.20946981920733607,15889.0,0.0046363124270948,0.018483791637680925,875507.0,0.2515258730121656,2.0816681711721685e-17
2024-11-19,0.0011695644112867942,0.0011695644112868614,3484854.0682200002,3484854.0682200002,0.0,182928.0682200001,0.05249231808247179,-771.0,-0.00022150188187230907,-0.0008781101156918619,877251.0,0.2517324923301835,2938.0,0.0008440629428545318,0.003603992605559079,818145.0,0.23477166733064767,4398.0,0.0012635087892015763,0.006031937173492942,733517.0,0.2104871497171952,-2494.0,-0.0007165054388969374,-0.0028486351336996733,873013.0,0.2505163725395018,6.722053469410127e-17
2024-11-20,0.004086254322630323,0.004086254322630368,3499094.0682200002,3499094.0682200002,0.0,182928.0682200001,0.052278694042957284,-4504.0,-0.0012924501031690435,-0.0051342204226612455,872747.0,0.2494208452200798,3649.0,0.0010471026701740318,0.004460089592920571,821794.0,0.23485907608595646,5768.0,0.001655162565514885,0.00786348509986817,739285.0,0.21127897266736717,9327.0,0.0026764391901104947,0.010683689704506118,882340.0,0.25216241198363926,4.5102810375396984e-17
2024-11-21,-0.002574952208868053,-0.002574952208867998,3490084.0682200002,3490084.0682200002,0.0,182928.0682200001,0.05241365670406226,-1069.0,-0.0003055076483107536,-0.0012248681462096117,871678.0,0.24975845365368807,1241.0,0.0003546632287686111,0.0015101108063577976,823035.0,0.23582096703468844,-820.0,-0.00023434637195025068,-0.0011091798156326721,738465.0,0.21158945904034604,-8362.0,-0.0023897614173756052,-0.009477072330394179,873978.0,0.25041746356721517,5.5077470362263625e-17
2024-11-22,-0.022847014123836717,-0.02284701412383676,3410346.0682200002,3410346.0682200002,0.0,182928.0682200001,0.05363915114792962,-20064.0,-0.00574885865435126,-0.023017673957585257,851614.0,0.24971483332320357,-23787.0,-0.006815595136117096,-0.0289015655470302,799248.0,0.23435979340863797,-11349.0,-0.003251784134182239,-0.015368365460786902,727116.0,0.2132088607592577,-24538.0,-0.007030776199186165,-0.028076221598255333,849440.0,0.2490773613609711,-4.163336342344337e-17
2024-11-25,0.0020939223929632433,0.00209392239296324,3417487.0682200002,3417487.0682200002,0.0,182928.0682200001,0.053527069618226314,1006.0,0.0002949847258536647,0.0011812863574342366,852620.0,0.24948741077287748,97.0,2.8442861240363293e-05,0.00012136408223730307,799345.0,0.23389847102372188,2700.0,0.0007917085087523804,0.0037133002161965903,729816.0,0.21355340501116366,3338.0,0.0009787862971168317,0.003929647767941232,852778.0,0.24953364357401062,-3.469446951953614e-18
2024-11-26,0.0040995034422461885,0.004099503442246269,3431497.0682200002,3431497.0682200002,0.0,182928.0682200001,0.0533085311114339,9407.0,0.002752607343412609,0.01103305106612559,862027.0,0.2512101811140856,-4668.0,-0.001365915922084624,-0.0058397813209565335,794677.0,0.23158317906190665,4851.0,0.001419464039852723,0.00664688085764083,734667.0,0.21409518510271944,4420.0,0.0012933479810655609,0.005183060538616146,857198.0,0.24980292360985437,8.066464163292153e-17
2024-11-27,0.006859688215385962,0.006859688215385899,3455036.0682200002,3455036.0682200002,0.0,182928.0682200001,0.05294534256895408,8440.0,0.0024595678889441776,0.009790876619873856,870467.0,0.2519415088041196,6376.0,0.0018580811445388715,0.008023385601948967,801053.0,0.2318508357606508,1606.0,0.0004680173020905627,0.0021860244165043483,736273.0,0.21310139328858596,7117.0,0.002074021879812288,0.008302632530640529,864315.0,0.2501609195776895,-6.245004513516506e-17
2024-11-28,0.002366979631623023,0.0023669796316231288,3463214.0682200002,3463214.0682200002,0.0,182928.0682200001,0.052820317952225304,-2602.0,-0.0007531035707365348,-0.002989200050088056,867865.0,0.25059525137759087,1047.0,0.0003030359102848393,0.0013070296222597007,802100.0,0.23160566577747185,5491.0,0.001589274291665762,0.007457831538030052,741764.0,0.21418369912699245,4242.0,0.0012277730004090625,0.004907932871696083,868557.0,0.2507950657657195,1.0581813203458523e-16
2024-11-29,0.0025404147207457317,0.002540414720745789,3472012.0682200002,3472012.0682200002,0.0,182928.0682200001,0.052686472461998674,628.0,0.00018133444471793084,0.0007236148479314179,868493.0,0.2501411236295763,485.0,0.0001400433211595485,0.0006046627602543324,802585.0,0.23115847071679738,3515.0,0.0010149531420119856,0.00473870395435745,745279.0,0.21465334375467274,4170.0,0.0012040838128563242,0.004801066596665504,872727.0,0.2513605894369549,5.724587470723463e-17
2024-12-02,0.007336668047084105,0.007336668047084084,3497485.0682200002,3497485.0682200002,0.0,182928.0682200001,0.05230274458701234,-2525.0,-0.0007272440159732781,-0.0029073348892852333,865968.0,0.24759734011980306,10684.0,0.003077178244221189,0.013311985646380134,813269.0,0.23252965606337891,-4036.0,-0.0011624383558289705,-0.005415421607210186,741243.0,0.2119360013100059,21350.0,0.006149172174665143,0.024463549311525827,894077.0,0.25563425791979977,-2.0816681711721685e-17
2024-12-03,0.008667084893496657,0.008667084893496746,3527798.0682200002,3527798.0682200002,0.0,182928.0682200001,0.05185332739645697,13708.0,0.003919387712204446,0.015829684237754743,879676.0,0.2493555421792758,5073.0,0.001450470810038894,0.006237788480810163,818342.0,0.2319696264284497,4869.0,0.0013921431843247338,0.00656869609561237,746112.0,0.2114950985208916,6663.0,0.0019050831869286715,0.007452378262722339,900740.0,0.25532640547492585,8.847089727481716e-17
2024-12-04,-0.0017421632080832916,-0.0017421632080832365,3521652.0682200002,3521652.0682200002,0.0,182928.0682200001,0.05194382201205359,3210.0,0.0009099160263500145,0.003649070794246973,882886.0,0.2507022223936648,-6615.0,-0.0018751073253287683,-0.008083417446495475,811727.0,0.23049608089486334,8598.0,0.002437214328522562,0.011523739063304169,754710.0,0.21430566830001013,-11339.0,-0.003214186237627045,-0.012588538312942692,889401.0,0.2525522063994081,5.5077470362263625e-17
2024-12-05,-0.0008368231565503148,-0.0008368231565503701,3518705.0682200002,3518705.0682200002,0.0,182928.0682200001,0.05198732621047365,-2289.0,-0.0006499790313348481,-0.002592633703558557,880597.0,0.2502616681214108,-2024.0,-0.000574730257501849,-0.0024934491522396077,809703.0,0.2301139152903209,-1798.0,-0.0005105558315159707,-0.0023823720369413417,752912.0,0.21397417100969873,3164.0,0.0008984419638022977,0.0035574504638515134,892565.0,0.2536629193680958,-5.5294310796760726e-17
2024-12-06,0.0150890736707463,0.015089073670746309,3571799.0682200002,3571799.0682200002,0.0,182928.0682200001,0.05121454615059351,9385.0,0.002667174377518253,0.01065754255351767,889982.0,0.2491691114202348,12041.0,0.003421997515151548,0.014870884756509486,821744.0,0.23006445332030245,12038.0,0.0034211449287762092,0.01598858830779693,764950.0,0.21416378284157275,19630.0,0.005578756849300298,0.021992796042865227,912195.0,0.25538810626729647,8.673617379884035e-18
2024-12-09,0.0025326172685598003,0.0025326172685598627,3580845.0682200002,3580845.0682200002,0.0,182928.0682200001,0.05108516697454651,2088.0,0.0005845793562627673,0.0023461148652444658,892070.0,0.24912275817714685,642.0,0.0001797413537934371,0.0007812652115500691,822386.0,0.22966254734075922,3961.0,0.0011089649569716578,0.005178116216746192,768911.0,0.2147289216235813,2355.0,0.0006593316015320005,0.002581684837123641,914550.0,0.2554006058839661,6.245004513516506e-17
2024-12-10,-0.0044517424508188075,-0.004451742450818768,3564904.0682200002,3564904.0682200002,0.0,182928.0682200001,0.051313601914493676,4379.0,0.0012228956898648379,0.004908807604784378,896449.0,0.2514651117800227,-5992.0,-0.0016733480186504018,-0.007286116251978998,816394.0,0.2290086870157029,-6819.0,-0.001904299088647712,-0.008868386588304758,762092.0,0.2137762995626757,-7509.0,-0.0020969910333854917,-0.00821059537477448,907041.0,0.254436299727105,3.9898639947466563e-17
2024-12-11,0.0023739769256190257,0.0023739769256191172,3573367.0682200002,3573367.0682200002,0.0,182928.0682200001,0.051192073114146086,-8023.0,-0.0022505514444336734,-0.008949756204759,888426.0,0.2486243319084908,6716.0,0.001883921662821457,0.008226420086379862,823110.0,0.2303457731282041,299.0,8.387322471465391e-05,0.0003923410821790545,762391.0,0.21335367608337238,9471.0,0.0026567334825166795,0.010441644865006101,916512.0,0.2564841457657866,9.150666335777657e-17
2024-12-12,0.007873246566302061,0.007873246566302066,3601501.0682200002,3601501.0682200002,0.0,182928.0682200001,0.05079217380613194,12429.0,0.0034782320883119497,0.01398991024576048,900855.0,0.25013320361035934,3806.0,0.0010651018849557711,0.004623926328194287,826916.0,0.22960315277893104,7472.0,0.002091025035309911,0.009800745286867238,769863.0,0.21376170252824492,4427.0,0.001238887557724435,0.004830269543661185,920939.0,0.2557097672763327,5.204170427930421e-18
2024-12-13,-0.01615687428596524,-0.016156874285965222,3543312.0682200002,3543312.0682200002,0.0,182928.0682200001,0.05162629333743525,-13474.0,-0.00374121782689332,-0.014956902054159659,887381.0,0.2504382856816165,-16244.0,-0.004510341574889052,-0.01964407509347987,810672.0,0.22878933167386664,-2974.0,-0.0008257667965845876,-0.003863024979769128,766889.0,0.2164328134905855,-25497.0,-0.007079548087598262,-0.02768587278853431,895442.0,0.25271327581649605,1.734723475976807e-17
2024-12-16,0.017455702125348305,0.01745570212534826,3605163.0682200002,3605163.0682200002,0.0,182928.0682200001,0.05074058087206533,10080.0,0.0028447960004447863,0.011359269580935359,897461.0,0.24893769935436208,16208.0,0.004574251346746934,0.01999328951783212,826880.0,0.22935994415594096,25522.0,0.0072028654289039516,0.03327991404231903,792411.0,0.21979893419668312,10041.0,0.0028337893492525893,0.01121345659462031,905483.0,0.25116284142094847,-4.5102810375396984e-17
2024-12-17,-0.010043373715652004,-0.010043373715651982,3568955.0682200002,3568955.0682200002,0.0,182928.0682200001,0.051255357583202814,-6146.0,-0.0017047772552031893,-0.006848208445826615,891315.0,0.24974116596108878,-10156.0,-0.002817070908532963,-0.012282314241486068,816724.0,0.228841211051541,-2011.0,-0.0005578111064454301,-0.0025378244370661183,790400.0,0.2214653826937105,-17895.0,-0.0049637144454703986,-0.01976293315280353,887588.0,0.24869688271045687,2.2551405187698492e-17
2024-12-18,0.005464624694680564,0.00546462469468046,3588458.0682200002,3588458.0682200002,0.0,182928.0682200001,0.050976788565551996,11505.0,0.0032236326263804897,0.012907894515407012,902820.0,0.25158995391238614,6489.0,0.0018181792362088657,0.007945156503298544,823213.0,0.22940577383097085,-1657.0,-0.00046428155253476505,-0.002096406882591093,788743.0,0.21979997676028132,3166.0,0.0008870943846258697,0.0035669702609769397,890754.0,0.24822750693080967,-1.0408340855860843e-16
2024-12-19,-0.010994973119351825,-0.010994973119351803,3549003.0682200002,3549003.0682200002,0.0,182928.0682200001,0.05154350805105039,-11091.0,-0.0030907425387588605,-0.012284840832059546,891729.0,0.25126182842305794,-15030.0,-0.004188428487741923,-0.018257729166084598,808183.0,0.22772113308015357,-4840.0,-0.0013487687212688562,-0.006136346059489593,783903.0,0.22087977523027783,-8494.0,-0.0023670333715821623,-0.009535741630124592,882260.0,0.2485937552154602,2.2551405187698492e-17
2024-12-20,-0.002342066163433576,-0.0023420661634335743,3540691.0682200002,3540691.0682200002,0.0,184248.0682200001,0.052037318328544975,-2268.0,-0.0006390527019570917,-0.0025433736034153873,889461.0,0.2512111288057548,-6129.0,-0.0017269638493364265,-0.007583678449064136,802054.0,0.22652470507776154,7212.0,0.002032119967599006,0.009200117871726476,789795.0,0.22306238663093841,-7127.0,-0.002008169579739062,-0.0080781175617165,875133.0,0.24716446115700025,1.734723475976807e-18
2024-12-23,0.0002880793552295646,0.00028807935522959395,3541711.0682200002,3541711.0682200002,0.0,184248.0682200001,0.05202233176875149,14778.0,0.004173761481944058,0.01661455645610094,904239.0,0.25531134036138475,-4576.0,-0.0012924030681672764,-0.00570535150999808,797478.0,0.22516743591983576,-2204.0,-0.0006224773518882599,-0.002790597560126362,787591.0,0.2223758473883159,-6978.0,-0.0019708017066589283,-0.007973645148794527,868155.0,0.24512304456171208,2.9327668765732895e-17
2024-12-24,0.0129804490299954,0.012980449029995322,3587684.0682200002,3587684.0682200002,0.0,184248.0682200001,0.051355711572288264,11560.0,0.0032639590800414577,0.012784230717763778,915799.0,0.25526188554678564,11006.0,0.0031075375116726887,0.0138010076767008,808484.0,0.22534983143070417,14055.0,0.003968420836503693,0.01784555689437792,801646.0,0.22344386650459164,9352.0,0.0026405316017774835,0.010772269928756961,877507.0,0.24458870494563023,-7.806255641895632e-17
2024-12-25,0.0038841212701634653,0.0038841212701634944,3601619.0682200002,3601619.0682200002,0.0,184248.0682200001,0.05115701153566459,11726.0,0.0032684037326112044,0.012804119681283775,927525.0,0.25753001148408605,107.0,2.982425374291309e-05,0.00013234646573092356,808591.0,0.22450764078157315,2345.0,0.0006536250002535626,0.0029252313365251,803991.0,0.22323043741473472,-243.0,-6.77317164441858e-05,-0.0002769208678677207,877264.0,0.24357489878394142,2.905661822261152e-17
2024-12-26,-0.00770653405434063,-0.00770653405434063,3573863.0682200002,3573863.0682200002,0.0,184248.0682200001,0.051554316632440755,-2969.0,-0.0008243514774224431,-0.003200991887011132,924556.0,0.2586993352435533,-7772.0,-0.0021579183841452434,-0.009611781481614314,800819.0,0.2240765761624035,-8059.0,-0.002237604768119727,-0.010023744046886097,795932.0,0.22270914828206392,-8956.0,-0.0024866594246532167,-0.010209013478268799,868308.0,0.2429606236795384,0.0
2024-12-27,0.013510310573831896,0.013510310573831903,3622147.0682200002,3622147.0682200002,0.0,184248.0682200001,0.05086708649589524,2120.0,0.0005931956427910619,0.0022929925283054786,926676.0,0.2558361056431064,11671.0,0.003265653937270983,0.014573830041495019,812490.0,0.22431170924246177,16037.0,0.00448730119030201,0.02014870617087892,811969.0,0.224167871902291,18456.0,0.005164159803467849,0.02125513066791968,886764.0,0.24481722671624556,6.938893903907228e-18
2024-12-30,0.002869844819721301,0.002869844819721338,3632542.0682200002,3632542.0682200002,0.0,184248.0682200001,0.05072152359416016,13475.0,0.0037201692107498826,0.014541220448139372,940151.0,0.25881352021359744,-2890.0,-0.0007978693149586019,-0.0035569668549766766,809600.0,0.22287422548604263,-677.0,-0.0001869057184176379,-0.0008337756737018285,811292.0,0.2233400149987926,487.0,0.0001344506423476952,0.00054918783351602,887251.0,0.24425071570740714,3.686287386450715e-17
2024-12-31,-0.0012404536314725156,-0.0012404536314724655,3628036.0682200002,3628036.0682200002,0.0,184248.0682200001,0.05078451943571678,-10746.0,-0.0029582589267206204,-0.011430078785216418,929405.0,0.25617303205477443,-7630.0,-0.0021004574363370867,-0.009424407114624505,801970.0,0.22104796780409774,7265.0,0.001999976838137475,0.008954852260345227,818557.0,0.2256198628150914,6605.0,0.0018182858934477663,0.0074443421309189845,893856.0,0.24637461789031959,5.0090140368830305e-17
2025-01-02,-0.030840587275334452,-0.030840587275334404,3516145.30522,3516145.30522,0.0,27240.305220000126,0.007747206914219303,-28182.5847,-0.007768000143897973,-0.03032325487812095,870464.0,0.24756201022401614,-27841.7741,-0.007674062103153188,-0.034716727683080414,872390.0,0.24810976915682836,-24951.15,-0.00687731586203376,-0.03048187236808188,874472.0,0.24870189485678426,-30915.2542,-0.008521209166249483,-0.034586392215300896,871579.0,0.24787911884815197,4.85722573273506e-17
2025-01-03,-0.007569368638004725,-0.0075693686380047765,3489530.30522,3489530.30522,0.0,27240.305220000126,0.00780629564364329,-3922.0,-0.0011154260303683913,-0.004505642967428865,866542.0,0.24832625717671428,-11761.0,-0.0033448560793377484,-0.013481355815632916,860629.0,0.2466317597851442,-7883.0,-0.0022419437525226997,-0.00901458251379118,866589.0,0.24833972603810509,-3049.0,-0.000867142775775937,-0.0034982485810236366,868530.0,0.24889596135639316,-5.117434254131581e-17
2025-01-06,0.007930007072471934,0.007930007072472007,3517202.30522,3517202.30522,0.0,27240.305220000126,0.00774487870077074,9217.0,0.00264132969019133,0.010636530023934212,875759.0,0.24899307006033067,2777.0,0.0007958091081329417,0.003226709766926283,863406.0,0.24548090359163863,7761.0,0.0022240815585955207,0.00895580257769254,874350.0,0.24859246757070166,7917.0,0.0022687867155522143,0.009115401885945219,876447.0,0.2491886800765583,7.28583859910259e-17
2025-01-07,-0.0043668230221517446,-0.0043668230221517775,3501843.30522,3501843.30522,0.0,27240.305220000126,0.007778847551343757,-787.0,-0.0002237573877487759,-0.0008986490575603562,874972.0,0.24986040885830862,-3663.0,-0.0010414527462817868,-0.0042425000521191655,859743.0,0.24551155636188224,-4283.0,-0.00121772921439391,-0.004898496025619032,870067.0,0.24845971797282884,-6626.0,-0.001883883673727305,-0.007560069234078044,869821.0,0.2483894692556366,-3.2959746043559335e-17
2025-01-08,0.0026548874948635337,0.0026548874948634873,3511140.30522,3511140.30522,0.0,27240.305220000126,0.007758250269720654,877.0,0.0002504395324293082,0.0010023177884549447,875849.0,0.24944859044734793,1074.0,0.00030669561896131927,0.00124921051988792,860817.0,0.24516736022204136,3213.0,0.0009175167818647289,0.0036928190587621414,873280.0,0.24871691931584097,4133.0,0.0011802355616081308,0.004751552330881871,873954.0,0.2489088797450491,-4.640385298237959e-17
2025-01-09,-0.012707837375129927,-0.012707837375129979,3466521.30522,3466521.30522,0.0,27240.305220000126,0.007858109851793148,-10540.0,-0.003001873774263654,-0.012034037830721963,865309.0,0.2496188321984318,-9609.0,-0.0027367177511289803,-0.011162651295223026,851208.0,0.24555106547830052,-13069.0,-0.00372215259543185,-0.014965417735434226,860211.0,0.2481481936097339,-11401.0,-0.0032470932543054954,-0.013045309020840914,862553.0,0.24882379886174066,-5.204170427930421e-17
2025-01-10,-0.015120345552491421,-0.015120345552491426,3414106.30522,3414106.30522,0.0,27240.305220000126,0.007978751328964492,-8928.0,-0.0025754926088456254,-0.01031770153783215,856381.0,0.25083606760886024,-14722.0,-0.0042469088471578514,-0.017295420155825605,836486.0,0.24500877395676116,-8641.0,-0.002492700675743173,-0.010045209838051362,851570.0,0.24942691406474118,-20124.0,-0.0058052434207447766,-0.02333074025596108,842429.0,0.24674949304067295,-5.204170427930421e-18
2025-01-13,-0.007066856694857737,-0.007066856694857746,3389979.30522,3389979.30522,0.0,27240.305220000126,0.008035537319668773,-12099.0,-0.0035438263833499346,-0.014128057488430967,844282.0,0.24905225784120488,-104.0,-3.0461851712405422e-05,-0.00012432963612062843,836382.0,0.24672186013410521,-14380.0,-0.004211936804080672,-0.016886456779830195,837190.0,0.24696020967174276,2456.0,0.0007193683442852665,0.0029153792189015337,844885.0,0.24923013503327843,-8.673617379884035e-18
2025-01-14,0.018383003077346416,0.018383003077346437,3452297.30522,3452297.30522,0.0,27240.305220000126,0.007890486482381394,12698.0,0.0037457455803482954,0.01503999848391888,856980.0,0.24823470409231987,19124.0,0.005641332373490376,0.02286515013474704,855506.0,0.24780774202338934,15039.0,0.004436310267983778,0.017963664162257073,852229.0,0.246858519024824,15457.0,0.0045596148555239885,0.018294797516821816,860342.0,0.24920854837708542,2.0816681711721685e-17
2025-01-15,0.0014969742009720566,0.0014969742009721453,3457465.30522,3457465.30522,0.0,27240.305220000126,0.007878692283295902,2428.0,0.0007032997987539414,0.0028332049756120328,859408.0,0.24856590714084273,-3697.0,-0.0010708811186133942,-0.004321419136744804,851809.0,0.24636805428356975,4203.0,0.0012174501870522304,0.004931773032835071,856432.0,0.24770516097644685,2234.0,0.0006471053337793678,0.0025966418005862785,862576.0,0.24948218531584482,8.868773770931426e-17
2025-01-16,0.005814375048000864,0.0058143750480009046,3477568.30522,3477568.30522,0.0,27240.305220000126,0.007833147426352804,15682.0,0.004535692657949072,0.01824744475266695,875090.0,0.251638479303612,3887.0,0.001124233985553376,0.004563229550286508,855696.0,0.24606159387741097,2683.0,0.0007760020023770794,0.00313276477291834,859115.0,0.24704475213626326,-2149.0,-0.0006215535978786223,-0.0024913746730722856,860427.0,0.247422027256361,4.0766001685454967e-17
2025-01-17,-0.0019536639984329973,-0.001953663998433007,3470774.30522,3470774.30522,0.0,27240.305220000126,0.007848480720578995,-846.0,-0.00024327343872156663,-0.0009667577049217794,874244.0,0.2518873090322088,-5057.0,-0.0014541770444621307,-0.005909809091079075,850639.0,0.245086232982839,-5203.0,-0.001496160403863252,-0.006056232285549665,853912.0,0.24602925022111846,4312.0,0.0012399468886139424,0.005011465237608768,864739.0,0.24914872704325478,-9.540979117872439e-18
2025-01-20,2.593081315227508e-06,2.5930813151590168e-06,3470783.30522,3470783.30522,0.0,27240.305220000126,0.00784846036888306,638.0,0.0001838206532301614,0.0007297733813443387,874882.0,0.2520704760461974,-841.0,-0.00024230904289430368,-0.0009886685186077761,849798.0,0.24484328904138672,4467.0,0.0012870326927572587,0.0052312182051546295,858379.0,0.24731564160430655,-4255.0,-0.0012259512217779574,-0.004920559845224976,860484.0,0.24792213293922627,-6.849108411498273e-17
2025-01-21,-0.007549304492905806,-0.007549304492905861,3444581.30522,3444581.30522,0.0,27240.305220000126,0.007908161487934549,-1676.0,-0.0004828881127436922,-0.0019156869154926036,873206.0,0.25350134678973113,-4417.0,-0.0012726233854348976,-0.005197705807733132,845381.0,0.24542344194892124,-10638.0,-0.0030650141666869915,-0.012393127045279532,847741.0,0.24610857601628194,-9471.0,-0.00272877882804028,-0.01100659628767066,851013.0,0.24705847375713116,-5.4643789493269423e-17
2025-01-22,-0.010807629926918527,-0.0108076299269186,3407353.54522,3407353.54522,0.0,30002.545220000124,0.008805233980515213,-19412.760000000002,-0.005635738651481806,-0.02223159254517262,851031.0,0.24976304592573534,-3331.0,-0.0009670260925332562,-0.003940235231215275,842050.0,0.2471272760002461,-6478.0,-0.0018806349526960173,-0.007641484840299101,841263.0,0.24689630495789447,-8006.0,-0.0023242302302075198,-0.009407611869618913,843007.0,0.24740813913560888,-7.28583859910259e-17
2025-01-23,0.011744305211925488,0.011744305211925477,3447370.54522,3447370.54522,0.0,30002.545220000124,0.008703023021879842,21324.0,0.006258229360999047,0.025056666560912585,872355.0,0.2530493860631188,3034.0,0.0008904271187990578,0.003603111454189181,845084.0,0.2451387191817146,7104.0,0.0020849025220660866,0.008444446029362994,848367.0,0.24609103920560996,8555.0,0.0025107462100612855,0.010148195685207834,851562.0,0.24701783252767684,-1.0408340855860843e-17
2025-01-24,0.002770227300700645,0.0027702273007007287,3456920.54522,3456920.54522,0.0,30002.545220000124,0.008678980273783164,4394.0,0.0012745946344794765,0.0050369402364862925,876749.0,0.2536213917940087,-431.0,-0.0001250228237279596,-0.0005100084725305413,844653.0,0.244336827807029,-2199.0,-0.0006378774695540211,-0.0025920385870737547,846168.0,0.2447750791293207,7786.0,0.0022585329595032327,0.009143198029033706,859348.0,0.24858772099585838,8.370040771588094e-17
2025-01-27,0.013103569899121759,0.013103569899121651,3502218.54522,3502218.54522,0.0,30002.545220000124,0.00856672558625705,10771.0,0.0031157788728738423,0.012285158009875119,887520.0,0.25341650971819873,10261.0,0.002968248724775647,0.012148183928784957,854914.0,0.2441064111109881,10314.0,0.0029835802891858515,0.012189068837393994,856482.0,0.2445541273170884,13952.0,0.00403596201228631,0.016235564637376243,873300.0,0.24935622626746773,-1.0755285551056204e-16
2025-02-05,-0.016552365094154475,-0.016552365094154475,3444248.54522,3444248.54522,0.0,30002.545220000124,0.008710911778314687,-17742.0,-0.005065931714688437,-0.019990535424553812,869778.0,0.2525305559632437,-5117.0,-0.0014610738690148085,-0.005985397361605963,849797.0,0.24672929053838635,-18603.0,-0.005311775881431011,-0.021720246309904937,837879.0,0.2432690292234647,-16508.0,-0.004713583629020219,-0.01890301156532692,856792.0,0.24876021249659053,0.0
2025-02-06,0.004406766759345704,0.004406766759345618,3459426.54522,3459426.54522,0.0,30002.545220000124,0.008672693242021743,1267.0,0.0003678596313144616,0.0014566935470890273,871045.0,0.25178884090010545,8040.0,0.0023343263107879013,0.009461083058659892,857837.0,0.24797086707486266,1504.0,0.000436669996445896,0.0017950085871587663,839383.0,0.2426364569468319,4367.0,0.001267910820797359,0.00509691967245259,861159.0,0.24893114183617826,-8.586881206085195e-17
2025-02-07,0.00442587804650918,0.004425878046509095,3474737.54522,3474737.54522,0.0,30002.545220000124,0.008634478094978117,-1472.0,-0.00042550404836139946,-0.00168992417154108,869573.0,0.25025573548604335,4061.0,0.0011738939812470403,0.0047339995826713,861898.0,0.2480469355694689,5848.0,0.001690453583435777,0.006967022205596253,845231.0,0.2432503143043815,6874.0,0.0019870345301876767,0.007982265760446097,868033.0,0.2498125365451281,-8.500145032286355e-17
2025-02-10,-0.002656603521810852,-0.002656603521810896,3465506.54522,3465506.54522,0.0,30002.545220000124,0.008657477580408227,-5062.0,-0.0014568006746188665,-0.005821247899831296,864511.0,0.24946165552404645,1062.0,0.0003056345943194856,0.0012321643628364378,862960.0,0.24901410190388684,-4289.0,-0.001234337829601011,-0.005074352455127652,840942.0,0.24266062955786874,-942.0,-0.00027109961191050416,-0.0010852121981537568,867091.0,0.25020613543378967,-4.423544863740858e-17
2025-02-11,0.006622697057564686,0.006622697057564786,3488457.54522,3488457.54522,0.0,30002.545220000124,0.008600518948872003,10341.0,0.0029839793591685524,0.011961675444268493,874852.0,0.2507847633687706,-2341.0,-0.000675514522755399,-0.002712756095299898,860619.0,0.24670473664764778,9345.0,0.0026965754870351146,0.011112538082293429,850287.0,0.24374296919998104,5606.0,0.0016176567341165172,0.0064652960300591285,872697.0,0.25016701183472856,9.974659986866641e-17
2025-02-12,-0.0012828019094375254,-0.0012828019094375373,3483982.54522,3483982.54522,0.0,30002.545220000124,0.008611565882028717,-747.0,-0.0002141347544915844,-0.0008538587098160603,874105.0,0.250892473958937,3000.0,0.0008599789337011423,0.0034858630822698546,863619.0,0.24788269998220264,-4250.0,-0.0012183034894099516,-0.004998312334541161,846037.0,0.24283617642136493,-2478.0,-0.0007103425992371435,-0.0028394734942368315,870219.0,0.2497770837554667,-1.1926223897340549e-17
2025-02-13,-0.0019018464972193616,-0.0019018464972193462,3477356.54522,3477356.54522,0.0,30002.545220000124,0.008627974965995893,-4227.0,-0.0012132666984223026,-0.004835803478987078,869878.0,0.25015496360180284,-2212.0,-0.0006349055918878952,-0.0025613146537998817,861407.0,0.24771891774632554,1167.0,0.00033496149445441854,0.0013793722969562797,847204.0,0.24363449332354856,-1354.0,-0.00038863570136356696,-0.0015559301738987542,868865.0,0.24986365036232716,1.5395670849294163e-17
2025-02-14,-0.0013254321033991934,-0.0013254321033992229,3472747.54522,3472747.54522,0.0,30002.545220000124,0.008639425938489707,-2811.0,-0.0008083726714374519,-0.0032314876338980867,867067.0,0.24967752153290224,500.0,0.00014378738374910209,0.0005804457126538326,861907.0,0.24819166633242778,668.0,0.00019209994468880038,0.0007884759750898249,847872.0,0.24415019777842414,-2966.0,-0.0008529467603996735,-0.003413648840728997,865899.0,0.2493411884177561,-2.949029909160572e-17
2025-02-17,0.007261109444799185,0.007261109444799148,3497963.54522,3497963.54522,0.0,30002.545220000124,0.008577146340189532,-3414.0,-0.0009830832663604177,-0.003937411987770265,863653.0,0.24690165830349772,14835.0,0.004271833701364029,0.0172118337593267,876742.0,0.2506435497871543,12223.0,0.0035196914952323917,0.014416091108091788,860095.0,0.24588449504436027,1572.0,0.0004526675145631449,0.001815454227340602,867471.0,0.24799315052479812,-3.729655473350135e-17
2025-02-18,-0.0014697122864603118,-0.001469712286460282,3492822.54522,3492822.54522,0.0,30002.545220000124,0.00858977083191908,8359.0,0.002389676133538513,0.009678655663790897,872012.0,0.2496582602495413,-6833.0,-0.0019534223017667975,-0.0077936268594409755,869909.0,0.249056168396098,2156.0,0.0006163586247049927,0.0025066998412966008,862251.0,0.2468636722412389,-8823.0,-0.0025223247429369904,-0.010170945195862455,858648.0,0.2458321282812027,2.992397996059992e-17
2025-02-19,-0.0017584632257958699,-0.0017584632257958406,3486680.54522,3486680.54522,0.0,30002.545220000124,0.008604902236062766,-5415.0,-0.0015503221048004685,-0.00620977692967528,866597.0,0.24854499537907052,-1303.0,-0.0003730507299270564,-0.001497857821910108,868606.0,0.2491211881142364,1342.0,0.0003842164846984725,0.0015563913524020267,863593.0,0.24768343093086825,-766.0,-0.00021930687576678833,-0.0008921001388228937,857882.0,0.24604548333976203,2.927345865710862e-17
2025-02-20,-0.002117773597045791,-0.002117773597045751,3479296.54522,3479296.54522,0.0,30002.545220000124,0.008623164145412913,306.0,8.776255697399781e-05,0.00035310530731124155,866903.0,0.2491604233019421,3058.0,0.0008770519582564878,0.003520583555720315,871664.0,0.25052880335754296,-6410.0,-0.0018384248045860325,-0.007422477949682316,857183.0,0.24636675513549802,-4338.0,-0.0012441633076902042,-0.005056639491212078,853544.0,0.245320854059604,4.0332320816460765e-17
2025-02-21,-0.0053726377608374065,-0.005372637760837376,3460603.54522,3460603.54522,0.0,30002.545220000124,0.008669743536916125,-8221.0,-0.0023628339502404145,-0.009483183239647343,858682.0,0.24813070575104298,-5136.0,-0.001476160463256875,-0.005892178637640192,866528.0,0.2503979403237051,-3855.0,-0.0011079825907039044,-0.004497289376947513,853328.0,0.24658357678060794,-1481.0,-0.0004256607566361822,-0.0017351185176159637,852063.0,0.24621803360772782,3.0357660829594124e-17
2025-02-24,0.0027616569985893236,0.0027616569985893704,3470160.54522,3470160.54522,0.0,30002.545220000124,0.008645866618859282,-3253.0,-0.0009400094398253868,-0.0037883640276609966,855429.0,0.24650992046414608,5706.0,0.0016488453315842782,0.006584899737804202,872234.0,0.2513526358892719,3734.0,0.0010790025356003671,0.004375808598803743,857062.0,0.24698050387915532,3370.0,0.0009738185712301117,0.003955106605966929,855433.0,0.2465110731485674,4.683753385137379e-17
2025-02-25,-0.009438756384086422,-0.009438756384086394,3437406.54522,3437406.54522,0.0,30002.545220000124,0.008728250448501984,-7713.0,-0.002222663735435622,-0.009016528548833393,847716.0,0.24661499559277317,-8785.0,-0.002531583160352903,-0.01007183852039705,863449.0,0.2511919927541587,-7338.0,-0.0021145995709356403,-0.00856180766385629,849724.0,0.24719915692882238,-8918.0,-0.0025699099173622296,-0.010425129729622309,846515.0,0.24626560427574373,2.7755575615628914e-17
2025-02-26,0.010682181323899753,0.010682181323899795,3474125.54522,3474125.54522,0.0,30002.545220000124,0.008635999139777835,4800.0,0.0013964016001176234,0.005662273685998613,852516.0,0.24539009569558148,14676.0,0.004269497892359634,0.016996950601598938,878125.0,0.2527614470375717,9404.0,0.002735783468230444,0.011067122971694338,859128.0,0.24729330843615077,7839.0,0.0022804983631920937,0.009260320254218768,854354.0,0.2459191496909182,4.163336342344337e-17
2025-02-27,0.004053394103553654,0.004053394103553691,3488207.54522,3488207.54522,0.0,30002.545220000124,0.008601135348472469,3451.0,0.0009933434917883672,0.004048017867113345,855967.0,0.24538878174636092,-2533.0,-0.0007291043363372745,-0.0028845551601423486,875592.0,0.25101488046485393,10971.0,0.0031579169656360986,0.012769924854038047,870099.0,0.24944014618405486,2193.0,0.0006312379824664993,0.0025668516797486755,856547.0,0.2455550562562578,3.729655473350135e-17
2025-02-28,-0.005835948617190501,-0.005835948617190463,3467850.54522,3467850.54522,0.0,30002.545220000124,0.008651625792050033,-5905.0,-0.001692846518863766,-0.006898630437855665,850062.0,0.24512648077400698,-5139.0,-0.0014732494937241142,-0.005869171943096785,870453.0,0.2510064919607943,-6782.0,-0.0019442650450354042,-0.007794515336760529,863317.0,0.24894873315402097,-2531.0,-0.0007255875595671789,-0.0029548874726080415,854016.0,0.24626666831912772,3.729655473350135e-17
2025-03-03,-0.0033874008832911473,-0.0033874008832911716,3456103.54522,3456103.54522,0.0,30002.545220000124,0.00868103192726834,-1744.0,-0.0005029051792338302,-0.002051615058666309,848318.0,0.2454550301808159,-1097.0,-0.0003163342784515549,-0.0012602633341490005,869356.0,0.2515422320614126,-6813.0,-0.0019646175379128927,-0.007891655093088633,856504.0,0.24782359347554755,-2093.0,-0.0006035438876928937,-0.0024507737559952038,851923.0,0.2464981123549556,-2.42861286636753e-17
2025-03-04,0.004860097442170419,0.004860097442170465,3472900.54522,3472900.54522,0.0,30002.545220000124,0.008639045325180636,5087.0,0.0014718887711091956,0.0059965720402019055,853405.0,0.24573263440400042,3212.0,0.0009293703032834157,0.0036946889421594835,872568.0,0.2512505004501143,5608.0,0.0016226365693690521,0.006547546771527045,862112.0,0.2482397606192858,2890.0,0.0008362017984088018,0.003392325362738182,854813.0,0.2461380592014188,4.597017211338539e-17
2025-03-05,-0.0007077657329931375,-0.0007077657329931662,3470442.54522,3470442.54522,0.0,30002.545220000124,0.008645164076069781,11287.0,0.0032500210855548684,0.013225842360895471,864692.0,0.24915900169302038,-4608.0,-0.0013268447915510619,-0.0052809637758891,867960.0,0.25010066834141403,-7643.0,-0.0022007540672362774,-0.008865437437363127,854469.0,0.24621326786605338,-1494.0,-0.00043018795976069584,-0.0017477506776335877,853319.0,0.2458818980234424,-2.873135757086587e-17
2025-03-06,-0.0019084021457500544,-0.0019084021457500173,3463819.54522,3463819.54522,0.0,30002.545220000124,0.008661694071621895,-5192.0,-0.0014960628024662675,-0.006004450139471627,859500.0,0.2481364830873168,141.0,4.0628824180998403e-05,0.00016244988248306373,868101.0,0.250619580110044,-4171.0,-0.0012018640117655629,-0.004881394175798069,850298.0,0.24547987818054604,2599.0,0.0007488958443008146,0.0030457542841539915,855918.0,0.24710236455047124,3.707971429900425e-17
2025-03-07,-0.003735760431820667,-0.003735760431820686,3450879.54522,3450879.54522,0.0,30002.545220000124,0.008694173420674236,-3497.0,-0.0010095791522470587,-0.004068644560791158,856003.0,0.2480535726567727,-2724.0,-0.000786415101721758,-0.003137883725511202,865377.0,0.25076998158300845,-4003.0,-0.0011556606652687949,-0.0047077612789868965,846295.0,0.24524037681125352,-2716.0,-0.0007841055125830744,-0.003173201171140226,853202.0,0.2472418955282911,-1.8648277366750676e-17
2025-03-10,0.0016013308861082542,0.0016013308861082564,3456405.54522,3456405.54522,0.0,30002.545220000124,0.008680273430729744,-5122.0,-0.0014842592831426872,-0.005983623889168612,850881.0,0.24617510557368388,154.0,4.462630410073679e-05,0.00017795712157822545,865531.0,0.2504136128345752,-3795.0,-0.0010997196367681565,-0.00448425194524368,842500.0,0.24375033223897194,14289.0,0.004140683501918364,0.016747499419832584,867491.0,0.25098067592203915,2.168404344971009e-18
2025-03-11,0.002434899461273732,0.0024348994612738133,3464821.54522,3464821.54522,0.0,30002.545220000124,0.008659189175670835,6203.0,0.0017946389446627216,0.00729009109381923,857084.0,0.24736742969704062,3093.0,0.0008948602701663386,0.0035735288510752358,868624.0,0.25069804856135713,-2347.0,-0.0006790291154479135,-0.0027857566765578635,840153.0,0.24248088654351005,1467.0,0.00042442936189266686,0.0016910838268062724,868958.0,0.2507944460224214,8.153200337090993e-17
2025-03-12,0.003207668809186659,0.003207668809186625,3475935.54522,3475935.54522,0.0,30002.545220000124,0.008631502175366486,1783.0,0.0005146008175976023,0.0020803095145866682,858867.0,0.24708944939473562,8549.0,0.002467370942031353,0.009842002984029914,877173.0,0.25235594520912835,-1457.0,-0.00042051227775642545,-0.0017342079359354784,838696.0,0.2412864073827114,2239.0,0.0006462093273140951,0.0025766492741881655,871197.0,0.25063669583805814,-3.382710778154774e-17
2025-03-13,0.005365461976315045,0.005365461976315098,3494585.54522,3494585.54522,0.0,30002.545220000124,0.008585437337780588,3881.0,0.0011165339372696459,0.0045187438800186755,862748.0,0.24688135083145776,12597.0,0.003624060295744841,0.014360907141464683,889770.0,0.2546138843895392,2581.0,0.0007425339067490224,0.0030773963390787603,841277.0,0.24073727459633207,-409.0,-0.00011766616344841154,-0.00046946901791443266,870788.0,0.24918205284489034,5.377642775528102e-17
2025-03-14,0.0069270016964131376,0.0069270016964132035,3518792.54522,3518792.54522,0.0,30002.545220000124,0.008526375122840418,6935.0,0.0019844985650690115,0.008038268416733507,869683.0,0.24715381450418134,1628.0,0.0004658635420234104,0.001829686323431898,891398.0,0.25332496546603556,4689.0,0.001341790017535486,0.005573669552359092,845966.0,0.24041371837881648,10955.0,0.003134849571785295,0.01258055921762817,881743.0,0.2505811265281262,6.591949208711867e-17
2025-03-17,0.0024767018481492986,0.0024767018481491993,3527507.54522,3527507.54522,0.0,30002.545220000124,0.008505310005829896,3239.0,0.0009204862060992837,0.0037243455373969594,872922.0,0.24746141257241688,5263.0,0.0014956835142638251,0.005904208894343492,896661.0,0.2541910934294197,-1341.0,-0.00038109663549834496,-0.0015851700895780682,844625.0,0.23943960124040592,1554.0,0.00044162876328443556,0.0017624183010242214,883297.0,0.25040258275192756,-9.93129189996722e-17
2025-03-18,0.008238961824300617,0.008238961824300627,3556570.54522,3556570.54522,0.0,30002.545220000124,0.008435807708165183,-2706.0,-0.0007671138800728588,-0.003099933327376329,870216.0,0.2446784026734863,-1878.0,-0.0005323872382767291,-0.0020944370280406976,894783.0,0.25158589956906113,6893.0,0.001954070944324544,0.00816101820334468,851518.0,0.2394210909564082,26754.0,0.0075843919983256715,0.030288793010731386,910051.0,0.25587879909287914,1.0408340855860843e-17
2025-03-19,0.007636851189836369,0.007636851189836273,3583731.54522,3583731.54522,0.0,30002.545220000124,0.008371872960188013,8064.0,0.0022673527482360628,0.009266664828042693,878280.0,0.24507416052730133,23678.0,0.006657537000586991,0.026462281916397608,918461.0,0.25628621686941033,4313.0,0.0012126850698340947,0.005065072024314225,855831.0,0.2388100194450982,-8894.0,-0.002500723628820876,-0.009773078651636007,901157.0,0.2514577301980021,-9.627715291671279e-17
2025-03-20,-0.0011381990945835696,-0.0011381990945835748,3579652.54522,3579652.54522,0.0,30002.545220000124,0.008381412676507745,833.0,0.00023243928555727333,0.000948444687343444,879113.0,0.24558612571879404,6343.0,0.0017699428430849756,0.00690611795166044,924804.0,0.2583502136918048,-1305.0,-0.00036414557941445583,-0.0015248337580667211,854526.0,0.23871758200137888,-9950.0,-0.002776435643811368,-0.011041361272231143,891207.0,0.24896466591151453,-5.204170427930421e-18
2025-03-21,-0.0004204318662183182,-0.00042043186621831894,3578147.54522,3578147.54522,0.0,30002.545220000124,0.00838493797162728,-8573.0,-0.0023949251754748495,-0.009751874901178802,870540.0,0.2432934888788873,-85.0,-2.3745321347878476e-05,-9.191136716536693e-05,924719.0,0.25843512273140323,4373.0,0.0012216269441679129,0.005117456929338604,858899.0,0.2400401294651451,2780.0,0.0007766116864364962,0.0031193650857769296,893987.0,0.24984632095293705,-7.589415207398531e-19
2025-03-24,0.0019018220780444572,0.0019018220780444644,3584952.54522,3584952.54522,0.0,30002.545220000124,0.00836902158161174,6591.0,0.0018420145946202887,0.0075711627265835,877131.0,0.24467018431513785,862.0,0.00024090677902635245,0.00093217507156228,925581.0,0.25818500756282653,1255.0,0.00035074014811841336,0.0014611729667865488,860154.0,0.2399345567759013,-1903.0,-0.0005318394437205901,-0.002128666300516674,892084.0,0.24884122976452255,7.15573433840433e-18
2025-03-25,0.009014624208370625,0.009014624208370597,3617269.54522,3617269.54522,0.0,30002.545220000124,0.008294252016592639,4381.0,0.001222052438557774,0.00499469292500208,881512.0,0.24369541417361723,15420.0,0.004301312166756648,0.01665980611097246,941001.0,0.2601412441722722,6418.0,0.0017902607967732924,0.007461454576738584,866572.0,0.23956522707718084,6098.0,0.001700998806282882,0.006835679151290686,898182.0,0.2483038625603371,-2.7755575615628914e-17
2025-03-26,0.0008395835483183678,0.0008395835483184296,3620306.54522,3620306.54522,0.0,30002.545220000124,0.008287294140771971,-6448.0,-0.0017825599998542096,-0.007314704734592383,875064.0,0.24170991850272275,-3295.0,-0.0009109080644416285,-0.0035015903277467292,937706.0,0.25901287316072213,10520.0,0.002908270967504076,0.01213978757679685,877092.0,0.24227009206114078,2260.0,0.0006247806451101913,0.0025161938226328294,900442.0,0.24871982213464236,6.179952383167375e-17
2025-03-27,-0.007121772611781152,-0.007121772611781196,3594523.54522,3594523.54522,0.0,30002.545220000124,0.008346737708784111,2774.0,0.0007662334571260535,0.003170053847490012,877838.0,0.24421539849623453,-18817.0,-0.005197626158161842,-0.020067057265283576,918889.0,0.2556358272355565,-5694.0,-0.001572794990942952,-0.006491907348373945,871398.0,0.24242378413650556,-4046.0,-0.0011175849198024558,-0.004493348822022962,896396.0,0.2493782524229193,-4.423544863740858e-17
2025-03-28,-0.0067658480168646395,-0.006765848016864642,3570203.54522,3570203.54522,0.0,30002.545220000124,0.008403595156407625,-5034.0,-0.0014004637712539724,-0.005734543275638557,872804.0,0.24446897465231684,-11244.0,-0.0031280919038497545,-0.012236516053625628,907645.0,0.25422780200171186,1097.0,0.0003051864833265013,0.0012588966235864668,872495.0,0.244382424965139,-9139.0,-0.0025424788250874163,-0.010195270840119768,887257.0,0.2485172032244246,-2.6020852139652106e-18
2025-03-31,0.003812947869100025,0.0038129478691000377,3583816.54522,3583816.54522,0.0,30002.545220000124,0.008371674398349639,5198.0,0.0014559393978977445,0.005955518077369031,878002.0,0.24499077698914468,6328.0,0.0017724479626581237,0.006971888789119094,913973.0,0.25502784209728396,3892.0,0.0010901339239357487,0.00446077054882836,876387.0,0.24454014008303573,-1805.0,-0.0005055734153915793,-0.00203435983035355,885452.0,0.24706956643218594,1.2576745200831851e-17
2025-04-01,0.011506801863226723,0.011506801863226652,3625054.8121200004,3625054.8121200004,0.0,27664.81212000019,0.007631556915361864,-2644.1341,-0.0007377983963846242,-0.0030115353951357744,888095.0,0.24498801977579623,20854.8391,0.005819170383544223,0.022817784661034846,906903.0,0.25017635511823505,15655.3844,0.004368355411741357,0.017863551604485235,904290.0,0.249455538431198,7372.1775,0.0020570744643256963,0.008325891747943423,898102.0,0.2477485297594088,-7.112366251504909e-17
2025-04-02,-0.001849903062866587,-0.0018499030628665735,3618348.8121200004,3618348.8121200004,0.0,27664.81212000019,0.007645700720542557,12228.0,0.0033731903746991444,0.013768797257050203,900323.0,0.24882150581621187,-19146.0,-0.005281575311906266,-0.021111408827625446,887757.0,0.2453486510273344,-2214.0,-0.0006107493858017587,-0.002448329628769532,902076.0,0.24930598094313391,2426.0,0.0006692312601423065,0.002701252196298416,900528.0,0.2488781614927772,1.3444106938820255e-17
2025-04-03,0.01240704042949825,0.012407040429498303,3663241.8121200004,3663241.8121200004,0.0,27664.81212000019,0.007552002717502818,6319.0,0.0017463766839819074,0.007018592216349022,906642.0,0.24749717504324562,14737.0,0.004072852222161951,0.016600263360356495,902494.0,0.24636484466137562,-701.0,-0.00019373477693801505,-0.0007770963865572303,901375.0,0.24605937752123277,24538.0,0.006781546300292459,0.02724845868201766,925066.0,0.2525266000566431,5.204170427930421e-17
2025-04-07,-0.05992178820239169,-0.059921788202391635,3443733.8121200004,3443733.8121200004,0.0,27664.81212000019,0.00803337703472773,-48303.0,-0.013185861725040196,-0.05327681708987671,858339.0,0.24924661626840347,-63493.0,-0.017332462135022195,-0.07035282229023129,839001.0,0.24363119967263142,-57883.0,-0.01580103170052588,-0.06421633615309943,843492.0,0.2449353074361857,-49829.0,-0.013602432641803365,-0.05386534582397364,875237.0,0.2541534995880516,5.551115123125783e-17
2025-04-08,0.026319107383100393,0.026319107383100403,3534369.8121200004,3534369.8121200004,0.0,27664.81212000019,0.007827367703609422,14140.0,0.004106008411635991,0.01647367764950678,872479.0,0.24685560549100152,21447.0,0.006227833267634873,0.025562544025573272,860448.0,0.2434516040311816,21497.0,0.006242352392145608,0.025485718892413918,864989.0,0.24473641581981448,33552.0,0.009742913311683931,0.03833475961368178,908789.0,0.25712900695439295,1.0408340855860843e-17
2025-04-09,0.018060928367230167,0.018060928367230146,3598203.8121200004,3598203.8121200004,0.0,27664.81212000019,0.007688506144875811,-8611.0,-0.00243636078218847,-0.009869578522806852,863868.0,0.2400831206643138,-2265.0,-0.000640849747027858,-0.00263234965971215,858183.0,0.23850316569321103,16143.0,0.004567433759942919,0.018662665074353546,881132.0,0.2448810701139389,58567.0,0.016570705136503557,0.06444510221844675,967356.0,0.2688441373836604,-2.0816681711721685e-17
2025-04-10,0.0069745910210721185,0.006974591021072223,3623299.8121200004,3623299.8121200004,0.0,27664.81212000019,0.007635253375241242,-362.0,-0.0001006057518978381,-0.000419045502322114,863506.0,0.23832032809196677,5725.0,0.0015910716287710583,0.006671071321617883,863908.0,0.23843127668050346,-4118.0,-0.001144459906948335,-0.004673533590880821,877014.0,0.24204842146001085,23851.0,0.006628585051147338,0.024655866092731113,991207.0,0.27356472039227764,1.0495077029659683e-16
2025-04-11,-0.0012524494895013172,-0.0012524494895013413,3618761.8121200004,3618761.8121200004,0.0,27664.81212000019,0.007644828136337924,-1645.0,-0.00045400604015639185,-0.0019050244005253004,861861.0,0.238164611197522,-8782.0,-0.002423757473953455,-0.01016543428235414,855126.0,0.23630347737615717,-5077.0,-0.001401208915424925,-0.005788961179639094,871937.0,0.24094898898283335,10966.0,0.0030265229400334307,0.011063279415904044,1002173.0,0.27693809430714955,-2.4069288229178198e-17
2025-04-14,0.005245716901405961,0.005245716901405865,3637744.8121200004,3637744.8121200004,0.0,27664.81212000019,0.0076049348013165685,6534.0,0.00180558996121719,0.007581268905310717,868395.0,0.23871795435093146,17173.0,0.004745545822464464,0.02008242060234398,872299.0,0.23979114672742607,6346.0,0.0017536384900343263,0.007278048758109818,878283.0,0.2414361219274629,-11070.0,-0.0030590573723101155,-0.011045997048413797,991103.0,0.27244984219286295,-9.627715291671279e-17
2025-04-15,-0.005114707314820333,-0.005114707314820365,3619138.8121200004,3619138.8121200004,0.0,27664.81212000019,0.007644031786610263,11180.0,0.0030733326765393786,0.012874325623708105,879575.0,0.2430343365262542,8153.0,0.002241223730932518,0.00934656579911246,880452.0,0.24327665936755086,-2387.0,-0.0006561757691323343,-0.002717802803879843,875896.0,0.24201779635164702,-35552.0,-0.009773087953159927,-0.03587114558224524,955551.0,0.2640271759679376,-3.209238430557093e-17
2025-04-16,0.01594495348085223,0.015944953480852172,3676845.8121200004,3676845.8121200004,0.0,27664.81212000019,0.007524060984229627,10963.0,0.003029173670621976,0.012463974078390132,890538.0,0.24220161668583337,-1016.0,-0.00028072976825247906,-0.0011539527424550117,879436.0,0.2391821808521619,9133.0,0.00252352851717509,0.010427036999826464,885029.0,0.24070332160317293,38627.0,0.010672981061307587,0.040423797369266525,994178.0,0.2703888198746021,-5.898059818321144e-17
2025-04-17,-0.006586079818788337,-0.006586079818788351,3652629.8121200004,3652629.8121200004,0.0,27664.81212000019,0.007573943581198399,1269.0,0.00034513277543947874,0.001424981303436799,891807.0,0.24415477227964466,-4336.0,-0.0011792716424787863,-0.004930432686403558,875100.0,0.23958080753113292,-2678.0,-0.0007283416647966305,-0.0030258895471221847,882351.0,0.24156595258359348,-18471.0,-0.005023599286952413,-0.01857916791560465,975707.0,0.2671245240244305,-1.3877787807814457e-17
2025-04-18,-0.003872004754785552,-0.003872004754785525,3638486.8121200004,3638486.8121200004,0.0,27664.81212000019,0.007603383919888668,7612.0,0.002083977953293319,0.008535479089085418,899419.0,0.2471958939095191,3760.0,0.0010293953106125697,0.004296651811221575,878860.0,0.24154546804250296,4495.0,0.0012306201918094418,0.005094344540891324,886846.0,0.24374033651733107,-30010.0,-0.008215998210500855,-0.030757184277657123,945697.0,0.25991491761075813,2.688821387764051e-17
2025-04-21,-0.005725182218775937,-0.00572518221877589,3617655.8121200004,3617655.8121200004,0.0,27664.81212000019,0.007647165334888008,-12571.0,-0.003455007713130993,-0.01397680057904047,886848.0,0.24514438245585718,9664.0,0.002656049203698824,0.0109960630817195,888524.0,0.2456076658877373,-9387.0,-0.002579918654296447,-0.010584701289739143,877459.0,0.2425490554022042,-8537.0,-0.0023463050550472744,-0.00902720427367328,937160.0,0.25905173091931327,4.683753385137379e-17
2025-04-22,0.010745356114245652,0.01074535611424566,3656528.8121200004,3656528.8121200004,0.0,27664.81212000019,0.007565867395411155,6315.0,0.001745605532412249,0.0071207241827235335,893163.0,0.2442652706685928,-2183.0,-0.0006034294342448043,-0.0024568835506975613,886341.0,0.2423995667864334,7229.0,0.0019982553276022405,0.008238561573817124,884688.0,0.24194749869537366,27512.0,0.007604924688475977,0.029356780058901362,964672.0,0.26382179645418896,8.673617379884035e-18
2025-04-23,0.000583613615439571,0.0005836136154394854,3658662.8121200004,3658662.8121200004,0.0,27664.81212000019,0.007561454427654651,-5777.0,-0.001579913709650378,-0.006468024313591136,887386.0,0.24254380509195025,-545.0,-0.00014904846317456396,-0.0006148874981525169,885796.0,0.2421092200859932,-4953.0,-0.001354563372667184,-0.005598583907547068,879735.0,0.2404526039091972,13409.0,0.0036671391609316116,0.013900061368009023,978081.0,0.26733291648520463,-8.565197162635485e-17
2025-04-24,0.001962192300481558,0.001962192300481539,3665841.8121200004,3665841.8121200004,0.0,27664.81212000019,0.007546646456084066,10327.0,0.00282261594749587,0.011637551189673941,897713.0,0.24488590779667108,17196.0,0.004700077838010941,0.019413047699470307,902992.0,0.24632595902379892,-209.0,-5.71246957515868e-05,-0.00023757154143008973,879526.0,0.23992470081281536,-20135.0,-0.005503376789273685,-0.02058622956585395,957946.0,0.2613167859106305,-1.8648277366750676e-17
2025-04-25,0.004082897399040775,0.004082897399040865,3680809.0681200004,3680809.0681200004,0.0,29873.068120000193,0.008115897229969082,9267.256000000001,0.0025280021547467255,0.010323183467321962,904772.0,0.24580791430785046,14735.0,0.004019540600820026,0.016317974024133104,917727.0,0.2493275209378724,4760.0,0.0012984739233052817,0.005412006012329368,884286.0,0.24024229011467182,-13795.0,-0.003763119279831168,-0.014400602956742864,944151.0,0.25650637740963617,9.020562075079397e-17
2025-04-28,0.006675434543131464,0.0066754345431315225,3705380.0681200004,3705380.0681200004,0.0,29873.068120000193,0.008062079347006607,7079.0,0.0019232184742512739,0.007824070594580734,911851.0,0.246088385870399,9374.0,0.002546722697786614,0.010214366581783036,927101.0,0.25020402305731176,3519.0,0.000956039809420855,0.003979481751379079,887805.0,0.23959890312964463,4599.0,0.0012494535616727799,0.004871042873438676,948750.0,0.25604660859563794,5.811323644522304e-17
2025-04-29,-0.007658593579685902,-0.0076585935796859165,3677002.0681200004,3677002.0681200004,0.0,29873.068120000193,0.008124300059280052,-3736.0,-0.001008263641331545,-0.004097160610669945,908115.0,0.2469715771643029,-24668.0,-0.006657346762410747,-0.026607672734685867,902433.0,0.24542629655397538,415.0,0.00011199930705369143,0.0004674449907355782,888220.0,0.2415609193426792,-389.0,-0.00010498248299731558,-0.0004100131752305665,948361.0,0.25791690687976243,-1.474514954580286e-17
2025-04-30,-0.016699201921144047,-0.01669920192114401,3615599.0681200004,3615599.0681200004,0.0,34481.06812000019,0.009536751025309141,-24249.0,-0.006594774642701839,-0.026702565203746222,879258.0,0.24318459636543355,-4482.0,-0.0012189277887166335,-0.004966573695775753,897951.0,0.24835469394755286,-1202.0,-0.0003268967429802306,-0.0013532683344216524,887018.0,0.24533085203532312,-31470.0,-0.008558602746745305,-0.03318356617364063,916891.0,0.25359310662638124,3.8163916471489756e-17
2025-05-06,0.006431852526196158,0.00643185252619613,3638854.0681200004,3638854.0681200004,0.0,34481.06812000019,0.009475804051085428,-6142.0,-0.0016987502995440393,-0.0069854354467062,873116.0,0.2399425708355191,13364.0,0.0036962062851036374,0.014882771999808453,911315.0,0.2504401064016363,3182.0,0.0008800754563902854,0.0035873003704547145,890200.0,0.2446374554558376,12851.0,0.003554321084246247,0.014015842668321534,929742.0,0.2555040632559215,-2.7755575615628914e-17
2025-05-07,0.007814548060370852,0.007814548060370925,3667290.0681200004,3667290.0681200004,0.0,34481.06812000019,0.009402329098466042,11519.0,0.003165557008982019,0.013192977794474045,884635.0,0.24122307850425895,2656.0,0.0007299001142335482,0.002914469749757219,913971.0,0.24922244573594313,5784.0,0.0015895113933459498,0.006497416310941362,895984.0,0.24431773417348393,8477.0,0.002329579543809408,0.009117583157478097,938219.0,0.2558344124878479,7.28583859910259e-17
2025-05-08,0.0027311720136538042,0.002731172013653832,3677306.0681200004,3677306.0681200004,0.0,34481.06812000019,0.009376719664139466,6531.0,0.0017808790356602612,0.0073827058617395875,891166.0,0.24234207963429136,6649.0,0.0018130553832652085,0.007274847889046808,920620.0,0.2503517474330499,643.0,0.00017533382635577215,0.0007176467436918517,896627.0,0.2438271341548665,-3807.0,-0.00103809623162741,-0.004057688023798281,934412.0,0.2541023191136527,2.7755575615628914e-17
2025-05-09,0.004536690634654894,0.004536690634654998,3693988.86812,3693988.86812,0.0,36069.868120000196,0.009764476669459324,10313.0,0.0028044986761932645,0.011572479201405798,901479.0,0.24403944683753043,4223.0,0.0011483950266231123,0.004587126067215572,924843.0,0.2503643170074535,11628.0,0.0031620974116915814,0.01296860344379547,908255.0,0.2458737782992407,-9481.2,-0.0025783004798529607,-0.010146701883109378,923342.0,0.24995798118631607,1.0408340855860843e-16
2025-05-12,-0.0018643802799289677,-0.0018643802799289523,3687101.86812,3687101.86812,0.0,36069.868120000196,0.009782715371081325,-2738.0,-0.0007412041827276712,-0.0030372310392144464,898741.0,0.24375269036389682,-6919.0,-0.0018730430022983044,-0.0074812697939001535,917924.0,0.2489554215837373,-5211.0,-0.001410670195834147,-0.005737375516787686,903044.0,0.24491973162120662,7981.0,0.0021605371009311702,0.008643601179194708,931323.0,0.2525894410600779,1.5395670849294163e-17
2025-05-13,0.014756033856949458,0.01475603385694937,3741508.86812,3741508.86812,0.0,36069.868120000196,0.009640460410862065,12128.0,0.003289304292041134,0.013494432767616032,910869.0,0.24344964347436795,3281.0,0.0008898587881090832,0.003574369991415411,921205.0,0.24621216532432777,1127.0,0.0003056601201459728,0.0012480012048139404,904171.0,0.24165945661765054,37871.0,0.01027121065665318,0.04066365804345002,969194.0,0.2590382741727917,-8.673617379884035e-17
2025-05-14,0.010676174080557876,0.010676174080557828,3781453.86812,3781453.86812,0.0,39345.868120000196,0.01040495785277463,8388.0,0.0022418762845842796,0.009208788530513169,919257.0,0.2430961825952463,-2665.0,-0.0007122794824054728,-0.00289294999484371,918540.0,0.24290657298343937,-184.0,-4.9178020548820636e-05,-0.00020350132884155764,900711.0,0.2381917197492615,34406.0,0.00919575529892784,0.035499600699137636,1003600.0,0.26540056681927815,-4.85722573273506e-17
2025-05-15,0.0012082654342340238,0.0012082654342340394,3786022.86812,3786022.86812,0.0,39345.868120000196,0.010392401073778486,-3919.0,-0.0010363738754132633,-0.00426322562678337,915338.0,0.24176768917788477,-3562.0,-0.0009419657423378525,-0.0038778931783047007,914978.0,0.24167260258899187,-613.0,-0.0001621069623955934,-0.0006805734580792285,900098.0,0.23774235691475248,12663.0,0.0033487120143807485,0.01261757672379434,1016263.0,0.2684249502445924,1.5612511283791264e-17
2025-05-16,-0.0020466754348602567,-0.002046675434860157,3778274.10812,3778274.10812,0.0,42292.10812000019,0.011193499177073728,-8109.0,-0.002141825414812307,-0.008859022568712323,907229.0,0.24011730595465466,-2430.0,-0.0006418344750269955,-0.0026558015602560934,912548.0,0.24152509158581592,-7151.0,-0.0018887894365917878,-0.007944690467038034,892947.0,0.23633727316949857,9941.24,0.0026257738915709335,0.009782152848229248,1023258.0,0.27082683011295716,9.974659986866641e-17
2025-05-19,0.025006126420777708,0.025006126420777746,3872754.10812,3872754.10812,0.0,42292.10812000019,0.010920421730707449,-960.0,-0.0002540842650714081,-0.001058167232308491,906269.0,0.23401150052357483,7258.0,0.0019209829123836247,0.007953554223996984,919806.0,0.23750694578606052,13143.0,0.0034785723914932463,0.014718678712174407,906090.0,0.23396528018657367,75039.0,0.01986065538197228,0.07333341151498449,1098297.0,0.28359585177308355,3.8163916471489756e-17
2025-05-20,-0.011158725494446187,-0.011158725494446227,3829539.10812,3829539.10812,0.0,42292.10812000019,0.011043654843562171,4104.0,0.0010597109667755944,0.0045284567826991765,910373.0,0.23772390731555185,7794.0,0.002012521265850142,0.008473525939165432,927600.0,0.24222235987436566,588.0,0.00015182993383626938,0.0006489421580637685,906678.0,0.2367590392477039,-55701.0,-0.014382787660908232,-0.05071578999123188,1042596.0,0.27225103871881645,-3.9898639947466563e-17
2025-05-21,0.006736319768951171,0.006736319768951069,3855336.10812,3855336.10812,0.0,42292.10812000019,0.010969759038887882,8128.0,0.0021224486212363565,0.00892820854748548,918501.0,0.23824148511085172,-492.0,-0.00012847499036027158,-0.0005304010349288487,927108.0,0.24047397529033884,9432.0,0.0024629595712969137,0.010402811141331321,916110.0,0.23762130571975684,8729.0,0.0022793865667780702,0.00837237050592943,1051325.0,0.27269347484016476,-1.0234868508263162e-16
2025-05-22,-0.005182946295632873,-0.0051829462956328185,3835354.10812,3835354.10812,0.0,42292.10812000019,0.01102691092602419,9721.0,0.0025214403433013025,0.010583548629778302,928222.0,0.2420172880607868,-14023.0,-0.0036372963619086683,-0.015125530143197988,913085.0,0.23807058599018716,2792.0,0.0007241910748376953,0.00304766894805209,918902.0,0.23958726472075978,-18472.0,-0.004791281351863148,-0.017570209021948495,1032853.0,0.26929795030224213,5.4643789493269423e-17
2025-05-23,-0.019559080566036946,-0.019559080566036984,3760338.10812,3760338.10812,0.0,42292.10812000019,0.011246889748737075,-7936.0,-0.0020691700886753426,-0.008549678848378943,920286.0,0.2447349077501176,-9398.0,-0.0024503604452332244,-0.010292579551739433,903687.0,0.24032067702864168,-13009.0,-0.003391864123434669,-0.014157113598620963,905893.0,0.24090732640339774,-44673.0,-0.011647685908693748,-0.04325204070666397,988180.0,0.26279019906910595,-3.8163916471489756e-17
2025-05-26,-0.0005924999124916619,-0.000592499912491619,3758110.10812,3758110.10812,0.0,42292.10812000019,0.011253557480559525,-6891.0,-0.001832547978895757,-0.007487889634309334,913395.0,0.24304636472105048,7420.0,0.0019732268180825013,0.008210807503040322,911107.0,0.24243754807274195,1788.0,0.00047548915778052725,0.0019737430358773055,907681.0,0.24152591964743383,-4545.0,-0.0012086679094588906,-0.004599364488251129,983635.0,0.26173661007821425,4.2934406030425976e-17
2025-05-27,0.004904326767908307,0.004904326767908388,3776541.10812,3776541.10812,0.0,42292.10812000019,0.011198635711674704,8794.0,0.0023400059463396647,0.009627817099940332,922189.0,0.2441887890528153,-1851.0,-0.0004925347972111348,-0.0020315945328045993,909256.0,0.2407642268331184,209.0,5.5613059220490095e-05,0.0002302571057453004,907890.0,0.24040252019180502,11279.0,0.0030012425595593675,0.011466651755986722,994914.0,0.26344582821058665,8.066464163292153e-17
2025-05-28,0.002329380178355711,0.0023293801783556473,3785338.10812,3785338.10812,0.0,42292.10812000019,0.011172610454341871,3383.0,0.0008957932412614704,0.003668445405442919,925572.0,0.24451501386746355,-3656.0,-0.0009680816110115093,-0.0040208698100424965,905600.0,0.239238866947547,11340.0,0.0030027476665400754,0.012490499950434523,919230.0,0.24283960210268732,-2270.0,-0.000601079118434389,-0.0022816042391603695,992644.0,0.2622339066279603,-6.375108774214766e-17
2025-05-29,0.00332784011366849,0.003327840113668562,3797935.10812,3797935.10812,0.0,45976.10812000019,0.012105553889455114,-3973.0,-0.001049575992030261,-0.004292480757844878,921599.0,0.24265791114482652,3941.0,0.0010411223218201003,0.004351810954063604,909541.0,0.23948302804210578,2034.0,0.0005373364127333377,0.0022127215169217714,917580.0,0.24159970454424312,10595.0,0.0027989573711453847,0.01067351437171836,1003239.0,0.26415380237936953,7.19910242530375e-17
2025-05-30,0.0023523308707669166,0.0023523308707668737,3806869.10812,3806869.10812,0.0,45976.10812000019,0.01207714444973529,9880.0,0.0026014135888937444,0.010720497743595642,931479.0,0.24468374760066428,-2628.0,-0.0006919549505680931,-0.002889369473173832,906913.0,0.23823067571868098,8778.0,0.002311255919363288,0.009566468318838684,926358.0,0.24333854768583743,-7096.0,-0.0018683836869220658,-0.007073090260645769,996143.0,0.2616698845450821,-4.2934406030425976e-17
2025-06-03,0.008905480865545767,0.008905480865545783,3840771.10812,3840771.10812,0.0,45976.10812000019,0.01197054102568086,23716.0,0.006229791286864603,0.025460584726011,955195.0,0.2486987568669651,201.0,5.279929366924377e-05,0.00022163096129397197,907114.0,0.2361801769655622,-3039.0,-0.0007982937983125961,-0.003280589145880966,923319.0,0.2403993817928793,13024.0,0.0034211840833245316,0.013074428069062373,1009167.0,0.2627511433489126,1.5612511283791264e-17
2025-06-04,0.003066571703556953,0.003066571703556986,3852549.10812,3852549.10812,0.0,48712.10812000019,0.012644123865242862,10202.0,0.002656237435870977,0.010680541669502039,965397.0,0.2505865526711229,1933.0,0.0005032843524346793,0.0021309339289218333,906311.0,0.23524969431013157,895.0,0.00023302612282930058,0.0009693291267698379,924214.0,0.23989674733854485,-1252.0,-0.0003259762075779713,-0.001240627170725955,1007915.0,0.26162288181495785,3.2959746043559335e-17
2025-06-05,-0.009658799655939632,-0.009658799655939633,3815338.10812,3815338.10812,0.0,51288.10812000019,0.01344261155016542,-15949.0,-0.004139856378828337,-0.016520664555618052,946872.0,0.24817512188102492,-2474.0,-0.0006421722165164778,-0.0027297472942510903,903837.0,0.23689564971356203,-2570.0,-0.000667090782719219,-0.002780741256895048,921644.0,0.2415628638621855,-16218.0,-0.0042096802778756005,-0.01609064256410511,991697.0,0.2599237529930622,-1.734723475976807e-18
2025-06-06,0.0034411629134671884,0.003441162913467029,3828467.30812,3828467.30812,0.0,56299.30812000019,0.014705443089612386,3719.2,0.0009748022048385714,0.003927880431568363,945580.0,0.2469865677041225,4060.0,0.0010641258742860294,0.004491960386662639,907897.0,0.23714372539485787,899.0,0.00023562787216333507,0.0009754308605057918,922543.0,0.24096927719438258,4451.0,0.0011666069621790926,0.004488266073205828,996148.0,0.26019498661702467,-1.5959455978986625e-16
2025-06-09,0.0003823984592723484,0.0003823984592724416,3829931.30812,3829931.30812,0.0,56299.30812000019,0.014699821900366106,2474.0,0.000646211603989085,0.002616383595253707,948054.0,0.24753812111198717,471.0,0.00012302573382330602,0.0005187813155016483,908368.0,0.23717605537053116,-6289.0,-0.0016426939278445254,-0.006817026415028893,916254.0,0.23923510013284335,4808.0,0.001255855049304576,0.0048265920325092256,1000956.0,0.2613509014842722,9.31871767251291e-17
2025-06-10,0.014453522934637864,0.01445352293463786,3885287.30812,3885287.30812,0.0,56299.30812000019,0.014490384791451141,5832.0,0.0015227427154203338,0.006151548329525533,953886.0,0.24551234551082998,9831.0,0.0025668867687409637,0.01082270621598295,918199.0,0.23632718179708956,-631.0,-0.0001647549131396143,-0.0006886736647261567,915623.0,0.23566416776602517,40324.0,0.010528648363616175,0.04028548707435692,1041280.0,0.26800592013460417,-3.469446951953614e-18
2025-06-11,0.0009376397962608252,0.0009376397962607204,3888930.30812,3888930.30812,0.0,56299.30812000019,0.014476810757561916,-3859.0,-0.0009932341404804063,-0.004045556806578564,950027.0,0.24429005529267642,1748.0,0.0004499023782222727,0.001903726752043947,919947.0,0.23655528053027103,10285.0,0.002647165881016061,0.01123278904090439,925908.0,0.2380880927762384,-4531.0,-0.0011661943224972068,-0.004351375230485556,1036749.0,0.26658976064325224,-1.0473392986209973e-16
2025-06-12,-0.006811641737238028,-0.006811641737237992,3862440.30812,3862440.30812,0.0,56299.30812000019,0.014576097914482269,5401.0,0.0013888137796459947,0.005685101581323478,955428.0,0.24736382281207187,-6306.0,-0.001621525586826077,-0.006854742718874022,913641.0,0.23654501483925963,620.0,0.0001594268734272388,0.0006696129637069774,926528.0,0.23988150653154747,-26205.0,-0.006738356803485149,-0.025276127587294514,1010544.0,0.26163355790263876,3.5561831257524545e-17
2025-06-13,-0.0008219052585294317,-0.0008219052585294662,3859265.74812,3859265.74812,0.0,59140.74812000019,0.015324352345730525,-13003.0,-0.0033665245188809314,-0.013609607422014008,942425.0,0.24419800591837768,9021.0,0.0023355700749692287,0.009873681238035508,922662.0,0.23907708362645533,-2441.0,-0.0006319838768429096,-0.0026345668992194516,924087.0,0.23944632484823286,3248.44,0.000841033062225146,0.0032145458287813297,1010951.0,0.2619542332612036,-3.447762908503904e-17
2025-06-16,-0.001112076824999808,-0.0011120768249998603,3854973.9481200003,3854973.9481200003,0.0,59879.94812000019,0.015533165444400095,10723.0,0.0027785078042950515,0.011378093747513064,953148.0,0.24725147635947908,-4611.0,-0.0011947868586780269,-0.004997496374620392,918051.0,0.23814713467719192,-9344.0,-0.0024211859482731472,-0.010111602046127691,914743.0,0.23728902252273412,-1059.8000000000002,-0.0002746118223437374,-0.0010483198493299874,1009152.0,0.2617792009961947,-5.2258544713801314e-17
2025-06-17,0.0038902986639672843,0.003890298663967304,3869970.9481200003,3869970.9481200003,0.0,59879.94812000019,0.015472970966122981,-1928.0,-0.0005001330815582424,-0.0020227708603490747,951220.0,0.2457951268244261,12578.0,0.003262797665891895,0.01370076390091618,930629.0,0.2404744150475062,3154.0,0.0008181637651632245,0.0034479629797659014,917897.0,0.2371844678694311,1193.0,0.00030947031447042697,0.0011821806823947235,1010345.0,0.2610730192925136,1.951563910473908e-17
2025-06-18,-0.002772113833363954,-0.002772113833363936,3859242.9481200003,3859242.9481200003,0.0,59879.94812000019,0.015515983037339028,10021.0,0.002589425123428412,0.0105348920333887,961241.0,0.24907501624593523,-3820.0,-0.000987087513371573,-0.004104750657888375,926809.0,0.24015305915153326,-4843.0,-0.0012514305830519708,-0.005276191119482905,913054.0,0.23658888861733543,-12086.0,-0.003123020860368804,-0.011962250518387283,998259.0,0.258667052947857,1.7780915628762273e-17
2025-06-19,-0.010192651908365158,-0.010192651908365132,3819907.0281200004,3819907.0281200004,0.0,62118.02812000019,0.01626165968509765,1097.0,0.0002842526409316612,0.0011412330518569224,962338.0,0.2519270738569841,-4913.0,-0.0012730476070166375,-0.0053009843452102865,921896.0,0.2413399051897132,-6921.0,-0.0017933569078286483,-0.0075800555060270254,906133.0,0.23721336496662357,-28598.92,-0.007410500034451507,-0.028648797556545945,967422.0,0.2532579963015814,2.6020852139652106e-17
2025-06-20,0.005011640298853592,0.005011640298853526,3839051.0281200004,3839051.0281200004,0.0,62118.02812000019,0.016180568495964914,9461.0,0.0024767618505773716,0.009831265106438693,971799.0,0.2531352130726676,-5799.0,-0.0015180997750235893,-0.006290297387123927,916097.0,0.2386258982466864,4575.0,0.0011976731282519262,0.00504892769604462,910708.0,0.23722216592832776,10907.0,0.0028553050950478167,0.011274293948245957,978329.0,0.25483615425635325,-6.678685382510707e-17
2025-06-23,0.012101949064936335,0.01210194906493641,3885511.0281200004,3885511.0281200004,0.0,62118.02812000019,0.015987093504674962,8318.0,0.002166681281148107,0.008559383164625607,980117.0,0.2522491875346004,-78.0,-2.0317521030241926e-05,-8.514382210617435e-05,916019.0,0.23575251578766324,-1535.0,-0.00039983839463360717,-0.0016855018293459594,909173.0,0.23399058538765805,39755.0,0.010355423699452151,0.04063561439965492,1018084.0,0.2620206177854033,7.45931094670027e-17
2025-06-24,-0.004426959510734574,-0.004426959510734597,3868310.0281200004,3868310.0281200004,0.0,62118.02812000019,0.01605818242810015,6.0,1.5441984224409969e-06,6.121718121407954e-06,980123.0,0.2533724010938027,-445.0,-0.00011452804966437393,-0.0004857977836704261,915574.0,0.2366857861299626,1237.0,0.0003183622414265855,0.0013605771398842684,910410.0,0.23535083625198974,-17999.0,-0.00463233790091925,-0.017679287760145528,1000085.0,0.25853279409614477,-2.3418766925686896e-17
2025-06-25,0.004028219012107703,0.004028219012107737,3883892.4281200003,3883892.4281200003,0.0,66456.42812000019,0.01711077980400411,5464.0,0.00141250312417578,0.005574810508476997,985587.0,0.2537626925154242,4558.4,0.0011783957249712437,0.004978734651704832,915794.0,0.23579283333634718,8436.0,0.002180797283226003,0.009266154809371601,918846.0,0.23657864294783462,-2876.0,-0.0007434771202652898,-0.002875755560777334,997209.0,0.2567550513963898,3.382710778154774e-17
2025-06-26,-0.0003511940727617402,-0.0003511940727617538,3882528.4281200003,3882528.4281200003,0.0,66456.42812000019,0.01711679111959001,16016.0,0.0041236981446863994,0.016250214339271925,1001603.0,0.25797699065013585,-2548.0,-0.0006560428866546544,-0.00278228509905066,913246.0,0.2352193981081067,-7628.0,-0.001964009081397843,-0.008301717589236934,911218.0,0.23469705808212984,-7204.0,-0.0018548402493956556,-0.0072241626379224416,990005.0,0.2549897620400376,-1.360673726469308e-17
2025-06-27,-0.011388382807388853,-0.011388382807388782,3838312.70812,3838312.70812,0.0,77437.70812000018,0.020174934667563618,-24781.12,-0.006382727250756931,-0.02474145944051685,974475.0,0.2538810863269388,-10378.8,-0.0026732064406352917,-0.01136473633610221,898204.0,0.23401011546032657,-6194.799999999999,-0.0015955581819138535,-0.006798373166465104,901052.0,0.2347521081577884,-2861.0,-0.0007368909340827041,-0.00288988439452326,987144.0,0.25718175538738264,7.112366251504909e-17
2025-06-30,-0.0012161593791263359,-0.0012161593791263504,3833644.70812,3833644.70812,0.0,77437.70812000018,0.02019950047952546,-6022.0,-0.0015689185477932481,-0.006179737807537392,968453.0,0.2526193932235636,3733.0,0.0009725627596998,0.0041560714492476095,901937.0,0.23526880258090097,-3675.0,-0.0009574519533610406,-0.004078565942920054,897377.0,0.2340793339819091,1296.0,0.00033764836232813843,0.0013128783642508083,988440.0,0.25783296973410086,-1.452830911130576e-17
2025-07-01,0.015467823498197752,0.015467823498197752,3892942.8478200003,3892942.8478200003,0.0,26888.847820000403,0.006907074897094322,21527.6579,0.005615454623221215,0.022228913432040583,972838.0,0.24989783771030114,14094.0873,0.003676419797105212,0.01562646537396736,967436.0,0.24851019853573042,19591.9754,0.0051105349847633125,0.02183249113806126,966950.0,0.2483853572475332,4084.4191,0.0010654140931080122,0.004132187183845251,958830.0,0.24629953160934095,0.0
2025-07-02,0.0034952991944434686,0.003495299194443543,3906549.8478200003,3906549.8478200003,0.0,26888.847820000403,0.006883016694387089,4819.0,0.0012378810037497931,0.004953548278336167,977657.0,0.2502609817062923,9559.0,0.0024554688762905732,0.009880756969970107,976995.0,0.2500915227141411,-9827.0,-0.0025243113973540602,-0.010162883292827964,957123.0,0.24500468118539692,9056.0,0.0023262607117572375,0.00944484423724748,967886.0,0.24775979769978265,7.45931094670027e-17
2025-07-03,-0.002242131891619925,-0.002242131891619877,3897790.8478200003,3897790.8478200003,0.0,26888.847820000403,0.006898484005379379,500.0,0.00012799017534078532,0.0005114268091979089,978157.0,0.25095163855368857,-2286.0,-0.0005851710816580704,-0.002339827737091797,974709.0,0.2500670349064897,-3694.0,-0.0009455914154177219,-0.003859483054946961,953429.0,0.2446075321186729,-3279.0,-0.00083935956988487,-0.003387795670151237,964607.0,0.2474753104157695,4.8138576458356397e-17
2025-07-04,0.006461762824982342,0.006461762824982423,3922977.4478200004,3922977.4478200004,0.0,30690.4478200004,0.007823253696514388,11876.6,0.003047008026775597,0.012141813635234425,986232.0,0.2513988451674759,6226.0,0.0015973150543678212,0.006387547462883794,980935.0,0.25004859524367284,2096.0,0.0005377405001533816,0.0021983807918576,955525.0,0.24357137218083819,4988.0,0.0012796992436856236,0.005171017834206055,969595.0,0.2471579337114987,8.066464163292153e-17
2025-07-07,0.009676578696901528,0.009676578696901491,3960938.4478200004,3960938.4478200004,0.0,30690.4478200004,0.007748276885466787,3981.0,0.0010147904373532003,0.004036575572481931,990213.0,0.2499945437286429,22611.0,0.0057637343830678756,0.023050456961980152,1003546.0,0.25336066521112593,7632.0,0.001945461094669587,0.007987232149865258,963157.0,0.24316383924877627,3737.0,0.0009525927818108289,0.0038541865418035364,973332.0,0.2457326749259881,-3.642919299551295e-17
2025-07-08,-0.004242428965097522,-0.004242428965097525,3944134.4478200004,3944134.4478200004,0.0,30690.4478200004,0.007781288448968469,-4475.0,-0.0011297827671275544,-0.004519229701084514,985738.0,0.24992505023373038,-3319.0,-0.0008379327383455538,-0.0033072724120269525,1000227.0,0.2535986065467025,-7267.0,-0.0018346662276460194,-0.0075449796865931515,955890.0,0.24235735689191298,-1743.0,-0.00044004723197839715,-0.0017907558777477777,971589.0,0.24633769787868567,-2.6020852139652106e-18
2025-07-09,0.004493254536440894,0.0044932545364408895,3961856.4478200004,3961856.4478200004,0.0,30690.4478200004,0.007746481535666878,12333.0,0.003126921803291135,0.012511438130618887,998071.0,0.2519200312139491,-4845.0,-0.001228406400465868,-0.004843900434601345,995382.0,0.25124130899485414,10520.0,0.0026672518746957545,0.011005450417935119,966410.0,0.2439285755877814,-286.0,-7.251274108013172e-05,-0.00029436315149718655,971303.0,0.2451636026677485,-4.336808689942018e-18
2025-07-10,0.006948611178264175,0.0069486111782641625,3989385.8478200003,3989385.8478200003,0.0,37288.8478200004,0.009347014613885216,16293.0,0.004112466015512797,0.016324489941096375,1014364.0,0.25426570371835533,-4751.6,-0.0011993367408893762,-0.0047736446911838875,984032.0,0.24666252840339428,8015.0,0.0020230414972279547,0.008293581399199097,974425.0,0.24425438831204418,7973.0,0.0020124404064127866,0.008208561077233365,979276.0,0.245470364952321,-1.214306433183765e-17
2025-07-11,-0.005243914927765547,-0.005243914927765569,3968465.8478200003,3968465.8478200003,0.0,38832.8478200004,0.009785355174804508,-18222.0,-0.004567620354385478,-0.0179639655981482,996142.0,0.2510143814258125,-5340.0,-0.0013385518983875784,-0.005426652791779129,978692.0,0.24661721620651605,1644.0,0.00041209350579572636,0.0016871488313620854,974525.0,0.24556718827134077,998.0,0.0002501638192117609,0.0010191202480199658,980274.0,0.2470158589215262,-2.168404344971009e-17
2025-07-14,0.0038177271976078675,0.003817727197607772,3983616.3678200003,3983616.3678200003,0.0,48060.3678200004,0.012064507066552953,5314.24,0.001339116979655822,0.005334821742281723,999086.0,0.25079874861211626,15095.6,0.0038038880965279003,0.015424260134955636,991198.0,0.2488186382622041,-6025.32,-0.001518299572443062,-0.006182827531361432,964232.0,0.242049412134449,766.0,0.0001930216938671117,0.000781414176036496,981040.0,0.2462686939246777,-9.540979117872439e-17
2025-07-15,-0.012511746965051196,-0.012511746965051156,3933774.3678200003,3933774.3678200003,0.0,51936.3678200004,0.013202680927727495,-11897.0,-0.0029864823571127486,-0.0119078838057985,987189.0,0.25095211562606107,-19338.0,-0.004854383106820739,-0.01950972459589305,971860.0,0.24705534917056785,-10100.0,-0.0025353847026005514,-0.01047465755129471,950256.0,0.24156342259319977,-8507.0,-0.002135496798517118,-0.008671409932316725,972533.0,0.24722643168244385,3.9898639947466563e-17
2025-07-16,-0.0023221972451517026,-0.0023221972451517065,3924639.3678200003,3924639.3678200003,0.0,51936.3678200004,0.01323341151950204,-6654.0,-0.0016915052511482708,-0.0067403506319458585,980535.0,0.24984078996910558,-5285.0,-0.001343493425355968,-0.005438026053135225,966575.0,0.2462837752496221,2008.0,0.0005104512389999591,0.002113114781700931,952264.0,0.2426373255611889,796.0,0.00020235019235257344,0.0008184812237733835,973329.0,0.2480046977005814,-3.903127820947816e-18
2025-07-17,-0.004924426982633956,-0.004924426982633884,3905312.76782,3905312.76782,0.0,54708.7678200004,0.014008805714821042,-1354.0,-0.000344999851732135,-0.001380878805957972,979181.0,0.2507304941280266,-6089.0,-0.0015514801308692538,-0.0062995628895843574,960486.0,0.24594342555978088,-8787.0,-0.00223893182952014,-0.009227483134928969,943477.0,0.24158807657463552,-3096.6,-0.0007890151705123553,-0.0031814525201653296,967460.0,0.247729198022736,7.19910242530375e-17
2025-07-18,0.004960012462923213,0.004960012462923124,3924683.1678200006,3924683.1678200006,0.0,57585.1678200004,0.014672564728833024,4288.0,0.0010979914426658382,0.004379169938959191,983469.0,0.2505855779808785,6393.0,0.001637000767948392,0.006656005397267633,966879.0,0.24635848517093453,4749.0,0.0012160357652099035,0.0050335090309567695,948226.0,0.24160574483435318,3940.4,0.0010089844870989901,0.0040729332478862176,968524.0,0.24677762728500072,-8.933825901280557e-17
2025-07-21,0.009325338743287448,0.009325338743287457,3961282.1678200006,3961282.1678200006,0.0,57585.1678200004,0.014537002258460942,-9337.0,-0.0023790455434868434,-0.009493944394790278,974132.0,0.2459133075430703,27792.0,0.0070813359477976175,0.028744031052489506,994671.0,0.25109824492694344,3622.0,0.0009228770438587712,0.003819764486525364,951848.0,0.2402878562230338,14522.0,0.003700171295117912,0.014993949556231958,983046.0,0.24816358904849145,8.673617379884035e-18
2025-07-22,0.008178412601652418,0.008178412601652392,3993679.1678200006,3993679.1678200006,0.0,57585.1678200004,0.014419077096629668,-7182.0,-0.0018130493349713703,-0.007372717455129284,966950.0,0.24212010013008173,17046.0,0.004303152180997212,0.017137324803879875,1011717.0,0.2533295634141433,4645.0,0.0011726001337986655,0.00487998083727654,956493.0,0.23950171253293578,17888.0,0.004515709621827885,0.018196503520689775,1000934.0,0.25062954682620947,-2.6020852139652106e-17
2025-07-23,4.782557435745183e-05,4.7825574357356235e-05,3993870.1678200006,3993870.1678200006,0.0,57585.1678200004,0.014418387528964788,3517.0,0.0008806415969362402,0.0036372097833393662,970467.0,0.24298912063276112,-16045.0,-0.004017598641695187,-0.015859178011242273,995672.0,0.24930004185475912,639.0,0.0001600028377714693,0.0006680655268778758,957132.0,0.23965025395966674,12080.0,0.003024779781344834,0.012068727808227115,1013014.0,0.2536421960238482,-9.559275029533132e-17
2025-07-24,-0.004977878389785473,-0.004977878389785458,3973989.1678200006,3973989.1678200006,0.0,57585.1678200004,0.014490519573205008,-11517.0,-0.002883669101914346,-0.011867482356432521,958950.0,0.24130664667263005,-6604.0,-0.0016535339714372095,-0.0066327063530962,989068.0,0.24888542928328367,-1564.0,-0.0003916001107401265,-0.0016340483862205004,955568.0,0.24045561264682389,-196.0,-4.907520569377545e-05,-0.0001934820249275923,1012818.0,0.2548617918240574,1.474514954580286e-17
2025-07-25,-0.010103701420511424,-0.010103701420511436,3933837.1678200006,3933837.1678200006,0.0,57585.1678200004,0.014638421816506491,-3256.0,-0.0008193278498003895,-0.003395380363939726,955694.0,0.24294193156185295,-13102.0,-0.0032969390319670462,-0.013246814172534144,975966.0,0.24809516977054932,-9352.0,-0.0023533028413185633,-0.009786849287544162,946216.0,0.2405325791673174,-14442.0,-0.0036341316974254374,-0.014259225250736066,998376.0,0.2537918976837738,-1.214306433183765e-17
2025-07-28,-0.004310549541479136,-0.0043105495414791145,3916880.1678200006,3916880.1678200006,0.0,57585.1678200004,0.01470179463061039,4599.0,0.0011690875356054988,0.004812209765887408,960293.0,0.24516782716241883,-2223.0,-0.0005650971062515817,-0.002277743282040563,973743.0,0.2486016825329511,-8771.0,-0.002229629653141081,-0.009269553674848026,937445.0,0.23933461322145816,-10562.0,-0.0026849103176919504,-0.010579180589276985,987814.0,0.2521940824525615,2.168404344971009e-17
2025-07-29,-0.0061765994780138556,-0.006176599478013897,3892687.1678200006,3892687.1678200006,0.0,57585.1678200004,0.014793166092575966,-10770.0,-0.0027496373487459046,-0.011215326988741978,949523.0,0.24392481570301883,-3597.0,-0.0009183329195393703,-0.0036939931788983337,970146.0,0.24922269840227243,-9561.0,-0.0024409733232460163,-0.01019899834123602,927884.0,0.23836593078185567,-265.0,-6.765588648260582e-05,-0.0002682691275887971,987549.0,0.25369338902027705,-4.163336342344337e-17
2025-07-30,0.007846970147643795,0.007846970147643894,3923232.9678200004,3923232.9678200004,0.0,61073.967820000405,0.015567254945335814,7207.0,0.0018514202886835355,0.00759012683210412,956730.0,0.24386265303322543,23837.0,0.006123533428798312,0.024570528559618863,993983.0,0.25335813808485624,377.8000000000002,9.705377897386432e-05,0.00040716296433605944,924773.0,0.2357170750718541,-876.0,-0.00022503734881181868,-0.0008870445922177026,986673.0,0.25149487886472843,9.8879238130678e-17
2025-07-31,-0.01620092421769126,-0.01620092421769131,3859672.9678200004,3859672.9678200004,0.0,61073.967820000405,0.015823612085584512,-9555.0,-0.0024354913609194537,-0.009987143708256247,947175.0,0.24540291571256573,-23196.0,-0.0059124707072619204,-0.0233364152103205,970787.0,0.25152053246322437,-12111.0,-0.003086994858408739,-0.013096186848015676,912662.0,0.2364609664107073,-18698.0,-0.004765967291101198,-0.018950554033605866,967975.0,0.2507919733279181,-5.204170427930421e-17
2025-08-01,0.001256842235195954,0.0012568422351958786,3864523.9678200004,3864523.9678200004,0.0,61073.967820000405,0.015803749266032518,4412.0,0.0011431020287949324,0.004658062132129754,951587.0,0.24623653726148206,1228.0,0.0003181616707525333,0.0012649530741552987,972015.0,0.2515225699449651,-806.0,-0.00020882598259490376,-0.0008831308852565353,911856.0,0.2359555814876685,17.0,4.4045182433168294e-06,1.756243704641132e-05,967992.0,0.2504815620398519,-7.546047120499111e-17
2025-08-04,0.0034125807239953065,0.003412580723995205,3877711.9678200004,3877711.9678200004,0.0,61073.967820000405,0.01575000111582176,5683.0,0.0014705562825648127,0.005972128665061628,957270.0,0.2468646480048297,3846.0,0.0009952066624572004,0.003956729062823104,975861.0,0.2516589700571846,3031.0,0.0007843139349734203,0.003323989752767981,914887.0,0.23593474904592712,628.0,0.00016250384399977167,0.0006487656922784486,968620.0,0.24979163177623676,-1.0148132334464322e-16
2025-08-05,0.008491811736731858,0.008491811736731997,3910640.76782,3910640.76782,0.0,65374.76782000041,0.01671714987425035,15453.0,0.003985081957669868,0.0161427810335642,972723.0,0.24873749795797473,7097.0,0.0018302029802357502,0.0072725521360111735,982958.0,0.25135471610908233,4391.8,0.0011325750949132546,0.004800374253869604,914978.0,0.2339713756193611,5987.0,0.0015439517039131233,0.006180958477008528,974607.0,0.2492192604393315,1.3877787807814457e-16
2025-08-06,-0.0002477854800608803,-0.0002477854800608986,3909671.76782,3909671.76782,0.0,65374.76782000041,0.0167212931679052,-3847.0,-0.0009837262557216482,-0.003954877184974551,968876.0,0.24781517670477923,3925.0,0.0010036718361599868,0.003993049550438574,986883.0,0.2524209341875974,304.0,7.773662119557605e-05,0.0003322484256452068,915282.0,0.23410712058581673,-1351.0,-0.00034546768169481325,-0.0013861997707794013,973256.0,0.24893547535390145,-1.8323016715005025e-17
2025-08-07,0.00220018469857286,0.002200184698572894,3918273.76782,3918273.76782,0.0,65374.76782000041,0.01668458400148308,3929.0,0.0010049436968952452,0.004055214495972653,972805.0,0.2482738720273844,-1522.0,-0.00038929099177260456,-0.0015422294233460299,985361.0,0.25147834439047445,-62.0,-1.585810873186694e-05,-6.773868600059873e-05,915220.0,0.23357734916751327,6257.0,0.0016003901021821201,0.006428935449665864,979513.0,0.24998585041314483,3.382710778154774e-17
2025-08-08,0.007141542847213689,0.007141542847213701,3946256.28782,3946256.28782,0.0,66688.2878200004,0.016899127414970936,-3521.0,-0.0008986100024243506,-0.003619430409999949,969284.0,0.2456211480718233,22748.0,0.00580561781742378,0.023085955299631304,1008109.0,0.25545958662428936,2329.0,0.0005943944037620883,0.0025447433403990296,917549.0,0.23251125448491194,6426.52,0.0016401406284521835,0.006560933851822283,984626.0,0.24950888340400448,1.214306433183765e-17
2025-08-11,-0.0070517467620869745,-0.0070517467620869615,3918428.28782,3918428.28782,0.0,66688.2878200004,0.017019142095133794,-9766.0,-0.0024747505705958483,-0.010075478394361199,959518.0,0.24487318116361995,-14261.0,-0.0036138048215510338,-0.014146287752614053,993848.0,0.2536343469878641,-9507.0,-0.002409118746124793,-0.010361299505530495,908042.0,0.23173628131017426,5706.0,0.0014459273761847134,0.005795093771645275,990332.0,0.252737048443208,1.3010426069826053e-17
2025-08-12,0.003104050682210424,0.0031040506822103487,3930591.28782,3930591.28782,0.0,66688.2878200004,0.01696647728972791,4176.0,0.0010657334250522418,0.004352185159632232,963694.0,0.2451778700538686,4538.0,0.0011581174049059082,0.004566090589305407,998386.0,0.254004023031794,569.0,0.00014521128325065266,0.0006266229976146478,908611.0,0.23116394798298587,2880.0,0.000734988569001546,0.0029081156622223657,993212.0,0.2526876816416237,-7.546047120499111e-17
2025-08-13,-0.0038828763619593865,-0.003882876361959442,3915329.28782,3915329.28782,0.0,66688.2878200004,0.01703261281942687,-8828.0,-0.0022459725149638287,-0.009160584168833676,954866.0,0.24387884895670062,-1177.0,-0.00029944604101862554,-0.0011789027490369457,997209.0,0.2546935204408393,-1896.0,-0.00048237017312770947,-0.0020867015697586754,906715.0,0.23158077733606056,-3361.0,-0.0008550876328492782,-0.0033839703910142046,989851.0,0.2528142404469727,-5.551115123125783e-17
2025-08-14,-0.008172748100535032,-0.00817274810053501,3883330.28782,3883330.28782,0.0,66688.2878200004,0.017172963121155852,-3191.0,-0.0008150016934531459,-0.0033418301625568404,951675.0,0.24506671579930056,-13399.0,-0.0034221898121525236,-0.01343650127505869,983810.0,0.2533418295852154,-6302.0,-0.0016095708781390554,-0.006950364778348213,900413.0,0.23186619042529813,-9107.0,-0.002325985716790285,-0.009200374601834014,980744.0,0.2525523010690301,2.2551405187698492e-17
2025-08-15,0.004294046286070996,0.004294046286070872,3900005.4878200004,3900005.4878200004,0.0,69331.4878200004,0.017777279554228233,-9373.0,-0.0024136499615802077,-0.00984895053458376,942302.0,0.24161555745059268,22961.0,0.005912708499716542,0.023338856079934134,1006771.0,0.2581460470105026,-2252.0,-0.0005799146178895367,-0.002501074506920713,898161.0,0.23029736824858885,5339.200000000001,0.001374902365824074,0.005444030246425164,983440.0,0.25216374773608763,-1.240327285323417e-16
2025-08-18,0.00821383459588576,0.008213834595885698,3932039.4878200004,3932039.4878200004,0.0,69331.4878200004,0.017632449530266325,10310.0,0.00264358602371173,0.010941290584122713,952612.0,0.24226918446542528,22487.0,0.005765889322522373,0.022335764538311095,1029258.0,0.26176186764864884,1434.0,0.0003676917903009331,0.0015965957105685952,899595.0,0.22878585090170422,-2197.0,-0.0005633325406493376,-0.0022339949564792972,981243.0,0.24955064745395533,-6.245004513516506e-17
2025-08-19,0.0016960663850549285,0.0016960663850549029,3938708.4878200004,3938708.4878200004,0.0,69331.4878200004,0.017602594361679724,-4713.0,-0.001198614615799034,-0.004947449748690967,947899.0,0.24066239045902174,9308.0,0.0023672193600376423,0.00904340796962472,1038566.0,0.26368186506100794,-761.0,-0.0001935382394702026,-0.0008459362268576415,898834.0,0.22820526138949862,2835.0,0.0007209998802864972,0.0028891925853229018,984078.0,0.249847888728792,-2.5587171270657905e-17
2025-08-20,0.0031911475649615273,0.0031911475649615034,3951277.4878200004,3951277.4878200004,0.0,69331.4878200004,0.017546600569997423,4471.0,0.001135143667988136,0.004716747248388277,952370.0,0.24102837700863217,3895.0,0.0009889028375785708,0.003750363481954926,1042461.0,0.26382885110282317,129.0,3.275185264380889e-05,0.00014351927052158687,898963.0,0.22751198891272403,4074.0,0.0010343492067509878,0.0041399157383865915,988152.0,0.25008418240582325,-2.3852447794681098e-17
2025-08-21,0.00860962058596626,0.008609620585966229,3985296.4878200004,3985296.4878200004,0.0,69331.4878200004,0.017396820545696832,6376.0,0.0016136553354337481,0.0066948769910853976,958746.0,0.2405708089549052,16380.0,0.004145494729360852,0.01571281803348039,1058841.0,0.2656868825785148,3859.0,0.000976646163651009,0.004292723949706495,902822.0,0.22653822689459505,7404.0,0.0018738243575206195,0.007492774390984383,995556.0,0.24980726102628809,-3.122502256758253e-17
2025-08-22,0.0003824578684819002,0.0003824578684818902,3986820.6958200005,3986820.6958200005,0.0,71472.6958200004,0.017927241095877792,-5673.0,-0.00142348254824654,-0.0059171042173839575,953073.0,0.23905589759761545,-1720.792,-0.0004317851896989705,-0.0016251656292115624,1054979.0,0.2646166157174054,-800.0,-0.0002007378879952815,-0.0008861104403747361,902022.0,0.2262509575476341,9718.0,0.002438463494422682,0.009761379570812691,1005274.0,0.2521492880414672,-1.0028870095490916e-17
2025-08-25,0.0106899715968376,0.01068997159683757,4029439.6958200005,4029439.6958200005,0.0,71472.6958200004,0.017737626373747116,8061.0,0.002021911847816881,0.008457904064011887,961134.0,0.23852795240912694,14949.0,0.0037496042938859387,0.014169950302328293,1069928.0,0.2655277360546941,5486.0,0.0013760337919766046,0.006081891572489363,907508.0,0.22521940232569232,14123.0,0.003542421663158145,0.014048906069390037,1019397.0,0.2529872828367395,-2.949029909160572e-17
2025-08-26,-0.005479918218631252,-0.005479918218631254,4007358.6958200005,4007358.6958200005,0.0,71472.6958200004,0.017835362702757856,-10687.0,-0.0026522297904312403,-0.011119157162268736,950447.0,0.23717542454869167,-7308.0,-0.0018136516616891086,-0.006830366155479621,1062620.0,0.2651671788473537,-181.0,-4.4919396656503644e-05,-0.0001994472775997567,907327.0,0.22641521981708687,-3905.0,-0.0009691173698544019,-0.0038306959898842157,1015492.0,0.2534068140841099,-1.734723475976807e-18
2025-08-27,-0.010750223094562528,-0.010750223094562493,3964278.6958200005,3964278.6958200005,0.0,71472.6958200004,0.01802918041442504,-19059.0,-0.004756000509732278,-0.020052669954242583,931388.0,0.23494513667317854,6728.0,0.0016789113505157021,0.006331520204776872,1069348.0,0.269745919006032,-11553.0,-0.0028829463187437436,-0.012733005851253186,895774.0,0.22596140905646178,-19196.0,-0.0047901876166021725,-0.018903152363583368,996296.0,0.2513183548499026,3.469446951953614e-17
2025-08-28,-0.0027298787069161,-0.0027298787069160633,3953456.6958200005,3953456.6958200005,0.0,71472.6958200004,0.018078532615664833,1759.0,0.00044371249727087,0.0018885791957809206,933147.0,0.23603319115310373,-4498.0,-0.0011346326394112412,-0.004206301409831037,1064850.0,0.2693465698323871,-7510.0,-0.0018944177683366877,-0.008383811095209283,888264.0,0.22468034136788792,-573.0,-0.00014454079643900426,-0.0005751302825666268,995723.0,0.2518613650309564,3.686287386450715e-17
2025-08-29,0.004449523885919682,0.004449523885919633,3971047.6958200005,3971047.6958200005,0.0,71472.6958200004,0.017998448090974558,924.0,0.0002337195196742505,0.0009901976858951484,934071.0,0.2352202923634538,10893.0,0.002755310311484427,0.010229609804197775,1075743.0,0.2708965196092576,-6024.0,-0.0015237298555386201,-0.006781767582610575,882240.0,0.22216806938095013,11798.0,0.002984223910299575,0.01184867679063354,1007521.0,0.2537166705553639,-4.85722573273506e-17
2025-09-01,0.006904978761363756,0.006904978761363861,3998467.6958200005,3998467.6958200005,0.0,71472.6958200004,0.017875021447520505,-8073.0,-0.0020329647534825107,-0.008642811948984606,925998.0,0.23158821589781473,34586.0,0.008709540315117816,0.03215080181790632,1110329.0,0.2776886258605361,48.0,1.208749017306584e-05,5.44069640914037e-05,882288.0,0.22065652823013782,859.0,0.00021631570955549074,0.0008525876879985628,1008380.0,0.25219160856399087,1.0495077029659683e-16
2025-09-02,0.011926068591188388,0.01192606859118831,4046153.6958200005,4046153.6958200005,0.0,71472.6958200004,0.017664355136542985,14070.0,0.0035188479863695744,0.01519441726655997,940068.0,0.23233620635102548,32161.0,0.008043331207507597,0.028965288666692485,1142490.0,0.28236445916038316,1924.0,0.00048118433019012514,0.0021806938323993977,884212.0,0.21853149100921734,-469.0,-0.0001172949328789858,-0.0004651024415398957,1007911.0,0.249103488342831,-7.806255641895632e-17
2025-09-03,-0.008621521232878071,-0.008621521232878017,4011269.6958200005,4011269.6958200005,0.0,71472.6958200004,0.017817973170559817,-10049.0,-0.002483593248170829,-0.010689652237923213,930019.0,0.23185152595676609,1720.0,0.00042509507282852284,0.0015054836366182637,1144210.0,0.28524883310447563,-10012.0,-0.0024744487611390526,-0.011323076366301294,874200.0,0.21793598194381503,-16543.0,-0.004088574296396659,-0.01641315552662884,991368.0,0.24714568582438345,5.377642775528102e-17
2025-09-04,0.0004916149123692648,0.0004916149123692556,4013241.6958200005,4013241.6958200005,0.0,71472.6958200004,0.017809217893465755,3424.0,0.0008535950608277541,0.0036816452136999352,933443.0,0.23259077592367022,-8209.0,-0.0020464841864296242,-0.0071743823249228724,1136001.0,0.28306319083229003,4747.0,0.0011834158159314686,0.0054301075268817205,878947.0,0.21901172832811663,2010.0,0.0005010882220396571,0.0020275013920158813,993378.0,0.24752508702245737,-9.215718466126788e-18
2025-09-05,0.005538166321542359,0.005538166321542391,4035467.6958200005,4035467.6958200005,0.0,71472.6958200004,0.01771113070587405,-10029.0,-0.0024989773255983372,-0.010744094711728516,923414.0,0.2288245302908722,39678.0,0.009886770597775534,0.034927786155117824,1175679.0,0.2913364914846887,-6678.0,-0.001663991482734639,-0.0075977277355745,872269.0,0.21615065854783316,-745.0,-0.00018563546790016563,-0.0007499662766842028,992633.0,0.2459771889707318,3.209238430557093e-17
2025-09-08,0.013070108343236964,0.013070108343236906,4088211.6958200005,4088211.6958200005,0.0,71472.6958200004,0.017482630826842403,-2611.0,-0.000647012985063544,-0.0028275508060306644,920803.0,0.22523368859334675,38328.0,0.009497783872660096,0.03260073540481713,1214007.0,0.29695306660397836,1621.0,0.0004016882607384162,0.0018583716720415376,873890.0,0.21375850005358343,15406.0,0.0038176491949019373,0.015520338332495495,1008039.0,0.246572113922249,-5.724587470723463e-17
2025-09-09,0.003181342104494833,0.0031813421044947377,4101217.6958200005,4101217.6958200005,0.0,71472.6958200004,0.017427188976787564,6707.0,0.0016405706208554671,0.007283859848414916,927510.0,0.22615478347938636,12505.0,0.0030587946345307314,0.010300599584681143,1226512.0,0.2990604476446282,-3306.0,-0.0008086665383253577,-0.0037830848276098825,870584.0,0.2122745156608749,-2900.0,-0.0007093566125661033,-0.002876872819404805,1005139.0,0.24508306423832293,-9.540979117872439e-17
2025-09-10,-0.006566098655881203,-0.0065660986558812254,4074288.6958200005,4074288.6958200005,0.0,71472.6958200004,0.01754237393470117,7657.0,0.0018670064765896445,0.008255436599066317,935167.0,0.22952889935350695,-36423.0,-0.00888102088243759,-0.029696407373103566,1190089.0,0.29209736689031557,-1662.0,-0.0004052454961593299,-0.0019090633413892284,868922.0,0.21326961952683102,3499.0,0.0008531612461260503,0.003481110572766553,1008638.0,0.24756174029464528,-2.2551405187698492e-17
2025-09-11,0.006673802970294407,0.0066738029702942975,4101479.6958200005,4101479.6958200005,0.0,71472.6958200004,0.01742607573867582,3258.0,0.0007996487836864706,0.0034838697259419976,938425.0,0.22880157152951178,20214.0,0.00496135681812103,0.016985284293863735,1210303.0,0.2950893554912568,-341.0,-8.369559092605478e-05,-0.00039244028808109357,868581.0,0.21177259535996468,4060.0,0.0009964929594128515,0.00402523006271824,1012698.0,0.24691040188059088,-1.0928757898653885e-16
2025-09-12,-0.0035494507055189306,-0.0035494507055189623,4086921.6958200005,4086921.6958200005,0.0,71472.6958200004,0.017488149061701097,-11256.0,-0.0027443754046793133,-0.011994565362175986,927169.0,0.22686243314822618,1378.0,0.0003359763066496174,0.0011385578652618393,1211681.0,0.29647766465388276,-2094.0,-0.0005105474500176334,-0.0024108286964600882,866487.0,0.2120145832219445,-2586.0,-0.0006305041574716332,-0.0025535747083533294,1010112.0,0.24715716991424544,-3.165870343657673e-17
2025-09-15,-0.007479957355499667,-0.00747995735549967,4056351.6958200005,4056351.6958200005,0.0,71472.6958200004,0.017619945502667277,-7091.0,-0.0017350466996352034,-0.007648012390405632,920078.0,0.2268240204487506,-12054.0,-0.0029494081113246003,-0.009948162924069949,1199627.0,0.2957403819881286,-8683.0,-0.002124581933850299,-0.010020923568385907,857804.0,0.21147180134403828,-2742.0,-0.0006709206106895681,-0.0027145504656909333,1007370.0,0.24834385071641524,-3.469446951953614e-18
2025-09-16,-0.0033739677982318472,-0.0033739677982318897,4042665.6958200005,4042665.6958200005,0.0,71472.6958200004,0.017679595889885505,-5133.0,-0.001265422819547296,-0.005578874834524899,914945.0,0.2263222014489169,-20311.0,-0.00500720882287651,-0.016931096082365604,1179316.0,0.29171741834091763,2075.0,0.0005115434152660509,0.0024189675030659684,859879.0,0.21270099105377177,9683.0,0.0023871204289258653,0.009612158392646198,1017053.0,0.25157979326650814,-4.2500725161431774e-17
2025-09-17,-0.0038093676694372913,-0.003809367669437311,4027265.6958200005,4027265.6958200005,0.0,71472.6958200004,0.017747201505523634,-1200.0,-0.0002968338443717385,-0.0013115542464301132,913745.0,0.2268896737924192,-8155.0,-0.00201723333404294,-0.006915025319761624,1171161.0,0.2908079795220805,-4386.0,-0.0010849277011787044,-0.005100717659112503,855493.0,0.21242526930565755,-1659.0,-0.0004103727898439285,-0.0016311834289855101,1015394.0,0.25212987587431906,-1.951563910473908e-17
2025-09-18,-0.017672039884001012,-0.017672039884000977,3956095.6958200005,3956095.6958200005,0.0,71472.6958200004,0.018066472935808466,-19350.0,-0.004804748795214542,-0.021176586465589415,894395.0,0.2260802237279081,-25692.0,-0.006379514524374781,-0.021937205900811246,1145469.0,0.28954532146689455,-10341.0,-0.0025677471468379108,-0.012087766936725374,845152.0,0.21363285041183033,-15787.0,-0.003920029417573745,-0.015547659332239505,999607.0,0.2526751314575585,3.469446951953614e-17
2025-09-19,-0.0007696982667070307,-0.0007696982667070815,3953050.6958200005,3953050.6958200005,0.0,71472.6958200004,0.018080389380175775,2286.0,0.0005778424425919174,0.0025559176873752648,896681.0,0.22683265887486856,-3754.0,-0.0009489153672309964,-0.0032772602313986673,1141715.0,0.28881870935965026,-2627.0,-0.0006640385374842375,-0.0031083166105031995,842525.0,0.21313285986716418,1050.0,0.000265413195416235,0.0010504128122352085,1000657.0,0.25313538251814116,-5.084908188957016e-17
2025-09-22,-0.007160292689878722,-0.007160292689878736,3924745.6958200005,3924745.6958200005,0.0,71472.6958200004,0.01821078392317787,-10243.0,-0.0025911633288262814,-0.01142323747241215,886438.0,0.22585871001631758,-7549.0,-0.0019096643531494287,-0.00661198285036108,1134166.0,0.2889782135968526,-6609.0,-0.0016718733222896508,-0.00784427761787484,835916.0,0.2129860288502976,-3904.0,-0.0009875916856133752,-0.0039014367560512744,996753.0,0.25396626361335434,-1.3877787807814457e-17
2025-09-23,0.00553003982477529,0.005530039824775288,3946449.6958200005,3946449.6958200005,0.0,71472.6958200004,0.018110631410227482,17880.0,0.004555709181117865,0.020170615429392694,904318.0,0.22914722591240305,-6841.0,-0.0017430428695764718,-0.006031744912120448,1127325.0,0.28565548452170564,3707.0,0.0009445197949890339,0.004434656113772197,839623.0,0.21275401049437212,6958.0,0.0017728537182448605,0.006980666223226817,1003711.0,0.2543326476612917,-2.6020852139652106e-18
2025-09-24,0.00022526576252612784,0.00022526576252615376,3947338.6958200005,3947338.6958200005,0.0,71472.6958200004,0.018106552623843954,81.0,2.052477701306913e-05,8.957026178844167e-05,904399.0,0.2291161386677321,-1863.0,-0.00047206987130058993,-0.0016525846583726963,1125462.0,0.28511918705932127,4806.0,0.0012178034361087682,0.005723997556045988,844429.0,0.2139236242621391,-2135.0,-0.0005409925792950937,-0.0021271063084891966,1001576.0,0.2537344973869635,2.5912431922403556e-17
2025-09-25,-0.010020675459616935,-0.010020675459616987,3907783.6958200005,3907783.6958200005,0.0,71472.6958200004,0.018289829065117363,-6811.0,-0.0017254663267716166,-0.007530968079354355,897588.0,0.22969234478359535,-6567.0,-0.0016636525279561307,-0.0058349371191564,1118895.0,0.28632470144057287,-8888.0,-0.002251643622426388,-0.010525455662939099,835541.0,0.21381454682196066,-17289.0,-0.004379912982462851,-0.017261795410433156,984287.0,0.25187857788875373,-5.204170427930421e-17
2025-09-26,0.0047965807370684566,0.004796580737068355,3926527.6958200005,3926527.6958200005,0.0,71472.6958200004,0.018202519212098495,3943.0,0.0010090118355879495,0.00439288404033922,901531.0,0.22960006138750227,10235.0,0.0026191316604723975,0.009147417764848354,1129130.0,0.28756450672741196,2769.0,0.0007085857907032797,0.0033140204968996135,838310.0,0.2134990671000299,1797.0,0.00045985145030472867,0.0018256870201475788,986084.0,0.2511338455729573,-1.0148132334464322e-16
2025-09-29,0.0031302466077303137,0.003130246607730395,3938818.6958200005,3938818.6958200005,0.0,71472.6958200004,0.018145718637887418,-2714.0,-0.0006911959395802044,-0.0030104344720259203,898817.0,0.22819456019995366,8536.0,0.0021739309286133474,0.0075598026799394225,1137666.0,0.28883431502123397,1703.0,0.00043371653835854384,0.002031468072670015,840013.0,0.21326521093531126,4766.0,0.001213795080338708,0.004833259641166473,990850.0,0.2515601952056137,8.109832250191573e-17
2025-09-30,-0.00023458810149867837,-0.00023458810149870014,3937894.6958200005,3937894.6958200005,0.0,71472.6958200004,0.018149976406394843,-7119.0,-0.001807394691092258,-0.007920410940158008,891698.0,0.22644028570558788,17120.0,0.004346480841620938,0.015048353383154633,1154786.0,0.2932495887271397,-5180.0,-0.00131511511446241,-0.006166571231635701,834833.0,0.2119998284581249,-5745.0,-0.00145855913756497,-0.005798052177423425,985105.0,0.2501603207027527,-2.17653586126465e-17
2025-10-09,0.010572536701957347,0.010572536701957317,3979528.232020001,3979528.232020001,0.0,27204.23202000074,0.006836044484145279,73.93099999999998,1.8774245049893365e-05,8.291035754257605e-05,981835.0,0.24672145610124807,29886.2452,0.007589396748400529,0.0258803321134825,999396.0,0.25113429073292654,3420.2755,0.0008685543327582012,0.004096957714896273,982493.0,0.24688680233367472,8253.0845,0.0020958113757486943,0.008377872917100208,988600.0,0.24842140634800536,-2.949029909160572e-17
2025-10-10,0.01506510231982161,0.015065102319821583,4039480.232020001,4039480.232020001,0.0,27204.23202000074,0.00673458723831825,7035.0,0.0017677974849870702,0.007165155041325681,988870.0,0.24480129699892136,12739.0,0.003201133214108072,0.012746699006199744,1012135.0,0.2505607013439616,23029.0,0.005786866848865279,0.0234393527485692,1005522.0,0.24892360953507478,17149.0,0.004309304771861161,0.0173467529840178,1005749.0,0.248979804883724,-2.7755575615628914e-17
2025-10-13,-0.003540802078104921,-0.0035408020781048793,4025177.232020001,4025177.232020001,0.0,27204.23202000074,0.006758517812232712,-1004.0,-0.00024854682838686284,-0.0010153002922527734,987866.0,0.2454217399774588,-5575.0,-0.0013801280560326297,-0.005508158496643234,1006560.0,0.25006600752704405,1154.0,0.0002856803186837049,0.001147662607083684,1006676.0,0.25009482613385653,-8878.0,-0.002197807512369092,-0.008827252127518894,996871.0,0.24765890854940784,4.163336342344337e-17
2025-10-14,0.014402595627051928,0.014402595627051866,4083150.232020001,4083150.232020001,0.0,27204.23202000074,0.006662559659614181,21401.0,0.005316784520630931,0.021663869391192733,1009267.0,0.24717851233720078,10995.0,0.0027315567405418947,0.010923342870767764,1017555.0,0.24920831764169474,13743.0,0.00341425959847815,0.013651860181428782,1020419.0,0.24990973684923223,11834.0,0.00293999476740089,0.011871144812117115,1008705.0,0.247040873512258,-6.245004513516506e-17
2025-10-15,-0.0009871691637478586,-0.0009871691637478443,4079119.4720200007,4079119.4720200007,0.0,32126.472020000743,0.007875835027722674,2392.24,0.0005858809654467501,0.002370274664682388,1006737.0,0.24680252856174834,-3.0,-7.347268235378769e-07,-2.9482435838849006e-06,1017552.0,0.249453836049598,-2185.0,-0.0005351260364767536,-0.002141277259635503,1018234.0,0.24962102899520258,-4235.0,-0.0010371893658943027,-0.004198452471237874,1004470.0,0.24624677136572842,1.431146867680866e-17
2025-10-16,0.006905951196876758,0.006905951196876804,4107289.672020001,4107289.672020001,0.0,33249.67202000074,0.008095282942059516,14168.0,0.003473298611914383,0.014073188926204162,1020905.0,0.24855928885529763,3051.2,0.0007480045683704945,0.0029985691148953567,1019480.0,0.24821234473550313,5659.0,0.0013873092070033522,0.00555766159841451,1023893.0,0.24928677589385617,5292.0,0.001297338809588574,0.005268450028373172,1009762.0,0.24584630757328355,4.597017211338539e-17
2025-10-17,-0.0019234095062291567,-0.0019234095062291312,4099389.672020001,4099389.672020001,0.0,33249.67202000074,0.008110883492472855,2300.0,0.0005599799828262027,0.002252903061499356,1023205.0,0.24959935060181998,-2500.0,-0.0006086738943763073,-0.002452230548907286,1016980.0,0.2480808318714616,964.0,0.0002347046536715041,0.0009415046298783174,1024857.0,0.25000233741990063,-8664.0,-0.0021094202483505306,-0.00858023970004813,1001098.0,0.2442065966143449,2.5587171270657905e-17
2025-10-20,0.006736856510250133,0.006736856510250109,4127006.672020001,4127006.672020001,0.0,33249.67202000074,0.008056607285232806,3940.0,0.0009611186823473016,0.0038506457650226496,1027145.0,0.2488837750042344,11537.0,0.002814321380264167,0.011344372554032528,1028517.0,0.24921621934199176,2962.0,0.0007225465830235298,0.00289015931003057,1027819.0,0.24904708949668955,9178.0,0.00223886986461511,0.00916793360889743,1010276.0,0.24479630887185147,-2.42861286636753e-17
2025-10-21,0.0029651030328987638,0.002965103032898779,4139243.672020001,4139243.672020001,0.0,33249.67202000074,0.008032789237502053,4715.0,0.0011424745280802274,0.004590393761348203,1031860.0,0.24928708763271235,-2965.0,-0.0007184383829815216,-0.002882791436602409,1025552.0,0.24776313772789274,3651.0,0.0008846605518602142,0.0035521818530305435,1031470.0,0.24919286752128564,6836.0,0.0016564063359398586,0.006766467777122291,1017112.0,0.24572411788060716,1.5178830414797062e-17
2025-10-22,0.004125632930343182,0.0041256329303430974,4156320.672020001,4156320.672020001,0.0,33249.67202000074,0.00799978506081947,15982.0,0.003861091848260431,0.01548853526641211,1047842.0,0.2521080741084257,-5428.0,-0.001311350679036267,-0.00529275941151692,1020124.0,0.24543919502347075,9048.0,0.002185906585099511,0.008771946833160441,1040518.0,0.2503459386578806,-2525.0,-0.0006100148239805774,-0.002482519132602899,1014587.0,0.24410700714940353,-8.413408858487514e-17
2025-10-23,0.013020650779983711,0.013020650779983796,4210438.67202,4210438.67202,0.0,33249.67202000074,0.00789696148312472,5026.0,0.0012092425961823896,0.004796524666886802,1052868.0,0.2500613551259437,22508.0,0.00541536656483749,0.022063984378369688,1042632.0,0.2476302545216237,3598.0,0.0008656694908603736,0.0034578930878658514,1044116.0,0.24798271185816248,22986.0,0.005530372128103543,0.022655523873260745,1037573.0,0.24642871701114552,8.500145032286355e-17
2025-10-24,-0.015872930401319985,-0.015872930401320078,4143606.672020001,4143606.672020001,0.0,34173.67202000074,0.008247325271184857,-14144.0,-0.00335926992453123,-0.013433782772389321,1038724.0,0.2506811293200336,-21571.0,-0.005123219141831389,-0.020688987101872953,1021061.0,0.24641841777473406,-5753.0,-0.0013663659414471273,-0.005509924184669136,1038363.0,0.25059400715121444,-25364.0,-0.006024075393510331,-0.024445508894313944,1011285.0,0.244059120482833,-9.367506770274758e-17
2025-10-27,0.005282354656825916,0.005282354656825967,4165494.672020001,4165494.672020001,0.0,34173.67202000074,0.008203988892255305,-83.0,-2.0030858758980047e-05,-7.990573049241184e-05,1038641.0,0.24934397515297382,12420.0,0.0029973887444160506,0.012163817832627042,1033481.0,0.248105226719406,5830.0,0.0014069868260825744,0.005614606837878468,1044193.0,0.2506768300566887,3721.0,0.0008980099450863224,0.0036794771009161613,1015006.0,0.24366997917867614,5.117434254131581e-17
2025-10-28,0.012107085465444367,0.012107085465444534,4215926.67202,4215926.67202,0.0,34173.67202000074,0.00810585066547823,-4760.0,-0.0011427214232137529,-0.004582911708665458,1033881.0,0.24523220644742164,14243.0,0.0034192817711835044,0.013781578955007397,1047724.0,0.24851570757942007,22440.0,0.0053871152808648345,0.021490280053591625,1066633.0,0.25300084251440225,18509.0,0.004443409836609948,0.018235360185062947,1033515.0,0.24514539279327793,1.6653345369377348e-16
2025-10-29,-0.00374034019724645,-0.003740340197246484,4200157.67202,4200157.67202,0.0,37069.67202000074,0.008825781057446032,-14621.0,-0.003468039445997897,-0.014141859653093537,1019260.0,0.24267184224772276,17755.0,0.004211411009075485,0.016946256838633076,1062583.0,0.25298645502728645,-13579.0,-0.0032208814470422982,-0.01273071431317051,1053054.0,0.2507177306735607,-5324.0,-0.001262830313281773,-0.0051513524235255416,1028191.0,0.24479819099398417,-3.382710778154774e-17
2025-10-30,-0.0024096714433894384,-0.00240967144338952,4190036.672020001,4190036.672020001,0.0,37069.67202000074,0.008847099660855616,-1957.0,-0.00046593488931066996,-0.0019200204069619135,1017303.0,0.24279095378646462,-290.0,-6.904502703121833e-05,-0.00027291985661355396,1062293.0,0.25352832997709124,-8038.0,-0.0019137376802652861,-0.007633036862307156,1045016.0,0.24940497704431827,164.0,3.9046153217654505e-05,0.00015950343856345757,1028355.0,0.24542863953127025,-8.153200337090993e-17
2025-10-31,-0.00781094834289886,-0.007810948342898841,4157308.5120200007,4157308.5120200007,0.0,38273.51202000074,0.009206319884449463,3236.0,0.0007723082763473611,0.0031809598516862724,1020539.0,0.24548069912283918,-7392.0,-0.0017641850366995344,-0.006958532156382467,1054901.0,0.2537461429552248,-667.0,-0.00015918715090348882,-0.00063826773944131,1044349.0,0.25120796231034576,-27905.16,-0.006659884431643179,-0.02713572647577928,999246.0,0.2403588757271408,1.9081958235744878e-17
2025-11-03,0.01005578486155878,0.010055784861558736,4199113.512020001,4199113.512020001,0.0,38273.51202000074,0.009114664776373026,15644.0,0.0037630115625935864,0.015329154495810546,1036183.0,0.24676232186482136,17948.0,0.004317216282627824,0.017013918841673293,1072849.0,0.25549416488241145,6211.0,0.001493995449710353,0.00594724560467813,1050560.0,0.25018613976325293,2002.0,0.00048156156662697264,0.002003510647027859,1001248.0,0.23844270871314108,-4.5102810375396984e-17
2025-11-04,0.009890659035797444,0.0098906590357975,4240645.512020001,4240645.512020001,0.0,38273.51202000074,0.009025397645597927,20981.0,0.004996530801070677,0.020248353813949852,1057164.0,0.24929317883409394,528.0,0.00012574082565012712,0.0004921475435965359,1073377.0,0.2531164175259498,19213.0,0.004575489551545252,0.018288341455985378,1069773.0,0.2522665469131423,810.0,0.00019289785753144503,0.0008089903800057528,1002058.0,0.23629845908121588,5.551115123125783e-17
2025-11-05,0.0043472155236146115,0.004347215523614616,4259080.512020001,4259080.512020001,0.0,38273.51202000074,0.008986332123092066,-3558.0,-0.0008390232076496231,-0.0033656083635084056,1053606.0,0.24737874689771822,2320.0,0.0005470865210081859,0.002161402750385,1075697.0,0.25256554717952895,15405.0,0.0036327016621254763,0.014400251268259714,1085178.0,0.25479161451336846,4268.0,0.0010064505481305766,0.004259234495408449,1006326.0,0.23627775928629222,4.336808689942018e-18
2025-11-06,0.003288738017623638,0.003288738017623608,4273087.512020001,4273087.512020001,0.0,38273.51202000074,0.008956875306751638,-1000.0,-0.000234792462170601,-0.0009491213983215737,1052606.0,0.2463338270136212,7421.0,0.00174239486176803,0.006898782835687001,1083118.0,0.2534743313712247,11611.0,0.002726175278262848,0.01069962715794091,1096789.0,0.2566736573764947,-4025.0,-0.000945039660236669,-0.00399969791101492,1002301.0,0.23456130893190763,-2.992397996059992e-17
2025-11-07,-0.003966686839977029,-0.003966686839977047,4256137.512020001,4256137.512020001,0.0,38273.51202000074,0.008992545920311627,-1335.0,-0.0003124204679273957,-0.0012682808192239071,1051271.0,0.24700118288731168,-1444.0,-0.00033792895557090597,-0.0013331880736909552,1081674.0,0.25414451411524713,-14295.0,-0.0033453562464585184,-0.013033500518331237,1082494.0,0.25433717706320974,124.0,2.9018829979773086e-05,0.00012371533102331536,1002425.0,0.23552458001391974,-1.734723475976807e-17
2025-11-10,0.0022612051356001306,0.002261205135600133,4265761.512020001,4265761.512020001,0.0,38273.51202000074,0.008972257804885291,4420.0,0.001038500280481358,0.004204434441737668,1055691.0,0.24748007994007382,-3822.0,-0.0008979973013574095,-0.003533412100133682,1077852.0,0.2526751664299198,1211.0,0.000284530280466725,0.0011187128981777266,1083705.0,0.25404725438737064,7815.0,0.0018361718760094598,0.007796094470908048,1010240.0,0.2368252414377504,2.6020852139652106e-18
2025-11-11,0.0025779687797859996,0.0025779687797859332,4276758.512020001,4276758.512020001,0.0,38273.51202000074,0.008949187079988617,5571.0,0.001305980182976033,0.005277112336848567,1061262.0,0.24814634658872617,2698.0,0.0006324779274222467,0.002503126588808111,1080550.0,0.25265630429285896,-427.0,-0.00010009936064095603,-0.0003940186674417854,1083278.0,0.2532941705629167,3155.0,0.0007396100300286095,0.0031230202724105162,1013395.0,0.2369539914755095,-6.635317295611287e-17
2025-11-12,-0.00017115766483954964,-0.0001711576648395472,4276026.512020001,4276026.512020001,0.0,40253.51202000074,0.009413765772229724,3478.0,0.0008132327299343513,0.0032772303163592026,1064740.0,0.24900219795340214,2102.0,0.0004914937315474429,0.001945305631391421,1080672.0,0.2527280869195287,357.0,8.347443490125458e-05,0.00032955529420887345,1083635.0,0.25342101994781346,-6669.0,-0.001559358561222596,-0.0065808495206706175,1006726.0,0.23543492940702587,2.439454888092385e-18
2025-11-13,-0.000962108160095676,-0.0009621081600957007,4271912.512020001,4271912.512020001,0.0,40253.51202000074,0.009422831555360342,-3769.0,-0.0008814257791445542,-0.0035398313203223323,1060971.0,0.24835972108855597,3016.0,0.0007053277128946605,0.002790856059933079,1083688.0,0.25367747980577704,-5479.0,-0.0012813297542937153,-0.005056130523654182,1078156.0,0.2523825094653418,2118.0,0.0004953196604479081,0.0021038495082077945,1008844.0,0.23615745808496477,-2.47198095326695e-17
2025-11-14,0.002585024849860007,0.0025850248498601033,4282955.512020001,4282955.512020001,0.0,40253.51202000074,0.009398536105974093,1171.0,0.00027411610062357883,0.0011037059448373236,1062142.0,0.24799276971687578,538.0,0.00012593890874080735,0.0004964528535888558,1084226.0,0.2531490222014094,2533.0,0.0005929428547220539,0.0023493817221255553,1080689.0,0.2523231906021613,6801.0,0.001592026985773663,0.006741379241983894,1015645.0,0.23713648137357934,9.627715291671279e-17
2025-11-17,-0.0090645349668107,-0.009064534966810717,4244132.512020001,4244132.512020001,0.0,40253.51202000074,0.009484508767338657,-13987.0,-0.0032657355325652706,-0.01316867236207588,1048155.0,0.24696566307283582,-17292.0,-0.004037398929657443,-0.015948704421402917,1066934.0,0.2513903599801108,-2319.0,-0.0005414485379294247,-0.002145853247326474,1078370.0,0.2540849035570636,-5225.0,-0.0012199519666585786,-0.005144514077261248,1010420.0,0.23807456462265103,-1.734723475976807e-17
2025-11-18,-0.011196398761211923,-0.011196398761211927,4196613.512020001,4196613.512020001,0.0,40253.51202000074,0.009591903544299719,-4691.0,-0.0011052906540298649,-0.004475483110799453,1043464.0,0.24864429307375943,-8123.0,-0.0019139364704081415,-0.007613404390524625,1058811.0,0.2523012893532698,-13029.0,-0.003069885297666832,-0.0120821239463264,1065341.0,0.2538573058845269,-21676.0,-0.005107286339107088,-0.021452465311454644,988744.0,0.23560520814414412,-3.469446951953614e-18
2025-11-19,-0.0035864632177566858,-0.0035864632177565812,4181562.5120200007,4181562.5120200007,0.0,40253.51202000074,0.00962642837558713,4057.0,0.0009667318632940303,0.003888011469490083,1047521.0,0.25050946792948237,-2133.0,-0.0005082669618945444,-0.002014523838532089,1056678.0,0.2526993192048556,-12719.0,-0.0030307770690748757,-0.011938900314547174,1052622.0,0.25172934685879095,-4256.0,-0.0010141510500811912,-0.004304450899322777,984488.0,0.23543543763128397,1.0451708942760263e-16
2025-11-20,0.002518197436898628,0.0025181974368985913,4192092.5120200007,4192092.5120200007,0.0,40253.51202000074,0.009602248019236625,9496.0,0.0022709214492677133,0.009065212057801229,1057017.0,0.2521454373846025,1099.0,0.0002628204162537086,0.0010400519363514714,1057777.0,0.25232673109360837,1240.0,0.0002965398691124647,0.001178010719897551,1053862.0,0.251392829947874,-1305.0,-0.00031208429773529547,-0.001325562119599223,983183.0,0.2345327535546785,-3.686287386450715e-17
2025-11-21,-0.0225484050576098,-0.02254840505760981,4097567.5120200007,4097567.5120200007,0.0,40253.51202000074,0.009823758095972588,-20174.0,-0.004812393796691038,-0.019085785753682298,1036843.0,0.2530386618300919,-26484.0,-0.006317608670147985,-0.025037413367845963,1031293.0,0.2516841997050093,-23146.0,-0.00552134761664572,-0.021963027417251976,1030716.0,0.25154338445344665,-24721.0,-0.0058970549741250685,-0.025143844024967884,958462.0,0.23390999591547953,-1.0408340855860843e-17
2025-11-24,-0.003937946099159095,-0.003937946099159046,4081431.5120200007,4081431.5120200007,0.0,40253.51202000074,0.009862596469266315,-2331.0,-0.0005688740925346887,-0.00224817064878675,1034512.0,0.25346793078686125,-5958.0,-0.0014540333948183934,-0.005777213653151917,1025335.0,0.251219454982974,-2503.0,-0.0006108502160507618,-0.0024284089894791583,1028213.0,0.2519245997321935,-5344.0,-0.0013041883957552022,-0.005575599241284475,953118.0,0.23352541802870497,4.9439619065339e-17
2025-11-25,0.009908876305015912,0.00990887630501585,4121873.9120200006,4121873.9120200006,0.0,42347.91202000074,0.010273946492275733,11062.4,0.002710421568369022,0.010693351067943146,1043480.0,0.25315670063488754,13233.0,0.0032422447763801048,0.012906025835458655,1038568.0,0.2519650096455839,16888.0,0.004137763907164453,0.016424612410074566,1045101.0,0.2535499683656817,-741.0,-0.00018155394689772973,-0.0007774483327352962,952377.0,0.23105437486157115,-6.245004513516506e-17
2025-11-26,-0.0021956033088758042,-0.0021956033088758116,4112823.9120200006,4112823.9120200006,0.0,42347.91202000074,0.010296553639516672,-3914.0,-0.0009495681050762351,-0.0037509104151493083,1039566.0,0.25276209782816117,2834.0,0.0006875513566137072,0.0027287572888823842,1041402.0,0.2532085064367656,-9002.0,-0.002183958120055255,-0.008613521563944538,1036099.0,0.2519191247094076,1032.0,0.000250371559641971,0.0010836044969586623,953409.0,0.23181371738614895,-7.37257477290143e-18
2025-11-27,0.0034365682320345314,0.0034365682320345514,4126957.9120200006,4126957.9120200006,0.0,42347.91202000074,0.010261290016227213,4027.0,0.0009791326072168627,0.0038737319227446837,1043593.0,0.2528722178049056,12734.0,0.0030961695108764663,0.012227746825913528,1054136.0,0.2554268840323689,-2310.0,-0.00056165788991084,-0.0022295166774603586,1033789.0,0.25049661809950385,-317.0,-7.70759961479378e-05,-0.0003324910924902114,953092.0,0.23094299004699445,1.9949319973733282e-17
2025-11-28,0.00012163923420160927,0.00012163923420151592,4127459.9120200006,4127459.9120200006,0.0,42347.91202000074,0.01026004199257636,-9005.0,-0.0021819946294514957,-0.008628842853487901,1034588.0,0.2506597331174725,1911.0,0.0004630529413527827,0.0018128590618288342,1056047.0,0.25585881450346176,2431.0,0.0005890537417208868,0.002351543690250138,1036220.0,0.2510551336870207,5165.0,0.0012515271805793422,0.005419204022276968,958257.0,0.23216627669946865,-9.334980705100193e-17
2025-12-01,0.007172934596840319,0.007172934596840376,4157065.9120200006,4157065.9120200006,0.0,42347.91202000074,0.010186971512179621,17436.0,0.004224389908481687,0.016853085479437226,1052024.0,0.25306887652613635,13151.0,0.0031862211336569544,0.012453044230039003,1069198.0,0.2572001557416865,-5762.0,-0.0013960159814562674,-0.005560595240392967,1030458.0,0.24788108291005664,4781.0,0.0011583395361580032,0.004989266971177879,963038.0,0.23166291330994093,5.724587470723463e-17
2025-12-02,0.00660393666615211,0.006603936666152123,4184518.9120200006,4184518.9120200006,0.0,42347.91202000074,0.010120138756777192,1198.0,0.00028818402819547024,0.0011387572907081967,1053222.0,0.25169488348460495,1787.0,0.0004298704994868992,0.00167134618658097,1070985.0,0.25593981590657966,21038.0,0.005060780955906763,0.020416164462792274,1051496.0,0.25128241074011765,3430.0,0.0008251011825629907,0.0035616455425434928,966468.0,0.23096275111192055,1.3010426069826053e-17
2025-12-03,0.004930076893843172,0.004930076893843274,4205148.912020001,4205148.912020001,0.0,44883.91202000074,0.010673560665522339,-1.0,-2.389760976172212e-07,-9.494674437108226e-07,1050685.0,0.24985678794791816,6681.0,0.001596599308180655,0.006238182607599546,1077666.0,0.2562729697679906,9068.0,0.002167035253192962,0.008623903467060264,1060564.0,0.25220605076992236,4882.0,0.001166681308567274,0.005051382973880149,971350.0,0.23099063084864663,1.0234868508263162e-16
2025-12-04,-0.0072045011089624245,-0.007204501108962371,4174852.9120200006,4174852.9120200006,0.0,44883.91202000074,0.010751016374917908,-1817.0,-0.0004320893357203798,-0.001729347996783051,1048868.0,0.25123471942691883,-9863.0,-0.0023454579626913078,-0.009152186298908939,1067803.0,0.25577020855648397,-13190.0,-0.003136630896065938,-0.012436778921404082,1047374.0,0.25087686250800834,-5426.0,-0.0012903229144847447,-0.005586040047356772,965924.0,0.23136719313367093,5.377642775528102e-17
2025-12-05,-0.0016822149541555476,-0.0016822149541555764,4167829.9120200006,4167829.9120200006,0.0,44883.91202000074,0.010769132370434734,-12125.0,-0.00290429393694096,-0.011560081916885633,1036743.0,0.2487488745666032,-23.0,-5.509176127805533e-06,-2.153955364425835e-05,1067780.0,0.2561956755770018,5018.0,0.0012019585134490506,0.004791029756323911,1052392.0,0.25250358633036024,107.0,2.5629645464138784e-05,0.00011077476074722234,966031.0,0.23178273115560005,-2.883977778811442e-17
2025-12-08,-0.00303779191264153,-0.0030377919126415736,4155168.9120200006,4155168.9120200006,0.0,44883.91202000074,0.010801946435958677,-3014.0,-0.0007231581095254485,-0.0029071814326211993,1033729.0,0.24878146277270383,-5896.0,-0.0014146450609694905,-0.005521736687332596,1061884.0,0.2555573605992768,3014.0,0.0007231581095254485,0.0028639518354377455,1055406.0,0.25399833853852244,-6765.0,-0.0016231468516720833,-0.007002880859930996,959266.0,0.2308608916535383,-4.380176776841438e-17
2025-12-09,-0.0017099184534825618,-0.0017099184534825477,4148063.9120200006,4148063.9120200006,0.0,44883.91202000074,0.010820448520558938,-1592.0,-0.0003831372523496433,-0.0015400554690832898,1032137.0,0.2488237939172388,-1469.0,-0.0003535355676517752,-0.0013833902761506906,1060415.0,0.25564095020985467,4149.0,0.0009985153643207727,0.0039311885662958145,1059555.0,0.25543362457113733,-8193.0,-0.0019717609978019022,-0.008540905233793339,951073.0,0.2292811827812103,1.4094628242311558e-17
2025-12-10,0.0021814996566900113,0.002181499656690046,4157112.9120200006,4157112.9120200006,0.0,44883.91202000074,0.010796895097610183,-11236.0,-0.0027087335774747877,-0.010886151741483932,1020901.0,0.24557932911760377,5432.0,0.0013095265924566615,0.00512252278589043,1065847.0,0.25639115957571856,6623.0,0.0015966484944478034,0.006250737337844661,1066178.0,0.25647078214239044,8230.0,0.0019840581472603687,0.00865338412508819,959303.0,0.23076183406667705,3.469446951953614e-17
2025-12-11,-0.009637938840716065,-0.009637938840716107,4117046.9120200006,4117046.9120200006,0.0,44883.91202000074,0.01090196759452973,1886.0,0.0004536802439372679,0.0018473877486651497,1022787.0,0.24842733684037052,-4839.0,-0.001164029003400021,-0.004540051245629063,1061008.0,0.2577109327810462,-26496.0,-0.0063736541587284465,-0.024851385040771803,1039682.0,0.2525310063785227,-10617.0,-0.0025539359225249065,-0.011067410401093294,948686.0,0.23042875640553093,-4.163336342344337e-17
2025-12-12,-0.008860477128277755,-0.00886047712827781,4080567.9120200006,4080567.9120200006,0.0,44883.91202000074,0.010999427772734185,-6161.0,-0.0014964609662359051,-0.006023737102642095,1016626.0,0.2491383606201864,-2949.0,-0.0007162901135253505,-0.0027794323888227046,1058059.0,0.25929209433895434,-25902.0,-0.006291402685837107,-0.02491338697794133,1013780.0,0.24844090868178914,-1467.0,-0.000356323362679447,-0.0015463493716572185,947219.0,0.23212920858633593,-5.551115123125783e-17
2025-12-15,0.0060342620269762115,0.006034262026976237,4105191.1280200006,4105191.1280200006,0.0,47067.12802000074,0.011465270812543622,2500.216,0.0006127127532016297,0.002459327225548038,1016943.0,0.24772123106737978,5538.0,0.0013571640319198922,0.005234112653453163,1063597.0,0.2590858663657372,8461.0,0.0020734858927544614,0.008345992227110419,1022241.0,0.2490117921727662,8124.0,0.0019908993491002534,0.008576686067319173,955343.0,0.23271583958157321,2.5153490401663703e-17
2025-12-16,-0.007497580268533088,-0.007497580268533126,4074412.1280200006,4074412.1280200006,0.0,47067.12802000074,0.011551881974903078,-4695.0,-0.0011436739127574978,-0.0046167779315064855,1012248.0,0.24844025793039046,-6360.0,-0.0015492579521060033,-0.005979708479809552,1057237.0,0.25948209625857716,-11340.0,-0.0027623561598871193,-0.011093274482240489,1010901.0,0.2481096580898057,-8384.0,-0.002042292243782505,-0.008775905617144837,946959.0,0.23241610574632363,-3.729655473350135e-17
2025-12-17,0.004144156130863719,0.004144156130863823,4091297.1280200006,4091297.1280200006,0.0,47067.12802000074,0.011504206745985976,-745.0,-0.000182848464168999,-0.0007359856477859181,1011503.0,0.2472328379849353,7622.0,0.0018706993206659198,0.007209357977444981,1064859.0,0.2602741787456886,4187.0,0.0010276329120477835,0.004141849696458901,1015088.0,0.2481090882028546,5821.0,0.0014286723623191183,0.0061470454370252565,952780.0,0.23287968832053554,1.0408340855860843e-16
2025-12-18,0.008381205013236137,0.008381205013236177,4125587.1280200006,4125587.1280200006,0.0,47067.12802000074,0.011408589022476842,16572.0,0.004050549124507142,0.016383540137794944,1028075.0,0.24919483411647292,350.0,8.55474410799843e-05,0.00032868201329941334,1065209.0,0.25819573479986774,13321.0,0.0032559356075042025,0.013123000173383982,1028409.0,0.2492757922903366,4047.0,0.000989172840144847,0.004247570268057684,956827.0,0.23192504977084594,3.9898639947466563e-17
2025-12-19,0.0033357676308740647,0.00333576763087411,4139349.1280200006,4139349.1280200006,0.0,47067.12802000074,0.011370659145756723,2667.0,0.0006464534421988992,0.002594168713372079,1030742.0,0.24901064590631447,-1361.0,-0.0003298924390073872,-0.0012776835344049853,1063848.0,0.2570085216534699,6430.0,0.0015585660417468774,0.006252376243303977,1034839.0,0.25000041503988835,6026.0,0.0014606405859357205,0.006297899202259134,962853.0,0.23260975825457061,4.5102810375396984e-17
2025-12-22,-0.002876056025188367,-0.002876056025188334,4127444.1280200006,4127444.1280200006,0.0,47067.12802000074,0.011403456124451422,-7725.0,-0.0018662354300361093,-0.007494600976772073,1023017.0,0.24785726184760185,-5085.0,-0.0012284540015189147,-0.004779818169512938,1058763.0,0.2565178272947101,-946.0,-0.0002285383452186614,-0.0009141518632366967,1033893.0,0.2504923066023366,1851.0,0.00044717175158535125,0.001922411832335777,964704.0,0.23372914813089998,3.2959746043559335e-17
2025-12-23,-0.002839771935476909,-0.00283977193547687,4115723.1280200006,4115723.1280200006,0.0,47067.12802000074,0.011435931561957102,1503.0,0.0003641478729649122,0.0014691837965547004,1024520.0,0.2489283093473972,-4857.0,-0.0011767572980642572,-0.0045874289146862895,1053906.0,0.25606824541353806,-1068.0,-0.0002587557740030115,-0.001032988906975867,1032825.0,0.25094618074974184,-7299.0,-0.0017684067363745138,-0.007566051348392875,957405.0,0.2326213329273658,3.903127820947816e-17
2025-12-24,0.0034300169279830595,0.0034300169279830616,4129840.1280200006,4129840.1280200006,0.0,47067.12802000074,0.011396840207121159,1070.0,0.0002599786153532532,0.0010443915199312849,1025590.0,0.24833648959958798,3053.0,0.0007417894510967123,0.0028968427924312037,1056959.0,0.25593218314403504,10114.0,0.0024574053417596295,0.00979255924285334,1042939.0,0.2525373786079278,-120.0,-2.9156480226533073e-05,-0.00012533880646121547,957285.0,0.231797108441328,2.168404344971009e-18
2025-12-25,0.0038892546689697216,0.0038892546689696487,4145902.1280200006,4145902.1280200006,0.0,47067.12802000074,0.011352686717300548,1722.0,0.00041696529323656675,0.001679033531918213,1027312.0,0.2477897374993325,4040.0,0.000978246100276266,0.0038222863895382886,1060999.0,0.2559151102070786,5312.0,0.001286248337788991,0.005093298841063572,1048251.0,0.2528402667577258,4988.0,0.0012077949376678252,0.005210569475130186,962273.0,0.23210219881856262,-7.28583859910259e-17
2025-12-26,-0.0037166820451111082,-0.003716682045111139,4130493.1280200006,4130493.1280200006,0.0,47067.12802000074,0.011395038452118889,-3927.0,-0.000947200362849727,-0.003822597224601679,1023385.0,0.24776339489773497,-2397.0,-0.0005781612604407424,-0.002259191573224857,1058602.0,0.25628949551296143,-5723.0,-0.0013803992046317768,-0.0054595702746765805,1042528.0,0.2523979504838803,-3362.0,-0.0008109212171888929,-0.003493811007894849,958911.0,0.23215412065330443,-3.0791341698588326e-17
2025-12-29,-0.010813963034339125,-0.010813963034339107,4085826.1280200006,4085826.1280200006,0.0,47067.12802000074,0.01151961110073217,477.0,0.00011548257925044786,0.0004661002457530646,1023862.0,0.25058873479184623,-28068.0,-0.006795314537529498,-0.026514214029446384,1030534.0,0.2522216970841583,-9702.0,-0.0023488720836223166,-0.009306224868780502,1032826.0,0.25278266074932304,-7374.0,-0.0017852589924377412,-0.007689973313477476,951537.0,0.23288729627394025,1.734723475976807e-17
2025-12-30,-0.007356407017389599,-0.007356407017389573,4055769.1280200006,4055769.1280200006,0.0,47067.12802000074,0.01160498207228541,-3063.0,-0.000749664793368076,-0.002991614104244517,1020799.0,0.2516906085574815,-15308.0,-0.0037466107270253046,-0.01485443469114071,1015226.0,0.25031651653594655,-3264.0,-0.0007988592509152466,-0.0031602612637559474,1029562.0,0.2538512345012659,-8422.0,-0.002061272246080946,-0.008850943263372837,943115.0,0.23253665833302065,2.6020852139652106e-17
2025-12-31,-0.0011134756090529496,-0.0011134756090528952,4051253.1280200006,4051253.1280200006,0.0,48735.12802000074,0.012029642799392153,-345.0,-8.506401353482038e-05,-0.0003379705505197399,1020454.0,0.251886013476214,-1022.0,-0.0002519867299495259,-0.0010066724059470502,1014204.0,0.25034328094321756,-5467.0,-0.0013479564115793131,-0.0053100250397741956,1022427.0,0.2523730232822303,2318.0,0.0005715315460107642,0.002457812673958107,945433.0,0.233368039498946,5.442694905877232e-17
2026-01-05,-0.0005836272445299828,-0.0005836272445300355,4048888.706320001,4048888.706320001,0.0,26588.70632000084,0.006566914590291883,811.4241,0.00020028965714037557,0.0007951598994173181,1007814.0,0.2489112625958033,871.7652,0.0002151840856278621,0.0008595560656435983,1007282.0,0.24877986851743072,-4299.9691,-0.0010613923554318998,-0.004205649009660348,1001718.0,0.24740566428422595,252.35810000000004,6.229136813362657e-05,0.0002669233039252914,1005486.0,0.24833629001224816,-5.2692225582795515e-17
2026-01-06,0.00740548880812586,0.00740548880812587,4078872.706320001,4078872.706320001,0.0,26588.70632000084,0.006518640868297514,5313.0,0.0013122119142733707,0.0052718061070792825,1013127.0,0.24838406906648802,7510.0,0.0018548299409360087,0.0074557075377103925,1014792.0,0.24879227008669152,6310.0,0.0015584523205467663,0.006299178012175083,1008028.0,0.24713396876497595,10851.0,0.0026799946323697245,0.010791796206013808,1016337.0,0.24917105121354702,1.0408340855860843e-17
2026-01-07,-0.003638750475591701,-0.0036387504755917227,4064030.706320001,4064030.706320001,0.0,26588.70632000084,0.006542447201162277,-5746.0,-0.00140872255981337,-0.005671549568810228,1007381.0,0.247877310187006,2457.0,0.0006023723163002872,0.0024211858193600266,1017249.0,0.25030544144710065,-4550.0,-0.0011155042894449763,-0.004513763506569262,1003478.0,0.2469169335850452,-7003.0,-0.0017168959426336636,-0.006890431028290813,1009334.0,0.24835786757968586,-2.168404344971009e-17
2026-01-08,-0.004065914161106909,-0.004065914161106957,4047506.706320001,4047506.706320001,0.0,26588.70632000084,0.006569156828939595,-7828.0,-0.0019261665488468445,-0.007770644870212958,999553.0,0.2469552424556191,-3796.0,-0.0009340480607336002,-0.0037316330613252017,1013453.0,0.2503894554189468,-4192.0,-0.0010314882693875794,-0.004177470756708169,999286.0,0.2468892759188415,-708.0,-0.00017421128213893278,-0.0007014526410484538,1008626.0,0.24919686937765306,-4.7704895589362195e-17
2026-01-09,0.0022833810220916906,0.0022833810220917066,4056748.706320001,4056748.706320001,0.0,26588.70632000084,0.006554191113336241,229.0,5.657804090662203e-05,0.0002291024087767232,999782.0,0.24644908333672272,2168.0,0.0005356383960067972,0.002139221059092035,1015621.0,0.25035344151777655,2956.0,0.0007303261524889725,0.002958112092033712,1002242.0,0.2470554802762639,3889.0,0.0009608384326893147,0.00385574038345234,1012515.0,0.2495878037559006,1.6046192152785466e-17
2026-01-12,0.005482469240786436,0.005482469240786542,4078989.706320001,4078989.706320001,0.0,26588.70632000084,0.006518453890384721,3100.0,0.0007641587449502396,0.0031006759473565237,1002882.0,0.24586529317446698,7608.0,0.001875393461800459,0.007490983349103652,1023229.0,0.25085353817260325,4257.0,0.001049362508791345,0.004247477156215765,1006499.0,0.24675203235755339,7276.0,0.0017935545252444978,0.007186066379263517,1019791.0,0.2500106824049917,1.0581813203458523e-16
2026-01-13,2.157396961899316e-05,2.157396961891139e-05,4079077.706320001,4079077.706320001,0.0,27644.70632000084,0.006777195314805835,2679.0,0.0006567802796484503,0.002671301309625659,1005561.0,0.24651675510913015,4282.0,0.0010497697489565748,0.004184791478740341,1027511.0,0.25189787348449016,-6322.0,-0.001549893590122248,-0.006281178620147661,1000177.0,0.24519684889806234,-551.0,-0.00013508246886386564,-0.0005403067883517308,1018184.0,0.24961132719351148,-8.176917259614114e-17
2026-01-14,-0.007656632760785653,-0.007656632760785625,4047845.706320001,4047845.706320001,0.0,27644.70632000084,0.0068294861824497125,-11262.0,-0.00276091822976331,-0.011199718366165753,994299.0,0.24563658601106672,-739.0,-0.00018116840452806661,-0.0007192137115807032,1026772.0,0.2536588779549763,-8182.0,-0.0020058455830157525,-0.008180552042288515,991995.0,0.2450673943552675,-11049.0,-0.0027087005434784954,-0.010851673174986054,1007135.0,0.24880765549623973,2.862293735361732e-17
2026-01-15,-0.0005111360832675826,-0.0005111360832676056,4045776.706320001,4045776.706320001,0.0,27644.70632000084,0.006832978764452425,-2440.0,-0.0006027897743706901,-0.0024539901981194792,991859.0,0.2451591059018641,2247.0,0.0005551100913979265,0.002188411838265944,1029019.0,0.2543439924384719,-1235.0,-0.0003051005620277878,-0.001244965952449357,990760.0,0.24488746461274322,-641.0,-0.00015835583826705424,-0.0006364588659911531,1006494.0,0.2487764582824684,-2.2985086056692694e-17
2026-01-16,-0.0038071799602629186,-0.003807179960262913,4030373.706320001,4030373.706320001,0.0,27644.70632000084,0.006859092564208468,-8242.0,-0.002037186082742773,-0.00830964885129842,983617.0,0.24405106614743866,-181.0,-4.473801031017251e-05,-0.00017589568317008723,1028838.0,0.2552711175111842,-1398.0,-0.0003455455160973546,-0.0014110379910371835,989362.0,0.2454764922787652,-5582.0,-0.001379710351112613,-0.005545984377452821,1000912.0,0.24834223149840345,5.637851296924623e-18
2026-01-19,0.008511369540300517,0.008511369540300478,4064677.706320001,4064677.706320001,0.0,27644.70632000084,0.006801204995175195,-1912.0,-0.0004743976959262627,-0.0019438460295013202,981705.0,0.24152099401967028,17309.0,0.004294638974261339,0.016823834267396812,1046147.0,0.25737514154526664,11912.0,0.002955557193448557,0.012040082396534332,1001274.0,0.24633539787008452,6995.0,0.0017355710685168447,0.006988626372748054,1007907.0,0.24796726156980337,-3.9898639947466563e-17
2026-01-20,0.012623387069587322,0.012623387069587383,4115987.706320001,4115987.706320001,0.0,27644.70632000084,0.006716421013005713,8046.0,0.001979492737515106,0.008195944810304522,989751.0,0.24046500393581374,14304.0,0.003519098200026855,0.013673030654391783,1060451.0,0.2576419259881906,12219.0,0.0030061424011554906,0.01220345280113136,1013493.0,0.24623324273874914,16741.0,0.004118653730889931,0.016609667360183034,1024648.0,0.24894340632424083,6.071532165918825e-17
2026-01-21,-0.00933846326629717,-0.009338463266297153,4077550.706320001,4077550.706320001,0.0,27644.70632000084,0.006779733303414945,-7541.0,-0.0018321240339034478,-0.007619088033252808,982210.0,0.24088235088716944,-16674.0,-0.004051032507798182,-0.01572349877552098,1043777.0,0.2559813660642399,-1874.0,-0.0004552977641605969,-0.0018490507581206776,1011619.0,0.24809476886014953,-12348.0,-0.003000008960434926,-0.012050967746972618,1012300.0,0.24826178088502623,1.734723475976807e-17
2026-01-22,0.002012973128029616,0.0020129731280295322,4085758.706320001,4085758.706320001,0.0,27644.70632000084,0.006766113299162528,5458.0,0.0013385486516551152,0.005556856476720864,987668.0,0.24173429489906956,-9099.0,-0.0022314866583748433,-0.008717379286954973,1034678.0,0.25324011386172224,6922.0,0.0016975877183504412,0.00684249702704279,1018541.0,0.2492905414175545,4927.0,0.0012083234163988187,0.004867134248740492,1017227.0,0.2489689365224912,-8.370040771588094e-17
2026-01-23,7.978934230634671e-05,7.978934230641943e-05,4086084.706320001,4086084.706320001,0.0,27644.70632000084,0.006765573478504352,749.0,0.00018331968523775509,0.000758351996824844,988417.0,0.241898313676954,-5767.0,-0.0014114881505555856,-0.00557371472090834,1028911.0,0.2518085340738458,-1105.0,-0.00027045160505703524,-0.0010848851445351734,1017436.0,0.24900022224853008,6449.0,0.0015784094126812852,0.0063397845318694844,1023676.0,0.2505273565221658,7.272286071946521e-17
2026-01-26,0.0031940111226314016,0.0031940111226313656,4099135.706320001,4099135.706320001,0.0,27644.70632000084,0.0067440329622116555,769.0,0.00018819972058106813,0.0007780117096326753,989186.0,0.24131574821367446,-664.0,-0.00016250274963046715,-0.0006453425028986958,1028247.0,0.25084483014667225,1204.0,0.0002946586002335579,0.0011833668161928613,1018640.0,0.2485011653626086,11742.0,0.0028736555514472066,0.011470426189536533,1035418.0,0.252594223314833,-3.599551212651875e-17
2026-01-27,-0.009053615849502372,-0.009053615849502407,4062023.706320001,4062023.706320001,0.0,27644.70632000084,0.006805648691067247,-7805.0,-0.0019040599187693005,-0.007890325985203997,981381.0,0.24159903313047976,-21096.0,-0.005146450742646658,-0.020516471236969328,1007151.0,0.2479431615411301,-6236.0,-0.001521296304092935,-0.0061218880075394645,1012404.0,0.2492363593114501,-1975.0,-0.00048180888399351296,-0.0019074422117444356,1033443.0,0.25441579732587283,-3.469446951953614e-17
2026-01-28,0.0049563964800785065,0.004956396480078531,4082156.706320001,4082156.706320001,0.0,27644.70632000084,0.006772083559947924,2345.0,0.0005772984525795538,0.0023894899126842683,983726.0,0.24098192959544987,-3093.0,-0.0007614431189034369,-0.003071039000110212,1004058.0,0.24596263010812788,8385.0,0.0020642420148740117,0.008282266763070869,1020789.0,0.25006119888038914,12496.0,0.003076299131528402,0.012091619953882313,1045939.0,0.25622215785608515,2.42861286636753e-17
2026-01-29,0.0014257169478548715,0.001425716947854909,4087976.706320001,4087976.706320001,0.0,27644.70632000084,0.006762442231449656,14286.0,0.003499620673033545,0.014522336504270499,998012.0,0.2441334850213496,-4269.0,-0.001045770730308008,-0.004251746413055819,999789.0,0.24456817438669085,-9808.0,-0.0024026515162475855,-0.009608254007439343,1010981.0,0.24730595906699424,5611.0,0.0013745185213769578,0.00536455758892249,1051550.0,0.2572299392935157,3.7513395167998453e-17
2026-01-30,-0.00299072154229707,-0.002990721542297107,4075750.706320001,4075750.706320001,0.0,27644.70632000084,0.006782727480641541,-5699.0,-0.001394088178435401,-0.0057103521801341066,992313.0,0.24346754046102106,-2889.0,-0.0007067065708896076,-0.0028896097076483137,996900.0,0.24459297730211324,341.0,8.341534810431158e-05,0.00033729615096623973,1011322.0,0.2481314665373937,-3979.0,-0.00097334214107641,-0.003783937996291189,1047571.0,0.25702528821883047,-3.686287386450715e-17
2026-02-02,-0.013338156309634641,-0.01333815630963465,4021387.706320001,4021387.706320001,0.0,27644.70632000084,0.006874419563315048,-8744.0,-0.0021453716456311346,-0.008811735813196038,983569.0,0.24458447477079265,-19342.0,-0.004745628816308029,-0.01940214665462935,977558.0,0.24308971713015207,-14079.0,-0.0034543329596112473,-0.013921382111730982,997243.0,0.24798479351611283,-12198.0,-0.0029928228880842385,-0.011644079494373174,1035373.0,0.25746659501962743,-8.673617379884035e-18
2026-02-03,0.0017633216486079295,0.0017633216486079683,4028478.706320001,4028478.706320001,0.0,27644.70632000084,0.006862319087508389,-6650.0,-0.0016536580120212932,-0.006761091494343559,976919.0,0.24250320560646865,1877.0,0.0004667542990321755,0.0019200906749267052,979435.0,0.2431277589883825,3767.0,0.0009367413129750693,0.0037774143313114255,1001010.0,0.24848337870809267,8097.0,0.0020134840486220164,0.007820370050213788,1043470.0,0.2590233376095478,3.881443777498106e-17
2026-02-04,0.014101849393141075,0.014101849393140964,4085287.706320001,4085287.706320001,0.0,27644.70632000084,0.0067668933762569695,13257.0,0.0032908204229060494,0.01357021411191716,990176.0,0.24237607512151055,10922.0,0.0027111971531251318,0.011151327040589729,990357.0,0.24242038044662143,16343.0,0.004056866423138988,0.01632651022467308,1017353.0,0.24902848296978933,16287.0,0.004042965393970795,0.015608498567280324,1059757.0,0.25940816808582173,-1.1102230246251565e-16
2026-02-05,0.0011208512910647617,0.0011208512910648176,4089866.706320001,4089866.706320001,0.0,29728.70632000084,0.00726886924555795,16832.0,0.004120150454510375,0.01699899815790324,1004924.0,0.24571069723301942,-8497.0,-0.002079902472194312,-0.008579734378612964,981860.0,0.24007139364291472,93.0,2.276461455973532e-05,9.141369809692407e-05,1017446.0,0.24877241070662723,-3849.0,-0.0009421613058109811,-0.0036319646862441107,1055908.0,0.2581766291718807,5.594483210025203e-17
2026-02-06,-0.003116971998207374,-0.0031169719982073584,4077118.706320001,4077118.706320001,0.0,29728.70632000084,0.007291596949070417,1691.0,0.0004134609075124445,0.0016827143147143465,1006615.0,0.24689371894902926,2256.0,0.0005516072190112802,0.0022976799136333083,984116.0,0.24137536110354293,-6477.0,-0.00158367019394329,-0.006365939814004871,1010969.0,0.24796162996993007,-10218.0,-0.002498369930787793,-0.00967697943381431,1045690.0,0.2564776930284273,1.5612511283791264e-17
2026-02-09,0.005303500230808167,0.005303500230808064,4098741.706320001,4098741.706320001,0.0,29728.70632000084,0.007253129972586722,7822.0,0.0019185117146270489,0.007770597497553682,1014437.0,0.2474996163910017,6051.0,0.0014841363315275214,0.006148665401233188,990167.0,0.24157828693455483,6030.0,0.0014789856352852345,0.005964574581416443,1016999.0,0.2481246862742904,1720.0,0.0004218665493682593,0.0016448469431667129,1047410.0,0.25554428042756633,-1.0321604682062002e-16
2026-02-10,-0.0024905204405195613,-0.0024905204405195644,4088533.706320001,4088533.706320001,0.0,29728.70632000084,0.0072712391422985224,-813.0,-0.00019835355781175606,-0.0008014297585754463,1013624.0,0.2479187094466541,-5499.0,-0.0013416312600330216,-0.005553608633695124,984668.0,0.24083646381046422,-1309.0,-0.000319366306489039,-0.0012871202429894227,1015690.0,0.24842402508017972,-2587.0,-0.0006311693161857478,-0.00246990194861611,1044823.0,0.25554956252040345,-3.0357660829594124e-18
2026-02-11,0.0036453166515324487,0.0036453166515324543,4103437.706320001,4103437.706320001,0.0,29728.70632000084,0.007244829444885568,5959.0,0.001457490735807964,0.005878905787550413,1019583.0,0.2484704467255995,2404.0,0.0005879858581779401,0.0024414320359755774,987072.0,0.24054757757860906,2744.0,0.000671145255757183,0.0027016117122350323,1018434.0,0.24819043760099885,3797.0,0.0009286948017893672,0.00363410836093769,1048620.0,0.25554670864990703,5.637851296924623e-18
2026-02-12,-0.008073474576932305,-0.00807347457693232,4070308.706320001,4070308.706320001,0.0,29728.70632000084,0.00730379645991982,-14934.0,-0.0036393875254884626,-0.014647164576106113,1004649.0,0.24682378475128275,5309.0,0.0012937932484812004,0.0053785336834597675,992381.0,0.24380976274824612,-16245.0,-0.0039588757433748544,-0.015950960003299184,1002189.0,0.2462194079883654,-7259.0,-0.0017690045565502042,-0.006922431386012092,1041361.0,0.25584324805218595,-1.5612511283791264e-17
2026-02-13,-0.01321521385257085,-0.013215213852570896,4016518.706320001,4016518.706320001,0.0,29728.70632000084,0.007401610323194228,-9105.0,-0.0022369310676270313,-0.009062866732560328,995544.0,0.2478624084168983,-18509.0,-0.004547320936925724,-0.01865110275186647,973872.0,0.24246669098480989,-8155.0,-0.0020035335372321187,-0.008137187696133164,994034.0,0.2474864609583133,-18021.0,-0.004427428310786022,-0.017305238049053113,1023340.0,0.2547828293167843,-4.5102810375396984e-17
2026-02-24,0.010558148262392653,0.010558148262392627,4058925.706320001,4058925.706320001,0.0,29728.70632000084,0.007324279494377389,-2902.0,-0.0007225162415984013,-0.0029149891918388337,992642.0,0.2445578145109664,19337.0,0.004814368216329527,0.019855792136954344,993209.0,0.24469750664652756,13998.0,0.003485107632630745,0.014082013291295872,1008032.0,0.24834945819048404,11974.0,0.002981188655030757,0.011700900971329177,1035314.0,0.2550709411576446,-2.6020852139652106e-17
2026-02-25,0.003827860159107521,0.0038278601591075984,4074462.706320001,4074462.706320001,0.0,29728.70632000084,0.007296350086574091,-72.0,-1.773868388078439e-05,-7.253370298657522e-05,992570.0,0.24360758007685282,6325.0,0.0015582941048050177,0.006368246763772781,999534.0,0.24531676248983647,2445.0,0.0006023761401183033,0.0024255182375162694,1010477.0,0.24800251538261078,6839.0,0.001684928598065062,0.006605725412773323,1042153.0,0.25577679196412584,7.719519468096792e-17
2026-02-26,0.0024071885563676787,0.0024071885563675833,4084270.706320001,4084270.706320001,0.0,29728.70632000084,0.007278828573727652,-2667.0,-0.0006545648327724658,-0.0026869641435868503,989903.0,0.24236958595036906,14836.0,0.0036412162950927272,0.01484291679922844,1014370.0,0.24836012912424335,-4029.0,-0.0009888420364605418,-0.003987225834927465,1006448.0,0.2464204927559337,1668.0,0.0004093791305078639,0.001600532743272821,1043821.0,0.25557096359572623,-9.540979117872439e-17
2026-02-27,0.013829151900387027,0.013829151900386952,4140752.706320001,4140752.706320001,0.0,29728.70632000084,0.00717954160233383,2947.0,0.0007215486464792385,0.0029770593684431707,992850.0,0.2397752462938973,26298.0,0.006438848423858505,0.025925451265317388,1040668.0,0.25132338823606537,12137.0,0.0029716443577599313,0.012059242007535411,1018585.0,0.24599029989048637,15100.0,0.0036971104722892775,0.014466081828206178,1058921.0,0.2557315239772171,-7.45931094670027e-17
2026-03-02,0.004708805713087072,0.004708805713086982,4160250.706320001,4160250.706320001,0.0,29728.70632000084,0.007145892980641477,1858.0,0.0004487106890407022,0.001871380369642947,994708.0,0.2390980905282703,19279.0,0.004655916778264638,0.018525600864060392,1059947.0,0.25477959739055933,-4537.0,-0.001095694508168819,-0.004454218351929392,1014048.0,0.24374684882800926,2898.0,0.0006998727539504602,0.002736748067136264,1061819.0,0.25522957027251963,-9.020562075079397e-17
2026-03-03,0.0006571719333756665,0.0006571719333757153,4162984.706320001,4162984.706320001,0.0,29728.70632000084,0.00714119998444108,-4445.0,-0.0010684452245263549,-0.004468648085669363,990263.0,0.23787332163306785,-9461.0,-0.002274141792855758,-0.008925917994012909,1050486.0,0.2523396250784235,-1308.0,-0.0003144041290619735,-0.0012898797690050175,1012740.0,0.24327257279194833,17948.0,0.004314163079819802,0.01690306916715561,1079767.0,0.2593732805121193,4.87890977618477e-17
2026-03-04,-0.017576091473244904,-0.017576091473244928,4089815.706320001,4089815.706320001,0.0,29728.70632000084,0.00726895988835414,-23347.0,-0.005608235832467975,-0.023576565013536808,966916.0,0.23642043295638546,-2592.0,-0.0006226301999296266,-0.0024674293612670707,1047894.0,0.2562203471370818,-17653.0,-0.004240467175678124,-0.017430929952406343,995087.0,0.24330851839174317,-29577.0,-0.0071047582651692,-0.027392020685944284,1050190.0,0.2567817416264354,-2.42861286636753e-17
2026-03-05,0.005956258606556908,0.0059562586065568775,4114175.706320001,4114175.706320001,0.0,29728.70632000084,0.007225920437557642,8098.0,0.001980040320028637,0.008375081185956174,975014.0,0.23698890606500592,14402.0,0.0035214300678009913,0.013743756524992032,1062296.0,0.2582038483111335,4062.0,0.000993198787349509,0.0040820551368875285,999149.0,0.2428552087518175,-2202.0,-0.0005384105686222596,-0.0020967634428055875,1047988.0,0.25472611643448545,-3.0357660829594124e-17
2026-03-06,0.011502668670009264,0.01150266867000919,4161499.706320001,4161499.706320001,0.0,29728.70632000084,0.007143748268166965,4064.0,0.000987804189732849,0.004168145277913958,979078.0,0.23527047196785583,13829.0,0.0033613051525136733,0.013018028873308381,1076125.0,0.25859067065791375,18549.0,0.004508558050038045,0.01856479864364574,1017698.0,0.24455078020417467,10882.0,0.0026450012777246216,0.010383706683664317,1058870.0,0.25444432890188884,-7.45931094670027e-17
2026-03-09,-0.00599255118584463,-0.00599255118584463,4136561.706320001,4136561.706320001,0.0,29728.70632000084,0.007186815628685089,-2309.0,-0.000554848050690322,-0.002358341214898098,976769.0,0.23613064891734942,-6476.0,-0.0015561697601864553,-0.0060178882564757815,1069649.0,0.25858407922834764,-7171.0,-0.0017231768607623643,-0.00704629467680982,1010527.0,0.24429153285833433,-8982.0,-0.0021583565142054882,-0.008482627706895087,1049888.0,0.2538069233672835,0.0
2026-03-10,0.0027501100690989766,0.002750110069099006,4147937.706320001,4147937.706320001,0.0,29728.70632000084,0.007167105300232626,3863.0,0.0009338673696316334,0.003954875717800217,980632.0,0.23641435080036546,-4410.0,-0.00106610279577414,-0.004122847775298252,1065239.0,0.25681171594668595,5060.0,0.0012232381284846142,0.00500728827631523,1015587.0,0.2448414301045558,6863.0,0.0016591073667568987,0.006536887744216526,1056751.0,0.25476539784816016,2.949029909160572e-17
2026-03-11,0.012679795050890785,0.012679795050890877,4200532.706320001,4200532.706320001,0.0,29728.70632000084,0.007077365752984588,8997.0,0.002169029681012743,0.00917469550249227,989629.0,0.235596070591483,22221.0,0.00535711998908349,0.020860107450065196,1087460.0,0.25888621182828525,5729.0,0.0013811682830412364,0.005641072601362562,1021316.0,0.24313963761390484,15648.0,0.0037724770977534067,0.01480765099820109,1072399.0,0.25530071421334233,9.194034422677078e-17
2026-03-12,0.01919470829942349,0.01919470829942341,4281160.706320001,4281160.706320001,0.0,29728.70632000084,0.006944076235240194,13499.0,0.0032136400175362977,0.013640465265266074,1003128.0,0.23431215710242947,42075.0,0.010016586690705959,0.038691078292534896,1129535.0,0.2638384955585854,9100.0,0.0021663918927017044,0.008910072886354469,1030416.0,0.2406861294599064,15954.0,0.00379808969847945,0.014876925472701858,1088353.0,0.2542191416438385,-7.979727989493313e-17
2026-03-13,-0.005794690202443831,-0.005794690202443826,4256352.706320001,4256352.706320001,0.0,29728.70632000084,0.006984549536004966,2173.0,0.0005075726301963251,0.0021662240511679466,1005301.0,0.23618836815550773,-16958.0,-0.003961075316552822,-0.015013257667978416,1112577.0,0.2613921065206842,-2649.0,-0.0006187574309204166,-0.0025708063539386034,1027767.0,0.24146659614790167,-7374.0,-0.0017224300851669129,-0.006775375268869567,1080979.0,0.2539683796399015,4.336808689942018e-18
2026-03-16,-0.006344633977325653,-0.006344633977325683,4229347.706320001,4229347.706320001,0.0,29728.70632000084,0.007029146900259968,2775.0,0.000651966646438762,0.0027603672929799134,1008076.0,0.2383525947733291,-35228.0,-0.008276569737205301,-0.03166342644149574,1077349.0,0.25473171628572777,-913.0,-0.00021450290025174407,-0.0008883336398230338,1026854.0,0.24279252293812378,6361.0,0.0014944720136926002,0.005884480642084629,1087340.0,0.25709401910255936,-2.949029909160572e-17
2026-03-17,-0.002775132435307026,-0.002775132435307024,4217610.706320001,4217610.706320001,0.0,29728.70632000084,0.007048707998453485,7753.0,0.0018331432027720335,0.007690888385399513,1015829.0,0.24085414011250533,-11313.0,-0.0026748805691938623,-0.010500775514712502,1066036.0,0.2527582733993366,-1608.0,-0.0003802004733725564,-0.001565948031560475,1025246.0,0.24308692086343828,-6569.0,-0.0015531945955126387,-0.006041348612209612,1080771.0,0.2562519576262663,2.168404344971009e-18
2026-03-18,-0.002665490198788145,-0.002665490198788167,4206368.706320001,4206368.706320001,0.0,29728.70632000084,0.007067546474310239,-9359.0,-0.002219028889028505,-0.009213164814156714,1006470.0,0.23927289076865638,7447.0,0.0017656916483166233,0.006985692790862598,1073483.0,0.2552042093664089,-6433.0,-0.0015252711660562425,-0.0062745916589774554,1018813.0,0.24220725075033245,-2897.0,-0.0006868817920200426,-0.002680493832643548,1077874.0,0.256248102640292,-2.168404344971009e-17
2026-03-19,-0.007757522527916394,-0.007757522527916407,4173737.706320001,4173737.706320001,0.0,29728.70632000084,0.00712280176949901,-7421.0,-0.0017642295571593778,-0.007373294782755571,999049.0,0.2393655448178283,-6584.0,-0.0015652455739573296,-0.0061333062563636315,1066899.0,0.25562195688159056,-11049.0,-0.002626731219115209,-0.010844973513294392,1007764.0,0.24145360128261367,-7577.0,-0.0018013161776844907,-0.007029578596385106,1070297.0,0.25643609524846844,-1.3010426069826053e-17
2026-03-20,-0.0026192350284606203,-0.0026192350284605648,4162805.706320001,4162805.706320001,0.0,29728.70632000084,0.00714150705493329,-7668.0,-0.001837202176933371,-0.007675299209548281,991381.0,0.23815211901311617,5555.0,0.0013309413266646942,0.005206678420356566,1072454.0,0.2576276856668551,-11130.0,-0.0026666745212921778,-0.011044252424178677,996634.0,0.23941400831821272,2311.0,0.0005537003431002896,0.0021592137509495028,1072608.0,0.2576646799468827,5.551115123125783e-17
2026-03-23,-0.04432203014420888,-0.04432203014420893,3978301.706320001,3978301.706320001,0.0,29728.70632000084,0.007472712859553435,-49003.0,-0.011771627949294703,-0.04942902879922048,942378.0,0.236879470077124,-36445.0,-0.008754912568864058,-0.033982809519102916,1036009.0,0.2604148896887779,-56858.0,-0.013658576453298741,-0.05705003040233426,939776.0,0.23622542214610198,-42198.0,-0.010136913172751422,-0.039341492884632595,1030410.0,0.2590075052284427,-4.85722573273506e-17
2026-03-24,0.03090690678504049,0.03090690678504054,4101258.706320001,4101258.706320001,0.0,29728.70632000084,0.007248678624976568,27624.0,0.006943666428344542,0.029313078191553706,970002.0,0.23651324372813548,44490.0,0.011183163893608771,0.042943642381485105,1080499.0,0.2634554602310167,28860.0,0.007254351763757005,0.03070944565513484,968636.0,0.2361801752489647,21983.0,0.005525724699330223,0.021334226181811123,1052393.0,0.25660244216690653,5.204170427930421e-17
2026-03-25,0.028693630035738993,0.028693630035739087,4218938.706320001,4218938.706320001,0.0,29728.70632000084,0.00704648926884551,22239.0,0.005422481631244065,0.022926756852047727,992241.0,0.23518734664564236,46282.0,0.011284828223267134,0.04283391284952601,1126781.0,0.2670768831772962,29055.0,0.007084410440927932,0.029995787891426706,997691.0,0.2364791407150456,20104.0,0.004901909740299954,0.019103129724352023,1072497.0,0.2542101401931703,9.367506770274758e-17
2026-03-26,-0.002393018885265219,-0.002393018885265178,4208842.706320001,4208842.706320001,0.0,29728.70632000084,0.007063392099533727,2539.0,0.0006018101178375878,0.002558854149344766,994780.0,0.23635475816338722,-7803.0,-0.001849517270376801,-0.006925036897143278,1118978.0,0.26586358248069997,-6096.0,-0.0014449131462536177,-0.006110108239925989,991595.0,0.23559801807537742,1264.0,0.000299601413527653,0.0011785580752207232,1073761.0,0.2551202491810017,4.119968255444917e-17
2026-03-27,-0.009712646171978867,-0.009712646171978836,4167963.706320001,4167963.706320001,0.0,29728.70632000084,0.007132669191654037,-14582.0,-0.0034646103495632324,-0.014658517461147188,980198.0,0.23517431270183523,704.0,0.00016726688287563543,0.0006291455238619526,1119682.0,0.2686400551670339,-9309.0,-0.00221177189302456,-0.009387905344419849,982286.0,0.23567527675697658,-17692.0,-0.004203530812266679,-0.01647666473265466,1056069.0,0.2533776861825003,3.122502256758253e-17
2026-03-30,-0.015614579345140656,-0.015614579345140612,4102882.706320001,4102882.706320001,0.0,29728.70632000084,0.00724580945836139,-4098.0,-0.0009832139358090107,-0.004180787963248242,976100.0,0.23790589930743927,-65833.0,-0.0157950031810919,-0.05879615819491606,1053849.0,0.25685574641865133,-2503.0,-0.0006005330603538199,-0.0025481377114200954,979783.0,0.2388035608453445,7353.0,0.0017641708321141183,0.00696261323833954,1063422.0,0.2591889839702035,4.336808689942018e-17
2026-03-31,-0.007265135791984623,-0.007265135791984581,4073074.706320001,4073074.706320001,0.0,29728.70632000084,0.007298836496632922,5734.0,0.0013975539664264488,0.005874398114947239,981834.0,0.24105474875688723,-33485.0,-0.008161334943458255,-0.031774001778243376,1020364.0,0.2505144328476835,-2416.0,-0.000588854269774381,-0.0024658521325640476,977367.0,0.23995803427898463,359.0,8.74994548216071e-05,0.00033758940477063667,1063781.0,0.2611739476198117,4.163336342344337e-17
2026-04-01,-0.000744004742976534,-0.0007440047429765748,4070044.319420001,4070044.319420001,0.0,31267.3194200008,0.007682304409023372,-204.69609999999997,-5.025591592572131e-05,-0.0002084834096191413,1012535.0,0.2487773892703681,3513.7497000000003,0.0008626774496789558,0.0034436237460357287,1008701.0,0.2478353847861156,-4887.7484,-0.0012000144245859052,-0.0050009345517088265,1006569.0,0.24731155756639045,-1451.6921,-0.00035641185214390416,-0.0013646531569937797,1010972.0,0.2483933639681024,-4.087442190270352e-17
2026-04-02,0.0003329202076582938,0.00033292020765835135,4071399.319420001,4071399.319420001,0.0,31267.3194200008,0.007679747665835697,116.0,2.8500918146397606e-05,0.00011456394099957039,1012651.0,0.24872308524732453,36.0,8.84511252819236e-06,3.568946595671066e-05,1008737.0,0.24776174500704626,-1831.0,-0.00044987225108667254,-0.001819050656239165,1004738.0,0.246779527423788,3034.0,0.0007454464280704339,0.003001072235432831,1014006.0,0.24905589465600544,5.757113535898029e-17
2026-04-03,-0.016368819359505626,-0.01636881935950559,4004755.319420001,4004755.319420001,0.0,31267.3194200008,0.007807548008832952,-12012.0,-0.0029503369867712194,-0.011861934664558668,1000639.0,0.24986270575574643,-23374.0,-0.005741023703695512,-0.02317155016619793,985363.0,0.24604824050591628,-14959.0,-0.003674166748677212,-0.014888458483704209,989779.0,0.24715092959620497,-16299.0,-0.004003291920361647,-0.016073869385388254,997707.0,0.2491305761332993,3.469446951953614e-17
2026-04-07,-0.0052075590982723075,-0.005207559098272295,3983900.319420001,3983900.319420001,0.0,31267.3194200008,0.007848419115203384,-8022.0,-0.0020031186327662603,-0.008016877215459321,992617.0,0.2491570873802663,1055.0,0.0002634368184453259,0.0010706714175385112,986418.0,0.24760107455289151,-12207.0,-0.0030481262964569605,-0.012333056167083764,977572.0,0.2453806374709497,-1681.0,-0.0004197509874944008,-0.0016848633917572995,996026.0,0.25001278148068906,1.214306433183765e-17
2026-04-08,0.01764778090889485,0.017647780908894753,4054207.319420001,4054207.319420001,0.0,31267.3194200008,0.007712313889382928,17813.0,0.004471246409747852,0.017945491564218628,1010430.0,0.24922997774680974,18540.0,0.004653730895229617,0.018795277458440538,1004958.0,0.2478802687731742,16633.0,0.004175054259997531,0.017014603527924287,994205.0,0.24522796237816274,17321.0,0.004347749343919752,0.017390108290345836,1013347.0,0.24994947721247035,-9.71445146547012e-17
2026-04-09,-0.008749922538513588,-0.008749922538513632,4018733.319420001,4018733.319420001,0.0,31267.3194200008,0.007780391714201484,-13693.0,-0.003377478979530562,-0.013551656225567333,996737.0,0.2480226779874642,7651.0,0.001887175321141337,0.007613253489200543,1012609.0,0.25197218116133757,-13333.0,-0.003288682336528225,-0.013410715093969553,980872.0,0.2440749166559684,-16099.0,-0.0039709365435961815,-0.01588695678775385,997248.0,0.2481498324810283,-4.336808689942018e-17
2026-04-10,-0.0012459149692277682,-0.0012459149692278235,4013726.319420001,4013726.319420001,0.0,31267.3194200008,0.007790097513305055,1144.0,0.00028466681142333335,0.001147745092235966,997881.0,0.24861710056608885,-981.0,-0.00024410676748801578,-0.0009687845950411264,1011628.0,0.2520420974158956,-1081.0,-0.00026899023002502045,-0.0011020805976722752,979791.0,0.24411006681232406,-4089.0,-0.0010174847831381207,-0.0041002839815171355,993159.0,0.2474406376923864,-5.5294310796760726e-17
2026-04-13,-0.0035141907737342715,-0.003514190773734226,3999621.319420001,3999621.319420001,0.0,31267.3194200008,0.007817569945480484,-3846.0,-0.0009582118196229587,-0.0038541669798302603,994035.0,0.24853227858685092,-3582.0,-0.000892437529352428,-0.0035408272606135853,1008046.0,0.2520353602240975,-2589.0,-0.0006450365057212272,-0.0026424002669957164,977202.0,0.2443236301534935,-4088.0,-0.0010185049190376118,-0.004116158641264893,989071.0,0.24729116109007757,4.5536491244391186e-17
2026-04-14,0.002922026628684682,0.0029220266286846307,4011308.319420001,4011308.319420001,0.0,31267.3194200008,0.0077947933517416015,8232.0,0.0020581948496048498,0.00828139854230485,1002267.0,0.24986037476793077,2262.0,0.000565553541035735,0.002243945216785742,1010308.0,0.2518649576520414,3759.0,0.0009398389746920105,0.003846696998164146,980961.0,0.24454889075737715,-2566.0,-0.0006415607366479646,-0.0025943536914943416,986505.0,0.245930983470909,-5.117434254131581e-17
2026-04-15,0.004776995053516808,0.0047769950535167666,4030470.319420001,4030470.319420001,0.0,31267.3194200008,0.00775773469149384,6881.0,0.0017154004260123616,0.006865436056460005,1009148.0,0.2503797125456118,-2554.0,-0.0006366999982612369,-0.0025279419741306612,1007754.0,0.2500338472024822,12102.0,0.003016970782677169,0.012336881894387239,993063.0,0.2463888631594998,2733.0,0.0006813238430884732,0.0027703863639819363,989238.0,0.24543984240091238,-4.163336342344337e-17
2026-04-16,0.0008539946277275057,0.0008539946277275443,4033912.319420001,4033912.319420001,0.0,31267.3194200008,0.007751115280685238,-2969.0,-0.0007366385966656243,-0.002942085799109744,1006179.0,0.24943006201599077,3916.0,0.0009715987687917093,0.0038858689719911805,1011670.0,0.25079127157266984,2853.0,0.0007078578364051958,0.002872929512024917,995916.0,0.24688588177920376,-358.0,-8.882338080373644e-05,-0.0003618947108784741,988880.0,0.24514166935145035,3.859759734048396e-17
2026-04-17,-0.0038059825757956744,-0.003805982575795665,4018559.319420001,4018559.319420001,0.0,31267.3194200008,0.007780728598156818,-1703.0,-0.0004221708022262761,-0.0016925417843147194,1004476.0,0.24995923169425208,-5700.0,-0.0014130203010509536,-0.005634248322081311,1005970.0,0.25033100672138187,-4439.0,-0.0011004205467307338,-0.004457203217942076,991477.0,0.24672449034374339,-3511.0,-0.0008703709257877014,-0.003550481352641372,985369.0,0.2452045426424658,9.540979117872439e-18
2026-04-20,0.0035831249100681806,0.0035831249100680713,4032958.319420001,4032958.319420001,0.0,31267.3194200008,0.00775294881413441,3583.0,0.0008916130670722896,0.0035670339560128863,1008059.0,0.24995522397190897,9398.0,0.0023386490662420816,0.009342226905374913,1015368.0,0.25176754123906364,1957.0,0.0004869904471840555,0.0019738228925128875,993434.0,0.2463288537390266,-539.0,-0.0001341276704303556,-0.0005470032038759085,984830.0,0.2441954322358663,-1.0928757898653885e-16
2026-04-21,0.011649512908121773,0.011649512908121676,4079940.319420001,4079940.319420001,0.0,31267.3194200008,0.007663670782430887,6480.0,0.0016067609647232655,0.006428195175083998,1014539.0,0.2486651569805868,22688.0,0.005625647032043433,0.02234460806328346,1038056.0,0.25442921188307205,12264.0,0.00304094389990218,0.012345057648520183,1005698.0,0.2464982135187136,5550.0,0.0013761610114527967,0.005635490389204228,990380.0,0.24274374683519664,-9.71445146547012e-17
2026-04-22,-0.0005742731061156858,-0.0005742731061156987,4077597.319420001,4077597.319420001,0.0,31267.3194200008,0.007668074351306537,576.0,0.00014117853569041506,0.0005677455474851139,1015115.0,0.2489493004042857,-1821.0,-0.0004463300581462601,-0.0017542406190032137,1036235.0,0.254128821172414,2721.0,0.0006669215201625336,0.002705583584734185,1008419.0,0.24730715688802687,-3819.0,-0.0009360431038223873,-0.0038560956400573517,986561.0,0.24194664718396686,-1.2902005852577503e-17
2026-04-23,0.009241962128168302,0.009241962128168245,4115282.319420001,4115282.319420001,0.0,31267.3194200008,0.007597855260731552,20409.0,0.005005153378633029,0.020105111243553686,1035524.0,0.2516289089361783,6591.0,0.0016163930578945707,0.006360526328487264,1042826.0,0.25340327079843544,5144.0,0.001261527217388814,0.005101054224484068,1013563.0,0.24629245853121673,5541.0,0.0013588884742518307,0.005616479873013428,992102.0,0.24107750647343795,-5.724587470723463e-17
2026-04-24,-0.008488360527576955,-0.008488360527576937,4080350.319420001,4080350.319420001,0.0,31267.3194200008,0.007662900724770435,-10605.0,-0.0025769799437465194,-0.010241191898980612,1024919.0,0.2511840699368398,-13534.0,-0.003288717261543177,-0.01297819578721666,1029292.0,0.2522557916415148,-4449.0,-0.0010810922932322738,-0.0043894656770225434,1009114.0,0.24731062801084194,-6344.0,-0.0015415710290549664,-0.006394503790940851,985758.0,0.24158660968603304,1.734723475976807e-17
2026-04-27,-0.006462680391557285,-0.0064626803915572495,4053980.319420001,4053980.319420001,0.0,31267.3194200008,0.007712745735399669,-2374.0,-0.0005818127891375393,-0.002316280603637946,1022545.0,0.2522323542375496,-11579.0,-0.0028377465397740383,-0.011249480225242206,1017713.0,0.2510404392258133,-6194.0,-0.0015180069148769664,-0.006138057741741766,1002920.0,0.24739143285813653,-6223.0,-0.0015251141477687054,-0.006312908442031411,979535.0,0.2416230279431009,3.5561831257524545e-17
2026-04-28,0.007989185306314983,0.007989185306314886,4086368.319420001,4086368.319420001,0.0,31267.3194200008,0.007651615560791821,-3373.0,-0.0008320217993763156,-0.003298632334029309,1019172.0,0.24940776756625213,10267.0,0.0025325727287864312,0.01008830583867947,1027980.0,0.2515632267200785,12684.0,0.0031287769058076452,0.012647070553982372,1015604.0,0.24853462062473847,12810.0,0.003159857471097125,0.013077633775209666,992345.0,0.242842769528139,-9.71445146547012e-17
2026-04-29,0.0029630221882981367,0.0029630221882981293,4098476.319420001,4098476.319420001,0.0,31267.3194200008,0.007629010633011446,5840.0,0.0014291418549439276,0.005730141722888776,1025012.0,0.2500958698097481,-4261.0,-0.0010427351787527525,-0.00414502227669799,1023719.0,0.2497803867132926,-1737.0,-0.0004250718154173976,-0.0017103122870725203,1013867.0,0.24737656655375725,12266.0,0.003001687327524352,0.012360620550312644,1004611.0,0.24511816629019056,-7.37257477290143e-18
2026-04-30,-0.0011140725587127642,-0.0011140725587127855,4093910.319420001,4093910.319420001,0.0,31267.3194200008,0.007637519383773544,-4687.0,-0.0011435957255117883,-0.004572629393607099,1020325.0,0.24922993431486626,-8324.0,-0.0020309986812801634,-0.008131137548487427,1015395.0,0.248025706665664,6629.0,0.001617430352980082,0.006538332937160397,1020496.0,0.24927170367146131,1816.0,0.0004430914950990842,0.0018076648573427923,1006427.0,0.24583513596423484,-2.1250362580715887e-17
2026-05-06,0.0007858012875221476,0.0007858012875220393,4097127.319420001,4097127.319420001,0.0,31267.3194200008,0.007631522523548786,-7210.0,-0.001761152403802892,-0.007066375909636636,1013115.0,0.2472744733115638,10811.0,0.0026407515447313544,0.010647088079023434,1026206.0,0.2504696388457052,110.0,2.686917675704828e-05,0.00010779072137470407,1020606.0,0.24910282752562335,-494.0,-0.00012066703016347137,-0.000490845337018979,1005933.0,0.2455215377935588,-1.0831179703130189e-16
2026-05-07,0.00039637528282376877,0.00039637528282374617,4098751.319420001,4098751.319420001,0.0,31267.3194200008,0.00762849877518925,-2237.0,-0.0005459923076827095,-0.0022080415352649994,1010878.0,0.24663072268142522,7758.0,0.0018935218252134377,0.00755988563699686,1033964.0,0.25226316978564883,-1029.0,-0.0002511515800650461,-0.0010082245254290098,1019577.0,0.24875307637455704,-2868.0,-0.0007000026546419361,-0.0028510845155691284,1003065.0,0.24472453238317957,-2.2605615296322767e-17
2026-05-08,0.0018005483682392853,0.001800548368239212,4106131.319420001,4106131.319420001,0.0,31267.3194200008,0.007614787981115365,-1930.0,-0.0004708751152712302,-0.0019092313810370786,1008948.0,0.24571742146388925,-5531.0,-0.0013494353692047535,-0.0053493158369150185,1028433.0,0.2504627640952477,8241.0,0.0020106123445337866,0.008082763734372195,1027818.0,0.25031298807686,6600.0,0.0016102465081814091,0.006579832812429903,1009665.0,0.24589203838288765,-7.32920668600201e-17
2026-05-11,0.0027225139992792524,0.0027225139992792667,4117310.319420001,4117310.319420001,0.0,31267.3194200008,0.007594112902426402,-175.0,-4.2619192224158845e-05,-0.00017344798740866725,1008773.0,0.2450077652009733,11974.0,0.0029161269010975887,0.011642955836695244,1040407.0,0.25269093638454737,5007.0,0.0012193959740935047,0.00487148502945074,1032825.0,0.2508494429308628,-5627.0,-0.0013703896836876675,-0.005573135644000733,1004038.0,0.24385774258119006,1.431146867680866e-17
2026-05-12,0.0032664042679917404,0.003266404267991758,4130759.119420001,4130759.119420001,0.0,35820.1194200008,0.00867155851610885,-1223.1999999999998,-0.00029708715280229596,-0.0012125621918905442,1002997.0,0.2428117861640963,6540.0,0.0015884156142307194,0.006286001535937378,1046947.0,0.25345147701253556,224.0,5.4404449172428306e-05,0.00021688088495146806,1033049.0,0.2500869622591429,7908.0,0.0019206713573909065,0.00787619592087152,1011946.0,0.2449782160481164,1.734723475976807e-17
2026-05-13,0.000350056722794978,0.00035005672279506643,4132205.119420001,4132205.119420001,0.0,35820.1194200008,0.00866852404099159,-1346.0,-0.00032584809742887926,-0.001341978091659297,1001651.0,0.24240108393762225,7087.0,0.0017156652797016847,0.0067692060820652815,1054034.0,0.25507785057580706,-4974.0,-0.0012041370257141496,-0.004814873253834039,1028075.0,0.24879573261462426,679.0,0.00016437656623641088,0.000670984420117279,1012625.0,0.24505680883095482,8.841668716619289e-17
2026-05-14,-0.0072525441341610986,-0.007252544134161101,4102236.119420001,4102236.119420001,0.0,35820.1194200008,0.008731852184331425,-2606.0,-0.0006306560116661827,-0.0026017045857289617,999045.0,0.2435366885076452,-10633.0,-0.0025732023683985115,-0.010087909877669981,1043401.0,0.25434932793374226,-8348.0,-0.0020202288508784703,-0.008120030153442113,1019727.0,0.24857832906609365,-8382.0,-0.0020284569032179367,-0.008277496605357364,1004243.0,0.24480380230818746,-2.6020852139652106e-18
2026-05-15,-0.008715490517658186,-0.008715490517658202,4066483.119420001,4066483.119420001,0.0,35820.1194200008,0.008808623660316534,-10772.0,-0.0026258849287112735,-0.010782297093724507,988273.0,0.24302891982518707,-7542.0,-0.001838509481279282,-0.007228285194282927,1035859.0,0.2547309233999092,-4494.0,-0.0010955000807304552,-0.004407061890094113,1015233.0,0.24965872725540833,-12945.0,-0.003155596026937192,-0.01289030642981828,991298.0,0.24377280585917888,-1.5612511283791264e-17
2026-05-18,0.00019205784877596166,0.00019205784877606805,4067264.119420001,4067264.119420001,0.0,35820.1194200008,0.008806932219860071,-4495.0,-0.0011053777596010575,-0.004548338363994564,983778.0,0.2418770876724594,7706.0,0.0018950035629556727,0.007439236421173152,1043565.0,0.25657664940353425,1416.0,0.0003482124377297213,0.0013947537166345066,1016649.0,0.249958933118161,-3846.0,-0.0009457803923082686,-0.0038797616861932535,987452.0,0.24278039758598524,1.0638733817514012e-16
2026-05-19,0.019128829039775974,0.019128829039775933,4145066.119420001,4145066.119420001,0.0,39564.1194200008,0.009544870523208161,5361.0,0.0013180850425726688,0.0054494001695504475,989139.0,0.23863045160264065,48453.0,0.011912921948847887,0.04643026548418163,1092018.0,0.26345007981508406,13957.0,0.003431545036222111,0.013728435281006523,1026862.0,0.24773115082267586,10031.0,0.0024662770121332664,0.010158468462264494,997483.0,0.24064344723639125,-4.163336342344337e-17
2026-05-20,-0.017519141530644933,-0.017519141530644895,4072448.119420001,4072448.119420001,0.0,39564.1194200008,0.009715070213254316,-6379.0,-0.0015389380570104351,-0.006449043056638147,982760.0,0.2413192190990919,-54447.0,-0.013135375511843104,-0.04985906825711664,1037571.0,0.2547781996416866,-738.0,-0.0001780429982871455,-0.0007186944302155499,1026124.0,0.251967359659364,-11054.0,-0.002666784963504209,-0.011081893124995613,986429.0,0.24222015138660316,3.8163916471489756e-17
2026-05-21,-0.004774278131938314,-0.00477427813193826,4053005.119420001,4053005.119420001,0.0,39564.1194200008,0.00976167516552818,-3253.0,-0.0007987824288018905,-0.00331006552973259,979507.0,0.24167425678953272,-12970.0,-0.0031848165083186355,-0.012500349373681415,1024601.0,0.25280032218331466,2614.0,0.0006418743525632161,0.002547450405604001,1028738.0,0.25382104628262003,-5834.0,-0.0014325535473809498,-0.005914262455787492,980595.0,0.24194269957900438,5.4643789493269423e-17
2026-05-22,0.00013619523877594908,0.00013619523877605986,4053557.119420001,4053557.119420001,0.0,39564.1194200008,0.00976034585289421,-4439.0,-0.001095236711824148,-0.0045318716456339775,975068.0,0.24054625882255154,5621.0,0.001386872168768537,0.005486037979662327,1030222.0,0.2541525799807672,-2207.0,-0.0005445342245992104,-0.002145347017413569,1026531.0,0.2532420217004072,1577.0,0.00038909400643088115,0.0016082072619175093,982172.0,0.24229879364337983,1.1077835697370642e-16
2026-05-25,0.007595551041453152,0.007595551041453047,4084346.119420001,4084346.119420001,0.0,39564.1194200008,0.009686769500724664,-2964.0,-0.0007312096296361308,-0.0030397879942732197,972104.0,0.23800725295486075,20780.0,0.005126361708447638,0.02017040987282353,1051002.0,0.2573244209159355,10850.0,0.0026766614310229486,0.010569578512485253,1037381.0,0.2539894929735567,2123.0,0.0005237375316185916,0.0021615358613358963,984295.0,0.24099206365492237,-1.0581813203458523e-16
2026-05-26,0.0020355767500872535,0.0020355767500871433,4092660.119420001,4092660.119420001,0.0,39564.1194200008,0.00966709139424158,679.0,0.00016624448079253913,0.0006984849357681894,972783.0,0.2376896618861817,16613.0,0.0040674809416884426,0.015806820538876235,1067615.0,0.2608608994756445,-1455.0,-0.00035623817312686954,-0.0014025705117020652,1035926.0,0.2531180136568018,-7523.0,-0.0018419104992669687,-0.007643033846560229,976772.0,0.2386643335871304,-1.1015494072452725e-16
2026-05-27,-0.0037188526669439392,-0.0037188526669438976,4077440.119420001,4077440.119420001,0.0,39564.1194200008,0.00970317607647139,-6520.0,-0.0015930958862335224,-0.006702419758568972,966263.0,0.23697785171580815,3105.0,0.0007586752648397373,0.002908351793483606,1070720.0,0.2625961310628163,-2836.0,-0.0006929478425396119,-0.0027376472836862864,1033090.0,0.2533673014790841,-8969.0,-0.0021914842030105004,-0.009182286142518419,967803.0,0.23735553966582004,4.163336342344337e-17
2026-05-28,0.0008775113539887247,0.0008775113539886775,4081018.119420001,4081018.119420001,0.0,39564.1194200008,0.009694668894443356,-7346.0,-0.0018016205719398617,-0.007602485037717474,958917.0,0.23497004226393448,15628.0,0.0038327969368739667,0.01459578601315003,1086348.0,0.26619533856771826,-4156.0,-0.0010192669612009346,-0.004022882807887019,1028934.0,0.25212679039666536,-548.0,-0.00013439804974449282,-0.0005662309374945108,967255.0,0.23701315987723853,-4.716279450311944e-17
2026-05-29,0.025502067610224444,0.025502067610224475,4185092.5194200007,4185092.5194200007,0.0,41966.519420000805,0.010027620470817409,15338.0,0.0037583758638591526,0.015995127836924364,974255.0,0.23279174725031385,47362.4,0.011605535338012956,0.04359781580119814,1131308.0,0.27031851619776964,25199.0,0.006174684665105411,0.024490394913570745,1054133.0,0.25187806365296056,16175.0,0.003963471743246955,0.0167225809119622,983430.0,0.23498405242813858,3.122502256758253e-17
