version_id,family,rebalance_date,code,sleeve,base_target_weight,target_weight,weight_delta,mom_12_1,mr_60d,bucket,sleeve_weight_preserved,new_stock_selected,accepted
v57f_startup_preload_repaired_baseline,baseline,2021-05-06,600795.XSHG,utilities_electricity,0.03571428571,0.03571428571,0.0,0.14215686274509798,0.0861244019138756,baseline,True,False,False
v57f_startup_preload_repaired_baseline,baseline,2021-05-06,600168.XSHG,utilities_electricity,0.03571428571,0.03571428571,0.0,-0.08500590318772139,0.029320987654321007,baseline,True,False,False
v57f_startup_preload_repaired_baseline,baseline,2021-05-06,002039.XSHE,utilities_electricity,0.03571428571,0.03571428571,0.0,0.16678596993557626,0.00557880055788007,baseline,True,False,False
v57f_startup_preload_repaired_baseline,baseline,2021-05-06,600027.XSHG,utilities_electricity,0.03571428571,0.03571428571,0.0,0.05747126436781613,0.05263157894736836,baseline,True,False,False
v57f_startup_preload_repaired_baseline,baseline,2021-05-06,601006.XSHG,port_rail_infrastructure,0.03571428571,0.03571428571,0.0,0.014598540145985384,0.06832298136645965,baseline,True,False,False
v57f_startup_preload_repaired_baseline,baseline,2021-05-06,600011.XSHG,utilities_electricity,0.03571428571,0.03571428571,0.0,0.04235294117647048,0.004761904761904745,baseline,True,False,False
v57f_startup_preload_repaired_baseline,baseline,2021-05-06,600310.XSHG,utilities_electricity,0.03571428571,0.03571428571,0.0,0.24473684210526336,0.12972972972972951,baseline,True,False,False
v57f_startup_preload_repaired_baseline,baseline,2021-05-06,600033.XSHG,highway_infrastructure,0.03571428571,0.03571428571,0.0,-0.021739130434782483,0.059055118110236116,baseline,True,False,False
v57f_startup_preload_repaired_baseline,baseline,2021-05-06,601985.XSHG,utilities_electricity,0.03571428571,0.03571428571,0.0,0.2247191011235954,0.025540275049115824,baseline,True,False,False
v57f_startup_preload_repaired_baseline,baseline,2021-05-06,600017.XSHG,port_rail_infrastructure,0.03571428571,0.03571428571,0.0,0.17551020408163254,0.007380073800737907,baseline,True,False,False
v57f_startup_preload_repaired_baseline,baseline,2021-05-06,601326.XSHG,port_rail_infrastructure,0.03571428571,0.03571428571,0.0,0.011029411764705843,0.019157088122605526,baseline,True,False,False
v57f_startup_preload_repaired_baseline,baseline,2021-05-06,601077.XSHG,bank,0.03571428571,0.03571428571,0.0,-0.20265151515151525,-0.014251781472684022,baseline,True,False,False
v57f_startup_preload_repaired_baseline,baseline,2021-05-06,601988.XSHG,bank,0.03571428571,0.03571428571,0.0,-0.06983240223463683,0.025236593059936974,baseline,True,False,False
v57f_startup_preload_repaired_baseline,baseline,2021-05-06,601288.XSHG,bank,0.03571428571,0.03571428571,0.0,-0.01744186046511631,0.019108280254777066,baseline,True,False,False
v57f_startup_preload_repaired_baseline,baseline,2021-05-06,601229.XSHG,bank,0.03571428571,0.03571428571,0.0,0.053075995174909796,0.009876543209876631,baseline,True,False,False
v57f_startup_preload_repaired_baseline,baseline,2021-05-06,601169.XSHG,bank,0.03571428571,0.03571428571,0.0,0.0,0.00421940928270037,baseline,True,False,False
v57f_startup_preload_repaired_baseline,baseline,2021-05-06,600717.XSHG,port_rail_infrastructure,0.03571428571,0.03571428571,0.0,-0.07592592592592595,0.01943844492440605,baseline,True,False,False
v57f_startup_preload_repaired_baseline,baseline,2021-05-06,601328.XSHG,bank,0.03571428571,0.03571428571,0.0,-0.05202312138728338,0.07606263982102912,baseline,True,False,False
v57f_startup_preload_repaired_baseline,baseline,2021-05-06,000900.XSHE,highway_infrastructure,0.03571428571,0.03571428571,0.0,0.19220779220779205,-0.00704225352112664,baseline,True,False,False
v57f_startup_preload_repaired_baseline,baseline,2021-05-06,601000.XSHG,port_rail_infrastructure,0.03571428571,0.03571428571,0.0,0.2088888888888889,0.14163090128755362,baseline,True,False,False
v57f_startup_preload_repaired_baseline,baseline,2021-05-06,601398.XSHG,bank,0.03571428571,0.03571428571,0.0,0.06796116504854366,0.01988071570576544,baseline,True,False,False
v57f_startup_preload_repaired_baseline,baseline,2021-05-06,001872.XSHE,port_rail_infrastructure,0.03571428571,0.03571428571,0.0,0.028708133971291794,0.026647966339411022,baseline,True,False,False
v57f_startup_preload_repaired_baseline,baseline,2021-05-06,600035.XSHG,highway_infrastructure,0.03571428571,0.03571428571,0.0,-0.08571428571428574,0.10780669144981414,baseline,True,False,False
v57f_startup_preload_repaired_baseline,baseline,2021-05-06,600018.XSHG,port_rail_infrastructure,0.03571428571,0.03571428571,0.0,0.10185185185185164,0.049886621315192725,baseline,True,False,False
v57f_startup_preload_repaired_baseline,baseline,2021-05-06,600368.XSHG,highway_infrastructure,0.03571428571,0.03571428571,0.0,-0.0450928381962864,0.11144578313253017,baseline,True,False,False
v57f_startup_preload_repaired_baseline,baseline,2021-05-06,000755.XSHE,highway_infrastructure,0.03571428571,0.03571428571,0.0,-0.19023136246786643,0.0836012861736335,baseline,True,False,False
v57f_startup_preload_repaired_baseline,baseline,2021-05-06,000429.XSHE,highway_infrastructure,0.03571428571,0.03571428571,0.0,0.07925072046109505,0.2625215889464594,baseline,True,False,False
v57f_startup_preload_repaired_baseline,baseline,2021-05-06,600106.XSHG,highway_infrastructure,0.03571428571,0.03571428571,0.0,-0.03873239436619713,0.04382470119521931,baseline,True,False,False
internal_subsleeve_mom12_80_20,v57f_pool_internal_subsleeve,2021-05-06,600795.XSHG,utilities_electricity,0.03571428571,0.028571428568000004,-0.0071428571419999976,0.14215686274509798,0.0861244019138756,middle,True,False,False
internal_subsleeve_mom12_80_20,v57f_pool_internal_subsleeve,2021-05-06,600168.XSHG,utilities_electricity,0.03571428571,0.028571428568000004,-0.0071428571419999976,-0.08500590318772139,0.029320987654321007,middle,True,False,False
internal_subsleeve_mom12_80_20,v57f_pool_internal_subsleeve,2021-05-06,002039.XSHE,utilities_electricity,0.03571428571,0.04523809523266667,0.009523809522666668,0.16678596993557626,0.00557880055788007,momentum_subsleeve,True,False,False
internal_subsleeve_mom12_80_20,v57f_pool_internal_subsleeve,2021-05-06,600027.XSHG,utilities_electricity,0.03571428571,0.028571428568000004,-0.0071428571419999976,0.05747126436781613,0.05263157894736836,middle,True,False,False
internal_subsleeve_mom12_80_20,v57f_pool_internal_subsleeve,2021-05-06,601006.XSHG,port_rail_infrastructure,0.03571428571,0.028571428568000004,-0.0071428571419999976,0.014598540145985384,0.06832298136645965,middle,True,False,False
internal_subsleeve_mom12_80_20,v57f_pool_internal_subsleeve,2021-05-06,600011.XSHG,utilities_electricity,0.03571428571,0.028571428568000004,-0.0071428571419999976,0.04235294117647048,0.004761904761904745,middle,True,False,False
internal_subsleeve_mom12_80_20,v57f_pool_internal_subsleeve,2021-05-06,600310.XSHG,utilities_electricity,0.03571428571,0.04523809523266667,0.009523809522666668,0.24473684210526336,0.12972972972972951,momentum_subsleeve,True,False,False
internal_subsleeve_mom12_80_20,v57f_pool_internal_subsleeve,2021-05-06,600033.XSHG,highway_infrastructure,0.03571428571,0.04523809523266667,0.009523809522666668,-0.021739130434782483,0.059055118110236116,momentum_subsleeve,True,False,False
internal_subsleeve_mom12_80_20,v57f_pool_internal_subsleeve,2021-05-06,601985.XSHG,utilities_electricity,0.03571428571,0.04523809523266667,0.009523809522666668,0.2247191011235954,0.025540275049115824,momentum_subsleeve,True,False,False
internal_subsleeve_mom12_80_20,v57f_pool_internal_subsleeve,2021-05-06,600017.XSHG,port_rail_infrastructure,0.03571428571,0.04523809523266667,0.009523809522666668,0.17551020408163254,0.007380073800737907,momentum_subsleeve,True,False,False
internal_subsleeve_mom12_80_20,v57f_pool_internal_subsleeve,2021-05-06,601326.XSHG,port_rail_infrastructure,0.03571428571,0.028571428568000004,-0.0071428571419999976,0.011029411764705843,0.019157088122605526,middle,True,False,False
internal_subsleeve_mom12_80_20,v57f_pool_internal_subsleeve,2021-05-06,601077.XSHG,bank,0.03571428571,0.028571428568000004,-0.0071428571419999976,-0.20265151515151525,-0.014251781472684022,middle,True,False,False
internal_subsleeve_mom12_80_20,v57f_pool_internal_subsleeve,2021-05-06,601988.XSHG,bank,0.03571428571,0.028571428568000004,-0.0071428571419999976,-0.06983240223463683,0.025236593059936974,middle,True,False,False
internal_subsleeve_mom12_80_20,v57f_pool_internal_subsleeve,2021-05-06,601288.XSHG,bank,0.03571428571,0.028571428568000004,-0.0071428571419999976,-0.01744186046511631,0.019108280254777066,middle,True,False,False
internal_subsleeve_mom12_80_20,v57f_pool_internal_subsleeve,2021-05-06,601229.XSHG,bank,0.03571428571,0.04523809523266667,0.009523809522666668,0.053075995174909796,0.009876543209876631,momentum_subsleeve,True,False,False
internal_subsleeve_mom12_80_20,v57f_pool_internal_subsleeve,2021-05-06,601169.XSHG,bank,0.03571428571,0.04523809523266667,0.009523809522666668,0.0,0.00421940928270037,momentum_subsleeve,True,False,False
internal_subsleeve_mom12_80_20,v57f_pool_internal_subsleeve,2021-05-06,600717.XSHG,port_rail_infrastructure,0.03571428571,0.028571428568000004,-0.0071428571419999976,-0.07592592592592595,0.01943844492440605,middle,True,False,False
internal_subsleeve_mom12_80_20,v57f_pool_internal_subsleeve,2021-05-06,601328.XSHG,bank,0.03571428571,0.028571428568000004,-0.0071428571419999976,-0.05202312138728338,0.07606263982102912,middle,True,False,False
internal_subsleeve_mom12_80_20,v57f_pool_internal_subsleeve,2021-05-06,000900.XSHE,highway_infrastructure,0.03571428571,0.04523809523266667,0.009523809522666668,0.19220779220779205,-0.00704225352112664,momentum_subsleeve,True,False,False
internal_subsleeve_mom12_80_20,v57f_pool_internal_subsleeve,2021-05-06,601000.XSHG,port_rail_infrastructure,0.03571428571,0.04523809523266667,0.009523809522666668,0.2088888888888889,0.14163090128755362,momentum_subsleeve,True,False,False
internal_subsleeve_mom12_80_20,v57f_pool_internal_subsleeve,2021-05-06,601398.XSHG,bank,0.03571428571,0.04523809523266667,0.009523809522666668,0.06796116504854366,0.01988071570576544,momentum_subsleeve,True,False,False
internal_subsleeve_mom12_80_20,v57f_pool_internal_subsleeve,2021-05-06,001872.XSHE,port_rail_infrastructure,0.03571428571,0.028571428568000004,-0.0071428571419999976,0.028708133971291794,0.026647966339411022,middle,True,False,False
internal_subsleeve_mom12_80_20,v57f_pool_internal_subsleeve,2021-05-06,600035.XSHG,highway_infrastructure,0.03571428571,0.028571428568000004,-0.0071428571419999976,-0.08571428571428574,0.10780669144981414,middle,True,False,False
internal_subsleeve_mom12_80_20,v57f_pool_internal_subsleeve,2021-05-06,600018.XSHG,port_rail_infrastructure,0.03571428571,0.04523809523266667,0.009523809522666668,0.10185185185185164,0.049886621315192725,momentum_subsleeve,True,False,False
internal_subsleeve_mom12_80_20,v57f_pool_internal_subsleeve,2021-05-06,600368.XSHG,highway_infrastructure,0.03571428571,0.028571428568000004,-0.0071428571419999976,-0.0450928381962864,0.11144578313253017,middle,True,False,False
internal_subsleeve_mom12_80_20,v57f_pool_internal_subsleeve,2021-05-06,000755.XSHE,highway_infrastructure,0.03571428571,0.028571428568000004,-0.0071428571419999976,-0.19023136246786643,0.0836012861736335,middle,True,False,False
internal_subsleeve_mom12_80_20,v57f_pool_internal_subsleeve,2021-05-06,000429.XSHE,highway_infrastructure,0.03571428571,0.04523809523266667,0.009523809522666668,0.07925072046109505,0.2625215889464594,momentum_subsleeve,True,False,False
internal_subsleeve_mom12_80_20,v57f_pool_internal_subsleeve,2021-05-06,600106.XSHG,highway_infrastructure,0.03571428571,0.028571428568000004,-0.0071428571419999976,-0.03873239436619713,0.04382470119521931,middle,True,False,False
internal_subsleeve_mom12_70_30,v57f_pool_internal_subsleeve,2021-05-06,600795.XSHG,utilities_electricity,0.03571428571,0.024999999997,-0.010714285713000003,0.14215686274509798,0.0861244019138756,middle,True,False,False
internal_subsleeve_mom12_70_30,v57f_pool_internal_subsleeve,2021-05-06,600168.XSHG,utilities_electricity,0.03571428571,0.024999999997,-0.010714285713000003,-0.08500590318772139,0.029320987654321007,middle,True,False,False
internal_subsleeve_mom12_70_30,v57f_pool_internal_subsleeve,2021-05-06,002039.XSHE,utilities_electricity,0.03571428571,0.049999999994000004,0.014285714284000002,0.16678596993557626,0.00557880055788007,momentum_subsleeve,True,False,False
internal_subsleeve_mom12_70_30,v57f_pool_internal_subsleeve,2021-05-06,600027.XSHG,utilities_electricity,0.03571428571,0.024999999997,-0.010714285713000003,0.05747126436781613,0.05263157894736836,middle,True,False,False
internal_subsleeve_mom12_70_30,v57f_pool_internal_subsleeve,2021-05-06,601006.XSHG,port_rail_infrastructure,0.03571428571,0.024999999997,-0.010714285713000003,0.014598540145985384,0.06832298136645965,middle,True,False,False
internal_subsleeve_mom12_70_30,v57f_pool_internal_subsleeve,2021-05-06,600011.XSHG,utilities_electricity,0.03571428571,0.024999999997,-0.010714285713000003,0.04235294117647048,0.004761904761904745,middle,True,False,False
internal_subsleeve_mom12_70_30,v57f_pool_internal_subsleeve,2021-05-06,600310.XSHG,utilities_electricity,0.03571428571,0.049999999994000004,0.014285714284000002,0.24473684210526336,0.12972972972972951,momentum_subsleeve,True,False,False
internal_subsleeve_mom12_70_30,v57f_pool_internal_subsleeve,2021-05-06,600033.XSHG,highway_infrastructure,0.03571428571,0.049999999994000004,0.014285714284000002,-0.021739130434782483,0.059055118110236116,momentum_subsleeve,True,False,False
internal_subsleeve_mom12_70_30,v57f_pool_internal_subsleeve,2021-05-06,601985.XSHG,utilities_electricity,0.03571428571,0.049999999994000004,0.014285714284000002,0.2247191011235954,0.025540275049115824,momentum_subsleeve,True,False,False
internal_subsleeve_mom12_70_30,v57f_pool_internal_subsleeve,2021-05-06,600017.XSHG,port_rail_infrastructure,0.03571428571,0.049999999994000004,0.014285714284000002,0.17551020408163254,0.007380073800737907,momentum_subsleeve,True,False,False
internal_subsleeve_mom12_70_30,v57f_pool_internal_subsleeve,2021-05-06,601326.XSHG,port_rail_infrastructure,0.03571428571,0.024999999997,-0.010714285713000003,0.011029411764705843,0.019157088122605526,middle,True,False,False
internal_subsleeve_mom12_70_30,v57f_pool_internal_subsleeve,2021-05-06,601077.XSHG,bank,0.03571428571,0.024999999997,-0.010714285713000003,-0.20265151515151525,-0.014251781472684022,middle,True,False,False
internal_subsleeve_mom12_70_30,v57f_pool_internal_subsleeve,2021-05-06,601988.XSHG,bank,0.03571428571,0.024999999997,-0.010714285713000003,-0.06983240223463683,0.025236593059936974,middle,True,False,False
internal_subsleeve_mom12_70_30,v57f_pool_internal_subsleeve,2021-05-06,601288.XSHG,bank,0.03571428571,0.024999999997,-0.010714285713000003,-0.01744186046511631,0.019108280254777066,middle,True,False,False
internal_subsleeve_mom12_70_30,v57f_pool_internal_subsleeve,2021-05-06,601229.XSHG,bank,0.03571428571,0.049999999994000004,0.014285714284000002,0.053075995174909796,0.009876543209876631,momentum_subsleeve,True,False,False
internal_subsleeve_mom12_70_30,v57f_pool_internal_subsleeve,2021-05-06,601169.XSHG,bank,0.03571428571,0.049999999994000004,0.014285714284000002,0.0,0.00421940928270037,momentum_subsleeve,True,False,False
internal_subsleeve_mom12_70_30,v57f_pool_internal_subsleeve,2021-05-06,600717.XSHG,port_rail_infrastructure,0.03571428571,0.024999999997,-0.010714285713000003,-0.07592592592592595,0.01943844492440605,middle,True,False,False
internal_subsleeve_mom12_70_30,v57f_pool_internal_subsleeve,2021-05-06,601328.XSHG,bank,0.03571428571,0.024999999997,-0.010714285713000003,-0.05202312138728338,0.07606263982102912,middle,True,False,False
internal_subsleeve_mom12_70_30,v57f_pool_internal_subsleeve,2021-05-06,000900.XSHE,highway_infrastructure,0.03571428571,0.049999999994000004,0.014285714284000002,0.19220779220779205,-0.00704225352112664,momentum_subsleeve,True,False,False
internal_subsleeve_mom12_70_30,v57f_pool_internal_subsleeve,2021-05-06,601000.XSHG,port_rail_infrastructure,0.03571428571,0.049999999994000004,0.014285714284000002,0.2088888888888889,0.14163090128755362,momentum_subsleeve,True,False,False
internal_subsleeve_mom12_70_30,v57f_pool_internal_subsleeve,2021-05-06,601398.XSHG,bank,0.03571428571,0.049999999994000004,0.014285714284000002,0.06796116504854366,0.01988071570576544,momentum_subsleeve,True,False,False
internal_subsleeve_mom12_70_30,v57f_pool_internal_subsleeve,2021-05-06,001872.XSHE,port_rail_infrastructure,0.03571428571,0.024999999997,-0.010714285713000003,0.028708133971291794,0.026647966339411022,middle,True,False,False
internal_subsleeve_mom12_70_30,v57f_pool_internal_subsleeve,2021-05-06,600035.XSHG,highway_infrastructure,0.03571428571,0.024999999997,-0.010714285713000003,-0.08571428571428574,0.10780669144981414,middle,True,False,False
internal_subsleeve_mom12_70_30,v57f_pool_internal_subsleeve,2021-05-06,600018.XSHG,port_rail_infrastructure,0.03571428571,0.049999999994000004,0.014285714284000002,0.10185185185185164,0.049886621315192725,momentum_subsleeve,True,False,False
internal_subsleeve_mom12_70_30,v57f_pool_internal_subsleeve,2021-05-06,600368.XSHG,highway_infrastructure,0.03571428571,0.024999999997,-0.010714285713000003,-0.0450928381962864,0.11144578313253017,middle,True,False,False
internal_subsleeve_mom12_70_30,v57f_pool_internal_subsleeve,2021-05-06,000755.XSHE,highway_infrastructure,0.03571428571,0.024999999997,-0.010714285713000003,-0.19023136246786643,0.0836012861736335,middle,True,False,False
internal_subsleeve_mom12_70_30,v57f_pool_internal_subsleeve,2021-05-06,000429.XSHE,highway_infrastructure,0.03571428571,0.049999999994000004,0.014285714284000002,0.07925072046109505,0.2625215889464594,momentum_subsleeve,True,False,False
internal_subsleeve_mom12_70_30,v57f_pool_internal_subsleeve,2021-05-06,600106.XSHG,highway_infrastructure,0.03571428571,0.024999999997,-0.010714285713000003,-0.03873239436619713,0.04382470119521931,middle,True,False,False
dual_sleeve_mom12_80_20,dual_sleeve_allocation,2021-05-06,600795.XSHG,utilities_electricity,0.03571428571,0.04857142856800001,0.012857142858000006,0.14215686274509798,0.0861244019138756,momentum_sleeve,False,False,False
dual_sleeve_mom12_80_20,dual_sleeve_allocation,2021-05-06,600168.XSHG,utilities_electricity,0.03571428571,0.028571428568000004,-0.0071428571419999976,-0.08500590318772139,0.029320987654321007,value_sleeve_only,False,False,False
dual_sleeve_mom12_80_20,dual_sleeve_allocation,2021-05-06,002039.XSHE,utilities_electricity,0.03571428571,0.04857142856800001,0.012857142858000006,0.16678596993557626,0.00557880055788007,momentum_sleeve,False,False,False
dual_sleeve_mom12_80_20,dual_sleeve_allocation,2021-05-06,600027.XSHG,utilities_electricity,0.03571428571,0.028571428568000004,-0.0071428571419999976,0.05747126436781613,0.05263157894736836,value_sleeve_only,False,False,False
dual_sleeve_mom12_80_20,dual_sleeve_allocation,2021-05-06,601006.XSHG,port_rail_infrastructure,0.03571428571,0.028571428568000004,-0.0071428571419999976,0.014598540145985384,0.06832298136645965,value_sleeve_only,False,False,False
dual_sleeve_mom12_80_20,dual_sleeve_allocation,2021-05-06,600011.XSHG,utilities_electricity,0.03571428571,0.028571428568000004,-0.0071428571419999976,0.04235294117647048,0.004761904761904745,value_sleeve_only,False,False,False
dual_sleeve_mom12_80_20,dual_sleeve_allocation,2021-05-06,600310.XSHG,utilities_electricity,0.03571428571,0.04857142856800001,0.012857142858000006,0.24473684210526336,0.12972972972972951,momentum_sleeve,False,False,False
dual_sleeve_mom12_80_20,dual_sleeve_allocation,2021-05-06,600033.XSHG,highway_infrastructure,0.03571428571,0.028571428568000004,-0.0071428571419999976,-0.021739130434782483,0.059055118110236116,value_sleeve_only,False,False,False
dual_sleeve_mom12_80_20,dual_sleeve_allocation,2021-05-06,601985.XSHG,utilities_electricity,0.03571428571,0.04857142856800001,0.012857142858000006,0.2247191011235954,0.025540275049115824,momentum_sleeve,False,False,False
dual_sleeve_mom12_80_20,dual_sleeve_allocation,2021-05-06,600017.XSHG,port_rail_infrastructure,0.03571428571,0.04857142856800001,0.012857142858000006,0.17551020408163254,0.007380073800737907,momentum_sleeve,False,False,False
dual_sleeve_mom12_80_20,dual_sleeve_allocation,2021-05-06,601326.XSHG,port_rail_infrastructure,0.03571428571,0.028571428568000004,-0.0071428571419999976,0.011029411764705843,0.019157088122605526,value_sleeve_only,False,False,False
dual_sleeve_mom12_80_20,dual_sleeve_allocation,2021-05-06,601077.XSHG,bank,0.03571428571,0.028571428568000004,-0.0071428571419999976,-0.20265151515151525,-0.014251781472684022,value_sleeve_only,False,False,False
dual_sleeve_mom12_80_20,dual_sleeve_allocation,2021-05-06,601988.XSHG,bank,0.03571428571,0.028571428568000004,-0.0071428571419999976,-0.06983240223463683,0.025236593059936974,value_sleeve_only,False,False,False
dual_sleeve_mom12_80_20,dual_sleeve_allocation,2021-05-06,601288.XSHG,bank,0.03571428571,0.028571428568000004,-0.0071428571419999976,-0.01744186046511631,0.019108280254777066,value_sleeve_only,False,False,False
dual_sleeve_mom12_80_20,dual_sleeve_allocation,2021-05-06,601229.XSHG,bank,0.03571428571,0.028571428568000004,-0.0071428571419999976,0.053075995174909796,0.009876543209876631,value_sleeve_only,False,False,False
dual_sleeve_mom12_80_20,dual_sleeve_allocation,2021-05-06,601169.XSHG,bank,0.03571428571,0.028571428568000004,-0.0071428571419999976,0.0,0.00421940928270037,value_sleeve_only,False,False,False
dual_sleeve_mom12_80_20,dual_sleeve_allocation,2021-05-06,600717.XSHG,port_rail_infrastructure,0.03571428571,0.028571428568000004,-0.0071428571419999976,-0.07592592592592595,0.01943844492440605,value_sleeve_only,False,False,False
dual_sleeve_mom12_80_20,dual_sleeve_allocation,2021-05-06,601328.XSHG,bank,0.03571428571,0.028571428568000004,-0.0071428571419999976,-0.05202312138728338,0.07606263982102912,value_sleeve_only,False,False,False
dual_sleeve_mom12_80_20,dual_sleeve_allocation,2021-05-06,000900.XSHE,highway_infrastructure,0.03571428571,0.04857142856800001,0.012857142858000006,0.19220779220779205,-0.00704225352112664,momentum_sleeve,False,False,False
dual_sleeve_mom12_80_20,dual_sleeve_allocation,2021-05-06,601000.XSHG,port_rail_infrastructure,0.03571428571,0.04857142856800001,0.012857142858000006,0.2088888888888889,0.14163090128755362,momentum_sleeve,False,False,False
dual_sleeve_mom12_80_20,dual_sleeve_allocation,2021-05-06,601398.XSHG,bank,0.03571428571,0.04857142856800001,0.012857142858000006,0.06796116504854366,0.01988071570576544,momentum_sleeve,False,False,False
dual_sleeve_mom12_80_20,dual_sleeve_allocation,2021-05-06,001872.XSHE,port_rail_infrastructure,0.03571428571,0.028571428568000004,-0.0071428571419999976,0.028708133971291794,0.026647966339411022,value_sleeve_only,False,False,False
dual_sleeve_mom12_80_20,dual_sleeve_allocation,2021-05-06,600035.XSHG,highway_infrastructure,0.03571428571,0.028571428568000004,-0.0071428571419999976,-0.08571428571428574,0.10780669144981414,value_sleeve_only,False,False,False
dual_sleeve_mom12_80_20,dual_sleeve_allocation,2021-05-06,600018.XSHG,port_rail_infrastructure,0.03571428571,0.04857142856800001,0.012857142858000006,0.10185185185185164,0.049886621315192725,momentum_sleeve,False,False,False
dual_sleeve_mom12_80_20,dual_sleeve_allocation,2021-05-06,600368.XSHG,highway_infrastructure,0.03571428571,0.028571428568000004,-0.0071428571419999976,-0.0450928381962864,0.11144578313253017,value_sleeve_only,False,False,False
dual_sleeve_mom12_80_20,dual_sleeve_allocation,2021-05-06,000755.XSHE,highway_infrastructure,0.03571428571,0.028571428568000004,-0.0071428571419999976,-0.19023136246786643,0.0836012861736335,value_sleeve_only,False,False,False
dual_sleeve_mom12_80_20,dual_sleeve_allocation,2021-05-06,000429.XSHE,highway_infrastructure,0.03571428571,0.04857142856800001,0.012857142858000006,0.07925072046109505,0.2625215889464594,momentum_sleeve,False,False,False
dual_sleeve_mom12_80_20,dual_sleeve_allocation,2021-05-06,600106.XSHG,highway_infrastructure,0.03571428571,0.028571428568000004,-0.0071428571419999976,-0.03873239436619713,0.04382470119521931,value_sleeve_only,False,False,False
dual_sleeve_mom12_60_40,dual_sleeve_allocation,2021-05-06,600795.XSHG,utilities_electricity,0.03571428571,0.061428571426,0.025714285716,0.14215686274509798,0.0861244019138756,momentum_sleeve,False,False,False
dual_sleeve_mom12_60_40,dual_sleeve_allocation,2021-05-06,600168.XSHG,utilities_electricity,0.03571428571,0.021428571426,-0.014285714284000002,-0.08500590318772139,0.029320987654321007,value_sleeve_only,False,False,False
dual_sleeve_mom12_60_40,dual_sleeve_allocation,2021-05-06,002039.XSHE,utilities_electricity,0.03571428571,0.061428571426,0.025714285716,0.16678596993557626,0.00557880055788007,momentum_sleeve,False,False,False
dual_sleeve_mom12_60_40,dual_sleeve_allocation,2021-05-06,600027.XSHG,utilities_electricity,0.03571428571,0.021428571426,-0.014285714284000002,0.05747126436781613,0.05263157894736836,value_sleeve_only,False,False,False
dual_sleeve_mom12_60_40,dual_sleeve_allocation,2021-05-06,601006.XSHG,port_rail_infrastructure,0.03571428571,0.021428571426,-0.014285714284000002,0.014598540145985384,0.06832298136645965,value_sleeve_only,False,False,False
dual_sleeve_mom12_60_40,dual_sleeve_allocation,2021-05-06,600011.XSHG,utilities_electricity,0.03571428571,0.021428571426,-0.014285714284000002,0.04235294117647048,0.004761904761904745,value_sleeve_only,False,False,False
dual_sleeve_mom12_60_40,dual_sleeve_allocation,2021-05-06,600310.XSHG,utilities_electricity,0.03571428571,0.061428571426,0.025714285716,0.24473684210526336,0.12972972972972951,momentum_sleeve,False,False,False
dual_sleeve_mom12_60_40,dual_sleeve_allocation,2021-05-06,600033.XSHG,highway_infrastructure,0.03571428571,0.021428571426,-0.014285714284000002,-0.021739130434782483,0.059055118110236116,value_sleeve_only,False,False,False
dual_sleeve_mom12_60_40,dual_sleeve_allocation,2021-05-06,601985.XSHG,utilities_electricity,0.03571428571,0.061428571426,0.025714285716,0.2247191011235954,0.025540275049115824,momentum_sleeve,False,False,False
dual_sleeve_mom12_60_40,dual_sleeve_allocation,2021-05-06,600017.XSHG,port_rail_infrastructure,0.03571428571,0.061428571426,0.025714285716,0.17551020408163254,0.007380073800737907,momentum_sleeve,False,False,False
dual_sleeve_mom12_60_40,dual_sleeve_allocation,2021-05-06,601326.XSHG,port_rail_infrastructure,0.03571428571,0.021428571426,-0.014285714284000002,0.011029411764705843,0.019157088122605526,value_sleeve_only,False,False,False
dual_sleeve_mom12_60_40,dual_sleeve_allocation,2021-05-06,601077.XSHG,bank,0.03571428571,0.021428571426,-0.014285714284000002,-0.20265151515151525,-0.014251781472684022,value_sleeve_only,False,False,False
dual_sleeve_mom12_60_40,dual_sleeve_allocation,2021-05-06,601988.XSHG,bank,0.03571428571,0.021428571426,-0.014285714284000002,-0.06983240223463683,0.025236593059936974,value_sleeve_only,False,False,False
dual_sleeve_mom12_60_40,dual_sleeve_allocation,2021-05-06,601288.XSHG,bank,0.03571428571,0.021428571426,-0.014285714284000002,-0.01744186046511631,0.019108280254777066,value_sleeve_only,False,False,False
dual_sleeve_mom12_60_40,dual_sleeve_allocation,2021-05-06,601229.XSHG,bank,0.03571428571,0.021428571426,-0.014285714284000002,0.053075995174909796,0.009876543209876631,value_sleeve_only,False,False,False
dual_sleeve_mom12_60_40,dual_sleeve_allocation,2021-05-06,601169.XSHG,bank,0.03571428571,0.021428571426,-0.014285714284000002,0.0,0.00421940928270037,value_sleeve_only,False,False,False
dual_sleeve_mom12_60_40,dual_sleeve_allocation,2021-05-06,600717.XSHG,port_rail_infrastructure,0.03571428571,0.021428571426,-0.014285714284000002,-0.07592592592592595,0.01943844492440605,value_sleeve_only,False,False,False
dual_sleeve_mom12_60_40,dual_sleeve_allocation,2021-05-06,601328.XSHG,bank,0.03571428571,0.021428571426,-0.014285714284000002,-0.05202312138728338,0.07606263982102912,value_sleeve_only,False,False,False
dual_sleeve_mom12_60_40,dual_sleeve_allocation,2021-05-06,000900.XSHE,highway_infrastructure,0.03571428571,0.061428571426,0.025714285716,0.19220779220779205,-0.00704225352112664,momentum_sleeve,False,False,False
dual_sleeve_mom12_60_40,dual_sleeve_allocation,2021-05-06,601000.XSHG,port_rail_infrastructure,0.03571428571,0.061428571426,0.025714285716,0.2088888888888889,0.14163090128755362,momentum_sleeve,False,False,False
dual_sleeve_mom12_60_40,dual_sleeve_allocation,2021-05-06,601398.XSHG,bank,0.03571428571,0.061428571426,0.025714285716,0.06796116504854366,0.01988071570576544,momentum_sleeve,False,False,False
dual_sleeve_mom12_60_40,dual_sleeve_allocation,2021-05-06,001872.XSHE,port_rail_infrastructure,0.03571428571,0.021428571426,-0.014285714284000002,0.028708133971291794,0.026647966339411022,value_sleeve_only,False,False,False
dual_sleeve_mom12_60_40,dual_sleeve_allocation,2021-05-06,600035.XSHG,highway_infrastructure,0.03571428571,0.021428571426,-0.014285714284000002,-0.08571428571428574,0.10780669144981414,value_sleeve_only,False,False,False
dual_sleeve_mom12_60_40,dual_sleeve_allocation,2021-05-06,600018.XSHG,port_rail_infrastructure,0.03571428571,0.061428571426,0.025714285716,0.10185185185185164,0.049886621315192725,momentum_sleeve,False,False,False
dual_sleeve_mom12_60_40,dual_sleeve_allocation,2021-05-06,600368.XSHG,highway_infrastructure,0.03571428571,0.021428571426,-0.014285714284000002,-0.0450928381962864,0.11144578313253017,value_sleeve_only,False,False,False
dual_sleeve_mom12_60_40,dual_sleeve_allocation,2021-05-06,000755.XSHE,highway_infrastructure,0.03571428571,0.021428571426,-0.014285714284000002,-0.19023136246786643,0.0836012861736335,value_sleeve_only,False,False,False
dual_sleeve_mom12_60_40,dual_sleeve_allocation,2021-05-06,000429.XSHE,highway_infrastructure,0.03571428571,0.061428571426,0.025714285716,0.07925072046109505,0.2625215889464594,momentum_sleeve,False,False,False
dual_sleeve_mom12_60_40,dual_sleeve_allocation,2021-05-06,600106.XSHG,highway_infrastructure,0.03571428571,0.021428571426,-0.014285714284000002,-0.03873239436619713,0.04382470119521931,value_sleeve_only,False,False,False
state_routed_mom12_70_30_or_100_0,state_routed_budget,2021-05-06,600795.XSHG,utilities_electricity,0.03571428571,0.03571428571,0.0,0.14215686274509798,0.0861244019138756,value_sleeve_only,False,False,False
state_routed_mom12_70_30_or_100_0,state_routed_budget,2021-05-06,600168.XSHG,utilities_electricity,0.03571428571,0.03571428571,0.0,-0.08500590318772139,0.029320987654321007,value_sleeve_only,False,False,False
state_routed_mom12_70_30_or_100_0,state_routed_budget,2021-05-06,002039.XSHE,utilities_electricity,0.03571428571,0.03571428571,0.0,0.16678596993557626,0.00557880055788007,value_sleeve_only,False,False,False
state_routed_mom12_70_30_or_100_0,state_routed_budget,2021-05-06,600027.XSHG,utilities_electricity,0.03571428571,0.03571428571,0.0,0.05747126436781613,0.05263157894736836,value_sleeve_only,False,False,False
state_routed_mom12_70_30_or_100_0,state_routed_budget,2021-05-06,601006.XSHG,port_rail_infrastructure,0.03571428571,0.03571428571,0.0,0.014598540145985384,0.06832298136645965,value_sleeve_only,False,False,False
state_routed_mom12_70_30_or_100_0,state_routed_budget,2021-05-06,600011.XSHG,utilities_electricity,0.03571428571,0.03571428571,0.0,0.04235294117647048,0.004761904761904745,value_sleeve_only,False,False,False
state_routed_mom12_70_30_or_100_0,state_routed_budget,2021-05-06,600310.XSHG,utilities_electricity,0.03571428571,0.03571428571,0.0,0.24473684210526336,0.12972972972972951,value_sleeve_only,False,False,False
state_routed_mom12_70_30_or_100_0,state_routed_budget,2021-05-06,600033.XSHG,highway_infrastructure,0.03571428571,0.03571428571,0.0,-0.021739130434782483,0.059055118110236116,value_sleeve_only,False,False,False
state_routed_mom12_70_30_or_100_0,state_routed_budget,2021-05-06,601985.XSHG,utilities_electricity,0.03571428571,0.03571428571,0.0,0.2247191011235954,0.025540275049115824,value_sleeve_only,False,False,False
state_routed_mom12_70_30_or_100_0,state_routed_budget,2021-05-06,600017.XSHG,port_rail_infrastructure,0.03571428571,0.03571428571,0.0,0.17551020408163254,0.007380073800737907,value_sleeve_only,False,False,False
state_routed_mom12_70_30_or_100_0,state_routed_budget,2021-05-06,601326.XSHG,port_rail_infrastructure,0.03571428571,0.03571428571,0.0,0.011029411764705843,0.019157088122605526,value_sleeve_only,False,False,False
state_routed_mom12_70_30_or_100_0,state_routed_budget,2021-05-06,601077.XSHG,bank,0.03571428571,0.03571428571,0.0,-0.20265151515151525,-0.014251781472684022,value_sleeve_only,False,False,False
state_routed_mom12_70_30_or_100_0,state_routed_budget,2021-05-06,601988.XSHG,bank,0.03571428571,0.03571428571,0.0,-0.06983240223463683,0.025236593059936974,value_sleeve_only,False,False,False
state_routed_mom12_70_30_or_100_0,state_routed_budget,2021-05-06,601288.XSHG,bank,0.03571428571,0.03571428571,0.0,-0.01744186046511631,0.019108280254777066,value_sleeve_only,False,False,False
state_routed_mom12_70_30_or_100_0,state_routed_budget,2021-05-06,601229.XSHG,bank,0.03571428571,0.03571428571,0.0,0.053075995174909796,0.009876543209876631,value_sleeve_only,False,False,False
state_routed_mom12_70_30_or_100_0,state_routed_budget,2021-05-06,601169.XSHG,bank,0.03571428571,0.03571428571,0.0,0.0,0.00421940928270037,value_sleeve_only,False,False,False
state_routed_mom12_70_30_or_100_0,state_routed_budget,2021-05-06,600717.XSHG,port_rail_infrastructure,0.03571428571,0.03571428571,0.0,-0.07592592592592595,0.01943844492440605,value_sleeve_only,False,False,False
state_routed_mom12_70_30_or_100_0,state_routed_budget,2021-05-06,601328.XSHG,bank,0.03571428571,0.03571428571,0.0,-0.05202312138728338,0.07606263982102912,value_sleeve_only,False,False,False
state_routed_mom12_70_30_or_100_0,state_routed_budget,2021-05-06,000900.XSHE,highway_infrastructure,0.03571428571,0.03571428571,0.0,0.19220779220779205,-0.00704225352112664,value_sleeve_only,False,False,False
state_routed_mom12_70_30_or_100_0,state_routed_budget,2021-05-06,601000.XSHG,port_rail_infrastructure,0.03571428571,0.03571428571,0.0,0.2088888888888889,0.14163090128755362,value_sleeve_only,False,False,False
state_routed_mom12_70_30_or_100_0,state_routed_budget,2021-05-06,601398.XSHG,bank,0.03571428571,0.03571428571,0.0,0.06796116504854366,0.01988071570576544,value_sleeve_only,False,False,False
state_routed_mom12_70_30_or_100_0,state_routed_budget,2021-05-06,001872.XSHE,port_rail_infrastructure,0.03571428571,0.03571428571,0.0,0.028708133971291794,0.026647966339411022,value_sleeve_only,False,False,False
state_routed_mom12_70_30_or_100_0,state_routed_budget,2021-05-06,600035.XSHG,highway_infrastructure,0.03571428571,0.03571428571,0.0,-0.08571428571428574,0.10780669144981414,value_sleeve_only,False,False,False
state_routed_mom12_70_30_or_100_0,state_routed_budget,2021-05-06,600018.XSHG,port_rail_infrastructure,0.03571428571,0.03571428571,0.0,0.10185185185185164,0.049886621315192725,value_sleeve_only,False,False,False
state_routed_mom12_70_30_or_100_0,state_routed_budget,2021-05-06,600368.XSHG,highway_infrastructure,0.03571428571,0.03571428571,0.0,-0.0450928381962864,0.11144578313253017,value_sleeve_only,False,False,False
state_routed_mom12_70_30_or_100_0,state_routed_budget,2021-05-06,000755.XSHE,highway_infrastructure,0.03571428571,0.03571428571,0.0,-0.19023136246786643,0.0836012861736335,value_sleeve_only,False,False,False
state_routed_mom12_70_30_or_100_0,state_routed_budget,2021-05-06,000429.XSHE,highway_infrastructure,0.03571428571,0.03571428571,0.0,0.07925072046109505,0.2625215889464594,value_sleeve_only,False,False,False
state_routed_mom12_70_30_or_100_0,state_routed_budget,2021-05-06,600106.XSHG,highway_infrastructure,0.03571428571,0.03571428571,0.0,-0.03873239436619713,0.04382470119521931,value_sleeve_only,False,False,False
admission_suppression_mom12_bottom_cap75,admission_suppression,2021-05-06,600795.XSHG,utilities_electricity,0.03571428571,0.039285714281,0.0035714285709999988,0.14215686274509798,0.0861244019138756,middle_or_top,True,False,False
admission_suppression_mom12_bottom_cap75,admission_suppression,2021-05-06,600168.XSHG,utilities_electricity,0.03571428571,0.0267857142825,-0.0089285714275,-0.08500590318772139,0.029320987654321007,suppressed_bottom_momentum,True,False,False
admission_suppression_mom12_bottom_cap75,admission_suppression,2021-05-06,002039.XSHE,utilities_electricity,0.03571428571,0.039285714281,0.0035714285709999988,0.16678596993557626,0.00557880055788007,middle_or_top,True,False,False
admission_suppression_mom12_bottom_cap75,admission_suppression,2021-05-06,600027.XSHG,utilities_electricity,0.03571428571,0.039285714281,0.0035714285709999988,0.05747126436781613,0.05263157894736836,middle_or_top,True,False,False
admission_suppression_mom12_bottom_cap75,admission_suppression,2021-05-06,601006.XSHG,port_rail_infrastructure,0.03571428571,0.039285714281,0.0035714285709999988,0.014598540145985384,0.06832298136645965,middle_or_top,True,False,False
admission_suppression_mom12_bottom_cap75,admission_suppression,2021-05-06,600011.XSHG,utilities_electricity,0.03571428571,0.0267857142825,-0.0089285714275,0.04235294117647048,0.004761904761904745,suppressed_bottom_momentum,True,False,False
admission_suppression_mom12_bottom_cap75,admission_suppression,2021-05-06,600310.XSHG,utilities_electricity,0.03571428571,0.039285714281,0.0035714285709999988,0.24473684210526336,0.12972972972972951,middle_or_top,True,False,False
admission_suppression_mom12_bottom_cap75,admission_suppression,2021-05-06,600033.XSHG,highway_infrastructure,0.03571428571,0.039285714281,0.0035714285709999988,-0.021739130434782483,0.059055118110236116,middle_or_top,True,False,False
admission_suppression_mom12_bottom_cap75,admission_suppression,2021-05-06,601985.XSHG,utilities_electricity,0.03571428571,0.039285714281,0.0035714285709999988,0.2247191011235954,0.025540275049115824,middle_or_top,True,False,False
admission_suppression_mom12_bottom_cap75,admission_suppression,2021-05-06,600017.XSHG,port_rail_infrastructure,0.03571428571,0.039285714281,0.0035714285709999988,0.17551020408163254,0.007380073800737907,middle_or_top,True,False,False
admission_suppression_mom12_bottom_cap75,admission_suppression,2021-05-06,601326.XSHG,port_rail_infrastructure,0.03571428571,0.0267857142825,-0.0089285714275,0.011029411764705843,0.019157088122605526,suppressed_bottom_momentum,True,False,False
admission_suppression_mom12_bottom_cap75,admission_suppression,2021-05-06,601077.XSHG,bank,0.03571428571,0.0267857142825,-0.0089285714275,-0.20265151515151525,-0.014251781472684022,suppressed_bottom_momentum,True,False,False
admission_suppression_mom12_bottom_cap75,admission_suppression,2021-05-06,601988.XSHG,bank,0.03571428571,0.0267857142825,-0.0089285714275,-0.06983240223463683,0.025236593059936974,suppressed_bottom_momentum,True,False,False
admission_suppression_mom12_bottom_cap75,admission_suppression,2021-05-06,601288.XSHG,bank,0.03571428571,0.039285714281,0.0035714285709999988,-0.01744186046511631,0.019108280254777066,middle_or_top,True,False,False
admission_suppression_mom12_bottom_cap75,admission_suppression,2021-05-06,601229.XSHG,bank,0.03571428571,0.039285714281,0.0035714285709999988,0.053075995174909796,0.009876543209876631,middle_or_top,True,False,False
admission_suppression_mom12_bottom_cap75,admission_suppression,2021-05-06,601169.XSHG,bank,0.03571428571,0.039285714281,0.0035714285709999988,0.0,0.00421940928270037,middle_or_top,True,False,False
admission_suppression_mom12_bottom_cap75,admission_suppression,2021-05-06,600717.XSHG,port_rail_infrastructure,0.03571428571,0.0267857142825,-0.0089285714275,-0.07592592592592595,0.01943844492440605,suppressed_bottom_momentum,True,False,False
admission_suppression_mom12_bottom_cap75,admission_suppression,2021-05-06,601328.XSHG,bank,0.03571428571,0.039285714281,0.0035714285709999988,-0.05202312138728338,0.07606263982102912,middle_or_top,True,False,False
admission_suppression_mom12_bottom_cap75,admission_suppression,2021-05-06,000900.XSHE,highway_infrastructure,0.03571428571,0.039285714281,0.0035714285709999988,0.19220779220779205,-0.00704225352112664,middle_or_top,True,False,False
admission_suppression_mom12_bottom_cap75,admission_suppression,2021-05-06,601000.XSHG,port_rail_infrastructure,0.03571428571,0.039285714281,0.0035714285709999988,0.2088888888888889,0.14163090128755362,middle_or_top,True,False,False
admission_suppression_mom12_bottom_cap75,admission_suppression,2021-05-06,601398.XSHG,bank,0.03571428571,0.039285714281,0.0035714285709999988,0.06796116504854366,0.01988071570576544,middle_or_top,True,False,False
admission_suppression_mom12_bottom_cap75,admission_suppression,2021-05-06,001872.XSHE,port_rail_infrastructure,0.03571428571,0.039285714281,0.0035714285709999988,0.028708133971291794,0.026647966339411022,middle_or_top,True,False,False
admission_suppression_mom12_bottom_cap75,admission_suppression,2021-05-06,600035.XSHG,highway_infrastructure,0.03571428571,0.0267857142825,-0.0089285714275,-0.08571428571428574,0.10780669144981414,suppressed_bottom_momentum,True,False,False
admission_suppression_mom12_bottom_cap75,admission_suppression,2021-05-06,600018.XSHG,port_rail_infrastructure,0.03571428571,0.039285714281,0.0035714285709999988,0.10185185185185164,0.049886621315192725,middle_or_top,True,False,False
admission_suppression_mom12_bottom_cap75,admission_suppression,2021-05-06,600368.XSHG,highway_infrastructure,0.03571428571,0.039285714281,0.0035714285709999988,-0.0450928381962864,0.11144578313253017,middle_or_top,True,False,False
admission_suppression_mom12_bottom_cap75,admission_suppression,2021-05-06,000755.XSHE,highway_infrastructure,0.03571428571,0.0267857142825,-0.0089285714275,-0.19023136246786643,0.0836012861736335,suppressed_bottom_momentum,True,False,False
admission_suppression_mom12_bottom_cap75,admission_suppression,2021-05-06,000429.XSHE,highway_infrastructure,0.03571428571,0.039285714281,0.0035714285709999988,0.07925072046109505,0.2625215889464594,middle_or_top,True,False,False
admission_suppression_mom12_bottom_cap75,admission_suppression,2021-05-06,600106.XSHG,highway_infrastructure,0.03571428571,0.039285714281,0.0035714285709999988,-0.03873239436619713,0.04382470119521931,middle_or_top,True,False,False
v57f_startup_preload_repaired_baseline,baseline,2021-07-01,600795.XSHG,utilities_electricity,0.03571428571,0.03571428571,0.0,0.3425414364640884,0.061135371179039444,baseline,True,False,False
v57f_startup_preload_repaired_baseline,baseline,2021-07-01,600027.XSHG,utilities_electricity,0.03571428571,0.03571428571,0.0,-0.008695652173913104,-0.07027027027027033,baseline,True,False,False
v57f_startup_preload_repaired_baseline,baseline,2021-07-01,601006.XSHG,port_rail_infrastructure,0.03571428571,0.03571428571,0.0,-0.022889842632331958,-0.061340941512125546,baseline,True,False,False
v57f_startup_preload_repaired_baseline,baseline,2021-07-01,600011.XSHG,utilities_electricity,0.03571428571,0.03571428571,0.0,0.0024038461538460343,-0.043083900226757454,baseline,True,False,False
v57f_startup_preload_repaired_baseline,baseline,2021-07-01,600017.XSHG,port_rail_infrastructure,0.03571428571,0.03571428571,0.0,0.10399999999999987,-0.0761245674740485,baseline,True,False,False
v57f_startup_preload_repaired_baseline,baseline,2021-07-01,600033.XSHG,highway_infrastructure,0.03571428571,0.03571428571,0.0,0.03731343283582067,-0.03308823529411775,baseline,True,False,False
v57f_startup_preload_repaired_baseline,baseline,2021-07-01,003816.XSHE,utilities_electricity,0.03571428571,0.03571428571,0.0,-0.10423452768729635,-0.059859154929577496,baseline,True,False,False
v57f_startup_preload_repaired_baseline,baseline,2021-07-01,002267.XSHE,utilities_electricity,0.03571428571,0.03571428571,0.0,0.1262295081967213,0.04248861911987856,baseline,True,False,False
v57f_startup_preload_repaired_baseline,baseline,2021-07-01,601991.XSHG,utilities_electricity,0.03571428571,0.03571428571,0.0,0.25821596244131473,-0.06713780918727918,baseline,True,False,False
v57f_startup_preload_repaired_baseline,baseline,2021-07-01,000543.XSHE,utilities_electricity,0.03571428571,0.03571428571,0.0,-0.03282828282828276,-0.1831896551724137,baseline,True,False,False
v57f_startup_preload_repaired_baseline,baseline,2021-07-01,601326.XSHG,port_rail_infrastructure,0.03571428571,0.03571428571,0.0,0.06589147286821695,-0.03942652329749097,baseline,True,False,False
v57f_startup_preload_repaired_baseline,baseline,2021-07-01,601077.XSHG,bank,0.03571428571,0.03571428571,0.0,-0.1468812877263581,-0.05896226415094341,baseline,True,False,False
v57f_startup_preload_repaired_baseline,baseline,2021-07-01,601988.XSHG,bank,0.03571428571,0.03571428571,0.0,-0.03746397694524506,-0.08059701492537319,baseline,True,False,False
v57f_startup_preload_repaired_baseline,baseline,2021-07-01,601328.XSHG,bank,0.03571428571,0.03571428571,0.0,-0.045098039215686225,-0.010101010101010055,baseline,True,False,False
v57f_startup_preload_repaired_baseline,baseline,2021-07-01,601169.XSHG,bank,0.03571428571,0.03571428571,0.0,0.002044989775051187,0.014583333333333393,baseline,True,False,False
v57f_startup_preload_repaired_baseline,baseline,2021-07-01,601398.XSHG,bank,0.03571428571,0.03571428571,0.0,-0.02264150943396226,-0.06678700361010836,baseline,True,False,False
v57f_startup_preload_repaired_baseline,baseline,2021-07-01,601229.XSHG,bank,0.03571428571,0.03571428571,0.0,0.009569377990430672,-0.06712172923777016,baseline,True,False,False
v57f_startup_preload_repaired_baseline,baseline,2021-07-01,601288.XSHG,bank,0.03571428571,0.03571428571,0.0,-0.02985074626865669,-0.10882352941176476,baseline,True,False,False
v57f_startup_preload_repaired_baseline,baseline,2021-07-01,001872.XSHE,port_rail_infrastructure,0.03571428571,0.03571428571,0.0,0.10106007067137801,0.11904761904761929,baseline,True,False,False
v57f_startup_preload_repaired_baseline,baseline,2021-07-01,601228.XSHG,port_rail_infrastructure,0.03571428571,0.03571428571,0.0,0.05228758169934644,-0.05637982195845692,baseline,True,False,False
v57f_startup_preload_repaired_baseline,baseline,2021-07-01,000900.XSHE,highway_infrastructure,0.03571428571,0.03571428571,0.0,0.158176943699732,-0.11086956521739122,baseline,True,False,False
v57f_startup_preload_repaired_baseline,baseline,2021-07-01,601000.XSHG,port_rail_infrastructure,0.03571428571,0.03571428571,0.0,0.10859728506787336,-0.12363636363636354,baseline,True,False,False
v57f_startup_preload_repaired_baseline,baseline,2021-07-01,600035.XSHG,highway_infrastructure,0.03571428571,0.03571428571,0.0,0.0033112582781456013,0.027397260273972712,baseline,True,False,False
v57f_startup_preload_repaired_baseline,baseline,2021-07-01,600368.XSHG,highway_infrastructure,0.03571428571,0.03571428571,0.0,0.05397727272727271,-0.06233062330623307,baseline,True,False,False
v57f_startup_preload_repaired_baseline,baseline,2021-07-01,000429.XSHE,highway_infrastructure,0.03571428571,0.03571428571,0.0,0.032951289398280625,-0.04400000000000004,baseline,True,False,False
v57f_startup_preload_repaired_baseline,baseline,2021-07-01,600350.XSHG,highway_infrastructure,0.03571428571,0.03571428571,0.0,0.04567699836867867,-0.023809523809523725,baseline,True,False,False
v57f_startup_preload_repaired_baseline,baseline,2021-07-01,600018.XSHG,port_rail_infrastructure,0.03571428571,0.03571428571,0.0,0.11084905660377342,-0.0020920502092051096,baseline,True,False,False
v57f_startup_preload_repaired_baseline,baseline,2021-07-01,000755.XSHE,highway_infrastructure,0.03571428571,0.03571428571,0.0,-0.019125683060109422,0.04075235109717856,baseline,True,False,False
internal_subsleeve_mom12_80_20,v57f_pool_internal_subsleeve,2021-07-01,600795.XSHG,utilities_electricity,0.03571428571,0.04523809523266667,0.009523809522666668,0.3425414364640884,0.061135371179039444,momentum_subsleeve,True,False,False
internal_subsleeve_mom12_80_20,v57f_pool_internal_subsleeve,2021-07-01,600027.XSHG,utilities_electricity,0.03571428571,0.028571428568000004,-0.0071428571419999976,-0.008695652173913104,-0.07027027027027033,middle,True,False,False
internal_subsleeve_mom12_80_20,v57f_pool_internal_subsleeve,2021-07-01,601006.XSHG,port_rail_infrastructure,0.03571428571,0.028571428568000004,-0.0071428571419999976,-0.022889842632331958,-0.061340941512125546,middle,True,False,False
internal_subsleeve_mom12_80_20,v57f_pool_internal_subsleeve,2021-07-01,600011.XSHG,utilities_electricity,0.03571428571,0.028571428568000004,-0.0071428571419999976,0.0024038461538460343,-0.043083900226757454,middle,True,False,False
internal_subsleeve_mom12_80_20,v57f_pool_internal_subsleeve,2021-07-01,600017.XSHG,port_rail_infrastructure,0.03571428571,0.04523809523266667,0.009523809522666668,0.10399999999999987,-0.0761245674740485,momentum_subsleeve,True,False,False
internal_subsleeve_mom12_80_20,v57f_pool_internal_subsleeve,2021-07-01,600033.XSHG,highway_infrastructure,0.03571428571,0.028571428568000004,-0.0071428571419999976,0.03731343283582067,-0.03308823529411775,middle,True,False,False
internal_subsleeve_mom12_80_20,v57f_pool_internal_subsleeve,2021-07-01,003816.XSHE,utilities_electricity,0.03571428571,0.028571428568000004,-0.0071428571419999976,-0.10423452768729635,-0.059859154929577496,middle,True,False,False
internal_subsleeve_mom12_80_20,v57f_pool_internal_subsleeve,2021-07-01,002267.XSHE,utilities_electricity,0.03571428571,0.04523809523266667,0.009523809522666668,0.1262295081967213,0.04248861911987856,momentum_subsleeve,True,False,False
internal_subsleeve_mom12_80_20,v57f_pool_internal_subsleeve,2021-07-01,601991.XSHG,utilities_electricity,0.03571428571,0.04523809523266667,0.009523809522666668,0.25821596244131473,-0.06713780918727918,momentum_subsleeve,True,False,False
internal_subsleeve_mom12_80_20,v57f_pool_internal_subsleeve,2021-07-01,000543.XSHE,utilities_electricity,0.03571428571,0.028571428568000004,-0.0071428571419999976,-0.03282828282828276,-0.1831896551724137,middle,True,False,False
internal_subsleeve_mom12_80_20,v57f_pool_internal_subsleeve,2021-07-01,601326.XSHG,port_rail_infrastructure,0.03571428571,0.028571428568000004,-0.0071428571419999976,0.06589147286821695,-0.03942652329749097,middle,True,False,False
internal_subsleeve_mom12_80_20,v57f_pool_internal_subsleeve,2021-07-01,601077.XSHG,bank,0.03571428571,0.028571428568000004,-0.0071428571419999976,-0.1468812877263581,-0.05896226415094341,middle,True,False,False
internal_subsleeve_mom12_80_20,v57f_pool_internal_subsleeve,2021-07-01,601988.XSHG,bank,0.03571428571,0.028571428568000004,-0.0071428571419999976,-0.03746397694524506,-0.08059701492537319,middle,True,False,False
internal_subsleeve_mom12_80_20,v57f_pool_internal_subsleeve,2021-07-01,601328.XSHG,bank,0.03571428571,0.028571428568000004,-0.0071428571419999976,-0.045098039215686225,-0.010101010101010055,middle,True,False,False
internal_subsleeve_mom12_80_20,v57f_pool_internal_subsleeve,2021-07-01,601169.XSHG,bank,0.03571428571,0.04523809523266667,0.009523809522666668,0.002044989775051187,0.014583333333333393,momentum_subsleeve,True,False,False
internal_subsleeve_mom12_80_20,v57f_pool_internal_subsleeve,2021-07-01,601398.XSHG,bank,0.03571428571,0.04523809523266667,0.009523809522666668,-0.02264150943396226,-0.06678700361010836,momentum_subsleeve,True,False,False
internal_subsleeve_mom12_80_20,v57f_pool_internal_subsleeve,2021-07-01,601229.XSHG,bank,0.03571428571,0.04523809523266667,0.009523809522666668,0.009569377990430672,-0.06712172923777016,momentum_subsleeve,True,False,False
internal_subsleeve_mom12_80_20,v57f_pool_internal_subsleeve,2021-07-01,601288.XSHG,bank,0.03571428571,0.028571428568000004,-0.0071428571419999976,-0.02985074626865669,-0.10882352941176476,middle,True,False,False
internal_subsleeve_mom12_80_20,v57f_pool_internal_subsleeve,2021-07-01,001872.XSHE,port_rail_infrastructure,0.03571428571,0.028571428568000004,-0.0071428571419999976,0.10106007067137801,0.11904761904761929,middle,True,False,False
internal_subsleeve_mom12_80_20,v57f_pool_internal_subsleeve,2021-07-01,601228.XSHG,port_rail_infrastructure,0.03571428571,0.028571428568000004,-0.0071428571419999976,0.05228758169934644,-0.05637982195845692,middle,True,False,False
internal_subsleeve_mom12_80_20,v57f_pool_internal_subsleeve,2021-07-01,000900.XSHE,highway_infrastructure,0.03571428571,0.04523809523266667,0.009523809522666668,0.158176943699732,-0.11086956521739122,momentum_subsleeve,True,False,False
internal_subsleeve_mom12_80_20,v57f_pool_internal_subsleeve,2021-07-01,601000.XSHG,port_rail_infrastructure,0.03571428571,0.04523809523266667,0.009523809522666668,0.10859728506787336,-0.12363636363636354,momentum_subsleeve,True,False,False
internal_subsleeve_mom12_80_20,v57f_pool_internal_subsleeve,2021-07-01,600035.XSHG,highway_infrastructure,0.03571428571,0.028571428568000004,-0.0071428571419999976,0.0033112582781456013,0.027397260273972712,middle,True,False,False
internal_subsleeve_mom12_80_20,v57f_pool_internal_subsleeve,2021-07-01,600368.XSHG,highway_infrastructure,0.03571428571,0.04523809523266667,0.009523809522666668,0.05397727272727271,-0.06233062330623307,momentum_subsleeve,True,False,False
internal_subsleeve_mom12_80_20,v57f_pool_internal_subsleeve,2021-07-01,000429.XSHE,highway_infrastructure,0.03571428571,0.028571428568000004,-0.0071428571419999976,0.032951289398280625,-0.04400000000000004,middle,True,False,False
internal_subsleeve_mom12_80_20,v57f_pool_internal_subsleeve,2021-07-01,600350.XSHG,highway_infrastructure,0.03571428571,0.04523809523266667,0.009523809522666668,0.04567699836867867,-0.023809523809523725,momentum_subsleeve,True,False,False
internal_subsleeve_mom12_80_20,v57f_pool_internal_subsleeve,2021-07-01,600018.XSHG,port_rail_infrastructure,0.03571428571,0.04523809523266667,0.009523809522666668,0.11084905660377342,-0.0020920502092051096,momentum_subsleeve,True,False,False
internal_subsleeve_mom12_80_20,v57f_pool_internal_subsleeve,2021-07-01,000755.XSHE,highway_infrastructure,0.03571428571,0.028571428568000004,-0.0071428571419999976,-0.019125683060109422,0.04075235109717856,middle,True,False,False
internal_subsleeve_mom12_70_30,v57f_pool_internal_subsleeve,2021-07-01,600795.XSHG,utilities_electricity,0.03571428571,0.049999999994000004,0.014285714284000002,0.3425414364640884,0.061135371179039444,momentum_subsleeve,True,False,False
internal_subsleeve_mom12_70_30,v57f_pool_internal_subsleeve,2021-07-01,600027.XSHG,utilities_electricity,0.03571428571,0.024999999997,-0.010714285713000003,-0.008695652173913104,-0.07027027027027033,middle,True,False,False
internal_subsleeve_mom12_70_30,v57f_pool_internal_subsleeve,2021-07-01,601006.XSHG,port_rail_infrastructure,0.03571428571,0.024999999997,-0.010714285713000003,-0.022889842632331958,-0.061340941512125546,middle,True,False,False
internal_subsleeve_mom12_70_30,v57f_pool_internal_subsleeve,2021-07-01,600011.XSHG,utilities_electricity,0.03571428571,0.024999999997,-0.010714285713000003,0.0024038461538460343,-0.043083900226757454,middle,True,False,False
internal_subsleeve_mom12_70_30,v57f_pool_internal_subsleeve,2021-07-01,600017.XSHG,port_rail_infrastructure,0.03571428571,0.049999999994000004,0.014285714284000002,0.10399999999999987,-0.0761245674740485,momentum_subsleeve,True,False,False
internal_subsleeve_mom12_70_30,v57f_pool_internal_subsleeve,2021-07-01,600033.XSHG,highway_infrastructure,0.03571428571,0.024999999997,-0.010714285713000003,0.03731343283582067,-0.03308823529411775,middle,True,False,False
internal_subsleeve_mom12_70_30,v57f_pool_internal_subsleeve,2021-07-01,003816.XSHE,utilities_electricity,0.03571428571,0.024999999997,-0.010714285713000003,-0.10423452768729635,-0.059859154929577496,middle,True,False,False
internal_subsleeve_mom12_70_30,v57f_pool_internal_subsleeve,2021-07-01,002267.XSHE,utilities_electricity,0.03571428571,0.049999999994000004,0.014285714284000002,0.1262295081967213,0.04248861911987856,momentum_subsleeve,True,False,False
internal_subsleeve_mom12_70_30,v57f_pool_internal_subsleeve,2021-07-01,601991.XSHG,utilities_electricity,0.03571428571,0.049999999994000004,0.014285714284000002,0.25821596244131473,-0.06713780918727918,momentum_subsleeve,True,False,False
internal_subsleeve_mom12_70_30,v57f_pool_internal_subsleeve,2021-07-01,000543.XSHE,utilities_electricity,0.03571428571,0.024999999997,-0.010714285713000003,-0.03282828282828276,-0.1831896551724137,middle,True,False,False
internal_subsleeve_mom12_70_30,v57f_pool_internal_subsleeve,2021-07-01,601326.XSHG,port_rail_infrastructure,0.03571428571,0.024999999997,-0.010714285713000003,0.06589147286821695,-0.03942652329749097,middle,True,False,False
internal_subsleeve_mom12_70_30,v57f_pool_internal_subsleeve,2021-07-01,601077.XSHG,bank,0.03571428571,0.024999999997,-0.010714285713000003,-0.1468812877263581,-0.05896226415094341,middle,True,False,False
internal_subsleeve_mom12_70_30,v57f_pool_internal_subsleeve,2021-07-01,601988.XSHG,bank,0.03571428571,0.024999999997,-0.010714285713000003,-0.03746397694524506,-0.08059701492537319,middle,True,False,False
internal_subsleeve_mom12_70_30,v57f_pool_internal_subsleeve,2021-07-01,601328.XSHG,bank,0.03571428571,0.024999999997,-0.010714285713000003,-0.045098039215686225,-0.010101010101010055,middle,True,False,False
internal_subsleeve_mom12_70_30,v57f_pool_internal_subsleeve,2021-07-01,601169.XSHG,bank,0.03571428571,0.049999999994000004,0.014285714284000002,0.002044989775051187,0.014583333333333393,momentum_subsleeve,True,False,False
internal_subsleeve_mom12_70_30,v57f_pool_internal_subsleeve,2021-07-01,601398.XSHG,bank,0.03571428571,0.049999999994000004,0.014285714284000002,-0.02264150943396226,-0.06678700361010836,momentum_subsleeve,True,False,False
internal_subsleeve_mom12_70_30,v57f_pool_internal_subsleeve,2021-07-01,601229.XSHG,bank,0.03571428571,0.049999999994000004,0.014285714284000002,0.009569377990430672,-0.06712172923777016,momentum_subsleeve,True,False,False
internal_subsleeve_mom12_70_30,v57f_pool_internal_subsleeve,2021-07-01,601288.XSHG,bank,0.03571428571,0.024999999997,-0.010714285713000003,-0.02985074626865669,-0.10882352941176476,middle,True,False,False
internal_subsleeve_mom12_70_30,v57f_pool_internal_subsleeve,2021-07-01,001872.XSHE,port_rail_infrastructure,0.03571428571,0.024999999997,-0.010714285713000003,0.10106007067137801,0.11904761904761929,middle,True,False,False
internal_subsleeve_mom12_70_30,v57f_pool_internal_subsleeve,2021-07-01,601228.XSHG,port_rail_infrastructure,0.03571428571,0.024999999997,-0.010714285713000003,0.05228758169934644,-0.05637982195845692,middle,True,False,False
internal_subsleeve_mom12_70_30,v57f_pool_internal_subsleeve,2021-07-01,000900.XSHE,highway_infrastructure,0.03571428571,0.049999999994000004,0.014285714284000002,0.158176943699732,-0.11086956521739122,momentum_subsleeve,True,False,False
internal_subsleeve_mom12_70_30,v57f_pool_internal_subsleeve,2021-07-01,601000.XSHG,port_rail_infrastructure,0.03571428571,0.049999999994000004,0.014285714284000002,0.10859728506787336,-0.12363636363636354,momentum_subsleeve,True,False,False
internal_subsleeve_mom12_70_30,v57f_pool_internal_subsleeve,2021-07-01,600035.XSHG,highway_infrastructure,0.03571428571,0.024999999997,-0.010714285713000003,0.0033112582781456013,0.027397260273972712,middle,True,False,False
internal_subsleeve_mom12_70_30,v57f_pool_internal_subsleeve,2021-07-01,600368.XSHG,highway_infrastructure,0.03571428571,0.049999999994000004,0.014285714284000002,0.05397727272727271,-0.06233062330623307,momentum_subsleeve,True,False,False
internal_subsleeve_mom12_70_30,v57f_pool_internal_subsleeve,2021-07-01,000429.XSHE,highway_infrastructure,0.03571428571,0.024999999997,-0.010714285713000003,0.032951289398280625,-0.04400000000000004,middle,True,False,False
internal_subsleeve_mom12_70_30,v57f_pool_internal_subsleeve,2021-07-01,600350.XSHG,highway_infrastructure,0.03571428571,0.049999999994000004,0.014285714284000002,0.04567699836867867,-0.023809523809523725,momentum_subsleeve,True,False,False
internal_subsleeve_mom12_70_30,v57f_pool_internal_subsleeve,2021-07-01,600018.XSHG,port_rail_infrastructure,0.03571428571,0.049999999994000004,0.014285714284000002,0.11084905660377342,-0.0020920502092051096,momentum_subsleeve,True,False,False
internal_subsleeve_mom12_70_30,v57f_pool_internal_subsleeve,2021-07-01,000755.XSHE,highway_infrastructure,0.03571428571,0.024999999997,-0.010714285713000003,-0.019125683060109422,0.04075235109717856,middle,True,False,False
dual_sleeve_mom12_80_20,dual_sleeve_allocation,2021-07-01,600795.XSHG,utilities_electricity,0.03571428571,0.04857142856800001,0.012857142858000006,0.3425414364640884,0.061135371179039444,momentum_sleeve,False,False,False
dual_sleeve_mom12_80_20,dual_sleeve_allocation,2021-07-01,600027.XSHG,utilities_electricity,0.03571428571,0.028571428568000004,-0.0071428571419999976,-0.008695652173913104,-0.07027027027027033,value_sleeve_only,False,False,False
dual_sleeve_mom12_80_20,dual_sleeve_allocation,2021-07-01,601006.XSHG,port_rail_infrastructure,0.03571428571,0.028571428568000004,-0.0071428571419999976,-0.022889842632331958,-0.061340941512125546,value_sleeve_only,False,False,False
dual_sleeve_mom12_80_20,dual_sleeve_allocation,2021-07-01,600011.XSHG,utilities_electricity,0.03571428571,0.028571428568000004,-0.0071428571419999976,0.0024038461538460343,-0.043083900226757454,value_sleeve_only,False,False,False
dual_sleeve_mom12_80_20,dual_sleeve_allocation,2021-07-01,600017.XSHG,port_rail_infrastructure,0.03571428571,0.04857142856800001,0.012857142858000006,0.10399999999999987,-0.0761245674740485,momentum_sleeve,False,False,False
dual_sleeve_mom12_80_20,dual_sleeve_allocation,2021-07-01,600033.XSHG,highway_infrastructure,0.03571428571,0.028571428568000004,-0.0071428571419999976,0.03731343283582067,-0.03308823529411775,value_sleeve_only,False,False,False
dual_sleeve_mom12_80_20,dual_sleeve_allocation,2021-07-01,003816.XSHE,utilities_electricity,0.03571428571,0.028571428568000004,-0.0071428571419999976,-0.10423452768729635,-0.059859154929577496,value_sleeve_only,False,False,False
dual_sleeve_mom12_80_20,dual_sleeve_allocation,2021-07-01,002267.XSHE,utilities_electricity,0.03571428571,0.04857142856800001,0.012857142858000006,0.1262295081967213,0.04248861911987856,momentum_sleeve,False,False,False
dual_sleeve_mom12_80_20,dual_sleeve_allocation,2021-07-01,601991.XSHG,utilities_electricity,0.03571428571,0.04857142856800001,0.012857142858000006,0.25821596244131473,-0.06713780918727918,momentum_sleeve,False,False,False
dual_sleeve_mom12_80_20,dual_sleeve_allocation,2021-07-01,000543.XSHE,utilities_electricity,0.03571428571,0.028571428568000004,-0.0071428571419999976,-0.03282828282828276,-0.1831896551724137,value_sleeve_only,False,False,False
dual_sleeve_mom12_80_20,dual_sleeve_allocation,2021-07-01,601326.XSHG,port_rail_infrastructure,0.03571428571,0.04857142856800001,0.012857142858000006,0.06589147286821695,-0.03942652329749097,momentum_sleeve,False,False,False
dual_sleeve_mom12_80_20,dual_sleeve_allocation,2021-07-01,601077.XSHG,bank,0.03571428571,0.028571428568000004,-0.0071428571419999976,-0.1468812877263581,-0.05896226415094341,value_sleeve_only,False,False,False
dual_sleeve_mom12_80_20,dual_sleeve_allocation,2021-07-01,601988.XSHG,bank,0.03571428571,0.028571428568000004,-0.0071428571419999976,-0.03746397694524506,-0.08059701492537319,value_sleeve_only,False,False,False
dual_sleeve_mom12_80_20,dual_sleeve_allocation,2021-07-01,601328.XSHG,bank,0.03571428571,0.028571428568000004,-0.0071428571419999976,-0.045098039215686225,-0.010101010101010055,value_sleeve_only,False,False,False
dual_sleeve_mom12_80_20,dual_sleeve_allocation,2021-07-01,601169.XSHG,bank,0.03571428571,0.028571428568000004,-0.0071428571419999976,0.002044989775051187,0.014583333333333393,value_sleeve_only,False,False,False
dual_sleeve_mom12_80_20,dual_sleeve_allocation,2021-07-01,601398.XSHG,bank,0.03571428571,0.028571428568000004,-0.0071428571419999976,-0.02264150943396226,-0.06678700361010836,value_sleeve_only,False,False,False
dual_sleeve_mom12_80_20,dual_sleeve_allocation,2021-07-01,601229.XSHG,bank,0.03571428571,0.028571428568000004,-0.0071428571419999976,0.009569377990430672,-0.06712172923777016,value_sleeve_only,False,False,False
dual_sleeve_mom12_80_20,dual_sleeve_allocation,2021-07-01,601288.XSHG,bank,0.03571428571,0.028571428568000004,-0.0071428571419999976,-0.02985074626865669,-0.10882352941176476,value_sleeve_only,False,False,False
dual_sleeve_mom12_80_20,dual_sleeve_allocation,2021-07-01,001872.XSHE,port_rail_infrastructure,0.03571428571,0.04857142856800001,0.012857142858000006,0.10106007067137801,0.11904761904761929,momentum_sleeve,False,False,False
dual_sleeve_mom12_80_20,dual_sleeve_allocation,2021-07-01,601228.XSHG,port_rail_infrastructure,0.03571428571,0.028571428568000004,-0.0071428571419999976,0.05228758169934644,-0.05637982195845692,value_sleeve_only,False,False,False
dual_sleeve_mom12_80_20,dual_sleeve_allocation,2021-07-01,000900.XSHE,highway_infrastructure,0.03571428571,0.04857142856800001,0.012857142858000006,0.158176943699732,-0.11086956521739122,momentum_sleeve,False,False,False
dual_sleeve_mom12_80_20,dual_sleeve_allocation,2021-07-01,601000.XSHG,port_rail_infrastructure,0.03571428571,0.04857142856800001,0.012857142858000006,0.10859728506787336,-0.12363636363636354,momentum_sleeve,False,False,False
dual_sleeve_mom12_80_20,dual_sleeve_allocation,2021-07-01,600035.XSHG,highway_infrastructure,0.03571428571,0.028571428568000004,-0.0071428571419999976,0.0033112582781456013,0.027397260273972712,value_sleeve_only,False,False,False
dual_sleeve_mom12_80_20,dual_sleeve_allocation,2021-07-01,600368.XSHG,highway_infrastructure,0.03571428571,0.04857142856800001,0.012857142858000006,0.05397727272727271,-0.06233062330623307,momentum_sleeve,False,False,False
dual_sleeve_mom12_80_20,dual_sleeve_allocation,2021-07-01,000429.XSHE,highway_infrastructure,0.03571428571,0.028571428568000004,-0.0071428571419999976,0.032951289398280625,-0.04400000000000004,value_sleeve_only,False,False,False
dual_sleeve_mom12_80_20,dual_sleeve_allocation,2021-07-01,600350.XSHG,highway_infrastructure,0.03571428571,0.028571428568000004,-0.0071428571419999976,0.04567699836867867,-0.023809523809523725,value_sleeve_only,False,False,False
dual_sleeve_mom12_80_20,dual_sleeve_allocation,2021-07-01,600018.XSHG,port_rail_infrastructure,0.03571428571,0.04857142856800001,0.012857142858000006,0.11084905660377342,-0.0020920502092051096,momentum_sleeve,False,False,False
dual_sleeve_mom12_80_20,dual_sleeve_allocation,2021-07-01,000755.XSHE,highway_infrastructure,0.03571428571,0.028571428568000004,-0.0071428571419999976,-0.019125683060109422,0.04075235109717856,value_sleeve_only,False,False,False
dual_sleeve_mom12_60_40,dual_sleeve_allocation,2021-07-01,600795.XSHG,utilities_electricity,0.03571428571,0.061428571426,0.025714285716,0.3425414364640884,0.061135371179039444,momentum_sleeve,False,False,False
dual_sleeve_mom12_60_40,dual_sleeve_allocation,2021-07-01,600027.XSHG,utilities_electricity,0.03571428571,0.021428571426,-0.014285714284000002,-0.008695652173913104,-0.07027027027027033,value_sleeve_only,False,False,False
dual_sleeve_mom12_60_40,dual_sleeve_allocation,2021-07-01,601006.XSHG,port_rail_infrastructure,0.03571428571,0.021428571426,-0.014285714284000002,-0.022889842632331958,-0.061340941512125546,value_sleeve_only,False,False,False
dual_sleeve_mom12_60_40,dual_sleeve_allocation,2021-07-01,600011.XSHG,utilities_electricity,0.03571428571,0.021428571426,-0.014285714284000002,0.0024038461538460343,-0.043083900226757454,value_sleeve_only,False,False,False
dual_sleeve_mom12_60_40,dual_sleeve_allocation,2021-07-01,600017.XSHG,port_rail_infrastructure,0.03571428571,0.061428571426,0.025714285716,0.10399999999999987,-0.0761245674740485,momentum_sleeve,False,False,False
dual_sleeve_mom12_60_40,dual_sleeve_allocation,2021-07-01,600033.XSHG,highway_infrastructure,0.03571428571,0.021428571426,-0.014285714284000002,0.03731343283582067,-0.03308823529411775,value_sleeve_only,False,False,False
dual_sleeve_mom12_60_40,dual_sleeve_allocation,2021-07-01,003816.XSHE,utilities_electricity,0.03571428571,0.021428571426,-0.014285714284000002,-0.10423452768729635,-0.059859154929577496,value_sleeve_only,False,False,False
dual_sleeve_mom12_60_40,dual_sleeve_allocation,2021-07-01,002267.XSHE,utilities_electricity,0.03571428571,0.061428571426,0.025714285716,0.1262295081967213,0.04248861911987856,momentum_sleeve,False,False,False
dual_sleeve_mom12_60_40,dual_sleeve_allocation,2021-07-01,601991.XSHG,utilities_electricity,0.03571428571,0.061428571426,0.025714285716,0.25821596244131473,-0.06713780918727918,momentum_sleeve,False,False,False
dual_sleeve_mom12_60_40,dual_sleeve_allocation,2021-07-01,000543.XSHE,utilities_electricity,0.03571428571,0.021428571426,-0.014285714284000002,-0.03282828282828276,-0.1831896551724137,value_sleeve_only,False,False,False
dual_sleeve_mom12_60_40,dual_sleeve_allocation,2021-07-01,601326.XSHG,port_rail_infrastructure,0.03571428571,0.061428571426,0.025714285716,0.06589147286821695,-0.03942652329749097,momentum_sleeve,False,False,False
dual_sleeve_mom12_60_40,dual_sleeve_allocation,2021-07-01,601077.XSHG,bank,0.03571428571,0.021428571426,-0.014285714284000002,-0.1468812877263581,-0.05896226415094341,value_sleeve_only,False,False,False
dual_sleeve_mom12_60_40,dual_sleeve_allocation,2021-07-01,601988.XSHG,bank,0.03571428571,0.021428571426,-0.014285714284000002,-0.03746397694524506,-0.08059701492537319,value_sleeve_only,False,False,False
dual_sleeve_mom12_60_40,dual_sleeve_allocation,2021-07-01,601328.XSHG,bank,0.03571428571,0.021428571426,-0.014285714284000002,-0.045098039215686225,-0.010101010101010055,value_sleeve_only,False,False,False
dual_sleeve_mom12_60_40,dual_sleeve_allocation,2021-07-01,601169.XSHG,bank,0.03571428571,0.021428571426,-0.014285714284000002,0.002044989775051187,0.014583333333333393,value_sleeve_only,False,False,False
dual_sleeve_mom12_60_40,dual_sleeve_allocation,2021-07-01,601398.XSHG,bank,0.03571428571,0.021428571426,-0.014285714284000002,-0.02264150943396226,-0.06678700361010836,value_sleeve_only,False,False,False
dual_sleeve_mom12_60_40,dual_sleeve_allocation,2021-07-01,601229.XSHG,bank,0.03571428571,0.021428571426,-0.014285714284000002,0.009569377990430672,-0.06712172923777016,value_sleeve_only,False,False,False
dual_sleeve_mom12_60_40,dual_sleeve_allocation,2021-07-01,601288.XSHG,bank,0.03571428571,0.021428571426,-0.014285714284000002,-0.02985074626865669,-0.10882352941176476,value_sleeve_only,False,False,False
dual_sleeve_mom12_60_40,dual_sleeve_allocation,2021-07-01,001872.XSHE,port_rail_infrastructure,0.03571428571,0.061428571426,0.025714285716,0.10106007067137801,0.11904761904761929,momentum_sleeve,False,False,False
dual_sleeve_mom12_60_40,dual_sleeve_allocation,2021-07-01,601228.XSHG,port_rail_infrastructure,0.03571428571,0.021428571426,-0.014285714284000002,0.05228758169934644,-0.05637982195845692,value_sleeve_only,False,False,False
dual_sleeve_mom12_60_40,dual_sleeve_allocation,2021-07-01,000900.XSHE,highway_infrastructure,0.03571428571,0.061428571426,0.025714285716,0.158176943699732,-0.11086956521739122,momentum_sleeve,False,False,False
dual_sleeve_mom12_60_40,dual_sleeve_allocation,2021-07-01,601000.XSHG,port_rail_infrastructure,0.03571428571,0.061428571426,0.025714285716,0.10859728506787336,-0.12363636363636354,momentum_sleeve,False,False,False
dual_sleeve_mom12_60_40,dual_sleeve_allocation,2021-07-01,600035.XSHG,highway_infrastructure,0.03571428571,0.021428571426,-0.014285714284000002,0.0033112582781456013,0.027397260273972712,value_sleeve_only,False,False,False
dual_sleeve_mom12_60_40,dual_sleeve_allocation,2021-07-01,600368.XSHG,highway_infrastructure,0.03571428571,0.061428571426,0.025714285716,0.05397727272727271,-0.06233062330623307,momentum_sleeve,False,False,False
dual_sleeve_mom12_60_40,dual_sleeve_allocation,2021-07-01,000429.XSHE,highway_infrastructure,0.03571428571,0.021428571426,-0.014285714284000002,0.032951289398280625,-0.04400000000000004,value_sleeve_only,False,False,False
dual_sleeve_mom12_60_40,dual_sleeve_allocation,2021-07-01,600350.XSHG,highway_infrastructure,0.03571428571,0.021428571426,-0.014285714284000002,0.04567699836867867,-0.023809523809523725,value_sleeve_only,False,False,False
dual_sleeve_mom12_60_40,dual_sleeve_allocation,2021-07-01,600018.XSHG,port_rail_infrastructure,0.03571428571,0.061428571426,0.025714285716,0.11084905660377342,-0.0020920502092051096,momentum_sleeve,False,False,False
dual_sleeve_mom12_60_40,dual_sleeve_allocation,2021-07-01,000755.XSHE,highway_infrastructure,0.03571428571,0.021428571426,-0.014285714284000002,-0.019125683060109422,0.04075235109717856,value_sleeve_only,False,False,False
state_routed_mom12_70_30_or_100_0,state_routed_budget,2021-07-01,600795.XSHG,utilities_electricity,0.03571428571,0.03571428571,0.0,0.3425414364640884,0.061135371179039444,value_sleeve_only,False,False,False
state_routed_mom12_70_30_or_100_0,state_routed_budget,2021-07-01,600027.XSHG,utilities_electricity,0.03571428571,0.03571428571,0.0,-0.008695652173913104,-0.07027027027027033,value_sleeve_only,False,False,False
state_routed_mom12_70_30_or_100_0,state_routed_budget,2021-07-01,601006.XSHG,port_rail_infrastructure,0.03571428571,0.03571428571,0.0,-0.022889842632331958,-0.061340941512125546,value_sleeve_only,False,False,False
state_routed_mom12_70_30_or_100_0,state_routed_budget,2021-07-01,600011.XSHG,utilities_electricity,0.03571428571,0.03571428571,0.0,0.0024038461538460343,-0.043083900226757454,value_sleeve_only,False,False,False
state_routed_mom12_70_30_or_100_0,state_routed_budget,2021-07-01,600017.XSHG,port_rail_infrastructure,0.03571428571,0.03571428571,0.0,0.10399999999999987,-0.0761245674740485,value_sleeve_only,False,False,False
state_routed_mom12_70_30_or_100_0,state_routed_budget,2021-07-01,600033.XSHG,highway_infrastructure,0.03571428571,0.03571428571,0.0,0.03731343283582067,-0.03308823529411775,value_sleeve_only,False,False,False
state_routed_mom12_70_30_or_100_0,state_routed_budget,2021-07-01,003816.XSHE,utilities_electricity,0.03571428571,0.03571428571,0.0,-0.10423452768729635,-0.059859154929577496,value_sleeve_only,False,False,False
state_routed_mom12_70_30_or_100_0,state_routed_budget,2021-07-01,002267.XSHE,utilities_electricity,0.03571428571,0.03571428571,0.0,0.1262295081967213,0.04248861911987856,value_sleeve_only,False,False,False
state_routed_mom12_70_30_or_100_0,state_routed_budget,2021-07-01,601991.XSHG,utilities_electricity,0.03571428571,0.03571428571,0.0,0.25821596244131473,-0.06713780918727918,value_sleeve_only,False,False,False
state_routed_mom12_70_30_or_100_0,state_routed_budget,2021-07-01,000543.XSHE,utilities_electricity,0.03571428571,0.03571428571,0.0,-0.03282828282828276,-0.1831896551724137,value_sleeve_only,False,False,False
state_routed_mom12_70_30_or_100_0,state_routed_budget,2021-07-01,601326.XSHG,port_rail_infrastructure,0.03571428571,0.03571428571,0.0,0.06589147286821695,-0.03942652329749097,value_sleeve_only,False,False,False
state_routed_mom12_70_30_or_100_0,state_routed_budget,2021-07-01,601077.XSHG,bank,0.03571428571,0.03571428571,0.0,-0.1468812877263581,-0.05896226415094341,value_sleeve_only,False,False,False
state_routed_mom12_70_30_or_100_0,state_routed_budget,2021-07-01,601988.XSHG,bank,0.03571428571,0.03571428571,0.0,-0.03746397694524506,-0.08059701492537319,value_sleeve_only,False,False,False
state_routed_mom12_70_30_or_100_0,state_routed_budget,2021-07-01,601328.XSHG,bank,0.03571428571,0.03571428571,0.0,-0.045098039215686225,-0.010101010101010055,value_sleeve_only,False,False,False
state_routed_mom12_70_30_or_100_0,state_routed_budget,2021-07-01,601169.XSHG,bank,0.03571428571,0.03571428571,0.0,0.002044989775051187,0.014583333333333393,value_sleeve_only,False,False,False
state_routed_mom12_70_30_or_100_0,state_routed_budget,2021-07-01,601398.XSHG,bank,0.03571428571,0.03571428571,0.0,-0.02264150943396226,-0.06678700361010836,value_sleeve_only,False,False,False
state_routed_mom12_70_30_or_100_0,state_routed_budget,2021-07-01,601229.XSHG,bank,0.03571428571,0.03571428571,0.0,0.009569377990430672,-0.06712172923777016,value_sleeve_only,False,False,False
state_routed_mom12_70_30_or_100_0,state_routed_budget,2021-07-01,601288.XSHG,bank,0.03571428571,0.03571428571,0.0,-0.02985074626865669,-0.10882352941176476,value_sleeve_only,False,False,False
state_routed_mom12_70_30_or_100_0,state_routed_budget,2021-07-01,001872.XSHE,port_rail_infrastructure,0.03571428571,0.03571428571,0.0,0.10106007067137801,0.11904761904761929,value_sleeve_only,False,False,False
state_routed_mom12_70_30_or_100_0,state_routed_budget,2021-07-01,601228.XSHG,port_rail_infrastructure,0.03571428571,0.03571428571,0.0,0.05228758169934644,-0.05637982195845692,value_sleeve_only,False,False,False
state_routed_mom12_70_30_or_100_0,state_routed_budget,2021-07-01,000900.XSHE,highway_infrastructure,0.03571428571,0.03571428571,0.0,0.158176943699732,-0.11086956521739122,value_sleeve_only,False,False,False
state_routed_mom12_70_30_or_100_0,state_routed_budget,2021-07-01,601000.XSHG,port_rail_infrastructure,0.03571428571,0.03571428571,0.0,0.10859728506787336,-0.12363636363636354,value_sleeve_only,False,False,False
state_routed_mom12_70_30_or_100_0,state_routed_budget,2021-07-01,600035.XSHG,highway_infrastructure,0.03571428571,0.03571428571,0.0,0.0033112582781456013,0.027397260273972712,value_sleeve_only,False,False,False
state_routed_mom12_70_30_or_100_0,state_routed_budget,2021-07-01,600368.XSHG,highway_infrastructure,0.03571428571,0.03571428571,0.0,0.05397727272727271,-0.06233062330623307,value_sleeve_only,False,False,False
state_routed_mom12_70_30_or_100_0,state_routed_budget,2021-07-01,000429.XSHE,highway_infrastructure,0.03571428571,0.03571428571,0.0,0.032951289398280625,-0.04400000000000004,value_sleeve_only,False,False,False
state_routed_mom12_70_30_or_100_0,state_routed_budget,2021-07-01,600350.XSHG,highway_infrastructure,0.03571428571,0.03571428571,0.0,0.04567699836867867,-0.023809523809523725,value_sleeve_only,False,False,False
state_routed_mom12_70_30_or_100_0,state_routed_budget,2021-07-01,600018.XSHG,port_rail_infrastructure,0.03571428571,0.03571428571,0.0,0.11084905660377342,-0.0020920502092051096,value_sleeve_only,False,False,False
state_routed_mom12_70_30_or_100_0,state_routed_budget,2021-07-01,000755.XSHE,highway_infrastructure,0.03571428571,0.03571428571,0.0,-0.019125683060109422,0.04075235109717856,value_sleeve_only,False,False,False
admission_suppression_mom12_bottom_cap75,admission_suppression,2021-07-01,600795.XSHG,utilities_electricity,0.03571428571,0.039285714281,0.0035714285709999988,0.3425414364640884,0.061135371179039444,middle_or_top,True,False,False
admission_suppression_mom12_bottom_cap75,admission_suppression,2021-07-01,600027.XSHG,utilities_electricity,0.03571428571,0.039285714281,0.0035714285709999988,-0.008695652173913104,-0.07027027027027033,middle_or_top,True,False,False
admission_suppression_mom12_bottom_cap75,admission_suppression,2021-07-01,601006.XSHG,port_rail_infrastructure,0.03571428571,0.0267857142825,-0.0089285714275,-0.022889842632331958,-0.061340941512125546,suppressed_bottom_momentum,True,False,False
admission_suppression_mom12_bottom_cap75,admission_suppression,2021-07-01,600011.XSHG,utilities_electricity,0.03571428571,0.039285714281,0.0035714285709999988,0.0024038461538460343,-0.043083900226757454,middle_or_top,True,False,False
admission_suppression_mom12_bottom_cap75,admission_suppression,2021-07-01,600017.XSHG,port_rail_infrastructure,0.03571428571,0.039285714281,0.0035714285709999988,0.10399999999999987,-0.0761245674740485,middle_or_top,True,False,False
admission_suppression_mom12_bottom_cap75,admission_suppression,2021-07-01,600033.XSHG,highway_infrastructure,0.03571428571,0.039285714281,0.0035714285709999988,0.03731343283582067,-0.03308823529411775,middle_or_top,True,False,False
admission_suppression_mom12_bottom_cap75,admission_suppression,2021-07-01,003816.XSHE,utilities_electricity,0.03571428571,0.0267857142825,-0.0089285714275,-0.10423452768729635,-0.059859154929577496,suppressed_bottom_momentum,True,False,False
admission_suppression_mom12_bottom_cap75,admission_suppression,2021-07-01,002267.XSHE,utilities_electricity,0.03571428571,0.039285714281,0.0035714285709999988,0.1262295081967213,0.04248861911987856,middle_or_top,True,False,False
admission_suppression_mom12_bottom_cap75,admission_suppression,2021-07-01,601991.XSHG,utilities_electricity,0.03571428571,0.039285714281,0.0035714285709999988,0.25821596244131473,-0.06713780918727918,middle_or_top,True,False,False
admission_suppression_mom12_bottom_cap75,admission_suppression,2021-07-01,000543.XSHE,utilities_electricity,0.03571428571,0.0267857142825,-0.0089285714275,-0.03282828282828276,-0.1831896551724137,suppressed_bottom_momentum,True,False,False
admission_suppression_mom12_bottom_cap75,admission_suppression,2021-07-01,601326.XSHG,port_rail_infrastructure,0.03571428571,0.039285714281,0.0035714285709999988,0.06589147286821695,-0.03942652329749097,middle_or_top,True,False,False
admission_suppression_mom12_bottom_cap75,admission_suppression,2021-07-01,601077.XSHG,bank,0.03571428571,0.0267857142825,-0.0089285714275,-0.1468812877263581,-0.05896226415094341,suppressed_bottom_momentum,True,False,False
admission_suppression_mom12_bottom_cap75,admission_suppression,2021-07-01,601988.XSHG,bank,0.03571428571,0.039285714281,0.0035714285709999988,-0.03746397694524506,-0.08059701492537319,middle_or_top,True,False,False
admission_suppression_mom12_bottom_cap75,admission_suppression,2021-07-01,601328.XSHG,bank,0.03571428571,0.0267857142825,-0.0089285714275,-0.045098039215686225,-0.010101010101010055,suppressed_bottom_momentum,True,False,False
admission_suppression_mom12_bottom_cap75,admission_suppression,2021-07-01,601169.XSHG,bank,0.03571428571,0.039285714281,0.0035714285709999988,0.002044989775051187,0.014583333333333393,middle_or_top,True,False,False
admission_suppression_mom12_bottom_cap75,admission_suppression,2021-07-01,601398.XSHG,bank,0.03571428571,0.039285714281,0.0035714285709999988,-0.02264150943396226,-0.06678700361010836,middle_or_top,True,False,False
admission_suppression_mom12_bottom_cap75,admission_suppression,2021-07-01,601229.XSHG,bank,0.03571428571,0.039285714281,0.0035714285709999988,0.009569377990430672,-0.06712172923777016,middle_or_top,True,False,False
admission_suppression_mom12_bottom_cap75,admission_suppression,2021-07-01,601288.XSHG,bank,0.03571428571,0.039285714281,0.0035714285709999988,-0.02985074626865669,-0.10882352941176476,middle_or_top,True,False,False
admission_suppression_mom12_bottom_cap75,admission_suppression,2021-07-01,001872.XSHE,port_rail_infrastructure,0.03571428571,0.039285714281,0.0035714285709999988,0.10106007067137801,0.11904761904761929,middle_or_top,True,False,False
admission_suppression_mom12_bottom_cap75,admission_suppression,2021-07-01,601228.XSHG,port_rail_infrastructure,0.03571428571,0.0267857142825,-0.0089285714275,0.05228758169934644,-0.05637982195845692,suppressed_bottom_momentum,True,False,False
admission_suppression_mom12_bottom_cap75,admission_suppression,2021-07-01,000900.XSHE,highway_infrastructure,0.03571428571,0.039285714281,0.0035714285709999988,0.158176943699732,-0.11086956521739122,middle_or_top,True,False,False
admission_suppression_mom12_bottom_cap75,admission_suppression,2021-07-01,601000.XSHG,port_rail_infrastructure,0.03571428571,0.039285714281,0.0035714285709999988,0.10859728506787336,-0.12363636363636354,middle_or_top,True,False,False
admission_suppression_mom12_bottom_cap75,admission_suppression,2021-07-01,600035.XSHG,highway_infrastructure,0.03571428571,0.0267857142825,-0.0089285714275,0.0033112582781456013,0.027397260273972712,suppressed_bottom_momentum,True,False,False
admission_suppression_mom12_bottom_cap75,admission_suppression,2021-07-01,600368.XSHG,highway_infrastructure,0.03571428571,0.039285714281,0.0035714285709999988,0.05397727272727271,-0.06233062330623307,middle_or_top,True,False,False
admission_suppression_mom12_bottom_cap75,admission_suppression,2021-07-01,000429.XSHE,highway_infrastructure,0.03571428571,0.039285714281,0.0035714285709999988,0.032951289398280625,-0.04400000000000004,middle_or_top,True,False,False
admission_suppression_mom12_bottom_cap75,admission_suppression,2021-07-01,600350.XSHG,highway_infrastructure,0.03571428571,0.039285714281,0.0035714285709999988,0.04567699836867867,-0.023809523809523725,middle_or_top,True,False,False
admission_suppression_mom12_bottom_cap75,admission_suppression,2021-07-01,600018.XSHG,port_rail_infrastructure,0.03571428571,0.039285714281,0.0035714285709999988,0.11084905660377342,-0.0020920502092051096,middle_or_top,True,False,False
admission_suppression_mom12_bottom_cap75,admission_suppression,2021-07-01,000755.XSHE,highway_infrastructure,0.03571428571,0.0267857142825,-0.0089285714275,-0.019125683060109422,0.04075235109717856,suppressed_bottom_momentum,True,False,False
v57f_startup_preload_repaired_baseline,baseline,2021-10-08,600969.XSHG,utilities_electricity,0.03571428571,0.03571428571,0.0,0.03363914373088672,0.2084592145015105,baseline,True,False,False
v57f_startup_preload_repaired_baseline,baseline,2021-10-08,600617.XSHG,utilities_electricity,0.03571428571,0.03571428571,0.0,-0.010101010101010055,0.34328358208955256,baseline,True,False,False
v57f_startup_preload_repaired_baseline,baseline,2021-10-08,000421.XSHE,utilities_electricity,0.03571428571,0.03571428571,0.0,-0.24727838258164847,0.0,baseline,True,False,False
v57f_startup_preload_repaired_baseline,baseline,2021-10-08,601985.XSHG,utilities_electricity,0.03571428571,0.03571428571,0.0,0.20175438596491246,0.39458413926499025,baseline,True,False,False
v57f_startup_preload_repaired_baseline,baseline,2021-10-08,000543.XSHE,utilities_electricity,0.03571428571,0.03571428571,0.0,-0.10093896713615014,0.20266666666666655,baseline,True,False,False
v57f_startup_preload_repaired_baseline,baseline,2021-10-08,600017.XSHG,port_rail_infrastructure,0.03571428571,0.03571428571,0.0,-0.08013937282229966,0.029962546816479474,baseline,True,False,False
v57f_startup_preload_repaired_baseline,baseline,2021-10-08,601991.XSHG,utilities_electricity,0.03571428571,0.03571428571,0.0,0.12863070539419086,0.3754789272030652,baseline,True,False,False
v57f_startup_preload_repaired_baseline,baseline,2021-10-08,000539.XSHE,utilities_electricity,0.03571428571,0.03571428571,0.0,0.023195876288659933,0.40760869565217384,baseline,True,False,False
v57f_startup_preload_repaired_baseline,baseline,2021-10-08,601077.XSHG,bank,0.03571428571,0.03571428571,0.0,-0.23122529644268763,-0.03015075376884424,baseline,True,False,False
v57f_startup_preload_repaired_baseline,baseline,2021-10-08,601018.XSHG,port_rail_infrastructure,0.03571428571,0.03571428571,0.0,-0.045112781954887216,-0.01741293532338295,baseline,True,False,False
v57f_startup_preload_repaired_baseline,baseline,2021-10-08,600033.XSHG,highway_infrastructure,0.03571428571,0.03571428571,0.0,-0.03690036900369009,0.06766917293233066,baseline,True,False,False
v57f_startup_preload_repaired_baseline,baseline,2021-10-08,000900.XSHE,highway_infrastructure,0.03571428571,0.03571428571,0.0,0.08616187989556146,0.04358353510895885,baseline,True,False,False
v57f_startup_preload_repaired_baseline,baseline,2021-10-08,601006.XSHG,port_rail_infrastructure,0.03571428571,0.03571428571,0.0,-0.058914728682170514,-0.05580693815987936,baseline,True,False,False
v57f_startup_preload_repaired_baseline,baseline,2021-10-08,601988.XSHG,bank,0.03571428571,0.03571428571,0.0,-0.05607476635514019,-0.012944983818770184,baseline,True,False,False
v57f_startup_preload_repaired_baseline,baseline,2021-10-08,000429.XSHE,highway_infrastructure,0.03571428571,0.03571428571,0.0,0.0,0.03194444444444433,baseline,True,False,False
v57f_startup_preload_repaired_baseline,baseline,2021-10-08,600928.XSHG,bank,0.03571428571,0.03571428571,0.0,-0.18164794007490637,-0.05793991416309019,baseline,True,False,False
v57f_startup_preload_repaired_baseline,baseline,2021-10-08,600035.XSHG,highway_infrastructure,0.03571428571,0.03571428571,0.0,-0.016666666666666607,0.07407407407407396,baseline,True,False,False
v57f_startup_preload_repaired_baseline,baseline,2021-10-08,002040.XSHE,port_rail_infrastructure,0.03571428571,0.03571428571,0.0,-0.06965944272445823,0.011666666666666714,baseline,True,False,False
v57f_startup_preload_repaired_baseline,baseline,2021-10-08,601288.XSHG,bank,0.03571428571,0.03571428571,0.0,-0.06624605678233442,-0.0360655737704918,baseline,True,False,False
v57f_startup_preload_repaired_baseline,baseline,2021-10-08,603323.XSHG,bank,0.03571428571,0.03571428571,0.0,0.03205128205128216,0.12311015118790514,baseline,True,False,False
v57f_startup_preload_repaired_baseline,baseline,2021-10-08,002807.XSHE,bank,0.03571428571,0.03571428571,0.0,-0.09090909090909094,-0.03037974683544309,baseline,True,False,False
v57f_startup_preload_repaired_baseline,baseline,2021-10-08,601398.XSHG,bank,0.03571428571,0.03571428571,0.0,-0.06477732793522273,-0.05858585858585863,baseline,True,False,False
v57f_startup_preload_repaired_baseline,baseline,2021-10-08,001872.XSHE,port_rail_infrastructure,0.03571428571,0.03571428571,0.0,0.050913838120104415,0.041868932038835016,baseline,True,False,False
v57f_startup_preload_repaired_baseline,baseline,2021-10-08,601333.XSHG,port_rail_infrastructure,0.03571428571,0.03571428571,0.0,-0.1198347107438017,0.11904761904761907,baseline,True,False,False
v57f_startup_preload_repaired_baseline,baseline,2021-10-08,600368.XSHG,highway_infrastructure,0.03571428571,0.03571428571,0.0,0.11363636363636354,0.15895953757225434,baseline,True,False,False
v57f_startup_preload_repaired_baseline,baseline,2021-10-08,601326.XSHG,port_rail_infrastructure,0.03571428571,0.03571428571,0.0,-0.040892193308550095,0.09811320754717001,baseline,True,False,False
v57f_startup_preload_repaired_baseline,baseline,2021-10-08,600106.XSHG,highway_infrastructure,0.03571428571,0.03571428571,0.0,-0.11764705882352955,0.06274509803921569,baseline,True,False,False
v57f_startup_preload_repaired_baseline,baseline,2021-10-08,600377.XSHG,highway_infrastructure,0.03571428571,0.03571428571,0.0,-0.09358569926393279,-0.1120162932790224,baseline,True,False,False
internal_subsleeve_mom12_80_20,v57f_pool_internal_subsleeve,2021-10-08,600969.XSHG,utilities_electricity,0.03571428571,0.04523809523266667,0.009523809522666668,0.03363914373088672,0.2084592145015105,momentum_subsleeve,True,False,False
internal_subsleeve_mom12_80_20,v57f_pool_internal_subsleeve,2021-10-08,600617.XSHG,utilities_electricity,0.03571428571,0.028571428568000004,-0.0071428571419999976,-0.010101010101010055,0.34328358208955256,middle,True,False,False
internal_subsleeve_mom12_80_20,v57f_pool_internal_subsleeve,2021-10-08,000421.XSHE,utilities_electricity,0.03571428571,0.028571428568000004,-0.0071428571419999976,-0.24727838258164847,0.0,middle,True,False,False
internal_subsleeve_mom12_80_20,v57f_pool_internal_subsleeve,2021-10-08,601985.XSHG,utilities_electricity,0.03571428571,0.04523809523266667,0.009523809522666668,0.20175438596491246,0.39458413926499025,momentum_subsleeve,True,False,False
internal_subsleeve_mom12_80_20,v57f_pool_internal_subsleeve,2021-10-08,000543.XSHE,utilities_electricity,0.03571428571,0.028571428568000004,-0.0071428571419999976,-0.10093896713615014,0.20266666666666655,middle,True,False,False
internal_subsleeve_mom12_80_20,v57f_pool_internal_subsleeve,2021-10-08,600017.XSHG,port_rail_infrastructure,0.03571428571,0.028571428568000004,-0.0071428571419999976,-0.08013937282229966,0.029962546816479474,middle,True,False,False
internal_subsleeve_mom12_80_20,v57f_pool_internal_subsleeve,2021-10-08,601991.XSHG,utilities_electricity,0.03571428571,0.04523809523266667,0.009523809522666668,0.12863070539419086,0.3754789272030652,momentum_subsleeve,True,False,False
internal_subsleeve_mom12_80_20,v57f_pool_internal_subsleeve,2021-10-08,000539.XSHE,utilities_electricity,0.03571428571,0.028571428568000004,-0.0071428571419999976,0.023195876288659933,0.40760869565217384,middle,True,False,False
internal_subsleeve_mom12_80_20,v57f_pool_internal_subsleeve,2021-10-08,601077.XSHG,bank,0.03571428571,0.028571428568000004,-0.0071428571419999976,-0.23122529644268763,-0.03015075376884424,middle,True,False,False
internal_subsleeve_mom12_80_20,v57f_pool_internal_subsleeve,2021-10-08,601018.XSHG,port_rail_infrastructure,0.03571428571,0.04523809523266667,0.009523809522666668,-0.045112781954887216,-0.01741293532338295,momentum_subsleeve,True,False,False
internal_subsleeve_mom12_80_20,v57f_pool_internal_subsleeve,2021-10-08,600033.XSHG,highway_infrastructure,0.03571428571,0.028571428568000004,-0.0071428571419999976,-0.03690036900369009,0.06766917293233066,middle,True,False,False
internal_subsleeve_mom12_80_20,v57f_pool_internal_subsleeve,2021-10-08,000900.XSHE,highway_infrastructure,0.03571428571,0.04523809523266667,0.009523809522666668,0.08616187989556146,0.04358353510895885,momentum_subsleeve,True,False,False
internal_subsleeve_mom12_80_20,v57f_pool_internal_subsleeve,2021-10-08,601006.XSHG,port_rail_infrastructure,0.03571428571,0.028571428568000004,-0.0071428571419999976,-0.058914728682170514,-0.05580693815987936,middle,True,False,False
internal_subsleeve_mom12_80_20,v57f_pool_internal_subsleeve,2021-10-08,601988.XSHG,bank,0.03571428571,0.04523809523266667,0.009523809522666668,-0.05607476635514019,-0.012944983818770184,momentum_subsleeve,True,False,False
internal_subsleeve_mom12_80_20,v57f_pool_internal_subsleeve,2021-10-08,000429.XSHE,highway_infrastructure,0.03571428571,0.04523809523266667,0.009523809522666668,0.0,0.03194444444444433,momentum_subsleeve,True,False,False
internal_subsleeve_mom12_80_20,v57f_pool_internal_subsleeve,2021-10-08,600928.XSHG,bank,0.03571428571,0.028571428568000004,-0.0071428571419999976,-0.18164794007490637,-0.05793991416309019,middle,True,False,False
internal_subsleeve_mom12_80_20,v57f_pool_internal_subsleeve,2021-10-08,600035.XSHG,highway_infrastructure,0.03571428571,0.028571428568000004,-0.0071428571419999976,-0.016666666666666607,0.07407407407407396,middle,True,False,False
internal_subsleeve_mom12_80_20,v57f_pool_internal_subsleeve,2021-10-08,002040.XSHE,port_rail_infrastructure,0.03571428571,0.028571428568000004,-0.0071428571419999976,-0.06965944272445823,0.011666666666666714,middle,True,False,False
internal_subsleeve_mom12_80_20,v57f_pool_internal_subsleeve,2021-10-08,601288.XSHG,bank,0.03571428571,0.028571428568000004,-0.0071428571419999976,-0.06624605678233442,-0.0360655737704918,middle,True,False,False
internal_subsleeve_mom12_80_20,v57f_pool_internal_subsleeve,2021-10-08,603323.XSHG,bank,0.03571428571,0.04523809523266667,0.009523809522666668,0.03205128205128216,0.12311015118790514,momentum_subsleeve,True,False,False
internal_subsleeve_mom12_80_20,v57f_pool_internal_subsleeve,2021-10-08,002807.XSHE,bank,0.03571428571,0.028571428568000004,-0.0071428571419999976,-0.09090909090909094,-0.03037974683544309,middle,True,False,False
internal_subsleeve_mom12_80_20,v57f_pool_internal_subsleeve,2021-10-08,601398.XSHG,bank,0.03571428571,0.04523809523266667,0.009523809522666668,-0.06477732793522273,-0.05858585858585863,momentum_subsleeve,True,False,False
internal_subsleeve_mom12_80_20,v57f_pool_internal_subsleeve,2021-10-08,001872.XSHE,port_rail_infrastructure,0.03571428571,0.04523809523266667,0.009523809522666668,0.050913838120104415,0.041868932038835016,momentum_subsleeve,True,False,False
internal_subsleeve_mom12_80_20,v57f_pool_internal_subsleeve,2021-10-08,601333.XSHG,port_rail_infrastructure,0.03571428571,0.028571428568000004,-0.0071428571419999976,-0.1198347107438017,0.11904761904761907,middle,True,False,False
internal_subsleeve_mom12_80_20,v57f_pool_internal_subsleeve,2021-10-08,600368.XSHG,highway_infrastructure,0.03571428571,0.04523809523266667,0.009523809522666668,0.11363636363636354,0.15895953757225434,momentum_subsleeve,True,False,False
internal_subsleeve_mom12_80_20,v57f_pool_internal_subsleeve,2021-10-08,601326.XSHG,port_rail_infrastructure,0.03571428571,0.04523809523266667,0.009523809522666668,-0.040892193308550095,0.09811320754717001,momentum_subsleeve,True,False,False
internal_subsleeve_mom12_80_20,v57f_pool_internal_subsleeve,2021-10-08,600106.XSHG,highway_infrastructure,0.03571428571,0.028571428568000004,-0.0071428571419999976,-0.11764705882352955,0.06274509803921569,middle,True,False,False
internal_subsleeve_mom12_80_20,v57f_pool_internal_subsleeve,2021-10-08,600377.XSHG,highway_infrastructure,0.03571428571,0.028571428568000004,-0.0071428571419999976,-0.09358569926393279,-0.1120162932790224,middle,True,False,False
internal_subsleeve_mom12_70_30,v57f_pool_internal_subsleeve,2021-10-08,600969.XSHG,utilities_electricity,0.03571428571,0.049999999994000004,0.014285714284000002,0.03363914373088672,0.2084592145015105,momentum_subsleeve,True,False,False
internal_subsleeve_mom12_70_30,v57f_pool_internal_subsleeve,2021-10-08,600617.XSHG,utilities_electricity,0.03571428571,0.024999999997,-0.010714285713000003,-0.010101010101010055,0.34328358208955256,middle,True,False,False
internal_subsleeve_mom12_70_30,v57f_pool_internal_subsleeve,2021-10-08,000421.XSHE,utilities_electricity,0.03571428571,0.024999999997,-0.010714285713000003,-0.24727838258164847,0.0,middle,True,False,False
internal_subsleeve_mom12_70_30,v57f_pool_internal_subsleeve,2021-10-08,601985.XSHG,utilities_electricity,0.03571428571,0.049999999994000004,0.014285714284000002,0.20175438596491246,0.39458413926499025,momentum_subsleeve,True,False,False
internal_subsleeve_mom12_70_30,v57f_pool_internal_subsleeve,2021-10-08,000543.XSHE,utilities_electricity,0.03571428571,0.024999999997,-0.010714285713000003,-0.10093896713615014,0.20266666666666655,middle,True,False,False
internal_subsleeve_mom12_70_30,v57f_pool_internal_subsleeve,2021-10-08,600017.XSHG,port_rail_infrastructure,0.03571428571,0.024999999997,-0.010714285713000003,-0.08013937282229966,0.029962546816479474,middle,True,False,False
internal_subsleeve_mom12_70_30,v57f_pool_internal_subsleeve,2021-10-08,601991.XSHG,utilities_electricity,0.03571428571,0.049999999994000004,0.014285714284000002,0.12863070539419086,0.3754789272030652,momentum_subsleeve,True,False,False
internal_subsleeve_mom12_70_30,v57f_pool_internal_subsleeve,2021-10-08,000539.XSHE,utilities_electricity,0.03571428571,0.024999999997,-0.010714285713000003,0.023195876288659933,0.40760869565217384,middle,True,False,False
internal_subsleeve_mom12_70_30,v57f_pool_internal_subsleeve,2021-10-08,601077.XSHG,bank,0.03571428571,0.024999999997,-0.010714285713000003,-0.23122529644268763,-0.03015075376884424,middle,True,False,False
internal_subsleeve_mom12_70_30,v57f_pool_internal_subsleeve,2021-10-08,601018.XSHG,port_rail_infrastructure,0.03571428571,0.049999999994000004,0.014285714284000002,-0.045112781954887216,-0.01741293532338295,momentum_subsleeve,True,False,False
internal_subsleeve_mom12_70_30,v57f_pool_internal_subsleeve,2021-10-08,600033.XSHG,highway_infrastructure,0.03571428571,0.024999999997,-0.010714285713000003,-0.03690036900369009,0.06766917293233066,middle,True,False,False
internal_subsleeve_mom12_70_30,v57f_pool_internal_subsleeve,2021-10-08,000900.XSHE,highway_infrastructure,0.03571428571,0.049999999994000004,0.014285714284000002,0.08616187989556146,0.04358353510895885,momentum_subsleeve,True,False,False
internal_subsleeve_mom12_70_30,v57f_pool_internal_subsleeve,2021-10-08,601006.XSHG,port_rail_infrastructure,0.03571428571,0.024999999997,-0.010714285713000003,-0.058914728682170514,-0.05580693815987936,middle,True,False,False
internal_subsleeve_mom12_70_30,v57f_pool_internal_subsleeve,2021-10-08,601988.XSHG,bank,0.03571428571,0.049999999994000004,0.014285714284000002,-0.05607476635514019,-0.012944983818770184,momentum_subsleeve,True,False,False
internal_subsleeve_mom12_70_30,v57f_pool_internal_subsleeve,2021-10-08,000429.XSHE,highway_infrastructure,0.03571428571,0.049999999994000004,0.014285714284000002,0.0,0.03194444444444433,momentum_subsleeve,True,False,False
internal_subsleeve_mom12_70_30,v57f_pool_internal_subsleeve,2021-10-08,600928.XSHG,bank,0.03571428571,0.024999999997,-0.010714285713000003,-0.18164794007490637,-0.05793991416309019,middle,True,False,False
internal_subsleeve_mom12_70_30,v57f_pool_internal_subsleeve,2021-10-08,600035.XSHG,highway_infrastructure,0.03571428571,0.024999999997,-0.010714285713000003,-0.016666666666666607,0.07407407407407396,middle,True,False,False
internal_subsleeve_mom12_70_30,v57f_pool_internal_subsleeve,2021-10-08,002040.XSHE,port_rail_infrastructure,0.03571428571,0.024999999997,-0.010714285713000003,-0.06965944272445823,0.011666666666666714,middle,True,False,False
internal_subsleeve_mom12_70_30,v57f_pool_internal_subsleeve,2021-10-08,601288.XSHG,bank,0.03571428571,0.024999999997,-0.010714285713000003,-0.06624605678233442,-0.0360655737704918,middle,True,False,False
internal_subsleeve_mom12_70_30,v57f_pool_internal_subsleeve,2021-10-08,603323.XSHG,bank,0.03571428571,0.049999999994000004,0.014285714284000002,0.03205128205128216,0.12311015118790514,momentum_subsleeve,True,False,False
internal_subsleeve_mom12_70_30,v57f_pool_internal_subsleeve,2021-10-08,002807.XSHE,bank,0.03571428571,0.024999999997,-0.010714285713000003,-0.09090909090909094,-0.03037974683544309,middle,True,False,False
internal_subsleeve_mom12_70_30,v57f_pool_internal_subsleeve,2021-10-08,601398.XSHG,bank,0.03571428571,0.049999999994000004,0.014285714284000002,-0.06477732793522273,-0.05858585858585863,momentum_subsleeve,True,False,False
internal_subsleeve_mom12_70_30,v57f_pool_internal_subsleeve,2021-10-08,001872.XSHE,port_rail_infrastructure,0.03571428571,0.049999999994000004,0.014285714284000002,0.050913838120104415,0.041868932038835016,momentum_subsleeve,True,False,False
internal_subsleeve_mom12_70_30,v57f_pool_internal_subsleeve,2021-10-08,601333.XSHG,port_rail_infrastructure,0.03571428571,0.024999999997,-0.010714285713000003,-0.1198347107438017,0.11904761904761907,middle,True,False,False
internal_subsleeve_mom12_70_30,v57f_pool_internal_subsleeve,2021-10-08,600368.XSHG,highway_infrastructure,0.03571428571,0.049999999994000004,0.014285714284000002,0.11363636363636354,0.15895953757225434,momentum_subsleeve,True,False,False
internal_subsleeve_mom12_70_30,v57f_pool_internal_subsleeve,2021-10-08,601326.XSHG,port_rail_infrastructure,0.03571428571,0.049999999994000004,0.014285714284000002,-0.040892193308550095,0.09811320754717001,momentum_subsleeve,True,False,False
internal_subsleeve_mom12_70_30,v57f_pool_internal_subsleeve,2021-10-08,600106.XSHG,highway_infrastructure,0.03571428571,0.024999999997,-0.010714285713000003,-0.11764705882352955,0.06274509803921569,middle,True,False,False
internal_subsleeve_mom12_70_30,v57f_pool_internal_subsleeve,2021-10-08,600377.XSHG,highway_infrastructure,0.03571428571,0.024999999997,-0.010714285713000003,-0.09358569926393279,-0.1120162932790224,middle,True,False,False
dual_sleeve_mom12_80_20,dual_sleeve_allocation,2021-10-08,600969.XSHG,utilities_electricity,0.03571428571,0.04857142856800001,0.012857142858000006,0.03363914373088672,0.2084592145015105,momentum_sleeve,False,False,False
dual_sleeve_mom12_80_20,dual_sleeve_allocation,2021-10-08,600617.XSHG,utilities_electricity,0.03571428571,0.04857142856800001,0.012857142858000006,-0.010101010101010055,0.34328358208955256,momentum_sleeve,False,False,False
dual_sleeve_mom12_80_20,dual_sleeve_allocation,2021-10-08,000421.XSHE,utilities_electricity,0.03571428571,0.028571428568000004,-0.0071428571419999976,-0.24727838258164847,0.0,value_sleeve_only,False,False,False
dual_sleeve_mom12_80_20,dual_sleeve_allocation,2021-10-08,601985.XSHG,utilities_electricity,0.03571428571,0.04857142856800001,0.012857142858000006,0.20175438596491246,0.39458413926499025,momentum_sleeve,False,False,False
dual_sleeve_mom12_80_20,dual_sleeve_allocation,2021-10-08,000543.XSHE,utilities_electricity,0.03571428571,0.028571428568000004,-0.0071428571419999976,-0.10093896713615014,0.20266666666666655,value_sleeve_only,False,False,False
dual_sleeve_mom12_80_20,dual_sleeve_allocation,2021-10-08,600017.XSHG,port_rail_infrastructure,0.03571428571,0.028571428568000004,-0.0071428571419999976,-0.08013937282229966,0.029962546816479474,value_sleeve_only,False,False,False
dual_sleeve_mom12_80_20,dual_sleeve_allocation,2021-10-08,601991.XSHG,utilities_electricity,0.03571428571,0.04857142856800001,0.012857142858000006,0.12863070539419086,0.3754789272030652,momentum_sleeve,False,False,False
dual_sleeve_mom12_80_20,dual_sleeve_allocation,2021-10-08,000539.XSHE,utilities_electricity,0.03571428571,0.04857142856800001,0.012857142858000006,0.023195876288659933,0.40760869565217384,momentum_sleeve,False,False,False
dual_sleeve_mom12_80_20,dual_sleeve_allocation,2021-10-08,601077.XSHG,bank,0.03571428571,0.028571428568000004,-0.0071428571419999976,-0.23122529644268763,-0.03015075376884424,value_sleeve_only,False,False,False
dual_sleeve_mom12_80_20,dual_sleeve_allocation,2021-10-08,601018.XSHG,port_rail_infrastructure,0.03571428571,0.028571428568000004,-0.0071428571419999976,-0.045112781954887216,-0.01741293532338295,value_sleeve_only,False,False,False
dual_sleeve_mom12_80_20,dual_sleeve_allocation,2021-10-08,600033.XSHG,highway_infrastructure,0.03571428571,0.028571428568000004,-0.0071428571419999976,-0.03690036900369009,0.06766917293233066,value_sleeve_only,False,False,False
dual_sleeve_mom12_80_20,dual_sleeve_allocation,2021-10-08,000900.XSHE,highway_infrastructure,0.03571428571,0.04857142856800001,0.012857142858000006,0.08616187989556146,0.04358353510895885,momentum_sleeve,False,False,False
dual_sleeve_mom12_80_20,dual_sleeve_allocation,2021-10-08,601006.XSHG,port_rail_infrastructure,0.03571428571,0.028571428568000004,-0.0071428571419999976,-0.058914728682170514,-0.05580693815987936,value_sleeve_only,False,False,False
dual_sleeve_mom12_80_20,dual_sleeve_allocation,2021-10-08,601988.XSHG,bank,0.03571428571,0.028571428568000004,-0.0071428571419999976,-0.05607476635514019,-0.012944983818770184,value_sleeve_only,False,False,False
dual_sleeve_mom12_80_20,dual_sleeve_allocation,2021-10-08,000429.XSHE,highway_infrastructure,0.03571428571,0.04857142856800001,0.012857142858000006,0.0,0.03194444444444433,momentum_sleeve,False,False,False
dual_sleeve_mom12_80_20,dual_sleeve_allocation,2021-10-08,600928.XSHG,bank,0.03571428571,0.028571428568000004,-0.0071428571419999976,-0.18164794007490637,-0.05793991416309019,value_sleeve_only,False,False,False
dual_sleeve_mom12_80_20,dual_sleeve_allocation,2021-10-08,600035.XSHG,highway_infrastructure,0.03571428571,0.028571428568000004,-0.0071428571419999976,-0.016666666666666607,0.07407407407407396,value_sleeve_only,False,False,False
dual_sleeve_mom12_80_20,dual_sleeve_allocation,2021-10-08,002040.XSHE,port_rail_infrastructure,0.03571428571,0.028571428568000004,-0.0071428571419999976,-0.06965944272445823,0.011666666666666714,value_sleeve_only,False,False,False
dual_sleeve_mom12_80_20,dual_sleeve_allocation,2021-10-08,601288.XSHG,bank,0.03571428571,0.028571428568000004,-0.0071428571419999976,-0.06624605678233442,-0.0360655737704918,value_sleeve_only,False,False,False
dual_sleeve_mom12_80_20,dual_sleeve_allocation,2021-10-08,603323.XSHG,bank,0.03571428571,0.04857142856800001,0.012857142858000006,0.03205128205128216,0.12311015118790514,momentum_sleeve,False,False,False
dual_sleeve_mom12_80_20,dual_sleeve_allocation,2021-10-08,002807.XSHE,bank,0.03571428571,0.028571428568000004,-0.0071428571419999976,-0.09090909090909094,-0.03037974683544309,value_sleeve_only,False,False,False
dual_sleeve_mom12_80_20,dual_sleeve_allocation,2021-10-08,601398.XSHG,bank,0.03571428571,0.028571428568000004,-0.0071428571419999976,-0.06477732793522273,-0.05858585858585863,value_sleeve_only,False,False,False
dual_sleeve_mom12_80_20,dual_sleeve_allocation,2021-10-08,001872.XSHE,port_rail_infrastructure,0.03571428571,0.04857142856800001,0.012857142858000006,0.050913838120104415,0.041868932038835016,momentum_sleeve,False,False,False
dual_sleeve_mom12_80_20,dual_sleeve_allocation,2021-10-08,601333.XSHG,port_rail_infrastructure,0.03571428571,0.028571428568000004,-0.0071428571419999976,-0.1198347107438017,0.11904761904761907,value_sleeve_only,False,False,False
dual_sleeve_mom12_80_20,dual_sleeve_allocation,2021-10-08,600368.XSHG,highway_infrastructure,0.03571428571,0.04857142856800001,0.012857142858000006,0.11363636363636354,0.15895953757225434,momentum_sleeve,False,False,False
dual_sleeve_mom12_80_20,dual_sleeve_allocation,2021-10-08,601326.XSHG,port_rail_infrastructure,0.03571428571,0.028571428568000004,-0.0071428571419999976,-0.040892193308550095,0.09811320754717001,value_sleeve_only,False,False,False
dual_sleeve_mom12_80_20,dual_sleeve_allocation,2021-10-08,600106.XSHG,highway_infrastructure,0.03571428571,0.028571428568000004,-0.0071428571419999976,-0.11764705882352955,0.06274509803921569,value_sleeve_only,False,False,False
dual_sleeve_mom12_80_20,dual_sleeve_allocation,2021-10-08,600377.XSHG,highway_infrastructure,0.03571428571,0.028571428568000004,-0.0071428571419999976,-0.09358569926393279,-0.1120162932790224,value_sleeve_only,False,False,False
dual_sleeve_mom12_60_40,dual_sleeve_allocation,2021-10-08,600969.XSHG,utilities_electricity,0.03571428571,0.061428571426,0.025714285716,0.03363914373088672,0.2084592145015105,momentum_sleeve,False,False,False
dual_sleeve_mom12_60_40,dual_sleeve_allocation,2021-10-08,600617.XSHG,utilities_electricity,0.03571428571,0.061428571426,0.025714285716,-0.010101010101010055,0.34328358208955256,momentum_sleeve,False,False,False
dual_sleeve_mom12_60_40,dual_sleeve_allocation,2021-10-08,000421.XSHE,utilities_electricity,0.03571428571,0.021428571426,-0.014285714284000002,-0.24727838258164847,0.0,value_sleeve_only,False,False,False
dual_sleeve_mom12_60_40,dual_sleeve_allocation,2021-10-08,601985.XSHG,utilities_electricity,0.03571428571,0.061428571426,0.025714285716,0.20175438596491246,0.39458413926499025,momentum_sleeve,False,False,False
dual_sleeve_mom12_60_40,dual_sleeve_allocation,2021-10-08,000543.XSHE,utilities_electricity,0.03571428571,0.021428571426,-0.014285714284000002,-0.10093896713615014,0.20266666666666655,value_sleeve_only,False,False,False
dual_sleeve_mom12_60_40,dual_sleeve_allocation,2021-10-08,600017.XSHG,port_rail_infrastructure,0.03571428571,0.021428571426,-0.014285714284000002,-0.08013937282229966,0.029962546816479474,value_sleeve_only,False,False,False
dual_sleeve_mom12_60_40,dual_sleeve_allocation,2021-10-08,601991.XSHG,utilities_electricity,0.03571428571,0.061428571426,0.025714285716,0.12863070539419086,0.3754789272030652,momentum_sleeve,False,False,False
dual_sleeve_mom12_60_40,dual_sleeve_allocation,2021-10-08,000539.XSHE,utilities_electricity,0.03571428571,0.061428571426,0.025714285716,0.023195876288659933,0.40760869565217384,momentum_sleeve,False,False,False
dual_sleeve_mom12_60_40,dual_sleeve_allocation,2021-10-08,601077.XSHG,bank,0.03571428571,0.021428571426,-0.014285714284000002,-0.23122529644268763,-0.03015075376884424,value_sleeve_only,False,False,False
dual_sleeve_mom12_60_40,dual_sleeve_allocation,2021-10-08,601018.XSHG,port_rail_infrastructure,0.03571428571,0.021428571426,-0.014285714284000002,-0.045112781954887216,-0.01741293532338295,value_sleeve_only,False,False,False
dual_sleeve_mom12_60_40,dual_sleeve_allocation,2021-10-08,600033.XSHG,highway_infrastructure,0.03571428571,0.021428571426,-0.014285714284000002,-0.03690036900369009,0.06766917293233066,value_sleeve_only,False,False,False
dual_sleeve_mom12_60_40,dual_sleeve_allocation,2021-10-08,000900.XSHE,highway_infrastructure,0.03571428571,0.061428571426,0.025714285716,0.08616187989556146,0.04358353510895885,momentum_sleeve,False,False,False
dual_sleeve_mom12_60_40,dual_sleeve_allocation,2021-10-08,601006.XSHG,port_rail_infrastructure,0.03571428571,0.021428571426,-0.014285714284000002,-0.058914728682170514,-0.05580693815987936,value_sleeve_only,False,False,False
dual_sleeve_mom12_60_40,dual_sleeve_allocation,2021-10-08,601988.XSHG,bank,0.03571428571,0.021428571426,-0.014285714284000002,-0.05607476635514019,-0.012944983818770184,value_sleeve_only,False,False,False
dual_sleeve_mom12_60_40,dual_sleeve_allocation,2021-10-08,000429.XSHE,highway_infrastructure,0.03571428571,0.061428571426,0.025714285716,0.0,0.03194444444444433,momentum_sleeve,False,False,False
dual_sleeve_mom12_60_40,dual_sleeve_allocation,2021-10-08,600928.XSHG,bank,0.03571428571,0.021428571426,-0.014285714284000002,-0.18164794007490637,-0.05793991416309019,value_sleeve_only,False,False,False
dual_sleeve_mom12_60_40,dual_sleeve_allocation,2021-10-08,600035.XSHG,highway_infrastructure,0.03571428571,0.021428571426,-0.014285714284000002,-0.016666666666666607,0.07407407407407396,value_sleeve_only,False,False,False
dual_sleeve_mom12_60_40,dual_sleeve_allocation,2021-10-08,002040.XSHE,port_rail_infrastructure,0.03571428571,0.021428571426,-0.014285714284000002,-0.06965944272445823,0.011666666666666714,value_sleeve_only,False,False,False
dual_sleeve_mom12_60_40,dual_sleeve_allocation,2021-10-08,601288.XSHG,bank,0.03571428571,0.021428571426,-0.014285714284000002,-0.06624605678233442,-0.0360655737704918,value_sleeve_only,False,False,False
dual_sleeve_mom12_60_40,dual_sleeve_allocation,2021-10-08,603323.XSHG,bank,0.03571428571,0.061428571426,0.025714285716,0.03205128205128216,0.12311015118790514,momentum_sleeve,False,False,False
dual_sleeve_mom12_60_40,dual_sleeve_allocation,2021-10-08,002807.XSHE,bank,0.03571428571,0.021428571426,-0.014285714284000002,-0.09090909090909094,-0.03037974683544309,value_sleeve_only,False,False,False
dual_sleeve_mom12_60_40,dual_sleeve_allocation,2021-10-08,601398.XSHG,bank,0.03571428571,0.021428571426,-0.014285714284000002,-0.06477732793522273,-0.05858585858585863,value_sleeve_only,False,False,False
dual_sleeve_mom12_60_40,dual_sleeve_allocation,2021-10-08,001872.XSHE,port_rail_infrastructure,0.03571428571,0.061428571426,0.025714285716,0.050913838120104415,0.041868932038835016,momentum_sleeve,False,False,False
dual_sleeve_mom12_60_40,dual_sleeve_allocation,2021-10-08,601333.XSHG,port_rail_infrastructure,0.03571428571,0.021428571426,-0.014285714284000002,-0.1198347107438017,0.11904761904761907,value_sleeve_only,False,False,False
dual_sleeve_mom12_60_40,dual_sleeve_allocation,2021-10-08,600368.XSHG,highway_infrastructure,0.03571428571,0.061428571426,0.025714285716,0.11363636363636354,0.15895953757225434,momentum_sleeve,False,False,False
dual_sleeve_mom12_60_40,dual_sleeve_allocation,2021-10-08,601326.XSHG,port_rail_infrastructure,0.03571428571,0.021428571426,-0.014285714284000002,-0.040892193308550095,0.09811320754717001,value_sleeve_only,False,False,False
dual_sleeve_mom12_60_40,dual_sleeve_allocation,2021-10-08,600106.XSHG,highway_infrastructure,0.03571428571,0.021428571426,-0.014285714284000002,-0.11764705882352955,0.06274509803921569,value_sleeve_only,False,False,False
dual_sleeve_mom12_60_40,dual_sleeve_allocation,2021-10-08,600377.XSHG,highway_infrastructure,0.03571428571,0.021428571426,-0.014285714284000002,-0.09358569926393279,-0.1120162932790224,value_sleeve_only,False,False,False
state_routed_mom12_70_30_or_100_0,state_routed_budget,2021-10-08,600969.XSHG,utilities_electricity,0.03571428571,0.054999999997,0.019285714286999996,0.03363914373088672,0.2084592145015105,momentum_sleeve,False,False,False
state_routed_mom12_70_30_or_100_0,state_routed_budget,2021-10-08,600617.XSHG,utilities_electricity,0.03571428571,0.054999999997,0.019285714286999996,-0.010101010101010055,0.34328358208955256,momentum_sleeve,False,False,False
state_routed_mom12_70_30_or_100_0,state_routed_budget,2021-10-08,000421.XSHE,utilities_electricity,0.03571428571,0.024999999997,-0.010714285713000003,-0.24727838258164847,0.0,value_sleeve_only,False,False,False
state_routed_mom12_70_30_or_100_0,state_routed_budget,2021-10-08,601985.XSHG,utilities_electricity,0.03571428571,0.054999999997,0.019285714286999996,0.20175438596491246,0.39458413926499025,momentum_sleeve,False,False,False
state_routed_mom12_70_30_or_100_0,state_routed_budget,2021-10-08,000543.XSHE,utilities_electricity,0.03571428571,0.024999999997,-0.010714285713000003,-0.10093896713615014,0.20266666666666655,value_sleeve_only,False,False,False
state_routed_mom12_70_30_or_100_0,state_routed_budget,2021-10-08,600017.XSHG,port_rail_infrastructure,0.03571428571,0.024999999997,-0.010714285713000003,-0.08013937282229966,0.029962546816479474,value_sleeve_only,False,False,False
state_routed_mom12_70_30_or_100_0,state_routed_budget,2021-10-08,601991.XSHG,utilities_electricity,0.03571428571,0.054999999997,0.019285714286999996,0.12863070539419086,0.3754789272030652,momentum_sleeve,False,False,False
state_routed_mom12_70_30_or_100_0,state_routed_budget,2021-10-08,000539.XSHE,utilities_electricity,0.03571428571,0.054999999997,0.019285714286999996,0.023195876288659933,0.40760869565217384,momentum_sleeve,False,False,False
state_routed_mom12_70_30_or_100_0,state_routed_budget,2021-10-08,601077.XSHG,bank,0.03571428571,0.024999999997,-0.010714285713000003,-0.23122529644268763,-0.03015075376884424,value_sleeve_only,False,False,False
state_routed_mom12_70_30_or_100_0,state_routed_budget,2021-10-08,601018.XSHG,port_rail_infrastructure,0.03571428571,0.024999999997,-0.010714285713000003,-0.045112781954887216,-0.01741293532338295,value_sleeve_only,False,False,False
state_routed_mom12_70_30_or_100_0,state_routed_budget,2021-10-08,600033.XSHG,highway_infrastructure,0.03571428571,0.024999999997,-0.010714285713000003,-0.03690036900369009,0.06766917293233066,value_sleeve_only,False,False,False
state_routed_mom12_70_30_or_100_0,state_routed_budget,2021-10-08,000900.XSHE,highway_infrastructure,0.03571428571,0.054999999997,0.019285714286999996,0.08616187989556146,0.04358353510895885,momentum_sleeve,False,False,False
state_routed_mom12_70_30_or_100_0,state_routed_budget,2021-10-08,601006.XSHG,port_rail_infrastructure,0.03571428571,0.024999999997,-0.010714285713000003,-0.058914728682170514,-0.05580693815987936,value_sleeve_only,False,False,False
state_routed_mom12_70_30_or_100_0,state_routed_budget,2021-10-08,601988.XSHG,bank,0.03571428571,0.024999999997,-0.010714285713000003,-0.05607476635514019,-0.012944983818770184,value_sleeve_only,False,False,False
state_routed_mom12_70_30_or_100_0,state_routed_budget,2021-10-08,000429.XSHE,highway_infrastructure,0.03571428571,0.054999999997,0.019285714286999996,0.0,0.03194444444444433,momentum_sleeve,False,False,False
state_routed_mom12_70_30_or_100_0,state_routed_budget,2021-10-08,600928.XSHG,bank,0.03571428571,0.024999999997,-0.010714285713000003,-0.18164794007490637,-0.05793991416309019,value_sleeve_only,False,False,False
state_routed_mom12_70_30_or_100_0,state_routed_budget,2021-10-08,600035.XSHG,highway_infrastructure,0.03571428571,0.024999999997,-0.010714285713000003,-0.016666666666666607,0.07407407407407396,value_sleeve_only,False,False,False
state_routed_mom12_70_30_or_100_0,state_routed_budget,2021-10-08,002040.XSHE,port_rail_infrastructure,0.03571428571,0.024999999997,-0.010714285713000003,-0.06965944272445823,0.011666666666666714,value_sleeve_only,False,False,False
state_routed_mom12_70_30_or_100_0,state_routed_budget,2021-10-08,601288.XSHG,bank,0.03571428571,0.024999999997,-0.010714285713000003,-0.06624605678233442,-0.0360655737704918,value_sleeve_only,False,False,False
state_routed_mom12_70_30_or_100_0,state_routed_budget,2021-10-08,603323.XSHG,bank,0.03571428571,0.054999999997,0.019285714286999996,0.03205128205128216,0.12311015118790514,momentum_sleeve,False,False,False
state_routed_mom12_70_30_or_100_0,state_routed_budget,2021-10-08,002807.XSHE,bank,0.03571428571,0.024999999997,-0.010714285713000003,-0.09090909090909094,-0.03037974683544309,value_sleeve_only,False,False,False
state_routed_mom12_70_30_or_100_0,state_routed_budget,2021-10-08,601398.XSHG,bank,0.03571428571,0.024999999997,-0.010714285713000003,-0.06477732793522273,-0.05858585858585863,value_sleeve_only,False,False,False
state_routed_mom12_70_30_or_100_0,state_routed_budget,2021-10-08,001872.XSHE,port_rail_infrastructure,0.03571428571,0.054999999997,0.019285714286999996,0.050913838120104415,0.041868932038835016,momentum_sleeve,False,False,False
state_routed_mom12_70_30_or_100_0,state_routed_budget,2021-10-08,601333.XSHG,port_rail_infrastructure,0.03571428571,0.024999999997,-0.010714285713000003,-0.1198347107438017,0.11904761904761907,value_sleeve_only,False,False,False
state_routed_mom12_70_30_or_100_0,state_routed_budget,2021-10-08,600368.XSHG,highway_infrastructure,0.03571428571,0.054999999997,0.019285714286999996,0.11363636363636354,0.15895953757225434,momentum_sleeve,False,False,False
state_routed_mom12_70_30_or_100_0,state_routed_budget,2021-10-08,601326.XSHG,port_rail_infrastructure,0.03571428571,0.024999999997,-0.010714285713000003,-0.040892193308550095,0.09811320754717001,value_sleeve_only,False,False,False
state_routed_mom12_70_30_or_100_0,state_routed_budget,2021-10-08,600106.XSHG,highway_infrastructure,0.03571428571,0.024999999997,-0.010714285713000003,-0.11764705882352955,0.06274509803921569,value_sleeve_only,False,False,False
state_routed_mom12_70_30_or_100_0,state_routed_budget,2021-10-08,600377.XSHG,highway_infrastructure,0.03571428571,0.024999999997,-0.010714285713000003,-0.09358569926393279,-0.1120162932790224,value_sleeve_only,False,False,False
admission_suppression_mom12_bottom_cap75,admission_suppression,2021-10-08,600969.XSHG,utilities_electricity,0.03571428571,0.039285714281,0.0035714285709999988,0.03363914373088672,0.2084592145015105,middle_or_top,True,False,False
admission_suppression_mom12_bottom_cap75,admission_suppression,2021-10-08,600617.XSHG,utilities_electricity,0.03571428571,0.039285714281,0.0035714285709999988,-0.010101010101010055,0.34328358208955256,middle_or_top,True,False,False
admission_suppression_mom12_bottom_cap75,admission_suppression,2021-10-08,000421.XSHE,utilities_electricity,0.03571428571,0.0267857142825,-0.0089285714275,-0.24727838258164847,0.0,suppressed_bottom_momentum,True,False,False
admission_suppression_mom12_bottom_cap75,admission_suppression,2021-10-08,601985.XSHG,utilities_electricity,0.03571428571,0.039285714281,0.0035714285709999988,0.20175438596491246,0.39458413926499025,middle_or_top,True,False,False
admission_suppression_mom12_bottom_cap75,admission_suppression,2021-10-08,000543.XSHE,utilities_electricity,0.03571428571,0.0267857142825,-0.0089285714275,-0.10093896713615014,0.20266666666666655,suppressed_bottom_momentum,True,False,False
admission_suppression_mom12_bottom_cap75,admission_suppression,2021-10-08,600017.XSHG,port_rail_infrastructure,0.03571428571,0.0267857142825,-0.0089285714275,-0.08013937282229966,0.029962546816479474,suppressed_bottom_momentum,True,False,False
admission_suppression_mom12_bottom_cap75,admission_suppression,2021-10-08,601991.XSHG,utilities_electricity,0.03571428571,0.039285714281,0.0035714285709999988,0.12863070539419086,0.3754789272030652,middle_or_top,True,False,False
admission_suppression_mom12_bottom_cap75,admission_suppression,2021-10-08,000539.XSHE,utilities_electricity,0.03571428571,0.039285714281,0.0035714285709999988,0.023195876288659933,0.40760869565217384,middle_or_top,True,False,False
admission_suppression_mom12_bottom_cap75,admission_suppression,2021-10-08,601077.XSHG,bank,0.03571428571,0.0267857142825,-0.0089285714275,-0.23122529644268763,-0.03015075376884424,suppressed_bottom_momentum,True,False,False
admission_suppression_mom12_bottom_cap75,admission_suppression,2021-10-08,601018.XSHG,port_rail_infrastructure,0.03571428571,0.039285714281,0.0035714285709999988,-0.045112781954887216,-0.01741293532338295,middle_or_top,True,False,False
admission_suppression_mom12_bottom_cap75,admission_suppression,2021-10-08,600033.XSHG,highway_infrastructure,0.03571428571,0.039285714281,0.0035714285709999988,-0.03690036900369009,0.06766917293233066,middle_or_top,True,False,False
admission_suppression_mom12_bottom_cap75,admission_suppression,2021-10-08,000900.XSHE,highway_infrastructure,0.03571428571,0.039285714281,0.0035714285709999988,0.08616187989556146,0.04358353510895885,middle_or_top,True,False,False
admission_suppression_mom12_bottom_cap75,admission_suppression,2021-10-08,601006.XSHG,port_rail_infrastructure,0.03571428571,0.039285714281,0.0035714285709999988,-0.058914728682170514,-0.05580693815987936,middle_or_top,True,False,False
admission_suppression_mom12_bottom_cap75,admission_suppression,2021-10-08,601988.XSHG,bank,0.03571428571,0.039285714281,0.0035714285709999988,-0.05607476635514019,-0.012944983818770184,middle_or_top,True,False,False
admission_suppression_mom12_bottom_cap75,admission_suppression,2021-10-08,000429.XSHE,highway_infrastructure,0.03571428571,0.039285714281,0.0035714285709999988,0.0,0.03194444444444433,middle_or_top,True,False,False
admission_suppression_mom12_bottom_cap75,admission_suppression,2021-10-08,600928.XSHG,bank,0.03571428571,0.0267857142825,-0.0089285714275,-0.18164794007490637,-0.05793991416309019,suppressed_bottom_momentum,True,False,False
admission_suppression_mom12_bottom_cap75,admission_suppression,2021-10-08,600035.XSHG,highway_infrastructure,0.03571428571,0.039285714281,0.0035714285709999988,-0.016666666666666607,0.07407407407407396,middle_or_top,True,False,False
admission_suppression_mom12_bottom_cap75,admission_suppression,2021-10-08,002040.XSHE,port_rail_infrastructure,0.03571428571,0.039285714281,0.0035714285709999988,-0.06965944272445823,0.011666666666666714,middle_or_top,True,False,False
admission_suppression_mom12_bottom_cap75,admission_suppression,2021-10-08,601288.XSHG,bank,0.03571428571,0.039285714281,0.0035714285709999988,-0.06624605678233442,-0.0360655737704918,middle_or_top,True,False,False
admission_suppression_mom12_bottom_cap75,admission_suppression,2021-10-08,603323.XSHG,bank,0.03571428571,0.039285714281,0.0035714285709999988,0.03205128205128216,0.12311015118790514,middle_or_top,True,False,False
admission_suppression_mom12_bottom_cap75,admission_suppression,2021-10-08,002807.XSHE,bank,0.03571428571,0.039285714281,0.0035714285709999988,-0.09090909090909094,-0.03037974683544309,middle_or_top,True,False,False
admission_suppression_mom12_bottom_cap75,admission_suppression,2021-10-08,601398.XSHG,bank,0.03571428571,0.039285714281,0.0035714285709999988,-0.06477732793522273,-0.05858585858585863,middle_or_top,True,False,False
admission_suppression_mom12_bottom_cap75,admission_suppression,2021-10-08,001872.XSHE,port_rail_infrastructure,0.03571428571,0.039285714281,0.0035714285709999988,0.050913838120104415,0.041868932038835016,middle_or_top,True,False,False
admission_suppression_mom12_bottom_cap75,admission_suppression,2021-10-08,601333.XSHG,port_rail_infrastructure,0.03571428571,0.0267857142825,-0.0089285714275,-0.1198347107438017,0.11904761904761907,suppressed_bottom_momentum,True,False,False
admission_suppression_mom12_bottom_cap75,admission_suppression,2021-10-08,600368.XSHG,highway_infrastructure,0.03571428571,0.039285714281,0.0035714285709999988,0.11363636363636354,0.15895953757225434,middle_or_top,True,False,False
admission_suppression_mom12_bottom_cap75,admission_suppression,2021-10-08,601326.XSHG,port_rail_infrastructure,0.03571428571,0.039285714281,0.0035714285709999988,-0.040892193308550095,0.09811320754717001,middle_or_top,True,False,False
admission_suppression_mom12_bottom_cap75,admission_suppression,2021-10-08,600106.XSHG,highway_infrastructure,0.03571428571,0.0267857142825,-0.0089285714275,-0.11764705882352955,0.06274509803921569,suppressed_bottom_momentum,True,False,False
admission_suppression_mom12_bottom_cap75,admission_suppression,2021-10-08,600377.XSHG,highway_infrastructure,0.03571428571,0.0267857142825,-0.0089285714275,-0.09358569926393279,-0.1120162932790224,suppressed_bottom_momentum,True,False,False
v57f_startup_preload_repaired_baseline,baseline,2022-01-04,000421.XSHE,utilities_electricity,0.03571428571,0.03571428571,0.0,-0.22296173044925127,-0.07663551401869151,baseline,True,False,False
v57f_startup_preload_repaired_baseline,baseline,2022-01-04,003816.XSHE,utilities_electricity,0.03571428571,0.03571428571,0.0,0.0714285714285714,-0.04863221884498481,baseline,True,False,False
v57f_startup_preload_repaired_baseline,baseline,2022-01-04,600017.XSHG,port_rail_infrastructure,0.03571428571,0.03571428571,0.0,-0.03169014084507038,-0.007067137809187329,baseline,True,False,False
v57f_startup_preload_repaired_baseline,baseline,2022-01-04,600969.XSHG,utilities_electricity,0.03571428571,0.03571428571,0.0,0.10385756676557856,0.013994910941475647,baseline,True,False,False
v57f_startup_preload_repaired_baseline,baseline,2022-01-04,000900.XSHE,highway_infrastructure,0.03571428571,0.03571428571,0.0,-0.009708737864077666,-0.0365296803652968,baseline,True,False,False
v57f_startup_preload_repaired_baseline,baseline,2022-01-04,600617.XSHG,utilities_electricity,0.03571428571,0.03571428571,0.0,0.004576659038901587,-0.24733096085409245,baseline,True,False,False
v57f_startup_preload_repaired_baseline,baseline,2022-01-04,601077.XSHG,bank,0.03571428571,0.03571428571,0.0,-0.14476614699331858,-0.01534526854219953,baseline,True,False,False
v57f_startup_preload_repaired_baseline,baseline,2022-01-04,601368.XSHG,utilities_electricity,0.03571428571,0.03571428571,0.0,-0.04166666666666663,-0.03063063063063065,baseline,True,False,False
v57f_startup_preload_repaired_baseline,baseline,2022-01-04,601985.XSHG,utilities_electricity,0.03571428571,0.03571428571,0.0,0.48453608247422686,0.1657303370786518,baseline,True,False,False
v57f_startup_preload_repaired_baseline,baseline,2022-01-04,002893.XSHE,utilities_electricity,0.03571428571,0.03571428571,0.0,-0.01905829596412556,-0.18600368324125227,baseline,True,False,False
v57f_startup_preload_repaired_baseline,baseline,2022-01-04,601006.XSHG,port_rail_infrastructure,0.03571428571,0.03571428571,0.0,-0.06060606060606055,0.012658227848101333,baseline,True,False,False
v57f_startup_preload_repaired_baseline,baseline,2022-01-04,601008.XSHG,port_rail_infrastructure,0.03571428571,0.03571428571,0.0,0.0026385224274405594,-0.012820512820512775,baseline,True,False,False
v57f_startup_preload_repaired_baseline,baseline,2022-01-04,601288.XSHG,bank,0.03571428571,0.03571428571,0.0,-0.0757097791798107,-0.006756756756756799,baseline,True,False,False
v57f_startup_preload_repaired_baseline,baseline,2022-01-04,600928.XSHG,bank,0.03571428571,0.03571428571,0.0,-0.2029795158286778,-0.03370786516853941,baseline,True,False,False
v57f_startup_preload_repaired_baseline,baseline,2022-01-04,601988.XSHG,bank,0.03571428571,0.03571428571,0.0,-0.037735849056603765,-0.006514657980456029,baseline,True,False,False
v57f_startup_preload_repaired_baseline,baseline,2022-01-04,601398.XSHG,bank,0.03571428571,0.03571428571,0.0,-0.07799999999999996,-0.01698513800424628,baseline,True,False,False
v57f_startup_preload_repaired_baseline,baseline,2022-01-04,601229.XSHG,bank,0.03571428571,0.03571428571,0.0,-0.08066581306017928,-0.04295302013422819,baseline,True,False,False
v57f_startup_preload_repaired_baseline,baseline,2022-01-04,600033.XSHG,highway_infrastructure,0.03571428571,0.03571428571,0.0,0.04150943396226414,-0.02083333333333337,baseline,True,False,False
v57f_startup_preload_repaired_baseline,baseline,2022-01-04,002807.XSHE,bank,0.03571428571,0.03571428571,0.0,-0.0871670702179177,-0.010282776349614386,baseline,True,False,False
v57f_startup_preload_repaired_baseline,baseline,2022-01-04,600717.XSHG,port_rail_infrastructure,0.03571428571,0.03571428571,0.0,-0.07399577167019034,-0.027842227378190088,baseline,True,False,False
v57f_startup_preload_repaired_baseline,baseline,2022-01-04,000429.XSHE,highway_infrastructure,0.03571428571,0.03571428571,0.0,0.07656967840735063,0.012311901504788114,baseline,True,False,False
v57f_startup_preload_repaired_baseline,baseline,2022-01-04,600368.XSHG,highway_infrastructure,0.03571428571,0.03571428571,0.0,0.0696378830083566,-0.007317073170731603,baseline,True,False,False
v57f_startup_preload_repaired_baseline,baseline,2022-01-04,002040.XSHE,port_rail_infrastructure,0.03571428571,0.03571428571,0.0,-0.020602218700475405,0.004878048780487809,baseline,True,False,False
v57f_startup_preload_repaired_baseline,baseline,2022-01-04,600035.XSHG,highway_infrastructure,0.03571428571,0.03571428571,0.0,0.05862068965517242,-0.03669724770642202,baseline,True,False,False
v57f_startup_preload_repaired_baseline,baseline,2022-01-04,601018.XSHG,port_rail_infrastructure,0.03571428571,0.03571428571,0.0,0.10875331564986723,-0.01243781094527352,baseline,True,False,False
v57f_startup_preload_repaired_baseline,baseline,2022-01-04,601880.XSHG,port_rail_infrastructure,0.03571428571,0.03571428571,0.0,-0.1030927835051546,-0.0494505494505495,baseline,True,False,False
v57f_startup_preload_repaired_baseline,baseline,2022-01-04,000755.XSHE,highway_infrastructure,0.03571428571,0.03571428571,0.0,0.26,0.2094240837696335,baseline,True,False,False
v57f_startup_preload_repaired_baseline,baseline,2022-01-04,600377.XSHG,highway_infrastructure,0.03571428571,0.03571428571,0.0,-0.0818965517241379,-0.025988700564971823,baseline,True,False,False
internal_subsleeve_mom12_80_20,v57f_pool_internal_subsleeve,2022-01-04,000421.XSHE,utilities_electricity,0.03571428571,0.028571428568000004,-0.0071428571419999976,-0.22296173044925127,-0.07663551401869151,middle,True,False,False
internal_subsleeve_mom12_80_20,v57f_pool_internal_subsleeve,2022-01-04,003816.XSHE,utilities_electricity,0.03571428571,0.04523809523266667,0.009523809522666668,0.0714285714285714,-0.04863221884498481,momentum_subsleeve,True,False,False
internal_subsleeve_mom12_80_20,v57f_pool_internal_subsleeve,2022-01-04,600017.XSHG,port_rail_infrastructure,0.03571428571,0.028571428568000004,-0.0071428571419999976,-0.03169014084507038,-0.007067137809187329,middle,True,False,False
internal_subsleeve_mom12_80_20,v57f_pool_internal_subsleeve,2022-01-04,600969.XSHG,utilities_electricity,0.03571428571,0.04523809523266667,0.009523809522666668,0.10385756676557856,0.013994910941475647,momentum_subsleeve,True,False,False
internal_subsleeve_mom12_80_20,v57f_pool_internal_subsleeve,2022-01-04,000900.XSHE,highway_infrastructure,0.03571428571,0.028571428568000004,-0.0071428571419999976,-0.009708737864077666,-0.0365296803652968,middle,True,False,False
internal_subsleeve_mom12_80_20,v57f_pool_internal_subsleeve,2022-01-04,600617.XSHG,utilities_electricity,0.03571428571,0.028571428568000004,-0.0071428571419999976,0.004576659038901587,-0.24733096085409245,middle,True,False,False
internal_subsleeve_mom12_80_20,v57f_pool_internal_subsleeve,2022-01-04,601077.XSHG,bank,0.03571428571,0.028571428568000004,-0.0071428571419999976,-0.14476614699331858,-0.01534526854219953,middle,True,False,False
internal_subsleeve_mom12_80_20,v57f_pool_internal_subsleeve,2022-01-04,601368.XSHG,utilities_electricity,0.03571428571,0.028571428568000004,-0.0071428571419999976,-0.04166666666666663,-0.03063063063063065,middle,True,False,False
internal_subsleeve_mom12_80_20,v57f_pool_internal_subsleeve,2022-01-04,601985.XSHG,utilities_electricity,0.03571428571,0.04523809523266667,0.009523809522666668,0.48453608247422686,0.1657303370786518,momentum_subsleeve,True,False,False
internal_subsleeve_mom12_80_20,v57f_pool_internal_subsleeve,2022-01-04,002893.XSHE,utilities_electricity,0.03571428571,0.028571428568000004,-0.0071428571419999976,-0.01905829596412556,-0.18600368324125227,middle,True,False,False
internal_subsleeve_mom12_80_20,v57f_pool_internal_subsleeve,2022-01-04,601006.XSHG,port_rail_infrastructure,0.03571428571,0.028571428568000004,-0.0071428571419999976,-0.06060606060606055,0.012658227848101333,middle,True,False,False
internal_subsleeve_mom12_80_20,v57f_pool_internal_subsleeve,2022-01-04,601008.XSHG,port_rail_infrastructure,0.03571428571,0.04523809523266667,0.009523809522666668,0.0026385224274405594,-0.012820512820512775,momentum_subsleeve,True,False,False
internal_subsleeve_mom12_80_20,v57f_pool_internal_subsleeve,2022-01-04,601288.XSHG,bank,0.03571428571,0.04523809523266667,0.009523809522666668,-0.0757097791798107,-0.006756756756756799,momentum_subsleeve,True,False,False
internal_subsleeve_mom12_80_20,v57f_pool_internal_subsleeve,2022-01-04,600928.XSHG,bank,0.03571428571,0.028571428568000004,-0.0071428571419999976,-0.2029795158286778,-0.03370786516853941,middle,True,False,False
internal_subsleeve_mom12_80_20,v57f_pool_internal_subsleeve,2022-01-04,601988.XSHG,bank,0.03571428571,0.04523809523266667,0.009523809522666668,-0.037735849056603765,-0.006514657980456029,momentum_subsleeve,True,False,False
internal_subsleeve_mom12_80_20,v57f_pool_internal_subsleeve,2022-01-04,601398.XSHG,bank,0.03571428571,0.04523809523266667,0.009523809522666668,-0.07799999999999996,-0.01698513800424628,momentum_subsleeve,True,False,False
internal_subsleeve_mom12_80_20,v57f_pool_internal_subsleeve,2022-01-04,601229.XSHG,bank,0.03571428571,0.028571428568000004,-0.0071428571419999976,-0.08066581306017928,-0.04295302013422819,middle,True,False,False
internal_subsleeve_mom12_80_20,v57f_pool_internal_subsleeve,2022-01-04,600033.XSHG,highway_infrastructure,0.03571428571,0.028571428568000004,-0.0071428571419999976,0.04150943396226414,-0.02083333333333337,middle,True,False,False
internal_subsleeve_mom12_80_20,v57f_pool_internal_subsleeve,2022-01-04,002807.XSHE,bank,0.03571428571,0.028571428568000004,-0.0071428571419999976,-0.0871670702179177,-0.010282776349614386,middle,True,False,False
internal_subsleeve_mom12_80_20,v57f_pool_internal_subsleeve,2022-01-04,600717.XSHG,port_rail_infrastructure,0.03571428571,0.028571428568000004,-0.0071428571419999976,-0.07399577167019034,-0.027842227378190088,middle,True,False,False
internal_subsleeve_mom12_80_20,v57f_pool_internal_subsleeve,2022-01-04,000429.XSHE,highway_infrastructure,0.03571428571,0.04523809523266667,0.009523809522666668,0.07656967840735063,0.012311901504788114,momentum_subsleeve,True,False,False
internal_subsleeve_mom12_80_20,v57f_pool_internal_subsleeve,2022-01-04,600368.XSHG,highway_infrastructure,0.03571428571,0.04523809523266667,0.009523809522666668,0.0696378830083566,-0.007317073170731603,momentum_subsleeve,True,False,False
internal_subsleeve_mom12_80_20,v57f_pool_internal_subsleeve,2022-01-04,002040.XSHE,port_rail_infrastructure,0.03571428571,0.04523809523266667,0.009523809522666668,-0.020602218700475405,0.004878048780487809,momentum_subsleeve,True,False,False
internal_subsleeve_mom12_80_20,v57f_pool_internal_subsleeve,2022-01-04,600035.XSHG,highway_infrastructure,0.03571428571,0.028571428568000004,-0.0071428571419999976,0.05862068965517242,-0.03669724770642202,middle,True,False,False
internal_subsleeve_mom12_80_20,v57f_pool_internal_subsleeve,2022-01-04,601018.XSHG,port_rail_infrastructure,0.03571428571,0.04523809523266667,0.009523809522666668,0.10875331564986723,-0.01243781094527352,momentum_subsleeve,True,False,False
internal_subsleeve_mom12_80_20,v57f_pool_internal_subsleeve,2022-01-04,601880.XSHG,port_rail_infrastructure,0.03571428571,0.028571428568000004,-0.0071428571419999976,-0.1030927835051546,-0.0494505494505495,middle,True,False,False
internal_subsleeve_mom12_80_20,v57f_pool_internal_subsleeve,2022-01-04,000755.XSHE,highway_infrastructure,0.03571428571,0.04523809523266667,0.009523809522666668,0.26,0.2094240837696335,momentum_subsleeve,True,False,False
internal_subsleeve_mom12_80_20,v57f_pool_internal_subsleeve,2022-01-04,600377.XSHG,highway_infrastructure,0.03571428571,0.028571428568000004,-0.0071428571419999976,-0.0818965517241379,-0.025988700564971823,middle,True,False,False
internal_subsleeve_mom12_70_30,v57f_pool_internal_subsleeve,2022-01-04,000421.XSHE,utilities_electricity,0.03571428571,0.024999999997,-0.010714285713000003,-0.22296173044925127,-0.07663551401869151,middle,True,False,False
internal_subsleeve_mom12_70_30,v57f_pool_internal_subsleeve,2022-01-04,003816.XSHE,utilities_electricity,0.03571428571,0.049999999994000004,0.014285714284000002,0.0714285714285714,-0.04863221884498481,momentum_subsleeve,True,False,False
internal_subsleeve_mom12_70_30,v57f_pool_internal_subsleeve,2022-01-04,600017.XSHG,port_rail_infrastructure,0.03571428571,0.024999999997,-0.010714285713000003,-0.03169014084507038,-0.007067137809187329,middle,True,False,False
internal_subsleeve_mom12_70_30,v57f_pool_internal_subsleeve,2022-01-04,600969.XSHG,utilities_electricity,0.03571428571,0.049999999994000004,0.014285714284000002,0.10385756676557856,0.013994910941475647,momentum_subsleeve,True,False,False
internal_subsleeve_mom12_70_30,v57f_pool_internal_subsleeve,2022-01-04,000900.XSHE,highway_infrastructure,0.03571428571,0.024999999997,-0.010714285713000003,-0.009708737864077666,-0.0365296803652968,middle,True,False,False
internal_subsleeve_mom12_70_30,v57f_pool_internal_subsleeve,2022-01-04,600617.XSHG,utilities_electricity,0.03571428571,0.024999999997,-0.010714285713000003,0.004576659038901587,-0.24733096085409245,middle,True,False,False
internal_subsleeve_mom12_70_30,v57f_pool_internal_subsleeve,2022-01-04,601077.XSHG,bank,0.03571428571,0.024999999997,-0.010714285713000003,-0.14476614699331858,-0.01534526854219953,middle,True,False,False
internal_subsleeve_mom12_70_30,v57f_pool_internal_subsleeve,2022-01-04,601368.XSHG,utilities_electricity,0.03571428571,0.024999999997,-0.010714285713000003,-0.04166666666666663,-0.03063063063063065,middle,True,False,False
internal_subsleeve_mom12_70_30,v57f_pool_internal_subsleeve,2022-01-04,601985.XSHG,utilities_electricity,0.03571428571,0.049999999994000004,0.014285714284000002,0.48453608247422686,0.1657303370786518,momentum_subsleeve,True,False,False
internal_subsleeve_mom12_70_30,v57f_pool_internal_subsleeve,2022-01-04,002893.XSHE,utilities_electricity,0.03571428571,0.024999999997,-0.010714285713000003,-0.01905829596412556,-0.18600368324125227,middle,True,False,False
internal_subsleeve_mom12_70_30,v57f_pool_internal_subsleeve,2022-01-04,601006.XSHG,port_rail_infrastructure,0.03571428571,0.024999999997,-0.010714285713000003,-0.06060606060606055,0.012658227848101333,middle,True,False,False
internal_subsleeve_mom12_70_30,v57f_pool_internal_subsleeve,2022-01-04,601008.XSHG,port_rail_infrastructure,0.03571428571,0.049999999994000004,0.014285714284000002,0.0026385224274405594,-0.012820512820512775,momentum_subsleeve,True,False,False
internal_subsleeve_mom12_70_30,v57f_pool_internal_subsleeve,2022-01-04,601288.XSHG,bank,0.03571428571,0.049999999994000004,0.014285714284000002,-0.0757097791798107,-0.006756756756756799,momentum_subsleeve,True,False,False
internal_subsleeve_mom12_70_30,v57f_pool_internal_subsleeve,2022-01-04,600928.XSHG,bank,0.03571428571,0.024999999997,-0.010714285713000003,-0.2029795158286778,-0.03370786516853941,middle,True,False,False
internal_subsleeve_mom12_70_30,v57f_pool_internal_subsleeve,2022-01-04,601988.XSHG,bank,0.03571428571,0.049999999994000004,0.014285714284000002,-0.037735849056603765,-0.006514657980456029,momentum_subsleeve,True,False,False
internal_subsleeve_mom12_70_30,v57f_pool_internal_subsleeve,2022-01-04,601398.XSHG,bank,0.03571428571,0.049999999994000004,0.014285714284000002,-0.07799999999999996,-0.01698513800424628,momentum_subsleeve,True,False,False
internal_subsleeve_mom12_70_30,v57f_pool_internal_subsleeve,2022-01-04,601229.XSHG,bank,0.03571428571,0.024999999997,-0.010714285713000003,-0.08066581306017928,-0.04295302013422819,middle,True,False,False
internal_subsleeve_mom12_70_30,v57f_pool_internal_subsleeve,2022-01-04,600033.XSHG,highway_infrastructure,0.03571428571,0.024999999997,-0.010714285713000003,0.04150943396226414,-0.02083333333333337,middle,True,False,False
internal_subsleeve_mom12_70_30,v57f_pool_internal_subsleeve,2022-01-04,002807.XSHE,bank,0.03571428571,0.024999999997,-0.010714285713000003,-0.0871670702179177,-0.010282776349614386,middle,True,False,False
internal_subsleeve_mom12_70_30,v57f_pool_internal_subsleeve,2022-01-04,600717.XSHG,port_rail_infrastructure,0.03571428571,0.024999999997,-0.010714285713000003,-0.07399577167019034,-0.027842227378190088,middle,True,False,False
internal_subsleeve_mom12_70_30,v57f_pool_internal_subsleeve,2022-01-04,000429.XSHE,highway_infrastructure,0.03571428571,0.049999999994000004,0.014285714284000002,0.07656967840735063,0.012311901504788114,momentum_subsleeve,True,False,False
internal_subsleeve_mom12_70_30,v57f_pool_internal_subsleeve,2022-01-04,600368.XSHG,highway_infrastructure,0.03571428571,0.049999999994000004,0.014285714284000002,0.0696378830083566,-0.007317073170731603,momentum_subsleeve,True,False,False
internal_subsleeve_mom12_70_30,v57f_pool_internal_subsleeve,2022-01-04,002040.XSHE,port_rail_infrastructure,0.03571428571,0.049999999994000004,0.014285714284000002,-0.020602218700475405,0.004878048780487809,momentum_subsleeve,True,False,False
internal_subsleeve_mom12_70_30,v57f_pool_internal_subsleeve,2022-01-04,600035.XSHG,highway_infrastructure,0.03571428571,0.024999999997,-0.010714285713000003,0.05862068965517242,-0.03669724770642202,middle,True,False,False
internal_subsleeve_mom12_70_30,v57f_pool_internal_subsleeve,2022-01-04,601018.XSHG,port_rail_infrastructure,0.03571428571,0.049999999994000004,0.014285714284000002,0.10875331564986723,-0.01243781094527352,momentum_subsleeve,True,False,False
internal_subsleeve_mom12_70_30,v57f_pool_internal_subsleeve,2022-01-04,601880.XSHG,port_rail_infrastructure,0.03571428571,0.024999999997,-0.010714285713000003,-0.1030927835051546,-0.0494505494505495,middle,True,False,False
internal_subsleeve_mom12_70_30,v57f_pool_internal_subsleeve,2022-01-04,000755.XSHE,highway_infrastructure,0.03571428571,0.049999999994000004,0.014285714284000002,0.26,0.2094240837696335,momentum_subsleeve,True,False,False
internal_subsleeve_mom12_70_30,v57f_pool_internal_subsleeve,2022-01-04,600377.XSHG,highway_infrastructure,0.03571428571,0.024999999997,-0.010714285713000003,-0.0818965517241379,-0.025988700564971823,middle,True,False,False
dual_sleeve_mom12_80_20,dual_sleeve_allocation,2022-01-04,000421.XSHE,utilities_electricity,0.03571428571,0.028571428568000004,-0.0071428571419999976,-0.22296173044925127,-0.07663551401869151,value_sleeve_only,False,False,False
dual_sleeve_mom12_80_20,dual_sleeve_allocation,2022-01-04,003816.XSHE,utilities_electricity,0.03571428571,0.04857142856800001,0.012857142858000006,0.0714285714285714,-0.04863221884498481,momentum_sleeve,False,False,False
dual_sleeve_mom12_80_20,dual_sleeve_allocation,2022-01-04,600017.XSHG,port_rail_infrastructure,0.03571428571,0.028571428568000004,-0.0071428571419999976,-0.03169014084507038,-0.007067137809187329,value_sleeve_only,False,False,False
dual_sleeve_mom12_80_20,dual_sleeve_allocation,2022-01-04,600969.XSHG,utilities_electricity,0.03571428571,0.04857142856800001,0.012857142858000006,0.10385756676557856,0.013994910941475647,momentum_sleeve,False,False,False
dual_sleeve_mom12_80_20,dual_sleeve_allocation,2022-01-04,000900.XSHE,highway_infrastructure,0.03571428571,0.028571428568000004,-0.0071428571419999976,-0.009708737864077666,-0.0365296803652968,value_sleeve_only,False,False,False
dual_sleeve_mom12_80_20,dual_sleeve_allocation,2022-01-04,600617.XSHG,utilities_electricity,0.03571428571,0.04857142856800001,0.012857142858000006,0.004576659038901587,-0.24733096085409245,momentum_sleeve,False,False,False
dual_sleeve_mom12_80_20,dual_sleeve_allocation,2022-01-04,601077.XSHG,bank,0.03571428571,0.028571428568000004,-0.0071428571419999976,-0.14476614699331858,-0.01534526854219953,value_sleeve_only,False,False,False
dual_sleeve_mom12_80_20,dual_sleeve_allocation,2022-01-04,601368.XSHG,utilities_electricity,0.03571428571,0.028571428568000004,-0.0071428571419999976,-0.04166666666666663,-0.03063063063063065,value_sleeve_only,False,False,False
dual_sleeve_mom12_80_20,dual_sleeve_allocation,2022-01-04,601985.XSHG,utilities_electricity,0.03571428571,0.04857142856800001,0.012857142858000006,0.48453608247422686,0.1657303370786518,momentum_sleeve,False,False,False
dual_sleeve_mom12_80_20,dual_sleeve_allocation,2022-01-04,002893.XSHE,utilities_electricity,0.03571428571,0.028571428568000004,-0.0071428571419999976,-0.01905829596412556,-0.18600368324125227,value_sleeve_only,False,False,False
dual_sleeve_mom12_80_20,dual_sleeve_allocation,2022-01-04,601006.XSHG,port_rail_infrastructure,0.03571428571,0.028571428568000004,-0.0071428571419999976,-0.06060606060606055,0.012658227848101333,value_sleeve_only,False,False,False
dual_sleeve_mom12_80_20,dual_sleeve_allocation,2022-01-04,601008.XSHG,port_rail_infrastructure,0.03571428571,0.028571428568000004,-0.0071428571419999976,0.0026385224274405594,-0.012820512820512775,value_sleeve_only,False,False,False
dual_sleeve_mom12_80_20,dual_sleeve_allocation,2022-01-04,601288.XSHG,bank,0.03571428571,0.028571428568000004,-0.0071428571419999976,-0.0757097791798107,-0.006756756756756799,value_sleeve_only,False,False,False
dual_sleeve_mom12_80_20,dual_sleeve_allocation,2022-01-04,600928.XSHG,bank,0.03571428571,0.028571428568000004,-0.0071428571419999976,-0.2029795158286778,-0.03370786516853941,value_sleeve_only,False,False,False
dual_sleeve_mom12_80_20,dual_sleeve_allocation,2022-01-04,601988.XSHG,bank,0.03571428571,0.028571428568000004,-0.0071428571419999976,-0.037735849056603765,-0.006514657980456029,value_sleeve_only,False,False,False
dual_sleeve_mom12_80_20,dual_sleeve_allocation,2022-01-04,601398.XSHG,bank,0.03571428571,0.028571428568000004,-0.0071428571419999976,-0.07799999999999996,-0.01698513800424628,value_sleeve_only,False,False,False
dual_sleeve_mom12_80_20,dual_sleeve_allocation,2022-01-04,601229.XSHG,bank,0.03571428571,0.028571428568000004,-0.0071428571419999976,-0.08066581306017928,-0.04295302013422819,value_sleeve_only,False,False,False
dual_sleeve_mom12_80_20,dual_sleeve_allocation,2022-01-04,600033.XSHG,highway_infrastructure,0.03571428571,0.04857142856800001,0.012857142858000006,0.04150943396226414,-0.02083333333333337,momentum_sleeve,False,False,False
dual_sleeve_mom12_80_20,dual_sleeve_allocation,2022-01-04,002807.XSHE,bank,0.03571428571,0.028571428568000004,-0.0071428571419999976,-0.0871670702179177,-0.010282776349614386,value_sleeve_only,False,False,False
dual_sleeve_mom12_80_20,dual_sleeve_allocation,2022-01-04,600717.XSHG,port_rail_infrastructure,0.03571428571,0.028571428568000004,-0.0071428571419999976,-0.07399577167019034,-0.027842227378190088,value_sleeve_only,False,False,False
dual_sleeve_mom12_80_20,dual_sleeve_allocation,2022-01-04,000429.XSHE,highway_infrastructure,0.03571428571,0.04857142856800001,0.012857142858000006,0.07656967840735063,0.012311901504788114,momentum_sleeve,False,False,False
dual_sleeve_mom12_80_20,dual_sleeve_allocation,2022-01-04,600368.XSHG,highway_infrastructure,0.03571428571,0.04857142856800001,0.012857142858000006,0.0696378830083566,-0.007317073170731603,momentum_sleeve,False,False,False
dual_sleeve_mom12_80_20,dual_sleeve_allocation,2022-01-04,002040.XSHE,port_rail_infrastructure,0.03571428571,0.028571428568000004,-0.0071428571419999976,-0.020602218700475405,0.004878048780487809,value_sleeve_only,False,False,False
dual_sleeve_mom12_80_20,dual_sleeve_allocation,2022-01-04,600035.XSHG,highway_infrastructure,0.03571428571,0.04857142856800001,0.012857142858000006,0.05862068965517242,-0.03669724770642202,momentum_sleeve,False,False,False
dual_sleeve_mom12_80_20,dual_sleeve_allocation,2022-01-04,601018.XSHG,port_rail_infrastructure,0.03571428571,0.04857142856800001,0.012857142858000006,0.10875331564986723,-0.01243781094527352,momentum_sleeve,False,False,False
dual_sleeve_mom12_80_20,dual_sleeve_allocation,2022-01-04,601880.XSHG,port_rail_infrastructure,0.03571428571,0.028571428568000004,-0.0071428571419999976,-0.1030927835051546,-0.0494505494505495,value_sleeve_only,False,False,False
dual_sleeve_mom12_80_20,dual_sleeve_allocation,2022-01-04,000755.XSHE,highway_infrastructure,0.03571428571,0.04857142856800001,0.012857142858000006,0.26,0.2094240837696335,momentum_sleeve,False,False,False
dual_sleeve_mom12_80_20,dual_sleeve_allocation,2022-01-04,600377.XSHG,highway_infrastructure,0.03571428571,0.028571428568000004,-0.0071428571419999976,-0.0818965517241379,-0.025988700564971823,value_sleeve_only,False,False,False
dual_sleeve_mom12_60_40,dual_sleeve_allocation,2022-01-04,000421.XSHE,utilities_electricity,0.03571428571,0.021428571426,-0.014285714284000002,-0.22296173044925127,-0.07663551401869151,value_sleeve_only,False,False,False
dual_sleeve_mom12_60_40,dual_sleeve_allocation,2022-01-04,003816.XSHE,utilities_electricity,0.03571428571,0.061428571426,0.025714285716,0.0714285714285714,-0.04863221884498481,momentum_sleeve,False,False,False
dual_sleeve_mom12_60_40,dual_sleeve_allocation,2022-01-04,600017.XSHG,port_rail_infrastructure,0.03571428571,0.021428571426,-0.014285714284000002,-0.03169014084507038,-0.007067137809187329,value_sleeve_only,False,False,False
dual_sleeve_mom12_60_40,dual_sleeve_allocation,2022-01-04,600969.XSHG,utilities_electricity,0.03571428571,0.061428571426,0.025714285716,0.10385756676557856,0.013994910941475647,momentum_sleeve,False,False,False
dual_sleeve_mom12_60_40,dual_sleeve_allocation,2022-01-04,000900.XSHE,highway_infrastructure,0.03571428571,0.021428571426,-0.014285714284000002,-0.009708737864077666,-0.0365296803652968,value_sleeve_only,False,False,False
dual_sleeve_mom12_60_40,dual_sleeve_allocation,2022-01-04,600617.XSHG,utilities_electricity,0.03571428571,0.061428571426,0.025714285716,0.004576659038901587,-0.24733096085409245,momentum_sleeve,False,False,False
dual_sleeve_mom12_60_40,dual_sleeve_allocation,2022-01-04,601077.XSHG,bank,0.03571428571,0.021428571426,-0.014285714284000002,-0.14476614699331858,-0.01534526854219953,value_sleeve_only,False,False,False
dual_sleeve_mom12_60_40,dual_sleeve_allocation,2022-01-04,601368.XSHG,utilities_electricity,0.03571428571,0.021428571426,-0.014285714284000002,-0.04166666666666663,-0.03063063063063065,value_sleeve_only,False,False,False
dual_sleeve_mom12_60_40,dual_sleeve_allocation,2022-01-04,601985.XSHG,utilities_electricity,0.03571428571,0.061428571426,0.025714285716,0.48453608247422686,0.1657303370786518,momentum_sleeve,False,False,False
dual_sleeve_mom12_60_40,dual_sleeve_allocation,2022-01-04,002893.XSHE,utilities_electricity,0.03571428571,0.021428571426,-0.014285714284000002,-0.01905829596412556,-0.18600368324125227,value_sleeve_only,False,False,False
dual_sleeve_mom12_60_40,dual_sleeve_allocation,2022-01-04,601006.XSHG,port_rail_infrastructure,0.03571428571,0.021428571426,-0.014285714284000002,-0.06060606060606055,0.012658227848101333,value_sleeve_only,False,False,False
dual_sleeve_mom12_60_40,dual_sleeve_allocation,2022-01-04,601008.XSHG,port_rail_infrastructure,0.03571428571,0.021428571426,-0.014285714284000002,0.0026385224274405594,-0.012820512820512775,value_sleeve_only,False,False,False
dual_sleeve_mom12_60_40,dual_sleeve_allocation,2022-01-04,601288.XSHG,bank,0.03571428571,0.021428571426,-0.014285714284000002,-0.0757097791798107,-0.006756756756756799,value_sleeve_only,False,False,False
dual_sleeve_mom12_60_40,dual_sleeve_allocation,2022-01-04,600928.XSHG,bank,0.03571428571,0.021428571426,-0.014285714284000002,-0.2029795158286778,-0.03370786516853941,value_sleeve_only,False,False,False
dual_sleeve_mom12_60_40,dual_sleeve_allocation,2022-01-04,601988.XSHG,bank,0.03571428571,0.021428571426,-0.014285714284000002,-0.037735849056603765,-0.006514657980456029,value_sleeve_only,False,False,False
dual_sleeve_mom12_60_40,dual_sleeve_allocation,2022-01-04,601398.XSHG,bank,0.03571428571,0.021428571426,-0.014285714284000002,-0.07799999999999996,-0.01698513800424628,value_sleeve_only,False,False,False
dual_sleeve_mom12_60_40,dual_sleeve_allocation,2022-01-04,601229.XSHG,bank,0.03571428571,0.021428571426,-0.014285714284000002,-0.08066581306017928,-0.04295302013422819,value_sleeve_only,False,False,False
dual_sleeve_mom12_60_40,dual_sleeve_allocation,2022-01-04,600033.XSHG,highway_infrastructure,0.03571428571,0.061428571426,0.025714285716,0.04150943396226414,-0.02083333333333337,momentum_sleeve,False,False,False
dual_sleeve_mom12_60_40,dual_sleeve_allocation,2022-01-04,002807.XSHE,bank,0.03571428571,0.021428571426,-0.014285714284000002,-0.0871670702179177,-0.010282776349614386,value_sleeve_only,False,False,False
dual_sleeve_mom12_60_40,dual_sleeve_allocation,2022-01-04,600717.XSHG,port_rail_infrastructure,0.03571428571,0.021428571426,-0.014285714284000002,-0.07399577167019034,-0.027842227378190088,value_sleeve_only,False,False,False
dual_sleeve_mom12_60_40,dual_sleeve_allocation,2022-01-04,000429.XSHE,highway_infrastructure,0.03571428571,0.061428571426,0.025714285716,0.07656967840735063,0.012311901504788114,momentum_sleeve,False,False,False
dual_sleeve_mom12_60_40,dual_sleeve_allocation,2022-01-04,600368.XSHG,highway_infrastructure,0.03571428571,0.061428571426,0.025714285716,0.0696378830083566,-0.007317073170731603,momentum_sleeve,False,False,False
dual_sleeve_mom12_60_40,dual_sleeve_allocation,2022-01-04,002040.XSHE,port_rail_infrastructure,0.03571428571,0.021428571426,-0.014285714284000002,-0.020602218700475405,0.004878048780487809,value_sleeve_only,False,False,False
dual_sleeve_mom12_60_40,dual_sleeve_allocation,2022-01-04,600035.XSHG,highway_infrastructure,0.03571428571,0.061428571426,0.025714285716,0.05862068965517242,-0.03669724770642202,momentum_sleeve,False,False,False
dual_sleeve_mom12_60_40,dual_sleeve_allocation,2022-01-04,601018.XSHG,port_rail_infrastructure,0.03571428571,0.061428571426,0.025714285716,0.10875331564986723,-0.01243781094527352,momentum_sleeve,False,False,False
dual_sleeve_mom12_60_40,dual_sleeve_allocation,2022-01-04,601880.XSHG,port_rail_infrastructure,0.03571428571,0.021428571426,-0.014285714284000002,-0.1030927835051546,-0.0494505494505495,value_sleeve_only,False,False,False
dual_sleeve_mom12_60_40,dual_sleeve_allocation,2022-01-04,000755.XSHE,highway_infrastructure,0.03571428571,0.061428571426,0.025714285716,0.26,0.2094240837696335,momentum_sleeve,False,False,False
dual_sleeve_mom12_60_40,dual_sleeve_allocation,2022-01-04,600377.XSHG,highway_infrastructure,0.03571428571,0.021428571426,-0.014285714284000002,-0.0818965517241379,-0.025988700564971823,value_sleeve_only,False,False,False
state_routed_mom12_70_30_or_100_0,state_routed_budget,2022-01-04,000421.XSHE,utilities_electricity,0.03571428571,0.024999999997,-0.010714285713000003,-0.22296173044925127,-0.07663551401869151,value_sleeve_only,False,False,False
state_routed_mom12_70_30_or_100_0,state_routed_budget,2022-01-04,003816.XSHE,utilities_electricity,0.03571428571,0.054999999997,0.019285714286999996,0.0714285714285714,-0.04863221884498481,momentum_sleeve,False,False,False
state_routed_mom12_70_30_or_100_0,state_routed_budget,2022-01-04,600017.XSHG,port_rail_infrastructure,0.03571428571,0.024999999997,-0.010714285713000003,-0.03169014084507038,-0.007067137809187329,value_sleeve_only,False,False,False
state_routed_mom12_70_30_or_100_0,state_routed_budget,2022-01-04,600969.XSHG,utilities_electricity,0.03571428571,0.054999999997,0.019285714286999996,0.10385756676557856,0.013994910941475647,momentum_sleeve,False,False,False
state_routed_mom12_70_30_or_100_0,state_routed_budget,2022-01-04,000900.XSHE,highway_infrastructure,0.03571428571,0.024999999997,-0.010714285713000003,-0.009708737864077666,-0.0365296803652968,value_sleeve_only,False,False,False
state_routed_mom12_70_30_or_100_0,state_routed_budget,2022-01-04,600617.XSHG,utilities_electricity,0.03571428571,0.054999999997,0.019285714286999996,0.004576659038901587,-0.24733096085409245,momentum_sleeve,False,False,False
state_routed_mom12_70_30_or_100_0,state_routed_budget,2022-01-04,601077.XSHG,bank,0.03571428571,0.024999999997,-0.010714285713000003,-0.14476614699331858,-0.01534526854219953,value_sleeve_only,False,False,False
state_routed_mom12_70_30_or_100_0,state_routed_budget,2022-01-04,601368.XSHG,utilities_electricity,0.03571428571,0.024999999997,-0.010714285713000003,-0.04166666666666663,-0.03063063063063065,value_sleeve_only,False,False,False
state_routed_mom12_70_30_or_100_0,state_routed_budget,2022-01-04,601985.XSHG,utilities_electricity,0.03571428571,0.054999999997,0.019285714286999996,0.48453608247422686,0.1657303370786518,momentum_sleeve,False,False,False
state_routed_mom12_70_30_or_100_0,state_routed_budget,2022-01-04,002893.XSHE,utilities_electricity,0.03571428571,0.024999999997,-0.010714285713000003,-0.01905829596412556,-0.18600368324125227,value_sleeve_only,False,False,False
state_routed_mom12_70_30_or_100_0,state_routed_budget,2022-01-04,601006.XSHG,port_rail_infrastructure,0.03571428571,0.024999999997,-0.010714285713000003,-0.06060606060606055,0.012658227848101333,value_sleeve_only,False,False,False
state_routed_mom12_70_30_or_100_0,state_routed_budget,2022-01-04,601008.XSHG,port_rail_infrastructure,0.03571428571,0.024999999997,-0.010714285713000003,0.0026385224274405594,-0.012820512820512775,value_sleeve_only,False,False,False
state_routed_mom12_70_30_or_100_0,state_routed_budget,2022-01-04,601288.XSHG,bank,0.03571428571,0.024999999997,-0.010714285713000003,-0.0757097791798107,-0.006756756756756799,value_sleeve_only,False,False,False
state_routed_mom12_70_30_or_100_0,state_routed_budget,2022-01-04,600928.XSHG,bank,0.03571428571,0.024999999997,-0.010714285713000003,-0.2029795158286778,-0.03370786516853941,value_sleeve_only,False,False,False
state_routed_mom12_70_30_or_100_0,state_routed_budget,2022-01-04,601988.XSHG,bank,0.03571428571,0.024999999997,-0.010714285713000003,-0.037735849056603765,-0.006514657980456029,value_sleeve_only,False,False,False
state_routed_mom12_70_30_or_100_0,state_routed_budget,2022-01-04,601398.XSHG,bank,0.03571428571,0.024999999997,-0.010714285713000003,-0.07799999999999996,-0.01698513800424628,value_sleeve_only,False,False,False
state_routed_mom12_70_30_or_100_0,state_routed_budget,2022-01-04,601229.XSHG,bank,0.03571428571,0.024999999997,-0.010714285713000003,-0.08066581306017928,-0.04295302013422819,value_sleeve_only,False,False,False
state_routed_mom12_70_30_or_100_0,state_routed_budget,2022-01-04,600033.XSHG,highway_infrastructure,0.03571428571,0.054999999997,0.019285714286999996,0.04150943396226414,-0.02083333333333337,momentum_sleeve,False,False,False
state_routed_mom12_70_30_or_100_0,state_routed_budget,2022-01-04,002807.XSHE,bank,0.03571428571,0.024999999997,-0.010714285713000003,-0.0871670702179177,-0.010282776349614386,value_sleeve_only,False,False,False
state_routed_mom12_70_30_or_100_0,state_routed_budget,2022-01-04,600717.XSHG,port_rail_infrastructure,0.03571428571,0.024999999997,-0.010714285713000003,-0.07399577167019034,-0.027842227378190088,value_sleeve_only,False,False,False
state_routed_mom12_70_30_or_100_0,state_routed_budget,2022-01-04,000429.XSHE,highway_infrastructure,0.03571428571,0.054999999997,0.019285714286999996,0.07656967840735063,0.012311901504788114,momentum_sleeve,False,False,False
state_routed_mom12_70_30_or_100_0,state_routed_budget,2022-01-04,600368.XSHG,highway_infrastructure,0.03571428571,0.054999999997,0.019285714286999996,0.0696378830083566,-0.007317073170731603,momentum_sleeve,False,False,False
state_routed_mom12_70_30_or_100_0,state_routed_budget,2022-01-04,002040.XSHE,port_rail_infrastructure,0.03571428571,0.024999999997,-0.010714285713000003,-0.020602218700475405,0.004878048780487809,value_sleeve_only,False,False,False
state_routed_mom12_70_30_or_100_0,state_routed_budget,2022-01-04,600035.XSHG,highway_infrastructure,0.03571428571,0.054999999997,0.019285714286999996,0.05862068965517242,-0.03669724770642202,momentum_sleeve,False,False,False
state_routed_mom12_70_30_or_100_0,state_routed_budget,2022-01-04,601018.XSHG,port_rail_infrastructure,0.03571428571,0.054999999997,0.019285714286999996,0.10875331564986723,-0.01243781094527352,momentum_sleeve,False,False,False
state_routed_mom12_70_30_or_100_0,state_routed_budget,2022-01-04,601880.XSHG,port_rail_infrastructure,0.03571428571,0.024999999997,-0.010714285713000003,-0.1030927835051546,-0.0494505494505495,value_sleeve_only,False,False,False
state_routed_mom12_70_30_or_100_0,state_routed_budget,2022-01-04,000755.XSHE,highway_infrastructure,0.03571428571,0.054999999997,0.019285714286999996,0.26,0.2094240837696335,momentum_sleeve,False,False,False
state_routed_mom12_70_30_or_100_0,state_routed_budget,2022-01-04,600377.XSHG,highway_infrastructure,0.03571428571,0.024999999997,-0.010714285713000003,-0.0818965517241379,-0.025988700564971823,value_sleeve_only,False,False,False
admission_suppression_mom12_bottom_cap75,admission_suppression,2022-01-04,000421.XSHE,utilities_electricity,0.03571428571,0.0267857142825,-0.0089285714275,-0.22296173044925127,-0.07663551401869151,suppressed_bottom_momentum,True,False,False
admission_suppression_mom12_bottom_cap75,admission_suppression,2022-01-04,003816.XSHE,utilities_electricity,0.03571428571,0.039285714281,0.0035714285709999988,0.0714285714285714,-0.04863221884498481,middle_or_top,True,False,False
admission_suppression_mom12_bottom_cap75,admission_suppression,2022-01-04,600017.XSHG,port_rail_infrastructure,0.03571428571,0.039285714281,0.0035714285709999988,-0.03169014084507038,-0.007067137809187329,middle_or_top,True,False,False
admission_suppression_mom12_bottom_cap75,admission_suppression,2022-01-04,600969.XSHG,utilities_electricity,0.03571428571,0.039285714281,0.0035714285709999988,0.10385756676557856,0.013994910941475647,middle_or_top,True,False,False
admission_suppression_mom12_bottom_cap75,admission_suppression,2022-01-04,000900.XSHE,highway_infrastructure,0.03571428571,0.0267857142825,-0.0089285714275,-0.009708737864077666,-0.0365296803652968,suppressed_bottom_momentum,True,False,False
admission_suppression_mom12_bottom_cap75,admission_suppression,2022-01-04,600617.XSHG,utilities_electricity,0.03571428571,0.039285714281,0.0035714285709999988,0.004576659038901587,-0.24733096085409245,middle_or_top,True,False,False
admission_suppression_mom12_bottom_cap75,admission_suppression,2022-01-04,601077.XSHG,bank,0.03571428571,0.0267857142825,-0.0089285714275,-0.14476614699331858,-0.01534526854219953,suppressed_bottom_momentum,True,False,False
admission_suppression_mom12_bottom_cap75,admission_suppression,2022-01-04,601368.XSHG,utilities_electricity,0.03571428571,0.0267857142825,-0.0089285714275,-0.04166666666666663,-0.03063063063063065,suppressed_bottom_momentum,True,False,False
admission_suppression_mom12_bottom_cap75,admission_suppression,2022-01-04,601985.XSHG,utilities_electricity,0.03571428571,0.039285714281,0.0035714285709999988,0.48453608247422686,0.1657303370786518,middle_or_top,True,False,False
admission_suppression_mom12_bottom_cap75,admission_suppression,2022-01-04,002893.XSHE,utilities_electricity,0.03571428571,0.039285714281,0.0035714285709999988,-0.01905829596412556,-0.18600368324125227,middle_or_top,True,False,False
admission_suppression_mom12_bottom_cap75,admission_suppression,2022-01-04,601006.XSHG,port_rail_infrastructure,0.03571428571,0.039285714281,0.0035714285709999988,-0.06060606060606055,0.012658227848101333,middle_or_top,True,False,False
admission_suppression_mom12_bottom_cap75,admission_suppression,2022-01-04,601008.XSHG,port_rail_infrastructure,0.03571428571,0.039285714281,0.0035714285709999988,0.0026385224274405594,-0.012820512820512775,middle_or_top,True,False,False
admission_suppression_mom12_bottom_cap75,admission_suppression,2022-01-04,601288.XSHG,bank,0.03571428571,0.039285714281,0.0035714285709999988,-0.0757097791798107,-0.006756756756756799,middle_or_top,True,False,False
admission_suppression_mom12_bottom_cap75,admission_suppression,2022-01-04,600928.XSHG,bank,0.03571428571,0.0267857142825,-0.0089285714275,-0.2029795158286778,-0.03370786516853941,suppressed_bottom_momentum,True,False,False
admission_suppression_mom12_bottom_cap75,admission_suppression,2022-01-04,601988.XSHG,bank,0.03571428571,0.039285714281,0.0035714285709999988,-0.037735849056603765,-0.006514657980456029,middle_or_top,True,False,False
admission_suppression_mom12_bottom_cap75,admission_suppression,2022-01-04,601398.XSHG,bank,0.03571428571,0.039285714281,0.0035714285709999988,-0.07799999999999996,-0.01698513800424628,middle_or_top,True,False,False
admission_suppression_mom12_bottom_cap75,admission_suppression,2022-01-04,601229.XSHG,bank,0.03571428571,0.039285714281,0.0035714285709999988,-0.08066581306017928,-0.04295302013422819,middle_or_top,True,False,False
admission_suppression_mom12_bottom_cap75,admission_suppression,2022-01-04,600033.XSHG,highway_infrastructure,0.03571428571,0.039285714281,0.0035714285709999988,0.04150943396226414,-0.02083333333333337,middle_or_top,True,False,False
admission_suppression_mom12_bottom_cap75,admission_suppression,2022-01-04,002807.XSHE,bank,0.03571428571,0.039285714281,0.0035714285709999988,-0.0871670702179177,-0.010282776349614386,middle_or_top,True,False,False
admission_suppression_mom12_bottom_cap75,admission_suppression,2022-01-04,600717.XSHG,port_rail_infrastructure,0.03571428571,0.0267857142825,-0.0089285714275,-0.07399577167019034,-0.027842227378190088,suppressed_bottom_momentum,True,False,False
admission_suppression_mom12_bottom_cap75,admission_suppression,2022-01-04,000429.XSHE,highway_infrastructure,0.03571428571,0.039285714281,0.0035714285709999988,0.07656967840735063,0.012311901504788114,middle_or_top,True,False,False
admission_suppression_mom12_bottom_cap75,admission_suppression,2022-01-04,600368.XSHG,highway_infrastructure,0.03571428571,0.039285714281,0.0035714285709999988,0.0696378830083566,-0.007317073170731603,middle_or_top,True,False,False
admission_suppression_mom12_bottom_cap75,admission_suppression,2022-01-04,002040.XSHE,port_rail_infrastructure,0.03571428571,0.039285714281,0.0035714285709999988,-0.020602218700475405,0.004878048780487809,middle_or_top,True,False,False
admission_suppression_mom12_bottom_cap75,admission_suppression,2022-01-04,600035.XSHG,highway_infrastructure,0.03571428571,0.039285714281,0.0035714285709999988,0.05862068965517242,-0.03669724770642202,middle_or_top,True,False,False
admission_suppression_mom12_bottom_cap75,admission_suppression,2022-01-04,601018.XSHG,port_rail_infrastructure,0.03571428571,0.039285714281,0.0035714285709999988,0.10875331564986723,-0.01243781094527352,middle_or_top,True,False,False
admission_suppression_mom12_bottom_cap75,admission_suppression,2022-01-04,601880.XSHG,port_rail_infrastructure,0.03571428571,0.0267857142825,-0.0089285714275,-0.1030927835051546,-0.0494505494505495,suppressed_bottom_momentum,True,False,False
admission_suppression_mom12_bottom_cap75,admission_suppression,2022-01-04,000755.XSHE,highway_infrastructure,0.03571428571,0.039285714281,0.0035714285709999988,0.26,0.2094240837696335,middle_or_top,True,False,False
admission_suppression_mom12_bottom_cap75,admission_suppression,2022-01-04,600377.XSHG,highway_infrastructure,0.03571428571,0.0267857142825,-0.0089285714275,-0.0818965517241379,-0.025988700564971823,suppressed_bottom_momentum,True,False,False
v57f_startup_preload_repaired_baseline,baseline,2022-04-01,000421.XSHE,utilities_electricity,0.03571428571,0.03571428571,0.0,-0.11958405545927198,0.018181818181818077,baseline,True,False,False
v57f_startup_preload_repaired_baseline,baseline,2022-04-01,600681.XSHG,utilities_electricity,0.03571428571,0.03571428571,0.0,0.028622540250447193,-0.05667276051188297,baseline,True,False,False
v57f_startup_preload_repaired_baseline,baseline,2022-04-01,601006.XSHG,port_rail_infrastructure,0.03571428571,0.03571428571,0.0,0.020408163265306145,0.08702531645569622,baseline,True,False,False
v57f_startup_preload_repaired_baseline,baseline,2022-04-01,600795.XSHG,utilities_electricity,0.03571428571,0.03571428571,0.0,0.29680365296803646,-0.11888111888111885,baseline,True,False,False
v57f_startup_preload_repaired_baseline,baseline,2022-04-01,002267.XSHE,utilities_electricity,0.03571428571,0.03571428571,0.0,0.1261682242990656,-0.1407103825136612,baseline,True,False,False
v57f_startup_preload_repaired_baseline,baseline,2022-04-01,003816.XSHE,utilities_electricity,0.03571428571,0.03571428571,0.0,0.03436426116838476,-0.09602649006622521,baseline,True,False,False
v57f_startup_preload_repaired_baseline,baseline,2022-04-01,601077.XSHG,bank,0.03571428571,0.03571428571,0.0,-0.08944954128440374,0.033766233766233666,baseline,True,False,False
v57f_startup_preload_repaired_baseline,baseline,2022-04-01,600886.XSHG,utilities_electricity,0.03571428571,0.03571428571,0.0,0.05015353121801436,-0.12628624883068285,baseline,True,False,False
v57f_startup_preload_repaired_baseline,baseline,2022-04-01,601985.XSHG,utilities_electricity,0.03571428571,0.03571428571,0.0,0.41605839416058377,0.00996264009962644,baseline,True,False,False
v57f_startup_preload_repaired_baseline,baseline,2022-04-01,601398.XSHG,bank,0.03571428571,0.03571428571,0.0,-0.13503649635036497,0.023605150214592197,baseline,True,False,False
v57f_startup_preload_repaired_baseline,baseline,2022-04-01,601288.XSHG,bank,0.03571428571,0.03571428571,0.0,-0.11209439528023613,0.04761904761904767,baseline,True,False,False
v57f_startup_preload_repaired_baseline,baseline,2022-04-01,601298.XSHG,port_rail_infrastructure,0.03571428571,0.03571428571,0.0,-0.14224751066856334,-0.017667844522968323,baseline,True,False,False
v57f_startup_preload_repaired_baseline,baseline,2022-04-01,601988.XSHG,bank,0.03571428571,0.03571428571,0.0,-0.03963414634146334,0.0721311475409836,baseline,True,False,False
v57f_startup_preload_repaired_baseline,baseline,2022-04-01,600717.XSHG,port_rail_infrastructure,0.03571428571,0.03571428571,0.0,-0.026584867075664653,0.02392344497607679,baseline,True,False,False
v57f_startup_preload_repaired_baseline,baseline,2022-04-01,601939.XSHG,bank,0.03571428571,0.03571428571,0.0,-0.16846361185983827,0.07155025553662697,baseline,True,False,False
v57f_startup_preload_repaired_baseline,baseline,2022-04-01,001872.XSHE,port_rail_infrastructure,0.03571428571,0.03571428571,0.0,0.2197070572569908,-0.09324009324009319,baseline,True,False,False
v57f_startup_preload_repaired_baseline,baseline,2022-04-01,600350.XSHG,highway_infrastructure,0.03571428571,0.03571428571,0.0,-0.15805471124620063,0.04651162790697683,baseline,True,False,False
v57f_startup_preload_repaired_baseline,baseline,2022-04-01,601229.XSHG,bank,0.03571428571,0.03571428571,0.0,-0.1853997682502897,-0.07132867132867138,baseline,True,False,False
v57f_startup_preload_repaired_baseline,baseline,2022-04-01,002807.XSHE,bank,0.03571428571,0.03571428571,0.0,-0.05594405594405605,0.12565445026178002,baseline,True,False,False
v57f_startup_preload_repaired_baseline,baseline,2022-04-01,600033.XSHG,highway_infrastructure,0.03571428571,0.03571428571,0.0,0.13108614232209748,0.03558718861209975,baseline,True,False,False
v57f_startup_preload_repaired_baseline,baseline,2022-04-01,601326.XSHG,port_rail_infrastructure,0.03571428571,0.03571428571,0.0,0.08992805755395694,0.0072727272727273196,baseline,True,False,False
v57f_startup_preload_repaired_baseline,baseline,2022-04-01,601228.XSHG,port_rail_infrastructure,0.03571428571,0.03571428571,0.0,0.09226190476190488,-0.021212121212121127,baseline,True,False,False
v57f_startup_preload_repaired_baseline,baseline,2022-04-01,000582.XSHE,port_rail_infrastructure,0.03571428571,0.03571428571,0.0,-0.20666666666666667,-0.07071960297766755,baseline,True,False,False
v57f_startup_preload_repaired_baseline,baseline,2022-04-01,000429.XSHE,highway_infrastructure,0.03571428571,0.03571428571,0.0,0.08169014084507054,0.1043115438108484,baseline,True,False,False
v57f_startup_preload_repaired_baseline,baseline,2022-04-01,600012.XSHG,highway_infrastructure,0.03571428571,0.03571428571,0.0,0.21860465116279082,0.09929078014184389,baseline,True,False,False
internal_subsleeve_mom12_80_20,v57f_pool_internal_subsleeve,2022-04-01,000421.XSHE,utilities_electricity,0.03571428571,0.028571428568000004,-0.0071428571419999976,-0.11958405545927198,0.018181818181818077,middle,True,False,False
internal_subsleeve_mom12_80_20,v57f_pool_internal_subsleeve,2022-04-01,600681.XSHG,utilities_electricity,0.03571428571,0.028571428568000004,-0.0071428571419999976,0.028622540250447193,-0.05667276051188297,middle,True,False,False
internal_subsleeve_mom12_80_20,v57f_pool_internal_subsleeve,2022-04-01,601006.XSHG,port_rail_infrastructure,0.03571428571,0.028571428568000004,-0.0071428571419999976,0.020408163265306145,0.08702531645569622,middle,True,False,False
internal_subsleeve_mom12_80_20,v57f_pool_internal_subsleeve,2022-04-01,600795.XSHG,utilities_electricity,0.03571428571,0.04523809523266667,0.009523809522666668,0.29680365296803646,-0.11888111888111885,momentum_subsleeve,True,False,False
internal_subsleeve_mom12_80_20,v57f_pool_internal_subsleeve,2022-04-01,002267.XSHE,utilities_electricity,0.03571428571,0.04523809523266667,0.009523809522666668,0.1261682242990656,-0.1407103825136612,momentum_subsleeve,True,False,False
internal_subsleeve_mom12_80_20,v57f_pool_internal_subsleeve,2022-04-01,003816.XSHE,utilities_electricity,0.03571428571,0.028571428568000004,-0.0071428571419999976,0.03436426116838476,-0.09602649006622521,middle,True,False,False
internal_subsleeve_mom12_80_20,v57f_pool_internal_subsleeve,2022-04-01,601077.XSHG,bank,0.03571428571,0.04523809523266667,0.009523809522666668,-0.08944954128440374,0.033766233766233666,momentum_subsleeve,True,False,False
internal_subsleeve_mom12_80_20,v57f_pool_internal_subsleeve,2022-04-01,600886.XSHG,utilities_electricity,0.03571428571,0.028571428568000004,-0.0071428571419999976,0.05015353121801436,-0.12628624883068285,middle,True,False,False
internal_subsleeve_mom12_80_20,v57f_pool_internal_subsleeve,2022-04-01,601985.XSHG,utilities_electricity,0.03571428571,0.04523809523266667,0.009523809522666668,0.41605839416058377,0.00996264009962644,momentum_subsleeve,True,False,False
internal_subsleeve_mom12_80_20,v57f_pool_internal_subsleeve,2022-04-01,601398.XSHG,bank,0.03571428571,0.028571428568000004,-0.0071428571419999976,-0.13503649635036497,0.023605150214592197,middle,True,False,False
internal_subsleeve_mom12_80_20,v57f_pool_internal_subsleeve,2022-04-01,601288.XSHG,bank,0.03571428571,0.028571428568000004,-0.0071428571419999976,-0.11209439528023613,0.04761904761904767,middle,True,False,False
internal_subsleeve_mom12_80_20,v57f_pool_internal_subsleeve,2022-04-01,601298.XSHG,port_rail_infrastructure,0.03571428571,0.028571428568000004,-0.0071428571419999976,-0.14224751066856334,-0.017667844522968323,middle,True,False,False
internal_subsleeve_mom12_80_20,v57f_pool_internal_subsleeve,2022-04-01,601988.XSHG,bank,0.03571428571,0.04523809523266667,0.009523809522666668,-0.03963414634146334,0.0721311475409836,momentum_subsleeve,True,False,False
internal_subsleeve_mom12_80_20,v57f_pool_internal_subsleeve,2022-04-01,600717.XSHG,port_rail_infrastructure,0.03571428571,0.028571428568000004,-0.0071428571419999976,-0.026584867075664653,0.02392344497607679,middle,True,False,False
internal_subsleeve_mom12_80_20,v57f_pool_internal_subsleeve,2022-04-01,601939.XSHG,bank,0.03571428571,0.028571428568000004,-0.0071428571419999976,-0.16846361185983827,0.07155025553662697,middle,True,False,False
internal_subsleeve_mom12_80_20,v57f_pool_internal_subsleeve,2022-04-01,001872.XSHE,port_rail_infrastructure,0.03571428571,0.04523809523266667,0.009523809522666668,0.2197070572569908,-0.09324009324009319,momentum_subsleeve,True,False,False
internal_subsleeve_mom12_80_20,v57f_pool_internal_subsleeve,2022-04-01,600350.XSHG,highway_infrastructure,0.03571428571,0.028571428568000004,-0.0071428571419999976,-0.15805471124620063,0.04651162790697683,middle,True,False,False
internal_subsleeve_mom12_80_20,v57f_pool_internal_subsleeve,2022-04-01,601229.XSHG,bank,0.03571428571,0.028571428568000004,-0.0071428571419999976,-0.1853997682502897,-0.07132867132867138,middle,True,False,False
internal_subsleeve_mom12_80_20,v57f_pool_internal_subsleeve,2022-04-01,002807.XSHE,bank,0.03571428571,0.04523809523266667,0.009523809522666668,-0.05594405594405605,0.12565445026178002,momentum_subsleeve,True,False,False
internal_subsleeve_mom12_80_20,v57f_pool_internal_subsleeve,2022-04-01,600033.XSHG,highway_infrastructure,0.03571428571,0.042857142852000006,0.0071428571420000045,0.13108614232209748,0.03558718861209975,momentum_subsleeve,True,False,False
internal_subsleeve_mom12_80_20,v57f_pool_internal_subsleeve,2022-04-01,601326.XSHG,port_rail_infrastructure,0.03571428571,0.04523809523266667,0.009523809522666668,0.08992805755395694,0.0072727272727273196,momentum_subsleeve,True,False,False
internal_subsleeve_mom12_80_20,v57f_pool_internal_subsleeve,2022-04-01,601228.XSHG,port_rail_infrastructure,0.03571428571,0.04523809523266667,0.009523809522666668,0.09226190476190488,-0.021212121212121127,momentum_subsleeve,True,False,False
internal_subsleeve_mom12_80_20,v57f_pool_internal_subsleeve,2022-04-01,000582.XSHE,port_rail_infrastructure,0.03571428571,0.028571428568000004,-0.0071428571419999976,-0.20666666666666667,-0.07071960297766755,middle,True,False,False
internal_subsleeve_mom12_80_20,v57f_pool_internal_subsleeve,2022-04-01,000429.XSHE,highway_infrastructure,0.03571428571,0.028571428568000004,-0.0071428571419999976,0.08169014084507054,0.1043115438108484,middle,True,False,False
internal_subsleeve_mom12_80_20,v57f_pool_internal_subsleeve,2022-04-01,600012.XSHG,highway_infrastructure,0.03571428571,0.042857142852000006,0.0071428571420000045,0.21860465116279082,0.09929078014184389,momentum_subsleeve,True,False,False
internal_subsleeve_mom12_70_30,v57f_pool_internal_subsleeve,2022-04-01,000421.XSHE,utilities_electricity,0.03571428571,0.024999999997,-0.010714285713000003,-0.11958405545927198,0.018181818181818077,middle,True,False,False
internal_subsleeve_mom12_70_30,v57f_pool_internal_subsleeve,2022-04-01,600681.XSHG,utilities_electricity,0.03571428571,0.024999999997,-0.010714285713000003,0.028622540250447193,-0.05667276051188297,middle,True,False,False
internal_subsleeve_mom12_70_30,v57f_pool_internal_subsleeve,2022-04-01,601006.XSHG,port_rail_infrastructure,0.03571428571,0.024999999997,-0.010714285713000003,0.020408163265306145,0.08702531645569622,middle,True,False,False
internal_subsleeve_mom12_70_30,v57f_pool_internal_subsleeve,2022-04-01,600795.XSHG,utilities_electricity,0.03571428571,0.049999999994000004,0.014285714284000002,0.29680365296803646,-0.11888111888111885,momentum_subsleeve,True,False,False
internal_subsleeve_mom12_70_30,v57f_pool_internal_subsleeve,2022-04-01,002267.XSHE,utilities_electricity,0.03571428571,0.049999999994000004,0.014285714284000002,0.1261682242990656,-0.1407103825136612,momentum_subsleeve,True,False,False
internal_subsleeve_mom12_70_30,v57f_pool_internal_subsleeve,2022-04-01,003816.XSHE,utilities_electricity,0.03571428571,0.024999999997,-0.010714285713000003,0.03436426116838476,-0.09602649006622521,middle,True,False,False
internal_subsleeve_mom12_70_30,v57f_pool_internal_subsleeve,2022-04-01,601077.XSHG,bank,0.03571428571,0.049999999994000004,0.014285714284000002,-0.08944954128440374,0.033766233766233666,momentum_subsleeve,True,False,False
internal_subsleeve_mom12_70_30,v57f_pool_internal_subsleeve,2022-04-01,600886.XSHG,utilities_electricity,0.03571428571,0.024999999997,-0.010714285713000003,0.05015353121801436,-0.12628624883068285,middle,True,False,False
internal_subsleeve_mom12_70_30,v57f_pool_internal_subsleeve,2022-04-01,601985.XSHG,utilities_electricity,0.03571428571,0.049999999994000004,0.014285714284000002,0.41605839416058377,0.00996264009962644,momentum_subsleeve,True,False,False
internal_subsleeve_mom12_70_30,v57f_pool_internal_subsleeve,2022-04-01,601398.XSHG,bank,0.03571428571,0.024999999997,-0.010714285713000003,-0.13503649635036497,0.023605150214592197,middle,True,False,False
internal_subsleeve_mom12_70_30,v57f_pool_internal_subsleeve,2022-04-01,601288.XSHG,bank,0.03571428571,0.024999999997,-0.010714285713000003,-0.11209439528023613,0.04761904761904767,middle,True,False,False
internal_subsleeve_mom12_70_30,v57f_pool_internal_subsleeve,2022-04-01,601298.XSHG,port_rail_infrastructure,0.03571428571,0.024999999997,-0.010714285713000003,-0.14224751066856334,-0.017667844522968323,middle,True,False,False
internal_subsleeve_mom12_70_30,v57f_pool_internal_subsleeve,2022-04-01,601988.XSHG,bank,0.03571428571,0.049999999994000004,0.014285714284000002,-0.03963414634146334,0.0721311475409836,momentum_subsleeve,True,False,False
internal_subsleeve_mom12_70_30,v57f_pool_internal_subsleeve,2022-04-01,600717.XSHG,port_rail_infrastructure,0.03571428571,0.024999999997,-0.010714285713000003,-0.026584867075664653,0.02392344497607679,middle,True,False,False
internal_subsleeve_mom12_70_30,v57f_pool_internal_subsleeve,2022-04-01,601939.XSHG,bank,0.03571428571,0.024999999997,-0.010714285713000003,-0.16846361185983827,0.07155025553662697,middle,True,False,False
internal_subsleeve_mom12_70_30,v57f_pool_internal_subsleeve,2022-04-01,001872.XSHE,port_rail_infrastructure,0.03571428571,0.049999999994000004,0.014285714284000002,0.2197070572569908,-0.09324009324009319,momentum_subsleeve,True,False,False
internal_subsleeve_mom12_70_30,v57f_pool_internal_subsleeve,2022-04-01,600350.XSHG,highway_infrastructure,0.03571428571,0.024999999997,-0.010714285713000003,-0.15805471124620063,0.04651162790697683,middle,True,False,False
internal_subsleeve_mom12_70_30,v57f_pool_internal_subsleeve,2022-04-01,601229.XSHG,bank,0.03571428571,0.024999999997,-0.010714285713000003,-0.1853997682502897,-0.07132867132867138,middle,True,False,False
internal_subsleeve_mom12_70_30,v57f_pool_internal_subsleeve,2022-04-01,002807.XSHE,bank,0.03571428571,0.049999999994000004,0.014285714284000002,-0.05594405594405605,0.12565445026178002,momentum_subsleeve,True,False,False
internal_subsleeve_mom12_70_30,v57f_pool_internal_subsleeve,2022-04-01,600033.XSHG,highway_infrastructure,0.03571428571,0.046428571423,0.010714285712999996,0.13108614232209748,0.03558718861209975,momentum_subsleeve,True,False,False
internal_subsleeve_mom12_70_30,v57f_pool_internal_subsleeve,2022-04-01,601326.XSHG,port_rail_infrastructure,0.03571428571,0.049999999994000004,0.014285714284000002,0.08992805755395694,0.0072727272727273196,momentum_subsleeve,True,False,False
internal_subsleeve_mom12_70_30,v57f_pool_internal_subsleeve,2022-04-01,601228.XSHG,port_rail_infrastructure,0.03571428571,0.049999999994000004,0.014285714284000002,0.09226190476190488,-0.021212121212121127,momentum_subsleeve,True,False,False
internal_subsleeve_mom12_70_30,v57f_pool_internal_subsleeve,2022-04-01,000582.XSHE,port_rail_infrastructure,0.03571428571,0.024999999997,-0.010714285713000003,-0.20666666666666667,-0.07071960297766755,middle,True,False,False
internal_subsleeve_mom12_70_30,v57f_pool_internal_subsleeve,2022-04-01,000429.XSHE,highway_infrastructure,0.03571428571,0.024999999997,-0.010714285713000003,0.08169014084507054,0.1043115438108484,middle,True,False,False
internal_subsleeve_mom12_70_30,v57f_pool_internal_subsleeve,2022-04-01,600012.XSHG,highway_infrastructure,0.03571428571,0.046428571423,0.010714285712999996,0.21860465116279082,0.09929078014184389,momentum_subsleeve,True,False,False
dual_sleeve_mom12_80_20,dual_sleeve_allocation,2022-04-01,000421.XSHE,utilities_electricity,0.03571428571,0.028571428568000004,-0.0071428571419999976,-0.11958405545927198,0.018181818181818077,value_sleeve_only,False,False,False
dual_sleeve_mom12_80_20,dual_sleeve_allocation,2022-04-01,600681.XSHG,utilities_electricity,0.03571428571,0.028571428568000004,-0.0071428571419999976,0.028622540250447193,-0.05667276051188297,value_sleeve_only,False,False,False
dual_sleeve_mom12_80_20,dual_sleeve_allocation,2022-04-01,601006.XSHG,port_rail_infrastructure,0.03571428571,0.028571428568000004,-0.0071428571419999976,0.020408163265306145,0.08702531645569622,value_sleeve_only,False,False,False
dual_sleeve_mom12_80_20,dual_sleeve_allocation,2022-04-01,600795.XSHG,utilities_electricity,0.03571428571,0.05079365079022223,0.015079365080222229,0.29680365296803646,-0.11888111888111885,momentum_sleeve,False,False,False
dual_sleeve_mom12_80_20,dual_sleeve_allocation,2022-04-01,002267.XSHE,utilities_electricity,0.03571428571,0.05079365079022223,0.015079365080222229,0.1261682242990656,-0.1407103825136612,momentum_sleeve,False,False,False
dual_sleeve_mom12_80_20,dual_sleeve_allocation,2022-04-01,003816.XSHE,utilities_electricity,0.03571428571,0.028571428568000004,-0.0071428571419999976,0.03436426116838476,-0.09602649006622521,value_sleeve_only,False,False,False
dual_sleeve_mom12_80_20,dual_sleeve_allocation,2022-04-01,601077.XSHG,bank,0.03571428571,0.028571428568000004,-0.0071428571419999976,-0.08944954128440374,0.033766233766233666,value_sleeve_only,False,False,False
dual_sleeve_mom12_80_20,dual_sleeve_allocation,2022-04-01,600886.XSHG,utilities_electricity,0.03571428571,0.028571428568000004,-0.0071428571419999976,0.05015353121801436,-0.12628624883068285,value_sleeve_only,False,False,False
dual_sleeve_mom12_80_20,dual_sleeve_allocation,2022-04-01,601985.XSHG,utilities_electricity,0.03571428571,0.05079365079022223,0.015079365080222229,0.41605839416058377,0.00996264009962644,momentum_sleeve,False,False,False
dual_sleeve_mom12_80_20,dual_sleeve_allocation,2022-04-01,601398.XSHG,bank,0.03571428571,0.028571428568000004,-0.0071428571419999976,-0.13503649635036497,0.023605150214592197,value_sleeve_only,False,False,False
dual_sleeve_mom12_80_20,dual_sleeve_allocation,2022-04-01,601288.XSHG,bank,0.03571428571,0.028571428568000004,-0.0071428571419999976,-0.11209439528023613,0.04761904761904767,value_sleeve_only,False,False,False
dual_sleeve_mom12_80_20,dual_sleeve_allocation,2022-04-01,601298.XSHG,port_rail_infrastructure,0.03571428571,0.028571428568000004,-0.0071428571419999976,-0.14224751066856334,-0.017667844522968323,value_sleeve_only,False,False,False
dual_sleeve_mom12_80_20,dual_sleeve_allocation,2022-04-01,601988.XSHG,bank,0.03571428571,0.028571428568000004,-0.0071428571419999976,-0.03963414634146334,0.0721311475409836,value_sleeve_only,False,False,False
dual_sleeve_mom12_80_20,dual_sleeve_allocation,2022-04-01,600717.XSHG,port_rail_infrastructure,0.03571428571,0.028571428568000004,-0.0071428571419999976,-0.026584867075664653,0.02392344497607679,value_sleeve_only,False,False,False
dual_sleeve_mom12_80_20,dual_sleeve_allocation,2022-04-01,601939.XSHG,bank,0.03571428571,0.028571428568000004,-0.0071428571419999976,-0.16846361185983827,0.07155025553662697,value_sleeve_only,False,False,False
dual_sleeve_mom12_80_20,dual_sleeve_allocation,2022-04-01,001872.XSHE,port_rail_infrastructure,0.03571428571,0.05079365079022223,0.015079365080222229,0.2197070572569908,-0.09324009324009319,momentum_sleeve,False,False,False
dual_sleeve_mom12_80_20,dual_sleeve_allocation,2022-04-01,600350.XSHG,highway_infrastructure,0.03571428571,0.028571428568000004,-0.0071428571419999976,-0.15805471124620063,0.04651162790697683,value_sleeve_only,False,False,False
dual_sleeve_mom12_80_20,dual_sleeve_allocation,2022-04-01,601229.XSHG,bank,0.03571428571,0.028571428568000004,-0.0071428571419999976,-0.1853997682502897,-0.07132867132867138,value_sleeve_only,False,False,False
dual_sleeve_mom12_80_20,dual_sleeve_allocation,2022-04-01,002807.XSHE,bank,0.03571428571,0.028571428568000004,-0.0071428571419999976,-0.05594405594405605,0.12565445026178002,value_sleeve_only,False,False,False
dual_sleeve_mom12_80_20,dual_sleeve_allocation,2022-04-01,600033.XSHG,highway_infrastructure,0.03571428571,0.05079365079022223,0.015079365080222229,0.13108614232209748,0.03558718861209975,momentum_sleeve,False,False,False
dual_sleeve_mom12_80_20,dual_sleeve_allocation,2022-04-01,601326.XSHG,port_rail_infrastructure,0.03571428571,0.05079365079022223,0.015079365080222229,0.08992805755395694,0.0072727272727273196,momentum_sleeve,False,False,False
dual_sleeve_mom12_80_20,dual_sleeve_allocation,2022-04-01,601228.XSHG,port_rail_infrastructure,0.03571428571,0.05079365079022223,0.015079365080222229,0.09226190476190488,-0.021212121212121127,momentum_sleeve,False,False,False
dual_sleeve_mom12_80_20,dual_sleeve_allocation,2022-04-01,000582.XSHE,port_rail_infrastructure,0.03571428571,0.028571428568000004,-0.0071428571419999976,-0.20666666666666667,-0.07071960297766755,value_sleeve_only,False,False,False
dual_sleeve_mom12_80_20,dual_sleeve_allocation,2022-04-01,000429.XSHE,highway_infrastructure,0.03571428571,0.05079365079022223,0.015079365080222229,0.08169014084507054,0.1043115438108484,momentum_sleeve,False,False,False
dual_sleeve_mom12_80_20,dual_sleeve_allocation,2022-04-01,600012.XSHG,highway_infrastructure,0.03571428571,0.05079365079022223,0.015079365080222229,0.21860465116279082,0.09929078014184389,momentum_sleeve,False,False,False
dual_sleeve_mom12_60_40,dual_sleeve_allocation,2022-04-01,000421.XSHE,utilities_electricity,0.03571428571,0.021428571426,-0.014285714284000002,-0.11958405545927198,0.018181818181818077,value_sleeve_only,False,False,False
dual_sleeve_mom12_60_40,dual_sleeve_allocation,2022-04-01,600681.XSHG,utilities_electricity,0.03571428571,0.021428571426,-0.014285714284000002,0.028622540250447193,-0.05667276051188297,value_sleeve_only,False,False,False
dual_sleeve_mom12_60_40,dual_sleeve_allocation,2022-04-01,601006.XSHG,port_rail_infrastructure,0.03571428571,0.021428571426,-0.014285714284000002,0.020408163265306145,0.08702531645569622,value_sleeve_only,False,False,False
dual_sleeve_mom12_60_40,dual_sleeve_allocation,2022-04-01,600795.XSHG,utilities_electricity,0.03571428571,0.06587301587044445,0.030158730160444444,0.29680365296803646,-0.11888111888111885,momentum_sleeve,False,False,False
dual_sleeve_mom12_60_40,dual_sleeve_allocation,2022-04-01,002267.XSHE,utilities_electricity,0.03571428571,0.06587301587044445,0.030158730160444444,0.1261682242990656,-0.1407103825136612,momentum_sleeve,False,False,False
dual_sleeve_mom12_60_40,dual_sleeve_allocation,2022-04-01,003816.XSHE,utilities_electricity,0.03571428571,0.021428571426,-0.014285714284000002,0.03436426116838476,-0.09602649006622521,value_sleeve_only,False,False,False
dual_sleeve_mom12_60_40,dual_sleeve_allocation,2022-04-01,601077.XSHG,bank,0.03571428571,0.021428571426,-0.014285714284000002,-0.08944954128440374,0.033766233766233666,value_sleeve_only,False,False,False
dual_sleeve_mom12_60_40,dual_sleeve_allocation,2022-04-01,600886.XSHG,utilities_electricity,0.03571428571,0.021428571426,-0.014285714284000002,0.05015353121801436,-0.12628624883068285,value_sleeve_only,False,False,False
dual_sleeve_mom12_60_40,dual_sleeve_allocation,2022-04-01,601985.XSHG,utilities_electricity,0.03571428571,0.06587301587044445,0.030158730160444444,0.41605839416058377,0.00996264009962644,momentum_sleeve,False,False,False
dual_sleeve_mom12_60_40,dual_sleeve_allocation,2022-04-01,601398.XSHG,bank,0.03571428571,0.021428571426,-0.014285714284000002,-0.13503649635036497,0.023605150214592197,value_sleeve_only,False,False,False
dual_sleeve_mom12_60_40,dual_sleeve_allocation,2022-04-01,601288.XSHG,bank,0.03571428571,0.021428571426,-0.014285714284000002,-0.11209439528023613,0.04761904761904767,value_sleeve_only,False,False,False
dual_sleeve_mom12_60_40,dual_sleeve_allocation,2022-04-01,601298.XSHG,port_rail_infrastructure,0.03571428571,0.021428571426,-0.014285714284000002,-0.14224751066856334,-0.017667844522968323,value_sleeve_only,False,False,False
dual_sleeve_mom12_60_40,dual_sleeve_allocation,2022-04-01,601988.XSHG,bank,0.03571428571,0.021428571426,-0.014285714284000002,-0.03963414634146334,0.0721311475409836,value_sleeve_only,False,False,False
dual_sleeve_mom12_60_40,dual_sleeve_allocation,2022-04-01,600717.XSHG,port_rail_infrastructure,0.03571428571,0.021428571426,-0.014285714284000002,-0.026584867075664653,0.02392344497607679,value_sleeve_only,False,False,False
dual_sleeve_mom12_60_40,dual_sleeve_allocation,2022-04-01,601939.XSHG,bank,0.03571428571,0.021428571426,-0.014285714284000002,-0.16846361185983827,0.07155025553662697,value_sleeve_only,False,False,False
dual_sleeve_mom12_60_40,dual_sleeve_allocation,2022-04-01,001872.XSHE,port_rail_infrastructure,0.03571428571,0.06587301587044445,0.030158730160444444,0.2197070572569908,-0.09324009324009319,momentum_sleeve,False,False,False
dual_sleeve_mom12_60_40,dual_sleeve_allocation,2022-04-01,600350.XSHG,highway_infrastructure,0.03571428571,0.021428571426,-0.014285714284000002,-0.15805471124620063,0.04651162790697683,value_sleeve_only,False,False,False
dual_sleeve_mom12_60_40,dual_sleeve_allocation,2022-04-01,601229.XSHG,bank,0.03571428571,0.021428571426,-0.014285714284000002,-0.1853997682502897,-0.07132867132867138,value_sleeve_only,False,False,False
dual_sleeve_mom12_60_40,dual_sleeve_allocation,2022-04-01,002807.XSHE,bank,0.03571428571,0.021428571426,-0.014285714284000002,-0.05594405594405605,0.12565445026178002,value_sleeve_only,False,False,False
dual_sleeve_mom12_60_40,dual_sleeve_allocation,2022-04-01,600033.XSHG,highway_infrastructure,0.03571428571,0.06587301587044445,0.030158730160444444,0.13108614232209748,0.03558718861209975,momentum_sleeve,False,False,False
dual_sleeve_mom12_60_40,dual_sleeve_allocation,2022-04-01,601326.XSHG,port_rail_infrastructure,0.03571428571,0.06587301587044445,0.030158730160444444,0.08992805755395694,0.0072727272727273196,momentum_sleeve,False,False,False
dual_sleeve_mom12_60_40,dual_sleeve_allocation,2022-04-01,601228.XSHG,port_rail_infrastructure,0.03571428571,0.06587301587044445,0.030158730160444444,0.09226190476190488,-0.021212121212121127,momentum_sleeve,False,False,False
dual_sleeve_mom12_60_40,dual_sleeve_allocation,2022-04-01,000582.XSHE,port_rail_infrastructure,0.03571428571,0.021428571426,-0.014285714284000002,-0.20666666666666667,-0.07071960297766755,value_sleeve_only,False,False,False
dual_sleeve_mom12_60_40,dual_sleeve_allocation,2022-04-01,000429.XSHE,highway_infrastructure,0.03571428571,0.06587301587044445,0.030158730160444444,0.08169014084507054,0.1043115438108484,momentum_sleeve,False,False,False
dual_sleeve_mom12_60_40,dual_sleeve_allocation,2022-04-01,600012.XSHG,highway_infrastructure,0.03571428571,0.06587301587044445,0.030158730160444444,0.21860465116279082,0.09929078014184389,momentum_sleeve,False,False,False
state_routed_mom12_70_30_or_100_0,state_routed_budget,2022-04-01,000421.XSHE,utilities_electricity,0.03571428571,0.024999999997,-0.010714285713000003,-0.11958405545927198,0.018181818181818077,value_sleeve_only,False,False,False
state_routed_mom12_70_30_or_100_0,state_routed_budget,2022-04-01,600681.XSHG,utilities_electricity,0.03571428571,0.024999999997,-0.010714285713000003,0.028622540250447193,-0.05667276051188297,value_sleeve_only,False,False,False
state_routed_mom12_70_30_or_100_0,state_routed_budget,2022-04-01,601006.XSHG,port_rail_infrastructure,0.03571428571,0.024999999997,-0.010714285713000003,0.020408163265306145,0.08702531645569622,value_sleeve_only,False,False,False
state_routed_mom12_70_30_or_100_0,state_routed_budget,2022-04-01,600795.XSHG,utilities_electricity,0.03571428571,0.05833333333033333,0.02261904762033333,0.29680365296803646,-0.11888111888111885,momentum_sleeve,False,False,False
state_routed_mom12_70_30_or_100_0,state_routed_budget,2022-04-01,002267.XSHE,utilities_electricity,0.03571428571,0.05833333333033333,0.02261904762033333,0.1261682242990656,-0.1407103825136612,momentum_sleeve,False,False,False
state_routed_mom12_70_30_or_100_0,state_routed_budget,2022-04-01,003816.XSHE,utilities_electricity,0.03571428571,0.024999999997,-0.010714285713000003,0.03436426116838476,-0.09602649006622521,value_sleeve_only,False,False,False
state_routed_mom12_70_30_or_100_0,state_routed_budget,2022-04-01,601077.XSHG,bank,0.03571428571,0.024999999997,-0.010714285713000003,-0.08944954128440374,0.033766233766233666,value_sleeve_only,False,False,False
state_routed_mom12_70_30_or_100_0,state_routed_budget,2022-04-01,600886.XSHG,utilities_electricity,0.03571428571,0.024999999997,-0.010714285713000003,0.05015353121801436,-0.12628624883068285,value_sleeve_only,False,False,False
state_routed_mom12_70_30_or_100_0,state_routed_budget,2022-04-01,601985.XSHG,utilities_electricity,0.03571428571,0.05833333333033333,0.02261904762033333,0.41605839416058377,0.00996264009962644,momentum_sleeve,False,False,False
state_routed_mom12_70_30_or_100_0,state_routed_budget,2022-04-01,601398.XSHG,bank,0.03571428571,0.024999999997,-0.010714285713000003,-0.13503649635036497,0.023605150214592197,value_sleeve_only,False,False,False
state_routed_mom12_70_30_or_100_0,state_routed_budget,2022-04-01,601288.XSHG,bank,0.03571428571,0.024999999997,-0.010714285713000003,-0.11209439528023613,0.04761904761904767,value_sleeve_only,False,False,False
state_routed_mom12_70_30_or_100_0,state_routed_budget,2022-04-01,601298.XSHG,port_rail_infrastructure,0.03571428571,0.024999999997,-0.010714285713000003,-0.14224751066856334,-0.017667844522968323,value_sleeve_only,False,False,False
state_routed_mom12_70_30_or_100_0,state_routed_budget,2022-04-01,601988.XSHG,bank,0.03571428571,0.024999999997,-0.010714285713000003,-0.03963414634146334,0.0721311475409836,value_sleeve_only,False,False,False
state_routed_mom12_70_30_or_100_0,state_routed_budget,2022-04-01,600717.XSHG,port_rail_infrastructure,0.03571428571,0.024999999997,-0.010714285713000003,-0.026584867075664653,0.02392344497607679,value_sleeve_only,False,False,False
state_routed_mom12_70_30_or_100_0,state_routed_budget,2022-04-01,601939.XSHG,bank,0.03571428571,0.024999999997,-0.010714285713000003,-0.16846361185983827,0.07155025553662697,value_sleeve_only,False,False,False
state_routed_mom12_70_30_or_100_0,state_routed_budget,2022-04-01,001872.XSHE,port_rail_infrastructure,0.03571428571,0.05833333333033333,0.02261904762033333,0.2197070572569908,-0.09324009324009319,momentum_sleeve,False,False,False
state_routed_mom12_70_30_or_100_0,state_routed_budget,2022-04-01,600350.XSHG,highway_infrastructure,0.03571428571,0.024999999997,-0.010714285713000003,-0.15805471124620063,0.04651162790697683,value_sleeve_only,False,False,False
state_routed_mom12_70_30_or_100_0,state_routed_budget,2022-04-01,601229.XSHG,bank,0.03571428571,0.024999999997,-0.010714285713000003,-0.1853997682502897,-0.07132867132867138,value_sleeve_only,False,False,False
state_routed_mom12_70_30_or_100_0,state_routed_budget,2022-04-01,002807.XSHE,bank,0.03571428571,0.024999999997,-0.010714285713000003,-0.05594405594405605,0.12565445026178002,value_sleeve_only,False,False,False
state_routed_mom12_70_30_or_100_0,state_routed_budget,2022-04-01,600033.XSHG,highway_infrastructure,0.03571428571,0.05833333333033333,0.02261904762033333,0.13108614232209748,0.03558718861209975,momentum_sleeve,False,False,False
state_routed_mom12_70_30_or_100_0,state_routed_budget,2022-04-01,601326.XSHG,port_rail_infrastructure,0.03571428571,0.05833333333033333,0.02261904762033333,0.08992805755395694,0.0072727272727273196,momentum_sleeve,False,False,False
state_routed_mom12_70_30_or_100_0,state_routed_budget,2022-04-01,601228.XSHG,port_rail_infrastructure,0.03571428571,0.05833333333033333,0.02261904762033333,0.09226190476190488,-0.021212121212121127,momentum_sleeve,False,False,False
state_routed_mom12_70_30_or_100_0,state_routed_budget,2022-04-01,000582.XSHE,port_rail_infrastructure,0.03571428571,0.024999999997,-0.010714285713000003,-0.20666666666666667,-0.07071960297766755,value_sleeve_only,False,False,False
state_routed_mom12_70_30_or_100_0,state_routed_budget,2022-04-01,000429.XSHE,highway_infrastructure,0.03571428571,0.05833333333033333,0.02261904762033333,0.08169014084507054,0.1043115438108484,momentum_sleeve,False,False,False
state_routed_mom12_70_30_or_100_0,state_routed_budget,2022-04-01,600012.XSHG,highway_infrastructure,0.03571428571,0.05833333333033333,0.02261904762033333,0.21860465116279082,0.09929078014184389,momentum_sleeve,False,False,False
admission_suppression_mom12_bottom_cap75,admission_suppression,2022-04-01,000421.XSHE,utilities_electricity,0.03571428571,0.0267857142825,-0.0089285714275,-0.11958405545927198,0.018181818181818077,suppressed_bottom_momentum,True,False,False
admission_suppression_mom12_bottom_cap75,admission_suppression,2022-04-01,600681.XSHG,utilities_electricity,0.03571428571,0.0267857142825,-0.0089285714275,0.028622540250447193,-0.05667276051188297,suppressed_bottom_momentum,True,False,False
admission_suppression_mom12_bottom_cap75,admission_suppression,2022-04-01,601006.XSHG,port_rail_infrastructure,0.03571428571,0.039285714281,0.0035714285709999988,0.020408163265306145,0.08702531645569622,middle_or_top,True,False,False
admission_suppression_mom12_bottom_cap75,admission_suppression,2022-04-01,600795.XSHG,utilities_electricity,0.03571428571,0.039285714281,0.0035714285709999988,0.29680365296803646,-0.11888111888111885,middle_or_top,True,False,False
admission_suppression_mom12_bottom_cap75,admission_suppression,2022-04-01,002267.XSHE,utilities_electricity,0.03571428571,0.039285714281,0.0035714285709999988,0.1261682242990656,-0.1407103825136612,middle_or_top,True,False,False
admission_suppression_mom12_bottom_cap75,admission_suppression,2022-04-01,003816.XSHE,utilities_electricity,0.03571428571,0.039285714281,0.0035714285709999988,0.03436426116838476,-0.09602649006622521,middle_or_top,True,False,False
admission_suppression_mom12_bottom_cap75,admission_suppression,2022-04-01,601077.XSHG,bank,0.03571428571,0.039285714281,0.0035714285709999988,-0.08944954128440374,0.033766233766233666,middle_or_top,True,False,False
admission_suppression_mom12_bottom_cap75,admission_suppression,2022-04-01,600886.XSHG,utilities_electricity,0.03571428571,0.039285714281,0.0035714285709999988,0.05015353121801436,-0.12628624883068285,middle_or_top,True,False,False
admission_suppression_mom12_bottom_cap75,admission_suppression,2022-04-01,601985.XSHG,utilities_electricity,0.03571428571,0.039285714281,0.0035714285709999988,0.41605839416058377,0.00996264009962644,middle_or_top,True,False,False
admission_suppression_mom12_bottom_cap75,admission_suppression,2022-04-01,601398.XSHG,bank,0.03571428571,0.039285714281,0.0035714285709999988,-0.13503649635036497,0.023605150214592197,middle_or_top,True,False,False
admission_suppression_mom12_bottom_cap75,admission_suppression,2022-04-01,601288.XSHG,bank,0.03571428571,0.039285714281,0.0035714285709999988,-0.11209439528023613,0.04761904761904767,middle_or_top,True,False,False
admission_suppression_mom12_bottom_cap75,admission_suppression,2022-04-01,601298.XSHG,port_rail_infrastructure,0.03571428571,0.0267857142825,-0.0089285714275,-0.14224751066856334,-0.017667844522968323,suppressed_bottom_momentum,True,False,False
admission_suppression_mom12_bottom_cap75,admission_suppression,2022-04-01,601988.XSHG,bank,0.03571428571,0.039285714281,0.0035714285709999988,-0.03963414634146334,0.0721311475409836,middle_or_top,True,False,False
admission_suppression_mom12_bottom_cap75,admission_suppression,2022-04-01,600717.XSHG,port_rail_infrastructure,0.03571428571,0.039285714281,0.0035714285709999988,-0.026584867075664653,0.02392344497607679,middle_or_top,True,False,False
admission_suppression_mom12_bottom_cap75,admission_suppression,2022-04-01,601939.XSHG,bank,0.03571428571,0.0267857142825,-0.0089285714275,-0.16846361185983827,0.07155025553662697,suppressed_bottom_momentum,True,False,False
admission_suppression_mom12_bottom_cap75,admission_suppression,2022-04-01,001872.XSHE,port_rail_infrastructure,0.03571428571,0.039285714281,0.0035714285709999988,0.2197070572569908,-0.09324009324009319,middle_or_top,True,False,False
admission_suppression_mom12_bottom_cap75,admission_suppression,2022-04-01,600350.XSHG,highway_infrastructure,0.03571428571,0.0267857142825,-0.0089285714275,-0.15805471124620063,0.04651162790697683,suppressed_bottom_momentum,True,False,False
admission_suppression_mom12_bottom_cap75,admission_suppression,2022-04-01,601229.XSHG,bank,0.03571428571,0.0267857142825,-0.0089285714275,-0.1853997682502897,-0.07132867132867138,suppressed_bottom_momentum,True,False,False
admission_suppression_mom12_bottom_cap75,admission_suppression,2022-04-01,002807.XSHE,bank,0.03571428571,0.039285714281,0.0035714285709999988,-0.05594405594405605,0.12565445026178002,middle_or_top,True,False,False
admission_suppression_mom12_bottom_cap75,admission_suppression,2022-04-01,600033.XSHG,highway_infrastructure,0.03571428571,0.038690476185833336,0.0029761904758333346,0.13108614232209748,0.03558718861209975,middle_or_top,True,False,False
admission_suppression_mom12_bottom_cap75,admission_suppression,2022-04-01,601326.XSHG,port_rail_infrastructure,0.03571428571,0.039285714281,0.0035714285709999988,0.08992805755395694,0.0072727272727273196,middle_or_top,True,False,False
admission_suppression_mom12_bottom_cap75,admission_suppression,2022-04-01,601228.XSHG,port_rail_infrastructure,0.03571428571,0.039285714281,0.0035714285709999988,0.09226190476190488,-0.021212121212121127,middle_or_top,True,False,False
admission_suppression_mom12_bottom_cap75,admission_suppression,2022-04-01,000582.XSHE,port_rail_infrastructure,0.03571428571,0.0267857142825,-0.0089285714275,-0.20666666666666667,-0.07071960297766755,suppressed_bottom_momentum,True,False,False
admission_suppression_mom12_bottom_cap75,admission_suppression,2022-04-01,000429.XSHE,highway_infrastructure,0.03571428571,0.038690476185833336,0.0029761904758333346,0.08169014084507054,0.1043115438108484,middle_or_top,True,False,False
admission_suppression_mom12_bottom_cap75,admission_suppression,2022-04-01,600012.XSHG,highway_infrastructure,0.03571428571,0.038690476185833336,0.0029761904758333346,0.21860465116279082,0.09929078014184389,middle_or_top,True,False,False
v57f_startup_preload_repaired_baseline,baseline,2022-07-01,000883.XSHE,utilities_electricity,0.03571428571,0.03571428571,0.0,0.020361990950226172,0.16666666666666674,baseline,True,False,False
v57f_startup_preload_repaired_baseline,baseline,2022-07-01,002608.XSHE,utilities_electricity,0.03571428571,0.03571428571,0.0,-0.06853582554517124,0.13835376532399302,baseline,True,False,False
v57f_startup_preload_repaired_baseline,baseline,2022-07-01,600017.XSHG,port_rail_infrastructure,0.03571428571,0.03571428571,0.0,0.16917293233082686,0.08185053380782925,baseline,True,False,False
v57f_startup_preload_repaired_baseline,baseline,2022-07-01,600795.XSHG,utilities_electricity,0.03571428571,0.03571428571,0.0,0.42682926829268286,0.557768924302789,baseline,True,False,False
v57f_startup_preload_repaired_baseline,baseline,2022-07-01,601985.XSHG,utilities_electricity,0.03571428571,0.03571428571,0.0,0.4243027888446218,-0.14249999999999996,baseline,True,False,False
v57f_startup_preload_repaired_baseline,baseline,2022-07-01,003816.XSHE,utilities_electricity,0.03571428571,0.03571428571,0.0,0.040740740740740744,0.021897810218977964,baseline,True,False,False
v57f_startup_preload_repaired_baseline,baseline,2022-07-01,601991.XSHG,utilities_electricity,0.03571428571,0.03571428571,0.0,-0.015686274509803977,0.01673640167364021,baseline,True,False,False
v57f_startup_preload_repaired_baseline,baseline,2022-07-01,600886.XSHG,utilities_electricity,0.03571428571,0.03571428571,0.0,0.06784968684759929,0.1278195488721805,baseline,True,False,False
v57f_startup_preload_repaired_baseline,baseline,2022-07-01,601077.XSHG,bank,0.03571428571,0.03571428571,0.0,-0.09601873536299754,-0.05128205128205121,baseline,True,False,False
v57f_startup_preload_repaired_baseline,baseline,2022-07-01,601326.XSHG,port_rail_infrastructure,0.03571428571,0.03571428571,0.0,0.09328358208955234,0.029090909090909056,baseline,True,False,False
v57f_startup_preload_repaired_baseline,baseline,2022-07-01,601288.XSHG,bank,0.03571428571,0.03571428571,0.0,-0.07951070336391441,-0.00983606557377048,baseline,True,False,False
v57f_startup_preload_repaired_baseline,baseline,2022-07-01,601398.XSHG,bank,0.03571428571,0.03571428571,0.0,-0.10058027079303666,0.01273885350318471,baseline,True,False,False
v57f_startup_preload_repaired_baseline,baseline,2022-07-01,600033.XSHG,highway_infrastructure,0.03571428571,0.03571428571,0.0,0.09363295880149813,-0.028070175438596467,baseline,True,False,False
v57f_startup_preload_repaired_baseline,baseline,2022-07-01,601825.XSHG,bank,0.03571428571,0.03571428571,0.0,nan,-0.021840873634945468,baseline,True,False,False
v57f_startup_preload_repaired_baseline,baseline,2022-07-01,600035.XSHG,highway_infrastructure,0.03571428571,0.03571428571,0.0,0.24041811846689898,-0.006079027355623157,baseline,True,False,False
v57f_startup_preload_repaired_baseline,baseline,2022-07-01,601988.XSHG,bank,0.03571428571,0.03571428571,0.0,0.032362459546925626,0.012422360248447006,baseline,True,False,False
v57f_startup_preload_repaired_baseline,baseline,2022-07-01,601939.XSHG,bank,0.03571428571,0.03571428571,0.0,-0.1116071428571429,-0.021001615508885463,baseline,True,False,False
v57f_startup_preload_repaired_baseline,baseline,2022-07-01,601298.XSHG,port_rail_infrastructure,0.03571428571,0.03571428571,0.0,-0.06946688206785145,-0.009057971014492683,baseline,True,False,False
v57f_startup_preload_repaired_baseline,baseline,2022-07-01,601000.XSHG,port_rail_infrastructure,0.03571428571,0.03571428571,0.0,0.14166666666666683,-0.10726643598615915,baseline,True,False,False
v57f_startup_preload_repaired_baseline,baseline,2022-07-01,601006.XSHG,port_rail_infrastructure,0.03571428571,0.03571428571,0.0,0.022935779816513735,-0.028023598820059004,baseline,True,False,False
v57f_startup_preload_repaired_baseline,baseline,2022-07-01,601169.XSHG,bank,0.03571428571,0.03571428571,0.0,-0.09591836734693893,0.006651884700665134,baseline,True,False,False
v57f_startup_preload_repaired_baseline,baseline,2022-07-01,601018.XSHG,port_rail_infrastructure,0.03571428571,0.03571428571,0.0,0.02244389027431426,-0.005102040816326481,baseline,True,False,False
v57f_startup_preload_repaired_baseline,baseline,2022-07-01,001872.XSHE,port_rail_infrastructure,0.03571428571,0.03571428571,0.0,-0.020214782059380987,-0.004467134652201721,baseline,True,False,False
v57f_startup_preload_repaired_baseline,baseline,2022-07-01,000429.XSHE,highway_infrastructure,0.03571428571,0.03571428571,0.0,0.12214765100671121,0.04139715394566634,baseline,True,False,False
v57f_startup_preload_repaired_baseline,baseline,2022-07-01,600350.XSHG,highway_infrastructure,0.03571428571,0.03571428571,0.0,-0.05288461538461542,-0.013157894736842146,baseline,True,False,False
v57f_startup_preload_repaired_baseline,baseline,2022-07-01,600012.XSHG,highway_infrastructure,0.03571428571,0.03571428571,0.0,0.1578947368421053,-0.03488372093023262,baseline,True,False,False
v57f_startup_preload_repaired_baseline,baseline,2022-07-01,000755.XSHE,highway_infrastructure,0.03571428571,0.03571428571,0.0,0.2375366568914954,-0.06696428571428592,baseline,True,False,False
internal_subsleeve_mom12_80_20,v57f_pool_internal_subsleeve,2022-07-01,000883.XSHE,utilities_electricity,0.03571428571,0.028571428568000004,-0.0071428571419999976,0.020361990950226172,0.16666666666666674,middle,True,False,False
internal_subsleeve_mom12_80_20,v57f_pool_internal_subsleeve,2022-07-01,002608.XSHE,utilities_electricity,0.03571428571,0.028571428568000004,-0.0071428571419999976,-0.06853582554517124,0.13835376532399302,middle,True,False,False
internal_subsleeve_mom12_80_20,v57f_pool_internal_subsleeve,2022-07-01,600017.XSHG,port_rail_infrastructure,0.03571428571,0.04523809523266667,0.009523809522666668,0.16917293233082686,0.08185053380782925,momentum_subsleeve,True,False,False
internal_subsleeve_mom12_80_20,v57f_pool_internal_subsleeve,2022-07-01,600795.XSHG,utilities_electricity,0.03571428571,0.04523809523266667,0.009523809522666668,0.42682926829268286,0.557768924302789,momentum_subsleeve,True,False,False
internal_subsleeve_mom12_80_20,v57f_pool_internal_subsleeve,2022-07-01,601985.XSHG,utilities_electricity,0.03571428571,0.04523809523266667,0.009523809522666668,0.4243027888446218,-0.14249999999999996,momentum_subsleeve,True,False,False
internal_subsleeve_mom12_80_20,v57f_pool_internal_subsleeve,2022-07-01,003816.XSHE,utilities_electricity,0.03571428571,0.028571428568000004,-0.0071428571419999976,0.040740740740740744,0.021897810218977964,middle,True,False,False
internal_subsleeve_mom12_80_20,v57f_pool_internal_subsleeve,2022-07-01,601991.XSHG,utilities_electricity,0.03571428571,0.028571428568000004,-0.0071428571419999976,-0.015686274509803977,0.01673640167364021,middle,True,False,False
internal_subsleeve_mom12_80_20,v57f_pool_internal_subsleeve,2022-07-01,600886.XSHG,utilities_electricity,0.03571428571,0.04523809523266667,0.009523809522666668,0.06784968684759929,0.1278195488721805,momentum_subsleeve,True,False,False
internal_subsleeve_mom12_80_20,v57f_pool_internal_subsleeve,2022-07-01,601077.XSHG,bank,0.03571428571,0.028571428568000004,-0.0071428571419999976,-0.09601873536299754,-0.05128205128205121,middle,True,False,False
internal_subsleeve_mom12_80_20,v57f_pool_internal_subsleeve,2022-07-01,601326.XSHG,port_rail_infrastructure,0.03571428571,0.04523809523266667,0.009523809522666668,0.09328358208955234,0.029090909090909056,momentum_subsleeve,True,False,False
internal_subsleeve_mom12_80_20,v57f_pool_internal_subsleeve,2022-07-01,601288.XSHG,bank,0.03571428571,0.05357142856500001,0.017857142855000008,-0.07951070336391441,-0.00983606557377048,momentum_subsleeve,True,False,False
internal_subsleeve_mom12_80_20,v57f_pool_internal_subsleeve,2022-07-01,601398.XSHG,bank,0.03571428571,0.028571428568000004,-0.0071428571419999976,-0.10058027079303666,0.01273885350318471,middle,True,False,False
internal_subsleeve_mom12_80_20,v57f_pool_internal_subsleeve,2022-07-01,600033.XSHG,highway_infrastructure,0.03571428571,0.028571428568000004,-0.0071428571419999976,0.09363295880149813,-0.028070175438596467,middle,True,False,False
internal_subsleeve_mom12_80_20,v57f_pool_internal_subsleeve,2022-07-01,601825.XSHG,bank,0.03571428571,0.028571428568000004,-0.0071428571419999976,nan,-0.021840873634945468,middle,True,False,False
internal_subsleeve_mom12_80_20,v57f_pool_internal_subsleeve,2022-07-01,600035.XSHG,highway_infrastructure,0.03571428571,0.04999999999400001,0.014285714284000009,0.24041811846689898,-0.006079027355623157,momentum_subsleeve,True,False,False
internal_subsleeve_mom12_80_20,v57f_pool_internal_subsleeve,2022-07-01,601988.XSHG,bank,0.03571428571,0.05357142856500001,0.017857142855000008,0.032362459546925626,0.012422360248447006,momentum_subsleeve,True,False,False
internal_subsleeve_mom12_80_20,v57f_pool_internal_subsleeve,2022-07-01,601939.XSHG,bank,0.03571428571,0.028571428568000004,-0.0071428571419999976,-0.1116071428571429,-0.021001615508885463,middle,True,False,False
internal_subsleeve_mom12_80_20,v57f_pool_internal_subsleeve,2022-07-01,601298.XSHG,port_rail_infrastructure,0.03571428571,0.028571428568000004,-0.0071428571419999976,-0.06946688206785145,-0.009057971014492683,middle,True,False,False
internal_subsleeve_mom12_80_20,v57f_pool_internal_subsleeve,2022-07-01,601000.XSHG,port_rail_infrastructure,0.03571428571,0.04523809523266667,0.009523809522666668,0.14166666666666683,-0.10726643598615915,momentum_subsleeve,True,False,False
internal_subsleeve_mom12_80_20,v57f_pool_internal_subsleeve,2022-07-01,601006.XSHG,port_rail_infrastructure,0.03571428571,0.028571428568000004,-0.0071428571419999976,0.022935779816513735,-0.028023598820059004,middle,True,False,False
internal_subsleeve_mom12_80_20,v57f_pool_internal_subsleeve,2022-07-01,601169.XSHG,bank,0.03571428571,0.028571428568000004,-0.0071428571419999976,-0.09591836734693893,0.006651884700665134,middle,True,False,False
internal_subsleeve_mom12_80_20,v57f_pool_internal_subsleeve,2022-07-01,601018.XSHG,port_rail_infrastructure,0.03571428571,0.028571428568000004,-0.0071428571419999976,0.02244389027431426,-0.005102040816326481,middle,True,False,False
internal_subsleeve_mom12_80_20,v57f_pool_internal_subsleeve,2022-07-01,001872.XSHE,port_rail_infrastructure,0.03571428571,0.028571428568000004,-0.0071428571419999976,-0.020214782059380987,-0.004467134652201721,middle,True,False,False
internal_subsleeve_mom12_80_20,v57f_pool_internal_subsleeve,2022-07-01,000429.XSHE,highway_infrastructure,0.03571428571,0.028571428568000004,-0.0071428571419999976,0.12214765100671121,0.04139715394566634,middle,True,False,False
internal_subsleeve_mom12_80_20,v57f_pool_internal_subsleeve,2022-07-01,600350.XSHG,highway_infrastructure,0.03571428571,0.028571428568000004,-0.0071428571419999976,-0.05288461538461542,-0.013157894736842146,middle,True,False,False
internal_subsleeve_mom12_80_20,v57f_pool_internal_subsleeve,2022-07-01,600012.XSHG,highway_infrastructure,0.03571428571,0.028571428568000004,-0.0071428571419999976,0.1578947368421053,-0.03488372093023262,middle,True,False,False
internal_subsleeve_mom12_80_20,v57f_pool_internal_subsleeve,2022-07-01,000755.XSHE,highway_infrastructure,0.03571428571,0.04999999999400001,0.014285714284000009,0.2375366568914954,-0.06696428571428592,momentum_subsleeve,True,False,False
internal_subsleeve_mom12_70_30,v57f_pool_internal_subsleeve,2022-07-01,000883.XSHE,utilities_electricity,0.03571428571,0.024999999997,-0.010714285713000003,0.020361990950226172,0.16666666666666674,middle,True,False,False
internal_subsleeve_mom12_70_30,v57f_pool_internal_subsleeve,2022-07-01,002608.XSHE,utilities_electricity,0.03571428571,0.024999999997,-0.010714285713000003,-0.06853582554517124,0.13835376532399302,middle,True,False,False
internal_subsleeve_mom12_70_30,v57f_pool_internal_subsleeve,2022-07-01,600017.XSHG,port_rail_infrastructure,0.03571428571,0.049999999994000004,0.014285714284000002,0.16917293233082686,0.08185053380782925,momentum_subsleeve,True,False,False
internal_subsleeve_mom12_70_30,v57f_pool_internal_subsleeve,2022-07-01,600795.XSHG,utilities_electricity,0.03571428571,0.049999999994000004,0.014285714284000002,0.42682926829268286,0.557768924302789,momentum_subsleeve,True,False,False
internal_subsleeve_mom12_70_30,v57f_pool_internal_subsleeve,2022-07-01,601985.XSHG,utilities_electricity,0.03571428571,0.049999999994000004,0.014285714284000002,0.4243027888446218,-0.14249999999999996,momentum_subsleeve,True,False,False
internal_subsleeve_mom12_70_30,v57f_pool_internal_subsleeve,2022-07-01,003816.XSHE,utilities_electricity,0.03571428571,0.024999999997,-0.010714285713000003,0.040740740740740744,0.021897810218977964,middle,True,False,False
internal_subsleeve_mom12_70_30,v57f_pool_internal_subsleeve,2022-07-01,601991.XSHG,utilities_electricity,0.03571428571,0.024999999997,-0.010714285713000003,-0.015686274509803977,0.01673640167364021,middle,True,False,False
internal_subsleeve_mom12_70_30,v57f_pool_internal_subsleeve,2022-07-01,600886.XSHG,utilities_electricity,0.03571428571,0.049999999994000004,0.014285714284000002,0.06784968684759929,0.1278195488721805,momentum_subsleeve,True,False,False
internal_subsleeve_mom12_70_30,v57f_pool_internal_subsleeve,2022-07-01,601077.XSHG,bank,0.03571428571,0.024999999997,-0.010714285713000003,-0.09601873536299754,-0.05128205128205121,middle,True,False,False
internal_subsleeve_mom12_70_30,v57f_pool_internal_subsleeve,2022-07-01,601326.XSHG,port_rail_infrastructure,0.03571428571,0.049999999994000004,0.014285714284000002,0.09328358208955234,0.029090909090909056,momentum_subsleeve,True,False,False
internal_subsleeve_mom12_70_30,v57f_pool_internal_subsleeve,2022-07-01,601288.XSHG,bank,0.03571428571,0.062499999992500006,0.026785714282500005,-0.07951070336391441,-0.00983606557377048,momentum_subsleeve,True,False,False
internal_subsleeve_mom12_70_30,v57f_pool_internal_subsleeve,2022-07-01,601398.XSHG,bank,0.03571428571,0.024999999997,-0.010714285713000003,-0.10058027079303666,0.01273885350318471,middle,True,False,False
internal_subsleeve_mom12_70_30,v57f_pool_internal_subsleeve,2022-07-01,600033.XSHG,highway_infrastructure,0.03571428571,0.024999999997,-0.010714285713000003,0.09363295880149813,-0.028070175438596467,middle,True,False,False
internal_subsleeve_mom12_70_30,v57f_pool_internal_subsleeve,2022-07-01,601825.XSHG,bank,0.03571428571,0.024999999997,-0.010714285713000003,nan,-0.021840873634945468,middle,True,False,False
internal_subsleeve_mom12_70_30,v57f_pool_internal_subsleeve,2022-07-01,600035.XSHG,highway_infrastructure,0.03571428571,0.057142857136,0.021428571426,0.24041811846689898,-0.006079027355623157,momentum_subsleeve,True,False,False
internal_subsleeve_mom12_70_30,v57f_pool_internal_subsleeve,2022-07-01,601988.XSHG,bank,0.03571428571,0.062499999992500006,0.026785714282500005,0.032362459546925626,0.012422360248447006,momentum_subsleeve,True,False,False
internal_subsleeve_mom12_70_30,v57f_pool_internal_subsleeve,2022-07-01,601939.XSHG,bank,0.03571428571,0.024999999997,-0.010714285713000003,-0.1116071428571429,-0.021001615508885463,middle,True,False,False
internal_subsleeve_mom12_70_30,v57f_pool_internal_subsleeve,2022-07-01,601298.XSHG,port_rail_infrastructure,0.03571428571,0.024999999997,-0.010714285713000003,-0.06946688206785145,-0.009057971014492683,middle,True,False,False
internal_subsleeve_mom12_70_30,v57f_pool_internal_subsleeve,2022-07-01,601000.XSHG,port_rail_infrastructure,0.03571428571,0.049999999994000004,0.014285714284000002,0.14166666666666683,-0.10726643598615915,momentum_subsleeve,True,False,False
internal_subsleeve_mom12_70_30,v57f_pool_internal_subsleeve,2022-07-01,601006.XSHG,port_rail_infrastructure,0.03571428571,0.024999999997,-0.010714285713000003,0.022935779816513735,-0.028023598820059004,middle,True,False,False
internal_subsleeve_mom12_70_30,v57f_pool_internal_subsleeve,2022-07-01,601169.XSHG,bank,0.03571428571,0.024999999997,-0.010714285713000003,-0.09591836734693893,0.006651884700665134,middle,True,False,False
internal_subsleeve_mom12_70_30,v57f_pool_internal_subsleeve,2022-07-01,601018.XSHG,port_rail_infrastructure,0.03571428571,0.024999999997,-0.010714285713000003,0.02244389027431426,-0.005102040816326481,middle,True,False,False
internal_subsleeve_mom12_70_30,v57f_pool_internal_subsleeve,2022-07-01,001872.XSHE,port_rail_infrastructure,0.03571428571,0.024999999997,-0.010714285713000003,-0.020214782059380987,-0.004467134652201721,middle,True,False,False
internal_subsleeve_mom12_70_30,v57f_pool_internal_subsleeve,2022-07-01,000429.XSHE,highway_infrastructure,0.03571428571,0.024999999997,-0.010714285713000003,0.12214765100671121,0.04139715394566634,middle,True,False,False
internal_subsleeve_mom12_70_30,v57f_pool_internal_subsleeve,2022-07-01,600350.XSHG,highway_infrastructure,0.03571428571,0.024999999997,-0.010714285713000003,-0.05288461538461542,-0.013157894736842146,middle,True,False,False
internal_subsleeve_mom12_70_30,v57f_pool_internal_subsleeve,2022-07-01,600012.XSHG,highway_infrastructure,0.03571428571,0.024999999997,-0.010714285713000003,0.1578947368421053,-0.03488372093023262,middle,True,False,False
internal_subsleeve_mom12_70_30,v57f_pool_internal_subsleeve,2022-07-01,000755.XSHE,highway_infrastructure,0.03571428571,0.057142857136,0.021428571426,0.2375366568914954,-0.06696428571428592,momentum_subsleeve,True,False,False
dual_sleeve_mom12_80_20,dual_sleeve_allocation,2022-07-01,000883.XSHE,utilities_electricity,0.03571428571,0.028571428568000004,-0.0071428571419999976,0.020361990950226172,0.16666666666666674,value_sleeve_only,False,False,False
dual_sleeve_mom12_80_20,dual_sleeve_allocation,2022-07-01,002608.XSHE,utilities_electricity,0.03571428571,0.028571428568000004,-0.0071428571419999976,-0.06853582554517124,0.13835376532399302,value_sleeve_only,False,False,False
dual_sleeve_mom12_80_20,dual_sleeve_allocation,2022-07-01,600017.XSHG,port_rail_infrastructure,0.03571428571,0.053571428568000005,0.017857142858000004,0.16917293233082686,0.08185053380782925,momentum_sleeve,False,False,False
dual_sleeve_mom12_80_20,dual_sleeve_allocation,2022-07-01,600795.XSHG,utilities_electricity,0.03571428571,0.053571428568000005,0.017857142858000004,0.42682926829268286,0.557768924302789,momentum_sleeve,False,False,False
dual_sleeve_mom12_80_20,dual_sleeve_allocation,2022-07-01,601985.XSHG,utilities_electricity,0.03571428571,0.053571428568000005,0.017857142858000004,0.4243027888446218,-0.14249999999999996,momentum_sleeve,False,False,False
dual_sleeve_mom12_80_20,dual_sleeve_allocation,2022-07-01,003816.XSHE,utilities_electricity,0.03571428571,0.028571428568000004,-0.0071428571419999976,0.040740740740740744,0.021897810218977964,value_sleeve_only,False,False,False
dual_sleeve_mom12_80_20,dual_sleeve_allocation,2022-07-01,601991.XSHG,utilities_electricity,0.03571428571,0.028571428568000004,-0.0071428571419999976,-0.015686274509803977,0.01673640167364021,value_sleeve_only,False,False,False
dual_sleeve_mom12_80_20,dual_sleeve_allocation,2022-07-01,600886.XSHG,utilities_electricity,0.03571428571,0.028571428568000004,-0.0071428571419999976,0.06784968684759929,0.1278195488721805,value_sleeve_only,False,False,False
dual_sleeve_mom12_80_20,dual_sleeve_allocation,2022-07-01,601077.XSHG,bank,0.03571428571,0.028571428568000004,-0.0071428571419999976,-0.09601873536299754,-0.05128205128205121,value_sleeve_only,False,False,False
dual_sleeve_mom12_80_20,dual_sleeve_allocation,2022-07-01,601326.XSHG,port_rail_infrastructure,0.03571428571,0.028571428568000004,-0.0071428571419999976,0.09328358208955234,0.029090909090909056,value_sleeve_only,False,False,False
dual_sleeve_mom12_80_20,dual_sleeve_allocation,2022-07-01,601288.XSHG,bank,0.03571428571,0.028571428568000004,-0.0071428571419999976,-0.07951070336391441,-0.00983606557377048,value_sleeve_only,False,False,False
dual_sleeve_mom12_80_20,dual_sleeve_allocation,2022-07-01,601398.XSHG,bank,0.03571428571,0.028571428568000004,-0.0071428571419999976,-0.10058027079303666,0.01273885350318471,value_sleeve_only,False,False,False
dual_sleeve_mom12_80_20,dual_sleeve_allocation,2022-07-01,600033.XSHG,highway_infrastructure,0.03571428571,0.028571428568000004,-0.0071428571419999976,0.09363295880149813,-0.028070175438596467,value_sleeve_only,False,False,False
dual_sleeve_mom12_80_20,dual_sleeve_allocation,2022-07-01,601825.XSHG,bank,0.03571428571,0.028571428568000004,-0.0071428571419999976,nan,-0.021840873634945468,value_sleeve_only,False,False,False
dual_sleeve_mom12_80_20,dual_sleeve_allocation,2022-07-01,600035.XSHG,highway_infrastructure,0.03571428571,0.053571428568000005,0.017857142858000004,0.24041811846689898,-0.006079027355623157,momentum_sleeve,False,False,False
dual_sleeve_mom12_80_20,dual_sleeve_allocation,2022-07-01,601988.XSHG,bank,0.03571428571,0.028571428568000004,-0.0071428571419999976,0.032362459546925626,0.012422360248447006,value_sleeve_only,False,False,False
dual_sleeve_mom12_80_20,dual_sleeve_allocation,2022-07-01,601939.XSHG,bank,0.03571428571,0.028571428568000004,-0.0071428571419999976,-0.1116071428571429,-0.021001615508885463,value_sleeve_only,False,False,False
dual_sleeve_mom12_80_20,dual_sleeve_allocation,2022-07-01,601298.XSHG,port_rail_infrastructure,0.03571428571,0.028571428568000004,-0.0071428571419999976,-0.06946688206785145,-0.009057971014492683,value_sleeve_only,False,False,False
dual_sleeve_mom12_80_20,dual_sleeve_allocation,2022-07-01,601000.XSHG,port_rail_infrastructure,0.03571428571,0.053571428568000005,0.017857142858000004,0.14166666666666683,-0.10726643598615915,momentum_sleeve,False,False,False
dual_sleeve_mom12_80_20,dual_sleeve_allocation,2022-07-01,601006.XSHG,port_rail_infrastructure,0.03571428571,0.028571428568000004,-0.0071428571419999976,0.022935779816513735,-0.028023598820059004,value_sleeve_only,False,False,False
dual_sleeve_mom12_80_20,dual_sleeve_allocation,2022-07-01,601169.XSHG,bank,0.03571428571,0.028571428568000004,-0.0071428571419999976,-0.09591836734693893,0.006651884700665134,value_sleeve_only,False,False,False
dual_sleeve_mom12_80_20,dual_sleeve_allocation,2022-07-01,601018.XSHG,port_rail_infrastructure,0.03571428571,0.028571428568000004,-0.0071428571419999976,0.02244389027431426,-0.005102040816326481,value_sleeve_only,False,False,False
dual_sleeve_mom12_80_20,dual_sleeve_allocation,2022-07-01,001872.XSHE,port_rail_infrastructure,0.03571428571,0.028571428568000004,-0.0071428571419999976,-0.020214782059380987,-0.004467134652201721,value_sleeve_only,False,False,False
dual_sleeve_mom12_80_20,dual_sleeve_allocation,2022-07-01,000429.XSHE,highway_infrastructure,0.03571428571,0.053571428568000005,0.017857142858000004,0.12214765100671121,0.04139715394566634,momentum_sleeve,False,False,False
dual_sleeve_mom12_80_20,dual_sleeve_allocation,2022-07-01,600350.XSHG,highway_infrastructure,0.03571428571,0.028571428568000004,-0.0071428571419999976,-0.05288461538461542,-0.013157894736842146,value_sleeve_only,False,False,False
dual_sleeve_mom12_80_20,dual_sleeve_allocation,2022-07-01,600012.XSHG,highway_infrastructure,0.03571428571,0.053571428568000005,0.017857142858000004,0.1578947368421053,-0.03488372093023262,momentum_sleeve,False,False,False
dual_sleeve_mom12_80_20,dual_sleeve_allocation,2022-07-01,000755.XSHE,highway_infrastructure,0.03571428571,0.053571428568000005,0.017857142858000004,0.2375366568914954,-0.06696428571428592,momentum_sleeve,False,False,False
dual_sleeve_mom12_60_40,dual_sleeve_allocation,2022-07-01,000883.XSHE,utilities_electricity,0.03571428571,0.021428571426,-0.014285714284000002,0.020361990950226172,0.16666666666666674,value_sleeve_only,False,False,False
dual_sleeve_mom12_60_40,dual_sleeve_allocation,2022-07-01,002608.XSHE,utilities_electricity,0.03571428571,0.021428571426,-0.014285714284000002,-0.06853582554517124,0.13835376532399302,value_sleeve_only,False,False,False
dual_sleeve_mom12_60_40,dual_sleeve_allocation,2022-07-01,600017.XSHG,port_rail_infrastructure,0.03571428571,0.07142857142600001,0.03571428571600001,0.16917293233082686,0.08185053380782925,momentum_sleeve,False,False,False
dual_sleeve_mom12_60_40,dual_sleeve_allocation,2022-07-01,600795.XSHG,utilities_electricity,0.03571428571,0.07142857142600001,0.03571428571600001,0.42682926829268286,0.557768924302789,momentum_sleeve,False,False,False
dual_sleeve_mom12_60_40,dual_sleeve_allocation,2022-07-01,601985.XSHG,utilities_electricity,0.03571428571,0.07142857142600001,0.03571428571600001,0.4243027888446218,-0.14249999999999996,momentum_sleeve,False,False,False
dual_sleeve_mom12_60_40,dual_sleeve_allocation,2022-07-01,003816.XSHE,utilities_electricity,0.03571428571,0.021428571426,-0.014285714284000002,0.040740740740740744,0.021897810218977964,value_sleeve_only,False,False,False
dual_sleeve_mom12_60_40,dual_sleeve_allocation,2022-07-01,601991.XSHG,utilities_electricity,0.03571428571,0.021428571426,-0.014285714284000002,-0.015686274509803977,0.01673640167364021,value_sleeve_only,False,False,False
dual_sleeve_mom12_60_40,dual_sleeve_allocation,2022-07-01,600886.XSHG,utilities_electricity,0.03571428571,0.021428571426,-0.014285714284000002,0.06784968684759929,0.1278195488721805,value_sleeve_only,False,False,False
dual_sleeve_mom12_60_40,dual_sleeve_allocation,2022-07-01,601077.XSHG,bank,0.03571428571,0.021428571426,-0.014285714284000002,-0.09601873536299754,-0.05128205128205121,value_sleeve_only,False,False,False
dual_sleeve_mom12_60_40,dual_sleeve_allocation,2022-07-01,601326.XSHG,port_rail_infrastructure,0.03571428571,0.021428571426,-0.014285714284000002,0.09328358208955234,0.029090909090909056,value_sleeve_only,False,False,False
dual_sleeve_mom12_60_40,dual_sleeve_allocation,2022-07-01,601288.XSHG,bank,0.03571428571,0.021428571426,-0.014285714284000002,-0.07951070336391441,-0.00983606557377048,value_sleeve_only,False,False,False
dual_sleeve_mom12_60_40,dual_sleeve_allocation,2022-07-01,601398.XSHG,bank,0.03571428571,0.021428571426,-0.014285714284000002,-0.10058027079303666,0.01273885350318471,value_sleeve_only,False,False,False
dual_sleeve_mom12_60_40,dual_sleeve_allocation,2022-07-01,600033.XSHG,highway_infrastructure,0.03571428571,0.021428571426,-0.014285714284000002,0.09363295880149813,-0.028070175438596467,value_sleeve_only,False,False,False
dual_sleeve_mom12_60_40,dual_sleeve_allocation,2022-07-01,601825.XSHG,bank,0.03571428571,0.021428571426,-0.014285714284000002,nan,-0.021840873634945468,value_sleeve_only,False,False,False
dual_sleeve_mom12_60_40,dual_sleeve_allocation,2022-07-01,600035.XSHG,highway_infrastructure,0.03571428571,0.07142857142600001,0.03571428571600001,0.24041811846689898,-0.006079027355623157,momentum_sleeve,False,False,False
dual_sleeve_mom12_60_40,dual_sleeve_allocation,2022-07-01,601988.XSHG,bank,0.03571428571,0.021428571426,-0.014285714284000002,0.032362459546925626,0.012422360248447006,value_sleeve_only,False,False,False
dual_sleeve_mom12_60_40,dual_sleeve_allocation,2022-07-01,601939.XSHG,bank,0.03571428571,0.021428571426,-0.014285714284000002,-0.1116071428571429,-0.021001615508885463,value_sleeve_only,False,False,False
dual_sleeve_mom12_60_40,dual_sleeve_allocation,2022-07-01,601298.XSHG,port_rail_infrastructure,0.03571428571,0.021428571426,-0.014285714284000002,-0.06946688206785145,-0.009057971014492683,value_sleeve_only,False,False,False
dual_sleeve_mom12_60_40,dual_sleeve_allocation,2022-07-01,601000.XSHG,port_rail_infrastructure,0.03571428571,0.07142857142600001,0.03571428571600001,0.14166666666666683,-0.10726643598615915,momentum_sleeve,False,False,False
dual_sleeve_mom12_60_40,dual_sleeve_allocation,2022-07-01,601006.XSHG,port_rail_infrastructure,0.03571428571,0.021428571426,-0.014285714284000002,0.022935779816513735,-0.028023598820059004,value_sleeve_only,False,False,False
dual_sleeve_mom12_60_40,dual_sleeve_allocation,2022-07-01,601169.XSHG,bank,0.03571428571,0.021428571426,-0.014285714284000002,-0.09591836734693893,0.006651884700665134,value_sleeve_only,False,False,False
dual_sleeve_mom12_60_40,dual_sleeve_allocation,2022-07-01,601018.XSHG,port_rail_infrastructure,0.03571428571,0.021428571426,-0.014285714284000002,0.02244389027431426,-0.005102040816326481,value_sleeve_only,False,False,False
dual_sleeve_mom12_60_40,dual_sleeve_allocation,2022-07-01,001872.XSHE,port_rail_infrastructure,0.03571428571,0.021428571426,-0.014285714284000002,-0.020214782059380987,-0.004467134652201721,value_sleeve_only,False,False,False
dual_sleeve_mom12_60_40,dual_sleeve_allocation,2022-07-01,000429.XSHE,highway_infrastructure,0.03571428571,0.07142857142600001,0.03571428571600001,0.12214765100671121,0.04139715394566634,momentum_sleeve,False,False,False
dual_sleeve_mom12_60_40,dual_sleeve_allocation,2022-07-01,600350.XSHG,highway_infrastructure,0.03571428571,0.021428571426,-0.014285714284000002,-0.05288461538461542,-0.013157894736842146,value_sleeve_only,False,False,False
dual_sleeve_mom12_60_40,dual_sleeve_allocation,2022-07-01,600012.XSHG,highway_infrastructure,0.03571428571,0.07142857142600001,0.03571428571600001,0.1578947368421053,-0.03488372093023262,momentum_sleeve,False,False,False
dual_sleeve_mom12_60_40,dual_sleeve_allocation,2022-07-01,000755.XSHE,highway_infrastructure,0.03571428571,0.07142857142600001,0.03571428571600001,0.2375366568914954,-0.06696428571428592,momentum_sleeve,False,False,False
state_routed_mom12_70_30_or_100_0,state_routed_budget,2022-07-01,000883.XSHE,utilities_electricity,0.03571428571,0.024999999997,-0.010714285713000003,0.020361990950226172,0.16666666666666674,value_sleeve_only,False,False,False
state_routed_mom12_70_30_or_100_0,state_routed_budget,2022-07-01,002608.XSHE,utilities_electricity,0.03571428571,0.024999999997,-0.010714285713000003,-0.06853582554517124,0.13835376532399302,value_sleeve_only,False,False,False
state_routed_mom12_70_30_or_100_0,state_routed_budget,2022-07-01,600017.XSHG,port_rail_infrastructure,0.03571428571,0.062499999997,0.026785714286999995,0.16917293233082686,0.08185053380782925,momentum_sleeve,False,False,False
state_routed_mom12_70_30_or_100_0,state_routed_budget,2022-07-01,600795.XSHG,utilities_electricity,0.03571428571,0.062499999997,0.026785714286999995,0.42682926829268286,0.557768924302789,momentum_sleeve,False,False,False
state_routed_mom12_70_30_or_100_0,state_routed_budget,2022-07-01,601985.XSHG,utilities_electricity,0.03571428571,0.062499999997,0.026785714286999995,0.4243027888446218,-0.14249999999999996,momentum_sleeve,False,False,False
state_routed_mom12_70_30_or_100_0,state_routed_budget,2022-07-01,003816.XSHE,utilities_electricity,0.03571428571,0.024999999997,-0.010714285713000003,0.040740740740740744,0.021897810218977964,value_sleeve_only,False,False,False
state_routed_mom12_70_30_or_100_0,state_routed_budget,2022-07-01,601991.XSHG,utilities_electricity,0.03571428571,0.024999999997,-0.010714285713000003,-0.015686274509803977,0.01673640167364021,value_sleeve_only,False,False,False
state_routed_mom12_70_30_or_100_0,state_routed_budget,2022-07-01,600886.XSHG,utilities_electricity,0.03571428571,0.024999999997,-0.010714285713000003,0.06784968684759929,0.1278195488721805,value_sleeve_only,False,False,False
state_routed_mom12_70_30_or_100_0,state_routed_budget,2022-07-01,601077.XSHG,bank,0.03571428571,0.024999999997,-0.010714285713000003,-0.09601873536299754,-0.05128205128205121,value_sleeve_only,False,False,False
state_routed_mom12_70_30_or_100_0,state_routed_budget,2022-07-01,601326.XSHG,port_rail_infrastructure,0.03571428571,0.024999999997,-0.010714285713000003,0.09328358208955234,0.029090909090909056,value_sleeve_only,False,False,False
state_routed_mom12_70_30_or_100_0,state_routed_budget,2022-07-01,601288.XSHG,bank,0.03571428571,0.024999999997,-0.010714285713000003,-0.07951070336391441,-0.00983606557377048,value_sleeve_only,False,False,False
state_routed_mom12_70_30_or_100_0,state_routed_budget,2022-07-01,601398.XSHG,bank,0.03571428571,0.024999999997,-0.010714285713000003,-0.10058027079303666,0.01273885350318471,value_sleeve_only,False,False,False
state_routed_mom12_70_30_or_100_0,state_routed_budget,2022-07-01,600033.XSHG,highway_infrastructure,0.03571428571,0.024999999997,-0.010714285713000003,0.09363295880149813,-0.028070175438596467,value_sleeve_only,False,False,False
state_routed_mom12_70_30_or_100_0,state_routed_budget,2022-07-01,601825.XSHG,bank,0.03571428571,0.024999999997,-0.010714285713000003,nan,-0.021840873634945468,value_sleeve_only,False,False,False
state_routed_mom12_70_30_or_100_0,state_routed_budget,2022-07-01,600035.XSHG,highway_infrastructure,0.03571428571,0.062499999997,0.026785714286999995,0.24041811846689898,-0.006079027355623157,momentum_sleeve,False,False,False
state_routed_mom12_70_30_or_100_0,state_routed_budget,2022-07-01,601988.XSHG,bank,0.03571428571,0.024999999997,-0.010714285713000003,0.032362459546925626,0.012422360248447006,value_sleeve_only,False,False,False
state_routed_mom12_70_30_or_100_0,state_routed_budget,2022-07-01,601939.XSHG,bank,0.03571428571,0.024999999997,-0.010714285713000003,-0.1116071428571429,-0.021001615508885463,value_sleeve_only,False,False,False
state_routed_mom12_70_30_or_100_0,state_routed_budget,2022-07-01,601298.XSHG,port_rail_infrastructure,0.03571428571,0.024999999997,-0.010714285713000003,-0.06946688206785145,-0.009057971014492683,value_sleeve_only,False,False,False
state_routed_mom12_70_30_or_100_0,state_routed_budget,2022-07-01,601000.XSHG,port_rail_infrastructure,0.03571428571,0.062499999997,0.026785714286999995,0.14166666666666683,-0.10726643598615915,momentum_sleeve,False,False,False
state_routed_mom12_70_30_or_100_0,state_routed_budget,2022-07-01,601006.XSHG,port_rail_infrastructure,0.03571428571,0.024999999997,-0.010714285713000003,0.022935779816513735,-0.028023598820059004,value_sleeve_only,False,False,False
state_routed_mom12_70_30_or_100_0,state_routed_budget,2022-07-01,601169.XSHG,bank,0.03571428571,0.024999999997,-0.010714285713000003,-0.09591836734693893,0.006651884700665134,value_sleeve_only,False,False,False
state_routed_mom12_70_30_or_100_0,state_routed_budget,2022-07-01,601018.XSHG,port_rail_infrastructure,0.03571428571,0.024999999997,-0.010714285713000003,0.02244389027431426,-0.005102040816326481,value_sleeve_only,False,False,False
state_routed_mom12_70_30_or_100_0,state_routed_budget,2022-07-01,001872.XSHE,port_rail_infrastructure,0.03571428571,0.024999999997,-0.010714285713000003,-0.020214782059380987,-0.004467134652201721,value_sleeve_only,False,False,False
state_routed_mom12_70_30_or_100_0,state_routed_budget,2022-07-01,000429.XSHE,highway_infrastructure,0.03571428571,0.062499999997,0.026785714286999995,0.12214765100671121,0.04139715394566634,momentum_sleeve,False,False,False
state_routed_mom12_70_30_or_100_0,state_routed_budget,2022-07-01,600350.XSHG,highway_infrastructure,0.03571428571,0.024999999997,-0.010714285713000003,-0.05288461538461542,-0.013157894736842146,value_sleeve_only,False,False,False
state_routed_mom12_70_30_or_100_0,state_routed_budget,2022-07-01,600012.XSHG,highway_infrastructure,0.03571428571,0.062499999997,0.026785714286999995,0.1578947368421053,-0.03488372093023262,momentum_sleeve,False,False,False
state_routed_mom12_70_30_or_100_0,state_routed_budget,2022-07-01,000755.XSHE,highway_infrastructure,0.03571428571,0.062499999997,0.026785714286999995,0.2375366568914954,-0.06696428571428592,momentum_sleeve,False,False,False
admission_suppression_mom12_bottom_cap75,admission_suppression,2022-07-01,000883.XSHE,utilities_electricity,0.03571428571,0.039285714281,0.0035714285709999988,0.020361990950226172,0.16666666666666674,middle_or_top,True,False,False
admission_suppression_mom12_bottom_cap75,admission_suppression,2022-07-01,002608.XSHE,utilities_electricity,0.03571428571,0.0267857142825,-0.0089285714275,-0.06853582554517124,0.13835376532399302,suppressed_bottom_momentum,True,False,False
admission_suppression_mom12_bottom_cap75,admission_suppression,2022-07-01,600017.XSHG,port_rail_infrastructure,0.03571428571,0.039285714281,0.0035714285709999988,0.16917293233082686,0.08185053380782925,middle_or_top,True,False,False
admission_suppression_mom12_bottom_cap75,admission_suppression,2022-07-01,600795.XSHG,utilities_electricity,0.03571428571,0.039285714281,0.0035714285709999988,0.42682926829268286,0.557768924302789,middle_or_top,True,False,False
admission_suppression_mom12_bottom_cap75,admission_suppression,2022-07-01,601985.XSHG,utilities_electricity,0.03571428571,0.039285714281,0.0035714285709999988,0.4243027888446218,-0.14249999999999996,middle_or_top,True,False,False
admission_suppression_mom12_bottom_cap75,admission_suppression,2022-07-01,003816.XSHE,utilities_electricity,0.03571428571,0.039285714281,0.0035714285709999988,0.040740740740740744,0.021897810218977964,middle_or_top,True,False,False
admission_suppression_mom12_bottom_cap75,admission_suppression,2022-07-01,601991.XSHG,utilities_electricity,0.03571428571,0.0267857142825,-0.0089285714275,-0.015686274509803977,0.01673640167364021,suppressed_bottom_momentum,True,False,False
admission_suppression_mom12_bottom_cap75,admission_suppression,2022-07-01,600886.XSHG,utilities_electricity,0.03571428571,0.039285714281,0.0035714285709999988,0.06784968684759929,0.1278195488721805,middle_or_top,True,False,False
admission_suppression_mom12_bottom_cap75,admission_suppression,2022-07-01,601077.XSHG,bank,0.03571428571,0.039285714281,0.0035714285709999988,-0.09601873536299754,-0.05128205128205121,middle_or_top,True,False,False
admission_suppression_mom12_bottom_cap75,admission_suppression,2022-07-01,601326.XSHG,port_rail_infrastructure,0.03571428571,0.039285714281,0.0035714285709999988,0.09328358208955234,0.029090909090909056,middle_or_top,True,False,False
admission_suppression_mom12_bottom_cap75,admission_suppression,2022-07-01,601288.XSHG,bank,0.03571428571,0.039285714281,0.0035714285709999988,-0.07951070336391441,-0.00983606557377048,middle_or_top,True,False,False
admission_suppression_mom12_bottom_cap75,admission_suppression,2022-07-01,601398.XSHG,bank,0.03571428571,0.0267857142825,-0.0089285714275,-0.10058027079303666,0.01273885350318471,suppressed_bottom_momentum,True,False,False
admission_suppression_mom12_bottom_cap75,admission_suppression,2022-07-01,600033.XSHG,highway_infrastructure,0.03571428571,0.0267857142825,-0.0089285714275,0.09363295880149813,-0.028070175438596467,suppressed_bottom_momentum,True,False,False
admission_suppression_mom12_bottom_cap75,admission_suppression,2022-07-01,601825.XSHG,bank,0.03571428571,0.039285714281,0.0035714285709999988,nan,-0.021840873634945468,middle_or_top,True,False,False
admission_suppression_mom12_bottom_cap75,admission_suppression,2022-07-01,600035.XSHG,highway_infrastructure,0.03571428571,0.040178571423750004,0.004464285713750002,0.24041811846689898,-0.006079027355623157,middle_or_top,True,False,False
admission_suppression_mom12_bottom_cap75,admission_suppression,2022-07-01,601988.XSHG,bank,0.03571428571,0.039285714281,0.0035714285709999988,0.032362459546925626,0.012422360248447006,middle_or_top,True,False,False
admission_suppression_mom12_bottom_cap75,admission_suppression,2022-07-01,601939.XSHG,bank,0.03571428571,0.0267857142825,-0.0089285714275,-0.1116071428571429,-0.021001615508885463,suppressed_bottom_momentum,True,False,False
admission_suppression_mom12_bottom_cap75,admission_suppression,2022-07-01,601298.XSHG,port_rail_infrastructure,0.03571428571,0.0267857142825,-0.0089285714275,-0.06946688206785145,-0.009057971014492683,suppressed_bottom_momentum,True,False,False
admission_suppression_mom12_bottom_cap75,admission_suppression,2022-07-01,601000.XSHG,port_rail_infrastructure,0.03571428571,0.039285714281,0.0035714285709999988,0.14166666666666683,-0.10726643598615915,middle_or_top,True,False,False
admission_suppression_mom12_bottom_cap75,admission_suppression,2022-07-01,601006.XSHG,port_rail_infrastructure,0.03571428571,0.039285714281,0.0035714285709999988,0.022935779816513735,-0.028023598820059004,middle_or_top,True,False,False
admission_suppression_mom12_bottom_cap75,admission_suppression,2022-07-01,601169.XSHG,bank,0.03571428571,0.039285714281,0.0035714285709999988,-0.09591836734693893,0.006651884700665134,middle_or_top,True,False,False
admission_suppression_mom12_bottom_cap75,admission_suppression,2022-07-01,601018.XSHG,port_rail_infrastructure,0.03571428571,0.039285714281,0.0035714285709999988,0.02244389027431426,-0.005102040816326481,middle_or_top,True,False,False
admission_suppression_mom12_bottom_cap75,admission_suppression,2022-07-01,001872.XSHE,port_rail_infrastructure,0.03571428571,0.0267857142825,-0.0089285714275,-0.020214782059380987,-0.004467134652201721,suppressed_bottom_momentum,True,False,False
admission_suppression_mom12_bottom_cap75,admission_suppression,2022-07-01,000429.XSHE,highway_infrastructure,0.03571428571,0.040178571423750004,0.004464285713750002,0.12214765100671121,0.04139715394566634,middle_or_top,True,False,False
admission_suppression_mom12_bottom_cap75,admission_suppression,2022-07-01,600350.XSHG,highway_infrastructure,0.03571428571,0.0267857142825,-0.0089285714275,-0.05288461538461542,-0.013157894736842146,suppressed_bottom_momentum,True,False,False
admission_suppression_mom12_bottom_cap75,admission_suppression,2022-07-01,600012.XSHG,highway_infrastructure,0.03571428571,0.040178571423750004,0.004464285713750002,0.1578947368421053,-0.03488372093023262,middle_or_top,True,False,False
admission_suppression_mom12_bottom_cap75,admission_suppression,2022-07-01,000755.XSHE,highway_infrastructure,0.03571428571,0.040178571423750004,0.004464285713750002,0.2375366568914954,-0.06696428571428592,middle_or_top,True,False,False
v57f_startup_preload_repaired_baseline,baseline,2022-10-10,600803.XSHG,utilities_electricity,0.03571428571,0.03571428571,0.0,-0.06404174573055021,0.022589531680440755,baseline,True,False,False
v57f_startup_preload_repaired_baseline,baseline,2022-10-10,600795.XSHG,utilities_electricity,0.03571428571,0.03571428571,0.0,0.5244755244755246,0.0,baseline,True,False,False
v57f_startup_preload_repaired_baseline,baseline,2022-10-10,600719.XSHG,utilities_electricity,0.03571428571,0.03571428571,0.0,0.2468193384223918,-0.09815950920245387,baseline,True,False,False
v57f_startup_preload_repaired_baseline,baseline,2022-10-10,600008.XSHG,utilities_electricity,0.03571428571,0.03571428571,0.0,-0.318734793187348,-0.09090909090909083,baseline,True,False,False
v57f_startup_preload_repaired_baseline,baseline,2022-10-10,000598.XSHE,utilities_electricity,0.03571428571,0.03571428571,0.0,-0.06989247311827951,-0.05152671755725202,baseline,True,False,False
v57f_startup_preload_repaired_baseline,baseline,2022-10-10,003816.XSHE,utilities_electricity,0.03571428571,0.03571428571,0.0,-0.06999999999999995,-0.06713780918727918,baseline,True,False,False
v57f_startup_preload_repaired_baseline,baseline,2022-10-10,000027.XSHE,utilities_electricity,0.03571428571,0.03571428571,0.0,-0.2777777777777778,-0.15512048192771077,baseline,True,False,False
v57f_startup_preload_repaired_baseline,baseline,2022-10-10,601077.XSHG,bank,0.03571428571,0.03571428571,0.0,-0.09319899244332497,-0.019230769230769273,baseline,True,False,False
v57f_startup_preload_repaired_baseline,baseline,2022-10-10,600717.XSHG,port_rail_infrastructure,0.03571428571,0.03571428571,0.0,-0.06561085972850678,0.0025062656641603454,baseline,True,False,False
v57f_startup_preload_repaired_baseline,baseline,2022-10-10,601825.XSHG,bank,0.03571428571,0.03571428571,0.0,-0.2787096774193548,-0.15311004784688997,baseline,True,False,False
v57f_startup_preload_repaired_baseline,baseline,2022-10-10,601398.XSHG,bank,0.03571428571,0.03571428571,0.0,-0.06837606837606824,-0.08613445378151263,baseline,True,False,False
v57f_startup_preload_repaired_baseline,baseline,2022-10-10,601288.XSHG,bank,0.03571428571,0.03571428571,0.0,-0.05033557046979864,-0.052980132450331174,baseline,True,False,False
v57f_startup_preload_repaired_baseline,baseline,2022-10-10,601939.XSHG,bank,0.03571428571,0.03571428571,0.0,-0.1029411764705882,-0.09359605911330049,baseline,True,False,False
v57f_startup_preload_repaired_baseline,baseline,2022-10-10,600350.XSHG,highway_infrastructure,0.03571428571,0.03571428571,0.0,-0.09075342465753433,0.042226487523992384,baseline,True,False,False
v57f_startup_preload_repaired_baseline,baseline,2022-10-10,601988.XSHG,bank,0.03571428571,0.03571428571,0.0,-0.0032679738562092497,-0.06079027355623101,baseline,True,False,False
v57f_startup_preload_repaired_baseline,baseline,2022-10-10,601298.XSHG,port_rail_infrastructure,0.03571428571,0.03571428571,0.0,-0.10269360269360273,0.007366482504604033,baseline,True,False,False
v57f_startup_preload_repaired_baseline,baseline,2022-10-10,600035.XSHG,highway_infrastructure,0.03571428571,0.03571428571,0.0,0.054878048780487854,0.0,baseline,True,False,False
v57f_startup_preload_repaired_baseline,baseline,2022-10-10,601006.XSHG,port_rail_infrastructure,0.03571428571,0.03571428571,0.0,0.04306220095693791,0.11716171617161719,baseline,True,False,False
v57f_startup_preload_repaired_baseline,baseline,2022-10-10,600017.XSHG,port_rail_infrastructure,0.03571428571,0.03571428571,0.0,0.08127208480565362,-0.129746835443038,baseline,True,False,False
v57f_startup_preload_repaired_baseline,baseline,2022-10-10,600033.XSHG,highway_infrastructure,0.03571428571,0.03571428571,0.0,0.03214285714285725,-0.003663003663003539,baseline,True,False,False
v57f_startup_preload_repaired_baseline,baseline,2022-10-10,601169.XSHG,bank,0.03571428571,0.03571428571,0.0,-0.06546275395033863,-0.08869179600886912,baseline,True,False,False
v57f_startup_preload_repaired_baseline,baseline,2022-10-10,601008.XSHG,port_rail_infrastructure,0.03571428571,0.03571428571,0.0,0.08816120906801017,-0.08920187793427226,baseline,True,False,False
v57f_startup_preload_repaired_baseline,baseline,2022-10-10,001872.XSHE,port_rail_infrastructure,0.03571428571,0.03571428571,0.0,-0.12975391498881428,-0.03754940711462451,baseline,True,False,False
v57f_startup_preload_repaired_baseline,baseline,2022-10-10,601326.XSHG,port_rail_infrastructure,0.03571428571,0.03571428571,0.0,-0.007042253521126751,-0.10135135135135132,baseline,True,False,False
v57f_startup_preload_repaired_baseline,baseline,2022-10-10,600012.XSHG,highway_infrastructure,0.03571428571,0.03571428571,0.0,-0.01741654571843254,-0.09004092769440653,baseline,True,False,False
v57f_startup_preload_repaired_baseline,baseline,2022-10-10,000429.XSHE,highway_infrastructure,0.03571428571,0.03571428571,0.0,-0.03430079155672816,0.004070556309362372,baseline,True,False,False
v57f_startup_preload_repaired_baseline,baseline,2022-10-10,000755.XSHE,highway_infrastructure,0.03571428571,0.03571428571,0.0,0.35012594458438295,0.04665314401622722,baseline,True,False,False
internal_subsleeve_mom12_80_20,v57f_pool_internal_subsleeve,2022-10-10,600803.XSHG,utilities_electricity,0.03571428571,0.04523809523266667,0.009523809522666668,-0.06404174573055021,0.022589531680440755,momentum_subsleeve,True,False,False
internal_subsleeve_mom12_80_20,v57f_pool_internal_subsleeve,2022-10-10,600795.XSHG,utilities_electricity,0.03571428571,0.04523809523266667,0.009523809522666668,0.5244755244755246,0.0,momentum_subsleeve,True,False,False
internal_subsleeve_mom12_80_20,v57f_pool_internal_subsleeve,2022-10-10,600719.XSHG,utilities_electricity,0.03571428571,0.04523809523266667,0.009523809522666668,0.2468193384223918,-0.09815950920245387,momentum_subsleeve,True,False,False
internal_subsleeve_mom12_80_20,v57f_pool_internal_subsleeve,2022-10-10,600008.XSHG,utilities_electricity,0.03571428571,0.028571428568000004,-0.0071428571419999976,-0.318734793187348,-0.09090909090909083,middle,True,False,False
internal_subsleeve_mom12_80_20,v57f_pool_internal_subsleeve,2022-10-10,000598.XSHE,utilities_electricity,0.03571428571,0.028571428568000004,-0.0071428571419999976,-0.06989247311827951,-0.05152671755725202,middle,True,False,False
internal_subsleeve_mom12_80_20,v57f_pool_internal_subsleeve,2022-10-10,003816.XSHE,utilities_electricity,0.03571428571,0.028571428568000004,-0.0071428571419999976,-0.06999999999999995,-0.06713780918727918,middle,True,False,False
internal_subsleeve_mom12_80_20,v57f_pool_internal_subsleeve,2022-10-10,000027.XSHE,utilities_electricity,0.03571428571,0.028571428568000004,-0.0071428571419999976,-0.2777777777777778,-0.15512048192771077,middle,True,False,False
internal_subsleeve_mom12_80_20,v57f_pool_internal_subsleeve,2022-10-10,601077.XSHG,bank,0.03571428571,0.028571428568000004,-0.0071428571419999976,-0.09319899244332497,-0.019230769230769273,middle,True,False,False
internal_subsleeve_mom12_80_20,v57f_pool_internal_subsleeve,2022-10-10,600717.XSHG,port_rail_infrastructure,0.03571428571,0.028571428568000004,-0.0071428571419999976,-0.06561085972850678,0.0025062656641603454,middle,True,False,False
internal_subsleeve_mom12_80_20,v57f_pool_internal_subsleeve,2022-10-10,601825.XSHG,bank,0.03571428571,0.028571428568000004,-0.0071428571419999976,-0.2787096774193548,-0.15311004784688997,middle,True,False,False
internal_subsleeve_mom12_80_20,v57f_pool_internal_subsleeve,2022-10-10,601398.XSHG,bank,0.03571428571,0.028571428568000004,-0.0071428571419999976,-0.06837606837606824,-0.08613445378151263,middle,True,False,False
internal_subsleeve_mom12_80_20,v57f_pool_internal_subsleeve,2022-10-10,601288.XSHG,bank,0.03571428571,0.04523809523266667,0.009523809522666668,-0.05033557046979864,-0.052980132450331174,momentum_subsleeve,True,False,False
internal_subsleeve_mom12_80_20,v57f_pool_internal_subsleeve,2022-10-10,601939.XSHG,bank,0.03571428571,0.028571428568000004,-0.0071428571419999976,-0.1029411764705882,-0.09359605911330049,middle,True,False,False
internal_subsleeve_mom12_80_20,v57f_pool_internal_subsleeve,2022-10-10,600350.XSHG,highway_infrastructure,0.03571428571,0.028571428568000004,-0.0071428571419999976,-0.09075342465753433,0.042226487523992384,middle,True,False,False
internal_subsleeve_mom12_80_20,v57f_pool_internal_subsleeve,2022-10-10,601988.XSHG,bank,0.03571428571,0.04523809523266667,0.009523809522666668,-0.0032679738562092497,-0.06079027355623101,momentum_subsleeve,True,False,False
internal_subsleeve_mom12_80_20,v57f_pool_internal_subsleeve,2022-10-10,601298.XSHG,port_rail_infrastructure,0.03571428571,0.028571428568000004,-0.0071428571419999976,-0.10269360269360273,0.007366482504604033,middle,True,False,False
internal_subsleeve_mom12_80_20,v57f_pool_internal_subsleeve,2022-10-10,600035.XSHG,highway_infrastructure,0.03571428571,0.04999999999400001,0.014285714284000009,0.054878048780487854,0.0,momentum_subsleeve,True,False,False
internal_subsleeve_mom12_80_20,v57f_pool_internal_subsleeve,2022-10-10,601006.XSHG,port_rail_infrastructure,0.03571428571,0.04523809523266667,0.009523809522666668,0.04306220095693791,0.11716171617161719,momentum_subsleeve,True,False,False
internal_subsleeve_mom12_80_20,v57f_pool_internal_subsleeve,2022-10-10,600017.XSHG,port_rail_infrastructure,0.03571428571,0.04523809523266667,0.009523809522666668,0.08127208480565362,-0.129746835443038,momentum_subsleeve,True,False,False
internal_subsleeve_mom12_80_20,v57f_pool_internal_subsleeve,2022-10-10,600033.XSHG,highway_infrastructure,0.03571428571,0.028571428568000004,-0.0071428571419999976,0.03214285714285725,-0.003663003663003539,middle,True,False,False
internal_subsleeve_mom12_80_20,v57f_pool_internal_subsleeve,2022-10-10,601169.XSHG,bank,0.03571428571,0.04523809523266667,0.009523809522666668,-0.06546275395033863,-0.08869179600886912,momentum_subsleeve,True,False,False
internal_subsleeve_mom12_80_20,v57f_pool_internal_subsleeve,2022-10-10,601008.XSHG,port_rail_infrastructure,0.03571428571,0.04523809523266667,0.009523809522666668,0.08816120906801017,-0.08920187793427226,momentum_subsleeve,True,False,False
internal_subsleeve_mom12_80_20,v57f_pool_internal_subsleeve,2022-10-10,001872.XSHE,port_rail_infrastructure,0.03571428571,0.028571428568000004,-0.0071428571419999976,-0.12975391498881428,-0.03754940711462451,middle,True,False,False
internal_subsleeve_mom12_80_20,v57f_pool_internal_subsleeve,2022-10-10,601326.XSHG,port_rail_infrastructure,0.03571428571,0.028571428568000004,-0.0071428571419999976,-0.007042253521126751,-0.10135135135135132,middle,True,False,False
internal_subsleeve_mom12_80_20,v57f_pool_internal_subsleeve,2022-10-10,600012.XSHG,highway_infrastructure,0.03571428571,0.028571428568000004,-0.0071428571419999976,-0.01741654571843254,-0.09004092769440653,middle,True,False,False
internal_subsleeve_mom12_80_20,v57f_pool_internal_subsleeve,2022-10-10,000429.XSHE,highway_infrastructure,0.03571428571,0.028571428568000004,-0.0071428571419999976,-0.03430079155672816,0.004070556309362372,middle,True,False,False
internal_subsleeve_mom12_80_20,v57f_pool_internal_subsleeve,2022-10-10,000755.XSHE,highway_infrastructure,0.03571428571,0.04999999999400001,0.014285714284000009,0.35012594458438295,0.04665314401622722,momentum_subsleeve,True,False,False
internal_subsleeve_mom12_70_30,v57f_pool_internal_subsleeve,2022-10-10,600803.XSHG,utilities_electricity,0.03571428571,0.049999999994000004,0.014285714284000002,-0.06404174573055021,0.022589531680440755,momentum_subsleeve,True,False,False
internal_subsleeve_mom12_70_30,v57f_pool_internal_subsleeve,2022-10-10,600795.XSHG,utilities_electricity,0.03571428571,0.049999999994000004,0.014285714284000002,0.5244755244755246,0.0,momentum_subsleeve,True,False,False
internal_subsleeve_mom12_70_30,v57f_pool_internal_subsleeve,2022-10-10,600719.XSHG,utilities_electricity,0.03571428571,0.049999999994000004,0.014285714284000002,0.2468193384223918,-0.09815950920245387,momentum_subsleeve,True,False,False
internal_subsleeve_mom12_70_30,v57f_pool_internal_subsleeve,2022-10-10,600008.XSHG,utilities_electricity,0.03571428571,0.024999999997,-0.010714285713000003,-0.318734793187348,-0.09090909090909083,middle,True,False,False
internal_subsleeve_mom12_70_30,v57f_pool_internal_subsleeve,2022-10-10,000598.XSHE,utilities_electricity,0.03571428571,0.024999999997,-0.010714285713000003,-0.06989247311827951,-0.05152671755725202,middle,True,False,False
internal_subsleeve_mom12_70_30,v57f_pool_internal_subsleeve,2022-10-10,003816.XSHE,utilities_electricity,0.03571428571,0.024999999997,-0.010714285713000003,-0.06999999999999995,-0.06713780918727918,middle,True,False,False
internal_subsleeve_mom12_70_30,v57f_pool_internal_subsleeve,2022-10-10,000027.XSHE,utilities_electricity,0.03571428571,0.024999999997,-0.010714285713000003,-0.2777777777777778,-0.15512048192771077,middle,True,False,False
internal_subsleeve_mom12_70_30,v57f_pool_internal_subsleeve,2022-10-10,601077.XSHG,bank,0.03571428571,0.024999999997,-0.010714285713000003,-0.09319899244332497,-0.019230769230769273,middle,True,False,False
internal_subsleeve_mom12_70_30,v57f_pool_internal_subsleeve,2022-10-10,600717.XSHG,port_rail_infrastructure,0.03571428571,0.024999999997,-0.010714285713000003,-0.06561085972850678,0.0025062656641603454,middle,True,False,False
internal_subsleeve_mom12_70_30,v57f_pool_internal_subsleeve,2022-10-10,601825.XSHG,bank,0.03571428571,0.024999999997,-0.010714285713000003,-0.2787096774193548,-0.15311004784688997,middle,True,False,False
internal_subsleeve_mom12_70_30,v57f_pool_internal_subsleeve,2022-10-10,601398.XSHG,bank,0.03571428571,0.024999999997,-0.010714285713000003,-0.06837606837606824,-0.08613445378151263,middle,True,False,False
internal_subsleeve_mom12_70_30,v57f_pool_internal_subsleeve,2022-10-10,601288.XSHG,bank,0.03571428571,0.049999999994000004,0.014285714284000002,-0.05033557046979864,-0.052980132450331174,momentum_subsleeve,True,False,False
internal_subsleeve_mom12_70_30,v57f_pool_internal_subsleeve,2022-10-10,601939.XSHG,bank,0.03571428571,0.024999999997,-0.010714285713000003,-0.1029411764705882,-0.09359605911330049,middle,True,False,False
internal_subsleeve_mom12_70_30,v57f_pool_internal_subsleeve,2022-10-10,600350.XSHG,highway_infrastructure,0.03571428571,0.024999999997,-0.010714285713000003,-0.09075342465753433,0.042226487523992384,middle,True,False,False
internal_subsleeve_mom12_70_30,v57f_pool_internal_subsleeve,2022-10-10,601988.XSHG,bank,0.03571428571,0.049999999994000004,0.014285714284000002,-0.0032679738562092497,-0.06079027355623101,momentum_subsleeve,True,False,False
internal_subsleeve_mom12_70_30,v57f_pool_internal_subsleeve,2022-10-10,601298.XSHG,port_rail_infrastructure,0.03571428571,0.024999999997,-0.010714285713000003,-0.10269360269360273,0.007366482504604033,middle,True,False,False
internal_subsleeve_mom12_70_30,v57f_pool_internal_subsleeve,2022-10-10,600035.XSHG,highway_infrastructure,0.03571428571,0.057142857136,0.021428571426,0.054878048780487854,0.0,momentum_subsleeve,True,False,False
internal_subsleeve_mom12_70_30,v57f_pool_internal_subsleeve,2022-10-10,601006.XSHG,port_rail_infrastructure,0.03571428571,0.049999999994000004,0.014285714284000002,0.04306220095693791,0.11716171617161719,momentum_subsleeve,True,False,False
internal_subsleeve_mom12_70_30,v57f_pool_internal_subsleeve,2022-10-10,600017.XSHG,port_rail_infrastructure,0.03571428571,0.049999999994000004,0.014285714284000002,0.08127208480565362,-0.129746835443038,momentum_subsleeve,True,False,False
internal_subsleeve_mom12_70_30,v57f_pool_internal_subsleeve,2022-10-10,600033.XSHG,highway_infrastructure,0.03571428571,0.024999999997,-0.010714285713000003,0.03214285714285725,-0.003663003663003539,middle,True,False,False
internal_subsleeve_mom12_70_30,v57f_pool_internal_subsleeve,2022-10-10,601169.XSHG,bank,0.03571428571,0.049999999994000004,0.014285714284000002,-0.06546275395033863,-0.08869179600886912,momentum_subsleeve,True,False,False
internal_subsleeve_mom12_70_30,v57f_pool_internal_subsleeve,2022-10-10,601008.XSHG,port_rail_infrastructure,0.03571428571,0.049999999994000004,0.014285714284000002,0.08816120906801017,-0.08920187793427226,momentum_subsleeve,True,False,False
internal_subsleeve_mom12_70_30,v57f_pool_internal_subsleeve,2022-10-10,001872.XSHE,port_rail_infrastructure,0.03571428571,0.024999999997,-0.010714285713000003,-0.12975391498881428,-0.03754940711462451,middle,True,False,False
internal_subsleeve_mom12_70_30,v57f_pool_internal_subsleeve,2022-10-10,601326.XSHG,port_rail_infrastructure,0.03571428571,0.024999999997,-0.010714285713000003,-0.007042253521126751,-0.10135135135135132,middle,True,False,False
internal_subsleeve_mom12_70_30,v57f_pool_internal_subsleeve,2022-10-10,600012.XSHG,highway_infrastructure,0.03571428571,0.024999999997,-0.010714285713000003,-0.01741654571843254,-0.09004092769440653,middle,True,False,False
internal_subsleeve_mom12_70_30,v57f_pool_internal_subsleeve,2022-10-10,000429.XSHE,highway_infrastructure,0.03571428571,0.024999999997,-0.010714285713000003,-0.03430079155672816,0.004070556309362372,middle,True,False,False
internal_subsleeve_mom12_70_30,v57f_pool_internal_subsleeve,2022-10-10,000755.XSHE,highway_infrastructure,0.03571428571,0.057142857136,0.021428571426,0.35012594458438295,0.04665314401622722,momentum_subsleeve,True,False,False
dual_sleeve_mom12_80_20,dual_sleeve_allocation,2022-10-10,600803.XSHG,utilities_electricity,0.03571428571,0.028571428568000004,-0.0071428571419999976,-0.06404174573055021,0.022589531680440755,value_sleeve_only,False,False,False
dual_sleeve_mom12_80_20,dual_sleeve_allocation,2022-10-10,600795.XSHG,utilities_electricity,0.03571428571,0.05079365079022223,0.015079365080222229,0.5244755244755246,0.0,momentum_sleeve,False,False,False
dual_sleeve_mom12_80_20,dual_sleeve_allocation,2022-10-10,600719.XSHG,utilities_electricity,0.03571428571,0.05079365079022223,0.015079365080222229,0.2468193384223918,-0.09815950920245387,momentum_sleeve,False,False,False
dual_sleeve_mom12_80_20,dual_sleeve_allocation,2022-10-10,600008.XSHG,utilities_electricity,0.03571428571,0.028571428568000004,-0.0071428571419999976,-0.318734793187348,-0.09090909090909083,value_sleeve_only,False,False,False
dual_sleeve_mom12_80_20,dual_sleeve_allocation,2022-10-10,000598.XSHE,utilities_electricity,0.03571428571,0.028571428568000004,-0.0071428571419999976,-0.06989247311827951,-0.05152671755725202,value_sleeve_only,False,False,False
dual_sleeve_mom12_80_20,dual_sleeve_allocation,2022-10-10,003816.XSHE,utilities_electricity,0.03571428571,0.028571428568000004,-0.0071428571419999976,-0.06999999999999995,-0.06713780918727918,value_sleeve_only,False,False,False
dual_sleeve_mom12_80_20,dual_sleeve_allocation,2022-10-10,000027.XSHE,utilities_electricity,0.03571428571,0.028571428568000004,-0.0071428571419999976,-0.2777777777777778,-0.15512048192771077,value_sleeve_only,False,False,False
dual_sleeve_mom12_80_20,dual_sleeve_allocation,2022-10-10,601077.XSHG,bank,0.03571428571,0.028571428568000004,-0.0071428571419999976,-0.09319899244332497,-0.019230769230769273,value_sleeve_only,False,False,False
dual_sleeve_mom12_80_20,dual_sleeve_allocation,2022-10-10,600717.XSHG,port_rail_infrastructure,0.03571428571,0.028571428568000004,-0.0071428571419999976,-0.06561085972850678,0.0025062656641603454,value_sleeve_only,False,False,False
dual_sleeve_mom12_80_20,dual_sleeve_allocation,2022-10-10,601825.XSHG,bank,0.03571428571,0.028571428568000004,-0.0071428571419999976,-0.2787096774193548,-0.15311004784688997,value_sleeve_only,False,False,False
dual_sleeve_mom12_80_20,dual_sleeve_allocation,2022-10-10,601398.XSHG,bank,0.03571428571,0.028571428568000004,-0.0071428571419999976,-0.06837606837606824,-0.08613445378151263,value_sleeve_only,False,False,False
dual_sleeve_mom12_80_20,dual_sleeve_allocation,2022-10-10,601288.XSHG,bank,0.03571428571,0.028571428568000004,-0.0071428571419999976,-0.05033557046979864,-0.052980132450331174,value_sleeve_only,False,False,False
dual_sleeve_mom12_80_20,dual_sleeve_allocation,2022-10-10,601939.XSHG,bank,0.03571428571,0.028571428568000004,-0.0071428571419999976,-0.1029411764705882,-0.09359605911330049,value_sleeve_only,False,False,False
dual_sleeve_mom12_80_20,dual_sleeve_allocation,2022-10-10,600350.XSHG,highway_infrastructure,0.03571428571,0.028571428568000004,-0.0071428571419999976,-0.09075342465753433,0.042226487523992384,value_sleeve_only,False,False,False
dual_sleeve_mom12_80_20,dual_sleeve_allocation,2022-10-10,601988.XSHG,bank,0.03571428571,0.05079365079022223,0.015079365080222229,-0.0032679738562092497,-0.06079027355623101,momentum_sleeve,False,False,False
dual_sleeve_mom12_80_20,dual_sleeve_allocation,2022-10-10,601298.XSHG,port_rail_infrastructure,0.03571428571,0.028571428568000004,-0.0071428571419999976,-0.10269360269360273,0.007366482504604033,value_sleeve_only,False,False,False
dual_sleeve_mom12_80_20,dual_sleeve_allocation,2022-10-10,600035.XSHG,highway_infrastructure,0.03571428571,0.05079365079022223,0.015079365080222229,0.054878048780487854,0.0,momentum_sleeve,False,False,False
dual_sleeve_mom12_80_20,dual_sleeve_allocation,2022-10-10,601006.XSHG,port_rail_infrastructure,0.03571428571,0.05079365079022223,0.015079365080222229,0.04306220095693791,0.11716171617161719,momentum_sleeve,False,False,False
dual_sleeve_mom12_80_20,dual_sleeve_allocation,2022-10-10,600017.XSHG,port_rail_infrastructure,0.03571428571,0.05079365079022223,0.015079365080222229,0.08127208480565362,-0.129746835443038,momentum_sleeve,False,False,False
dual_sleeve_mom12_80_20,dual_sleeve_allocation,2022-10-10,600033.XSHG,highway_infrastructure,0.03571428571,0.05079365079022223,0.015079365080222229,0.03214285714285725,-0.003663003663003539,momentum_sleeve,False,False,False
dual_sleeve_mom12_80_20,dual_sleeve_allocation,2022-10-10,601169.XSHG,bank,0.03571428571,0.028571428568000004,-0.0071428571419999976,-0.06546275395033863,-0.08869179600886912,value_sleeve_only,False,False,False
dual_sleeve_mom12_80_20,dual_sleeve_allocation,2022-10-10,601008.XSHG,port_rail_infrastructure,0.03571428571,0.05079365079022223,0.015079365080222229,0.08816120906801017,-0.08920187793427226,momentum_sleeve,False,False,False
dual_sleeve_mom12_80_20,dual_sleeve_allocation,2022-10-10,001872.XSHE,port_rail_infrastructure,0.03571428571,0.028571428568000004,-0.0071428571419999976,-0.12975391498881428,-0.03754940711462451,value_sleeve_only,False,False,False
dual_sleeve_mom12_80_20,dual_sleeve_allocation,2022-10-10,601326.XSHG,port_rail_infrastructure,0.03571428571,0.028571428568000004,-0.0071428571419999976,-0.007042253521126751,-0.10135135135135132,value_sleeve_only,False,False,False
dual_sleeve_mom12_80_20,dual_sleeve_allocation,2022-10-10,600012.XSHG,highway_infrastructure,0.03571428571,0.028571428568000004,-0.0071428571419999976,-0.01741654571843254,-0.09004092769440653,value_sleeve_only,False,False,False
dual_sleeve_mom12_80_20,dual_sleeve_allocation,2022-10-10,000429.XSHE,highway_infrastructure,0.03571428571,0.028571428568000004,-0.0071428571419999976,-0.03430079155672816,0.004070556309362372,value_sleeve_only,False,False,False
dual_sleeve_mom12_80_20,dual_sleeve_allocation,2022-10-10,000755.XSHE,highway_infrastructure,0.03571428571,0.05079365079022223,0.015079365080222229,0.35012594458438295,0.04665314401622722,momentum_sleeve,False,False,False
dual_sleeve_mom12_60_40,dual_sleeve_allocation,2022-10-10,600803.XSHG,utilities_electricity,0.03571428571,0.021428571426,-0.014285714284000002,-0.06404174573055021,0.022589531680440755,value_sleeve_only,False,False,False
dual_sleeve_mom12_60_40,dual_sleeve_allocation,2022-10-10,600795.XSHG,utilities_electricity,0.03571428571,0.06587301587044445,0.030158730160444444,0.5244755244755246,0.0,momentum_sleeve,False,False,False
dual_sleeve_mom12_60_40,dual_sleeve_allocation,2022-10-10,600719.XSHG,utilities_electricity,0.03571428571,0.06587301587044445,0.030158730160444444,0.2468193384223918,-0.09815950920245387,momentum_sleeve,False,False,False
dual_sleeve_mom12_60_40,dual_sleeve_allocation,2022-10-10,600008.XSHG,utilities_electricity,0.03571428571,0.021428571426,-0.014285714284000002,-0.318734793187348,-0.09090909090909083,value_sleeve_only,False,False,False
dual_sleeve_mom12_60_40,dual_sleeve_allocation,2022-10-10,000598.XSHE,utilities_electricity,0.03571428571,0.021428571426,-0.014285714284000002,-0.06989247311827951,-0.05152671755725202,value_sleeve_only,False,False,False
dual_sleeve_mom12_60_40,dual_sleeve_allocation,2022-10-10,003816.XSHE,utilities_electricity,0.03571428571,0.021428571426,-0.014285714284000002,-0.06999999999999995,-0.06713780918727918,value_sleeve_only,False,False,False
dual_sleeve_mom12_60_40,dual_sleeve_allocation,2022-10-10,000027.XSHE,utilities_electricity,0.03571428571,0.021428571426,-0.014285714284000002,-0.2777777777777778,-0.15512048192771077,value_sleeve_only,False,False,False
dual_sleeve_mom12_60_40,dual_sleeve_allocation,2022-10-10,601077.XSHG,bank,0.03571428571,0.021428571426,-0.014285714284000002,-0.09319899244332497,-0.019230769230769273,value_sleeve_only,False,False,False
dual_sleeve_mom12_60_40,dual_sleeve_allocation,2022-10-10,600717.XSHG,port_rail_infrastructure,0.03571428571,0.021428571426,-0.014285714284000002,-0.06561085972850678,0.0025062656641603454,value_sleeve_only,False,False,False
dual_sleeve_mom12_60_40,dual_sleeve_allocation,2022-10-10,601825.XSHG,bank,0.03571428571,0.021428571426,-0.014285714284000002,-0.2787096774193548,-0.15311004784688997,value_sleeve_only,False,False,False
dual_sleeve_mom12_60_40,dual_sleeve_allocation,2022-10-10,601398.XSHG,bank,0.03571428571,0.021428571426,-0.014285714284000002,-0.06837606837606824,-0.08613445378151263,value_sleeve_only,False,False,False
dual_sleeve_mom12_60_40,dual_sleeve_allocation,2022-10-10,601288.XSHG,bank,0.03571428571,0.021428571426,-0.014285714284000002,-0.05033557046979864,-0.052980132450331174,value_sleeve_only,False,False,False
dual_sleeve_mom12_60_40,dual_sleeve_allocation,2022-10-10,601939.XSHG,bank,0.03571428571,0.021428571426,-0.014285714284000002,-0.1029411764705882,-0.09359605911330049,value_sleeve_only,False,False,False
dual_sleeve_mom12_60_40,dual_sleeve_allocation,2022-10-10,600350.XSHG,highway_infrastructure,0.03571428571,0.021428571426,-0.014285714284000002,-0.09075342465753433,0.042226487523992384,value_sleeve_only,False,False,False
dual_sleeve_mom12_60_40,dual_sleeve_allocation,2022-10-10,601988.XSHG,bank,0.03571428571,0.06587301587044445,0.030158730160444444,-0.0032679738562092497,-0.06079027355623101,momentum_sleeve,False,False,False
dual_sleeve_mom12_60_40,dual_sleeve_allocation,2022-10-10,601298.XSHG,port_rail_infrastructure,0.03571428571,0.021428571426,-0.014285714284000002,-0.10269360269360273,0.007366482504604033,value_sleeve_only,False,False,False
dual_sleeve_mom12_60_40,dual_sleeve_allocation,2022-10-10,600035.XSHG,highway_infrastructure,0.03571428571,0.06587301587044445,0.030158730160444444,0.054878048780487854,0.0,momentum_sleeve,False,False,False
dual_sleeve_mom12_60_40,dual_sleeve_allocation,2022-10-10,601006.XSHG,port_rail_infrastructure,0.03571428571,0.06587301587044445,0.030158730160444444,0.04306220095693791,0.11716171617161719,momentum_sleeve,False,False,False
dual_sleeve_mom12_60_40,dual_sleeve_allocation,2022-10-10,600017.XSHG,port_rail_infrastructure,0.03571428571,0.06587301587044445,0.030158730160444444,0.08127208480565362,-0.129746835443038,momentum_sleeve,False,False,False
dual_sleeve_mom12_60_40,dual_sleeve_allocation,2022-10-10,600033.XSHG,highway_infrastructure,0.03571428571,0.06587301587044445,0.030158730160444444,0.03214285714285725,-0.003663003663003539,momentum_sleeve,False,False,False
dual_sleeve_mom12_60_40,dual_sleeve_allocation,2022-10-10,601169.XSHG,bank,0.03571428571,0.021428571426,-0.014285714284000002,-0.06546275395033863,-0.08869179600886912,value_sleeve_only,False,False,False
dual_sleeve_mom12_60_40,dual_sleeve_allocation,2022-10-10,601008.XSHG,port_rail_infrastructure,0.03571428571,0.06587301587044445,0.030158730160444444,0.08816120906801017,-0.08920187793427226,momentum_sleeve,False,False,False
dual_sleeve_mom12_60_40,dual_sleeve_allocation,2022-10-10,001872.XSHE,port_rail_infrastructure,0.03571428571,0.021428571426,-0.014285714284000002,-0.12975391498881428,-0.03754940711462451,value_sleeve_only,False,False,False
dual_sleeve_mom12_60_40,dual_sleeve_allocation,2022-10-10,601326.XSHG,port_rail_infrastructure,0.03571428571,0.021428571426,-0.014285714284000002,-0.007042253521126751,-0.10135135135135132,value_sleeve_only,False,False,False
dual_sleeve_mom12_60_40,dual_sleeve_allocation,2022-10-10,600012.XSHG,highway_infrastructure,0.03571428571,0.021428571426,-0.014285714284000002,-0.01741654571843254,-0.09004092769440653,value_sleeve_only,False,False,False
dual_sleeve_mom12_60_40,dual_sleeve_allocation,2022-10-10,000429.XSHE,highway_infrastructure,0.03571428571,0.021428571426,-0.014285714284000002,-0.03430079155672816,0.004070556309362372,value_sleeve_only,False,False,False
dual_sleeve_mom12_60_40,dual_sleeve_allocation,2022-10-10,000755.XSHE,highway_infrastructure,0.03571428571,0.06587301587044445,0.030158730160444444,0.35012594458438295,0.04665314401622722,momentum_sleeve,False,False,False
state_routed_mom12_70_30_or_100_0,state_routed_budget,2022-10-10,600803.XSHG,utilities_electricity,0.03571428571,0.03571428571,0.0,-0.06404174573055021,0.022589531680440755,value_sleeve_only,False,False,False
state_routed_mom12_70_30_or_100_0,state_routed_budget,2022-10-10,600795.XSHG,utilities_electricity,0.03571428571,0.03571428571,0.0,0.5244755244755246,0.0,value_sleeve_only,False,False,False
state_routed_mom12_70_30_or_100_0,state_routed_budget,2022-10-10,600719.XSHG,utilities_electricity,0.03571428571,0.03571428571,0.0,0.2468193384223918,-0.09815950920245387,value_sleeve_only,False,False,False
state_routed_mom12_70_30_or_100_0,state_routed_budget,2022-10-10,600008.XSHG,utilities_electricity,0.03571428571,0.03571428571,0.0,-0.318734793187348,-0.09090909090909083,value_sleeve_only,False,False,False
state_routed_mom12_70_30_or_100_0,state_routed_budget,2022-10-10,000598.XSHE,utilities_electricity,0.03571428571,0.03571428571,0.0,-0.06989247311827951,-0.05152671755725202,value_sleeve_only,False,False,False
state_routed_mom12_70_30_or_100_0,state_routed_budget,2022-10-10,003816.XSHE,utilities_electricity,0.03571428571,0.03571428571,0.0,-0.06999999999999995,-0.06713780918727918,value_sleeve_only,False,False,False
state_routed_mom12_70_30_or_100_0,state_routed_budget,2022-10-10,000027.XSHE,utilities_electricity,0.03571428571,0.03571428571,0.0,-0.2777777777777778,-0.15512048192771077,value_sleeve_only,False,False,False
state_routed_mom12_70_30_or_100_0,state_routed_budget,2022-10-10,601077.XSHG,bank,0.03571428571,0.03571428571,0.0,-0.09319899244332497,-0.019230769230769273,value_sleeve_only,False,False,False
state_routed_mom12_70_30_or_100_0,state_routed_budget,2022-10-10,600717.XSHG,port_rail_infrastructure,0.03571428571,0.03571428571,0.0,-0.06561085972850678,0.0025062656641603454,value_sleeve_only,False,False,False
state_routed_mom12_70_30_or_100_0,state_routed_budget,2022-10-10,601825.XSHG,bank,0.03571428571,0.03571428571,0.0,-0.2787096774193548,-0.15311004784688997,value_sleeve_only,False,False,False
state_routed_mom12_70_30_or_100_0,state_routed_budget,2022-10-10,601398.XSHG,bank,0.03571428571,0.03571428571,0.0,-0.06837606837606824,-0.08613445378151263,value_sleeve_only,False,False,False
state_routed_mom12_70_30_or_100_0,state_routed_budget,2022-10-10,601288.XSHG,bank,0.03571428571,0.03571428571,0.0,-0.05033557046979864,-0.052980132450331174,value_sleeve_only,False,False,False
state_routed_mom12_70_30_or_100_0,state_routed_budget,2022-10-10,601939.XSHG,bank,0.03571428571,0.03571428571,0.0,-0.1029411764705882,-0.09359605911330049,value_sleeve_only,False,False,False
state_routed_mom12_70_30_or_100_0,state_routed_budget,2022-10-10,600350.XSHG,highway_infrastructure,0.03571428571,0.03571428571,0.0,-0.09075342465753433,0.042226487523992384,value_sleeve_only,False,False,False
state_routed_mom12_70_30_or_100_0,state_routed_budget,2022-10-10,601988.XSHG,bank,0.03571428571,0.03571428571,0.0,-0.0032679738562092497,-0.06079027355623101,value_sleeve_only,False,False,False
state_routed_mom12_70_30_or_100_0,state_routed_budget,2022-10-10,601298.XSHG,port_rail_infrastructure,0.03571428571,0.03571428571,0.0,-0.10269360269360273,0.007366482504604033,value_sleeve_only,False,False,False
state_routed_mom12_70_30_or_100_0,state_routed_budget,2022-10-10,600035.XSHG,highway_infrastructure,0.03571428571,0.03571428571,0.0,0.054878048780487854,0.0,value_sleeve_only,False,False,False
state_routed_mom12_70_30_or_100_0,state_routed_budget,2022-10-10,601006.XSHG,port_rail_infrastructure,0.03571428571,0.03571428571,0.0,0.04306220095693791,0.11716171617161719,value_sleeve_only,False,False,False
state_routed_mom12_70_30_or_100_0,state_routed_budget,2022-10-10,600017.XSHG,port_rail_infrastructure,0.03571428571,0.03571428571,0.0,0.08127208480565362,-0.129746835443038,value_sleeve_only,False,False,False
state_routed_mom12_70_30_or_100_0,state_routed_budget,2022-10-10,600033.XSHG,highway_infrastructure,0.03571428571,0.03571428571,0.0,0.03214285714285725,-0.003663003663003539,value_sleeve_only,False,False,False
state_routed_mom12_70_30_or_100_0,state_routed_budget,2022-10-10,601169.XSHG,bank,0.03571428571,0.03571428571,0.0,-0.06546275395033863,-0.08869179600886912,value_sleeve_only,False,False,False
state_routed_mom12_70_30_or_100_0,state_routed_budget,2022-10-10,601008.XSHG,port_rail_infrastructure,0.03571428571,0.03571428571,0.0,0.08816120906801017,-0.08920187793427226,value_sleeve_only,False,False,False
state_routed_mom12_70_30_or_100_0,state_routed_budget,2022-10-10,001872.XSHE,port_rail_infrastructure,0.03571428571,0.03571428571,0.0,-0.12975391498881428,-0.03754940711462451,value_sleeve_only,False,False,False
state_routed_mom12_70_30_or_100_0,state_routed_budget,2022-10-10,601326.XSHG,port_rail_infrastructure,0.03571428571,0.03571428571,0.0,-0.007042253521126751,-0.10135135135135132,value_sleeve_only,False,False,False
state_routed_mom12_70_30_or_100_0,state_routed_budget,2022-10-10,600012.XSHG,highway_infrastructure,0.03571428571,0.03571428571,0.0,-0.01741654571843254,-0.09004092769440653,value_sleeve_only,False,False,False
state_routed_mom12_70_30_or_100_0,state_routed_budget,2022-10-10,000429.XSHE,highway_infrastructure,0.03571428571,0.03571428571,0.0,-0.03430079155672816,0.004070556309362372,value_sleeve_only,False,False,False
state_routed_mom12_70_30_or_100_0,state_routed_budget,2022-10-10,000755.XSHE,highway_infrastructure,0.03571428571,0.03571428571,0.0,0.35012594458438295,0.04665314401622722,value_sleeve_only,False,False,False
admission_suppression_mom12_bottom_cap75,admission_suppression,2022-10-10,600803.XSHG,utilities_electricity,0.03571428571,0.039285714281,0.0035714285709999988,-0.06404174573055021,0.022589531680440755,middle_or_top,True,False,False
admission_suppression_mom12_bottom_cap75,admission_suppression,2022-10-10,600795.XSHG,utilities_electricity,0.03571428571,0.039285714281,0.0035714285709999988,0.5244755244755246,0.0,middle_or_top,True,False,False
admission_suppression_mom12_bottom_cap75,admission_suppression,2022-10-10,600719.XSHG,utilities_electricity,0.03571428571,0.039285714281,0.0035714285709999988,0.2468193384223918,-0.09815950920245387,middle_or_top,True,False,False
admission_suppression_mom12_bottom_cap75,admission_suppression,2022-10-10,600008.XSHG,utilities_electricity,0.03571428571,0.0267857142825,-0.0089285714275,-0.318734793187348,-0.09090909090909083,suppressed_bottom_momentum,True,False,False
admission_suppression_mom12_bottom_cap75,admission_suppression,2022-10-10,000598.XSHE,utilities_electricity,0.03571428571,0.039285714281,0.0035714285709999988,-0.06989247311827951,-0.05152671755725202,middle_or_top,True,False,False
admission_suppression_mom12_bottom_cap75,admission_suppression,2022-10-10,003816.XSHE,utilities_electricity,0.03571428571,0.039285714281,0.0035714285709999988,-0.06999999999999995,-0.06713780918727918,middle_or_top,True,False,False
admission_suppression_mom12_bottom_cap75,admission_suppression,2022-10-10,000027.XSHE,utilities_electricity,0.03571428571,0.0267857142825,-0.0089285714275,-0.2777777777777778,-0.15512048192771077,suppressed_bottom_momentum,True,False,False
admission_suppression_mom12_bottom_cap75,admission_suppression,2022-10-10,601077.XSHG,bank,0.03571428571,0.039285714281,0.0035714285709999988,-0.09319899244332497,-0.019230769230769273,middle_or_top,True,False,False
admission_suppression_mom12_bottom_cap75,admission_suppression,2022-10-10,600717.XSHG,port_rail_infrastructure,0.03571428571,0.039285714281,0.0035714285709999988,-0.06561085972850678,0.0025062656641603454,middle_or_top,True,False,False
admission_suppression_mom12_bottom_cap75,admission_suppression,2022-10-10,601825.XSHG,bank,0.03571428571,0.0267857142825,-0.0089285714275,-0.2787096774193548,-0.15311004784688997,suppressed_bottom_momentum,True,False,False
admission_suppression_mom12_bottom_cap75,admission_suppression,2022-10-10,601398.XSHG,bank,0.03571428571,0.039285714281,0.0035714285709999988,-0.06837606837606824,-0.08613445378151263,middle_or_top,True,False,False
admission_suppression_mom12_bottom_cap75,admission_suppression,2022-10-10,601288.XSHG,bank,0.03571428571,0.039285714281,0.0035714285709999988,-0.05033557046979864,-0.052980132450331174,middle_or_top,True,False,False
admission_suppression_mom12_bottom_cap75,admission_suppression,2022-10-10,601939.XSHG,bank,0.03571428571,0.0267857142825,-0.0089285714275,-0.1029411764705882,-0.09359605911330049,suppressed_bottom_momentum,True,False,False
admission_suppression_mom12_bottom_cap75,admission_suppression,2022-10-10,600350.XSHG,highway_infrastructure,0.03571428571,0.0267857142825,-0.0089285714275,-0.09075342465753433,0.042226487523992384,suppressed_bottom_momentum,True,False,False
admission_suppression_mom12_bottom_cap75,admission_suppression,2022-10-10,601988.XSHG,bank,0.03571428571,0.039285714281,0.0035714285709999988,-0.0032679738562092497,-0.06079027355623101,middle_or_top,True,False,False
admission_suppression_mom12_bottom_cap75,admission_suppression,2022-10-10,601298.XSHG,port_rail_infrastructure,0.03571428571,0.0267857142825,-0.0089285714275,-0.10269360269360273,0.007366482504604033,suppressed_bottom_momentum,True,False,False
admission_suppression_mom12_bottom_cap75,admission_suppression,2022-10-10,600035.XSHG,highway_infrastructure,0.03571428571,0.040178571423750004,0.004464285713750002,0.054878048780487854,0.0,middle_or_top,True,False,False
admission_suppression_mom12_bottom_cap75,admission_suppression,2022-10-10,601006.XSHG,port_rail_infrastructure,0.03571428571,0.039285714281,0.0035714285709999988,0.04306220095693791,0.11716171617161719,middle_or_top,True,False,False
admission_suppression_mom12_bottom_cap75,admission_suppression,2022-10-10,600017.XSHG,port_rail_infrastructure,0.03571428571,0.039285714281,0.0035714285709999988,0.08127208480565362,-0.129746835443038,middle_or_top,True,False,False
admission_suppression_mom12_bottom_cap75,admission_suppression,2022-10-10,600033.XSHG,highway_infrastructure,0.03571428571,0.040178571423750004,0.004464285713750002,0.03214285714285725,-0.003663003663003539,middle_or_top,True,False,False
admission_suppression_mom12_bottom_cap75,admission_suppression,2022-10-10,601169.XSHG,bank,0.03571428571,0.039285714281,0.0035714285709999988,-0.06546275395033863,-0.08869179600886912,middle_or_top,True,False,False
admission_suppression_mom12_bottom_cap75,admission_suppression,2022-10-10,601008.XSHG,port_rail_infrastructure,0.03571428571,0.039285714281,0.0035714285709999988,0.08816120906801017,-0.08920187793427226,middle_or_top,True,False,False
admission_suppression_mom12_bottom_cap75,admission_suppression,2022-10-10,001872.XSHE,port_rail_infrastructure,0.03571428571,0.0267857142825,-0.0089285714275,-0.12975391498881428,-0.03754940711462451,suppressed_bottom_momentum,True,False,False
admission_suppression_mom12_bottom_cap75,admission_suppression,2022-10-10,601326.XSHG,port_rail_infrastructure,0.03571428571,0.039285714281,0.0035714285709999988,-0.007042253521126751,-0.10135135135135132,middle_or_top,True,False,False
admission_suppression_mom12_bottom_cap75,admission_suppression,2022-10-10,600012.XSHG,highway_infrastructure,0.03571428571,0.040178571423750004,0.004464285713750002,-0.01741654571843254,-0.09004092769440653,middle_or_top,True,False,False
admission_suppression_mom12_bottom_cap75,admission_suppression,2022-10-10,000429.XSHE,highway_infrastructure,0.03571428571,0.0267857142825,-0.0089285714275,-0.03430079155672816,0.004070556309362372,suppressed_bottom_momentum,True,False,False
admission_suppression_mom12_bottom_cap75,admission_suppression,2022-10-10,000755.XSHE,highway_infrastructure,0.03571428571,0.040178571423750004,0.004464285713750002,0.35012594458438295,0.04665314401622722,middle_or_top,True,False,False
v57f_startup_preload_repaired_baseline,baseline,2023-01-03,600098.XSHG,utilities_electricity,0.03571428571,0.03571428571,0.0,-0.32033096926713955,0.0714285714285714,baseline,True,False,False
v57f_startup_preload_repaired_baseline,baseline,2023-01-03,601006.XSHG,port_rail_infrastructure,0.03571428571,0.03571428571,0.0,0.06614173228346454,-0.013293943870014702,baseline,True,False,False
v57f_startup_preload_repaired_baseline,baseline,2023-01-03,003816.XSHE,utilities_electricity,0.03571428571,0.03571428571,0.0,-0.09900990099009899,0.01893939393939381,baseline,True,False,False
v57f_startup_preload_repaired_baseline,baseline,2023-01-03,600886.XSHG,utilities_electricity,0.03571428571,0.03571428571,0.0,-0.010830324909747224,0.008379888268156499,baseline,True,False,False
v57f_startup_preload_repaired_baseline,baseline,2023-01-03,601985.XSHG,utilities_electricity,0.03571428571,0.03571428571,0.0,-0.17678100263852237,0.025641025641025772,baseline,True,False,False
v57f_startup_preload_repaired_baseline,baseline,2023-01-03,002039.XSHE,utilities_electricity,0.03571428571,0.03571428571,0.0,-0.39344262295081966,0.14007490636704123,baseline,True,False,False
v57f_startup_preload_repaired_baseline,baseline,2023-01-03,600461.XSHG,utilities_electricity,0.03571428571,0.03571428571,0.0,-0.1013597033374537,-0.047945205479452024,baseline,True,False,False
v57f_startup_preload_repaired_baseline,baseline,2023-01-03,600283.XSHG,utilities_electricity,0.03571428571,0.03571428571,0.0,0.14982578397212531,0.028475711892797406,baseline,True,False,False
v57f_startup_preload_repaired_baseline,baseline,2023-01-03,601077.XSHG,bank,0.03571428571,0.03571428571,0.0,-0.06266318537859017,-0.011204481792717047,baseline,True,False,False
v57f_startup_preload_repaired_baseline,baseline,2023-01-03,600717.XSHG,port_rail_infrastructure,0.03571428571,0.03571428571,0.0,-0.0024038461538461453,0.02499999999999991,baseline,True,False,False
v57f_startup_preload_repaired_baseline,baseline,2023-01-03,600035.XSHG,highway_infrastructure,0.03571428571,0.03571428571,0.0,0.058252427184465994,0.0660377358490567,baseline,True,False,False
v57f_startup_preload_repaired_baseline,baseline,2023-01-03,601825.XSHG,bank,0.03571428571,0.03571428571,0.0,-0.14601769911504425,0.10734463276836159,baseline,True,False,False
v57f_startup_preload_repaired_baseline,baseline,2023-01-03,601939.XSHG,bank,0.03571428571,0.03571428571,0.0,-0.061749571183533525,0.019927536231884035,baseline,True,False,False
v57f_startup_preload_repaired_baseline,baseline,2023-01-03,601288.XSHG,bank,0.03571428571,0.03571428571,0.0,-0.023890784982935287,0.0174825174825175,baseline,True,False,False
v57f_startup_preload_repaired_baseline,baseline,2023-01-03,601997.XSHG,bank,0.03571428571,0.03571428571,0.0,-0.1371340523882898,0.012915129151291671,baseline,True,False,False
v57f_startup_preload_repaired_baseline,baseline,2023-01-03,601988.XSHG,bank,0.03571428571,0.03571428571,0.0,0.013071895424836555,0.02265372168284796,baseline,True,False,False
v57f_startup_preload_repaired_baseline,baseline,2023-01-03,601398.XSHG,bank,0.03571428571,0.03571428571,0.0,-0.08026030368763559,-0.0022988505747125743,baseline,True,False,False
v57f_startup_preload_repaired_baseline,baseline,2023-01-03,000905.XSHE,port_rail_infrastructure,0.03571428571,0.03571428571,0.0,0.03551912568306004,0.0197740112994349,baseline,True,False,False
v57f_startup_preload_repaired_baseline,baseline,2023-01-03,601880.XSHG,port_rail_infrastructure,0.03571428571,0.03571428571,0.0,-0.05747126436781613,0.012499999999999956,baseline,True,False,False
v57f_startup_preload_repaired_baseline,baseline,2023-01-03,600018.XSHG,port_rail_infrastructure,0.03571428571,0.03571428571,0.0,-0.01814882032667875,-0.03956834532374098,baseline,True,False,False
v57f_startup_preload_repaired_baseline,baseline,2023-01-03,601298.XSHG,port_rail_infrastructure,0.03571428571,0.03571428571,0.0,-0.007067137809187329,0.025594149908592323,baseline,True,False,False
v57f_startup_preload_repaired_baseline,baseline,2023-01-03,601000.XSHG,port_rail_infrastructure,0.03571428571,0.03571428571,0.0,0.032490974729241895,0.0620155038759691,baseline,True,False,False
v57f_startup_preload_repaired_baseline,baseline,2023-01-03,600033.XSHG,highway_infrastructure,0.03571428571,0.03571428571,0.0,0.02491103202846978,0.06617647058823528,baseline,True,False,False
v57f_startup_preload_repaired_baseline,baseline,2023-01-03,600350.XSHG,highway_infrastructure,0.03571428571,0.03571428571,0.0,0.1037181996086105,0.047882136279926435,baseline,True,False,False
v57f_startup_preload_repaired_baseline,baseline,2023-01-03,000429.XSHE,highway_infrastructure,0.03571428571,0.03571428571,0.0,0.04950495049504955,0.05675675675675684,baseline,True,False,False
v57f_startup_preload_repaired_baseline,baseline,2023-01-03,600012.XSHG,highway_infrastructure,0.03571428571,0.03571428571,0.0,0.012802275960170695,0.09595202398800584,baseline,True,False,False
v57f_startup_preload_repaired_baseline,baseline,2023-01-03,000755.XSHE,highway_infrastructure,0.03571428571,0.03571428571,0.0,0.10916179337231968,0.04844961240310086,baseline,True,False,False
internal_subsleeve_mom12_80_20,v57f_pool_internal_subsleeve,2023-01-03,600098.XSHG,utilities_electricity,0.03571428571,0.028571428568000004,-0.0071428571419999976,-0.32033096926713955,0.0714285714285714,middle,True,False,False
internal_subsleeve_mom12_80_20,v57f_pool_internal_subsleeve,2023-01-03,601006.XSHG,port_rail_infrastructure,0.03571428571,0.04523809523266667,0.009523809522666668,0.06614173228346454,-0.013293943870014702,momentum_subsleeve,True,False,False
internal_subsleeve_mom12_80_20,v57f_pool_internal_subsleeve,2023-01-03,003816.XSHE,utilities_electricity,0.03571428571,0.04523809523266667,0.009523809522666668,-0.09900990099009899,0.01893939393939381,momentum_subsleeve,True,False,False
internal_subsleeve_mom12_80_20,v57f_pool_internal_subsleeve,2023-01-03,600886.XSHG,utilities_electricity,0.03571428571,0.04523809523266667,0.009523809522666668,-0.010830324909747224,0.008379888268156499,momentum_subsleeve,True,False,False
internal_subsleeve_mom12_80_20,v57f_pool_internal_subsleeve,2023-01-03,601985.XSHG,utilities_electricity,0.03571428571,0.028571428568000004,-0.0071428571419999976,-0.17678100263852237,0.025641025641025772,middle,True,False,False
internal_subsleeve_mom12_80_20,v57f_pool_internal_subsleeve,2023-01-03,002039.XSHE,utilities_electricity,0.03571428571,0.028571428568000004,-0.0071428571419999976,-0.39344262295081966,0.14007490636704123,middle,True,False,False
internal_subsleeve_mom12_80_20,v57f_pool_internal_subsleeve,2023-01-03,600461.XSHG,utilities_electricity,0.03571428571,0.028571428568000004,-0.0071428571419999976,-0.1013597033374537,-0.047945205479452024,middle,True,False,False
internal_subsleeve_mom12_80_20,v57f_pool_internal_subsleeve,2023-01-03,600283.XSHG,utilities_electricity,0.03571428571,0.04523809523266667,0.009523809522666668,0.14982578397212531,0.028475711892797406,momentum_subsleeve,True,False,False
internal_subsleeve_mom12_80_20,v57f_pool_internal_subsleeve,2023-01-03,601077.XSHG,bank,0.03571428571,0.028571428568000004,-0.0071428571419999976,-0.06266318537859017,-0.011204481792717047,middle,True,False,False
internal_subsleeve_mom12_80_20,v57f_pool_internal_subsleeve,2023-01-03,600717.XSHG,port_rail_infrastructure,0.03571428571,0.028571428568000004,-0.0071428571419999976,-0.0024038461538461453,0.02499999999999991,middle,True,False,False
internal_subsleeve_mom12_80_20,v57f_pool_internal_subsleeve,2023-01-03,600035.XSHG,highway_infrastructure,0.03571428571,0.028571428568000004,-0.0071428571419999976,0.058252427184465994,0.0660377358490567,middle,True,False,False
internal_subsleeve_mom12_80_20,v57f_pool_internal_subsleeve,2023-01-03,601825.XSHG,bank,0.03571428571,0.028571428568000004,-0.0071428571419999976,-0.14601769911504425,0.10734463276836159,middle,True,False,False
internal_subsleeve_mom12_80_20,v57f_pool_internal_subsleeve,2023-01-03,601939.XSHG,bank,0.03571428571,0.04523809523266667,0.009523809522666668,-0.061749571183533525,0.019927536231884035,momentum_subsleeve,True,False,False
internal_subsleeve_mom12_80_20,v57f_pool_internal_subsleeve,2023-01-03,601288.XSHG,bank,0.03571428571,0.04523809523266667,0.009523809522666668,-0.023890784982935287,0.0174825174825175,momentum_subsleeve,True,False,False
internal_subsleeve_mom12_80_20,v57f_pool_internal_subsleeve,2023-01-03,601997.XSHG,bank,0.03571428571,0.028571428568000004,-0.0071428571419999976,-0.1371340523882898,0.012915129151291671,middle,True,False,False
internal_subsleeve_mom12_80_20,v57f_pool_internal_subsleeve,2023-01-03,601988.XSHG,bank,0.03571428571,0.04523809523266667,0.009523809522666668,0.013071895424836555,0.02265372168284796,momentum_subsleeve,True,False,False
internal_subsleeve_mom12_80_20,v57f_pool_internal_subsleeve,2023-01-03,601398.XSHG,bank,0.03571428571,0.028571428568000004,-0.0071428571419999976,-0.08026030368763559,-0.0022988505747125743,middle,True,False,False
internal_subsleeve_mom12_80_20,v57f_pool_internal_subsleeve,2023-01-03,000905.XSHE,port_rail_infrastructure,0.03571428571,0.04523809523266667,0.009523809522666668,0.03551912568306004,0.0197740112994349,momentum_subsleeve,True,False,False
internal_subsleeve_mom12_80_20,v57f_pool_internal_subsleeve,2023-01-03,601880.XSHG,port_rail_infrastructure,0.03571428571,0.028571428568000004,-0.0071428571419999976,-0.05747126436781613,0.012499999999999956,middle,True,False,False
internal_subsleeve_mom12_80_20,v57f_pool_internal_subsleeve,2023-01-03,600018.XSHG,port_rail_infrastructure,0.03571428571,0.028571428568000004,-0.0071428571419999976,-0.01814882032667875,-0.03956834532374098,middle,True,False,False
internal_subsleeve_mom12_80_20,v57f_pool_internal_subsleeve,2023-01-03,601298.XSHG,port_rail_infrastructure,0.03571428571,0.028571428568000004,-0.0071428571419999976,-0.007067137809187329,0.025594149908592323,middle,True,False,False
internal_subsleeve_mom12_80_20,v57f_pool_internal_subsleeve,2023-01-03,601000.XSHG,port_rail_infrastructure,0.03571428571,0.04523809523266667,0.009523809522666668,0.032490974729241895,0.0620155038759691,momentum_subsleeve,True,False,False
internal_subsleeve_mom12_80_20,v57f_pool_internal_subsleeve,2023-01-03,600033.XSHG,highway_infrastructure,0.03571428571,0.028571428568000004,-0.0071428571419999976,0.02491103202846978,0.06617647058823528,middle,True,False,False
internal_subsleeve_mom12_80_20,v57f_pool_internal_subsleeve,2023-01-03,600350.XSHG,highway_infrastructure,0.03571428571,0.04999999999400001,0.014285714284000009,0.1037181996086105,0.047882136279926435,momentum_subsleeve,True,False,False
internal_subsleeve_mom12_80_20,v57f_pool_internal_subsleeve,2023-01-03,000429.XSHE,highway_infrastructure,0.03571428571,0.028571428568000004,-0.0071428571419999976,0.04950495049504955,0.05675675675675684,middle,True,False,False
internal_subsleeve_mom12_80_20,v57f_pool_internal_subsleeve,2023-01-03,600012.XSHG,highway_infrastructure,0.03571428571,0.028571428568000004,-0.0071428571419999976,0.012802275960170695,0.09595202398800584,middle,True,False,False
internal_subsleeve_mom12_80_20,v57f_pool_internal_subsleeve,2023-01-03,000755.XSHE,highway_infrastructure,0.03571428571,0.04999999999400001,0.014285714284000009,0.10916179337231968,0.04844961240310086,momentum_subsleeve,True,False,False
internal_subsleeve_mom12_70_30,v57f_pool_internal_subsleeve,2023-01-03,600098.XSHG,utilities_electricity,0.03571428571,0.024999999997,-0.010714285713000003,-0.32033096926713955,0.0714285714285714,middle,True,False,False
internal_subsleeve_mom12_70_30,v57f_pool_internal_subsleeve,2023-01-03,601006.XSHG,port_rail_infrastructure,0.03571428571,0.049999999994000004,0.014285714284000002,0.06614173228346454,-0.013293943870014702,momentum_subsleeve,True,False,False
internal_subsleeve_mom12_70_30,v57f_pool_internal_subsleeve,2023-01-03,003816.XSHE,utilities_electricity,0.03571428571,0.049999999994000004,0.014285714284000002,-0.09900990099009899,0.01893939393939381,momentum_subsleeve,True,False,False
internal_subsleeve_mom12_70_30,v57f_pool_internal_subsleeve,2023-01-03,600886.XSHG,utilities_electricity,0.03571428571,0.049999999994000004,0.014285714284000002,-0.010830324909747224,0.008379888268156499,momentum_subsleeve,True,False,False
internal_subsleeve_mom12_70_30,v57f_pool_internal_subsleeve,2023-01-03,601985.XSHG,utilities_electricity,0.03571428571,0.024999999997,-0.010714285713000003,-0.17678100263852237,0.025641025641025772,middle,True,False,False
internal_subsleeve_mom12_70_30,v57f_pool_internal_subsleeve,2023-01-03,002039.XSHE,utilities_electricity,0.03571428571,0.024999999997,-0.010714285713000003,-0.39344262295081966,0.14007490636704123,middle,True,False,False
internal_subsleeve_mom12_70_30,v57f_pool_internal_subsleeve,2023-01-03,600461.XSHG,utilities_electricity,0.03571428571,0.024999999997,-0.010714285713000003,-0.1013597033374537,-0.047945205479452024,middle,True,False,False
internal_subsleeve_mom12_70_30,v57f_pool_internal_subsleeve,2023-01-03,600283.XSHG,utilities_electricity,0.03571428571,0.049999999994000004,0.014285714284000002,0.14982578397212531,0.028475711892797406,momentum_subsleeve,True,False,False
internal_subsleeve_mom12_70_30,v57f_pool_internal_subsleeve,2023-01-03,601077.XSHG,bank,0.03571428571,0.024999999997,-0.010714285713000003,-0.06266318537859017,-0.011204481792717047,middle,True,False,False
internal_subsleeve_mom12_70_30,v57f_pool_internal_subsleeve,2023-01-03,600717.XSHG,port_rail_infrastructure,0.03571428571,0.024999999997,-0.010714285713000003,-0.0024038461538461453,0.02499999999999991,middle,True,False,False
internal_subsleeve_mom12_70_30,v57f_pool_internal_subsleeve,2023-01-03,600035.XSHG,highway_infrastructure,0.03571428571,0.024999999997,-0.010714285713000003,0.058252427184465994,0.0660377358490567,middle,True,False,False
internal_subsleeve_mom12_70_30,v57f_pool_internal_subsleeve,2023-01-03,601825.XSHG,bank,0.03571428571,0.024999999997,-0.010714285713000003,-0.14601769911504425,0.10734463276836159,middle,True,False,False
internal_subsleeve_mom12_70_30,v57f_pool_internal_subsleeve,2023-01-03,601939.XSHG,bank,0.03571428571,0.049999999994000004,0.014285714284000002,-0.061749571183533525,0.019927536231884035,momentum_subsleeve,True,False,False
internal_subsleeve_mom12_70_30,v57f_pool_internal_subsleeve,2023-01-03,601288.XSHG,bank,0.03571428571,0.049999999994000004,0.014285714284000002,-0.023890784982935287,0.0174825174825175,momentum_subsleeve,True,False,False
internal_subsleeve_mom12_70_30,v57f_pool_internal_subsleeve,2023-01-03,601997.XSHG,bank,0.03571428571,0.024999999997,-0.010714285713000003,-0.1371340523882898,0.012915129151291671,middle,True,False,False
internal_subsleeve_mom12_70_30,v57f_pool_internal_subsleeve,2023-01-03,601988.XSHG,bank,0.03571428571,0.049999999994000004,0.014285714284000002,0.013071895424836555,0.02265372168284796,momentum_subsleeve,True,False,False
internal_subsleeve_mom12_70_30,v57f_pool_internal_subsleeve,2023-01-03,601398.XSHG,bank,0.03571428571,0.024999999997,-0.010714285713000003,-0.08026030368763559,-0.0022988505747125743,middle,True,False,False
internal_subsleeve_mom12_70_30,v57f_pool_internal_subsleeve,2023-01-03,000905.XSHE,port_rail_infrastructure,0.03571428571,0.049999999994000004,0.014285714284000002,0.03551912568306004,0.0197740112994349,momentum_subsleeve,True,False,False
internal_subsleeve_mom12_70_30,v57f_pool_internal_subsleeve,2023-01-03,601880.XSHG,port_rail_infrastructure,0.03571428571,0.024999999997,-0.010714285713000003,-0.05747126436781613,0.012499999999999956,middle,True,False,False
internal_subsleeve_mom12_70_30,v57f_pool_internal_subsleeve,2023-01-03,600018.XSHG,port_rail_infrastructure,0.03571428571,0.024999999997,-0.010714285713000003,-0.01814882032667875,-0.03956834532374098,middle,True,False,False
internal_subsleeve_mom12_70_30,v57f_pool_internal_subsleeve,2023-01-03,601298.XSHG,port_rail_infrastructure,0.03571428571,0.024999999997,-0.010714285713000003,-0.007067137809187329,0.025594149908592323,middle,True,False,False
internal_subsleeve_mom12_70_30,v57f_pool_internal_subsleeve,2023-01-03,601000.XSHG,port_rail_infrastructure,0.03571428571,0.049999999994000004,0.014285714284000002,0.032490974729241895,0.0620155038759691,momentum_subsleeve,True,False,False
internal_subsleeve_mom12_70_30,v57f_pool_internal_subsleeve,2023-01-03,600033.XSHG,highway_infrastructure,0.03571428571,0.024999999997,-0.010714285713000003,0.02491103202846978,0.06617647058823528,middle,True,False,False
internal_subsleeve_mom12_70_30,v57f_pool_internal_subsleeve,2023-01-03,600350.XSHG,highway_infrastructure,0.03571428571,0.057142857136,0.021428571426,0.1037181996086105,0.047882136279926435,momentum_subsleeve,True,False,False
internal_subsleeve_mom12_70_30,v57f_pool_internal_subsleeve,2023-01-03,000429.XSHE,highway_infrastructure,0.03571428571,0.024999999997,-0.010714285713000003,0.04950495049504955,0.05675675675675684,middle,True,False,False
internal_subsleeve_mom12_70_30,v57f_pool_internal_subsleeve,2023-01-03,600012.XSHG,highway_infrastructure,0.03571428571,0.024999999997,-0.010714285713000003,0.012802275960170695,0.09595202398800584,middle,True,False,False
internal_subsleeve_mom12_70_30,v57f_pool_internal_subsleeve,2023-01-03,000755.XSHE,highway_infrastructure,0.03571428571,0.057142857136,0.021428571426,0.10916179337231968,0.04844961240310086,momentum_subsleeve,True,False,False
dual_sleeve_mom12_80_20,dual_sleeve_allocation,2023-01-03,600098.XSHG,utilities_electricity,0.03571428571,0.028571428568000004,-0.0071428571419999976,-0.32033096926713955,0.0714285714285714,value_sleeve_only,False,False,False
dual_sleeve_mom12_80_20,dual_sleeve_allocation,2023-01-03,601006.XSHG,port_rail_infrastructure,0.03571428571,0.05079365079022223,0.015079365080222229,0.06614173228346454,-0.013293943870014702,momentum_sleeve,False,False,False
dual_sleeve_mom12_80_20,dual_sleeve_allocation,2023-01-03,003816.XSHE,utilities_electricity,0.03571428571,0.028571428568000004,-0.0071428571419999976,-0.09900990099009899,0.01893939393939381,value_sleeve_only,False,False,False
dual_sleeve_mom12_80_20,dual_sleeve_allocation,2023-01-03,600886.XSHG,utilities_electricity,0.03571428571,0.028571428568000004,-0.0071428571419999976,-0.010830324909747224,0.008379888268156499,value_sleeve_only,False,False,False
dual_sleeve_mom12_80_20,dual_sleeve_allocation,2023-01-03,601985.XSHG,utilities_electricity,0.03571428571,0.028571428568000004,-0.0071428571419999976,-0.17678100263852237,0.025641025641025772,value_sleeve_only,False,False,False
dual_sleeve_mom12_80_20,dual_sleeve_allocation,2023-01-03,002039.XSHE,utilities_electricity,0.03571428571,0.028571428568000004,-0.0071428571419999976,-0.39344262295081966,0.14007490636704123,value_sleeve_only,False,False,False
dual_sleeve_mom12_80_20,dual_sleeve_allocation,2023-01-03,600461.XSHG,utilities_electricity,0.03571428571,0.028571428568000004,-0.0071428571419999976,-0.1013597033374537,-0.047945205479452024,value_sleeve_only,False,False,False
dual_sleeve_mom12_80_20,dual_sleeve_allocation,2023-01-03,600283.XSHG,utilities_electricity,0.03571428571,0.05079365079022223,0.015079365080222229,0.14982578397212531,0.028475711892797406,momentum_sleeve,False,False,False
dual_sleeve_mom12_80_20,dual_sleeve_allocation,2023-01-03,601077.XSHG,bank,0.03571428571,0.028571428568000004,-0.0071428571419999976,-0.06266318537859017,-0.011204481792717047,value_sleeve_only,False,False,False
dual_sleeve_mom12_80_20,dual_sleeve_allocation,2023-01-03,600717.XSHG,port_rail_infrastructure,0.03571428571,0.028571428568000004,-0.0071428571419999976,-0.0024038461538461453,0.02499999999999991,value_sleeve_only,False,False,False
dual_sleeve_mom12_80_20,dual_sleeve_allocation,2023-01-03,600035.XSHG,highway_infrastructure,0.03571428571,0.05079365079022223,0.015079365080222229,0.058252427184465994,0.0660377358490567,momentum_sleeve,False,False,False
dual_sleeve_mom12_80_20,dual_sleeve_allocation,2023-01-03,601825.XSHG,bank,0.03571428571,0.028571428568000004,-0.0071428571419999976,-0.14601769911504425,0.10734463276836159,value_sleeve_only,False,False,False
dual_sleeve_mom12_80_20,dual_sleeve_allocation,2023-01-03,601939.XSHG,bank,0.03571428571,0.028571428568000004,-0.0071428571419999976,-0.061749571183533525,0.019927536231884035,value_sleeve_only,False,False,False
dual_sleeve_mom12_80_20,dual_sleeve_allocation,2023-01-03,601288.XSHG,bank,0.03571428571,0.028571428568000004,-0.0071428571419999976,-0.023890784982935287,0.0174825174825175,value_sleeve_only,False,False,False
dual_sleeve_mom12_80_20,dual_sleeve_allocation,2023-01-03,601997.XSHG,bank,0.03571428571,0.028571428568000004,-0.0071428571419999976,-0.1371340523882898,0.012915129151291671,value_sleeve_only,False,False,False
dual_sleeve_mom12_80_20,dual_sleeve_allocation,2023-01-03,601988.XSHG,bank,0.03571428571,0.028571428568000004,-0.0071428571419999976,0.013071895424836555,0.02265372168284796,value_sleeve_only,False,False,False
dual_sleeve_mom12_80_20,dual_sleeve_allocation,2023-01-03,601398.XSHG,bank,0.03571428571,0.028571428568000004,-0.0071428571419999976,-0.08026030368763559,-0.0022988505747125743,value_sleeve_only,False,False,False
dual_sleeve_mom12_80_20,dual_sleeve_allocation,2023-01-03,000905.XSHE,port_rail_infrastructure,0.03571428571,0.05079365079022223,0.015079365080222229,0.03551912568306004,0.0197740112994349,momentum_sleeve,False,False,False
dual_sleeve_mom12_80_20,dual_sleeve_allocation,2023-01-03,601880.XSHG,port_rail_infrastructure,0.03571428571,0.028571428568000004,-0.0071428571419999976,-0.05747126436781613,0.012499999999999956,value_sleeve_only,False,False,False
dual_sleeve_mom12_80_20,dual_sleeve_allocation,2023-01-03,600018.XSHG,port_rail_infrastructure,0.03571428571,0.028571428568000004,-0.0071428571419999976,-0.01814882032667875,-0.03956834532374098,value_sleeve_only,False,False,False
dual_sleeve_mom12_80_20,dual_sleeve_allocation,2023-01-03,601298.XSHG,port_rail_infrastructure,0.03571428571,0.028571428568000004,-0.0071428571419999976,-0.007067137809187329,0.025594149908592323,value_sleeve_only,False,False,False
dual_sleeve_mom12_80_20,dual_sleeve_allocation,2023-01-03,601000.XSHG,port_rail_infrastructure,0.03571428571,0.05079365079022223,0.015079365080222229,0.032490974729241895,0.0620155038759691,momentum_sleeve,False,False,False
dual_sleeve_mom12_80_20,dual_sleeve_allocation,2023-01-03,600033.XSHG,highway_infrastructure,0.03571428571,0.05079365079022223,0.015079365080222229,0.02491103202846978,0.06617647058823528,momentum_sleeve,False,False,False
dual_sleeve_mom12_80_20,dual_sleeve_allocation,2023-01-03,600350.XSHG,highway_infrastructure,0.03571428571,0.05079365079022223,0.015079365080222229,0.1037181996086105,0.047882136279926435,momentum_sleeve,False,False,False
dual_sleeve_mom12_80_20,dual_sleeve_allocation,2023-01-03,000429.XSHE,highway_infrastructure,0.03571428571,0.05079365079022223,0.015079365080222229,0.04950495049504955,0.05675675675675684,momentum_sleeve,False,False,False
dual_sleeve_mom12_80_20,dual_sleeve_allocation,2023-01-03,600012.XSHG,highway_infrastructure,0.03571428571,0.028571428568000004,-0.0071428571419999976,0.012802275960170695,0.09595202398800584,value_sleeve_only,False,False,False
dual_sleeve_mom12_80_20,dual_sleeve_allocation,2023-01-03,000755.XSHE,highway_infrastructure,0.03571428571,0.05079365079022223,0.015079365080222229,0.10916179337231968,0.04844961240310086,momentum_sleeve,False,False,False
dual_sleeve_mom12_60_40,dual_sleeve_allocation,2023-01-03,600098.XSHG,utilities_electricity,0.03571428571,0.021428571426,-0.014285714284000002,-0.32033096926713955,0.0714285714285714,value_sleeve_only,False,False,False
dual_sleeve_mom12_60_40,dual_sleeve_allocation,2023-01-03,601006.XSHG,port_rail_infrastructure,0.03571428571,0.06587301587044445,0.030158730160444444,0.06614173228346454,-0.013293943870014702,momentum_sleeve,False,False,False
dual_sleeve_mom12_60_40,dual_sleeve_allocation,2023-01-03,003816.XSHE,utilities_electricity,0.03571428571,0.021428571426,-0.014285714284000002,-0.09900990099009899,0.01893939393939381,value_sleeve_only,False,False,False
dual_sleeve_mom12_60_40,dual_sleeve_allocation,2023-01-03,600886.XSHG,utilities_electricity,0.03571428571,0.021428571426,-0.014285714284000002,-0.010830324909747224,0.008379888268156499,value_sleeve_only,False,False,False
dual_sleeve_mom12_60_40,dual_sleeve_allocation,2023-01-03,601985.XSHG,utilities_electricity,0.03571428571,0.021428571426,-0.014285714284000002,-0.17678100263852237,0.025641025641025772,value_sleeve_only,False,False,False
dual_sleeve_mom12_60_40,dual_sleeve_allocation,2023-01-03,002039.XSHE,utilities_electricity,0.03571428571,0.021428571426,-0.014285714284000002,-0.39344262295081966,0.14007490636704123,value_sleeve_only,False,False,False
dual_sleeve_mom12_60_40,dual_sleeve_allocation,2023-01-03,600461.XSHG,utilities_electricity,0.03571428571,0.021428571426,-0.014285714284000002,-0.1013597033374537,-0.047945205479452024,value_sleeve_only,False,False,False
dual_sleeve_mom12_60_40,dual_sleeve_allocation,2023-01-03,600283.XSHG,utilities_electricity,0.03571428571,0.06587301587044445,0.030158730160444444,0.14982578397212531,0.028475711892797406,momentum_sleeve,False,False,False
dual_sleeve_mom12_60_40,dual_sleeve_allocation,2023-01-03,601077.XSHG,bank,0.03571428571,0.021428571426,-0.014285714284000002,-0.06266318537859017,-0.011204481792717047,value_sleeve_only,False,False,False
dual_sleeve_mom12_60_40,dual_sleeve_allocation,2023-01-03,600717.XSHG,port_rail_infrastructure,0.03571428571,0.021428571426,-0.014285714284000002,-0.0024038461538461453,0.02499999999999991,value_sleeve_only,False,False,False
dual_sleeve_mom12_60_40,dual_sleeve_allocation,2023-01-03,600035.XSHG,highway_infrastructure,0.03571428571,0.06587301587044445,0.030158730160444444,0.058252427184465994,0.0660377358490567,momentum_sleeve,False,False,False
dual_sleeve_mom12_60_40,dual_sleeve_allocation,2023-01-03,601825.XSHG,bank,0.03571428571,0.021428571426,-0.014285714284000002,-0.14601769911504425,0.10734463276836159,value_sleeve_only,False,False,False
dual_sleeve_mom12_60_40,dual_sleeve_allocation,2023-01-03,601939.XSHG,bank,0.03571428571,0.021428571426,-0.014285714284000002,-0.061749571183533525,0.019927536231884035,value_sleeve_only,False,False,False
dual_sleeve_mom12_60_40,dual_sleeve_allocation,2023-01-03,601288.XSHG,bank,0.03571428571,0.021428571426,-0.014285714284000002,-0.023890784982935287,0.0174825174825175,value_sleeve_only,False,False,False
dual_sleeve_mom12_60_40,dual_sleeve_allocation,2023-01-03,601997.XSHG,bank,0.03571428571,0.021428571426,-0.014285714284000002,-0.1371340523882898,0.012915129151291671,value_sleeve_only,False,False,False
dual_sleeve_mom12_60_40,dual_sleeve_allocation,2023-01-03,601988.XSHG,bank,0.03571428571,0.021428571426,-0.014285714284000002,0.013071895424836555,0.02265372168284796,value_sleeve_only,False,False,False
dual_sleeve_mom12_60_40,dual_sleeve_allocation,2023-01-03,601398.XSHG,bank,0.03571428571,0.021428571426,-0.014285714284000002,-0.08026030368763559,-0.0022988505747125743,value_sleeve_only,False,False,False
dual_sleeve_mom12_60_40,dual_sleeve_allocation,2023-01-03,000905.XSHE,port_rail_infrastructure,0.03571428571,0.06587301587044445,0.030158730160444444,0.03551912568306004,0.0197740112994349,momentum_sleeve,False,False,False
dual_sleeve_mom12_60_40,dual_sleeve_allocation,2023-01-03,601880.XSHG,port_rail_infrastructure,0.03571428571,0.021428571426,-0.014285714284000002,-0.05747126436781613,0.012499999999999956,value_sleeve_only,False,False,False
dual_sleeve_mom12_60_40,dual_sleeve_allocation,2023-01-03,600018.XSHG,port_rail_infrastructure,0.03571428571,0.021428571426,-0.014285714284000002,-0.01814882032667875,-0.03956834532374098,value_sleeve_only,False,False,False
dual_sleeve_mom12_60_40,dual_sleeve_allocation,2023-01-03,601298.XSHG,port_rail_infrastructure,0.03571428571,0.021428571426,-0.014285714284000002,-0.007067137809187329,0.025594149908592323,value_sleeve_only,False,False,False
dual_sleeve_mom12_60_40,dual_sleeve_allocation,2023-01-03,601000.XSHG,port_rail_infrastructure,0.03571428571,0.06587301587044445,0.030158730160444444,0.032490974729241895,0.0620155038759691,momentum_sleeve,False,False,False
dual_sleeve_mom12_60_40,dual_sleeve_allocation,2023-01-03,600033.XSHG,highway_infrastructure,0.03571428571,0.06587301587044445,0.030158730160444444,0.02491103202846978,0.06617647058823528,momentum_sleeve,False,False,False
dual_sleeve_mom12_60_40,dual_sleeve_allocation,2023-01-03,600350.XSHG,highway_infrastructure,0.03571428571,0.06587301587044445,0.030158730160444444,0.1037181996086105,0.047882136279926435,momentum_sleeve,False,False,False
dual_sleeve_mom12_60_40,dual_sleeve_allocation,2023-01-03,000429.XSHE,highway_infrastructure,0.03571428571,0.06587301587044445,0.030158730160444444,0.04950495049504955,0.05675675675675684,momentum_sleeve,False,False,False
dual_sleeve_mom12_60_40,dual_sleeve_allocation,2023-01-03,600012.XSHG,highway_infrastructure,0.03571428571,0.021428571426,-0.014285714284000002,0.012802275960170695,0.09595202398800584,value_sleeve_only,False,False,False
dual_sleeve_mom12_60_40,dual_sleeve_allocation,2023-01-03,000755.XSHE,highway_infrastructure,0.03571428571,0.06587301587044445,0.030158730160444444,0.10916179337231968,0.04844961240310086,momentum_sleeve,False,False,False
state_routed_mom12_70_30_or_100_0,state_routed_budget,2023-01-03,600098.XSHG,utilities_electricity,0.03571428571,0.024999999997,-0.010714285713000003,-0.32033096926713955,0.0714285714285714,value_sleeve_only,False,False,False
state_routed_mom12_70_30_or_100_0,state_routed_budget,2023-01-03,601006.XSHG,port_rail_infrastructure,0.03571428571,0.05833333333033333,0.02261904762033333,0.06614173228346454,-0.013293943870014702,momentum_sleeve,False,False,False
state_routed_mom12_70_30_or_100_0,state_routed_budget,2023-01-03,003816.XSHE,utilities_electricity,0.03571428571,0.024999999997,-0.010714285713000003,-0.09900990099009899,0.01893939393939381,value_sleeve_only,False,False,False
state_routed_mom12_70_30_or_100_0,state_routed_budget,2023-01-03,600886.XSHG,utilities_electricity,0.03571428571,0.024999999997,-0.010714285713000003,-0.010830324909747224,0.008379888268156499,value_sleeve_only,False,False,False
state_routed_mom12_70_30_or_100_0,state_routed_budget,2023-01-03,601985.XSHG,utilities_electricity,0.03571428571,0.024999999997,-0.010714285713000003,-0.17678100263852237,0.025641025641025772,value_sleeve_only,False,False,False
state_routed_mom12_70_30_or_100_0,state_routed_budget,2023-01-03,002039.XSHE,utilities_electricity,0.03571428571,0.024999999997,-0.010714285713000003,-0.39344262295081966,0.14007490636704123,value_sleeve_only,False,False,False
state_routed_mom12_70_30_or_100_0,state_routed_budget,2023-01-03,600461.XSHG,utilities_electricity,0.03571428571,0.024999999997,-0.010714285713000003,-0.1013597033374537,-0.047945205479452024,value_sleeve_only,False,False,False
state_routed_mom12_70_30_or_100_0,state_routed_budget,2023-01-03,600283.XSHG,utilities_electricity,0.03571428571,0.05833333333033333,0.02261904762033333,0.14982578397212531,0.028475711892797406,momentum_sleeve,False,False,False
state_routed_mom12_70_30_or_100_0,state_routed_budget,2023-01-03,601077.XSHG,bank,0.03571428571,0.024999999997,-0.010714285713000003,-0.06266318537859017,-0.011204481792717047,value_sleeve_only,False,False,False
state_routed_mom12_70_30_or_100_0,state_routed_budget,2023-01-03,600717.XSHG,port_rail_infrastructure,0.03571428571,0.024999999997,-0.010714285713000003,-0.0024038461538461453,0.02499999999999991,value_sleeve_only,False,False,False
state_routed_mom12_70_30_or_100_0,state_routed_budget,2023-01-03,600035.XSHG,highway_infrastructure,0.03571428571,0.05833333333033333,0.02261904762033333,0.058252427184465994,0.0660377358490567,momentum_sleeve,False,False,False
state_routed_mom12_70_30_or_100_0,state_routed_budget,2023-01-03,601825.XSHG,bank,0.03571428571,0.024999999997,-0.010714285713000003,-0.14601769911504425,0.10734463276836159,value_sleeve_only,False,False,False
state_routed_mom12_70_30_or_100_0,state_routed_budget,2023-01-03,601939.XSHG,bank,0.03571428571,0.024999999997,-0.010714285713000003,-0.061749571183533525,0.019927536231884035,value_sleeve_only,False,False,False
state_routed_mom12_70_30_or_100_0,state_routed_budget,2023-01-03,601288.XSHG,bank,0.03571428571,0.024999999997,-0.010714285713000003,-0.023890784982935287,0.0174825174825175,value_sleeve_only,False,False,False
state_routed_mom12_70_30_or_100_0,state_routed_budget,2023-01-03,601997.XSHG,bank,0.03571428571,0.024999999997,-0.010714285713000003,-0.1371340523882898,0.012915129151291671,value_sleeve_only,False,False,False
state_routed_mom12_70_30_or_100_0,state_routed_budget,2023-01-03,601988.XSHG,bank,0.03571428571,0.024999999997,-0.010714285713000003,0.013071895424836555,0.02265372168284796,value_sleeve_only,False,False,False
state_routed_mom12_70_30_or_100_0,state_routed_budget,2023-01-03,601398.XSHG,bank,0.03571428571,0.024999999997,-0.010714285713000003,-0.08026030368763559,-0.0022988505747125743,value_sleeve_only,False,False,False
state_routed_mom12_70_30_or_100_0,state_routed_budget,2023-01-03,000905.XSHE,port_rail_infrastructure,0.03571428571,0.05833333333033333,0.02261904762033333,0.03551912568306004,0.0197740112994349,momentum_sleeve,False,False,False
state_routed_mom12_70_30_or_100_0,state_routed_budget,2023-01-03,601880.XSHG,port_rail_infrastructure,0.03571428571,0.024999999997,-0.010714285713000003,-0.05747126436781613,0.012499999999999956,value_sleeve_only,False,False,False
state_routed_mom12_70_30_or_100_0,state_routed_budget,2023-01-03,600018.XSHG,port_rail_infrastructure,0.03571428571,0.024999999997,-0.010714285713000003,-0.01814882032667875,-0.03956834532374098,value_sleeve_only,False,False,False
state_routed_mom12_70_30_or_100_0,state_routed_budget,2023-01-03,601298.XSHG,port_rail_infrastructure,0.03571428571,0.024999999997,-0.010714285713000003,-0.007067137809187329,0.025594149908592323,value_sleeve_only,False,False,False
state_routed_mom12_70_30_or_100_0,state_routed_budget,2023-01-03,601000.XSHG,port_rail_infrastructure,0.03571428571,0.05833333333033333,0.02261904762033333,0.032490974729241895,0.0620155038759691,momentum_sleeve,False,False,False
state_routed_mom12_70_30_or_100_0,state_routed_budget,2023-01-03,600033.XSHG,highway_infrastructure,0.03571428571,0.05833333333033333,0.02261904762033333,0.02491103202846978,0.06617647058823528,momentum_sleeve,False,False,False
state_routed_mom12_70_30_or_100_0,state_routed_budget,2023-01-03,600350.XSHG,highway_infrastructure,0.03571428571,0.05833333333033333,0.02261904762033333,0.1037181996086105,0.047882136279926435,momentum_sleeve,False,False,False
state_routed_mom12_70_30_or_100_0,state_routed_budget,2023-01-03,000429.XSHE,highway_infrastructure,0.03571428571,0.05833333333033333,0.02261904762033333,0.04950495049504955,0.05675675675675684,momentum_sleeve,False,False,False
state_routed_mom12_70_30_or_100_0,state_routed_budget,2023-01-03,600012.XSHG,highway_infrastructure,0.03571428571,0.024999999997,-0.010714285713000003,0.012802275960170695,0.09595202398800584,value_sleeve_only,False,False,False
state_routed_mom12_70_30_or_100_0,state_routed_budget,2023-01-03,000755.XSHE,highway_infrastructure,0.03571428571,0.05833333333033333,0.02261904762033333,0.10916179337231968,0.04844961240310086,momentum_sleeve,False,False,False
admission_suppression_mom12_bottom_cap75,admission_suppression,2023-01-03,600098.XSHG,utilities_electricity,0.03571428571,0.0267857142825,-0.0089285714275,-0.32033096926713955,0.0714285714285714,suppressed_bottom_momentum,True,False,False
admission_suppression_mom12_bottom_cap75,admission_suppression,2023-01-03,601006.XSHG,port_rail_infrastructure,0.03571428571,0.039285714281,0.0035714285709999988,0.06614173228346454,-0.013293943870014702,middle_or_top,True,False,False
admission_suppression_mom12_bottom_cap75,admission_suppression,2023-01-03,003816.XSHE,utilities_electricity,0.03571428571,0.039285714281,0.0035714285709999988,-0.09900990099009899,0.01893939393939381,middle_or_top,True,False,False
admission_suppression_mom12_bottom_cap75,admission_suppression,2023-01-03,600886.XSHG,utilities_electricity,0.03571428571,0.039285714281,0.0035714285709999988,-0.010830324909747224,0.008379888268156499,middle_or_top,True,False,False
admission_suppression_mom12_bottom_cap75,admission_suppression,2023-01-03,601985.XSHG,utilities_electricity,0.03571428571,0.039285714281,0.0035714285709999988,-0.17678100263852237,0.025641025641025772,middle_or_top,True,False,False
admission_suppression_mom12_bottom_cap75,admission_suppression,2023-01-03,002039.XSHE,utilities_electricity,0.03571428571,0.0267857142825,-0.0089285714275,-0.39344262295081966,0.14007490636704123,suppressed_bottom_momentum,True,False,False
admission_suppression_mom12_bottom_cap75,admission_suppression,2023-01-03,600461.XSHG,utilities_electricity,0.03571428571,0.039285714281,0.0035714285709999988,-0.1013597033374537,-0.047945205479452024,middle_or_top,True,False,False
admission_suppression_mom12_bottom_cap75,admission_suppression,2023-01-03,600283.XSHG,utilities_electricity,0.03571428571,0.039285714281,0.0035714285709999988,0.14982578397212531,0.028475711892797406,middle_or_top,True,False,False
admission_suppression_mom12_bottom_cap75,admission_suppression,2023-01-03,601077.XSHG,bank,0.03571428571,0.039285714281,0.0035714285709999988,-0.06266318537859017,-0.011204481792717047,middle_or_top,True,False,False
admission_suppression_mom12_bottom_cap75,admission_suppression,2023-01-03,600717.XSHG,port_rail_infrastructure,0.03571428571,0.039285714281,0.0035714285709999988,-0.0024038461538461453,0.02499999999999991,middle_or_top,True,False,False
admission_suppression_mom12_bottom_cap75,admission_suppression,2023-01-03,600035.XSHG,highway_infrastructure,0.03571428571,0.040178571423750004,0.004464285713750002,0.058252427184465994,0.0660377358490567,middle_or_top,True,False,False
admission_suppression_mom12_bottom_cap75,admission_suppression,2023-01-03,601825.XSHG,bank,0.03571428571,0.0267857142825,-0.0089285714275,-0.14601769911504425,0.10734463276836159,suppressed_bottom_momentum,True,False,False
admission_suppression_mom12_bottom_cap75,admission_suppression,2023-01-03,601939.XSHG,bank,0.03571428571,0.039285714281,0.0035714285709999988,-0.061749571183533525,0.019927536231884035,middle_or_top,True,False,False
admission_suppression_mom12_bottom_cap75,admission_suppression,2023-01-03,601288.XSHG,bank,0.03571428571,0.039285714281,0.0035714285709999988,-0.023890784982935287,0.0174825174825175,middle_or_top,True,False,False
admission_suppression_mom12_bottom_cap75,admission_suppression,2023-01-03,601997.XSHG,bank,0.03571428571,0.0267857142825,-0.0089285714275,-0.1371340523882898,0.012915129151291671,suppressed_bottom_momentum,True,False,False
admission_suppression_mom12_bottom_cap75,admission_suppression,2023-01-03,601988.XSHG,bank,0.03571428571,0.039285714281,0.0035714285709999988,0.013071895424836555,0.02265372168284796,middle_or_top,True,False,False
admission_suppression_mom12_bottom_cap75,admission_suppression,2023-01-03,601398.XSHG,bank,0.03571428571,0.039285714281,0.0035714285709999988,-0.08026030368763559,-0.0022988505747125743,middle_or_top,True,False,False
admission_suppression_mom12_bottom_cap75,admission_suppression,2023-01-03,000905.XSHE,port_rail_infrastructure,0.03571428571,0.039285714281,0.0035714285709999988,0.03551912568306004,0.0197740112994349,middle_or_top,True,False,False
admission_suppression_mom12_bottom_cap75,admission_suppression,2023-01-03,601880.XSHG,port_rail_infrastructure,0.03571428571,0.0267857142825,-0.0089285714275,-0.05747126436781613,0.012499999999999956,suppressed_bottom_momentum,True,False,False
admission_suppression_mom12_bottom_cap75,admission_suppression,2023-01-03,600018.XSHG,port_rail_infrastructure,0.03571428571,0.0267857142825,-0.0089285714275,-0.01814882032667875,-0.03956834532374098,suppressed_bottom_momentum,True,False,False
admission_suppression_mom12_bottom_cap75,admission_suppression,2023-01-03,601298.XSHG,port_rail_infrastructure,0.03571428571,0.039285714281,0.0035714285709999988,-0.007067137809187329,0.025594149908592323,middle_or_top,True,False,False
admission_suppression_mom12_bottom_cap75,admission_suppression,2023-01-03,601000.XSHG,port_rail_infrastructure,0.03571428571,0.039285714281,0.0035714285709999988,0.032490974729241895,0.0620155038759691,middle_or_top,True,False,False
admission_suppression_mom12_bottom_cap75,admission_suppression,2023-01-03,600033.XSHG,highway_infrastructure,0.03571428571,0.0267857142825,-0.0089285714275,0.02491103202846978,0.06617647058823528,suppressed_bottom_momentum,True,False,False
admission_suppression_mom12_bottom_cap75,admission_suppression,2023-01-03,600350.XSHG,highway_infrastructure,0.03571428571,0.040178571423750004,0.004464285713750002,0.1037181996086105,0.047882136279926435,middle_or_top,True,False,False
admission_suppression_mom12_bottom_cap75,admission_suppression,2023-01-03,000429.XSHE,highway_infrastructure,0.03571428571,0.040178571423750004,0.004464285713750002,0.04950495049504955,0.05675675675675684,middle_or_top,True,False,False
admission_suppression_mom12_bottom_cap75,admission_suppression,2023-01-03,600012.XSHG,highway_infrastructure,0.03571428571,0.0267857142825,-0.0089285714275,0.012802275960170695,0.09595202398800584,suppressed_bottom_momentum,True,False,False
admission_suppression_mom12_bottom_cap75,admission_suppression,2023-01-03,000755.XSHE,highway_infrastructure,0.03571428571,0.040178571423750004,0.004464285713750002,0.10916179337231968,0.04844961240310086,middle_or_top,True,False,False
v57f_startup_preload_repaired_baseline,baseline,2023-04-03,600168.XSHG,utilities_electricity,0.03571428571,0.03571428571,0.0,-0.13251366120218588,0.011647254575707144,baseline,True,False,False
v57f_startup_preload_repaired_baseline,baseline,2023-04-03,600098.XSHG,utilities_electricity,0.03571428571,0.03571428571,0.0,-0.0739599383667181,0.07259528130671522,baseline,True,False,False
v57f_startup_preload_repaired_baseline,baseline,2023-04-03,600681.XSHG,utilities_electricity,0.03571428571,0.03571428571,0.0,-0.12228796844181467,0.0235294117647058,baseline,True,False,False
v57f_startup_preload_repaired_baseline,baseline,2023-04-03,600283.XSHG,utilities_electricity,0.03571428571,0.03571428571,0.0,0.0746388443017656,0.024026512013255896,baseline,True,False,False
v57f_startup_preload_repaired_baseline,baseline,2023-04-03,601985.XSHG,utilities_electricity,0.03571428571,0.03571428571,0.0,-0.1880448318804483,0.06677796327212016,baseline,True,False,False
v57f_startup_preload_repaired_baseline,baseline,2023-04-03,601077.XSHG,bank,0.03571428571,0.03571428571,0.0,-0.04935064935064937,0.04558404558404572,baseline,True,False,False
v57f_startup_preload_repaired_baseline,baseline,2023-04-03,600956.XSHG,utilities_electricity,0.03571428571,0.03571428571,0.0,-0.23704268292682928,-0.030082987551867335,baseline,True,False,False
v57f_startup_preload_repaired_baseline,baseline,2023-04-03,600617.XSHG,utilities_electricity,0.03571428571,0.03571428571,0.0,0.09390862944162426,0.00995024875621886,baseline,True,False,False
v57f_startup_preload_repaired_baseline,baseline,2023-04-03,601825.XSHG,bank,0.03571428571,0.03571428571,0.0,-0.07332293291731662,-0.020408163265306145,baseline,True,False,False
v57f_startup_preload_repaired_baseline,baseline,2023-04-03,601006.XSHG,port_rail_infrastructure,0.03571428571,0.03571428571,0.0,0.06006006006006004,0.09270516717325239,baseline,True,False,False
v57f_startup_preload_repaired_baseline,baseline,2023-04-03,600035.XSHG,highway_infrastructure,0.03571428571,0.03571428571,0.0,0.13607594936708844,0.04491017964071875,baseline,True,False,False
v57f_startup_preload_repaired_baseline,baseline,2023-04-03,600717.XSHG,port_rail_infrastructure,0.03571428571,0.03571428571,0.0,0.06930693069306937,0.014999999999999902,baseline,True,False,False
v57f_startup_preload_repaired_baseline,baseline,2023-04-03,600033.XSHG,highway_infrastructure,0.03571428571,0.03571428571,0.0,0.05964912280701751,0.021052631578947434,baseline,True,False,False
v57f_startup_preload_repaired_baseline,baseline,2023-04-03,601298.XSHG,port_rail_infrastructure,0.03571428571,0.03571428571,0.0,0.0813308687615526,0.16087751371115178,baseline,True,False,False
v57f_startup_preload_repaired_baseline,baseline,2023-04-03,600017.XSHG,port_rail_infrastructure,0.03571428571,0.03571428571,0.0,0.0652173913043479,0.014545454545454639,baseline,True,False,False
v57f_startup_preload_repaired_baseline,baseline,2023-04-03,601880.XSHG,port_rail_infrastructure,0.03571428571,0.03571428571,0.0,-0.052023121387283267,0.0,baseline,True,False,False
v57f_startup_preload_repaired_baseline,baseline,2023-04-03,600018.XSHG,port_rail_infrastructure,0.03571428571,0.03571428571,0.0,-0.026642984014209503,0.05123339658444026,baseline,True,False,False
v57f_startup_preload_repaired_baseline,baseline,2023-04-03,601288.XSHG,bank,0.03571428571,0.03571428571,0.0,0.0033783783783785104,0.07986111111111116,baseline,True,False,False
v57f_startup_preload_repaired_baseline,baseline,2023-04-03,601398.XSHG,bank,0.03571428571,0.03571428571,0.0,-0.04175824175824161,0.037209302325581506,baseline,True,False,False
v57f_startup_preload_repaired_baseline,baseline,2023-04-03,601939.XSHG,bank,0.03571428571,0.03571428571,0.0,-0.026711185308848084,0.06261180679785339,baseline,True,False,False
v57f_startup_preload_repaired_baseline,baseline,2023-04-03,601988.XSHG,bank,0.03571428571,0.03571428571,0.0,0.06774193548387086,0.07301587301587298,baseline,True,False,False
v57f_startup_preload_repaired_baseline,baseline,2023-04-03,601169.XSHG,bank,0.03571428571,0.03571428571,0.0,-0.006787330316742168,0.025641025641025772,baseline,True,False,False
v57f_startup_preload_repaired_baseline,baseline,2023-04-03,001872.XSHE,port_rail_infrastructure,0.03571428571,0.03571428571,0.0,0.011140235910878094,0.21312632321806646,baseline,True,False,False
v57f_startup_preload_repaired_baseline,baseline,2023-04-03,600377.XSHG,highway_infrastructure,0.03571428571,0.03571428571,0.0,0.044205495818399276,0.03855721393034828,baseline,True,False,False
v57f_startup_preload_repaired_baseline,baseline,2023-04-03,000429.XSHE,highway_infrastructure,0.03571428571,0.03571428571,0.0,0.06666666666666665,-0.011780104712041828,baseline,True,False,False
v57f_startup_preload_repaired_baseline,baseline,2023-04-03,600350.XSHG,highway_infrastructure,0.03571428571,0.03571428571,0.0,0.18908382066276808,0.09677419354838701,baseline,True,False,False
v57f_startup_preload_repaired_baseline,baseline,2023-04-03,600012.XSHG,highway_infrastructure,0.03571428571,0.03571428571,0.0,0.19786096256684504,0.243732590529248,baseline,True,False,False
v57f_startup_preload_repaired_baseline,baseline,2023-04-03,000755.XSHE,highway_infrastructure,0.03571428571,0.03571428571,0.0,0.27253668763102734,0.029795158286778367,baseline,True,False,False
internal_subsleeve_mom12_80_20,v57f_pool_internal_subsleeve,2023-04-03,600168.XSHG,utilities_electricity,0.03571428571,0.028571428568000004,-0.0071428571419999976,-0.13251366120218588,0.011647254575707144,middle,True,False,False
internal_subsleeve_mom12_80_20,v57f_pool_internal_subsleeve,2023-04-03,600098.XSHG,utilities_electricity,0.03571428571,0.04523809523266667,0.009523809522666668,-0.0739599383667181,0.07259528130671522,momentum_subsleeve,True,False,False
internal_subsleeve_mom12_80_20,v57f_pool_internal_subsleeve,2023-04-03,600681.XSHG,utilities_electricity,0.03571428571,0.028571428568000004,-0.0071428571419999976,-0.12228796844181467,0.0235294117647058,middle,True,False,False
internal_subsleeve_mom12_80_20,v57f_pool_internal_subsleeve,2023-04-03,600283.XSHG,utilities_electricity,0.03571428571,0.04523809523266667,0.009523809522666668,0.0746388443017656,0.024026512013255896,momentum_subsleeve,True,False,False
internal_subsleeve_mom12_80_20,v57f_pool_internal_subsleeve,2023-04-03,601985.XSHG,utilities_electricity,0.03571428571,0.028571428568000004,-0.0071428571419999976,-0.1880448318804483,0.06677796327212016,middle,True,False,False
internal_subsleeve_mom12_80_20,v57f_pool_internal_subsleeve,2023-04-03,601077.XSHG,bank,0.03571428571,0.028571428568000004,-0.0071428571419999976,-0.04935064935064937,0.04558404558404572,middle,True,False,False
internal_subsleeve_mom12_80_20,v57f_pool_internal_subsleeve,2023-04-03,600956.XSHG,utilities_electricity,0.03571428571,0.028571428568000004,-0.0071428571419999976,-0.23704268292682928,-0.030082987551867335,middle,True,False,False
internal_subsleeve_mom12_80_20,v57f_pool_internal_subsleeve,2023-04-03,600617.XSHG,utilities_electricity,0.03571428571,0.04523809523266667,0.009523809522666668,0.09390862944162426,0.00995024875621886,momentum_subsleeve,True,False,False
internal_subsleeve_mom12_80_20,v57f_pool_internal_subsleeve,2023-04-03,601825.XSHG,bank,0.03571428571,0.028571428568000004,-0.0071428571419999976,-0.07332293291731662,-0.020408163265306145,middle,True,False,False
internal_subsleeve_mom12_80_20,v57f_pool_internal_subsleeve,2023-04-03,601006.XSHG,port_rail_infrastructure,0.03571428571,0.028571428568000004,-0.0071428571419999976,0.06006006006006004,0.09270516717325239,middle,True,False,False
internal_subsleeve_mom12_80_20,v57f_pool_internal_subsleeve,2023-04-03,600035.XSHG,highway_infrastructure,0.03571428571,0.028571428568000004,-0.0071428571419999976,0.13607594936708844,0.04491017964071875,middle,True,False,False
internal_subsleeve_mom12_80_20,v57f_pool_internal_subsleeve,2023-04-03,600717.XSHG,port_rail_infrastructure,0.03571428571,0.04523809523266667,0.009523809522666668,0.06930693069306937,0.014999999999999902,momentum_subsleeve,True,False,False
internal_subsleeve_mom12_80_20,v57f_pool_internal_subsleeve,2023-04-03,600033.XSHG,highway_infrastructure,0.03571428571,0.028571428568000004,-0.0071428571419999976,0.05964912280701751,0.021052631578947434,middle,True,False,False
internal_subsleeve_mom12_80_20,v57f_pool_internal_subsleeve,2023-04-03,601298.XSHG,port_rail_infrastructure,0.03571428571,0.04523809523266667,0.009523809522666668,0.0813308687615526,0.16087751371115178,momentum_subsleeve,True,False,False
internal_subsleeve_mom12_80_20,v57f_pool_internal_subsleeve,2023-04-03,600017.XSHG,port_rail_infrastructure,0.03571428571,0.04523809523266667,0.009523809522666668,0.0652173913043479,0.014545454545454639,momentum_subsleeve,True,False,False
internal_subsleeve_mom12_80_20,v57f_pool_internal_subsleeve,2023-04-03,601880.XSHG,port_rail_infrastructure,0.03571428571,0.028571428568000004,-0.0071428571419999976,-0.052023121387283267,0.0,middle,True,False,False
internal_subsleeve_mom12_80_20,v57f_pool_internal_subsleeve,2023-04-03,600018.XSHG,port_rail_infrastructure,0.03571428571,0.028571428568000004,-0.0071428571419999976,-0.026642984014209503,0.05123339658444026,middle,True,False,False
internal_subsleeve_mom12_80_20,v57f_pool_internal_subsleeve,2023-04-03,601288.XSHG,bank,0.03571428571,0.04523809523266667,0.009523809522666668,0.0033783783783785104,0.07986111111111116,momentum_subsleeve,True,False,False
internal_subsleeve_mom12_80_20,v57f_pool_internal_subsleeve,2023-04-03,601398.XSHG,bank,0.03571428571,0.028571428568000004,-0.0071428571419999976,-0.04175824175824161,0.037209302325581506,middle,True,False,False
internal_subsleeve_mom12_80_20,v57f_pool_internal_subsleeve,2023-04-03,601939.XSHG,bank,0.03571428571,0.028571428568000004,-0.0071428571419999976,-0.026711185308848084,0.06261180679785339,middle,True,False,False
internal_subsleeve_mom12_80_20,v57f_pool_internal_subsleeve,2023-04-03,601988.XSHG,bank,0.03571428571,0.04523809523266667,0.009523809522666668,0.06774193548387086,0.07301587301587298,momentum_subsleeve,True,False,False
internal_subsleeve_mom12_80_20,v57f_pool_internal_subsleeve,2023-04-03,601169.XSHG,bank,0.03571428571,0.04523809523266667,0.009523809522666668,-0.006787330316742168,0.025641025641025772,momentum_subsleeve,True,False,False
internal_subsleeve_mom12_80_20,v57f_pool_internal_subsleeve,2023-04-03,001872.XSHE,port_rail_infrastructure,0.03571428571,0.028571428568000004,-0.0071428571419999976,0.011140235910878094,0.21312632321806646,middle,True,False,False
internal_subsleeve_mom12_80_20,v57f_pool_internal_subsleeve,2023-04-03,600377.XSHG,highway_infrastructure,0.03571428571,0.028571428568000004,-0.0071428571419999976,0.044205495818399276,0.03855721393034828,middle,True,False,False
internal_subsleeve_mom12_80_20,v57f_pool_internal_subsleeve,2023-04-03,000429.XSHE,highway_infrastructure,0.03571428571,0.028571428568000004,-0.0071428571419999976,0.06666666666666665,-0.011780104712041828,middle,True,False,False
internal_subsleeve_mom12_80_20,v57f_pool_internal_subsleeve,2023-04-03,600350.XSHG,highway_infrastructure,0.03571428571,0.04523809523266667,0.009523809522666668,0.18908382066276808,0.09677419354838701,momentum_subsleeve,True,False,False
internal_subsleeve_mom12_80_20,v57f_pool_internal_subsleeve,2023-04-03,600012.XSHG,highway_infrastructure,0.03571428571,0.04523809523266667,0.009523809522666668,0.19786096256684504,0.243732590529248,momentum_subsleeve,True,False,False
internal_subsleeve_mom12_80_20,v57f_pool_internal_subsleeve,2023-04-03,000755.XSHE,highway_infrastructure,0.03571428571,0.04523809523266667,0.009523809522666668,0.27253668763102734,0.029795158286778367,momentum_subsleeve,True,False,False
internal_subsleeve_mom12_70_30,v57f_pool_internal_subsleeve,2023-04-03,600168.XSHG,utilities_electricity,0.03571428571,0.024999999997,-0.010714285713000003,-0.13251366120218588,0.011647254575707144,middle,True,False,False
internal_subsleeve_mom12_70_30,v57f_pool_internal_subsleeve,2023-04-03,600098.XSHG,utilities_electricity,0.03571428571,0.049999999994000004,0.014285714284000002,-0.0739599383667181,0.07259528130671522,momentum_subsleeve,True,False,False
internal_subsleeve_mom12_70_30,v57f_pool_internal_subsleeve,2023-04-03,600681.XSHG,utilities_electricity,0.03571428571,0.024999999997,-0.010714285713000003,-0.12228796844181467,0.0235294117647058,middle,True,False,False
internal_subsleeve_mom12_70_30,v57f_pool_internal_subsleeve,2023-04-03,600283.XSHG,utilities_electricity,0.03571428571,0.049999999994000004,0.014285714284000002,0.0746388443017656,0.024026512013255896,momentum_subsleeve,True,False,False
internal_subsleeve_mom12_70_30,v57f_pool_internal_subsleeve,2023-04-03,601985.XSHG,utilities_electricity,0.03571428571,0.024999999997,-0.010714285713000003,-0.1880448318804483,0.06677796327212016,middle,True,False,False
internal_subsleeve_mom12_70_30,v57f_pool_internal_subsleeve,2023-04-03,601077.XSHG,bank,0.03571428571,0.024999999997,-0.010714285713000003,-0.04935064935064937,0.04558404558404572,middle,True,False,False
internal_subsleeve_mom12_70_30,v57f_pool_internal_subsleeve,2023-04-03,600956.XSHG,utilities_electricity,0.03571428571,0.024999999997,-0.010714285713000003,-0.23704268292682928,-0.030082987551867335,middle,True,False,False
internal_subsleeve_mom12_70_30,v57f_pool_internal_subsleeve,2023-04-03,600617.XSHG,utilities_electricity,0.03571428571,0.049999999994000004,0.014285714284000002,0.09390862944162426,0.00995024875621886,momentum_subsleeve,True,False,False
internal_subsleeve_mom12_70_30,v57f_pool_internal_subsleeve,2023-04-03,601825.XSHG,bank,0.03571428571,0.024999999997,-0.010714285713000003,-0.07332293291731662,-0.020408163265306145,middle,True,False,False
internal_subsleeve_mom12_70_30,v57f_pool_internal_subsleeve,2023-04-03,601006.XSHG,port_rail_infrastructure,0.03571428571,0.024999999997,-0.010714285713000003,0.06006006006006004,0.09270516717325239,middle,True,False,False
internal_subsleeve_mom12_70_30,v57f_pool_internal_subsleeve,2023-04-03,600035.XSHG,highway_infrastructure,0.03571428571,0.024999999997,-0.010714285713000003,0.13607594936708844,0.04491017964071875,middle,True,False,False
internal_subsleeve_mom12_70_30,v57f_pool_internal_subsleeve,2023-04-03,600717.XSHG,port_rail_infrastructure,0.03571428571,0.049999999994000004,0.014285714284000002,0.06930693069306937,0.014999999999999902,momentum_subsleeve,True,False,False
internal_subsleeve_mom12_70_30,v57f_pool_internal_subsleeve,2023-04-03,600033.XSHG,highway_infrastructure,0.03571428571,0.024999999997,-0.010714285713000003,0.05964912280701751,0.021052631578947434,middle,True,False,False
internal_subsleeve_mom12_70_30,v57f_pool_internal_subsleeve,2023-04-03,601298.XSHG,port_rail_infrastructure,0.03571428571,0.049999999994000004,0.014285714284000002,0.0813308687615526,0.16087751371115178,momentum_subsleeve,True,False,False
internal_subsleeve_mom12_70_30,v57f_pool_internal_subsleeve,2023-04-03,600017.XSHG,port_rail_infrastructure,0.03571428571,0.049999999994000004,0.014285714284000002,0.0652173913043479,0.014545454545454639,momentum_subsleeve,True,False,False
internal_subsleeve_mom12_70_30,v57f_pool_internal_subsleeve,2023-04-03,601880.XSHG,port_rail_infrastructure,0.03571428571,0.024999999997,-0.010714285713000003,-0.052023121387283267,0.0,middle,True,False,False
internal_subsleeve_mom12_70_30,v57f_pool_internal_subsleeve,2023-04-03,600018.XSHG,port_rail_infrastructure,0.03571428571,0.024999999997,-0.010714285713000003,-0.026642984014209503,0.05123339658444026,middle,True,False,False
internal_subsleeve_mom12_70_30,v57f_pool_internal_subsleeve,2023-04-03,601288.XSHG,bank,0.03571428571,0.049999999994000004,0.014285714284000002,0.0033783783783785104,0.07986111111111116,momentum_subsleeve,True,False,False
internal_subsleeve_mom12_70_30,v57f_pool_internal_subsleeve,2023-04-03,601398.XSHG,bank,0.03571428571,0.024999999997,-0.010714285713000003,-0.04175824175824161,0.037209302325581506,middle,True,False,False
internal_subsleeve_mom12_70_30,v57f_pool_internal_subsleeve,2023-04-03,601939.XSHG,bank,0.03571428571,0.024999999997,-0.010714285713000003,-0.026711185308848084,0.06261180679785339,middle,True,False,False
internal_subsleeve_mom12_70_30,v57f_pool_internal_subsleeve,2023-04-03,601988.XSHG,bank,0.03571428571,0.049999999994000004,0.014285714284000002,0.06774193548387086,0.07301587301587298,momentum_subsleeve,True,False,False
internal_subsleeve_mom12_70_30,v57f_pool_internal_subsleeve,2023-04-03,601169.XSHG,bank,0.03571428571,0.049999999994000004,0.014285714284000002,-0.006787330316742168,0.025641025641025772,momentum_subsleeve,True,False,False
internal_subsleeve_mom12_70_30,v57f_pool_internal_subsleeve,2023-04-03,001872.XSHE,port_rail_infrastructure,0.03571428571,0.024999999997,-0.010714285713000003,0.011140235910878094,0.21312632321806646,middle,True,False,False
internal_subsleeve_mom12_70_30,v57f_pool_internal_subsleeve,2023-04-03,600377.XSHG,highway_infrastructure,0.03571428571,0.024999999997,-0.010714285713000003,0.044205495818399276,0.03855721393034828,middle,True,False,False
internal_subsleeve_mom12_70_30,v57f_pool_internal_subsleeve,2023-04-03,000429.XSHE,highway_infrastructure,0.03571428571,0.024999999997,-0.010714285713000003,0.06666666666666665,-0.011780104712041828,middle,True,False,False
internal_subsleeve_mom12_70_30,v57f_pool_internal_subsleeve,2023-04-03,600350.XSHG,highway_infrastructure,0.03571428571,0.049999999994000004,0.014285714284000002,0.18908382066276808,0.09677419354838701,momentum_subsleeve,True,False,False
internal_subsleeve_mom12_70_30,v57f_pool_internal_subsleeve,2023-04-03,600012.XSHG,highway_infrastructure,0.03571428571,0.049999999994000004,0.014285714284000002,0.19786096256684504,0.243732590529248,momentum_subsleeve,True,False,False
internal_subsleeve_mom12_70_30,v57f_pool_internal_subsleeve,2023-04-03,000755.XSHE,highway_infrastructure,0.03571428571,0.049999999994000004,0.014285714284000002,0.27253668763102734,0.029795158286778367,momentum_subsleeve,True,False,False
dual_sleeve_mom12_80_20,dual_sleeve_allocation,2023-04-03,600168.XSHG,utilities_electricity,0.03571428571,0.028571428568000004,-0.0071428571419999976,-0.13251366120218588,0.011647254575707144,value_sleeve_only,False,False,False
dual_sleeve_mom12_80_20,dual_sleeve_allocation,2023-04-03,600098.XSHG,utilities_electricity,0.03571428571,0.028571428568000004,-0.0071428571419999976,-0.0739599383667181,0.07259528130671522,value_sleeve_only,False,False,False
dual_sleeve_mom12_80_20,dual_sleeve_allocation,2023-04-03,600681.XSHG,utilities_electricity,0.03571428571,0.028571428568000004,-0.0071428571419999976,-0.12228796844181467,0.0235294117647058,value_sleeve_only,False,False,False
dual_sleeve_mom12_80_20,dual_sleeve_allocation,2023-04-03,600283.XSHG,utilities_electricity,0.03571428571,0.04857142856800001,0.012857142858000006,0.0746388443017656,0.024026512013255896,momentum_sleeve,False,False,False
dual_sleeve_mom12_80_20,dual_sleeve_allocation,2023-04-03,601985.XSHG,utilities_electricity,0.03571428571,0.028571428568000004,-0.0071428571419999976,-0.1880448318804483,0.06677796327212016,value_sleeve_only,False,False,False
dual_sleeve_mom12_80_20,dual_sleeve_allocation,2023-04-03,601077.XSHG,bank,0.03571428571,0.028571428568000004,-0.0071428571419999976,-0.04935064935064937,0.04558404558404572,value_sleeve_only,False,False,False
dual_sleeve_mom12_80_20,dual_sleeve_allocation,2023-04-03,600956.XSHG,utilities_electricity,0.03571428571,0.028571428568000004,-0.0071428571419999976,-0.23704268292682928,-0.030082987551867335,value_sleeve_only,False,False,False
dual_sleeve_mom12_80_20,dual_sleeve_allocation,2023-04-03,600617.XSHG,utilities_electricity,0.03571428571,0.04857142856800001,0.012857142858000006,0.09390862944162426,0.00995024875621886,momentum_sleeve,False,False,False
dual_sleeve_mom12_80_20,dual_sleeve_allocation,2023-04-03,601825.XSHG,bank,0.03571428571,0.028571428568000004,-0.0071428571419999976,-0.07332293291731662,-0.020408163265306145,value_sleeve_only,False,False,False
dual_sleeve_mom12_80_20,dual_sleeve_allocation,2023-04-03,601006.XSHG,port_rail_infrastructure,0.03571428571,0.028571428568000004,-0.0071428571419999976,0.06006006006006004,0.09270516717325239,value_sleeve_only,False,False,False
dual_sleeve_mom12_80_20,dual_sleeve_allocation,2023-04-03,600035.XSHG,highway_infrastructure,0.03571428571,0.04857142856800001,0.012857142858000006,0.13607594936708844,0.04491017964071875,momentum_sleeve,False,False,False
dual_sleeve_mom12_80_20,dual_sleeve_allocation,2023-04-03,600717.XSHG,port_rail_infrastructure,0.03571428571,0.04857142856800001,0.012857142858000006,0.06930693069306937,0.014999999999999902,momentum_sleeve,False,False,False
dual_sleeve_mom12_80_20,dual_sleeve_allocation,2023-04-03,600033.XSHG,highway_infrastructure,0.03571428571,0.028571428568000004,-0.0071428571419999976,0.05964912280701751,0.021052631578947434,value_sleeve_only,False,False,False
dual_sleeve_mom12_80_20,dual_sleeve_allocation,2023-04-03,601298.XSHG,port_rail_infrastructure,0.03571428571,0.04857142856800001,0.012857142858000006,0.0813308687615526,0.16087751371115178,momentum_sleeve,False,False,False
dual_sleeve_mom12_80_20,dual_sleeve_allocation,2023-04-03,600017.XSHG,port_rail_infrastructure,0.03571428571,0.028571428568000004,-0.0071428571419999976,0.0652173913043479,0.014545454545454639,value_sleeve_only,False,False,False
dual_sleeve_mom12_80_20,dual_sleeve_allocation,2023-04-03,601880.XSHG,port_rail_infrastructure,0.03571428571,0.028571428568000004,-0.0071428571419999976,-0.052023121387283267,0.0,value_sleeve_only,False,False,False
dual_sleeve_mom12_80_20,dual_sleeve_allocation,2023-04-03,600018.XSHG,port_rail_infrastructure,0.03571428571,0.028571428568000004,-0.0071428571419999976,-0.026642984014209503,0.05123339658444026,value_sleeve_only,False,False,False
dual_sleeve_mom12_80_20,dual_sleeve_allocation,2023-04-03,601288.XSHG,bank,0.03571428571,0.028571428568000004,-0.0071428571419999976,0.0033783783783785104,0.07986111111111116,value_sleeve_only,False,False,False
dual_sleeve_mom12_80_20,dual_sleeve_allocation,2023-04-03,601398.XSHG,bank,0.03571428571,0.028571428568000004,-0.0071428571419999976,-0.04175824175824161,0.037209302325581506,value_sleeve_only,False,False,False
dual_sleeve_mom12_80_20,dual_sleeve_allocation,2023-04-03,601939.XSHG,bank,0.03571428571,0.028571428568000004,-0.0071428571419999976,-0.026711185308848084,0.06261180679785339,value_sleeve_only,False,False,False
dual_sleeve_mom12_80_20,dual_sleeve_allocation,2023-04-03,601988.XSHG,bank,0.03571428571,0.04857142856800001,0.012857142858000006,0.06774193548387086,0.07301587301587298,momentum_sleeve,False,False,False
dual_sleeve_mom12_80_20,dual_sleeve_allocation,2023-04-03,601169.XSHG,bank,0.03571428571,0.028571428568000004,-0.0071428571419999976,-0.006787330316742168,0.025641025641025772,value_sleeve_only,False,False,False
dual_sleeve_mom12_80_20,dual_sleeve_allocation,2023-04-03,001872.XSHE,port_rail_infrastructure,0.03571428571,0.028571428568000004,-0.0071428571419999976,0.011140235910878094,0.21312632321806646,value_sleeve_only,False,False,False
dual_sleeve_mom12_80_20,dual_sleeve_allocation,2023-04-03,600377.XSHG,highway_infrastructure,0.03571428571,0.028571428568000004,-0.0071428571419999976,0.044205495818399276,0.03855721393034828,value_sleeve_only,False,False,False
dual_sleeve_mom12_80_20,dual_sleeve_allocation,2023-04-03,000429.XSHE,highway_infrastructure,0.03571428571,0.04857142856800001,0.012857142858000006,0.06666666666666665,-0.011780104712041828,momentum_sleeve,False,False,False
dual_sleeve_mom12_80_20,dual_sleeve_allocation,2023-04-03,600350.XSHG,highway_infrastructure,0.03571428571,0.04857142856800001,0.012857142858000006,0.18908382066276808,0.09677419354838701,momentum_sleeve,False,False,False
dual_sleeve_mom12_80_20,dual_sleeve_allocation,2023-04-03,600012.XSHG,highway_infrastructure,0.03571428571,0.04857142856800001,0.012857142858000006,0.19786096256684504,0.243732590529248,momentum_sleeve,False,False,False
dual_sleeve_mom12_80_20,dual_sleeve_allocation,2023-04-03,000755.XSHE,highway_infrastructure,0.03571428571,0.04857142856800001,0.012857142858000006,0.27253668763102734,0.029795158286778367,momentum_sleeve,False,False,False
dual_sleeve_mom12_60_40,dual_sleeve_allocation,2023-04-03,600168.XSHG,utilities_electricity,0.03571428571,0.021428571426,-0.014285714284000002,-0.13251366120218588,0.011647254575707144,value_sleeve_only,False,False,False
dual_sleeve_mom12_60_40,dual_sleeve_allocation,2023-04-03,600098.XSHG,utilities_electricity,0.03571428571,0.021428571426,-0.014285714284000002,-0.0739599383667181,0.07259528130671522,value_sleeve_only,False,False,False
dual_sleeve_mom12_60_40,dual_sleeve_allocation,2023-04-03,600681.XSHG,utilities_electricity,0.03571428571,0.021428571426,-0.014285714284000002,-0.12228796844181467,0.0235294117647058,value_sleeve_only,False,False,False
dual_sleeve_mom12_60_40,dual_sleeve_allocation,2023-04-03,600283.XSHG,utilities_electricity,0.03571428571,0.061428571426,0.025714285716,0.0746388443017656,0.024026512013255896,momentum_sleeve,False,False,False
dual_sleeve_mom12_60_40,dual_sleeve_allocation,2023-04-03,601985.XSHG,utilities_electricity,0.03571428571,0.021428571426,-0.014285714284000002,-0.1880448318804483,0.06677796327212016,value_sleeve_only,False,False,False
dual_sleeve_mom12_60_40,dual_sleeve_allocation,2023-04-03,601077.XSHG,bank,0.03571428571,0.021428571426,-0.014285714284000002,-0.04935064935064937,0.04558404558404572,value_sleeve_only,False,False,False
dual_sleeve_mom12_60_40,dual_sleeve_allocation,2023-04-03,600956.XSHG,utilities_electricity,0.03571428571,0.021428571426,-0.014285714284000002,-0.23704268292682928,-0.030082987551867335,value_sleeve_only,False,False,False
dual_sleeve_mom12_60_40,dual_sleeve_allocation,2023-04-03,600617.XSHG,utilities_electricity,0.03571428571,0.061428571426,0.025714285716,0.09390862944162426,0.00995024875621886,momentum_sleeve,False,False,False
dual_sleeve_mom12_60_40,dual_sleeve_allocation,2023-04-03,601825.XSHG,bank,0.03571428571,0.021428571426,-0.014285714284000002,-0.07332293291731662,-0.020408163265306145,value_sleeve_only,False,False,False
dual_sleeve_mom12_60_40,dual_sleeve_allocation,2023-04-03,601006.XSHG,port_rail_infrastructure,0.03571428571,0.021428571426,-0.014285714284000002,0.06006006006006004,0.09270516717325239,value_sleeve_only,False,False,False
dual_sleeve_mom12_60_40,dual_sleeve_allocation,2023-04-03,600035.XSHG,highway_infrastructure,0.03571428571,0.061428571426,0.025714285716,0.13607594936708844,0.04491017964071875,momentum_sleeve,False,False,False
dual_sleeve_mom12_60_40,dual_sleeve_allocation,2023-04-03,600717.XSHG,port_rail_infrastructure,0.03571428571,0.061428571426,0.025714285716,0.06930693069306937,0.014999999999999902,momentum_sleeve,False,False,False
dual_sleeve_mom12_60_40,dual_sleeve_allocation,2023-04-03,600033.XSHG,highway_infrastructure,0.03571428571,0.021428571426,-0.014285714284000002,0.05964912280701751,0.021052631578947434,value_sleeve_only,False,False,False
dual_sleeve_mom12_60_40,dual_sleeve_allocation,2023-04-03,601298.XSHG,port_rail_infrastructure,0.03571428571,0.061428571426,0.025714285716,0.0813308687615526,0.16087751371115178,momentum_sleeve,False,False,False
dual_sleeve_mom12_60_40,dual_sleeve_allocation,2023-04-03,600017.XSHG,port_rail_infrastructure,0.03571428571,0.021428571426,-0.014285714284000002,0.0652173913043479,0.014545454545454639,value_sleeve_only,False,False,False
dual_sleeve_mom12_60_40,dual_sleeve_allocation,2023-04-03,601880.XSHG,port_rail_infrastructure,0.03571428571,0.021428571426,-0.014285714284000002,-0.052023121387283267,0.0,value_sleeve_only,False,False,False
dual_sleeve_mom12_60_40,dual_sleeve_allocation,2023-04-03,600018.XSHG,port_rail_infrastructure,0.03571428571,0.021428571426,-0.014285714284000002,-0.026642984014209503,0.05123339658444026,value_sleeve_only,False,False,False
dual_sleeve_mom12_60_40,dual_sleeve_allocation,2023-04-03,601288.XSHG,bank,0.03571428571,0.021428571426,-0.014285714284000002,0.0033783783783785104,0.07986111111111116,value_sleeve_only,False,False,False
dual_sleeve_mom12_60_40,dual_sleeve_allocation,2023-04-03,601398.XSHG,bank,0.03571428571,0.021428571426,-0.014285714284000002,-0.04175824175824161,0.037209302325581506,value_sleeve_only,False,False,False
dual_sleeve_mom12_60_40,dual_sleeve_allocation,2023-04-03,601939.XSHG,bank,0.03571428571,0.021428571426,-0.014285714284000002,-0.026711185308848084,0.06261180679785339,value_sleeve_only,False,False,False
dual_sleeve_mom12_60_40,dual_sleeve_allocation,2023-04-03,601988.XSHG,bank,0.03571428571,0.061428571426,0.025714285716,0.06774193548387086,0.07301587301587298,momentum_sleeve,False,False,False
dual_sleeve_mom12_60_40,dual_sleeve_allocation,2023-04-03,601169.XSHG,bank,0.03571428571,0.021428571426,-0.014285714284000002,-0.006787330316742168,0.025641025641025772,value_sleeve_only,False,False,False
dual_sleeve_mom12_60_40,dual_sleeve_allocation,2023-04-03,001872.XSHE,port_rail_infrastructure,0.03571428571,0.021428571426,-0.014285714284000002,0.011140235910878094,0.21312632321806646,value_sleeve_only,False,False,False
dual_sleeve_mom12_60_40,dual_sleeve_allocation,2023-04-03,600377.XSHG,highway_infrastructure,0.03571428571,0.021428571426,-0.014285714284000002,0.044205495818399276,0.03855721393034828,value_sleeve_only,False,False,False
dual_sleeve_mom12_60_40,dual_sleeve_allocation,2023-04-03,000429.XSHE,highway_infrastructure,0.03571428571,0.061428571426,0.025714285716,0.06666666666666665,-0.011780104712041828,momentum_sleeve,False,False,False
dual_sleeve_mom12_60_40,dual_sleeve_allocation,2023-04-03,600350.XSHG,highway_infrastructure,0.03571428571,0.061428571426,0.025714285716,0.18908382066276808,0.09677419354838701,momentum_sleeve,False,False,False
dual_sleeve_mom12_60_40,dual_sleeve_allocation,2023-04-03,600012.XSHG,highway_infrastructure,0.03571428571,0.061428571426,0.025714285716,0.19786096256684504,0.243732590529248,momentum_sleeve,False,False,False
dual_sleeve_mom12_60_40,dual_sleeve_allocation,2023-04-03,000755.XSHE,highway_infrastructure,0.03571428571,0.061428571426,0.025714285716,0.27253668763102734,0.029795158286778367,momentum_sleeve,False,False,False
state_routed_mom12_70_30_or_100_0,state_routed_budget,2023-04-03,600168.XSHG,utilities_electricity,0.03571428571,0.024999999997,-0.010714285713000003,-0.13251366120218588,0.011647254575707144,value_sleeve_only,False,False,False
state_routed_mom12_70_30_or_100_0,state_routed_budget,2023-04-03,600098.XSHG,utilities_electricity,0.03571428571,0.024999999997,-0.010714285713000003,-0.0739599383667181,0.07259528130671522,value_sleeve_only,False,False,False
state_routed_mom12_70_30_or_100_0,state_routed_budget,2023-04-03,600681.XSHG,utilities_electricity,0.03571428571,0.024999999997,-0.010714285713000003,-0.12228796844181467,0.0235294117647058,value_sleeve_only,False,False,False
state_routed_mom12_70_30_or_100_0,state_routed_budget,2023-04-03,600283.XSHG,utilities_electricity,0.03571428571,0.054999999997,0.019285714286999996,0.0746388443017656,0.024026512013255896,momentum_sleeve,False,False,False
state_routed_mom12_70_30_or_100_0,state_routed_budget,2023-04-03,601985.XSHG,utilities_electricity,0.03571428571,0.024999999997,-0.010714285713000003,-0.1880448318804483,0.06677796327212016,value_sleeve_only,False,False,False
state_routed_mom12_70_30_or_100_0,state_routed_budget,2023-04-03,601077.XSHG,bank,0.03571428571,0.024999999997,-0.010714285713000003,-0.04935064935064937,0.04558404558404572,value_sleeve_only,False,False,False
state_routed_mom12_70_30_or_100_0,state_routed_budget,2023-04-03,600956.XSHG,utilities_electricity,0.03571428571,0.024999999997,-0.010714285713000003,-0.23704268292682928,-0.030082987551867335,value_sleeve_only,False,False,False
state_routed_mom12_70_30_or_100_0,state_routed_budget,2023-04-03,600617.XSHG,utilities_electricity,0.03571428571,0.054999999997,0.019285714286999996,0.09390862944162426,0.00995024875621886,momentum_sleeve,False,False,False
state_routed_mom12_70_30_or_100_0,state_routed_budget,2023-04-03,601825.XSHG,bank,0.03571428571,0.024999999997,-0.010714285713000003,-0.07332293291731662,-0.020408163265306145,value_sleeve_only,False,False,False
state_routed_mom12_70_30_or_100_0,state_routed_budget,2023-04-03,601006.XSHG,port_rail_infrastructure,0.03571428571,0.024999999997,-0.010714285713000003,0.06006006006006004,0.09270516717325239,value_sleeve_only,False,False,False
state_routed_mom12_70_30_or_100_0,state_routed_budget,2023-04-03,600035.XSHG,highway_infrastructure,0.03571428571,0.054999999997,0.019285714286999996,0.13607594936708844,0.04491017964071875,momentum_sleeve,False,False,False
state_routed_mom12_70_30_or_100_0,state_routed_budget,2023-04-03,600717.XSHG,port_rail_infrastructure,0.03571428571,0.054999999997,0.019285714286999996,0.06930693069306937,0.014999999999999902,momentum_sleeve,False,False,False
state_routed_mom12_70_30_or_100_0,state_routed_budget,2023-04-03,600033.XSHG,highway_infrastructure,0.03571428571,0.024999999997,-0.010714285713000003,0.05964912280701751,0.021052631578947434,value_sleeve_only,False,False,False
state_routed_mom12_70_30_or_100_0,state_routed_budget,2023-04-03,601298.XSHG,port_rail_infrastructure,0.03571428571,0.054999999997,0.019285714286999996,0.0813308687615526,0.16087751371115178,momentum_sleeve,False,False,False
state_routed_mom12_70_30_or_100_0,state_routed_budget,2023-04-03,600017.XSHG,port_rail_infrastructure,0.03571428571,0.024999999997,-0.010714285713000003,0.0652173913043479,0.014545454545454639,value_sleeve_only,False,False,False
state_routed_mom12_70_30_or_100_0,state_routed_budget,2023-04-03,601880.XSHG,port_rail_infrastructure,0.03571428571,0.024999999997,-0.010714285713000003,-0.052023121387283267,0.0,value_sleeve_only,False,False,False
state_routed_mom12_70_30_or_100_0,state_routed_budget,2023-04-03,600018.XSHG,port_rail_infrastructure,0.03571428571,0.024999999997,-0.010714285713000003,-0.026642984014209503,0.05123339658444026,value_sleeve_only,False,False,False
state_routed_mom12_70_30_or_100_0,state_routed_budget,2023-04-03,601288.XSHG,bank,0.03571428571,0.024999999997,-0.010714285713000003,0.0033783783783785104,0.07986111111111116,value_sleeve_only,False,False,False
state_routed_mom12_70_30_or_100_0,state_routed_budget,2023-04-03,601398.XSHG,bank,0.03571428571,0.024999999997,-0.010714285713000003,-0.04175824175824161,0.037209302325581506,value_sleeve_only,False,False,False
state_routed_mom12_70_30_or_100_0,state_routed_budget,2023-04-03,601939.XSHG,bank,0.03571428571,0.024999999997,-0.010714285713000003,-0.026711185308848084,0.06261180679785339,value_sleeve_only,False,False,False
state_routed_mom12_70_30_or_100_0,state_routed_budget,2023-04-03,601988.XSHG,bank,0.03571428571,0.054999999997,0.019285714286999996,0.06774193548387086,0.07301587301587298,momentum_sleeve,False,False,False
state_routed_mom12_70_30_or_100_0,state_routed_budget,2023-04-03,601169.XSHG,bank,0.03571428571,0.024999999997,-0.010714285713000003,-0.006787330316742168,0.025641025641025772,value_sleeve_only,False,False,False
state_routed_mom12_70_30_or_100_0,state_routed_budget,2023-04-03,001872.XSHE,port_rail_infrastructure,0.03571428571,0.024999999997,-0.010714285713000003,0.011140235910878094,0.21312632321806646,value_sleeve_only,False,False,False
state_routed_mom12_70_30_or_100_0,state_routed_budget,2023-04-03,600377.XSHG,highway_infrastructure,0.03571428571,0.024999999997,-0.010714285713000003,0.044205495818399276,0.03855721393034828,value_sleeve_only,False,False,False
state_routed_mom12_70_30_or_100_0,state_routed_budget,2023-04-03,000429.XSHE,highway_infrastructure,0.03571428571,0.054999999997,0.019285714286999996,0.06666666666666665,-0.011780104712041828,momentum_sleeve,False,False,False
state_routed_mom12_70_30_or_100_0,state_routed_budget,2023-04-03,600350.XSHG,highway_infrastructure,0.03571428571,0.054999999997,0.019285714286999996,0.18908382066276808,0.09677419354838701,momentum_sleeve,False,False,False
state_routed_mom12_70_30_or_100_0,state_routed_budget,2023-04-03,600012.XSHG,highway_infrastructure,0.03571428571,0.054999999997,0.019285714286999996,0.19786096256684504,0.243732590529248,momentum_sleeve,False,False,False
state_routed_mom12_70_30_or_100_0,state_routed_budget,2023-04-03,000755.XSHE,highway_infrastructure,0.03571428571,0.054999999997,0.019285714286999996,0.27253668763102734,0.029795158286778367,momentum_sleeve,False,False,False
admission_suppression_mom12_bottom_cap75,admission_suppression,2023-04-03,600168.XSHG,utilities_electricity,0.03571428571,0.039285714281,0.0035714285709999988,-0.13251366120218588,0.011647254575707144,middle_or_top,True,False,False
admission_suppression_mom12_bottom_cap75,admission_suppression,2023-04-03,600098.XSHG,utilities_electricity,0.03571428571,0.039285714281,0.0035714285709999988,-0.0739599383667181,0.07259528130671522,middle_or_top,True,False,False
admission_suppression_mom12_bottom_cap75,admission_suppression,2023-04-03,600681.XSHG,utilities_electricity,0.03571428571,0.039285714281,0.0035714285709999988,-0.12228796844181467,0.0235294117647058,middle_or_top,True,False,False
admission_suppression_mom12_bottom_cap75,admission_suppression,2023-04-03,600283.XSHG,utilities_electricity,0.03571428571,0.039285714281,0.0035714285709999988,0.0746388443017656,0.024026512013255896,middle_or_top,True,False,False
admission_suppression_mom12_bottom_cap75,admission_suppression,2023-04-03,601985.XSHG,utilities_electricity,0.03571428571,0.0267857142825,-0.0089285714275,-0.1880448318804483,0.06677796327212016,suppressed_bottom_momentum,True,False,False
admission_suppression_mom12_bottom_cap75,admission_suppression,2023-04-03,601077.XSHG,bank,0.03571428571,0.0267857142825,-0.0089285714275,-0.04935064935064937,0.04558404558404572,suppressed_bottom_momentum,True,False,False
admission_suppression_mom12_bottom_cap75,admission_suppression,2023-04-03,600956.XSHG,utilities_electricity,0.03571428571,0.0267857142825,-0.0089285714275,-0.23704268292682928,-0.030082987551867335,suppressed_bottom_momentum,True,False,False
admission_suppression_mom12_bottom_cap75,admission_suppression,2023-04-03,600617.XSHG,utilities_electricity,0.03571428571,0.039285714281,0.0035714285709999988,0.09390862944162426,0.00995024875621886,middle_or_top,True,False,False
admission_suppression_mom12_bottom_cap75,admission_suppression,2023-04-03,601825.XSHG,bank,0.03571428571,0.0267857142825,-0.0089285714275,-0.07332293291731662,-0.020408163265306145,suppressed_bottom_momentum,True,False,False
admission_suppression_mom12_bottom_cap75,admission_suppression,2023-04-03,601006.XSHG,port_rail_infrastructure,0.03571428571,0.039285714281,0.0035714285709999988,0.06006006006006004,0.09270516717325239,middle_or_top,True,False,False
admission_suppression_mom12_bottom_cap75,admission_suppression,2023-04-03,600035.XSHG,highway_infrastructure,0.03571428571,0.039285714281,0.0035714285709999988,0.13607594936708844,0.04491017964071875,middle_or_top,True,False,False
admission_suppression_mom12_bottom_cap75,admission_suppression,2023-04-03,600717.XSHG,port_rail_infrastructure,0.03571428571,0.039285714281,0.0035714285709999988,0.06930693069306937,0.014999999999999902,middle_or_top,True,False,False
admission_suppression_mom12_bottom_cap75,admission_suppression,2023-04-03,600033.XSHG,highway_infrastructure,0.03571428571,0.0267857142825,-0.0089285714275,0.05964912280701751,0.021052631578947434,suppressed_bottom_momentum,True,False,False
admission_suppression_mom12_bottom_cap75,admission_suppression,2023-04-03,601298.XSHG,port_rail_infrastructure,0.03571428571,0.039285714281,0.0035714285709999988,0.0813308687615526,0.16087751371115178,middle_or_top,True,False,False
admission_suppression_mom12_bottom_cap75,admission_suppression,2023-04-03,600017.XSHG,port_rail_infrastructure,0.03571428571,0.039285714281,0.0035714285709999988,0.0652173913043479,0.014545454545454639,middle_or_top,True,False,False
admission_suppression_mom12_bottom_cap75,admission_suppression,2023-04-03,601880.XSHG,port_rail_infrastructure,0.03571428571,0.0267857142825,-0.0089285714275,-0.052023121387283267,0.0,suppressed_bottom_momentum,True,False,False
admission_suppression_mom12_bottom_cap75,admission_suppression,2023-04-03,600018.XSHG,port_rail_infrastructure,0.03571428571,0.0267857142825,-0.0089285714275,-0.026642984014209503,0.05123339658444026,suppressed_bottom_momentum,True,False,False
admission_suppression_mom12_bottom_cap75,admission_suppression,2023-04-03,601288.XSHG,bank,0.03571428571,0.039285714281,0.0035714285709999988,0.0033783783783785104,0.07986111111111116,middle_or_top,True,False,False
admission_suppression_mom12_bottom_cap75,admission_suppression,2023-04-03,601398.XSHG,bank,0.03571428571,0.039285714281,0.0035714285709999988,-0.04175824175824161,0.037209302325581506,middle_or_top,True,False,False
admission_suppression_mom12_bottom_cap75,admission_suppression,2023-04-03,601939.XSHG,bank,0.03571428571,0.039285714281,0.0035714285709999988,-0.026711185308848084,0.06261180679785339,middle_or_top,True,False,False
admission_suppression_mom12_bottom_cap75,admission_suppression,2023-04-03,601988.XSHG,bank,0.03571428571,0.039285714281,0.0035714285709999988,0.06774193548387086,0.07301587301587298,middle_or_top,True,False,False
admission_suppression_mom12_bottom_cap75,admission_suppression,2023-04-03,601169.XSHG,bank,0.03571428571,0.039285714281,0.0035714285709999988,-0.006787330316742168,0.025641025641025772,middle_or_top,True,False,False
admission_suppression_mom12_bottom_cap75,admission_suppression,2023-04-03,001872.XSHE,port_rail_infrastructure,0.03571428571,0.039285714281,0.0035714285709999988,0.011140235910878094,0.21312632321806646,middle_or_top,True,False,False
admission_suppression_mom12_bottom_cap75,admission_suppression,2023-04-03,600377.XSHG,highway_infrastructure,0.03571428571,0.0267857142825,-0.0089285714275,0.044205495818399276,0.03855721393034828,suppressed_bottom_momentum,True,False,False
admission_suppression_mom12_bottom_cap75,admission_suppression,2023-04-03,000429.XSHE,highway_infrastructure,0.03571428571,0.039285714281,0.0035714285709999988,0.06666666666666665,-0.011780104712041828,middle_or_top,True,False,False
admission_suppression_mom12_bottom_cap75,admission_suppression,2023-04-03,600350.XSHG,highway_infrastructure,0.03571428571,0.039285714281,0.0035714285709999988,0.18908382066276808,0.09677419354838701,middle_or_top,True,False,False
admission_suppression_mom12_bottom_cap75,admission_suppression,2023-04-03,600012.XSHG,highway_infrastructure,0.03571428571,0.039285714281,0.0035714285709999988,0.19786096256684504,0.243732590529248,middle_or_top,True,False,False
admission_suppression_mom12_bottom_cap75,admission_suppression,2023-04-03,000755.XSHE,highway_infrastructure,0.03571428571,0.039285714281,0.0035714285709999988,0.27253668763102734,0.029795158286778367,middle_or_top,True,False,False
v57f_startup_preload_repaired_baseline,baseline,2023-07-03,000883.XSHE,utilities_electricity,0.03571428571,0.03571428571,0.0,-0.08301158301158296,0.0780141843971629,baseline,True,False,False
v57f_startup_preload_repaired_baseline,baseline,2023-07-03,601985.XSHG,utilities_electricity,0.03571428571,0.03571428571,0.0,0.03377386196769461,0.09302325581395343,baseline,True,False,False
v57f_startup_preload_repaired_baseline,baseline,2023-07-03,601018.XSHG,port_rail_infrastructure,0.03571428571,0.03571428571,0.0,-0.10858585858585867,-0.06094182825484762,baseline,True,False,False
v57f_startup_preload_repaired_baseline,baseline,2023-07-03,002267.XSHE,utilities_electricity,0.03571428571,0.03571428571,0.0,0.04800000000000004,0.08940852819807432,baseline,True,False,False
v57f_startup_preload_repaired_baseline,baseline,2023-07-03,600617.XSHG,utilities_electricity,0.03571428571,0.03571428571,0.0,-0.12058212058212037,0.06896551724137945,baseline,True,False,False
v57f_startup_preload_repaired_baseline,baseline,2023-07-03,600642.XSHG,utilities_electricity,0.03571428571,0.03571428571,0.0,0.2641843971631206,0.1867572156196946,baseline,True,False,False
v57f_startup_preload_repaired_baseline,baseline,2023-07-03,000027.XSHE,utilities_electricity,0.03571428571,0.03571428571,0.0,0.09335443037974689,0.08210180623973717,baseline,True,False,False
v57f_startup_preload_repaired_baseline,baseline,2023-07-03,601006.XSHG,port_rail_infrastructure,0.03571428571,0.03571428571,0.0,0.1488721804511277,0.03481894150417819,baseline,True,False,False
v57f_startup_preload_repaired_baseline,baseline,2023-07-03,000421.XSHE,utilities_electricity,0.03571428571,0.03571428571,0.0,0.04791666666666683,0.086519114688129,baseline,True,False,False
v57f_startup_preload_repaired_baseline,baseline,2023-07-03,601825.XSHG,bank,0.03571428571,0.03571428571,0.0,-0.09923664122137399,-0.05545927209705359,baseline,True,False,False
v57f_startup_preload_repaired_baseline,baseline,2023-07-03,600017.XSHG,port_rail_infrastructure,0.03571428571,0.03571428571,0.0,-0.04472843450479225,0.052816901408450745,baseline,True,False,False
v57f_startup_preload_repaired_baseline,baseline,2023-07-03,000429.XSHE,highway_infrastructure,0.03571428571,0.03571428571,0.0,-0.03985507246376807,0.039787798408488007,baseline,True,False,False
v57f_startup_preload_repaired_baseline,baseline,2023-07-03,600035.XSHG,highway_infrastructure,0.03571428571,0.03571428571,0.0,0.28260869565217384,0.18604651162790709,baseline,True,False,False
v57f_startup_preload_repaired_baseline,baseline,2023-07-03,601228.XSHG,port_rail_infrastructure,0.03571428571,0.03571428571,0.0,-0.15968586387434547,0.04870129870129869,baseline,True,False,False
v57f_startup_preload_repaired_baseline,baseline,2023-07-03,601077.XSHG,bank,0.03571428571,0.03571428571,0.0,0.002538071065989911,-0.008287292817679592,baseline,True,False,False
v57f_startup_preload_repaired_baseline,baseline,2023-07-03,600020.XSHG,highway_infrastructure,0.03571428571,0.03571428571,0.0,0.1387096774193548,0.17252396166134187,baseline,True,False,False
v57f_startup_preload_repaired_baseline,baseline,2023-07-03,002807.XSHE,bank,0.03571428571,0.03571428571,0.0,-0.08486238532110091,-0.08208955223880587,baseline,True,False,False
v57f_startup_preload_repaired_baseline,baseline,2023-07-03,601997.XSHG,bank,0.03571428571,0.03571428571,0.0,-0.04721753794266437,-0.06859205776173283,baseline,True,False,False
v57f_startup_preload_repaired_baseline,baseline,2023-07-03,601229.XSHG,bank,0.03571428571,0.03571428571,0.0,-0.060882800608828,-0.04166666666666663,baseline,True,False,False
v57f_startup_preload_repaired_baseline,baseline,2023-07-03,600018.XSHG,port_rail_infrastructure,0.03571428571,0.03571428571,0.0,-0.11129848229342332,-0.05745062836624781,baseline,True,False,False
v57f_startup_preload_repaired_baseline,baseline,2023-07-03,600908.XSHG,bank,0.03571428571,0.03571428571,0.0,-0.02313167259786475,-0.009242144177449174,baseline,True,False,False
v57f_startup_preload_repaired_baseline,baseline,2023-07-03,603323.XSHG,bank,0.03571428571,0.03571428571,0.0,-0.09270216962524669,-0.09267241379310343,baseline,True,False,False
v57f_startup_preload_repaired_baseline,baseline,2023-07-03,601880.XSHG,port_rail_infrastructure,0.03571428571,0.03571428571,0.0,-0.08720930232558133,-0.025000000000000022,baseline,True,False,False
v57f_startup_preload_repaired_baseline,baseline,2023-07-03,000557.XSHE,port_rail_infrastructure,0.03571428571,0.03571428571,0.0,0.24439461883408065,0.05611222444889763,baseline,True,False,False
v57f_startup_preload_repaired_baseline,baseline,2023-07-03,600033.XSHG,highway_infrastructure,0.03571428571,0.03571428571,0.0,0.08391608391608396,0.08304498269896188,baseline,True,False,False
v57f_startup_preload_repaired_baseline,baseline,2023-07-03,600012.XSHG,highway_infrastructure,0.03571428571,0.03571428571,0.0,0.41397849462365577,0.23004694835680772,baseline,True,False,False
v57f_startup_preload_repaired_baseline,baseline,2023-07-03,600377.XSHG,highway_infrastructure,0.03571428571,0.03571428571,0.0,0.15477629987908115,0.17724550898203595,baseline,True,False,False
v57f_startup_preload_repaired_baseline,baseline,2023-07-03,600350.XSHG,highway_infrastructure,0.03571428571,0.03571428571,0.0,0.358490566037736,0.037459283387622166,baseline,True,False,False
internal_subsleeve_mom12_80_20,v57f_pool_internal_subsleeve,2023-07-03,000883.XSHE,utilities_electricity,0.03571428571,0.028571428568000004,-0.0071428571419999976,-0.08301158301158296,0.0780141843971629,middle,True,False,False
internal_subsleeve_mom12_80_20,v57f_pool_internal_subsleeve,2023-07-03,601985.XSHG,utilities_electricity,0.03571428571,0.028571428568000004,-0.0071428571419999976,0.03377386196769461,0.09302325581395343,middle,True,False,False
internal_subsleeve_mom12_80_20,v57f_pool_internal_subsleeve,2023-07-03,601018.XSHG,port_rail_infrastructure,0.03571428571,0.028571428568000004,-0.0071428571419999976,-0.10858585858585867,-0.06094182825484762,middle,True,False,False
internal_subsleeve_mom12_80_20,v57f_pool_internal_subsleeve,2023-07-03,002267.XSHE,utilities_electricity,0.03571428571,0.04523809523266667,0.009523809522666668,0.04800000000000004,0.08940852819807432,momentum_subsleeve,True,False,False
internal_subsleeve_mom12_80_20,v57f_pool_internal_subsleeve,2023-07-03,600617.XSHG,utilities_electricity,0.03571428571,0.028571428568000004,-0.0071428571419999976,-0.12058212058212037,0.06896551724137945,middle,True,False,False
internal_subsleeve_mom12_80_20,v57f_pool_internal_subsleeve,2023-07-03,600642.XSHG,utilities_electricity,0.03571428571,0.04523809523266667,0.009523809522666668,0.2641843971631206,0.1867572156196946,momentum_subsleeve,True,False,False
internal_subsleeve_mom12_80_20,v57f_pool_internal_subsleeve,2023-07-03,000027.XSHE,utilities_electricity,0.03571428571,0.04523809523266667,0.009523809522666668,0.09335443037974689,0.08210180623973717,momentum_subsleeve,True,False,False
internal_subsleeve_mom12_80_20,v57f_pool_internal_subsleeve,2023-07-03,601006.XSHG,port_rail_infrastructure,0.03571428571,0.04523809523266667,0.009523809522666668,0.1488721804511277,0.03481894150417819,momentum_subsleeve,True,False,False
internal_subsleeve_mom12_80_20,v57f_pool_internal_subsleeve,2023-07-03,000421.XSHE,utilities_electricity,0.03571428571,0.028571428568000004,-0.0071428571419999976,0.04791666666666683,0.086519114688129,middle,True,False,False
internal_subsleeve_mom12_80_20,v57f_pool_internal_subsleeve,2023-07-03,601825.XSHG,bank,0.03571428571,0.028571428568000004,-0.0071428571419999976,-0.09923664122137399,-0.05545927209705359,middle,True,False,False
internal_subsleeve_mom12_80_20,v57f_pool_internal_subsleeve,2023-07-03,600017.XSHG,port_rail_infrastructure,0.03571428571,0.04523809523266667,0.009523809522666668,-0.04472843450479225,0.052816901408450745,momentum_subsleeve,True,False,False
internal_subsleeve_mom12_80_20,v57f_pool_internal_subsleeve,2023-07-03,000429.XSHE,highway_infrastructure,0.03571428571,0.028571428568000004,-0.0071428571419999976,-0.03985507246376807,0.039787798408488007,middle,True,False,False
internal_subsleeve_mom12_80_20,v57f_pool_internal_subsleeve,2023-07-03,600035.XSHG,highway_infrastructure,0.03571428571,0.04523809523266667,0.009523809522666668,0.28260869565217384,0.18604651162790709,momentum_subsleeve,True,False,False
internal_subsleeve_mom12_80_20,v57f_pool_internal_subsleeve,2023-07-03,601228.XSHG,port_rail_infrastructure,0.03571428571,0.028571428568000004,-0.0071428571419999976,-0.15968586387434547,0.04870129870129869,middle,True,False,False
internal_subsleeve_mom12_80_20,v57f_pool_internal_subsleeve,2023-07-03,601077.XSHG,bank,0.03571428571,0.04523809523266667,0.009523809522666668,0.002538071065989911,-0.008287292817679592,momentum_subsleeve,True,False,False
internal_subsleeve_mom12_80_20,v57f_pool_internal_subsleeve,2023-07-03,600020.XSHG,highway_infrastructure,0.03571428571,0.028571428568000004,-0.0071428571419999976,0.1387096774193548,0.17252396166134187,middle,True,False,False
internal_subsleeve_mom12_80_20,v57f_pool_internal_subsleeve,2023-07-03,002807.XSHE,bank,0.03571428571,0.028571428568000004,-0.0071428571419999976,-0.08486238532110091,-0.08208955223880587,middle,True,False,False
internal_subsleeve_mom12_80_20,v57f_pool_internal_subsleeve,2023-07-03,601997.XSHG,bank,0.03571428571,0.04523809523266667,0.009523809522666668,-0.04721753794266437,-0.06859205776173283,momentum_subsleeve,True,False,False
internal_subsleeve_mom12_80_20,v57f_pool_internal_subsleeve,2023-07-03,601229.XSHG,bank,0.03571428571,0.028571428568000004,-0.0071428571419999976,-0.060882800608828,-0.04166666666666663,middle,True,False,False
internal_subsleeve_mom12_80_20,v57f_pool_internal_subsleeve,2023-07-03,600018.XSHG,port_rail_infrastructure,0.03571428571,0.028571428568000004,-0.0071428571419999976,-0.11129848229342332,-0.05745062836624781,middle,True,False,False
internal_subsleeve_mom12_80_20,v57f_pool_internal_subsleeve,2023-07-03,600908.XSHG,bank,0.03571428571,0.04523809523266667,0.009523809522666668,-0.02313167259786475,-0.009242144177449174,momentum_subsleeve,True,False,False
internal_subsleeve_mom12_80_20,v57f_pool_internal_subsleeve,2023-07-03,603323.XSHG,bank,0.03571428571,0.028571428568000004,-0.0071428571419999976,-0.09270216962524669,-0.09267241379310343,middle,True,False,False
internal_subsleeve_mom12_80_20,v57f_pool_internal_subsleeve,2023-07-03,601880.XSHG,port_rail_infrastructure,0.03571428571,0.028571428568000004,-0.0071428571419999976,-0.08720930232558133,-0.025000000000000022,middle,True,False,False
internal_subsleeve_mom12_80_20,v57f_pool_internal_subsleeve,2023-07-03,000557.XSHE,port_rail_infrastructure,0.03571428571,0.04523809523266667,0.009523809522666668,0.24439461883408065,0.05611222444889763,momentum_subsleeve,True,False,False
internal_subsleeve_mom12_80_20,v57f_pool_internal_subsleeve,2023-07-03,600033.XSHG,highway_infrastructure,0.03571428571,0.028571428568000004,-0.0071428571419999976,0.08391608391608396,0.08304498269896188,middle,True,False,False
internal_subsleeve_mom12_80_20,v57f_pool_internal_subsleeve,2023-07-03,600012.XSHG,highway_infrastructure,0.03571428571,0.04523809523266667,0.009523809522666668,0.41397849462365577,0.23004694835680772,momentum_subsleeve,True,False,False
internal_subsleeve_mom12_80_20,v57f_pool_internal_subsleeve,2023-07-03,600377.XSHG,highway_infrastructure,0.03571428571,0.028571428568000004,-0.0071428571419999976,0.15477629987908115,0.17724550898203595,middle,True,False,False
internal_subsleeve_mom12_80_20,v57f_pool_internal_subsleeve,2023-07-03,600350.XSHG,highway_infrastructure,0.03571428571,0.04523809523266667,0.009523809522666668,0.358490566037736,0.037459283387622166,momentum_subsleeve,True,False,False
internal_subsleeve_mom12_70_30,v57f_pool_internal_subsleeve,2023-07-03,000883.XSHE,utilities_electricity,0.03571428571,0.024999999997,-0.010714285713000003,-0.08301158301158296,0.0780141843971629,middle,True,False,False
internal_subsleeve_mom12_70_30,v57f_pool_internal_subsleeve,2023-07-03,601985.XSHG,utilities_electricity,0.03571428571,0.024999999997,-0.010714285713000003,0.03377386196769461,0.09302325581395343,middle,True,False,False
internal_subsleeve_mom12_70_30,v57f_pool_internal_subsleeve,2023-07-03,601018.XSHG,port_rail_infrastructure,0.03571428571,0.024999999997,-0.010714285713000003,-0.10858585858585867,-0.06094182825484762,middle,True,False,False
internal_subsleeve_mom12_70_30,v57f_pool_internal_subsleeve,2023-07-03,002267.XSHE,utilities_electricity,0.03571428571,0.049999999994000004,0.014285714284000002,0.04800000000000004,0.08940852819807432,momentum_subsleeve,True,False,False
internal_subsleeve_mom12_70_30,v57f_pool_internal_subsleeve,2023-07-03,600617.XSHG,utilities_electricity,0.03571428571,0.024999999997,-0.010714285713000003,-0.12058212058212037,0.06896551724137945,middle,True,False,False
internal_subsleeve_mom12_70_30,v57f_pool_internal_subsleeve,2023-07-03,600642.XSHG,utilities_electricity,0.03571428571,0.049999999994000004,0.014285714284000002,0.2641843971631206,0.1867572156196946,momentum_subsleeve,True,False,False
internal_subsleeve_mom12_70_30,v57f_pool_internal_subsleeve,2023-07-03,000027.XSHE,utilities_electricity,0.03571428571,0.049999999994000004,0.014285714284000002,0.09335443037974689,0.08210180623973717,momentum_subsleeve,True,False,False
internal_subsleeve_mom12_70_30,v57f_pool_internal_subsleeve,2023-07-03,601006.XSHG,port_rail_infrastructure,0.03571428571,0.049999999994000004,0.014285714284000002,0.1488721804511277,0.03481894150417819,momentum_subsleeve,True,False,False
internal_subsleeve_mom12_70_30,v57f_pool_internal_subsleeve,2023-07-03,000421.XSHE,utilities_electricity,0.03571428571,0.024999999997,-0.010714285713000003,0.04791666666666683,0.086519114688129,middle,True,False,False
internal_subsleeve_mom12_70_30,v57f_pool_internal_subsleeve,2023-07-03,601825.XSHG,bank,0.03571428571,0.024999999997,-0.010714285713000003,-0.09923664122137399,-0.05545927209705359,middle,True,False,False
internal_subsleeve_mom12_70_30,v57f_pool_internal_subsleeve,2023-07-03,600017.XSHG,port_rail_infrastructure,0.03571428571,0.049999999994000004,0.014285714284000002,-0.04472843450479225,0.052816901408450745,momentum_subsleeve,True,False,False
internal_subsleeve_mom12_70_30,v57f_pool_internal_subsleeve,2023-07-03,000429.XSHE,highway_infrastructure,0.03571428571,0.024999999997,-0.010714285713000003,-0.03985507246376807,0.039787798408488007,middle,True,False,False
internal_subsleeve_mom12_70_30,v57f_pool_internal_subsleeve,2023-07-03,600035.XSHG,highway_infrastructure,0.03571428571,0.049999999994000004,0.014285714284000002,0.28260869565217384,0.18604651162790709,momentum_subsleeve,True,False,False
internal_subsleeve_mom12_70_30,v57f_pool_internal_subsleeve,2023-07-03,601228.XSHG,port_rail_infrastructure,0.03571428571,0.024999999997,-0.010714285713000003,-0.15968586387434547,0.04870129870129869,middle,True,False,False
internal_subsleeve_mom12_70_30,v57f_pool_internal_subsleeve,2023-07-03,601077.XSHG,bank,0.03571428571,0.049999999994000004,0.014285714284000002,0.002538071065989911,-0.008287292817679592,momentum_subsleeve,True,False,False
internal_subsleeve_mom12_70_30,v57f_pool_internal_subsleeve,2023-07-03,600020.XSHG,highway_infrastructure,0.03571428571,0.024999999997,-0.010714285713000003,0.1387096774193548,0.17252396166134187,middle,True,False,False
internal_subsleeve_mom12_70_30,v57f_pool_internal_subsleeve,2023-07-03,002807.XSHE,bank,0.03571428571,0.024999999997,-0.010714285713000003,-0.08486238532110091,-0.08208955223880587,middle,True,False,False
internal_subsleeve_mom12_70_30,v57f_pool_internal_subsleeve,2023-07-03,601997.XSHG,bank,0.03571428571,0.049999999994000004,0.014285714284000002,-0.04721753794266437,-0.06859205776173283,momentum_subsleeve,True,False,False
internal_subsleeve_mom12_70_30,v57f_pool_internal_subsleeve,2023-07-03,601229.XSHG,bank,0.03571428571,0.024999999997,-0.010714285713000003,-0.060882800608828,-0.04166666666666663,middle,True,False,False
internal_subsleeve_mom12_70_30,v57f_pool_internal_subsleeve,2023-07-03,600018.XSHG,port_rail_infrastructure,0.03571428571,0.024999999997,-0.010714285713000003,-0.11129848229342332,-0.05745062836624781,middle,True,False,False
internal_subsleeve_mom12_70_30,v57f_pool_internal_subsleeve,2023-07-03,600908.XSHG,bank,0.03571428571,0.049999999994000004,0.014285714284000002,-0.02313167259786475,-0.009242144177449174,momentum_subsleeve,True,False,False
internal_subsleeve_mom12_70_30,v57f_pool_internal_subsleeve,2023-07-03,603323.XSHG,bank,0.03571428571,0.024999999997,-0.010714285713000003,-0.09270216962524669,-0.09267241379310343,middle,True,False,False
internal_subsleeve_mom12_70_30,v57f_pool_internal_subsleeve,2023-07-03,601880.XSHG,port_rail_infrastructure,0.03571428571,0.024999999997,-0.010714285713000003,-0.08720930232558133,-0.025000000000000022,middle,True,False,False
internal_subsleeve_mom12_70_30,v57f_pool_internal_subsleeve,2023-07-03,000557.XSHE,port_rail_infrastructure,0.03571428571,0.049999999994000004,0.014285714284000002,0.24439461883408065,0.05611222444889763,momentum_subsleeve,True,False,False
internal_subsleeve_mom12_70_30,v57f_pool_internal_subsleeve,2023-07-03,600033.XSHG,highway_infrastructure,0.03571428571,0.024999999997,-0.010714285713000003,0.08391608391608396,0.08304498269896188,middle,True,False,False
internal_subsleeve_mom12_70_30,v57f_pool_internal_subsleeve,2023-07-03,600012.XSHG,highway_infrastructure,0.03571428571,0.049999999994000004,0.014285714284000002,0.41397849462365577,0.23004694835680772,momentum_subsleeve,True,False,False
internal_subsleeve_mom12_70_30,v57f_pool_internal_subsleeve,2023-07-03,600377.XSHG,highway_infrastructure,0.03571428571,0.024999999997,-0.010714285713000003,0.15477629987908115,0.17724550898203595,middle,True,False,False
internal_subsleeve_mom12_70_30,v57f_pool_internal_subsleeve,2023-07-03,600350.XSHG,highway_infrastructure,0.03571428571,0.049999999994000004,0.014285714284000002,0.358490566037736,0.037459283387622166,momentum_subsleeve,True,False,False
dual_sleeve_mom12_80_20,dual_sleeve_allocation,2023-07-03,000883.XSHE,utilities_electricity,0.03571428571,0.028571428568000004,-0.0071428571419999976,-0.08301158301158296,0.0780141843971629,value_sleeve_only,False,False,False
dual_sleeve_mom12_80_20,dual_sleeve_allocation,2023-07-03,601985.XSHG,utilities_electricity,0.03571428571,0.028571428568000004,-0.0071428571419999976,0.03377386196769461,0.09302325581395343,value_sleeve_only,False,False,False
dual_sleeve_mom12_80_20,dual_sleeve_allocation,2023-07-03,601018.XSHG,port_rail_infrastructure,0.03571428571,0.028571428568000004,-0.0071428571419999976,-0.10858585858585867,-0.06094182825484762,value_sleeve_only,False,False,False
dual_sleeve_mom12_80_20,dual_sleeve_allocation,2023-07-03,002267.XSHE,utilities_electricity,0.03571428571,0.028571428568000004,-0.0071428571419999976,0.04800000000000004,0.08940852819807432,value_sleeve_only,False,False,False
dual_sleeve_mom12_80_20,dual_sleeve_allocation,2023-07-03,600617.XSHG,utilities_electricity,0.03571428571,0.028571428568000004,-0.0071428571419999976,-0.12058212058212037,0.06896551724137945,value_sleeve_only,False,False,False
dual_sleeve_mom12_80_20,dual_sleeve_allocation,2023-07-03,600642.XSHG,utilities_electricity,0.03571428571,0.04857142856800001,0.012857142858000006,0.2641843971631206,0.1867572156196946,momentum_sleeve,False,False,False
dual_sleeve_mom12_80_20,dual_sleeve_allocation,2023-07-03,000027.XSHE,utilities_electricity,0.03571428571,0.04857142856800001,0.012857142858000006,0.09335443037974689,0.08210180623973717,momentum_sleeve,False,False,False
dual_sleeve_mom12_80_20,dual_sleeve_allocation,2023-07-03,601006.XSHG,port_rail_infrastructure,0.03571428571,0.04857142856800001,0.012857142858000006,0.1488721804511277,0.03481894150417819,momentum_sleeve,False,False,False
dual_sleeve_mom12_80_20,dual_sleeve_allocation,2023-07-03,000421.XSHE,utilities_electricity,0.03571428571,0.028571428568000004,-0.0071428571419999976,0.04791666666666683,0.086519114688129,value_sleeve_only,False,False,False
dual_sleeve_mom12_80_20,dual_sleeve_allocation,2023-07-03,601825.XSHG,bank,0.03571428571,0.028571428568000004,-0.0071428571419999976,-0.09923664122137399,-0.05545927209705359,value_sleeve_only,False,False,False
dual_sleeve_mom12_80_20,dual_sleeve_allocation,2023-07-03,600017.XSHG,port_rail_infrastructure,0.03571428571,0.028571428568000004,-0.0071428571419999976,-0.04472843450479225,0.052816901408450745,value_sleeve_only,False,False,False
dual_sleeve_mom12_80_20,dual_sleeve_allocation,2023-07-03,000429.XSHE,highway_infrastructure,0.03571428571,0.028571428568000004,-0.0071428571419999976,-0.03985507246376807,0.039787798408488007,value_sleeve_only,False,False,False
dual_sleeve_mom12_80_20,dual_sleeve_allocation,2023-07-03,600035.XSHG,highway_infrastructure,0.03571428571,0.04857142856800001,0.012857142858000006,0.28260869565217384,0.18604651162790709,momentum_sleeve,False,False,False
dual_sleeve_mom12_80_20,dual_sleeve_allocation,2023-07-03,601228.XSHG,port_rail_infrastructure,0.03571428571,0.028571428568000004,-0.0071428571419999976,-0.15968586387434547,0.04870129870129869,value_sleeve_only,False,False,False
dual_sleeve_mom12_80_20,dual_sleeve_allocation,2023-07-03,601077.XSHG,bank,0.03571428571,0.028571428568000004,-0.0071428571419999976,0.002538071065989911,-0.008287292817679592,value_sleeve_only,False,False,False
dual_sleeve_mom12_80_20,dual_sleeve_allocation,2023-07-03,600020.XSHG,highway_infrastructure,0.03571428571,0.04857142856800001,0.012857142858000006,0.1387096774193548,0.17252396166134187,momentum_sleeve,False,False,False
dual_sleeve_mom12_80_20,dual_sleeve_allocation,2023-07-03,002807.XSHE,bank,0.03571428571,0.028571428568000004,-0.0071428571419999976,-0.08486238532110091,-0.08208955223880587,value_sleeve_only,False,False,False
dual_sleeve_mom12_80_20,dual_sleeve_allocation,2023-07-03,601997.XSHG,bank,0.03571428571,0.028571428568000004,-0.0071428571419999976,-0.04721753794266437,-0.06859205776173283,value_sleeve_only,False,False,False
dual_sleeve_mom12_80_20,dual_sleeve_allocation,2023-07-03,601229.XSHG,bank,0.03571428571,0.028571428568000004,-0.0071428571419999976,-0.060882800608828,-0.04166666666666663,value_sleeve_only,False,False,False
dual_sleeve_mom12_80_20,dual_sleeve_allocation,2023-07-03,600018.XSHG,port_rail_infrastructure,0.03571428571,0.028571428568000004,-0.0071428571419999976,-0.11129848229342332,-0.05745062836624781,value_sleeve_only,False,False,False
dual_sleeve_mom12_80_20,dual_sleeve_allocation,2023-07-03,600908.XSHG,bank,0.03571428571,0.028571428568000004,-0.0071428571419999976,-0.02313167259786475,-0.009242144177449174,value_sleeve_only,False,False,False
dual_sleeve_mom12_80_20,dual_sleeve_allocation,2023-07-03,603323.XSHG,bank,0.03571428571,0.028571428568000004,-0.0071428571419999976,-0.09270216962524669,-0.09267241379310343,value_sleeve_only,False,False,False
dual_sleeve_mom12_80_20,dual_sleeve_allocation,2023-07-03,601880.XSHG,port_rail_infrastructure,0.03571428571,0.028571428568000004,-0.0071428571419999976,-0.08720930232558133,-0.025000000000000022,value_sleeve_only,False,False,False
dual_sleeve_mom12_80_20,dual_sleeve_allocation,2023-07-03,000557.XSHE,port_rail_infrastructure,0.03571428571,0.04857142856800001,0.012857142858000006,0.24439461883408065,0.05611222444889763,momentum_sleeve,False,False,False
dual_sleeve_mom12_80_20,dual_sleeve_allocation,2023-07-03,600033.XSHG,highway_infrastructure,0.03571428571,0.04857142856800001,0.012857142858000006,0.08391608391608396,0.08304498269896188,momentum_sleeve,False,False,False
dual_sleeve_mom12_80_20,dual_sleeve_allocation,2023-07-03,600012.XSHG,highway_infrastructure,0.03571428571,0.04857142856800001,0.012857142858000006,0.41397849462365577,0.23004694835680772,momentum_sleeve,False,False,False
dual_sleeve_mom12_80_20,dual_sleeve_allocation,2023-07-03,600377.XSHG,highway_infrastructure,0.03571428571,0.04857142856800001,0.012857142858000006,0.15477629987908115,0.17724550898203595,momentum_sleeve,False,False,False
dual_sleeve_mom12_80_20,dual_sleeve_allocation,2023-07-03,600350.XSHG,highway_infrastructure,0.03571428571,0.04857142856800001,0.012857142858000006,0.358490566037736,0.037459283387622166,momentum_sleeve,False,False,False
dual_sleeve_mom12_60_40,dual_sleeve_allocation,2023-07-03,000883.XSHE,utilities_electricity,0.03571428571,0.021428571426,-0.014285714284000002,-0.08301158301158296,0.0780141843971629,value_sleeve_only,False,False,False
dual_sleeve_mom12_60_40,dual_sleeve_allocation,2023-07-03,601985.XSHG,utilities_electricity,0.03571428571,0.021428571426,-0.014285714284000002,0.03377386196769461,0.09302325581395343,value_sleeve_only,False,False,False
dual_sleeve_mom12_60_40,dual_sleeve_allocation,2023-07-03,601018.XSHG,port_rail_infrastructure,0.03571428571,0.021428571426,-0.014285714284000002,-0.10858585858585867,-0.06094182825484762,value_sleeve_only,False,False,False
dual_sleeve_mom12_60_40,dual_sleeve_allocation,2023-07-03,002267.XSHE,utilities_electricity,0.03571428571,0.021428571426,-0.014285714284000002,0.04800000000000004,0.08940852819807432,value_sleeve_only,False,False,False
dual_sleeve_mom12_60_40,dual_sleeve_allocation,2023-07-03,600617.XSHG,utilities_electricity,0.03571428571,0.021428571426,-0.014285714284000002,-0.12058212058212037,0.06896551724137945,value_sleeve_only,False,False,False
dual_sleeve_mom12_60_40,dual_sleeve_allocation,2023-07-03,600642.XSHG,utilities_electricity,0.03571428571,0.061428571426,0.025714285716,0.2641843971631206,0.1867572156196946,momentum_sleeve,False,False,False
dual_sleeve_mom12_60_40,dual_sleeve_allocation,2023-07-03,000027.XSHE,utilities_electricity,0.03571428571,0.061428571426,0.025714285716,0.09335443037974689,0.08210180623973717,momentum_sleeve,False,False,False
dual_sleeve_mom12_60_40,dual_sleeve_allocation,2023-07-03,601006.XSHG,port_rail_infrastructure,0.03571428571,0.061428571426,0.025714285716,0.1488721804511277,0.03481894150417819,momentum_sleeve,False,False,False
dual_sleeve_mom12_60_40,dual_sleeve_allocation,2023-07-03,000421.XSHE,utilities_electricity,0.03571428571,0.021428571426,-0.014285714284000002,0.04791666666666683,0.086519114688129,value_sleeve_only,False,False,False
dual_sleeve_mom12_60_40,dual_sleeve_allocation,2023-07-03,601825.XSHG,bank,0.03571428571,0.021428571426,-0.014285714284000002,-0.09923664122137399,-0.05545927209705359,value_sleeve_only,False,False,False
dual_sleeve_mom12_60_40,dual_sleeve_allocation,2023-07-03,600017.XSHG,port_rail_infrastructure,0.03571428571,0.021428571426,-0.014285714284000002,-0.04472843450479225,0.052816901408450745,value_sleeve_only,False,False,False
dual_sleeve_mom12_60_40,dual_sleeve_allocation,2023-07-03,000429.XSHE,highway_infrastructure,0.03571428571,0.021428571426,-0.014285714284000002,-0.03985507246376807,0.039787798408488007,value_sleeve_only,False,False,False
dual_sleeve_mom12_60_40,dual_sleeve_allocation,2023-07-03,600035.XSHG,highway_infrastructure,0.03571428571,0.061428571426,0.025714285716,0.28260869565217384,0.18604651162790709,momentum_sleeve,False,False,False
dual_sleeve_mom12_60_40,dual_sleeve_allocation,2023-07-03,601228.XSHG,port_rail_infrastructure,0.03571428571,0.021428571426,-0.014285714284000002,-0.15968586387434547,0.04870129870129869,value_sleeve_only,False,False,False
dual_sleeve_mom12_60_40,dual_sleeve_allocation,2023-07-03,601077.XSHG,bank,0.03571428571,0.021428571426,-0.014285714284000002,0.002538071065989911,-0.008287292817679592,value_sleeve_only,False,False,False
dual_sleeve_mom12_60_40,dual_sleeve_allocation,2023-07-03,600020.XSHG,highway_infrastructure,0.03571428571,0.061428571426,0.025714285716,0.1387096774193548,0.17252396166134187,momentum_sleeve,False,False,False
dual_sleeve_mom12_60_40,dual_sleeve_allocation,2023-07-03,002807.XSHE,bank,0.03571428571,0.021428571426,-0.014285714284000002,-0.08486238532110091,-0.08208955223880587,value_sleeve_only,False,False,False
dual_sleeve_mom12_60_40,dual_sleeve_allocation,2023-07-03,601997.XSHG,bank,0.03571428571,0.021428571426,-0.014285714284000002,-0.04721753794266437,-0.06859205776173283,value_sleeve_only,False,False,False
dual_sleeve_mom12_60_40,dual_sleeve_allocation,2023-07-03,601229.XSHG,bank,0.03571428571,0.021428571426,-0.014285714284000002,-0.060882800608828,-0.04166666666666663,value_sleeve_only,False,False,False
dual_sleeve_mom12_60_40,dual_sleeve_allocation,2023-07-03,600018.XSHG,port_rail_infrastructure,0.03571428571,0.021428571426,-0.014285714284000002,-0.11129848229342332,-0.05745062836624781,value_sleeve_only,False,False,False
dual_sleeve_mom12_60_40,dual_sleeve_allocation,2023-07-03,600908.XSHG,bank,0.03571428571,0.021428571426,-0.014285714284000002,-0.02313167259786475,-0.009242144177449174,value_sleeve_only,False,False,False
dual_sleeve_mom12_60_40,dual_sleeve_allocation,2023-07-03,603323.XSHG,bank,0.03571428571,0.021428571426,-0.014285714284000002,-0.09270216962524669,-0.09267241379310343,value_sleeve_only,False,False,False
dual_sleeve_mom12_60_40,dual_sleeve_allocation,2023-07-03,601880.XSHG,port_rail_infrastructure,0.03571428571,0.021428571426,-0.014285714284000002,-0.08720930232558133,-0.025000000000000022,value_sleeve_only,False,False,False
dual_sleeve_mom12_60_40,dual_sleeve_allocation,2023-07-03,000557.XSHE,port_rail_infrastructure,0.03571428571,0.061428571426,0.025714285716,0.24439461883408065,0.05611222444889763,momentum_sleeve,False,False,False
dual_sleeve_mom12_60_40,dual_sleeve_allocation,2023-07-03,600033.XSHG,highway_infrastructure,0.03571428571,0.061428571426,0.025714285716,0.08391608391608396,0.08304498269896188,momentum_sleeve,False,False,False
dual_sleeve_mom12_60_40,dual_sleeve_allocation,2023-07-03,600012.XSHG,highway_infrastructure,0.03571428571,0.061428571426,0.025714285716,0.41397849462365577,0.23004694835680772,momentum_sleeve,False,False,False
dual_sleeve_mom12_60_40,dual_sleeve_allocation,2023-07-03,600377.XSHG,highway_infrastructure,0.03571428571,0.061428571426,0.025714285716,0.15477629987908115,0.17724550898203595,momentum_sleeve,False,False,False
dual_sleeve_mom12_60_40,dual_sleeve_allocation,2023-07-03,600350.XSHG,highway_infrastructure,0.03571428571,0.061428571426,0.025714285716,0.358490566037736,0.037459283387622166,momentum_sleeve,False,False,False
state_routed_mom12_70_30_or_100_0,state_routed_budget,2023-07-03,000883.XSHE,utilities_electricity,0.03571428571,0.024999999997,-0.010714285713000003,-0.08301158301158296,0.0780141843971629,value_sleeve_only,False,False,False
state_routed_mom12_70_30_or_100_0,state_routed_budget,2023-07-03,601985.XSHG,utilities_electricity,0.03571428571,0.024999999997,-0.010714285713000003,0.03377386196769461,0.09302325581395343,value_sleeve_only,False,False,False
state_routed_mom12_70_30_or_100_0,state_routed_budget,2023-07-03,601018.XSHG,port_rail_infrastructure,0.03571428571,0.024999999997,-0.010714285713000003,-0.10858585858585867,-0.06094182825484762,value_sleeve_only,False,False,False
state_routed_mom12_70_30_or_100_0,state_routed_budget,2023-07-03,002267.XSHE,utilities_electricity,0.03571428571,0.024999999997,-0.010714285713000003,0.04800000000000004,0.08940852819807432,value_sleeve_only,False,False,False
state_routed_mom12_70_30_or_100_0,state_routed_budget,2023-07-03,600617.XSHG,utilities_electricity,0.03571428571,0.024999999997,-0.010714285713000003,-0.12058212058212037,0.06896551724137945,value_sleeve_only,False,False,False
state_routed_mom12_70_30_or_100_0,state_routed_budget,2023-07-03,600642.XSHG,utilities_electricity,0.03571428571,0.054999999997,0.019285714286999996,0.2641843971631206,0.1867572156196946,momentum_sleeve,False,False,False
state_routed_mom12_70_30_or_100_0,state_routed_budget,2023-07-03,000027.XSHE,utilities_electricity,0.03571428571,0.054999999997,0.019285714286999996,0.09335443037974689,0.08210180623973717,momentum_sleeve,False,False,False
state_routed_mom12_70_30_or_100_0,state_routed_budget,2023-07-03,601006.XSHG,port_rail_infrastructure,0.03571428571,0.054999999997,0.019285714286999996,0.1488721804511277,0.03481894150417819,momentum_sleeve,False,False,False
state_routed_mom12_70_30_or_100_0,state_routed_budget,2023-07-03,000421.XSHE,utilities_electricity,0.03571428571,0.024999999997,-0.010714285713000003,0.04791666666666683,0.086519114688129,value_sleeve_only,False,False,False
state_routed_mom12_70_30_or_100_0,state_routed_budget,2023-07-03,601825.XSHG,bank,0.03571428571,0.024999999997,-0.010714285713000003,-0.09923664122137399,-0.05545927209705359,value_sleeve_only,False,False,False
state_routed_mom12_70_30_or_100_0,state_routed_budget,2023-07-03,600017.XSHG,port_rail_infrastructure,0.03571428571,0.024999999997,-0.010714285713000003,-0.04472843450479225,0.052816901408450745,value_sleeve_only,False,False,False
state_routed_mom12_70_30_or_100_0,state_routed_budget,2023-07-03,000429.XSHE,highway_infrastructure,0.03571428571,0.024999999997,-0.010714285713000003,-0.03985507246376807,0.039787798408488007,value_sleeve_only,False,False,False
state_routed_mom12_70_30_or_100_0,state_routed_budget,2023-07-03,600035.XSHG,highway_infrastructure,0.03571428571,0.054999999997,0.019285714286999996,0.28260869565217384,0.18604651162790709,momentum_sleeve,False,False,False
state_routed_mom12_70_30_or_100_0,state_routed_budget,2023-07-03,601228.XSHG,port_rail_infrastructure,0.03571428571,0.024999999997,-0.010714285713000003,-0.15968586387434547,0.04870129870129869,value_sleeve_only,False,False,False
state_routed_mom12_70_30_or_100_0,state_routed_budget,2023-07-03,601077.XSHG,bank,0.03571428571,0.024999999997,-0.010714285713000003,0.002538071065989911,-0.008287292817679592,value_sleeve_only,False,False,False
state_routed_mom12_70_30_or_100_0,state_routed_budget,2023-07-03,600020.XSHG,highway_infrastructure,0.03571428571,0.054999999997,0.019285714286999996,0.1387096774193548,0.17252396166134187,momentum_sleeve,False,False,False
state_routed_mom12_70_30_or_100_0,state_routed_budget,2023-07-03,002807.XSHE,bank,0.03571428571,0.024999999997,-0.010714285713000003,-0.08486238532110091,-0.08208955223880587,value_sleeve_only,False,False,False
state_routed_mom12_70_30_or_100_0,state_routed_budget,2023-07-03,601997.XSHG,bank,0.03571428571,0.024999999997,-0.010714285713000003,-0.04721753794266437,-0.06859205776173283,value_sleeve_only,False,False,False
state_routed_mom12_70_30_or_100_0,state_routed_budget,2023-07-03,601229.XSHG,bank,0.03571428571,0.024999999997,-0.010714285713000003,-0.060882800608828,-0.04166666666666663,value_sleeve_only,False,False,False
state_routed_mom12_70_30_or_100_0,state_routed_budget,2023-07-03,600018.XSHG,port_rail_infrastructure,0.03571428571,0.024999999997,-0.010714285713000003,-0.11129848229342332,-0.05745062836624781,value_sleeve_only,False,False,False
state_routed_mom12_70_30_or_100_0,state_routed_budget,2023-07-03,600908.XSHG,bank,0.03571428571,0.024999999997,-0.010714285713000003,-0.02313167259786475,-0.009242144177449174,value_sleeve_only,False,False,False
state_routed_mom12_70_30_or_100_0,state_routed_budget,2023-07-03,603323.XSHG,bank,0.03571428571,0.024999999997,-0.010714285713000003,-0.09270216962524669,-0.09267241379310343,value_sleeve_only,False,False,False
state_routed_mom12_70_30_or_100_0,state_routed_budget,2023-07-03,601880.XSHG,port_rail_infrastructure,0.03571428571,0.024999999997,-0.010714285713000003,-0.08720930232558133,-0.025000000000000022,value_sleeve_only,False,False,False
state_routed_mom12_70_30_or_100_0,state_routed_budget,2023-07-03,000557.XSHE,port_rail_infrastructure,0.03571428571,0.054999999997,0.019285714286999996,0.24439461883408065,0.05611222444889763,momentum_sleeve,False,False,False
state_routed_mom12_70_30_or_100_0,state_routed_budget,2023-07-03,600033.XSHG,highway_infrastructure,0.03571428571,0.054999999997,0.019285714286999996,0.08391608391608396,0.08304498269896188,momentum_sleeve,False,False,False
state_routed_mom12_70_30_or_100_0,state_routed_budget,2023-07-03,600012.XSHG,highway_infrastructure,0.03571428571,0.054999999997,0.019285714286999996,0.41397849462365577,0.23004694835680772,momentum_sleeve,False,False,False
state_routed_mom12_70_30_or_100_0,state_routed_budget,2023-07-03,600377.XSHG,highway_infrastructure,0.03571428571,0.054999999997,0.019285714286999996,0.15477629987908115,0.17724550898203595,momentum_sleeve,False,False,False
state_routed_mom12_70_30_or_100_0,state_routed_budget,2023-07-03,600350.XSHG,highway_infrastructure,0.03571428571,0.054999999997,0.019285714286999996,0.358490566037736,0.037459283387622166,momentum_sleeve,False,False,False
admission_suppression_mom12_bottom_cap75,admission_suppression,2023-07-03,000883.XSHE,utilities_electricity,0.03571428571,0.0267857142825,-0.0089285714275,-0.08301158301158296,0.0780141843971629,suppressed_bottom_momentum,True,False,False
admission_suppression_mom12_bottom_cap75,admission_suppression,2023-07-03,601985.XSHG,utilities_electricity,0.03571428571,0.039285714281,0.0035714285709999988,0.03377386196769461,0.09302325581395343,middle_or_top,True,False,False
admission_suppression_mom12_bottom_cap75,admission_suppression,2023-07-03,601018.XSHG,port_rail_infrastructure,0.03571428571,0.039285714281,0.0035714285709999988,-0.10858585858585867,-0.06094182825484762,middle_or_top,True,False,False
admission_suppression_mom12_bottom_cap75,admission_suppression,2023-07-03,002267.XSHE,utilities_electricity,0.03571428571,0.039285714281,0.0035714285709999988,0.04800000000000004,0.08940852819807432,middle_or_top,True,False,False
admission_suppression_mom12_bottom_cap75,admission_suppression,2023-07-03,600617.XSHG,utilities_electricity,0.03571428571,0.0267857142825,-0.0089285714275,-0.12058212058212037,0.06896551724137945,suppressed_bottom_momentum,True,False,False
admission_suppression_mom12_bottom_cap75,admission_suppression,2023-07-03,600642.XSHG,utilities_electricity,0.03571428571,0.039285714281,0.0035714285709999988,0.2641843971631206,0.1867572156196946,middle_or_top,True,False,False
admission_suppression_mom12_bottom_cap75,admission_suppression,2023-07-03,000027.XSHE,utilities_electricity,0.03571428571,0.039285714281,0.0035714285709999988,0.09335443037974689,0.08210180623973717,middle_or_top,True,False,False
admission_suppression_mom12_bottom_cap75,admission_suppression,2023-07-03,601006.XSHG,port_rail_infrastructure,0.03571428571,0.039285714281,0.0035714285709999988,0.1488721804511277,0.03481894150417819,middle_or_top,True,False,False
admission_suppression_mom12_bottom_cap75,admission_suppression,2023-07-03,000421.XSHE,utilities_electricity,0.03571428571,0.039285714281,0.0035714285709999988,0.04791666666666683,0.086519114688129,middle_or_top,True,False,False
admission_suppression_mom12_bottom_cap75,admission_suppression,2023-07-03,601825.XSHG,bank,0.03571428571,0.0267857142825,-0.0089285714275,-0.09923664122137399,-0.05545927209705359,suppressed_bottom_momentum,True,False,False
admission_suppression_mom12_bottom_cap75,admission_suppression,2023-07-03,600017.XSHG,port_rail_infrastructure,0.03571428571,0.039285714281,0.0035714285709999988,-0.04472843450479225,0.052816901408450745,middle_or_top,True,False,False
admission_suppression_mom12_bottom_cap75,admission_suppression,2023-07-03,000429.XSHE,highway_infrastructure,0.03571428571,0.0267857142825,-0.0089285714275,-0.03985507246376807,0.039787798408488007,suppressed_bottom_momentum,True,False,False
admission_suppression_mom12_bottom_cap75,admission_suppression,2023-07-03,600035.XSHG,highway_infrastructure,0.03571428571,0.039285714281,0.0035714285709999988,0.28260869565217384,0.18604651162790709,middle_or_top,True,False,False
admission_suppression_mom12_bottom_cap75,admission_suppression,2023-07-03,601228.XSHG,port_rail_infrastructure,0.03571428571,0.0267857142825,-0.0089285714275,-0.15968586387434547,0.04870129870129869,suppressed_bottom_momentum,True,False,False
admission_suppression_mom12_bottom_cap75,admission_suppression,2023-07-03,601077.XSHG,bank,0.03571428571,0.039285714281,0.0035714285709999988,0.002538071065989911,-0.008287292817679592,middle_or_top,True,False,False
admission_suppression_mom12_bottom_cap75,admission_suppression,2023-07-03,600020.XSHG,highway_infrastructure,0.03571428571,0.039285714281,0.0035714285709999988,0.1387096774193548,0.17252396166134187,middle_or_top,True,False,False
admission_suppression_mom12_bottom_cap75,admission_suppression,2023-07-03,002807.XSHE,bank,0.03571428571,0.039285714281,0.0035714285709999988,-0.08486238532110091,-0.08208955223880587,middle_or_top,True,False,False
admission_suppression_mom12_bottom_cap75,admission_suppression,2023-07-03,601997.XSHG,bank,0.03571428571,0.039285714281,0.0035714285709999988,-0.04721753794266437,-0.06859205776173283,middle_or_top,True,False,False
admission_suppression_mom12_bottom_cap75,admission_suppression,2023-07-03,601229.XSHG,bank,0.03571428571,0.039285714281,0.0035714285709999988,-0.060882800608828,-0.04166666666666663,middle_or_top,True,False,False
admission_suppression_mom12_bottom_cap75,admission_suppression,2023-07-03,600018.XSHG,port_rail_infrastructure,0.03571428571,0.0267857142825,-0.0089285714275,-0.11129848229342332,-0.05745062836624781,suppressed_bottom_momentum,True,False,False
admission_suppression_mom12_bottom_cap75,admission_suppression,2023-07-03,600908.XSHG,bank,0.03571428571,0.039285714281,0.0035714285709999988,-0.02313167259786475,-0.009242144177449174,middle_or_top,True,False,False
admission_suppression_mom12_bottom_cap75,admission_suppression,2023-07-03,603323.XSHG,bank,0.03571428571,0.0267857142825,-0.0089285714275,-0.09270216962524669,-0.09267241379310343,suppressed_bottom_momentum,True,False,False
admission_suppression_mom12_bottom_cap75,admission_suppression,2023-07-03,601880.XSHG,port_rail_infrastructure,0.03571428571,0.039285714281,0.0035714285709999988,-0.08720930232558133,-0.025000000000000022,middle_or_top,True,False,False
admission_suppression_mom12_bottom_cap75,admission_suppression,2023-07-03,000557.XSHE,port_rail_infrastructure,0.03571428571,0.039285714281,0.0035714285709999988,0.24439461883408065,0.05611222444889763,middle_or_top,True,False,False
admission_suppression_mom12_bottom_cap75,admission_suppression,2023-07-03,600033.XSHG,highway_infrastructure,0.03571428571,0.0267857142825,-0.0089285714275,0.08391608391608396,0.08304498269896188,suppressed_bottom_momentum,True,False,False
admission_suppression_mom12_bottom_cap75,admission_suppression,2023-07-03,600012.XSHG,highway_infrastructure,0.03571428571,0.039285714281,0.0035714285709999988,0.41397849462365577,0.23004694835680772,middle_or_top,True,False,False
admission_suppression_mom12_bottom_cap75,admission_suppression,2023-07-03,600377.XSHG,highway_infrastructure,0.03571428571,0.039285714281,0.0035714285709999988,0.15477629987908115,0.17724550898203595,middle_or_top,True,False,False
admission_suppression_mom12_bottom_cap75,admission_suppression,2023-07-03,600350.XSHG,highway_infrastructure,0.03571428571,0.039285714281,0.0035714285709999988,0.358490566037736,0.037459283387622166,middle_or_top,True,False,False
v57f_startup_preload_repaired_baseline,baseline,2023-10-09,601985.XSHG,utilities_electricity,0.03571428571,0.03571428571,0.0,0.16883116883116878,0.015299026425591,baseline,True,False,False
v57f_startup_preload_repaired_baseline,baseline,2023-10-09,003816.XSHE,utilities_electricity,0.03571428571,0.03571428571,0.0,0.15441176470588225,0.009646302250803984,baseline,True,False,False
v57f_startup_preload_repaired_baseline,baseline,2023-10-09,600969.XSHG,utilities_electricity,0.03571428571,0.03571428571,0.0,-0.11733333333333329,-0.11111111111111116,baseline,True,False,False
v57f_startup_preload_repaired_baseline,baseline,2023-10-09,600617.XSHG,utilities_electricity,0.03571428571,0.03571428571,0.0,-0.18860510805500985,-0.011441647597253968,baseline,True,False,False
v57f_startup_preload_repaired_baseline,baseline,2023-10-09,000421.XSHE,utilities_electricity,0.03571428571,0.03571428571,0.0,-0.05992509363295884,-0.06457564575645747,baseline,True,False,False
v57f_startup_preload_repaired_baseline,baseline,2023-10-09,000407.XSHE,utilities_electricity,0.03571428571,0.03571428571,0.0,-0.043927648578811374,0.027397260273972712,baseline,True,False,False
v57f_startup_preload_repaired_baseline,baseline,2023-10-09,600717.XSHG,port_rail_infrastructure,0.03571428571,0.03571428571,0.0,0.0806845965770171,0.011467889908256756,baseline,True,False,False
v57f_startup_preload_repaired_baseline,baseline,2023-10-09,600396.XSHG,utilities_electricity,0.03571428571,0.03571428571,0.0,-0.12195121951219512,0.07407407407407396,baseline,True,False,False
v57f_startup_preload_repaired_baseline,baseline,2023-10-09,600033.XSHG,highway_infrastructure,0.03571428571,0.03571428571,0.0,0.10954063604240294,0.060702875399361034,baseline,True,False,False
v57f_startup_preload_repaired_baseline,baseline,2023-10-09,600017.XSHG,port_rail_infrastructure,0.03571428571,0.03571428571,0.0,-0.003436426116838587,0.023890784982935065,baseline,True,False,False
v57f_startup_preload_repaired_baseline,baseline,2023-10-09,601825.XSHG,bank,0.03571428571,0.03571428571,0.0,0.043010752688172005,0.11029411764705865,baseline,True,False,False
v57f_startup_preload_repaired_baseline,baseline,2023-10-09,002807.XSHE,bank,0.03571428571,0.03571428571,0.0,-0.15873015873015872,0.0380434782608694,baseline,True,False,False
v57f_startup_preload_repaired_baseline,baseline,2023-10-09,600908.XSHG,bank,0.03571428571,0.03571428571,0.0,-0.08673469387755095,0.09411764705882364,baseline,True,False,False
v57f_startup_preload_repaired_baseline,baseline,2023-10-09,600020.XSHG,highway_infrastructure,0.03571428571,0.03571428571,0.0,0.16835016835016825,-0.008264462809917328,baseline,True,False,False
v57f_startup_preload_repaired_baseline,baseline,2023-10-09,601229.XSHG,bank,0.03571428571,0.03571428571,0.0,0.01018675721561979,0.07118055555555558,baseline,True,False,False
v57f_startup_preload_repaired_baseline,baseline,2023-10-09,601077.XSHG,bank,0.03571428571,0.03571428571,0.0,0.05915492957746471,0.10803324099723,baseline,True,False,False
v57f_startup_preload_repaired_baseline,baseline,2023-10-09,603323.XSHG,bank,0.03571428571,0.03571428571,0.0,-0.17333333333333334,0.04460093896713624,baseline,True,False,False
v57f_startup_preload_repaired_baseline,baseline,2023-10-09,601880.XSHG,port_rail_infrastructure,0.03571428571,0.03571428571,0.0,-0.030674846625766805,0.012903225806451646,baseline,True,False,False
v57f_startup_preload_repaired_baseline,baseline,2023-10-09,601166.XSHG,bank,0.03571428571,0.03571428571,0.0,-0.08188153310104518,0.04691516709511556,baseline,True,False,False
v57f_startup_preload_repaired_baseline,baseline,2023-10-09,000582.XSHE,port_rail_infrastructure,0.03571428571,0.03571428571,0.0,0.04417670682730934,0.02207792207792214,baseline,True,False,False
v57f_startup_preload_repaired_baseline,baseline,2023-10-09,000429.XSHE,highway_infrastructure,0.03571428571,0.03571428571,0.0,0.02564102564102555,0.07712082262210807,baseline,True,False,False
v57f_startup_preload_repaired_baseline,baseline,2023-10-09,601008.XSHG,port_rail_infrastructure,0.03571428571,0.03571428571,0.0,0.014388489208633226,0.07092198581560272,baseline,True,False,False
v57f_startup_preload_repaired_baseline,baseline,2023-10-09,000755.XSHE,highway_infrastructure,0.03571428571,0.03571428571,0.0,-0.2536348949919225,-0.03258655804480659,baseline,True,False,False
v57f_startup_preload_repaired_baseline,baseline,2023-10-09,601018.XSHG,port_rail_infrastructure,0.03571428571,0.03571428571,0.0,-0.10817941952506605,0.014705882352941346,baseline,True,False,False
v57f_startup_preload_repaired_baseline,baseline,2023-10-09,601006.XSHG,port_rail_infrastructure,0.03571428571,0.03571428571,0.0,0.06896551724137923,-0.02016129032258074,baseline,True,False,False
v57f_startup_preload_repaired_baseline,baseline,2023-10-09,600035.XSHG,highway_infrastructure,0.03571428571,0.03571428571,0.0,0.09171597633136086,-0.022277227722772297,baseline,True,False,False
v57f_startup_preload_repaired_baseline,baseline,2023-10-09,600377.XSHG,highway_infrastructure,0.03571428571,0.03571428571,0.0,0.297986577181208,0.07003089598352208,baseline,True,False,False
v57f_startup_preload_repaired_baseline,baseline,2023-10-09,000900.XSHE,highway_infrastructure,0.03571428571,0.03571428571,0.0,-0.02415458937198056,0.024691358024691468,baseline,True,False,False
internal_subsleeve_mom12_80_20,v57f_pool_internal_subsleeve,2023-10-09,601985.XSHG,utilities_electricity,0.03571428571,0.04523809523266667,0.009523809522666668,0.16883116883116878,0.015299026425591,momentum_subsleeve,True,False,False
internal_subsleeve_mom12_80_20,v57f_pool_internal_subsleeve,2023-10-09,003816.XSHE,utilities_electricity,0.03571428571,0.04523809523266667,0.009523809522666668,0.15441176470588225,0.009646302250803984,momentum_subsleeve,True,False,False
internal_subsleeve_mom12_80_20,v57f_pool_internal_subsleeve,2023-10-09,600969.XSHG,utilities_electricity,0.03571428571,0.028571428568000004,-0.0071428571419999976,-0.11733333333333329,-0.11111111111111116,middle,True,False,False
internal_subsleeve_mom12_80_20,v57f_pool_internal_subsleeve,2023-10-09,600617.XSHG,utilities_electricity,0.03571428571,0.028571428568000004,-0.0071428571419999976,-0.18860510805500985,-0.011441647597253968,middle,True,False,False
internal_subsleeve_mom12_80_20,v57f_pool_internal_subsleeve,2023-10-09,000421.XSHE,utilities_electricity,0.03571428571,0.028571428568000004,-0.0071428571419999976,-0.05992509363295884,-0.06457564575645747,middle,True,False,False
internal_subsleeve_mom12_80_20,v57f_pool_internal_subsleeve,2023-10-09,000407.XSHE,utilities_electricity,0.03571428571,0.04523809523266667,0.009523809522666668,-0.043927648578811374,0.027397260273972712,momentum_subsleeve,True,False,False
internal_subsleeve_mom12_80_20,v57f_pool_internal_subsleeve,2023-10-09,600717.XSHG,port_rail_infrastructure,0.03571428571,0.04523809523266667,0.009523809522666668,0.0806845965770171,0.011467889908256756,momentum_subsleeve,True,False,False
internal_subsleeve_mom12_80_20,v57f_pool_internal_subsleeve,2023-10-09,600396.XSHG,utilities_electricity,0.03571428571,0.028571428568000004,-0.0071428571419999976,-0.12195121951219512,0.07407407407407396,middle,True,False,False
internal_subsleeve_mom12_80_20,v57f_pool_internal_subsleeve,2023-10-09,600033.XSHG,highway_infrastructure,0.03571428571,0.04523809523266667,0.009523809522666668,0.10954063604240294,0.060702875399361034,momentum_subsleeve,True,False,False
internal_subsleeve_mom12_80_20,v57f_pool_internal_subsleeve,2023-10-09,600017.XSHG,port_rail_infrastructure,0.03571428571,0.028571428568000004,-0.0071428571419999976,-0.003436426116838587,0.023890784982935065,middle,True,False,False
internal_subsleeve_mom12_80_20,v57f_pool_internal_subsleeve,2023-10-09,601825.XSHG,bank,0.03571428571,0.04523809523266667,0.009523809522666668,0.043010752688172005,0.11029411764705865,momentum_subsleeve,True,False,False
internal_subsleeve_mom12_80_20,v57f_pool_internal_subsleeve,2023-10-09,002807.XSHE,bank,0.03571428571,0.028571428568000004,-0.0071428571419999976,-0.15873015873015872,0.0380434782608694,middle,True,False,False
internal_subsleeve_mom12_80_20,v57f_pool_internal_subsleeve,2023-10-09,600908.XSHG,bank,0.03571428571,0.028571428568000004,-0.0071428571419999976,-0.08673469387755095,0.09411764705882364,middle,True,False,False
internal_subsleeve_mom12_80_20,v57f_pool_internal_subsleeve,2023-10-09,600020.XSHG,highway_infrastructure,0.03571428571,0.04523809523266667,0.009523809522666668,0.16835016835016825,-0.008264462809917328,momentum_subsleeve,True,False,False
internal_subsleeve_mom12_80_20,v57f_pool_internal_subsleeve,2023-10-09,601229.XSHG,bank,0.03571428571,0.04523809523266667,0.009523809522666668,0.01018675721561979,0.07118055555555558,momentum_subsleeve,True,False,False
internal_subsleeve_mom12_80_20,v57f_pool_internal_subsleeve,2023-10-09,601077.XSHG,bank,0.03571428571,0.04523809523266667,0.009523809522666668,0.05915492957746471,0.10803324099723,momentum_subsleeve,True,False,False
internal_subsleeve_mom12_80_20,v57f_pool_internal_subsleeve,2023-10-09,603323.XSHG,bank,0.03571428571,0.028571428568000004,-0.0071428571419999976,-0.17333333333333334,0.04460093896713624,middle,True,False,False
internal_subsleeve_mom12_80_20,v57f_pool_internal_subsleeve,2023-10-09,601880.XSHG,port_rail_infrastructure,0.03571428571,0.028571428568000004,-0.0071428571419999976,-0.030674846625766805,0.012903225806451646,middle,True,False,False
internal_subsleeve_mom12_80_20,v57f_pool_internal_subsleeve,2023-10-09,601166.XSHG,bank,0.03571428571,0.028571428568000004,-0.0071428571419999976,-0.08188153310104518,0.04691516709511556,middle,True,False,False
internal_subsleeve_mom12_80_20,v57f_pool_internal_subsleeve,2023-10-09,000582.XSHE,port_rail_infrastructure,0.03571428571,0.04523809523266667,0.009523809522666668,0.04417670682730934,0.02207792207792214,momentum_subsleeve,True,False,False
internal_subsleeve_mom12_80_20,v57f_pool_internal_subsleeve,2023-10-09,000429.XSHE,highway_infrastructure,0.03571428571,0.028571428568000004,-0.0071428571419999976,0.02564102564102555,0.07712082262210807,middle,True,False,False
internal_subsleeve_mom12_80_20,v57f_pool_internal_subsleeve,2023-10-09,601008.XSHG,port_rail_infrastructure,0.03571428571,0.028571428568000004,-0.0071428571419999976,0.014388489208633226,0.07092198581560272,middle,True,False,False
internal_subsleeve_mom12_80_20,v57f_pool_internal_subsleeve,2023-10-09,000755.XSHE,highway_infrastructure,0.03571428571,0.028571428568000004,-0.0071428571419999976,-0.2536348949919225,-0.03258655804480659,middle,True,False,False
internal_subsleeve_mom12_80_20,v57f_pool_internal_subsleeve,2023-10-09,601018.XSHG,port_rail_infrastructure,0.03571428571,0.028571428568000004,-0.0071428571419999976,-0.10817941952506605,0.014705882352941346,middle,True,False,False
internal_subsleeve_mom12_80_20,v57f_pool_internal_subsleeve,2023-10-09,601006.XSHG,port_rail_infrastructure,0.03571428571,0.04523809523266667,0.009523809522666668,0.06896551724137923,-0.02016129032258074,momentum_subsleeve,True,False,False
internal_subsleeve_mom12_80_20,v57f_pool_internal_subsleeve,2023-10-09,600035.XSHG,highway_infrastructure,0.03571428571,0.028571428568000004,-0.0071428571419999976,0.09171597633136086,-0.022277227722772297,middle,True,False,False
internal_subsleeve_mom12_80_20,v57f_pool_internal_subsleeve,2023-10-09,600377.XSHG,highway_infrastructure,0.03571428571,0.04523809523266667,0.009523809522666668,0.297986577181208,0.07003089598352208,momentum_subsleeve,True,False,False
internal_subsleeve_mom12_80_20,v57f_pool_internal_subsleeve,2023-10-09,000900.XSHE,highway_infrastructure,0.03571428571,0.028571428568000004,-0.0071428571419999976,-0.02415458937198056,0.024691358024691468,middle,True,False,False
internal_subsleeve_mom12_70_30,v57f_pool_internal_subsleeve,2023-10-09,601985.XSHG,utilities_electricity,0.03571428571,0.049999999994000004,0.014285714284000002,0.16883116883116878,0.015299026425591,momentum_subsleeve,True,False,False
internal_subsleeve_mom12_70_30,v57f_pool_internal_subsleeve,2023-10-09,003816.XSHE,utilities_electricity,0.03571428571,0.049999999994000004,0.014285714284000002,0.15441176470588225,0.009646302250803984,momentum_subsleeve,True,False,False
internal_subsleeve_mom12_70_30,v57f_pool_internal_subsleeve,2023-10-09,600969.XSHG,utilities_electricity,0.03571428571,0.024999999997,-0.010714285713000003,-0.11733333333333329,-0.11111111111111116,middle,True,False,False
internal_subsleeve_mom12_70_30,v57f_pool_internal_subsleeve,2023-10-09,600617.XSHG,utilities_electricity,0.03571428571,0.024999999997,-0.010714285713000003,-0.18860510805500985,-0.011441647597253968,middle,True,False,False
internal_subsleeve_mom12_70_30,v57f_pool_internal_subsleeve,2023-10-09,000421.XSHE,utilities_electricity,0.03571428571,0.024999999997,-0.010714285713000003,-0.05992509363295884,-0.06457564575645747,middle,True,False,False
internal_subsleeve_mom12_70_30,v57f_pool_internal_subsleeve,2023-10-09,000407.XSHE,utilities_electricity,0.03571428571,0.049999999994000004,0.014285714284000002,-0.043927648578811374,0.027397260273972712,momentum_subsleeve,True,False,False
internal_subsleeve_mom12_70_30,v57f_pool_internal_subsleeve,2023-10-09,600717.XSHG,port_rail_infrastructure,0.03571428571,0.049999999994000004,0.014285714284000002,0.0806845965770171,0.011467889908256756,momentum_subsleeve,True,False,False
internal_subsleeve_mom12_70_30,v57f_pool_internal_subsleeve,2023-10-09,600396.XSHG,utilities_electricity,0.03571428571,0.024999999997,-0.010714285713000003,-0.12195121951219512,0.07407407407407396,middle,True,False,False
internal_subsleeve_mom12_70_30,v57f_pool_internal_subsleeve,2023-10-09,600033.XSHG,highway_infrastructure,0.03571428571,0.049999999994000004,0.014285714284000002,0.10954063604240294,0.060702875399361034,momentum_subsleeve,True,False,False
internal_subsleeve_mom12_70_30,v57f_pool_internal_subsleeve,2023-10-09,600017.XSHG,port_rail_infrastructure,0.03571428571,0.024999999997,-0.010714285713000003,-0.003436426116838587,0.023890784982935065,middle,True,False,False
internal_subsleeve_mom12_70_30,v57f_pool_internal_subsleeve,2023-10-09,601825.XSHG,bank,0.03571428571,0.049999999994000004,0.014285714284000002,0.043010752688172005,0.11029411764705865,momentum_subsleeve,True,False,False
internal_subsleeve_mom12_70_30,v57f_pool_internal_subsleeve,2023-10-09,002807.XSHE,bank,0.03571428571,0.024999999997,-0.010714285713000003,-0.15873015873015872,0.0380434782608694,middle,True,False,False
internal_subsleeve_mom12_70_30,v57f_pool_internal_subsleeve,2023-10-09,600908.XSHG,bank,0.03571428571,0.024999999997,-0.010714285713000003,-0.08673469387755095,0.09411764705882364,middle,True,False,False
internal_subsleeve_mom12_70_30,v57f_pool_internal_subsleeve,2023-10-09,600020.XSHG,highway_infrastructure,0.03571428571,0.049999999994000004,0.014285714284000002,0.16835016835016825,-0.008264462809917328,momentum_subsleeve,True,False,False
internal_subsleeve_mom12_70_30,v57f_pool_internal_subsleeve,2023-10-09,601229.XSHG,bank,0.03571428571,0.049999999994000004,0.014285714284000002,0.01018675721561979,0.07118055555555558,momentum_subsleeve,True,False,False
internal_subsleeve_mom12_70_30,v57f_pool_internal_subsleeve,2023-10-09,601077.XSHG,bank,0.03571428571,0.049999999994000004,0.014285714284000002,0.05915492957746471,0.10803324099723,momentum_subsleeve,True,False,False
internal_subsleeve_mom12_70_30,v57f_pool_internal_subsleeve,2023-10-09,603323.XSHG,bank,0.03571428571,0.024999999997,-0.010714285713000003,-0.17333333333333334,0.04460093896713624,middle,True,False,False
internal_subsleeve_mom12_70_30,v57f_pool_internal_subsleeve,2023-10-09,601880.XSHG,port_rail_infrastructure,0.03571428571,0.024999999997,-0.010714285713000003,-0.030674846625766805,0.012903225806451646,middle,True,False,False
internal_subsleeve_mom12_70_30,v57f_pool_internal_subsleeve,2023-10-09,601166.XSHG,bank,0.03571428571,0.024999999997,-0.010714285713000003,-0.08188153310104518,0.04691516709511556,middle,True,False,False
internal_subsleeve_mom12_70_30,v57f_pool_internal_subsleeve,2023-10-09,000582.XSHE,port_rail_infrastructure,0.03571428571,0.049999999994000004,0.014285714284000002,0.04417670682730934,0.02207792207792214,momentum_subsleeve,True,False,False
internal_subsleeve_mom12_70_30,v57f_pool_internal_subsleeve,2023-10-09,000429.XSHE,highway_infrastructure,0.03571428571,0.024999999997,-0.010714285713000003,0.02564102564102555,0.07712082262210807,middle,True,False,False
internal_subsleeve_mom12_70_30,v57f_pool_internal_subsleeve,2023-10-09,601008.XSHG,port_rail_infrastructure,0.03571428571,0.024999999997,-0.010714285713000003,0.014388489208633226,0.07092198581560272,middle,True,False,False
internal_subsleeve_mom12_70_30,v57f_pool_internal_subsleeve,2023-10-09,000755.XSHE,highway_infrastructure,0.03571428571,0.024999999997,-0.010714285713000003,-0.2536348949919225,-0.03258655804480659,middle,True,False,False
internal_subsleeve_mom12_70_30,v57f_pool_internal_subsleeve,2023-10-09,601018.XSHG,port_rail_infrastructure,0.03571428571,0.024999999997,-0.010714285713000003,-0.10817941952506605,0.014705882352941346,middle,True,False,False
internal_subsleeve_mom12_70_30,v57f_pool_internal_subsleeve,2023-10-09,601006.XSHG,port_rail_infrastructure,0.03571428571,0.049999999994000004,0.014285714284000002,0.06896551724137923,-0.02016129032258074,momentum_subsleeve,True,False,False
internal_subsleeve_mom12_70_30,v57f_pool_internal_subsleeve,2023-10-09,600035.XSHG,highway_infrastructure,0.03571428571,0.024999999997,-0.010714285713000003,0.09171597633136086,-0.022277227722772297,middle,True,False,False
internal_subsleeve_mom12_70_30,v57f_pool_internal_subsleeve,2023-10-09,600377.XSHG,highway_infrastructure,0.03571428571,0.049999999994000004,0.014285714284000002,0.297986577181208,0.07003089598352208,momentum_subsleeve,True,False,False
internal_subsleeve_mom12_70_30,v57f_pool_internal_subsleeve,2023-10-09,000900.XSHE,highway_infrastructure,0.03571428571,0.024999999997,-0.010714285713000003,-0.02415458937198056,0.024691358024691468,middle,True,False,False
dual_sleeve_mom12_80_20,dual_sleeve_allocation,2023-10-09,601985.XSHG,utilities_electricity,0.03571428571,0.04857142856800001,0.012857142858000006,0.16883116883116878,0.015299026425591,momentum_sleeve,False,False,False
dual_sleeve_mom12_80_20,dual_sleeve_allocation,2023-10-09,003816.XSHE,utilities_electricity,0.03571428571,0.04857142856800001,0.012857142858000006,0.15441176470588225,0.009646302250803984,momentum_sleeve,False,False,False
dual_sleeve_mom12_80_20,dual_sleeve_allocation,2023-10-09,600969.XSHG,utilities_electricity,0.03571428571,0.028571428568000004,-0.0071428571419999976,-0.11733333333333329,-0.11111111111111116,value_sleeve_only,False,False,False
dual_sleeve_mom12_80_20,dual_sleeve_allocation,2023-10-09,600617.XSHG,utilities_electricity,0.03571428571,0.028571428568000004,-0.0071428571419999976,-0.18860510805500985,-0.011441647597253968,value_sleeve_only,False,False,False
dual_sleeve_mom12_80_20,dual_sleeve_allocation,2023-10-09,000421.XSHE,utilities_electricity,0.03571428571,0.028571428568000004,-0.0071428571419999976,-0.05992509363295884,-0.06457564575645747,value_sleeve_only,False,False,False
dual_sleeve_mom12_80_20,dual_sleeve_allocation,2023-10-09,000407.XSHE,utilities_electricity,0.03571428571,0.028571428568000004,-0.0071428571419999976,-0.043927648578811374,0.027397260273972712,value_sleeve_only,False,False,False
dual_sleeve_mom12_80_20,dual_sleeve_allocation,2023-10-09,600717.XSHG,port_rail_infrastructure,0.03571428571,0.04857142856800001,0.012857142858000006,0.0806845965770171,0.011467889908256756,momentum_sleeve,False,False,False
dual_sleeve_mom12_80_20,dual_sleeve_allocation,2023-10-09,600396.XSHG,utilities_electricity,0.03571428571,0.028571428568000004,-0.0071428571419999976,-0.12195121951219512,0.07407407407407396,value_sleeve_only,False,False,False
dual_sleeve_mom12_80_20,dual_sleeve_allocation,2023-10-09,600033.XSHG,highway_infrastructure,0.03571428571,0.04857142856800001,0.012857142858000006,0.10954063604240294,0.060702875399361034,momentum_sleeve,False,False,False
dual_sleeve_mom12_80_20,dual_sleeve_allocation,2023-10-09,600017.XSHG,port_rail_infrastructure,0.03571428571,0.028571428568000004,-0.0071428571419999976,-0.003436426116838587,0.023890784982935065,value_sleeve_only,False,False,False
dual_sleeve_mom12_80_20,dual_sleeve_allocation,2023-10-09,601825.XSHG,bank,0.03571428571,0.028571428568000004,-0.0071428571419999976,0.043010752688172005,0.11029411764705865,value_sleeve_only,False,False,False
dual_sleeve_mom12_80_20,dual_sleeve_allocation,2023-10-09,002807.XSHE,bank,0.03571428571,0.028571428568000004,-0.0071428571419999976,-0.15873015873015872,0.0380434782608694,value_sleeve_only,False,False,False
dual_sleeve_mom12_80_20,dual_sleeve_allocation,2023-10-09,600908.XSHG,bank,0.03571428571,0.028571428568000004,-0.0071428571419999976,-0.08673469387755095,0.09411764705882364,value_sleeve_only,False,False,False
dual_sleeve_mom12_80_20,dual_sleeve_allocation,2023-10-09,600020.XSHG,highway_infrastructure,0.03571428571,0.04857142856800001,0.012857142858000006,0.16835016835016825,-0.008264462809917328,momentum_sleeve,False,False,False
dual_sleeve_mom12_80_20,dual_sleeve_allocation,2023-10-09,601229.XSHG,bank,0.03571428571,0.028571428568000004,-0.0071428571419999976,0.01018675721561979,0.07118055555555558,value_sleeve_only,False,False,False
dual_sleeve_mom12_80_20,dual_sleeve_allocation,2023-10-09,601077.XSHG,bank,0.03571428571,0.04857142856800001,0.012857142858000006,0.05915492957746471,0.10803324099723,momentum_sleeve,False,False,False
dual_sleeve_mom12_80_20,dual_sleeve_allocation,2023-10-09,603323.XSHG,bank,0.03571428571,0.028571428568000004,-0.0071428571419999976,-0.17333333333333334,0.04460093896713624,value_sleeve_only,False,False,False
dual_sleeve_mom12_80_20,dual_sleeve_allocation,2023-10-09,601880.XSHG,port_rail_infrastructure,0.03571428571,0.028571428568000004,-0.0071428571419999976,-0.030674846625766805,0.012903225806451646,value_sleeve_only,False,False,False
dual_sleeve_mom12_80_20,dual_sleeve_allocation,2023-10-09,601166.XSHG,bank,0.03571428571,0.028571428568000004,-0.0071428571419999976,-0.08188153310104518,0.04691516709511556,value_sleeve_only,False,False,False
dual_sleeve_mom12_80_20,dual_sleeve_allocation,2023-10-09,000582.XSHE,port_rail_infrastructure,0.03571428571,0.04857142856800001,0.012857142858000006,0.04417670682730934,0.02207792207792214,momentum_sleeve,False,False,False
dual_sleeve_mom12_80_20,dual_sleeve_allocation,2023-10-09,000429.XSHE,highway_infrastructure,0.03571428571,0.028571428568000004,-0.0071428571419999976,0.02564102564102555,0.07712082262210807,value_sleeve_only,False,False,False
dual_sleeve_mom12_80_20,dual_sleeve_allocation,2023-10-09,601008.XSHG,port_rail_infrastructure,0.03571428571,0.028571428568000004,-0.0071428571419999976,0.014388489208633226,0.07092198581560272,value_sleeve_only,False,False,False
dual_sleeve_mom12_80_20,dual_sleeve_allocation,2023-10-09,000755.XSHE,highway_infrastructure,0.03571428571,0.028571428568000004,-0.0071428571419999976,-0.2536348949919225,-0.03258655804480659,value_sleeve_only,False,False,False
dual_sleeve_mom12_80_20,dual_sleeve_allocation,2023-10-09,601018.XSHG,port_rail_infrastructure,0.03571428571,0.028571428568000004,-0.0071428571419999976,-0.10817941952506605,0.014705882352941346,value_sleeve_only,False,False,False
dual_sleeve_mom12_80_20,dual_sleeve_allocation,2023-10-09,601006.XSHG,port_rail_infrastructure,0.03571428571,0.04857142856800001,0.012857142858000006,0.06896551724137923,-0.02016129032258074,momentum_sleeve,False,False,False
dual_sleeve_mom12_80_20,dual_sleeve_allocation,2023-10-09,600035.XSHG,highway_infrastructure,0.03571428571,0.04857142856800001,0.012857142858000006,0.09171597633136086,-0.022277227722772297,momentum_sleeve,False,False,False
dual_sleeve_mom12_80_20,dual_sleeve_allocation,2023-10-09,600377.XSHG,highway_infrastructure,0.03571428571,0.04857142856800001,0.012857142858000006,0.297986577181208,0.07003089598352208,momentum_sleeve,False,False,False
dual_sleeve_mom12_80_20,dual_sleeve_allocation,2023-10-09,000900.XSHE,highway_infrastructure,0.03571428571,0.028571428568000004,-0.0071428571419999976,-0.02415458937198056,0.024691358024691468,value_sleeve_only,False,False,False
dual_sleeve_mom12_60_40,dual_sleeve_allocation,2023-10-09,601985.XSHG,utilities_electricity,0.03571428571,0.061428571426,0.025714285716,0.16883116883116878,0.015299026425591,momentum_sleeve,False,False,False
dual_sleeve_mom12_60_40,dual_sleeve_allocation,2023-10-09,003816.XSHE,utilities_electricity,0.03571428571,0.061428571426,0.025714285716,0.15441176470588225,0.009646302250803984,momentum_sleeve,False,False,False
dual_sleeve_mom12_60_40,dual_sleeve_allocation,2023-10-09,600969.XSHG,utilities_electricity,0.03571428571,0.021428571426,-0.014285714284000002,-0.11733333333333329,-0.11111111111111116,value_sleeve_only,False,False,False
dual_sleeve_mom12_60_40,dual_sleeve_allocation,2023-10-09,600617.XSHG,utilities_electricity,0.03571428571,0.021428571426,-0.014285714284000002,-0.18860510805500985,-0.011441647597253968,value_sleeve_only,False,False,False
dual_sleeve_mom12_60_40,dual_sleeve_allocation,2023-10-09,000421.XSHE,utilities_electricity,0.03571428571,0.021428571426,-0.014285714284000002,-0.05992509363295884,-0.06457564575645747,value_sleeve_only,False,False,False
dual_sleeve_mom12_60_40,dual_sleeve_allocation,2023-10-09,000407.XSHE,utilities_electricity,0.03571428571,0.021428571426,-0.014285714284000002,-0.043927648578811374,0.027397260273972712,value_sleeve_only,False,False,False
dual_sleeve_mom12_60_40,dual_sleeve_allocation,2023-10-09,600717.XSHG,port_rail_infrastructure,0.03571428571,0.061428571426,0.025714285716,0.0806845965770171,0.011467889908256756,momentum_sleeve,False,False,False
dual_sleeve_mom12_60_40,dual_sleeve_allocation,2023-10-09,600396.XSHG,utilities_electricity,0.03571428571,0.021428571426,-0.014285714284000002,-0.12195121951219512,0.07407407407407396,value_sleeve_only,False,False,False
dual_sleeve_mom12_60_40,dual_sleeve_allocation,2023-10-09,600033.XSHG,highway_infrastructure,0.03571428571,0.061428571426,0.025714285716,0.10954063604240294,0.060702875399361034,momentum_sleeve,False,False,False
dual_sleeve_mom12_60_40,dual_sleeve_allocation,2023-10-09,600017.XSHG,port_rail_infrastructure,0.03571428571,0.021428571426,-0.014285714284000002,-0.003436426116838587,0.023890784982935065,value_sleeve_only,False,False,False
dual_sleeve_mom12_60_40,dual_sleeve_allocation,2023-10-09,601825.XSHG,bank,0.03571428571,0.021428571426,-0.014285714284000002,0.043010752688172005,0.11029411764705865,value_sleeve_only,False,False,False
dual_sleeve_mom12_60_40,dual_sleeve_allocation,2023-10-09,002807.XSHE,bank,0.03571428571,0.021428571426,-0.014285714284000002,-0.15873015873015872,0.0380434782608694,value_sleeve_only,False,False,False
dual_sleeve_mom12_60_40,dual_sleeve_allocation,2023-10-09,600908.XSHG,bank,0.03571428571,0.021428571426,-0.014285714284000002,-0.08673469387755095,0.09411764705882364,value_sleeve_only,False,False,False
dual_sleeve_mom12_60_40,dual_sleeve_allocation,2023-10-09,600020.XSHG,highway_infrastructure,0.03571428571,0.061428571426,0.025714285716,0.16835016835016825,-0.008264462809917328,momentum_sleeve,False,False,False
dual_sleeve_mom12_60_40,dual_sleeve_allocation,2023-10-09,601229.XSHG,bank,0.03571428571,0.021428571426,-0.014285714284000002,0.01018675721561979,0.07118055555555558,value_sleeve_only,False,False,False
dual_sleeve_mom12_60_40,dual_sleeve_allocation,2023-10-09,601077.XSHG,bank,0.03571428571,0.061428571426,0.025714285716,0.05915492957746471,0.10803324099723,momentum_sleeve,False,False,False
dual_sleeve_mom12_60_40,dual_sleeve_allocation,2023-10-09,603323.XSHG,bank,0.03571428571,0.021428571426,-0.014285714284000002,-0.17333333333333334,0.04460093896713624,value_sleeve_only,False,False,False
dual_sleeve_mom12_60_40,dual_sleeve_allocation,2023-10-09,601880.XSHG,port_rail_infrastructure,0.03571428571,0.021428571426,-0.014285714284000002,-0.030674846625766805,0.012903225806451646,value_sleeve_only,False,False,False
dual_sleeve_mom12_60_40,dual_sleeve_allocation,2023-10-09,601166.XSHG,bank,0.03571428571,0.021428571426,-0.014285714284000002,-0.08188153310104518,0.04691516709511556,value_sleeve_only,False,False,False
dual_sleeve_mom12_60_40,dual_sleeve_allocation,2023-10-09,000582.XSHE,port_rail_infrastructure,0.03571428571,0.061428571426,0.025714285716,0.04417670682730934,0.02207792207792214,momentum_sleeve,False,False,False
dual_sleeve_mom12_60_40,dual_sleeve_allocation,2023-10-09,000429.XSHE,highway_infrastructure,0.03571428571,0.021428571426,-0.014285714284000002,0.02564102564102555,0.07712082262210807,value_sleeve_only,False,False,False
dual_sleeve_mom12_60_40,dual_sleeve_allocation,2023-10-09,601008.XSHG,port_rail_infrastructure,0.03571428571,0.021428571426,-0.014285714284000002,0.014388489208633226,0.07092198581560272,value_sleeve_only,False,False,False
dual_sleeve_mom12_60_40,dual_sleeve_allocation,2023-10-09,000755.XSHE,highway_infrastructure,0.03571428571,0.021428571426,-0.014285714284000002,-0.2536348949919225,-0.03258655804480659,value_sleeve_only,False,False,False
dual_sleeve_mom12_60_40,dual_sleeve_allocation,2023-10-09,601018.XSHG,port_rail_infrastructure,0.03571428571,0.021428571426,-0.014285714284000002,-0.10817941952506605,0.014705882352941346,value_sleeve_only,False,False,False
dual_sleeve_mom12_60_40,dual_sleeve_allocation,2023-10-09,601006.XSHG,port_rail_infrastructure,0.03571428571,0.061428571426,0.025714285716,0.06896551724137923,-0.02016129032258074,momentum_sleeve,False,False,False
dual_sleeve_mom12_60_40,dual_sleeve_allocation,2023-10-09,600035.XSHG,highway_infrastructure,0.03571428571,0.061428571426,0.025714285716,0.09171597633136086,-0.022277227722772297,momentum_sleeve,False,False,False
dual_sleeve_mom12_60_40,dual_sleeve_allocation,2023-10-09,600377.XSHG,highway_infrastructure,0.03571428571,0.061428571426,0.025714285716,0.297986577181208,0.07003089598352208,momentum_sleeve,False,False,False
dual_sleeve_mom12_60_40,dual_sleeve_allocation,2023-10-09,000900.XSHE,highway_infrastructure,0.03571428571,0.021428571426,-0.014285714284000002,-0.02415458937198056,0.024691358024691468,value_sleeve_only,False,False,False
state_routed_mom12_70_30_or_100_0,state_routed_budget,2023-10-09,601985.XSHG,utilities_electricity,0.03571428571,0.054999999997,0.019285714286999996,0.16883116883116878,0.015299026425591,momentum_sleeve,False,False,False
state_routed_mom12_70_30_or_100_0,state_routed_budget,2023-10-09,003816.XSHE,utilities_electricity,0.03571428571,0.054999999997,0.019285714286999996,0.15441176470588225,0.009646302250803984,momentum_sleeve,False,False,False
state_routed_mom12_70_30_or_100_0,state_routed_budget,2023-10-09,600969.XSHG,utilities_electricity,0.03571428571,0.024999999997,-0.010714285713000003,-0.11733333333333329,-0.11111111111111116,value_sleeve_only,False,False,False
state_routed_mom12_70_30_or_100_0,state_routed_budget,2023-10-09,600617.XSHG,utilities_electricity,0.03571428571,0.024999999997,-0.010714285713000003,-0.18860510805500985,-0.011441647597253968,value_sleeve_only,False,False,False
state_routed_mom12_70_30_or_100_0,state_routed_budget,2023-10-09,000421.XSHE,utilities_electricity,0.03571428571,0.024999999997,-0.010714285713000003,-0.05992509363295884,-0.06457564575645747,value_sleeve_only,False,False,False
state_routed_mom12_70_30_or_100_0,state_routed_budget,2023-10-09,000407.XSHE,utilities_electricity,0.03571428571,0.024999999997,-0.010714285713000003,-0.043927648578811374,0.027397260273972712,value_sleeve_only,False,False,False
state_routed_mom12_70_30_or_100_0,state_routed_budget,2023-10-09,600717.XSHG,port_rail_infrastructure,0.03571428571,0.054999999997,0.019285714286999996,0.0806845965770171,0.011467889908256756,momentum_sleeve,False,False,False
state_routed_mom12_70_30_or_100_0,state_routed_budget,2023-10-09,600396.XSHG,utilities_electricity,0.03571428571,0.024999999997,-0.010714285713000003,-0.12195121951219512,0.07407407407407396,value_sleeve_only,False,False,False
state_routed_mom12_70_30_or_100_0,state_routed_budget,2023-10-09,600033.XSHG,highway_infrastructure,0.03571428571,0.054999999997,0.019285714286999996,0.10954063604240294,0.060702875399361034,momentum_sleeve,False,False,False
state_routed_mom12_70_30_or_100_0,state_routed_budget,2023-10-09,600017.XSHG,port_rail_infrastructure,0.03571428571,0.024999999997,-0.010714285713000003,-0.003436426116838587,0.023890784982935065,value_sleeve_only,False,False,False
state_routed_mom12_70_30_or_100_0,state_routed_budget,2023-10-09,601825.XSHG,bank,0.03571428571,0.024999999997,-0.010714285713000003,0.043010752688172005,0.11029411764705865,value_sleeve_only,False,False,False
state_routed_mom12_70_30_or_100_0,state_routed_budget,2023-10-09,002807.XSHE,bank,0.03571428571,0.024999999997,-0.010714285713000003,-0.15873015873015872,0.0380434782608694,value_sleeve_only,False,False,False
state_routed_mom12_70_30_or_100_0,state_routed_budget,2023-10-09,600908.XSHG,bank,0.03571428571,0.024999999997,-0.010714285713000003,-0.08673469387755095,0.09411764705882364,value_sleeve_only,False,False,False
state_routed_mom12_70_30_or_100_0,state_routed_budget,2023-10-09,600020.XSHG,highway_infrastructure,0.03571428571,0.054999999997,0.019285714286999996,0.16835016835016825,-0.008264462809917328,momentum_sleeve,False,False,False
state_routed_mom12_70_30_or_100_0,state_routed_budget,2023-10-09,601229.XSHG,bank,0.03571428571,0.024999999997,-0.010714285713000003,0.01018675721561979,0.07118055555555558,value_sleeve_only,False,False,False
state_routed_mom12_70_30_or_100_0,state_routed_budget,2023-10-09,601077.XSHG,bank,0.03571428571,0.054999999997,0.019285714286999996,0.05915492957746471,0.10803324099723,momentum_sleeve,False,False,False
state_routed_mom12_70_30_or_100_0,state_routed_budget,2023-10-09,603323.XSHG,bank,0.03571428571,0.024999999997,-0.010714285713000003,-0.17333333333333334,0.04460093896713624,value_sleeve_only,False,False,False
state_routed_mom12_70_30_or_100_0,state_routed_budget,2023-10-09,601880.XSHG,port_rail_infrastructure,0.03571428571,0.024999999997,-0.010714285713000003,-0.030674846625766805,0.012903225806451646,value_sleeve_only,False,False,False
state_routed_mom12_70_30_or_100_0,state_routed_budget,2023-10-09,601166.XSHG,bank,0.03571428571,0.024999999997,-0.010714285713000003,-0.08188153310104518,0.04691516709511556,value_sleeve_only,False,False,False
state_routed_mom12_70_30_or_100_0,state_routed_budget,2023-10-09,000582.XSHE,port_rail_infrastructure,0.03571428571,0.054999999997,0.019285714286999996,0.04417670682730934,0.02207792207792214,momentum_sleeve,False,False,False
state_routed_mom12_70_30_or_100_0,state_routed_budget,2023-10-09,000429.XSHE,highway_infrastructure,0.03571428571,0.024999999997,-0.010714285713000003,0.02564102564102555,0.07712082262210807,value_sleeve_only,False,False,False
state_routed_mom12_70_30_or_100_0,state_routed_budget,2023-10-09,601008.XSHG,port_rail_infrastructure,0.03571428571,0.024999999997,-0.010714285713000003,0.014388489208633226,0.07092198581560272,value_sleeve_only,False,False,False
state_routed_mom12_70_30_or_100_0,state_routed_budget,2023-10-09,000755.XSHE,highway_infrastructure,0.03571428571,0.024999999997,-0.010714285713000003,-0.2536348949919225,-0.03258655804480659,value_sleeve_only,False,False,False
state_routed_mom12_70_30_or_100_0,state_routed_budget,2023-10-09,601018.XSHG,port_rail_infrastructure,0.03571428571,0.024999999997,-0.010714285713000003,-0.10817941952506605,0.014705882352941346,value_sleeve_only,False,False,False
state_routed_mom12_70_30_or_100_0,state_routed_budget,2023-10-09,601006.XSHG,port_rail_infrastructure,0.03571428571,0.054999999997,0.019285714286999996,0.06896551724137923,-0.02016129032258074,momentum_sleeve,False,False,False
state_routed_mom12_70_30_or_100_0,state_routed_budget,2023-10-09,600035.XSHG,highway_infrastructure,0.03571428571,0.054999999997,0.019285714286999996,0.09171597633136086,-0.022277227722772297,momentum_sleeve,False,False,False
state_routed_mom12_70_30_or_100_0,state_routed_budget,2023-10-09,600377.XSHG,highway_infrastructure,0.03571428571,0.054999999997,0.019285714286999996,0.297986577181208,0.07003089598352208,momentum_sleeve,False,False,False
state_routed_mom12_70_30_or_100_0,state_routed_budget,2023-10-09,000900.XSHE,highway_infrastructure,0.03571428571,0.024999999997,-0.010714285713000003,-0.02415458937198056,0.024691358024691468,value_sleeve_only,False,False,False
admission_suppression_mom12_bottom_cap75,admission_suppression,2023-10-09,601985.XSHG,utilities_electricity,0.03571428571,0.039285714281,0.0035714285709999988,0.16883116883116878,0.015299026425591,middle_or_top,True,False,False
admission_suppression_mom12_bottom_cap75,admission_suppression,2023-10-09,003816.XSHE,utilities_electricity,0.03571428571,0.039285714281,0.0035714285709999988,0.15441176470588225,0.009646302250803984,middle_or_top,True,False,False
admission_suppression_mom12_bottom_cap75,admission_suppression,2023-10-09,600969.XSHG,utilities_electricity,0.03571428571,0.039285714281,0.0035714285709999988,-0.11733333333333329,-0.11111111111111116,middle_or_top,True,False,False
admission_suppression_mom12_bottom_cap75,admission_suppression,2023-10-09,600617.XSHG,utilities_electricity,0.03571428571,0.0267857142825,-0.0089285714275,-0.18860510805500985,-0.011441647597253968,suppressed_bottom_momentum,True,False,False
admission_suppression_mom12_bottom_cap75,admission_suppression,2023-10-09,000421.XSHE,utilities_electricity,0.03571428571,0.039285714281,0.0035714285709999988,-0.05992509363295884,-0.06457564575645747,middle_or_top,True,False,False
admission_suppression_mom12_bottom_cap75,admission_suppression,2023-10-09,000407.XSHE,utilities_electricity,0.03571428571,0.039285714281,0.0035714285709999988,-0.043927648578811374,0.027397260273972712,middle_or_top,True,False,False
admission_suppression_mom12_bottom_cap75,admission_suppression,2023-10-09,600717.XSHG,port_rail_infrastructure,0.03571428571,0.039285714281,0.0035714285709999988,0.0806845965770171,0.011467889908256756,middle_or_top,True,False,False
admission_suppression_mom12_bottom_cap75,admission_suppression,2023-10-09,600396.XSHG,utilities_electricity,0.03571428571,0.0267857142825,-0.0089285714275,-0.12195121951219512,0.07407407407407396,suppressed_bottom_momentum,True,False,False
admission_suppression_mom12_bottom_cap75,admission_suppression,2023-10-09,600033.XSHG,highway_infrastructure,0.03571428571,0.039285714281,0.0035714285709999988,0.10954063604240294,0.060702875399361034,middle_or_top,True,False,False
admission_suppression_mom12_bottom_cap75,admission_suppression,2023-10-09,600017.XSHG,port_rail_infrastructure,0.03571428571,0.039285714281,0.0035714285709999988,-0.003436426116838587,0.023890784982935065,middle_or_top,True,False,False
admission_suppression_mom12_bottom_cap75,admission_suppression,2023-10-09,601825.XSHG,bank,0.03571428571,0.039285714281,0.0035714285709999988,0.043010752688172005,0.11029411764705865,middle_or_top,True,False,False
admission_suppression_mom12_bottom_cap75,admission_suppression,2023-10-09,002807.XSHE,bank,0.03571428571,0.0267857142825,-0.0089285714275,-0.15873015873015872,0.0380434782608694,suppressed_bottom_momentum,True,False,False
admission_suppression_mom12_bottom_cap75,admission_suppression,2023-10-09,600908.XSHG,bank,0.03571428571,0.039285714281,0.0035714285709999988,-0.08673469387755095,0.09411764705882364,middle_or_top,True,False,False
admission_suppression_mom12_bottom_cap75,admission_suppression,2023-10-09,600020.XSHG,highway_infrastructure,0.03571428571,0.039285714281,0.0035714285709999988,0.16835016835016825,-0.008264462809917328,middle_or_top,True,False,False
admission_suppression_mom12_bottom_cap75,admission_suppression,2023-10-09,601229.XSHG,bank,0.03571428571,0.039285714281,0.0035714285709999988,0.01018675721561979,0.07118055555555558,middle_or_top,True,False,False
admission_suppression_mom12_bottom_cap75,admission_suppression,2023-10-09,601077.XSHG,bank,0.03571428571,0.039285714281,0.0035714285709999988,0.05915492957746471,0.10803324099723,middle_or_top,True,False,False
admission_suppression_mom12_bottom_cap75,admission_suppression,2023-10-09,603323.XSHG,bank,0.03571428571,0.0267857142825,-0.0089285714275,-0.17333333333333334,0.04460093896713624,suppressed_bottom_momentum,True,False,False
admission_suppression_mom12_bottom_cap75,admission_suppression,2023-10-09,601880.XSHG,port_rail_infrastructure,0.03571428571,0.0267857142825,-0.0089285714275,-0.030674846625766805,0.012903225806451646,suppressed_bottom_momentum,True,False,False
admission_suppression_mom12_bottom_cap75,admission_suppression,2023-10-09,601166.XSHG,bank,0.03571428571,0.039285714281,0.0035714285709999988,-0.08188153310104518,0.04691516709511556,middle_or_top,True,False,False
admission_suppression_mom12_bottom_cap75,admission_suppression,2023-10-09,000582.XSHE,port_rail_infrastructure,0.03571428571,0.039285714281,0.0035714285709999988,0.04417670682730934,0.02207792207792214,middle_or_top,True,False,False
admission_suppression_mom12_bottom_cap75,admission_suppression,2023-10-09,000429.XSHE,highway_infrastructure,0.03571428571,0.039285714281,0.0035714285709999988,0.02564102564102555,0.07712082262210807,middle_or_top,True,False,False
admission_suppression_mom12_bottom_cap75,admission_suppression,2023-10-09,601008.XSHG,port_rail_infrastructure,0.03571428571,0.039285714281,0.0035714285709999988,0.014388489208633226,0.07092198581560272,middle_or_top,True,False,False
admission_suppression_mom12_bottom_cap75,admission_suppression,2023-10-09,000755.XSHE,highway_infrastructure,0.03571428571,0.0267857142825,-0.0089285714275,-0.2536348949919225,-0.03258655804480659,suppressed_bottom_momentum,True,False,False
admission_suppression_mom12_bottom_cap75,admission_suppression,2023-10-09,601018.XSHG,port_rail_infrastructure,0.03571428571,0.0267857142825,-0.0089285714275,-0.10817941952506605,0.014705882352941346,suppressed_bottom_momentum,True,False,False
admission_suppression_mom12_bottom_cap75,admission_suppression,2023-10-09,601006.XSHG,port_rail_infrastructure,0.03571428571,0.039285714281,0.0035714285709999988,0.06896551724137923,-0.02016129032258074,middle_or_top,True,False,False
admission_suppression_mom12_bottom_cap75,admission_suppression,2023-10-09,600035.XSHG,highway_infrastructure,0.03571428571,0.039285714281,0.0035714285709999988,0.09171597633136086,-0.022277227722772297,middle_or_top,True,False,False
admission_suppression_mom12_bottom_cap75,admission_suppression,2023-10-09,600377.XSHG,highway_infrastructure,0.03571428571,0.039285714281,0.0035714285709999988,0.297986577181208,0.07003089598352208,middle_or_top,True,False,False
admission_suppression_mom12_bottom_cap75,admission_suppression,2023-10-09,000900.XSHE,highway_infrastructure,0.03571428571,0.0267857142825,-0.0089285714275,-0.02415458937198056,0.024691358024691468,suppressed_bottom_momentum,True,False,False
v57f_startup_preload_repaired_baseline,baseline,2024-01-02,002039.XSHE,utilities_electricity,0.03571428571,0.03571428571,0.0,-0.04803788903924211,0.022997032640949433,baseline,True,False,False
v57f_startup_preload_repaired_baseline,baseline,2024-01-02,000900.XSHE,highway_infrastructure,0.03571428571,0.03571428571,0.0,-0.03333333333333344,-0.055421686746988,baseline,True,False,False
v57f_startup_preload_repaired_baseline,baseline,2024-01-02,600795.XSHG,utilities_electricity,0.03571428571,0.03571428571,0.0,-0.029268292682926744,0.13043478260869557,baseline,True,False,False
v57f_startup_preload_repaired_baseline,baseline,2024-01-02,000027.XSHE,utilities_electricity,0.03571428571,0.03571428571,0.0,0.028475711892797406,0.010971786833855912,baseline,True,False,False
v57f_startup_preload_repaired_baseline,baseline,2024-01-02,601006.XSHG,port_rail_infrastructure,0.03571428571,0.03571428571,0.0,0.0846953937592867,-0.010973936899862813,baseline,True,False,False
v57f_startup_preload_repaired_baseline,baseline,2024-01-02,600017.XSHG,port_rail_infrastructure,0.03571428571,0.03571428571,0.0,-0.01384083044982698,-0.08333333333333337,baseline,True,False,False
v57f_startup_preload_repaired_baseline,baseline,2024-01-02,000692.XSHE,utilities_electricity,0.03571428571,0.03571428571,0.0,-0.2407932011331444,0.21033210332103325,baseline,True,False,False
v57f_startup_preload_repaired_baseline,baseline,2024-01-02,000791.XSHE,utilities_electricity,0.03571428571,0.03571428571,0.0,0.11281070745697885,0.0017985611510793476,baseline,True,False,False
v57f_startup_preload_repaired_baseline,baseline,2024-01-02,601825.XSHG,bank,0.03571428571,0.03571428571,0.0,-0.0372250423011844,-0.04966887417218535,baseline,True,False,False
v57f_startup_preload_repaired_baseline,baseline,2024-01-02,601991.XSHG,utilities_electricity,0.03571428571,0.03571428571,0.0,-0.13494809688581322,-0.09022556390977454,baseline,True,False,False
v57f_startup_preload_repaired_baseline,baseline,2024-01-02,601077.XSHG,bank,0.03571428571,0.03571428571,0.0,0.13888888888888884,0.020000000000000018,baseline,True,False,False
v57f_startup_preload_repaired_baseline,baseline,2024-01-02,600617.XSHG,utilities_electricity,0.03571428571,0.03571428571,0.0,-0.04662004662004671,-0.10648148148148162,baseline,True,False,False
v57f_startup_preload_repaired_baseline,baseline,2024-01-02,000905.XSHE,port_rail_infrastructure,0.03571428571,0.03571428571,0.0,-0.048429319371727786,-0.028455284552845517,baseline,True,False,False
v57f_startup_preload_repaired_baseline,baseline,2024-01-02,601229.XSHG,bank,0.03571428571,0.03571428571,0.0,-0.014876033057851235,-0.03241491085899517,baseline,True,False,False
v57f_startup_preload_repaired_baseline,baseline,2024-01-02,002807.XSHE,bank,0.03571428571,0.03571428571,0.0,-0.10447761194029836,-0.0706806282722513,baseline,True,False,False
v57f_startup_preload_repaired_baseline,baseline,2024-01-02,601018.XSHG,port_rail_infrastructure,0.03571428571,0.03571428571,0.0,-0.013623978201634857,0.03188405797101446,baseline,True,False,False
v57f_startup_preload_repaired_baseline,baseline,2024-01-02,600717.XSHG,port_rail_infrastructure,0.03571428571,0.03571428571,0.0,0.021531100478468845,-0.0680272108843537,baseline,True,False,False
v57f_startup_preload_repaired_baseline,baseline,2024-01-02,601169.XSHG,bank,0.03571428571,0.03571428571,0.0,0.038812785388127935,-0.021598272138228847,baseline,True,False,False
v57f_startup_preload_repaired_baseline,baseline,2024-01-02,603323.XSHG,bank,0.03571428571,0.03571428571,0.0,-0.11924686192468625,-0.06516853932584266,baseline,True,False,False
v57f_startup_preload_repaired_baseline,baseline,2024-01-02,600033.XSHG,highway_infrastructure,0.03571428571,0.03571428571,0.0,0.10169491525423724,-0.06626506024096379,baseline,True,False,False
v57f_startup_preload_repaired_baseline,baseline,2024-01-02,601398.XSHG,bank,0.03571428571,0.03571428571,0.0,0.1212121212121211,0.021367521367521514,baseline,True,False,False
v57f_startup_preload_repaired_baseline,baseline,2024-01-02,000582.XSHE,port_rail_infrastructure,0.03571428571,0.03571428571,0.0,0.0026385224274405594,-0.04574332909783996,baseline,True,False,False
v57f_startup_preload_repaired_baseline,baseline,2024-01-02,601228.XSHG,port_rail_infrastructure,0.03571428571,0.03571428571,0.0,-0.015432098765432167,-0.03095975232198145,baseline,True,False,False
v57f_startup_preload_repaired_baseline,baseline,2024-01-02,600020.XSHG,highway_infrastructure,0.03571428571,0.03571428571,0.0,0.16171617161716179,0.022222222222222143,baseline,True,False,False
v57f_startup_preload_repaired_baseline,baseline,2024-01-02,600035.XSHG,highway_infrastructure,0.03571428571,0.03571428571,0.0,0.18343195266272194,-0.032911392405063356,baseline,True,False,False
v57f_startup_preload_repaired_baseline,baseline,2024-01-02,000429.XSHE,highway_infrastructure,0.03571428571,0.03571428571,0.0,0.047865459249676556,0.009546539379474916,baseline,True,False,False
v57f_startup_preload_repaired_baseline,baseline,2024-01-02,600350.XSHG,highway_infrastructure,0.03571428571,0.03571428571,0.0,0.1595197255574614,-0.030726256983240163,baseline,True,False,False
v57f_startup_preload_repaired_baseline,baseline,2024-01-02,600377.XSHG,highway_infrastructure,0.03571428571,0.03571428571,0.0,0.2321644498186215,-0.01347449470644857,baseline,True,False,False
internal_subsleeve_mom12_80_20,v57f_pool_internal_subsleeve,2024-01-02,002039.XSHE,utilities_electricity,0.03571428571,0.028571428568000004,-0.0071428571419999976,-0.04803788903924211,0.022997032640949433,middle,True,False,False
internal_subsleeve_mom12_80_20,v57f_pool_internal_subsleeve,2024-01-02,000900.XSHE,highway_infrastructure,0.03571428571,0.028571428568000004,-0.0071428571419999976,-0.03333333333333344,-0.055421686746988,middle,True,False,False
internal_subsleeve_mom12_80_20,v57f_pool_internal_subsleeve,2024-01-02,600795.XSHG,utilities_electricity,0.03571428571,0.04523809523266667,0.009523809522666668,-0.029268292682926744,0.13043478260869557,momentum_subsleeve,True,False,False
internal_subsleeve_mom12_80_20,v57f_pool_internal_subsleeve,2024-01-02,000027.XSHE,utilities_electricity,0.03571428571,0.04523809523266667,0.009523809522666668,0.028475711892797406,0.010971786833855912,momentum_subsleeve,True,False,False
internal_subsleeve_mom12_80_20,v57f_pool_internal_subsleeve,2024-01-02,601006.XSHG,port_rail_infrastructure,0.03571428571,0.04523809523266667,0.009523809522666668,0.0846953937592867,-0.010973936899862813,momentum_subsleeve,True,False,False
internal_subsleeve_mom12_80_20,v57f_pool_internal_subsleeve,2024-01-02,600017.XSHG,port_rail_infrastructure,0.03571428571,0.028571428568000004,-0.0071428571419999976,-0.01384083044982698,-0.08333333333333337,middle,True,False,False
internal_subsleeve_mom12_80_20,v57f_pool_internal_subsleeve,2024-01-02,000692.XSHE,utilities_electricity,0.03571428571,0.028571428568000004,-0.0071428571419999976,-0.2407932011331444,0.21033210332103325,middle,True,False,False
internal_subsleeve_mom12_80_20,v57f_pool_internal_subsleeve,2024-01-02,000791.XSHE,utilities_electricity,0.03571428571,0.04523809523266667,0.009523809522666668,0.11281070745697885,0.0017985611510793476,momentum_subsleeve,True,False,False
internal_subsleeve_mom12_80_20,v57f_pool_internal_subsleeve,2024-01-02,601825.XSHG,bank,0.03571428571,0.028571428568000004,-0.0071428571419999976,-0.0372250423011844,-0.04966887417218535,middle,True,False,False
internal_subsleeve_mom12_80_20,v57f_pool_internal_subsleeve,2024-01-02,601991.XSHG,utilities_electricity,0.03571428571,0.028571428568000004,-0.0071428571419999976,-0.13494809688581322,-0.09022556390977454,middle,True,False,False
internal_subsleeve_mom12_80_20,v57f_pool_internal_subsleeve,2024-01-02,601077.XSHG,bank,0.03571428571,0.04523809523266667,0.009523809522666668,0.13888888888888884,0.020000000000000018,momentum_subsleeve,True,False,False
internal_subsleeve_mom12_80_20,v57f_pool_internal_subsleeve,2024-01-02,600617.XSHG,utilities_electricity,0.03571428571,0.028571428568000004,-0.0071428571419999976,-0.04662004662004671,-0.10648148148148162,middle,True,False,False
internal_subsleeve_mom12_80_20,v57f_pool_internal_subsleeve,2024-01-02,000905.XSHE,port_rail_infrastructure,0.03571428571,0.028571428568000004,-0.0071428571419999976,-0.048429319371727786,-0.028455284552845517,middle,True,False,False
internal_subsleeve_mom12_80_20,v57f_pool_internal_subsleeve,2024-01-02,601229.XSHG,bank,0.03571428571,0.028571428568000004,-0.0071428571419999976,-0.014876033057851235,-0.03241491085899517,middle,True,False,False
internal_subsleeve_mom12_80_20,v57f_pool_internal_subsleeve,2024-01-02,002807.XSHE,bank,0.03571428571,0.028571428568000004,-0.0071428571419999976,-0.10447761194029836,-0.0706806282722513,middle,True,False,False
internal_subsleeve_mom12_80_20,v57f_pool_internal_subsleeve,2024-01-02,601018.XSHG,port_rail_infrastructure,0.03571428571,0.028571428568000004,-0.0071428571419999976,-0.013623978201634857,0.03188405797101446,middle,True,False,False
internal_subsleeve_mom12_80_20,v57f_pool_internal_subsleeve,2024-01-02,600717.XSHG,port_rail_infrastructure,0.03571428571,0.04523809523266667,0.009523809522666668,0.021531100478468845,-0.0680272108843537,momentum_subsleeve,True,False,False
internal_subsleeve_mom12_80_20,v57f_pool_internal_subsleeve,2024-01-02,601169.XSHG,bank,0.03571428571,0.04523809523266667,0.009523809522666668,0.038812785388127935,-0.021598272138228847,momentum_subsleeve,True,False,False
internal_subsleeve_mom12_80_20,v57f_pool_internal_subsleeve,2024-01-02,603323.XSHG,bank,0.03571428571,0.028571428568000004,-0.0071428571419999976,-0.11924686192468625,-0.06516853932584266,middle,True,False,False
internal_subsleeve_mom12_80_20,v57f_pool_internal_subsleeve,2024-01-02,600033.XSHG,highway_infrastructure,0.03571428571,0.028571428568000004,-0.0071428571419999976,0.10169491525423724,-0.06626506024096379,middle,True,False,False
internal_subsleeve_mom12_80_20,v57f_pool_internal_subsleeve,2024-01-02,601398.XSHG,bank,0.03571428571,0.04523809523266667,0.009523809522666668,0.1212121212121211,0.021367521367521514,momentum_subsleeve,True,False,False
internal_subsleeve_mom12_80_20,v57f_pool_internal_subsleeve,2024-01-02,000582.XSHE,port_rail_infrastructure,0.03571428571,0.04523809523266667,0.009523809522666668,0.0026385224274405594,-0.04574332909783996,momentum_subsleeve,True,False,False
internal_subsleeve_mom12_80_20,v57f_pool_internal_subsleeve,2024-01-02,601228.XSHG,port_rail_infrastructure,0.03571428571,0.028571428568000004,-0.0071428571419999976,-0.015432098765432167,-0.03095975232198145,middle,True,False,False
internal_subsleeve_mom12_80_20,v57f_pool_internal_subsleeve,2024-01-02,600020.XSHG,highway_infrastructure,0.03571428571,0.04523809523266667,0.009523809522666668,0.16171617161716179,0.022222222222222143,momentum_subsleeve,True,False,False
internal_subsleeve_mom12_80_20,v57f_pool_internal_subsleeve,2024-01-02,600035.XSHG,highway_infrastructure,0.03571428571,0.04523809523266667,0.009523809522666668,0.18343195266272194,-0.032911392405063356,momentum_subsleeve,True,False,False
internal_subsleeve_mom12_80_20,v57f_pool_internal_subsleeve,2024-01-02,000429.XSHE,highway_infrastructure,0.03571428571,0.028571428568000004,-0.0071428571419999976,0.047865459249676556,0.009546539379474916,middle,True,False,False
internal_subsleeve_mom12_80_20,v57f_pool_internal_subsleeve,2024-01-02,600350.XSHG,highway_infrastructure,0.03571428571,0.028571428568000004,-0.0071428571419999976,0.1595197255574614,-0.030726256983240163,middle,True,False,False
internal_subsleeve_mom12_80_20,v57f_pool_internal_subsleeve,2024-01-02,600377.XSHG,highway_infrastructure,0.03571428571,0.04523809523266667,0.009523809522666668,0.2321644498186215,-0.01347449470644857,momentum_subsleeve,True,False,False
internal_subsleeve_mom12_70_30,v57f_pool_internal_subsleeve,2024-01-02,002039.XSHE,utilities_electricity,0.03571428571,0.024999999997,-0.010714285713000003,-0.04803788903924211,0.022997032640949433,middle,True,False,False
internal_subsleeve_mom12_70_30,v57f_pool_internal_subsleeve,2024-01-02,000900.XSHE,highway_infrastructure,0.03571428571,0.024999999997,-0.010714285713000003,-0.03333333333333344,-0.055421686746988,middle,True,False,False
internal_subsleeve_mom12_70_30,v57f_pool_internal_subsleeve,2024-01-02,600795.XSHG,utilities_electricity,0.03571428571,0.049999999994000004,0.014285714284000002,-0.029268292682926744,0.13043478260869557,momentum_subsleeve,True,False,False
internal_subsleeve_mom12_70_30,v57f_pool_internal_subsleeve,2024-01-02,000027.XSHE,utilities_electricity,0.03571428571,0.049999999994000004,0.014285714284000002,0.028475711892797406,0.010971786833855912,momentum_subsleeve,True,False,False
internal_subsleeve_mom12_70_30,v57f_pool_internal_subsleeve,2024-01-02,601006.XSHG,port_rail_infrastructure,0.03571428571,0.049999999994000004,0.014285714284000002,0.0846953937592867,-0.010973936899862813,momentum_subsleeve,True,False,False
internal_subsleeve_mom12_70_30,v57f_pool_internal_subsleeve,2024-01-02,600017.XSHG,port_rail_infrastructure,0.03571428571,0.024999999997,-0.010714285713000003,-0.01384083044982698,-0.08333333333333337,middle,True,False,False
internal_subsleeve_mom12_70_30,v57f_pool_internal_subsleeve,2024-01-02,000692.XSHE,utilities_electricity,0.03571428571,0.024999999997,-0.010714285713000003,-0.2407932011331444,0.21033210332103325,middle,True,False,False
internal_subsleeve_mom12_70_30,v57f_pool_internal_subsleeve,2024-01-02,000791.XSHE,utilities_electricity,0.03571428571,0.049999999994000004,0.014285714284000002,0.11281070745697885,0.0017985611510793476,momentum_subsleeve,True,False,False
internal_subsleeve_mom12_70_30,v57f_pool_internal_subsleeve,2024-01-02,601825.XSHG,bank,0.03571428571,0.024999999997,-0.010714285713000003,-0.0372250423011844,-0.04966887417218535,middle,True,False,False
internal_subsleeve_mom12_70_30,v57f_pool_internal_subsleeve,2024-01-02,601991.XSHG,utilities_electricity,0.03571428571,0.024999999997,-0.010714285713000003,-0.13494809688581322,-0.09022556390977454,middle,True,False,False
internal_subsleeve_mom12_70_30,v57f_pool_internal_subsleeve,2024-01-02,601077.XSHG,bank,0.03571428571,0.049999999994000004,0.014285714284000002,0.13888888888888884,0.020000000000000018,momentum_subsleeve,True,False,False
internal_subsleeve_mom12_70_30,v57f_pool_internal_subsleeve,2024-01-02,600617.XSHG,utilities_electricity,0.03571428571,0.024999999997,-0.010714285713000003,-0.04662004662004671,-0.10648148148148162,middle,True,False,False
internal_subsleeve_mom12_70_30,v57f_pool_internal_subsleeve,2024-01-02,000905.XSHE,port_rail_infrastructure,0.03571428571,0.024999999997,-0.010714285713000003,-0.048429319371727786,-0.028455284552845517,middle,True,False,False
internal_subsleeve_mom12_70_30,v57f_pool_internal_subsleeve,2024-01-02,601229.XSHG,bank,0.03571428571,0.024999999997,-0.010714285713000003,-0.014876033057851235,-0.03241491085899517,middle,True,False,False
internal_subsleeve_mom12_70_30,v57f_pool_internal_subsleeve,2024-01-02,002807.XSHE,bank,0.03571428571,0.024999999997,-0.010714285713000003,-0.10447761194029836,-0.0706806282722513,middle,True,False,False
internal_subsleeve_mom12_70_30,v57f_pool_internal_subsleeve,2024-01-02,601018.XSHG,port_rail_infrastructure,0.03571428571,0.024999999997,-0.010714285713000003,-0.013623978201634857,0.03188405797101446,middle,True,False,False
internal_subsleeve_mom12_70_30,v57f_pool_internal_subsleeve,2024-01-02,600717.XSHG,port_rail_infrastructure,0.03571428571,0.049999999994000004,0.014285714284000002,0.021531100478468845,-0.0680272108843537,momentum_subsleeve,True,False,False
internal_subsleeve_mom12_70_30,v57f_pool_internal_subsleeve,2024-01-02,601169.XSHG,bank,0.03571428571,0.049999999994000004,0.014285714284000002,0.038812785388127935,-0.021598272138228847,momentum_subsleeve,True,False,False
internal_subsleeve_mom12_70_30,v57f_pool_internal_subsleeve,2024-01-02,603323.XSHG,bank,0.03571428571,0.024999999997,-0.010714285713000003,-0.11924686192468625,-0.06516853932584266,middle,True,False,False
internal_subsleeve_mom12_70_30,v57f_pool_internal_subsleeve,2024-01-02,600033.XSHG,highway_infrastructure,0.03571428571,0.024999999997,-0.010714285713000003,0.10169491525423724,-0.06626506024096379,middle,True,False,False
internal_subsleeve_mom12_70_30,v57f_pool_internal_subsleeve,2024-01-02,601398.XSHG,bank,0.03571428571,0.049999999994000004,0.014285714284000002,0.1212121212121211,0.021367521367521514,momentum_subsleeve,True,False,False
internal_subsleeve_mom12_70_30,v57f_pool_internal_subsleeve,2024-01-02,000582.XSHE,port_rail_infrastructure,0.03571428571,0.049999999994000004,0.014285714284000002,0.0026385224274405594,-0.04574332909783996,momentum_subsleeve,True,False,False
internal_subsleeve_mom12_70_30,v57f_pool_internal_subsleeve,2024-01-02,601228.XSHG,port_rail_infrastructure,0.03571428571,0.024999999997,-0.010714285713000003,-0.015432098765432167,-0.03095975232198145,middle,True,False,False
internal_subsleeve_mom12_70_30,v57f_pool_internal_subsleeve,2024-01-02,600020.XSHG,highway_infrastructure,0.03571428571,0.049999999994000004,0.014285714284000002,0.16171617161716179,0.022222222222222143,momentum_subsleeve,True,False,False
internal_subsleeve_mom12_70_30,v57f_pool_internal_subsleeve,2024-01-02,600035.XSHG,highway_infrastructure,0.03571428571,0.049999999994000004,0.014285714284000002,0.18343195266272194,-0.032911392405063356,momentum_subsleeve,True,False,False
internal_subsleeve_mom12_70_30,v57f_pool_internal_subsleeve,2024-01-02,000429.XSHE,highway_infrastructure,0.03571428571,0.024999999997,-0.010714285713000003,0.047865459249676556,0.009546539379474916,middle,True,False,False
internal_subsleeve_mom12_70_30,v57f_pool_internal_subsleeve,2024-01-02,600350.XSHG,highway_infrastructure,0.03571428571,0.024999999997,-0.010714285713000003,0.1595197255574614,-0.030726256983240163,middle,True,False,False
internal_subsleeve_mom12_70_30,v57f_pool_internal_subsleeve,2024-01-02,600377.XSHG,highway_infrastructure,0.03571428571,0.049999999994000004,0.014285714284000002,0.2321644498186215,-0.01347449470644857,momentum_subsleeve,True,False,False
dual_sleeve_mom12_80_20,dual_sleeve_allocation,2024-01-02,002039.XSHE,utilities_electricity,0.03571428571,0.028571428568000004,-0.0071428571419999976,-0.04803788903924211,0.022997032640949433,value_sleeve_only,False,False,False
dual_sleeve_mom12_80_20,dual_sleeve_allocation,2024-01-02,000900.XSHE,highway_infrastructure,0.03571428571,0.028571428568000004,-0.0071428571419999976,-0.03333333333333344,-0.055421686746988,value_sleeve_only,False,False,False
dual_sleeve_mom12_80_20,dual_sleeve_allocation,2024-01-02,600795.XSHG,utilities_electricity,0.03571428571,0.028571428568000004,-0.0071428571419999976,-0.029268292682926744,0.13043478260869557,value_sleeve_only,False,False,False
dual_sleeve_mom12_80_20,dual_sleeve_allocation,2024-01-02,000027.XSHE,utilities_electricity,0.03571428571,0.028571428568000004,-0.0071428571419999976,0.028475711892797406,0.010971786833855912,value_sleeve_only,False,False,False
dual_sleeve_mom12_80_20,dual_sleeve_allocation,2024-01-02,601006.XSHG,port_rail_infrastructure,0.03571428571,0.04857142856800001,0.012857142858000006,0.0846953937592867,-0.010973936899862813,momentum_sleeve,False,False,False
dual_sleeve_mom12_80_20,dual_sleeve_allocation,2024-01-02,600017.XSHG,port_rail_infrastructure,0.03571428571,0.028571428568000004,-0.0071428571419999976,-0.01384083044982698,-0.08333333333333337,value_sleeve_only,False,False,False
dual_sleeve_mom12_80_20,dual_sleeve_allocation,2024-01-02,000692.XSHE,utilities_electricity,0.03571428571,0.028571428568000004,-0.0071428571419999976,-0.2407932011331444,0.21033210332103325,value_sleeve_only,False,False,False
dual_sleeve_mom12_80_20,dual_sleeve_allocation,2024-01-02,000791.XSHE,utilities_electricity,0.03571428571,0.04857142856800001,0.012857142858000006,0.11281070745697885,0.0017985611510793476,momentum_sleeve,False,False,False
dual_sleeve_mom12_80_20,dual_sleeve_allocation,2024-01-02,601825.XSHG,bank,0.03571428571,0.028571428568000004,-0.0071428571419999976,-0.0372250423011844,-0.04966887417218535,value_sleeve_only,False,False,False
dual_sleeve_mom12_80_20,dual_sleeve_allocation,2024-01-02,601991.XSHG,utilities_electricity,0.03571428571,0.028571428568000004,-0.0071428571419999976,-0.13494809688581322,-0.09022556390977454,value_sleeve_only,False,False,False
dual_sleeve_mom12_80_20,dual_sleeve_allocation,2024-01-02,601077.XSHG,bank,0.03571428571,0.04857142856800001,0.012857142858000006,0.13888888888888884,0.020000000000000018,momentum_sleeve,False,False,False
dual_sleeve_mom12_80_20,dual_sleeve_allocation,2024-01-02,600617.XSHG,utilities_electricity,0.03571428571,0.028571428568000004,-0.0071428571419999976,-0.04662004662004671,-0.10648148148148162,value_sleeve_only,False,False,False
dual_sleeve_mom12_80_20,dual_sleeve_allocation,2024-01-02,000905.XSHE,port_rail_infrastructure,0.03571428571,0.028571428568000004,-0.0071428571419999976,-0.048429319371727786,-0.028455284552845517,value_sleeve_only,False,False,False
dual_sleeve_mom12_80_20,dual_sleeve_allocation,2024-01-02,601229.XSHG,bank,0.03571428571,0.028571428568000004,-0.0071428571419999976,-0.014876033057851235,-0.03241491085899517,value_sleeve_only,False,False,False
dual_sleeve_mom12_80_20,dual_sleeve_allocation,2024-01-02,002807.XSHE,bank,0.03571428571,0.028571428568000004,-0.0071428571419999976,-0.10447761194029836,-0.0706806282722513,value_sleeve_only,False,False,False
dual_sleeve_mom12_80_20,dual_sleeve_allocation,2024-01-02,601018.XSHG,port_rail_infrastructure,0.03571428571,0.028571428568000004,-0.0071428571419999976,-0.013623978201634857,0.03188405797101446,value_sleeve_only,False,False,False
dual_sleeve_mom12_80_20,dual_sleeve_allocation,2024-01-02,600717.XSHG,port_rail_infrastructure,0.03571428571,0.028571428568000004,-0.0071428571419999976,0.021531100478468845,-0.0680272108843537,value_sleeve_only,False,False,False
dual_sleeve_mom12_80_20,dual_sleeve_allocation,2024-01-02,601169.XSHG,bank,0.03571428571,0.028571428568000004,-0.0071428571419999976,0.038812785388127935,-0.021598272138228847,value_sleeve_only,False,False,False
dual_sleeve_mom12_80_20,dual_sleeve_allocation,2024-01-02,603323.XSHG,bank,0.03571428571,0.028571428568000004,-0.0071428571419999976,-0.11924686192468625,-0.06516853932584266,value_sleeve_only,False,False,False
dual_sleeve_mom12_80_20,dual_sleeve_allocation,2024-01-02,600033.XSHG,highway_infrastructure,0.03571428571,0.04857142856800001,0.012857142858000006,0.10169491525423724,-0.06626506024096379,momentum_sleeve,False,False,False
dual_sleeve_mom12_80_20,dual_sleeve_allocation,2024-01-02,601398.XSHG,bank,0.03571428571,0.04857142856800001,0.012857142858000006,0.1212121212121211,0.021367521367521514,momentum_sleeve,False,False,False
dual_sleeve_mom12_80_20,dual_sleeve_allocation,2024-01-02,000582.XSHE,port_rail_infrastructure,0.03571428571,0.028571428568000004,-0.0071428571419999976,0.0026385224274405594,-0.04574332909783996,value_sleeve_only,False,False,False
dual_sleeve_mom12_80_20,dual_sleeve_allocation,2024-01-02,601228.XSHG,port_rail_infrastructure,0.03571428571,0.028571428568000004,-0.0071428571419999976,-0.015432098765432167,-0.03095975232198145,value_sleeve_only,False,False,False
dual_sleeve_mom12_80_20,dual_sleeve_allocation,2024-01-02,600020.XSHG,highway_infrastructure,0.03571428571,0.04857142856800001,0.012857142858000006,0.16171617161716179,0.022222222222222143,momentum_sleeve,False,False,False
dual_sleeve_mom12_80_20,dual_sleeve_allocation,2024-01-02,600035.XSHG,highway_infrastructure,0.03571428571,0.04857142856800001,0.012857142858000006,0.18343195266272194,-0.032911392405063356,momentum_sleeve,False,False,False
dual_sleeve_mom12_80_20,dual_sleeve_allocation,2024-01-02,000429.XSHE,highway_infrastructure,0.03571428571,0.04857142856800001,0.012857142858000006,0.047865459249676556,0.009546539379474916,momentum_sleeve,False,False,False
dual_sleeve_mom12_80_20,dual_sleeve_allocation,2024-01-02,600350.XSHG,highway_infrastructure,0.03571428571,0.04857142856800001,0.012857142858000006,0.1595197255574614,-0.030726256983240163,momentum_sleeve,False,False,False
dual_sleeve_mom12_80_20,dual_sleeve_allocation,2024-01-02,600377.XSHG,highway_infrastructure,0.03571428571,0.04857142856800001,0.012857142858000006,0.2321644498186215,-0.01347449470644857,momentum_sleeve,False,False,False
dual_sleeve_mom12_60_40,dual_sleeve_allocation,2024-01-02,002039.XSHE,utilities_electricity,0.03571428571,0.021428571426,-0.014285714284000002,-0.04803788903924211,0.022997032640949433,value_sleeve_only,False,False,False
dual_sleeve_mom12_60_40,dual_sleeve_allocation,2024-01-02,000900.XSHE,highway_infrastructure,0.03571428571,0.021428571426,-0.014285714284000002,-0.03333333333333344,-0.055421686746988,value_sleeve_only,False,False,False
dual_sleeve_mom12_60_40,dual_sleeve_allocation,2024-01-02,600795.XSHG,utilities_electricity,0.03571428571,0.021428571426,-0.014285714284000002,-0.029268292682926744,0.13043478260869557,value_sleeve_only,False,False,False
dual_sleeve_mom12_60_40,dual_sleeve_allocation,2024-01-02,000027.XSHE,utilities_electricity,0.03571428571,0.021428571426,-0.014285714284000002,0.028475711892797406,0.010971786833855912,value_sleeve_only,False,False,False
dual_sleeve_mom12_60_40,dual_sleeve_allocation,2024-01-02,601006.XSHG,port_rail_infrastructure,0.03571428571,0.061428571426,0.025714285716,0.0846953937592867,-0.010973936899862813,momentum_sleeve,False,False,False
dual_sleeve_mom12_60_40,dual_sleeve_allocation,2024-01-02,600017.XSHG,port_rail_infrastructure,0.03571428571,0.021428571426,-0.014285714284000002,-0.01384083044982698,-0.08333333333333337,value_sleeve_only,False,False,False
dual_sleeve_mom12_60_40,dual_sleeve_allocation,2024-01-02,000692.XSHE,utilities_electricity,0.03571428571,0.021428571426,-0.014285714284000002,-0.2407932011331444,0.21033210332103325,value_sleeve_only,False,False,False
dual_sleeve_mom12_60_40,dual_sleeve_allocation,2024-01-02,000791.XSHE,utilities_electricity,0.03571428571,0.061428571426,0.025714285716,0.11281070745697885,0.0017985611510793476,momentum_sleeve,False,False,False
dual_sleeve_mom12_60_40,dual_sleeve_allocation,2024-01-02,601825.XSHG,bank,0.03571428571,0.021428571426,-0.014285714284000002,-0.0372250423011844,-0.04966887417218535,value_sleeve_only,False,False,False
dual_sleeve_mom12_60_40,dual_sleeve_allocation,2024-01-02,601991.XSHG,utilities_electricity,0.03571428571,0.021428571426,-0.014285714284000002,-0.13494809688581322,-0.09022556390977454,value_sleeve_only,False,False,False
dual_sleeve_mom12_60_40,dual_sleeve_allocation,2024-01-02,601077.XSHG,bank,0.03571428571,0.061428571426,0.025714285716,0.13888888888888884,0.020000000000000018,momentum_sleeve,False,False,False
dual_sleeve_mom12_60_40,dual_sleeve_allocation,2024-01-02,600617.XSHG,utilities_electricity,0.03571428571,0.021428571426,-0.014285714284000002,-0.04662004662004671,-0.10648148148148162,value_sleeve_only,False,False,False
dual_sleeve_mom12_60_40,dual_sleeve_allocation,2024-01-02,000905.XSHE,port_rail_infrastructure,0.03571428571,0.021428571426,-0.014285714284000002,-0.048429319371727786,-0.028455284552845517,value_sleeve_only,False,False,False
dual_sleeve_mom12_60_40,dual_sleeve_allocation,2024-01-02,601229.XSHG,bank,0.03571428571,0.021428571426,-0.014285714284000002,-0.014876033057851235,-0.03241491085899517,value_sleeve_only,False,False,False
dual_sleeve_mom12_60_40,dual_sleeve_allocation,2024-01-02,002807.XSHE,bank,0.03571428571,0.021428571426,-0.014285714284000002,-0.10447761194029836,-0.0706806282722513,value_sleeve_only,False,False,False
dual_sleeve_mom12_60_40,dual_sleeve_allocation,2024-01-02,601018.XSHG,port_rail_infrastructure,0.03571428571,0.021428571426,-0.014285714284000002,-0.013623978201634857,0.03188405797101446,value_sleeve_only,False,False,False
dual_sleeve_mom12_60_40,dual_sleeve_allocation,2024-01-02,600717.XSHG,port_rail_infrastructure,0.03571428571,0.021428571426,-0.014285714284000002,0.021531100478468845,-0.0680272108843537,value_sleeve_only,False,False,False
dual_sleeve_mom12_60_40,dual_sleeve_allocation,2024-01-02,601169.XSHG,bank,0.03571428571,0.021428571426,-0.014285714284000002,0.038812785388127935,-0.021598272138228847,value_sleeve_only,False,False,False
dual_sleeve_mom12_60_40,dual_sleeve_allocation,2024-01-02,603323.XSHG,bank,0.03571428571,0.021428571426,-0.014285714284000002,-0.11924686192468625,-0.06516853932584266,value_sleeve_only,False,False,False
dual_sleeve_mom12_60_40,dual_sleeve_allocation,2024-01-02,600033.XSHG,highway_infrastructure,0.03571428571,0.061428571426,0.025714285716,0.10169491525423724,-0.06626506024096379,momentum_sleeve,False,False,False
dual_sleeve_mom12_60_40,dual_sleeve_allocation,2024-01-02,601398.XSHG,bank,0.03571428571,0.061428571426,0.025714285716,0.1212121212121211,0.021367521367521514,momentum_sleeve,False,False,False
dual_sleeve_mom12_60_40,dual_sleeve_allocation,2024-01-02,000582.XSHE,port_rail_infrastructure,0.03571428571,0.021428571426,-0.014285714284000002,0.0026385224274405594,-0.04574332909783996,value_sleeve_only,False,False,False
dual_sleeve_mom12_60_40,dual_sleeve_allocation,2024-01-02,601228.XSHG,port_rail_infrastructure,0.03571428571,0.021428571426,-0.014285714284000002,-0.015432098765432167,-0.03095975232198145,value_sleeve_only,False,False,False
dual_sleeve_mom12_60_40,dual_sleeve_allocation,2024-01-02,600020.XSHG,highway_infrastructure,0.03571428571,0.061428571426,0.025714285716,0.16171617161716179,0.022222222222222143,momentum_sleeve,False,False,False
dual_sleeve_mom12_60_40,dual_sleeve_allocation,2024-01-02,600035.XSHG,highway_infrastructure,0.03571428571,0.061428571426,0.025714285716,0.18343195266272194,-0.032911392405063356,momentum_sleeve,False,False,False
dual_sleeve_mom12_60_40,dual_sleeve_allocation,2024-01-02,000429.XSHE,highway_infrastructure,0.03571428571,0.061428571426,0.025714285716,0.047865459249676556,0.009546539379474916,momentum_sleeve,False,False,False
dual_sleeve_mom12_60_40,dual_sleeve_allocation,2024-01-02,600350.XSHG,highway_infrastructure,0.03571428571,0.061428571426,0.025714285716,0.1595197255574614,-0.030726256983240163,momentum_sleeve,False,False,False
dual_sleeve_mom12_60_40,dual_sleeve_allocation,2024-01-02,600377.XSHG,highway_infrastructure,0.03571428571,0.061428571426,0.025714285716,0.2321644498186215,-0.01347449470644857,momentum_sleeve,False,False,False
state_routed_mom12_70_30_or_100_0,state_routed_budget,2024-01-02,002039.XSHE,utilities_electricity,0.03571428571,0.03571428571,0.0,-0.04803788903924211,0.022997032640949433,value_sleeve_only,False,False,False
state_routed_mom12_70_30_or_100_0,state_routed_budget,2024-01-02,000900.XSHE,highway_infrastructure,0.03571428571,0.03571428571,0.0,-0.03333333333333344,-0.055421686746988,value_sleeve_only,False,False,False
state_routed_mom12_70_30_or_100_0,state_routed_budget,2024-01-02,600795.XSHG,utilities_electricity,0.03571428571,0.03571428571,0.0,-0.029268292682926744,0.13043478260869557,value_sleeve_only,False,False,False
state_routed_mom12_70_30_or_100_0,state_routed_budget,2024-01-02,000027.XSHE,utilities_electricity,0.03571428571,0.03571428571,0.0,0.028475711892797406,0.010971786833855912,value_sleeve_only,False,False,False
state_routed_mom12_70_30_or_100_0,state_routed_budget,2024-01-02,601006.XSHG,port_rail_infrastructure,0.03571428571,0.03571428571,0.0,0.0846953937592867,-0.010973936899862813,value_sleeve_only,False,False,False
state_routed_mom12_70_30_or_100_0,state_routed_budget,2024-01-02,600017.XSHG,port_rail_infrastructure,0.03571428571,0.03571428571,0.0,-0.01384083044982698,-0.08333333333333337,value_sleeve_only,False,False,False
state_routed_mom12_70_30_or_100_0,state_routed_budget,2024-01-02,000692.XSHE,utilities_electricity,0.03571428571,0.03571428571,0.0,-0.2407932011331444,0.21033210332103325,value_sleeve_only,False,False,False
state_routed_mom12_70_30_or_100_0,state_routed_budget,2024-01-02,000791.XSHE,utilities_electricity,0.03571428571,0.03571428571,0.0,0.11281070745697885,0.0017985611510793476,value_sleeve_only,False,False,False
state_routed_mom12_70_30_or_100_0,state_routed_budget,2024-01-02,601825.XSHG,bank,0.03571428571,0.03571428571,0.0,-0.0372250423011844,-0.04966887417218535,value_sleeve_only,False,False,False
state_routed_mom12_70_30_or_100_0,state_routed_budget,2024-01-02,601991.XSHG,utilities_electricity,0.03571428571,0.03571428571,0.0,-0.13494809688581322,-0.09022556390977454,value_sleeve_only,False,False,False
state_routed_mom12_70_30_or_100_0,state_routed_budget,2024-01-02,601077.XSHG,bank,0.03571428571,0.03571428571,0.0,0.13888888888888884,0.020000000000000018,value_sleeve_only,False,False,False
state_routed_mom12_70_30_or_100_0,state_routed_budget,2024-01-02,600617.XSHG,utilities_electricity,0.03571428571,0.03571428571,0.0,-0.04662004662004671,-0.10648148148148162,value_sleeve_only,False,False,False
state_routed_mom12_70_30_or_100_0,state_routed_budget,2024-01-02,000905.XSHE,port_rail_infrastructure,0.03571428571,0.03571428571,0.0,-0.048429319371727786,-0.028455284552845517,value_sleeve_only,False,False,False
state_routed_mom12_70_30_or_100_0,state_routed_budget,2024-01-02,601229.XSHG,bank,0.03571428571,0.03571428571,0.0,-0.014876033057851235,-0.03241491085899517,value_sleeve_only,False,False,False
state_routed_mom12_70_30_or_100_0,state_routed_budget,2024-01-02,002807.XSHE,bank,0.03571428571,0.03571428571,0.0,-0.10447761194029836,-0.0706806282722513,value_sleeve_only,False,False,False
state_routed_mom12_70_30_or_100_0,state_routed_budget,2024-01-02,601018.XSHG,port_rail_infrastructure,0.03571428571,0.03571428571,0.0,-0.013623978201634857,0.03188405797101446,value_sleeve_only,False,False,False
state_routed_mom12_70_30_or_100_0,state_routed_budget,2024-01-02,600717.XSHG,port_rail_infrastructure,0.03571428571,0.03571428571,0.0,0.021531100478468845,-0.0680272108843537,value_sleeve_only,False,False,False
state_routed_mom12_70_30_or_100_0,state_routed_budget,2024-01-02,601169.XSHG,bank,0.03571428571,0.03571428571,0.0,0.038812785388127935,-0.021598272138228847,value_sleeve_only,False,False,False
state_routed_mom12_70_30_or_100_0,state_routed_budget,2024-01-02,603323.XSHG,bank,0.03571428571,0.03571428571,0.0,-0.11924686192468625,-0.06516853932584266,value_sleeve_only,False,False,False
state_routed_mom12_70_30_or_100_0,state_routed_budget,2024-01-02,600033.XSHG,highway_infrastructure,0.03571428571,0.03571428571,0.0,0.10169491525423724,-0.06626506024096379,value_sleeve_only,False,False,False
state_routed_mom12_70_30_or_100_0,state_routed_budget,2024-01-02,601398.XSHG,bank,0.03571428571,0.03571428571,0.0,0.1212121212121211,0.021367521367521514,value_sleeve_only,False,False,False
state_routed_mom12_70_30_or_100_0,state_routed_budget,2024-01-02,000582.XSHE,port_rail_infrastructure,0.03571428571,0.03571428571,0.0,0.0026385224274405594,-0.04574332909783996,value_sleeve_only,False,False,False
state_routed_mom12_70_30_or_100_0,state_routed_budget,2024-01-02,601228.XSHG,port_rail_infrastructure,0.03571428571,0.03571428571,0.0,-0.015432098765432167,-0.03095975232198145,value_sleeve_only,False,False,False
state_routed_mom12_70_30_or_100_0,state_routed_budget,2024-01-02,600020.XSHG,highway_infrastructure,0.03571428571,0.03571428571,0.0,0.16171617161716179,0.022222222222222143,value_sleeve_only,False,False,False
state_routed_mom12_70_30_or_100_0,state_routed_budget,2024-01-02,600035.XSHG,highway_infrastructure,0.03571428571,0.03571428571,0.0,0.18343195266272194,-0.032911392405063356,value_sleeve_only,False,False,False
state_routed_mom12_70_30_or_100_0,state_routed_budget,2024-01-02,000429.XSHE,highway_infrastructure,0.03571428571,0.03571428571,0.0,0.047865459249676556,0.009546539379474916,value_sleeve_only,False,False,False
state_routed_mom12_70_30_or_100_0,state_routed_budget,2024-01-02,600350.XSHG,highway_infrastructure,0.03571428571,0.03571428571,0.0,0.1595197255574614,-0.030726256983240163,value_sleeve_only,False,False,False
state_routed_mom12_70_30_or_100_0,state_routed_budget,2024-01-02,600377.XSHG,highway_infrastructure,0.03571428571,0.03571428571,0.0,0.2321644498186215,-0.01347449470644857,value_sleeve_only,False,False,False
admission_suppression_mom12_bottom_cap75,admission_suppression,2024-01-02,002039.XSHE,utilities_electricity,0.03571428571,0.039285714281,0.0035714285709999988,-0.04803788903924211,0.022997032640949433,middle_or_top,True,False,False
admission_suppression_mom12_bottom_cap75,admission_suppression,2024-01-02,000900.XSHE,highway_infrastructure,0.03571428571,0.0267857142825,-0.0089285714275,-0.03333333333333344,-0.055421686746988,suppressed_bottom_momentum,True,False,False
admission_suppression_mom12_bottom_cap75,admission_suppression,2024-01-02,600795.XSHG,utilities_electricity,0.03571428571,0.039285714281,0.0035714285709999988,-0.029268292682926744,0.13043478260869557,middle_or_top,True,False,False
admission_suppression_mom12_bottom_cap75,admission_suppression,2024-01-02,000027.XSHE,utilities_electricity,0.03571428571,0.039285714281,0.0035714285709999988,0.028475711892797406,0.010971786833855912,middle_or_top,True,False,False
admission_suppression_mom12_bottom_cap75,admission_suppression,2024-01-02,601006.XSHG,port_rail_infrastructure,0.03571428571,0.039285714281,0.0035714285709999988,0.0846953937592867,-0.010973936899862813,middle_or_top,True,False,False
admission_suppression_mom12_bottom_cap75,admission_suppression,2024-01-02,600017.XSHG,port_rail_infrastructure,0.03571428571,0.039285714281,0.0035714285709999988,-0.01384083044982698,-0.08333333333333337,middle_or_top,True,False,False
admission_suppression_mom12_bottom_cap75,admission_suppression,2024-01-02,000692.XSHE,utilities_electricity,0.03571428571,0.0267857142825,-0.0089285714275,-0.2407932011331444,0.21033210332103325,suppressed_bottom_momentum,True,False,False
admission_suppression_mom12_bottom_cap75,admission_suppression,2024-01-02,000791.XSHE,utilities_electricity,0.03571428571,0.039285714281,0.0035714285709999988,0.11281070745697885,0.0017985611510793476,middle_or_top,True,False,False
admission_suppression_mom12_bottom_cap75,admission_suppression,2024-01-02,601825.XSHG,bank,0.03571428571,0.039285714281,0.0035714285709999988,-0.0372250423011844,-0.04966887417218535,middle_or_top,True,False,False
admission_suppression_mom12_bottom_cap75,admission_suppression,2024-01-02,601991.XSHG,utilities_electricity,0.03571428571,0.0267857142825,-0.0089285714275,-0.13494809688581322,-0.09022556390977454,suppressed_bottom_momentum,True,False,False
admission_suppression_mom12_bottom_cap75,admission_suppression,2024-01-02,601077.XSHG,bank,0.03571428571,0.039285714281,0.0035714285709999988,0.13888888888888884,0.020000000000000018,middle_or_top,True,False,False
admission_suppression_mom12_bottom_cap75,admission_suppression,2024-01-02,600617.XSHG,utilities_electricity,0.03571428571,0.039285714281,0.0035714285709999988,-0.04662004662004671,-0.10648148148148162,middle_or_top,True,False,False
admission_suppression_mom12_bottom_cap75,admission_suppression,2024-01-02,000905.XSHE,port_rail_infrastructure,0.03571428571,0.0267857142825,-0.0089285714275,-0.048429319371727786,-0.028455284552845517,suppressed_bottom_momentum,True,False,False
admission_suppression_mom12_bottom_cap75,admission_suppression,2024-01-02,601229.XSHG,bank,0.03571428571,0.039285714281,0.0035714285709999988,-0.014876033057851235,-0.03241491085899517,middle_or_top,True,False,False
admission_suppression_mom12_bottom_cap75,admission_suppression,2024-01-02,002807.XSHE,bank,0.03571428571,0.0267857142825,-0.0089285714275,-0.10447761194029836,-0.0706806282722513,suppressed_bottom_momentum,True,False,False
admission_suppression_mom12_bottom_cap75,admission_suppression,2024-01-02,601018.XSHG,port_rail_infrastructure,0.03571428571,0.039285714281,0.0035714285709999988,-0.013623978201634857,0.03188405797101446,middle_or_top,True,False,False
admission_suppression_mom12_bottom_cap75,admission_suppression,2024-01-02,600717.XSHG,port_rail_infrastructure,0.03571428571,0.039285714281,0.0035714285709999988,0.021531100478468845,-0.0680272108843537,middle_or_top,True,False,False
admission_suppression_mom12_bottom_cap75,admission_suppression,2024-01-02,601169.XSHG,bank,0.03571428571,0.039285714281,0.0035714285709999988,0.038812785388127935,-0.021598272138228847,middle_or_top,True,False,False
admission_suppression_mom12_bottom_cap75,admission_suppression,2024-01-02,603323.XSHG,bank,0.03571428571,0.0267857142825,-0.0089285714275,-0.11924686192468625,-0.06516853932584266,suppressed_bottom_momentum,True,False,False
admission_suppression_mom12_bottom_cap75,admission_suppression,2024-01-02,600033.XSHG,highway_infrastructure,0.03571428571,0.039285714281,0.0035714285709999988,0.10169491525423724,-0.06626506024096379,middle_or_top,True,False,False
admission_suppression_mom12_bottom_cap75,admission_suppression,2024-01-02,601398.XSHG,bank,0.03571428571,0.039285714281,0.0035714285709999988,0.1212121212121211,0.021367521367521514,middle_or_top,True,False,False
admission_suppression_mom12_bottom_cap75,admission_suppression,2024-01-02,000582.XSHE,port_rail_infrastructure,0.03571428571,0.039285714281,0.0035714285709999988,0.0026385224274405594,-0.04574332909783996,middle_or_top,True,False,False
admission_suppression_mom12_bottom_cap75,admission_suppression,2024-01-02,601228.XSHG,port_rail_infrastructure,0.03571428571,0.0267857142825,-0.0089285714275,-0.015432098765432167,-0.03095975232198145,suppressed_bottom_momentum,True,False,False
admission_suppression_mom12_bottom_cap75,admission_suppression,2024-01-02,600020.XSHG,highway_infrastructure,0.03571428571,0.039285714281,0.0035714285709999988,0.16171617161716179,0.022222222222222143,middle_or_top,True,False,False
admission_suppression_mom12_bottom_cap75,admission_suppression,2024-01-02,600035.XSHG,highway_infrastructure,0.03571428571,0.039285714281,0.0035714285709999988,0.18343195266272194,-0.032911392405063356,middle_or_top,True,False,False
admission_suppression_mom12_bottom_cap75,admission_suppression,2024-01-02,000429.XSHE,highway_infrastructure,0.03571428571,0.0267857142825,-0.0089285714275,0.047865459249676556,0.009546539379474916,suppressed_bottom_momentum,True,False,False
admission_suppression_mom12_bottom_cap75,admission_suppression,2024-01-02,600350.XSHG,highway_infrastructure,0.03571428571,0.039285714281,0.0035714285709999988,0.1595197255574614,-0.030726256983240163,middle_or_top,True,False,False
admission_suppression_mom12_bottom_cap75,admission_suppression,2024-01-02,600377.XSHG,highway_infrastructure,0.03571428571,0.039285714281,0.0035714285709999988,0.2321644498186215,-0.01347449470644857,middle_or_top,True,False,False
v57f_startup_preload_repaired_baseline,baseline,2024-04-01,000027.XSHE,utilities_electricity,0.03571428571,0.03571428571,0.0,0.03645007923930277,0.1566068515497554,baseline,True,False,False
v57f_startup_preload_repaired_baseline,baseline,2024-04-01,600795.XSHG,utilities_electricity,0.03571428571,0.03571428571,0.0,0.16919191919191912,0.17169373549883993,baseline,True,False,False
v57f_startup_preload_repaired_baseline,baseline,2024-04-01,600578.XSHG,utilities_electricity,0.03571428571,0.03571428571,0.0,-0.05882352941176472,0.1428571428571428,baseline,True,False,False
v57f_startup_preload_repaired_baseline,baseline,2024-04-01,600803.XSHG,utilities_electricity,0.03571428571,0.03571428571,0.0,-0.017694369973190294,0.16486161251504194,baseline,True,False,False
v57f_startup_preload_repaired_baseline,baseline,2024-04-01,601006.XSHG,port_rail_infrastructure,0.03571428571,0.03571428571,0.0,0.017783857729138264,0.012379642365887289,baseline,True,False,False
v57f_startup_preload_repaired_baseline,baseline,2024-04-01,000692.XSHE,utilities_electricity,0.03571428571,0.03571428571,0.0,-0.15596330275229364,-0.13157894736842102,baseline,True,False,False
v57f_startup_preload_repaired_baseline,baseline,2024-04-01,000690.XSHE,utilities_electricity,0.03571428571,0.03571428571,0.0,-0.25903614457831325,0.16666666666666652,baseline,True,False,False
v57f_startup_preload_repaired_baseline,baseline,2024-04-01,000900.XSHE,highway_infrastructure,0.03571428571,0.03571428571,0.0,-0.16216216216216217,-0.048717948717948656,baseline,True,False,False
v57f_startup_preload_repaired_baseline,baseline,2024-04-01,600886.XSHG,utilities_electricity,0.03571428571,0.03571428571,0.0,0.289568345323741,0.10824742268041243,baseline,True,False,False
v57f_startup_preload_repaired_baseline,baseline,2024-04-01,600018.XSHG,port_rail_infrastructure,0.03571428571,0.03571428571,0.0,-0.028776978417266008,0.05917159763313595,baseline,True,False,False
v57f_startup_preload_repaired_baseline,baseline,2024-04-01,600017.XSHG,port_rail_infrastructure,0.03571428571,0.03571428571,0.0,-0.06397306397306413,0.0146520146520146,baseline,True,False,False
v57f_startup_preload_repaired_baseline,baseline,2024-04-01,002807.XSHE,bank,0.03571428571,0.03571428571,0.0,-0.10144927536231874,0.05714285714285716,baseline,True,False,False
v57f_startup_preload_repaired_baseline,baseline,2024-04-01,601077.XSHG,bank,0.03571428571,0.03571428571,0.0,0.22739726027397267,0.12289156626506026,baseline,True,False,False
v57f_startup_preload_repaired_baseline,baseline,2024-04-01,600717.XSHG,port_rail_infrastructure,0.03571428571,0.03571428571,0.0,-0.013921113689094988,0.05365853658536612,baseline,True,False,False
v57f_startup_preload_repaired_baseline,baseline,2024-04-01,601229.XSHG,bank,0.03571428571,0.03571428571,0.0,0.08595041322314056,0.11999999999999988,baseline,True,False,False
v57f_startup_preload_repaired_baseline,baseline,2024-04-01,603323.XSHG,bank,0.03571428571,0.03571428571,0.0,-0.05882352941176461,0.10268948655256716,baseline,True,False,False
v57f_startup_preload_repaired_baseline,baseline,2024-04-01,601398.XSHG,bank,0.03571428571,0.03571428571,0.0,0.18141592920354,0.0931677018633541,baseline,True,False,False
v57f_startup_preload_repaired_baseline,baseline,2024-04-01,601187.XSHG,bank,0.03571428571,0.03571428571,0.0,-0.030965391621129323,0.0377733598409542,baseline,True,False,False
v57f_startup_preload_repaired_baseline,baseline,2024-04-01,600000.XSHG,bank,0.03571428571,0.03571428571,0.0,-0.001404494382022392,0.08030303030303032,baseline,True,False,False
v57f_startup_preload_repaired_baseline,baseline,2024-04-01,600033.XSHG,highway_infrastructure,0.03571428571,0.03571428571,0.0,0.06976744186046524,0.05660377358490565,baseline,True,False,False
v57f_startup_preload_repaired_baseline,baseline,2024-04-01,601816.XSHG,port_rail_infrastructure,0.03571428571,0.03571428571,0.0,-0.029126213592233108,0.039337474120082705,baseline,True,False,False
v57f_startup_preload_repaired_baseline,baseline,2024-04-01,601880.XSHG,port_rail_infrastructure,0.03571428571,0.03571428571,0.0,-0.11515151515151512,-0.020979020979021046,baseline,True,False,False
v57f_startup_preload_repaired_baseline,baseline,2024-04-01,601298.XSHG,port_rail_infrastructure,0.03571428571,0.03571428571,0.0,0.16885245901639356,0.161949685534591,baseline,True,False,False
v57f_startup_preload_repaired_baseline,baseline,2024-04-01,600035.XSHG,highway_infrastructure,0.03571428571,0.03571428571,0.0,0.07458563535911611,0.15803108808290145,baseline,True,False,False
v57f_startup_preload_repaired_baseline,baseline,2024-04-01,000429.XSHE,highway_infrastructure,0.03571428571,0.03571428571,0.0,0.2024999999999999,0.163953488372093,baseline,True,False,False
v57f_startup_preload_repaired_baseline,baseline,2024-04-01,600377.XSHG,highway_infrastructure,0.03571428571,0.03571428571,0.0,0.3612385321100915,0.11068702290076327,baseline,True,False,False
v57f_startup_preload_repaired_baseline,baseline,2024-04-01,600020.XSHG,highway_infrastructure,0.03571428571,0.03571428571,0.0,0.13496932515337434,0.013550135501354976,baseline,True,False,False
v57f_startup_preload_repaired_baseline,baseline,2024-04-01,600350.XSHG,highway_infrastructure,0.03571428571,0.03571428571,0.0,0.2805071315372425,0.21246458923512757,baseline,True,False,False
internal_subsleeve_mom12_80_20,v57f_pool_internal_subsleeve,2024-04-01,000027.XSHE,utilities_electricity,0.03571428571,0.04523809523266667,0.009523809522666668,0.03645007923930277,0.1566068515497554,momentum_subsleeve,True,False,False
internal_subsleeve_mom12_80_20,v57f_pool_internal_subsleeve,2024-04-01,600795.XSHG,utilities_electricity,0.03571428571,0.04523809523266667,0.009523809522666668,0.16919191919191912,0.17169373549883993,momentum_subsleeve,True,False,False
internal_subsleeve_mom12_80_20,v57f_pool_internal_subsleeve,2024-04-01,600578.XSHG,utilities_electricity,0.03571428571,0.028571428568000004,-0.0071428571419999976,-0.05882352941176472,0.1428571428571428,middle,True,False,False
internal_subsleeve_mom12_80_20,v57f_pool_internal_subsleeve,2024-04-01,600803.XSHG,utilities_electricity,0.03571428571,0.028571428568000004,-0.0071428571419999976,-0.017694369973190294,0.16486161251504194,middle,True,False,False
internal_subsleeve_mom12_80_20,v57f_pool_internal_subsleeve,2024-04-01,601006.XSHG,port_rail_infrastructure,0.03571428571,0.04523809523266667,0.009523809522666668,0.017783857729138264,0.012379642365887289,momentum_subsleeve,True,False,False
internal_subsleeve_mom12_80_20,v57f_pool_internal_subsleeve,2024-04-01,000692.XSHE,utilities_electricity,0.03571428571,0.028571428568000004,-0.0071428571419999976,-0.15596330275229364,-0.13157894736842102,middle,True,False,False
internal_subsleeve_mom12_80_20,v57f_pool_internal_subsleeve,2024-04-01,000690.XSHE,utilities_electricity,0.03571428571,0.028571428568000004,-0.0071428571419999976,-0.25903614457831325,0.16666666666666652,middle,True,False,False
internal_subsleeve_mom12_80_20,v57f_pool_internal_subsleeve,2024-04-01,000900.XSHE,highway_infrastructure,0.03571428571,0.028571428568000004,-0.0071428571419999976,-0.16216216216216217,-0.048717948717948656,middle,True,False,False
internal_subsleeve_mom12_80_20,v57f_pool_internal_subsleeve,2024-04-01,600886.XSHG,utilities_electricity,0.03571428571,0.04523809523266667,0.009523809522666668,0.289568345323741,0.10824742268041243,momentum_subsleeve,True,False,False
internal_subsleeve_mom12_80_20,v57f_pool_internal_subsleeve,2024-04-01,600018.XSHG,port_rail_infrastructure,0.03571428571,0.028571428568000004,-0.0071428571419999976,-0.028776978417266008,0.05917159763313595,middle,True,False,False
internal_subsleeve_mom12_80_20,v57f_pool_internal_subsleeve,2024-04-01,600017.XSHG,port_rail_infrastructure,0.03571428571,0.028571428568000004,-0.0071428571419999976,-0.06397306397306413,0.0146520146520146,middle,True,False,False
internal_subsleeve_mom12_80_20,v57f_pool_internal_subsleeve,2024-04-01,002807.XSHE,bank,0.03571428571,0.028571428568000004,-0.0071428571419999976,-0.10144927536231874,0.05714285714285716,middle,True,False,False
internal_subsleeve_mom12_80_20,v57f_pool_internal_subsleeve,2024-04-01,601077.XSHG,bank,0.03571428571,0.04523809523266667,0.009523809522666668,0.22739726027397267,0.12289156626506026,momentum_subsleeve,True,False,False
internal_subsleeve_mom12_80_20,v57f_pool_internal_subsleeve,2024-04-01,600717.XSHG,port_rail_infrastructure,0.03571428571,0.04523809523266667,0.009523809522666668,-0.013921113689094988,0.05365853658536612,momentum_subsleeve,True,False,False
internal_subsleeve_mom12_80_20,v57f_pool_internal_subsleeve,2024-04-01,601229.XSHG,bank,0.03571428571,0.04523809523266667,0.009523809522666668,0.08595041322314056,0.11999999999999988,momentum_subsleeve,True,False,False
internal_subsleeve_mom12_80_20,v57f_pool_internal_subsleeve,2024-04-01,603323.XSHG,bank,0.03571428571,0.028571428568000004,-0.0071428571419999976,-0.05882352941176461,0.10268948655256716,middle,True,False,False
internal_subsleeve_mom12_80_20,v57f_pool_internal_subsleeve,2024-04-01,601398.XSHG,bank,0.03571428571,0.04523809523266667,0.009523809522666668,0.18141592920354,0.0931677018633541,momentum_subsleeve,True,False,False
internal_subsleeve_mom12_80_20,v57f_pool_internal_subsleeve,2024-04-01,601187.XSHG,bank,0.03571428571,0.028571428568000004,-0.0071428571419999976,-0.030965391621129323,0.0377733598409542,middle,True,False,False
internal_subsleeve_mom12_80_20,v57f_pool_internal_subsleeve,2024-04-01,600000.XSHG,bank,0.03571428571,0.028571428568000004,-0.0071428571419999976,-0.001404494382022392,0.08030303030303032,middle,True,False,False
internal_subsleeve_mom12_80_20,v57f_pool_internal_subsleeve,2024-04-01,600033.XSHG,highway_infrastructure,0.03571428571,0.028571428568000004,-0.0071428571419999976,0.06976744186046524,0.05660377358490565,middle,True,False,False
internal_subsleeve_mom12_80_20,v57f_pool_internal_subsleeve,2024-04-01,601816.XSHG,port_rail_infrastructure,0.03571428571,0.028571428568000004,-0.0071428571419999976,-0.029126213592233108,0.039337474120082705,middle,True,False,False
internal_subsleeve_mom12_80_20,v57f_pool_internal_subsleeve,2024-04-01,601880.XSHG,port_rail_infrastructure,0.03571428571,0.028571428568000004,-0.0071428571419999976,-0.11515151515151512,-0.020979020979021046,middle,True,False,False
internal_subsleeve_mom12_80_20,v57f_pool_internal_subsleeve,2024-04-01,601298.XSHG,port_rail_infrastructure,0.03571428571,0.04523809523266667,0.009523809522666668,0.16885245901639356,0.161949685534591,momentum_subsleeve,True,False,False
internal_subsleeve_mom12_80_20,v57f_pool_internal_subsleeve,2024-04-01,600035.XSHG,highway_infrastructure,0.03571428571,0.028571428568000004,-0.0071428571419999976,0.07458563535911611,0.15803108808290145,middle,True,False,False
internal_subsleeve_mom12_80_20,v57f_pool_internal_subsleeve,2024-04-01,000429.XSHE,highway_infrastructure,0.03571428571,0.04523809523266667,0.009523809522666668,0.2024999999999999,0.163953488372093,momentum_subsleeve,True,False,False
internal_subsleeve_mom12_80_20,v57f_pool_internal_subsleeve,2024-04-01,600377.XSHG,highway_infrastructure,0.03571428571,0.04523809523266667,0.009523809522666668,0.3612385321100915,0.11068702290076327,momentum_subsleeve,True,False,False
internal_subsleeve_mom12_80_20,v57f_pool_internal_subsleeve,2024-04-01,600020.XSHG,highway_infrastructure,0.03571428571,0.028571428568000004,-0.0071428571419999976,0.13496932515337434,0.013550135501354976,middle,True,False,False
internal_subsleeve_mom12_80_20,v57f_pool_internal_subsleeve,2024-04-01,600350.XSHG,highway_infrastructure,0.03571428571,0.04523809523266667,0.009523809522666668,0.2805071315372425,0.21246458923512757,momentum_subsleeve,True,False,False
internal_subsleeve_mom12_70_30,v57f_pool_internal_subsleeve,2024-04-01,000027.XSHE,utilities_electricity,0.03571428571,0.049999999994000004,0.014285714284000002,0.03645007923930277,0.1566068515497554,momentum_subsleeve,True,False,False
internal_subsleeve_mom12_70_30,v57f_pool_internal_subsleeve,2024-04-01,600795.XSHG,utilities_electricity,0.03571428571,0.049999999994000004,0.014285714284000002,0.16919191919191912,0.17169373549883993,momentum_subsleeve,True,False,False
internal_subsleeve_mom12_70_30,v57f_pool_internal_subsleeve,2024-04-01,600578.XSHG,utilities_electricity,0.03571428571,0.024999999997,-0.010714285713000003,-0.05882352941176472,0.1428571428571428,middle,True,False,False
internal_subsleeve_mom12_70_30,v57f_pool_internal_subsleeve,2024-04-01,600803.XSHG,utilities_electricity,0.03571428571,0.024999999997,-0.010714285713000003,-0.017694369973190294,0.16486161251504194,middle,True,False,False
internal_subsleeve_mom12_70_30,v57f_pool_internal_subsleeve,2024-04-01,601006.XSHG,port_rail_infrastructure,0.03571428571,0.049999999994000004,0.014285714284000002,0.017783857729138264,0.012379642365887289,momentum_subsleeve,True,False,False
internal_subsleeve_mom12_70_30,v57f_pool_internal_subsleeve,2024-04-01,000692.XSHE,utilities_electricity,0.03571428571,0.024999999997,-0.010714285713000003,-0.15596330275229364,-0.13157894736842102,middle,True,False,False
internal_subsleeve_mom12_70_30,v57f_pool_internal_subsleeve,2024-04-01,000690.XSHE,utilities_electricity,0.03571428571,0.024999999997,-0.010714285713000003,-0.25903614457831325,0.16666666666666652,middle,True,False,False
internal_subsleeve_mom12_70_30,v57f_pool_internal_subsleeve,2024-04-01,000900.XSHE,highway_infrastructure,0.03571428571,0.024999999997,-0.010714285713000003,-0.16216216216216217,-0.048717948717948656,middle,True,False,False
internal_subsleeve_mom12_70_30,v57f_pool_internal_subsleeve,2024-04-01,600886.XSHG,utilities_electricity,0.03571428571,0.049999999994000004,0.014285714284000002,0.289568345323741,0.10824742268041243,momentum_subsleeve,True,False,False
internal_subsleeve_mom12_70_30,v57f_pool_internal_subsleeve,2024-04-01,600018.XSHG,port_rail_infrastructure,0.03571428571,0.024999999997,-0.010714285713000003,-0.028776978417266008,0.05917159763313595,middle,True,False,False
internal_subsleeve_mom12_70_30,v57f_pool_internal_subsleeve,2024-04-01,600017.XSHG,port_rail_infrastructure,0.03571428571,0.024999999997,-0.010714285713000003,-0.06397306397306413,0.0146520146520146,middle,True,False,False
internal_subsleeve_mom12_70_30,v57f_pool_internal_subsleeve,2024-04-01,002807.XSHE,bank,0.03571428571,0.024999999997,-0.010714285713000003,-0.10144927536231874,0.05714285714285716,middle,True,False,False
internal_subsleeve_mom12_70_30,v57f_pool_internal_subsleeve,2024-04-01,601077.XSHG,bank,0.03571428571,0.049999999994000004,0.014285714284000002,0.22739726027397267,0.12289156626506026,momentum_subsleeve,True,False,False
internal_subsleeve_mom12_70_30,v57f_pool_internal_subsleeve,2024-04-01,600717.XSHG,port_rail_infrastructure,0.03571428571,0.049999999994000004,0.014285714284000002,-0.013921113689094988,0.05365853658536612,momentum_subsleeve,True,False,False
internal_subsleeve_mom12_70_30,v57f_pool_internal_subsleeve,2024-04-01,601229.XSHG,bank,0.03571428571,0.049999999994000004,0.014285714284000002,0.08595041322314056,0.11999999999999988,momentum_subsleeve,True,False,False
internal_subsleeve_mom12_70_30,v57f_pool_internal_subsleeve,2024-04-01,603323.XSHG,bank,0.03571428571,0.024999999997,-0.010714285713000003,-0.05882352941176461,0.10268948655256716,middle,True,False,False
internal_subsleeve_mom12_70_30,v57f_pool_internal_subsleeve,2024-04-01,601398.XSHG,bank,0.03571428571,0.049999999994000004,0.014285714284000002,0.18141592920354,0.0931677018633541,momentum_subsleeve,True,False,False
internal_subsleeve_mom12_70_30,v57f_pool_internal_subsleeve,2024-04-01,601187.XSHG,bank,0.03571428571,0.024999999997,-0.010714285713000003,-0.030965391621129323,0.0377733598409542,middle,True,False,False
internal_subsleeve_mom12_70_30,v57f_pool_internal_subsleeve,2024-04-01,600000.XSHG,bank,0.03571428571,0.024999999997,-0.010714285713000003,-0.001404494382022392,0.08030303030303032,middle,True,False,False
internal_subsleeve_mom12_70_30,v57f_pool_internal_subsleeve,2024-04-01,600033.XSHG,highway_infrastructure,0.03571428571,0.024999999997,-0.010714285713000003,0.06976744186046524,0.05660377358490565,middle,True,False,False
internal_subsleeve_mom12_70_30,v57f_pool_internal_subsleeve,2024-04-01,601816.XSHG,port_rail_infrastructure,0.03571428571,0.024999999997,-0.010714285713000003,-0.029126213592233108,0.039337474120082705,middle,True,False,False
internal_subsleeve_mom12_70_30,v57f_pool_internal_subsleeve,2024-04-01,601880.XSHG,port_rail_infrastructure,0.03571428571,0.024999999997,-0.010714285713000003,-0.11515151515151512,-0.020979020979021046,middle,True,False,False
internal_subsleeve_mom12_70_30,v57f_pool_internal_subsleeve,2024-04-01,601298.XSHG,port_rail_infrastructure,0.03571428571,0.049999999994000004,0.014285714284000002,0.16885245901639356,0.161949685534591,momentum_subsleeve,True,False,False
internal_subsleeve_mom12_70_30,v57f_pool_internal_subsleeve,2024-04-01,600035.XSHG,highway_infrastructure,0.03571428571,0.024999999997,-0.010714285713000003,0.07458563535911611,0.15803108808290145,middle,True,False,False
internal_subsleeve_mom12_70_30,v57f_pool_internal_subsleeve,2024-04-01,000429.XSHE,highway_infrastructure,0.03571428571,0.049999999994000004,0.014285714284000002,0.2024999999999999,0.163953488372093,momentum_subsleeve,True,False,False
internal_subsleeve_mom12_70_30,v57f_pool_internal_subsleeve,2024-04-01,600377.XSHG,highway_infrastructure,0.03571428571,0.049999999994000004,0.014285714284000002,0.3612385321100915,0.11068702290076327,momentum_subsleeve,True,False,False
internal_subsleeve_mom12_70_30,v57f_pool_internal_subsleeve,2024-04-01,600020.XSHG,highway_infrastructure,0.03571428571,0.024999999997,-0.010714285713000003,0.13496932515337434,0.013550135501354976,middle,True,False,False
internal_subsleeve_mom12_70_30,v57f_pool_internal_subsleeve,2024-04-01,600350.XSHG,highway_infrastructure,0.03571428571,0.049999999994000004,0.014285714284000002,0.2805071315372425,0.21246458923512757,momentum_subsleeve,True,False,False
dual_sleeve_mom12_80_20,dual_sleeve_allocation,2024-04-01,000027.XSHE,utilities_electricity,0.03571428571,0.028571428568000004,-0.0071428571419999976,0.03645007923930277,0.1566068515497554,value_sleeve_only,False,False,False
dual_sleeve_mom12_80_20,dual_sleeve_allocation,2024-04-01,600795.XSHG,utilities_electricity,0.03571428571,0.04857142856800001,0.012857142858000006,0.16919191919191912,0.17169373549883993,momentum_sleeve,False,False,False
dual_sleeve_mom12_80_20,dual_sleeve_allocation,2024-04-01,600578.XSHG,utilities_electricity,0.03571428571,0.028571428568000004,-0.0071428571419999976,-0.05882352941176472,0.1428571428571428,value_sleeve_only,False,False,False
dual_sleeve_mom12_80_20,dual_sleeve_allocation,2024-04-01,600803.XSHG,utilities_electricity,0.03571428571,0.028571428568000004,-0.0071428571419999976,-0.017694369973190294,0.16486161251504194,value_sleeve_only,False,False,False
dual_sleeve_mom12_80_20,dual_sleeve_allocation,2024-04-01,601006.XSHG,port_rail_infrastructure,0.03571428571,0.028571428568000004,-0.0071428571419999976,0.017783857729138264,0.012379642365887289,value_sleeve_only,False,False,False
dual_sleeve_mom12_80_20,dual_sleeve_allocation,2024-04-01,000692.XSHE,utilities_electricity,0.03571428571,0.028571428568000004,-0.0071428571419999976,-0.15596330275229364,-0.13157894736842102,value_sleeve_only,False,False,False
dual_sleeve_mom12_80_20,dual_sleeve_allocation,2024-04-01,000690.XSHE,utilities_electricity,0.03571428571,0.028571428568000004,-0.0071428571419999976,-0.25903614457831325,0.16666666666666652,value_sleeve_only,False,False,False
dual_sleeve_mom12_80_20,dual_sleeve_allocation,2024-04-01,000900.XSHE,highway_infrastructure,0.03571428571,0.028571428568000004,-0.0071428571419999976,-0.16216216216216217,-0.048717948717948656,value_sleeve_only,False,False,False
dual_sleeve_mom12_80_20,dual_sleeve_allocation,2024-04-01,600886.XSHG,utilities_electricity,0.03571428571,0.04857142856800001,0.012857142858000006,0.289568345323741,0.10824742268041243,momentum_sleeve,False,False,False
dual_sleeve_mom12_80_20,dual_sleeve_allocation,2024-04-01,600018.XSHG,port_rail_infrastructure,0.03571428571,0.028571428568000004,-0.0071428571419999976,-0.028776978417266008,0.05917159763313595,value_sleeve_only,False,False,False
dual_sleeve_mom12_80_20,dual_sleeve_allocation,2024-04-01,600017.XSHG,port_rail_infrastructure,0.03571428571,0.028571428568000004,-0.0071428571419999976,-0.06397306397306413,0.0146520146520146,value_sleeve_only,False,False,False
dual_sleeve_mom12_80_20,dual_sleeve_allocation,2024-04-01,002807.XSHE,bank,0.03571428571,0.028571428568000004,-0.0071428571419999976,-0.10144927536231874,0.05714285714285716,value_sleeve_only,False,False,False
dual_sleeve_mom12_80_20,dual_sleeve_allocation,2024-04-01,601077.XSHG,bank,0.03571428571,0.04857142856800001,0.012857142858000006,0.22739726027397267,0.12289156626506026,momentum_sleeve,False,False,False
dual_sleeve_mom12_80_20,dual_sleeve_allocation,2024-04-01,600717.XSHG,port_rail_infrastructure,0.03571428571,0.028571428568000004,-0.0071428571419999976,-0.013921113689094988,0.05365853658536612,value_sleeve_only,False,False,False
dual_sleeve_mom12_80_20,dual_sleeve_allocation,2024-04-01,601229.XSHG,bank,0.03571428571,0.04857142856800001,0.012857142858000006,0.08595041322314056,0.11999999999999988,momentum_sleeve,False,False,False
dual_sleeve_mom12_80_20,dual_sleeve_allocation,2024-04-01,603323.XSHG,bank,0.03571428571,0.028571428568000004,-0.0071428571419999976,-0.05882352941176461,0.10268948655256716,value_sleeve_only,False,False,False
dual_sleeve_mom12_80_20,dual_sleeve_allocation,2024-04-01,601398.XSHG,bank,0.03571428571,0.04857142856800001,0.012857142858000006,0.18141592920354,0.0931677018633541,momentum_sleeve,False,False,False
dual_sleeve_mom12_80_20,dual_sleeve_allocation,2024-04-01,601187.XSHG,bank,0.03571428571,0.028571428568000004,-0.0071428571419999976,-0.030965391621129323,0.0377733598409542,value_sleeve_only,False,False,False
dual_sleeve_mom12_80_20,dual_sleeve_allocation,2024-04-01,600000.XSHG,bank,0.03571428571,0.028571428568000004,-0.0071428571419999976,-0.001404494382022392,0.08030303030303032,value_sleeve_only,False,False,False
dual_sleeve_mom12_80_20,dual_sleeve_allocation,2024-04-01,600033.XSHG,highway_infrastructure,0.03571428571,0.028571428568000004,-0.0071428571419999976,0.06976744186046524,0.05660377358490565,value_sleeve_only,False,False,False
dual_sleeve_mom12_80_20,dual_sleeve_allocation,2024-04-01,601816.XSHG,port_rail_infrastructure,0.03571428571,0.028571428568000004,-0.0071428571419999976,-0.029126213592233108,0.039337474120082705,value_sleeve_only,False,False,False
dual_sleeve_mom12_80_20,dual_sleeve_allocation,2024-04-01,601880.XSHG,port_rail_infrastructure,0.03571428571,0.028571428568000004,-0.0071428571419999976,-0.11515151515151512,-0.020979020979021046,value_sleeve_only,False,False,False
dual_sleeve_mom12_80_20,dual_sleeve_allocation,2024-04-01,601298.XSHG,port_rail_infrastructure,0.03571428571,0.04857142856800001,0.012857142858000006,0.16885245901639356,0.161949685534591,momentum_sleeve,False,False,False
dual_sleeve_mom12_80_20,dual_sleeve_allocation,2024-04-01,600035.XSHG,highway_infrastructure,0.03571428571,0.028571428568000004,-0.0071428571419999976,0.07458563535911611,0.15803108808290145,value_sleeve_only,False,False,False
dual_sleeve_mom12_80_20,dual_sleeve_allocation,2024-04-01,000429.XSHE,highway_infrastructure,0.03571428571,0.04857142856800001,0.012857142858000006,0.2024999999999999,0.163953488372093,momentum_sleeve,False,False,False
dual_sleeve_mom12_80_20,dual_sleeve_allocation,2024-04-01,600377.XSHG,highway_infrastructure,0.03571428571,0.04857142856800001,0.012857142858000006,0.3612385321100915,0.11068702290076327,momentum_sleeve,False,False,False
dual_sleeve_mom12_80_20,dual_sleeve_allocation,2024-04-01,600020.XSHG,highway_infrastructure,0.03571428571,0.04857142856800001,0.012857142858000006,0.13496932515337434,0.013550135501354976,momentum_sleeve,False,False,False
dual_sleeve_mom12_80_20,dual_sleeve_allocation,2024-04-01,600350.XSHG,highway_infrastructure,0.03571428571,0.04857142856800001,0.012857142858000006,0.2805071315372425,0.21246458923512757,momentum_sleeve,False,False,False
dual_sleeve_mom12_60_40,dual_sleeve_allocation,2024-04-01,000027.XSHE,utilities_electricity,0.03571428571,0.021428571426,-0.014285714284000002,0.03645007923930277,0.1566068515497554,value_sleeve_only,False,False,False
dual_sleeve_mom12_60_40,dual_sleeve_allocation,2024-04-01,600795.XSHG,utilities_electricity,0.03571428571,0.061428571426,0.025714285716,0.16919191919191912,0.17169373549883993,momentum_sleeve,False,False,False
dual_sleeve_mom12_60_40,dual_sleeve_allocation,2024-04-01,600578.XSHG,utilities_electricity,0.03571428571,0.021428571426,-0.014285714284000002,-0.05882352941176472,0.1428571428571428,value_sleeve_only,False,False,False
dual_sleeve_mom12_60_40,dual_sleeve_allocation,2024-04-01,600803.XSHG,utilities_electricity,0.03571428571,0.021428571426,-0.014285714284000002,-0.017694369973190294,0.16486161251504194,value_sleeve_only,False,False,False
dual_sleeve_mom12_60_40,dual_sleeve_allocation,2024-04-01,601006.XSHG,port_rail_infrastructure,0.03571428571,0.021428571426,-0.014285714284000002,0.017783857729138264,0.012379642365887289,value_sleeve_only,False,False,False
dual_sleeve_mom12_60_40,dual_sleeve_allocation,2024-04-01,000692.XSHE,utilities_electricity,0.03571428571,0.021428571426,-0.014285714284000002,-0.15596330275229364,-0.13157894736842102,value_sleeve_only,False,False,False
dual_sleeve_mom12_60_40,dual_sleeve_allocation,2024-04-01,000690.XSHE,utilities_electricity,0.03571428571,0.021428571426,-0.014285714284000002,-0.25903614457831325,0.16666666666666652,value_sleeve_only,False,False,False
dual_sleeve_mom12_60_40,dual_sleeve_allocation,2024-04-01,000900.XSHE,highway_infrastructure,0.03571428571,0.021428571426,-0.014285714284000002,-0.16216216216216217,-0.048717948717948656,value_sleeve_only,False,False,False
dual_sleeve_mom12_60_40,dual_sleeve_allocation,2024-04-01,600886.XSHG,utilities_electricity,0.03571428571,0.061428571426,0.025714285716,0.289568345323741,0.10824742268041243,momentum_sleeve,False,False,False
dual_sleeve_mom12_60_40,dual_sleeve_allocation,2024-04-01,600018.XSHG,port_rail_infrastructure,0.03571428571,0.021428571426,-0.014285714284000002,-0.028776978417266008,0.05917159763313595,value_sleeve_only,False,False,False
dual_sleeve_mom12_60_40,dual_sleeve_allocation,2024-04-01,600017.XSHG,port_rail_infrastructure,0.03571428571,0.021428571426,-0.014285714284000002,-0.06397306397306413,0.0146520146520146,value_sleeve_only,False,False,False
dual_sleeve_mom12_60_40,dual_sleeve_allocation,2024-04-01,002807.XSHE,bank,0.03571428571,0.021428571426,-0.014285714284000002,-0.10144927536231874,0.05714285714285716,value_sleeve_only,False,False,False
dual_sleeve_mom12_60_40,dual_sleeve_allocation,2024-04-01,601077.XSHG,bank,0.03571428571,0.061428571426,0.025714285716,0.22739726027397267,0.12289156626506026,momentum_sleeve,False,False,False
dual_sleeve_mom12_60_40,dual_sleeve_allocation,2024-04-01,600717.XSHG,port_rail_infrastructure,0.03571428571,0.021428571426,-0.014285714284000002,-0.013921113689094988,0.05365853658536612,value_sleeve_only,False,False,False
dual_sleeve_mom12_60_40,dual_sleeve_allocation,2024-04-01,601229.XSHG,bank,0.03571428571,0.061428571426,0.025714285716,0.08595041322314056,0.11999999999999988,momentum_sleeve,False,False,False
dual_sleeve_mom12_60_40,dual_sleeve_allocation,2024-04-01,603323.XSHG,bank,0.03571428571,0.021428571426,-0.014285714284000002,-0.05882352941176461,0.10268948655256716,value_sleeve_only,False,False,False
dual_sleeve_mom12_60_40,dual_sleeve_allocation,2024-04-01,601398.XSHG,bank,0.03571428571,0.061428571426,0.025714285716,0.18141592920354,0.0931677018633541,momentum_sleeve,False,False,False
dual_sleeve_mom12_60_40,dual_sleeve_allocation,2024-04-01,601187.XSHG,bank,0.03571428571,0.021428571426,-0.014285714284000002,-0.030965391621129323,0.0377733598409542,value_sleeve_only,False,False,False
dual_sleeve_mom12_60_40,dual_sleeve_allocation,2024-04-01,600000.XSHG,bank,0.03571428571,0.021428571426,-0.014285714284000002,-0.001404494382022392,0.08030303030303032,value_sleeve_only,False,False,False
dual_sleeve_mom12_60_40,dual_sleeve_allocation,2024-04-01,600033.XSHG,highway_infrastructure,0.03571428571,0.021428571426,-0.014285714284000002,0.06976744186046524,0.05660377358490565,value_sleeve_only,False,False,False
dual_sleeve_mom12_60_40,dual_sleeve_allocation,2024-04-01,601816.XSHG,port_rail_infrastructure,0.03571428571,0.021428571426,-0.014285714284000002,-0.029126213592233108,0.039337474120082705,value_sleeve_only,False,False,False
dual_sleeve_mom12_60_40,dual_sleeve_allocation,2024-04-01,601880.XSHG,port_rail_infrastructure,0.03571428571,0.021428571426,-0.014285714284000002,-0.11515151515151512,-0.020979020979021046,value_sleeve_only,False,False,False
dual_sleeve_mom12_60_40,dual_sleeve_allocation,2024-04-01,601298.XSHG,port_rail_infrastructure,0.03571428571,0.061428571426,0.025714285716,0.16885245901639356,0.161949685534591,momentum_sleeve,False,False,False
dual_sleeve_mom12_60_40,dual_sleeve_allocation,2024-04-01,600035.XSHG,highway_infrastructure,0.03571428571,0.021428571426,-0.014285714284000002,0.07458563535911611,0.15803108808290145,value_sleeve_only,False,False,False
dual_sleeve_mom12_60_40,dual_sleeve_allocation,2024-04-01,000429.XSHE,highway_infrastructure,0.03571428571,0.061428571426,0.025714285716,0.2024999999999999,0.163953488372093,momentum_sleeve,False,False,False
dual_sleeve_mom12_60_40,dual_sleeve_allocation,2024-04-01,600377.XSHG,highway_infrastructure,0.03571428571,0.061428571426,0.025714285716,0.3612385321100915,0.11068702290076327,momentum_sleeve,False,False,False
dual_sleeve_mom12_60_40,dual_sleeve_allocation,2024-04-01,600020.XSHG,highway_infrastructure,0.03571428571,0.061428571426,0.025714285716,0.13496932515337434,0.013550135501354976,momentum_sleeve,False,False,False
dual_sleeve_mom12_60_40,dual_sleeve_allocation,2024-04-01,600350.XSHG,highway_infrastructure,0.03571428571,0.061428571426,0.025714285716,0.2805071315372425,0.21246458923512757,momentum_sleeve,False,False,False
state_routed_mom12_70_30_or_100_0,state_routed_budget,2024-04-01,000027.XSHE,utilities_electricity,0.03571428571,0.024999999997,-0.010714285713000003,0.03645007923930277,0.1566068515497554,value_sleeve_only,False,False,False
state_routed_mom12_70_30_or_100_0,state_routed_budget,2024-04-01,600795.XSHG,utilities_electricity,0.03571428571,0.054999999997,0.019285714286999996,0.16919191919191912,0.17169373549883993,momentum_sleeve,False,False,False
state_routed_mom12_70_30_or_100_0,state_routed_budget,2024-04-01,600578.XSHG,utilities_electricity,0.03571428571,0.024999999997,-0.010714285713000003,-0.05882352941176472,0.1428571428571428,value_sleeve_only,False,False,False
state_routed_mom12_70_30_or_100_0,state_routed_budget,2024-04-01,600803.XSHG,utilities_electricity,0.03571428571,0.024999999997,-0.010714285713000003,-0.017694369973190294,0.16486161251504194,value_sleeve_only,False,False,False
state_routed_mom12_70_30_or_100_0,state_routed_budget,2024-04-01,601006.XSHG,port_rail_infrastructure,0.03571428571,0.024999999997,-0.010714285713000003,0.017783857729138264,0.012379642365887289,value_sleeve_only,False,False,False
state_routed_mom12_70_30_or_100_0,state_routed_budget,2024-04-01,000692.XSHE,utilities_electricity,0.03571428571,0.024999999997,-0.010714285713000003,-0.15596330275229364,-0.13157894736842102,value_sleeve_only,False,False,False
state_routed_mom12_70_30_or_100_0,state_routed_budget,2024-04-01,000690.XSHE,utilities_electricity,0.03571428571,0.024999999997,-0.010714285713000003,-0.25903614457831325,0.16666666666666652,value_sleeve_only,False,False,False
state_routed_mom12_70_30_or_100_0,state_routed_budget,2024-04-01,000900.XSHE,highway_infrastructure,0.03571428571,0.024999999997,-0.010714285713000003,-0.16216216216216217,-0.048717948717948656,value_sleeve_only,False,False,False
state_routed_mom12_70_30_or_100_0,state_routed_budget,2024-04-01,600886.XSHG,utilities_electricity,0.03571428571,0.054999999997,0.019285714286999996,0.289568345323741,0.10824742268041243,momentum_sleeve,False,False,False
state_routed_mom12_70_30_or_100_0,state_routed_budget,2024-04-01,600018.XSHG,port_rail_infrastructure,0.03571428571,0.024999999997,-0.010714285713000003,-0.028776978417266008,0.05917159763313595,value_sleeve_only,False,False,False
state_routed_mom12_70_30_or_100_0,state_routed_budget,2024-04-01,600017.XSHG,port_rail_infrastructure,0.03571428571,0.024999999997,-0.010714285713000003,-0.06397306397306413,0.0146520146520146,value_sleeve_only,False,False,False
state_routed_mom12_70_30_or_100_0,state_routed_budget,2024-04-01,002807.XSHE,bank,0.03571428571,0.024999999997,-0.010714285713000003,-0.10144927536231874,0.05714285714285716,value_sleeve_only,False,False,False
state_routed_mom12_70_30_or_100_0,state_routed_budget,2024-04-01,601077.XSHG,bank,0.03571428571,0.054999999997,0.019285714286999996,0.22739726027397267,0.12289156626506026,momentum_sleeve,False,False,False
state_routed_mom12_70_30_or_100_0,state_routed_budget,2024-04-01,600717.XSHG,port_rail_infrastructure,0.03571428571,0.024999999997,-0.010714285713000003,-0.013921113689094988,0.05365853658536612,value_sleeve_only,False,False,False
state_routed_mom12_70_30_or_100_0,state_routed_budget,2024-04-01,601229.XSHG,bank,0.03571428571,0.054999999997,0.019285714286999996,0.08595041322314056,0.11999999999999988,momentum_sleeve,False,False,False
state_routed_mom12_70_30_or_100_0,state_routed_budget,2024-04-01,603323.XSHG,bank,0.03571428571,0.024999999997,-0.010714285713000003,-0.05882352941176461,0.10268948655256716,value_sleeve_only,False,False,False
state_routed_mom12_70_30_or_100_0,state_routed_budget,2024-04-01,601398.XSHG,bank,0.03571428571,0.054999999997,0.019285714286999996,0.18141592920354,0.0931677018633541,momentum_sleeve,False,False,False
state_routed_mom12_70_30_or_100_0,state_routed_budget,2024-04-01,601187.XSHG,bank,0.03571428571,0.024999999997,-0.010714285713000003,-0.030965391621129323,0.0377733598409542,value_sleeve_only,False,False,False
state_routed_mom12_70_30_or_100_0,state_routed_budget,2024-04-01,600000.XSHG,bank,0.03571428571,0.024999999997,-0.010714285713000003,-0.001404494382022392,0.08030303030303032,value_sleeve_only,False,False,False
state_routed_mom12_70_30_or_100_0,state_routed_budget,2024-04-01,600033.XSHG,highway_infrastructure,0.03571428571,0.024999999997,-0.010714285713000003,0.06976744186046524,0.05660377358490565,value_sleeve_only,False,False,False
state_routed_mom12_70_30_or_100_0,state_routed_budget,2024-04-01,601816.XSHG,port_rail_infrastructure,0.03571428571,0.024999999997,-0.010714285713000003,-0.029126213592233108,0.039337474120082705,value_sleeve_only,False,False,False
state_routed_mom12_70_30_or_100_0,state_routed_budget,2024-04-01,601880.XSHG,port_rail_infrastructure,0.03571428571,0.024999999997,-0.010714285713000003,-0.11515151515151512,-0.020979020979021046,value_sleeve_only,False,False,False
state_routed_mom12_70_30_or_100_0,state_routed_budget,2024-04-01,601298.XSHG,port_rail_infrastructure,0.03571428571,0.054999999997,0.019285714286999996,0.16885245901639356,0.161949685534591,momentum_sleeve,False,False,False
state_routed_mom12_70_30_or_100_0,state_routed_budget,2024-04-01,600035.XSHG,highway_infrastructure,0.03571428571,0.024999999997,-0.010714285713000003,0.07458563535911611,0.15803108808290145,value_sleeve_only,False,False,False
state_routed_mom12_70_30_or_100_0,state_routed_budget,2024-04-01,000429.XSHE,highway_infrastructure,0.03571428571,0.054999999997,0.019285714286999996,0.2024999999999999,0.163953488372093,momentum_sleeve,False,False,False
state_routed_mom12_70_30_or_100_0,state_routed_budget,2024-04-01,600377.XSHG,highway_infrastructure,0.03571428571,0.054999999997,0.019285714286999996,0.3612385321100915,0.11068702290076327,momentum_sleeve,False,False,False
state_routed_mom12_70_30_or_100_0,state_routed_budget,2024-04-01,600020.XSHG,highway_infrastructure,0.03571428571,0.054999999997,0.019285714286999996,0.13496932515337434,0.013550135501354976,momentum_sleeve,False,False,False
state_routed_mom12_70_30_or_100_0,state_routed_budget,2024-04-01,600350.XSHG,highway_infrastructure,0.03571428571,0.054999999997,0.019285714286999996,0.2805071315372425,0.21246458923512757,momentum_sleeve,False,False,False
admission_suppression_mom12_bottom_cap75,admission_suppression,2024-04-01,000027.XSHE,utilities_electricity,0.03571428571,0.039285714281,0.0035714285709999988,0.03645007923930277,0.1566068515497554,middle_or_top,True,False,False
admission_suppression_mom12_bottom_cap75,admission_suppression,2024-04-01,600795.XSHG,utilities_electricity,0.03571428571,0.039285714281,0.0035714285709999988,0.16919191919191912,0.17169373549883993,middle_or_top,True,False,False
admission_suppression_mom12_bottom_cap75,admission_suppression,2024-04-01,600578.XSHG,utilities_electricity,0.03571428571,0.039285714281,0.0035714285709999988,-0.05882352941176472,0.1428571428571428,middle_or_top,True,False,False
admission_suppression_mom12_bottom_cap75,admission_suppression,2024-04-01,600803.XSHG,utilities_electricity,0.03571428571,0.039285714281,0.0035714285709999988,-0.017694369973190294,0.16486161251504194,middle_or_top,True,False,False
admission_suppression_mom12_bottom_cap75,admission_suppression,2024-04-01,601006.XSHG,port_rail_infrastructure,0.03571428571,0.039285714281,0.0035714285709999988,0.017783857729138264,0.012379642365887289,middle_or_top,True,False,False
admission_suppression_mom12_bottom_cap75,admission_suppression,2024-04-01,000692.XSHE,utilities_electricity,0.03571428571,0.0267857142825,-0.0089285714275,-0.15596330275229364,-0.13157894736842102,suppressed_bottom_momentum,True,False,False
admission_suppression_mom12_bottom_cap75,admission_suppression,2024-04-01,000690.XSHE,utilities_electricity,0.03571428571,0.0267857142825,-0.0089285714275,-0.25903614457831325,0.16666666666666652,suppressed_bottom_momentum,True,False,False
admission_suppression_mom12_bottom_cap75,admission_suppression,2024-04-01,000900.XSHE,highway_infrastructure,0.03571428571,0.0267857142825,-0.0089285714275,-0.16216216216216217,-0.048717948717948656,suppressed_bottom_momentum,True,False,False
admission_suppression_mom12_bottom_cap75,admission_suppression,2024-04-01,600886.XSHG,utilities_electricity,0.03571428571,0.039285714281,0.0035714285709999988,0.289568345323741,0.10824742268041243,middle_or_top,True,False,False
admission_suppression_mom12_bottom_cap75,admission_suppression,2024-04-01,600018.XSHG,port_rail_infrastructure,0.03571428571,0.039285714281,0.0035714285709999988,-0.028776978417266008,0.05917159763313595,middle_or_top,True,False,False
admission_suppression_mom12_bottom_cap75,admission_suppression,2024-04-01,600017.XSHG,port_rail_infrastructure,0.03571428571,0.0267857142825,-0.0089285714275,-0.06397306397306413,0.0146520146520146,suppressed_bottom_momentum,True,False,False
admission_suppression_mom12_bottom_cap75,admission_suppression,2024-04-01,002807.XSHE,bank,0.03571428571,0.0267857142825,-0.0089285714275,-0.10144927536231874,0.05714285714285716,suppressed_bottom_momentum,True,False,False
admission_suppression_mom12_bottom_cap75,admission_suppression,2024-04-01,601077.XSHG,bank,0.03571428571,0.039285714281,0.0035714285709999988,0.22739726027397267,0.12289156626506026,middle_or_top,True,False,False
admission_suppression_mom12_bottom_cap75,admission_suppression,2024-04-01,600717.XSHG,port_rail_infrastructure,0.03571428571,0.039285714281,0.0035714285709999988,-0.013921113689094988,0.05365853658536612,middle_or_top,True,False,False
admission_suppression_mom12_bottom_cap75,admission_suppression,2024-04-01,601229.XSHG,bank,0.03571428571,0.039285714281,0.0035714285709999988,0.08595041322314056,0.11999999999999988,middle_or_top,True,False,False
admission_suppression_mom12_bottom_cap75,admission_suppression,2024-04-01,603323.XSHG,bank,0.03571428571,0.0267857142825,-0.0089285714275,-0.05882352941176461,0.10268948655256716,suppressed_bottom_momentum,True,False,False
admission_suppression_mom12_bottom_cap75,admission_suppression,2024-04-01,601398.XSHG,bank,0.03571428571,0.039285714281,0.0035714285709999988,0.18141592920354,0.0931677018633541,middle_or_top,True,False,False
admission_suppression_mom12_bottom_cap75,admission_suppression,2024-04-01,601187.XSHG,bank,0.03571428571,0.039285714281,0.0035714285709999988,-0.030965391621129323,0.0377733598409542,middle_or_top,True,False,False
admission_suppression_mom12_bottom_cap75,admission_suppression,2024-04-01,600000.XSHG,bank,0.03571428571,0.039285714281,0.0035714285709999988,-0.001404494382022392,0.08030303030303032,middle_or_top,True,False,False
admission_suppression_mom12_bottom_cap75,admission_suppression,2024-04-01,600033.XSHG,highway_infrastructure,0.03571428571,0.0267857142825,-0.0089285714275,0.06976744186046524,0.05660377358490565,suppressed_bottom_momentum,True,False,False
admission_suppression_mom12_bottom_cap75,admission_suppression,2024-04-01,601816.XSHG,port_rail_infrastructure,0.03571428571,0.039285714281,0.0035714285709999988,-0.029126213592233108,0.039337474120082705,middle_or_top,True,False,False
admission_suppression_mom12_bottom_cap75,admission_suppression,2024-04-01,601880.XSHG,port_rail_infrastructure,0.03571428571,0.0267857142825,-0.0089285714275,-0.11515151515151512,-0.020979020979021046,suppressed_bottom_momentum,True,False,False
admission_suppression_mom12_bottom_cap75,admission_suppression,2024-04-01,601298.XSHG,port_rail_infrastructure,0.03571428571,0.039285714281,0.0035714285709999988,0.16885245901639356,0.161949685534591,middle_or_top,True,False,False
admission_suppression_mom12_bottom_cap75,admission_suppression,2024-04-01,600035.XSHG,highway_infrastructure,0.03571428571,0.039285714281,0.0035714285709999988,0.07458563535911611,0.15803108808290145,middle_or_top,True,False,False
admission_suppression_mom12_bottom_cap75,admission_suppression,2024-04-01,000429.XSHE,highway_infrastructure,0.03571428571,0.039285714281,0.0035714285709999988,0.2024999999999999,0.163953488372093,middle_or_top,True,False,False
admission_suppression_mom12_bottom_cap75,admission_suppression,2024-04-01,600377.XSHG,highway_infrastructure,0.03571428571,0.039285714281,0.0035714285709999988,0.3612385321100915,0.11068702290076327,middle_or_top,True,False,False
admission_suppression_mom12_bottom_cap75,admission_suppression,2024-04-01,600020.XSHG,highway_infrastructure,0.03571428571,0.039285714281,0.0035714285709999988,0.13496932515337434,0.013550135501354976,middle_or_top,True,False,False
admission_suppression_mom12_bottom_cap75,admission_suppression,2024-04-01,600350.XSHG,highway_infrastructure,0.03571428571,0.039285714281,0.0035714285709999988,0.2805071315372425,0.21246458923512757,middle_or_top,True,False,False
v57f_startup_preload_repaired_baseline,baseline,2024-07-01,000900.XSHE,highway_infrastructure,0.03571428571,0.03571428571,0.0,-0.0778301886792453,-0.008130081300812941,baseline,True,False,False
v57f_startup_preload_repaired_baseline,baseline,2024-07-01,601991.XSHG,utilities_electricity,0.03571428571,0.03571428571,0.0,-0.1137026239067056,0.056140350877192935,baseline,True,False,False
v57f_startup_preload_repaired_baseline,baseline,2024-07-01,601018.XSHG,port_rail_infrastructure,0.03571428571,0.03571428571,0.0,0.02608695652173898,0.002949852507374562,baseline,True,False,False
v57f_startup_preload_repaired_baseline,baseline,2024-07-01,000027.XSHE,utilities_electricity,0.03571428571,0.03571428571,0.0,0.12061068702290068,0.05339105339105332,baseline,True,False,False
v57f_startup_preload_repaired_baseline,baseline,2024-07-01,000539.XSHE,utilities_electricity,0.03571428571,0.03571428571,0.0,-0.17372262773722624,0.02213279678068414,baseline,True,False,False
v57f_startup_preload_repaired_baseline,baseline,2024-07-01,600021.XSHG,utilities_electricity,0.03571428571,0.03571428571,0.0,-0.06133828996282531,0.16627358490566047,baseline,True,False,False
v57f_startup_preload_repaired_baseline,baseline,2024-07-01,000883.XSHE,utilities_electricity,0.03571428571,0.03571428571,0.0,0.33033707865168527,0.18540433925049293,baseline,True,False,False
v57f_startup_preload_repaired_baseline,baseline,2024-07-01,600795.XSHG,utilities_electricity,0.03571428571,0.03571428571,0.0,0.40052356020942415,0.1956087824351298,baseline,True,False,False
v57f_startup_preload_repaired_baseline,baseline,2024-07-01,600011.XSHG,utilities_electricity,0.03571428571,0.03571428571,0.0,0.012499999999999956,0.051366120218579114,baseline,True,False,False
v57f_startup_preload_repaired_baseline,baseline,2024-07-01,601077.XSHG,bank,0.03571428571,0.03571428571,0.0,0.26448362720403007,0.07956989247311808,baseline,True,False,False
v57f_startup_preload_repaired_baseline,baseline,2024-07-01,600017.XSHG,port_rail_infrastructure,0.03571428571,0.03571428571,0.0,-0.03389830508474578,-0.029090909090909167,baseline,True,False,False
v57f_startup_preload_repaired_baseline,baseline,2024-07-01,601008.XSHG,port_rail_infrastructure,0.03571428571,0.03571428571,0.0,-0.10613207547169812,-0.060109289617486406,baseline,True,False,False
v57f_startup_preload_repaired_baseline,baseline,2024-07-01,601398.XSHG,bank,0.03571428571,0.03571428571,0.0,0.08800000000000008,0.08571428571428585,baseline,True,False,False
v57f_startup_preload_repaired_baseline,baseline,2024-07-01,601939.XSHG,bank,0.03571428571,0.03571428571,0.0,0.07987711213517668,0.08345534407027833,baseline,True,False,False
v57f_startup_preload_repaired_baseline,baseline,2024-07-01,002807.XSHE,bank,0.03571428571,0.03571428571,0.0,0.0732984293193717,0.024456521739130377,baseline,True,False,False
v57f_startup_preload_repaired_baseline,baseline,2024-07-01,600000.XSHG,bank,0.03571428571,0.03571428571,0.0,0.126005361930295,0.14783821478382153,baseline,True,False,False
v57f_startup_preload_repaired_baseline,baseline,2024-07-01,600908.XSHG,bank,0.03571428571,0.03571428571,0.0,0.021778584392014633,0.035019455252918386,baseline,True,False,False
v57f_startup_preload_repaired_baseline,baseline,2024-07-01,600033.XSHG,highway_infrastructure,0.03571428571,0.03571428571,0.0,0.08709677419354844,0.015151515151515138,baseline,True,False,False
v57f_startup_preload_repaired_baseline,baseline,2024-07-01,601816.XSHG,port_rail_infrastructure,0.03571428571,0.03571428571,0.0,-0.09123434704830047,0.07615230460921851,baseline,True,False,False
v57f_startup_preload_repaired_baseline,baseline,2024-07-01,601326.XSHG,port_rail_infrastructure,0.03571428571,0.03571428571,0.0,-0.07536231884057976,-0.012461059190031154,baseline,True,False,False
v57f_startup_preload_repaired_baseline,baseline,2024-07-01,600035.XSHG,highway_infrastructure,0.03571428571,0.03571428571,0.0,0.08212560386473444,0.002336448598130758,baseline,True,False,False
v57f_startup_preload_repaired_baseline,baseline,2024-07-01,601169.XSHG,bank,0.03571428571,0.03571428571,0.0,0.19628099173553726,0.03362831858407067,baseline,True,False,False
v57f_startup_preload_repaired_baseline,baseline,2024-07-01,600717.XSHG,port_rail_infrastructure,0.03571428571,0.03571428571,0.0,-0.011111111111111072,0.0,baseline,True,False,False
v57f_startup_preload_repaired_baseline,baseline,2024-07-01,000429.XSHE,highway_infrastructure,0.03571428571,0.03571428571,0.0,0.2721598002496879,0.060081466395111915,baseline,True,False,False
v57f_startup_preload_repaired_baseline,baseline,2024-07-01,600018.XSHG,port_rail_infrastructure,0.03571428571,0.03571428571,0.0,0.0613382899628252,0.08851224105461397,baseline,True,False,False
v57f_startup_preload_repaired_baseline,baseline,2024-07-01,600020.XSHG,highway_infrastructure,0.03571428571,0.03571428571,0.0,-0.021621621621621623,-0.032786885245901676,baseline,True,False,False
v57f_startup_preload_repaired_baseline,baseline,2024-07-01,600377.XSHG,highway_infrastructure,0.03571428571,0.03571428571,0.0,0.19120654396728032,0.0705182667799491,baseline,True,False,False
v57f_startup_preload_repaired_baseline,baseline,2024-07-01,600350.XSHG,highway_infrastructure,0.03571428571,0.03571428571,0.0,0.24606580829756797,0.057347670250896154,baseline,True,False,False
internal_subsleeve_mom12_80_20,v57f_pool_internal_subsleeve,2024-07-01,000900.XSHE,highway_infrastructure,0.03571428571,0.028571428568000004,-0.0071428571419999976,-0.0778301886792453,-0.008130081300812941,middle,True,False,False
internal_subsleeve_mom12_80_20,v57f_pool_internal_subsleeve,2024-07-01,601991.XSHG,utilities_electricity,0.03571428571,0.028571428568000004,-0.0071428571419999976,-0.1137026239067056,0.056140350877192935,middle,True,False,False
internal_subsleeve_mom12_80_20,v57f_pool_internal_subsleeve,2024-07-01,601018.XSHG,port_rail_infrastructure,0.03571428571,0.04523809523266667,0.009523809522666668,0.02608695652173898,0.002949852507374562,momentum_subsleeve,True,False,False
internal_subsleeve_mom12_80_20,v57f_pool_internal_subsleeve,2024-07-01,000027.XSHE,utilities_electricity,0.03571428571,0.04523809523266667,0.009523809522666668,0.12061068702290068,0.05339105339105332,momentum_subsleeve,True,False,False
internal_subsleeve_mom12_80_20,v57f_pool_internal_subsleeve,2024-07-01,000539.XSHE,utilities_electricity,0.03571428571,0.028571428568000004,-0.0071428571419999976,-0.17372262773722624,0.02213279678068414,middle,True,False,False
internal_subsleeve_mom12_80_20,v57f_pool_internal_subsleeve,2024-07-01,600021.XSHG,utilities_electricity,0.03571428571,0.028571428568000004,-0.0071428571419999976,-0.06133828996282531,0.16627358490566047,middle,True,False,False
internal_subsleeve_mom12_80_20,v57f_pool_internal_subsleeve,2024-07-01,000883.XSHE,utilities_electricity,0.03571428571,0.04523809523266667,0.009523809522666668,0.33033707865168527,0.18540433925049293,momentum_subsleeve,True,False,False
internal_subsleeve_mom12_80_20,v57f_pool_internal_subsleeve,2024-07-01,600795.XSHG,utilities_electricity,0.03571428571,0.04523809523266667,0.009523809522666668,0.40052356020942415,0.1956087824351298,momentum_subsleeve,True,False,False
internal_subsleeve_mom12_80_20,v57f_pool_internal_subsleeve,2024-07-01,600011.XSHG,utilities_electricity,0.03571428571,0.028571428568000004,-0.0071428571419999976,0.012499999999999956,0.051366120218579114,middle,True,False,False
internal_subsleeve_mom12_80_20,v57f_pool_internal_subsleeve,2024-07-01,601077.XSHG,bank,0.03571428571,0.04523809523266667,0.009523809522666668,0.26448362720403007,0.07956989247311808,momentum_subsleeve,True,False,False
internal_subsleeve_mom12_80_20,v57f_pool_internal_subsleeve,2024-07-01,600017.XSHG,port_rail_infrastructure,0.03571428571,0.028571428568000004,-0.0071428571419999976,-0.03389830508474578,-0.029090909090909167,middle,True,False,False
internal_subsleeve_mom12_80_20,v57f_pool_internal_subsleeve,2024-07-01,601008.XSHG,port_rail_infrastructure,0.03571428571,0.028571428568000004,-0.0071428571419999976,-0.10613207547169812,-0.060109289617486406,middle,True,False,False
internal_subsleeve_mom12_80_20,v57f_pool_internal_subsleeve,2024-07-01,601398.XSHG,bank,0.03571428571,0.028571428568000004,-0.0071428571419999976,0.08800000000000008,0.08571428571428585,middle,True,False,False
internal_subsleeve_mom12_80_20,v57f_pool_internal_subsleeve,2024-07-01,601939.XSHG,bank,0.03571428571,0.028571428568000004,-0.0071428571419999976,0.07987711213517668,0.08345534407027833,middle,True,False,False
internal_subsleeve_mom12_80_20,v57f_pool_internal_subsleeve,2024-07-01,002807.XSHE,bank,0.03571428571,0.028571428568000004,-0.0071428571419999976,0.0732984293193717,0.024456521739130377,middle,True,False,False
internal_subsleeve_mom12_80_20,v57f_pool_internal_subsleeve,2024-07-01,600000.XSHG,bank,0.03571428571,0.04523809523266667,0.009523809522666668,0.126005361930295,0.14783821478382153,momentum_subsleeve,True,False,False
internal_subsleeve_mom12_80_20,v57f_pool_internal_subsleeve,2024-07-01,600908.XSHG,bank,0.03571428571,0.028571428568000004,-0.0071428571419999976,0.021778584392014633,0.035019455252918386,middle,True,False,False
internal_subsleeve_mom12_80_20,v57f_pool_internal_subsleeve,2024-07-01,600033.XSHG,highway_infrastructure,0.03571428571,0.028571428568000004,-0.0071428571419999976,0.08709677419354844,0.015151515151515138,middle,True,False,False
internal_subsleeve_mom12_80_20,v57f_pool_internal_subsleeve,2024-07-01,601816.XSHG,port_rail_infrastructure,0.03571428571,0.028571428568000004,-0.0071428571419999976,-0.09123434704830047,0.07615230460921851,middle,True,False,False
internal_subsleeve_mom12_80_20,v57f_pool_internal_subsleeve,2024-07-01,601326.XSHG,port_rail_infrastructure,0.03571428571,0.028571428568000004,-0.0071428571419999976,-0.07536231884057976,-0.012461059190031154,middle,True,False,False
internal_subsleeve_mom12_80_20,v57f_pool_internal_subsleeve,2024-07-01,600035.XSHG,highway_infrastructure,0.03571428571,0.028571428568000004,-0.0071428571419999976,0.08212560386473444,0.002336448598130758,middle,True,False,False
internal_subsleeve_mom12_80_20,v57f_pool_internal_subsleeve,2024-07-01,601169.XSHG,bank,0.03571428571,0.04523809523266667,0.009523809522666668,0.19628099173553726,0.03362831858407067,momentum_subsleeve,True,False,False
internal_subsleeve_mom12_80_20,v57f_pool_internal_subsleeve,2024-07-01,600717.XSHG,port_rail_infrastructure,0.03571428571,0.04523809523266667,0.009523809522666668,-0.011111111111111072,0.0,momentum_subsleeve,True,False,False
internal_subsleeve_mom12_80_20,v57f_pool_internal_subsleeve,2024-07-01,000429.XSHE,highway_infrastructure,0.03571428571,0.04523809523266667,0.009523809522666668,0.2721598002496879,0.060081466395111915,momentum_subsleeve,True,False,False
internal_subsleeve_mom12_80_20,v57f_pool_internal_subsleeve,2024-07-01,600018.XSHG,port_rail_infrastructure,0.03571428571,0.04523809523266667,0.009523809522666668,0.0613382899628252,0.08851224105461397,momentum_subsleeve,True,False,False
internal_subsleeve_mom12_80_20,v57f_pool_internal_subsleeve,2024-07-01,600020.XSHG,highway_infrastructure,0.03571428571,0.028571428568000004,-0.0071428571419999976,-0.021621621621621623,-0.032786885245901676,middle,True,False,False
internal_subsleeve_mom12_80_20,v57f_pool_internal_subsleeve,2024-07-01,600377.XSHG,highway_infrastructure,0.03571428571,0.04523809523266667,0.009523809522666668,0.19120654396728032,0.0705182667799491,momentum_subsleeve,True,False,False
internal_subsleeve_mom12_80_20,v57f_pool_internal_subsleeve,2024-07-01,600350.XSHG,highway_infrastructure,0.03571428571,0.04523809523266667,0.009523809522666668,0.24606580829756797,0.057347670250896154,momentum_subsleeve,True,False,False
internal_subsleeve_mom12_70_30,v57f_pool_internal_subsleeve,2024-07-01,000900.XSHE,highway_infrastructure,0.03571428571,0.024999999997,-0.010714285713000003,-0.0778301886792453,-0.008130081300812941,middle,True,False,False
internal_subsleeve_mom12_70_30,v57f_pool_internal_subsleeve,2024-07-01,601991.XSHG,utilities_electricity,0.03571428571,0.024999999997,-0.010714285713000003,-0.1137026239067056,0.056140350877192935,middle,True,False,False
internal_subsleeve_mom12_70_30,v57f_pool_internal_subsleeve,2024-07-01,601018.XSHG,port_rail_infrastructure,0.03571428571,0.049999999994000004,0.014285714284000002,0.02608695652173898,0.002949852507374562,momentum_subsleeve,True,False,False
internal_subsleeve_mom12_70_30,v57f_pool_internal_subsleeve,2024-07-01,000027.XSHE,utilities_electricity,0.03571428571,0.049999999994000004,0.014285714284000002,0.12061068702290068,0.05339105339105332,momentum_subsleeve,True,False,False
internal_subsleeve_mom12_70_30,v57f_pool_internal_subsleeve,2024-07-01,000539.XSHE,utilities_electricity,0.03571428571,0.024999999997,-0.010714285713000003,-0.17372262773722624,0.02213279678068414,middle,True,False,False
internal_subsleeve_mom12_70_30,v57f_pool_internal_subsleeve,2024-07-01,600021.XSHG,utilities_electricity,0.03571428571,0.024999999997,-0.010714285713000003,-0.06133828996282531,0.16627358490566047,middle,True,False,False
internal_subsleeve_mom12_70_30,v57f_pool_internal_subsleeve,2024-07-01,000883.XSHE,utilities_electricity,0.03571428571,0.049999999994000004,0.014285714284000002,0.33033707865168527,0.18540433925049293,momentum_subsleeve,True,False,False
internal_subsleeve_mom12_70_30,v57f_pool_internal_subsleeve,2024-07-01,600795.XSHG,utilities_electricity,0.03571428571,0.049999999994000004,0.014285714284000002,0.40052356020942415,0.1956087824351298,momentum_subsleeve,True,False,False
internal_subsleeve_mom12_70_30,v57f_pool_internal_subsleeve,2024-07-01,600011.XSHG,utilities_electricity,0.03571428571,0.024999999997,-0.010714285713000003,0.012499999999999956,0.051366120218579114,middle,True,False,False
internal_subsleeve_mom12_70_30,v57f_pool_internal_subsleeve,2024-07-01,601077.XSHG,bank,0.03571428571,0.049999999994000004,0.014285714284000002,0.26448362720403007,0.07956989247311808,momentum_subsleeve,True,False,False
internal_subsleeve_mom12_70_30,v57f_pool_internal_subsleeve,2024-07-01,600017.XSHG,port_rail_infrastructure,0.03571428571,0.024999999997,-0.010714285713000003,-0.03389830508474578,-0.029090909090909167,middle,True,False,False
internal_subsleeve_mom12_70_30,v57f_pool_internal_subsleeve,2024-07-01,601008.XSHG,port_rail_infrastructure,0.03571428571,0.024999999997,-0.010714285713000003,-0.10613207547169812,-0.060109289617486406,middle,True,False,False
internal_subsleeve_mom12_70_30,v57f_pool_internal_subsleeve,2024-07-01,601398.XSHG,bank,0.03571428571,0.024999999997,-0.010714285713000003,0.08800000000000008,0.08571428571428585,middle,True,False,False
internal_subsleeve_mom12_70_30,v57f_pool_internal_subsleeve,2024-07-01,601939.XSHG,bank,0.03571428571,0.024999999997,-0.010714285713000003,0.07987711213517668,0.08345534407027833,middle,True,False,False
internal_subsleeve_mom12_70_30,v57f_pool_internal_subsleeve,2024-07-01,002807.XSHE,bank,0.03571428571,0.024999999997,-0.010714285713000003,0.0732984293193717,0.024456521739130377,middle,True,False,False
internal_subsleeve_mom12_70_30,v57f_pool_internal_subsleeve,2024-07-01,600000.XSHG,bank,0.03571428571,0.049999999994000004,0.014285714284000002,0.126005361930295,0.14783821478382153,momentum_subsleeve,True,False,False
internal_subsleeve_mom12_70_30,v57f_pool_internal_subsleeve,2024-07-01,600908.XSHG,bank,0.03571428571,0.024999999997,-0.010714285713000003,0.021778584392014633,0.035019455252918386,middle,True,False,False
internal_subsleeve_mom12_70_30,v57f_pool_internal_subsleeve,2024-07-01,600033.XSHG,highway_infrastructure,0.03571428571,0.024999999997,-0.010714285713000003,0.08709677419354844,0.015151515151515138,middle,True,False,False
internal_subsleeve_mom12_70_30,v57f_pool_internal_subsleeve,2024-07-01,601816.XSHG,port_rail_infrastructure,0.03571428571,0.024999999997,-0.010714285713000003,-0.09123434704830047,0.07615230460921851,middle,True,False,False
internal_subsleeve_mom12_70_30,v57f_pool_internal_subsleeve,2024-07-01,601326.XSHG,port_rail_infrastructure,0.03571428571,0.024999999997,-0.010714285713000003,-0.07536231884057976,-0.012461059190031154,middle,True,False,False
internal_subsleeve_mom12_70_30,v57f_pool_internal_subsleeve,2024-07-01,600035.XSHG,highway_infrastructure,0.03571428571,0.024999999997,-0.010714285713000003,0.08212560386473444,0.002336448598130758,middle,True,False,False
internal_subsleeve_mom12_70_30,v57f_pool_internal_subsleeve,2024-07-01,601169.XSHG,bank,0.03571428571,0.049999999994000004,0.014285714284000002,0.19628099173553726,0.03362831858407067,momentum_subsleeve,True,False,False
internal_subsleeve_mom12_70_30,v57f_pool_internal_subsleeve,2024-07-01,600717.XSHG,port_rail_infrastructure,0.03571428571,0.049999999994000004,0.014285714284000002,-0.011111111111111072,0.0,momentum_subsleeve,True,False,False
internal_subsleeve_mom12_70_30,v57f_pool_internal_subsleeve,2024-07-01,000429.XSHE,highway_infrastructure,0.03571428571,0.049999999994000004,0.014285714284000002,0.2721598002496879,0.060081466395111915,momentum_subsleeve,True,False,False
internal_subsleeve_mom12_70_30,v57f_pool_internal_subsleeve,2024-07-01,600018.XSHG,port_rail_infrastructure,0.03571428571,0.049999999994000004,0.014285714284000002,0.0613382899628252,0.08851224105461397,momentum_subsleeve,True,False,False
internal_subsleeve_mom12_70_30,v57f_pool_internal_subsleeve,2024-07-01,600020.XSHG,highway_infrastructure,0.03571428571,0.024999999997,-0.010714285713000003,-0.021621621621621623,-0.032786885245901676,middle,True,False,False
internal_subsleeve_mom12_70_30,v57f_pool_internal_subsleeve,2024-07-01,600377.XSHG,highway_infrastructure,0.03571428571,0.049999999994000004,0.014285714284000002,0.19120654396728032,0.0705182667799491,momentum_subsleeve,True,False,False
internal_subsleeve_mom12_70_30,v57f_pool_internal_subsleeve,2024-07-01,600350.XSHG,highway_infrastructure,0.03571428571,0.049999999994000004,0.014285714284000002,0.24606580829756797,0.057347670250896154,momentum_subsleeve,True,False,False
dual_sleeve_mom12_80_20,dual_sleeve_allocation,2024-07-01,000900.XSHE,highway_infrastructure,0.03571428571,0.028571428568000004,-0.0071428571419999976,-0.0778301886792453,-0.008130081300812941,value_sleeve_only,False,False,False
dual_sleeve_mom12_80_20,dual_sleeve_allocation,2024-07-01,601991.XSHG,utilities_electricity,0.03571428571,0.028571428568000004,-0.0071428571419999976,-0.1137026239067056,0.056140350877192935,value_sleeve_only,False,False,False
dual_sleeve_mom12_80_20,dual_sleeve_allocation,2024-07-01,601018.XSHG,port_rail_infrastructure,0.03571428571,0.028571428568000004,-0.0071428571419999976,0.02608695652173898,0.002949852507374562,value_sleeve_only,False,False,False
dual_sleeve_mom12_80_20,dual_sleeve_allocation,2024-07-01,000027.XSHE,utilities_electricity,0.03571428571,0.04857142856800001,0.012857142858000006,0.12061068702290068,0.05339105339105332,momentum_sleeve,False,False,False
dual_sleeve_mom12_80_20,dual_sleeve_allocation,2024-07-01,000539.XSHE,utilities_electricity,0.03571428571,0.028571428568000004,-0.0071428571419999976,-0.17372262773722624,0.02213279678068414,value_sleeve_only,False,False,False
dual_sleeve_mom12_80_20,dual_sleeve_allocation,2024-07-01,600021.XSHG,utilities_electricity,0.03571428571,0.028571428568000004,-0.0071428571419999976,-0.06133828996282531,0.16627358490566047,value_sleeve_only,False,False,False
dual_sleeve_mom12_80_20,dual_sleeve_allocation,2024-07-01,000883.XSHE,utilities_electricity,0.03571428571,0.04857142856800001,0.012857142858000006,0.33033707865168527,0.18540433925049293,momentum_sleeve,False,False,False
dual_sleeve_mom12_80_20,dual_sleeve_allocation,2024-07-01,600795.XSHG,utilities_electricity,0.03571428571,0.04857142856800001,0.012857142858000006,0.40052356020942415,0.1956087824351298,momentum_sleeve,False,False,False
dual_sleeve_mom12_80_20,dual_sleeve_allocation,2024-07-01,600011.XSHG,utilities_electricity,0.03571428571,0.028571428568000004,-0.0071428571419999976,0.012499999999999956,0.051366120218579114,value_sleeve_only,False,False,False
dual_sleeve_mom12_80_20,dual_sleeve_allocation,2024-07-01,601077.XSHG,bank,0.03571428571,0.04857142856800001,0.012857142858000006,0.26448362720403007,0.07956989247311808,momentum_sleeve,False,False,False
dual_sleeve_mom12_80_20,dual_sleeve_allocation,2024-07-01,600017.XSHG,port_rail_infrastructure,0.03571428571,0.028571428568000004,-0.0071428571419999976,-0.03389830508474578,-0.029090909090909167,value_sleeve_only,False,False,False
dual_sleeve_mom12_80_20,dual_sleeve_allocation,2024-07-01,601008.XSHG,port_rail_infrastructure,0.03571428571,0.028571428568000004,-0.0071428571419999976,-0.10613207547169812,-0.060109289617486406,value_sleeve_only,False,False,False
dual_sleeve_mom12_80_20,dual_sleeve_allocation,2024-07-01,601398.XSHG,bank,0.03571428571,0.04857142856800001,0.012857142858000006,0.08800000000000008,0.08571428571428585,momentum_sleeve,False,False,False
dual_sleeve_mom12_80_20,dual_sleeve_allocation,2024-07-01,601939.XSHG,bank,0.03571428571,0.028571428568000004,-0.0071428571419999976,0.07987711213517668,0.08345534407027833,value_sleeve_only,False,False,False
dual_sleeve_mom12_80_20,dual_sleeve_allocation,2024-07-01,002807.XSHE,bank,0.03571428571,0.028571428568000004,-0.0071428571419999976,0.0732984293193717,0.024456521739130377,value_sleeve_only,False,False,False
dual_sleeve_mom12_80_20,dual_sleeve_allocation,2024-07-01,600000.XSHG,bank,0.03571428571,0.04857142856800001,0.012857142858000006,0.126005361930295,0.14783821478382153,momentum_sleeve,False,False,False
dual_sleeve_mom12_80_20,dual_sleeve_allocation,2024-07-01,600908.XSHG,bank,0.03571428571,0.028571428568000004,-0.0071428571419999976,0.021778584392014633,0.035019455252918386,value_sleeve_only,False,False,False
dual_sleeve_mom12_80_20,dual_sleeve_allocation,2024-07-01,600033.XSHG,highway_infrastructure,0.03571428571,0.028571428568000004,-0.0071428571419999976,0.08709677419354844,0.015151515151515138,value_sleeve_only,False,False,False
dual_sleeve_mom12_80_20,dual_sleeve_allocation,2024-07-01,601816.XSHG,port_rail_infrastructure,0.03571428571,0.028571428568000004,-0.0071428571419999976,-0.09123434704830047,0.07615230460921851,value_sleeve_only,False,False,False
dual_sleeve_mom12_80_20,dual_sleeve_allocation,2024-07-01,601326.XSHG,port_rail_infrastructure,0.03571428571,0.028571428568000004,-0.0071428571419999976,-0.07536231884057976,-0.012461059190031154,value_sleeve_only,False,False,False
dual_sleeve_mom12_80_20,dual_sleeve_allocation,2024-07-01,600035.XSHG,highway_infrastructure,0.03571428571,0.028571428568000004,-0.0071428571419999976,0.08212560386473444,0.002336448598130758,value_sleeve_only,False,False,False
dual_sleeve_mom12_80_20,dual_sleeve_allocation,2024-07-01,601169.XSHG,bank,0.03571428571,0.04857142856800001,0.012857142858000006,0.19628099173553726,0.03362831858407067,momentum_sleeve,False,False,False
dual_sleeve_mom12_80_20,dual_sleeve_allocation,2024-07-01,600717.XSHG,port_rail_infrastructure,0.03571428571,0.028571428568000004,-0.0071428571419999976,-0.011111111111111072,0.0,value_sleeve_only,False,False,False
dual_sleeve_mom12_80_20,dual_sleeve_allocation,2024-07-01,000429.XSHE,highway_infrastructure,0.03571428571,0.04857142856800001,0.012857142858000006,0.2721598002496879,0.060081466395111915,momentum_sleeve,False,False,False
dual_sleeve_mom12_80_20,dual_sleeve_allocation,2024-07-01,600018.XSHG,port_rail_infrastructure,0.03571428571,0.028571428568000004,-0.0071428571419999976,0.0613382899628252,0.08851224105461397,value_sleeve_only,False,False,False
dual_sleeve_mom12_80_20,dual_sleeve_allocation,2024-07-01,600020.XSHG,highway_infrastructure,0.03571428571,0.028571428568000004,-0.0071428571419999976,-0.021621621621621623,-0.032786885245901676,value_sleeve_only,False,False,False
dual_sleeve_mom12_80_20,dual_sleeve_allocation,2024-07-01,600377.XSHG,highway_infrastructure,0.03571428571,0.04857142856800001,0.012857142858000006,0.19120654396728032,0.0705182667799491,momentum_sleeve,False,False,False
dual_sleeve_mom12_80_20,dual_sleeve_allocation,2024-07-01,600350.XSHG,highway_infrastructure,0.03571428571,0.04857142856800001,0.012857142858000006,0.24606580829756797,0.057347670250896154,momentum_sleeve,False,False,False
dual_sleeve_mom12_60_40,dual_sleeve_allocation,2024-07-01,000900.XSHE,highway_infrastructure,0.03571428571,0.021428571426,-0.014285714284000002,-0.0778301886792453,-0.008130081300812941,value_sleeve_only,False,False,False
dual_sleeve_mom12_60_40,dual_sleeve_allocation,2024-07-01,601991.XSHG,utilities_electricity,0.03571428571,0.021428571426,-0.014285714284000002,-0.1137026239067056,0.056140350877192935,value_sleeve_only,False,False,False
dual_sleeve_mom12_60_40,dual_sleeve_allocation,2024-07-01,601018.XSHG,port_rail_infrastructure,0.03571428571,0.021428571426,-0.014285714284000002,0.02608695652173898,0.002949852507374562,value_sleeve_only,False,False,False
dual_sleeve_mom12_60_40,dual_sleeve_allocation,2024-07-01,000027.XSHE,utilities_electricity,0.03571428571,0.061428571426,0.025714285716,0.12061068702290068,0.05339105339105332,momentum_sleeve,False,False,False
dual_sleeve_mom12_60_40,dual_sleeve_allocation,2024-07-01,000539.XSHE,utilities_electricity,0.03571428571,0.021428571426,-0.014285714284000002,-0.17372262773722624,0.02213279678068414,value_sleeve_only,False,False,False
dual_sleeve_mom12_60_40,dual_sleeve_allocation,2024-07-01,600021.XSHG,utilities_electricity,0.03571428571,0.021428571426,-0.014285714284000002,-0.06133828996282531,0.16627358490566047,value_sleeve_only,False,False,False
dual_sleeve_mom12_60_40,dual_sleeve_allocation,2024-07-01,000883.XSHE,utilities_electricity,0.03571428571,0.061428571426,0.025714285716,0.33033707865168527,0.18540433925049293,momentum_sleeve,False,False,False
dual_sleeve_mom12_60_40,dual_sleeve_allocation,2024-07-01,600795.XSHG,utilities_electricity,0.03571428571,0.061428571426,0.025714285716,0.40052356020942415,0.1956087824351298,momentum_sleeve,False,False,False
dual_sleeve_mom12_60_40,dual_sleeve_allocation,2024-07-01,600011.XSHG,utilities_electricity,0.03571428571,0.021428571426,-0.014285714284000002,0.012499999999999956,0.051366120218579114,value_sleeve_only,False,False,False
dual_sleeve_mom12_60_40,dual_sleeve_allocation,2024-07-01,601077.XSHG,bank,0.03571428571,0.061428571426,0.025714285716,0.26448362720403007,0.07956989247311808,momentum_sleeve,False,False,False
dual_sleeve_mom12_60_40,dual_sleeve_allocation,2024-07-01,600017.XSHG,port_rail_infrastructure,0.03571428571,0.021428571426,-0.014285714284000002,-0.03389830508474578,-0.029090909090909167,value_sleeve_only,False,False,False
dual_sleeve_mom12_60_40,dual_sleeve_allocation,2024-07-01,601008.XSHG,port_rail_infrastructure,0.03571428571,0.021428571426,-0.014285714284000002,-0.10613207547169812,-0.060109289617486406,value_sleeve_only,False,False,False
dual_sleeve_mom12_60_40,dual_sleeve_allocation,2024-07-01,601398.XSHG,bank,0.03571428571,0.061428571426,0.025714285716,0.08800000000000008,0.08571428571428585,momentum_sleeve,False,False,False
dual_sleeve_mom12_60_40,dual_sleeve_allocation,2024-07-01,601939.XSHG,bank,0.03571428571,0.021428571426,-0.014285714284000002,0.07987711213517668,0.08345534407027833,value_sleeve_only,False,False,False
dual_sleeve_mom12_60_40,dual_sleeve_allocation,2024-07-01,002807.XSHE,bank,0.03571428571,0.021428571426,-0.014285714284000002,0.0732984293193717,0.024456521739130377,value_sleeve_only,False,False,False
dual_sleeve_mom12_60_40,dual_sleeve_allocation,2024-07-01,600000.XSHG,bank,0.03571428571,0.061428571426,0.025714285716,0.126005361930295,0.14783821478382153,momentum_sleeve,False,False,False
dual_sleeve_mom12_60_40,dual_sleeve_allocation,2024-07-01,600908.XSHG,bank,0.03571428571,0.021428571426,-0.014285714284000002,0.021778584392014633,0.035019455252918386,value_sleeve_only,False,False,False
dual_sleeve_mom12_60_40,dual_sleeve_allocation,2024-07-01,600033.XSHG,highway_infrastructure,0.03571428571,0.021428571426,-0.014285714284000002,0.08709677419354844,0.015151515151515138,value_sleeve_only,False,False,False
dual_sleeve_mom12_60_40,dual_sleeve_allocation,2024-07-01,601816.XSHG,port_rail_infrastructure,0.03571428571,0.021428571426,-0.014285714284000002,-0.09123434704830047,0.07615230460921851,value_sleeve_only,False,False,False
dual_sleeve_mom12_60_40,dual_sleeve_allocation,2024-07-01,601326.XSHG,port_rail_infrastructure,0.03571428571,0.021428571426,-0.014285714284000002,-0.07536231884057976,-0.012461059190031154,value_sleeve_only,False,False,False
dual_sleeve_mom12_60_40,dual_sleeve_allocation,2024-07-01,600035.XSHG,highway_infrastructure,0.03571428571,0.021428571426,-0.014285714284000002,0.08212560386473444,0.002336448598130758,value_sleeve_only,False,False,False
dual_sleeve_mom12_60_40,dual_sleeve_allocation,2024-07-01,601169.XSHG,bank,0.03571428571,0.061428571426,0.025714285716,0.19628099173553726,0.03362831858407067,momentum_sleeve,False,False,False
dual_sleeve_mom12_60_40,dual_sleeve_allocation,2024-07-01,600717.XSHG,port_rail_infrastructure,0.03571428571,0.021428571426,-0.014285714284000002,-0.011111111111111072,0.0,value_sleeve_only,False,False,False
dual_sleeve_mom12_60_40,dual_sleeve_allocation,2024-07-01,000429.XSHE,highway_infrastructure,0.03571428571,0.061428571426,0.025714285716,0.2721598002496879,0.060081466395111915,momentum_sleeve,False,False,False
dual_sleeve_mom12_60_40,dual_sleeve_allocation,2024-07-01,600018.XSHG,port_rail_infrastructure,0.03571428571,0.021428571426,-0.014285714284000002,0.0613382899628252,0.08851224105461397,value_sleeve_only,False,False,False
dual_sleeve_mom12_60_40,dual_sleeve_allocation,2024-07-01,600020.XSHG,highway_infrastructure,0.03571428571,0.021428571426,-0.014285714284000002,-0.021621621621621623,-0.032786885245901676,value_sleeve_only,False,False,False
dual_sleeve_mom12_60_40,dual_sleeve_allocation,2024-07-01,600377.XSHG,highway_infrastructure,0.03571428571,0.061428571426,0.025714285716,0.19120654396728032,0.0705182667799491,momentum_sleeve,False,False,False
dual_sleeve_mom12_60_40,dual_sleeve_allocation,2024-07-01,600350.XSHG,highway_infrastructure,0.03571428571,0.061428571426,0.025714285716,0.24606580829756797,0.057347670250896154,momentum_sleeve,False,False,False
state_routed_mom12_70_30_or_100_0,state_routed_budget,2024-07-01,000900.XSHE,highway_infrastructure,0.03571428571,0.024999999997,-0.010714285713000003,-0.0778301886792453,-0.008130081300812941,value_sleeve_only,False,False,False
state_routed_mom12_70_30_or_100_0,state_routed_budget,2024-07-01,601991.XSHG,utilities_electricity,0.03571428571,0.024999999997,-0.010714285713000003,-0.1137026239067056,0.056140350877192935,value_sleeve_only,False,False,False
state_routed_mom12_70_30_or_100_0,state_routed_budget,2024-07-01,601018.XSHG,port_rail_infrastructure,0.03571428571,0.024999999997,-0.010714285713000003,0.02608695652173898,0.002949852507374562,value_sleeve_only,False,False,False
state_routed_mom12_70_30_or_100_0,state_routed_budget,2024-07-01,000027.XSHE,utilities_electricity,0.03571428571,0.054999999997,0.019285714286999996,0.12061068702290068,0.05339105339105332,momentum_sleeve,False,False,False
state_routed_mom12_70_30_or_100_0,state_routed_budget,2024-07-01,000539.XSHE,utilities_electricity,0.03571428571,0.024999999997,-0.010714285713000003,-0.17372262773722624,0.02213279678068414,value_sleeve_only,False,False,False
state_routed_mom12_70_30_or_100_0,state_routed_budget,2024-07-01,600021.XSHG,utilities_electricity,0.03571428571,0.024999999997,-0.010714285713000003,-0.06133828996282531,0.16627358490566047,value_sleeve_only,False,False,False
state_routed_mom12_70_30_or_100_0,state_routed_budget,2024-07-01,000883.XSHE,utilities_electricity,0.03571428571,0.054999999997,0.019285714286999996,0.33033707865168527,0.18540433925049293,momentum_sleeve,False,False,False
state_routed_mom12_70_30_or_100_0,state_routed_budget,2024-07-01,600795.XSHG,utilities_electricity,0.03571428571,0.054999999997,0.019285714286999996,0.40052356020942415,0.1956087824351298,momentum_sleeve,False,False,False
state_routed_mom12_70_30_or_100_0,state_routed_budget,2024-07-01,600011.XSHG,utilities_electricity,0.03571428571,0.024999999997,-0.010714285713000003,0.012499999999999956,0.051366120218579114,value_sleeve_only,False,False,False
state_routed_mom12_70_30_or_100_0,state_routed_budget,2024-07-01,601077.XSHG,bank,0.03571428571,0.054999999997,0.019285714286999996,0.26448362720403007,0.07956989247311808,momentum_sleeve,False,False,False
state_routed_mom12_70_30_or_100_0,state_routed_budget,2024-07-01,600017.XSHG,port_rail_infrastructure,0.03571428571,0.024999999997,-0.010714285713000003,-0.03389830508474578,-0.029090909090909167,value_sleeve_only,False,False,False
state_routed_mom12_70_30_or_100_0,state_routed_budget,2024-07-01,601008.XSHG,port_rail_infrastructure,0.03571428571,0.024999999997,-0.010714285713000003,-0.10613207547169812,-0.060109289617486406,value_sleeve_only,False,False,False
state_routed_mom12_70_30_or_100_0,state_routed_budget,2024-07-01,601398.XSHG,bank,0.03571428571,0.054999999997,0.019285714286999996,0.08800000000000008,0.08571428571428585,momentum_sleeve,False,False,False
state_routed_mom12_70_30_or_100_0,state_routed_budget,2024-07-01,601939.XSHG,bank,0.03571428571,0.024999999997,-0.010714285713000003,0.07987711213517668,0.08345534407027833,value_sleeve_only,False,False,False
state_routed_mom12_70_30_or_100_0,state_routed_budget,2024-07-01,002807.XSHE,bank,0.03571428571,0.024999999997,-0.010714285713000003,0.0732984293193717,0.024456521739130377,value_sleeve_only,False,False,False
state_routed_mom12_70_30_or_100_0,state_routed_budget,2024-07-01,600000.XSHG,bank,0.03571428571,0.054999999997,0.019285714286999996,0.126005361930295,0.14783821478382153,momentum_sleeve,False,False,False
state_routed_mom12_70_30_or_100_0,state_routed_budget,2024-07-01,600908.XSHG,bank,0.03571428571,0.024999999997,-0.010714285713000003,0.021778584392014633,0.035019455252918386,value_sleeve_only,False,False,False
state_routed_mom12_70_30_or_100_0,state_routed_budget,2024-07-01,600033.XSHG,highway_infrastructure,0.03571428571,0.024999999997,-0.010714285713000003,0.08709677419354844,0.015151515151515138,value_sleeve_only,False,False,False
state_routed_mom12_70_30_or_100_0,state_routed_budget,2024-07-01,601816.XSHG,port_rail_infrastructure,0.03571428571,0.024999999997,-0.010714285713000003,-0.09123434704830047,0.07615230460921851,value_sleeve_only,False,False,False
state_routed_mom12_70_30_or_100_0,state_routed_budget,2024-07-01,601326.XSHG,port_rail_infrastructure,0.03571428571,0.024999999997,-0.010714285713000003,-0.07536231884057976,-0.012461059190031154,value_sleeve_only,False,False,False
state_routed_mom12_70_30_or_100_0,state_routed_budget,2024-07-01,600035.XSHG,highway_infrastructure,0.03571428571,0.024999999997,-0.010714285713000003,0.08212560386473444,0.002336448598130758,value_sleeve_only,False,False,False
state_routed_mom12_70_30_or_100_0,state_routed_budget,2024-07-01,601169.XSHG,bank,0.03571428571,0.054999999997,0.019285714286999996,0.19628099173553726,0.03362831858407067,momentum_sleeve,False,False,False
state_routed_mom12_70_30_or_100_0,state_routed_budget,2024-07-01,600717.XSHG,port_rail_infrastructure,0.03571428571,0.024999999997,-0.010714285713000003,-0.011111111111111072,0.0,value_sleeve_only,False,False,False
state_routed_mom12_70_30_or_100_0,state_routed_budget,2024-07-01,000429.XSHE,highway_infrastructure,0.03571428571,0.054999999997,0.019285714286999996,0.2721598002496879,0.060081466395111915,momentum_sleeve,False,False,False
state_routed_mom12_70_30_or_100_0,state_routed_budget,2024-07-01,600018.XSHG,port_rail_infrastructure,0.03571428571,0.024999999997,-0.010714285713000003,0.0613382899628252,0.08851224105461397,value_sleeve_only,False,False,False
state_routed_mom12_70_30_or_100_0,state_routed_budget,2024-07-01,600020.XSHG,highway_infrastructure,0.03571428571,0.024999999997,-0.010714285713000003,-0.021621621621621623,-0.032786885245901676,value_sleeve_only,False,False,False
state_routed_mom12_70_30_or_100_0,state_routed_budget,2024-07-01,600377.XSHG,highway_infrastructure,0.03571428571,0.054999999997,0.019285714286999996,0.19120654396728032,0.0705182667799491,momentum_sleeve,False,False,False
state_routed_mom12_70_30_or_100_0,state_routed_budget,2024-07-01,600350.XSHG,highway_infrastructure,0.03571428571,0.054999999997,0.019285714286999996,0.24606580829756797,0.057347670250896154,momentum_sleeve,False,False,False
admission_suppression_mom12_bottom_cap75,admission_suppression,2024-07-01,000900.XSHE,highway_infrastructure,0.03571428571,0.0267857142825,-0.0089285714275,-0.0778301886792453,-0.008130081300812941,suppressed_bottom_momentum,True,False,False
admission_suppression_mom12_bottom_cap75,admission_suppression,2024-07-01,601991.XSHG,utilities_electricity,0.03571428571,0.0267857142825,-0.0089285714275,-0.1137026239067056,0.056140350877192935,suppressed_bottom_momentum,True,False,False
admission_suppression_mom12_bottom_cap75,admission_suppression,2024-07-01,601018.XSHG,port_rail_infrastructure,0.03571428571,0.039285714281,0.0035714285709999988,0.02608695652173898,0.002949852507374562,middle_or_top,True,False,False
admission_suppression_mom12_bottom_cap75,admission_suppression,2024-07-01,000027.XSHE,utilities_electricity,0.03571428571,0.039285714281,0.0035714285709999988,0.12061068702290068,0.05339105339105332,middle_or_top,True,False,False
admission_suppression_mom12_bottom_cap75,admission_suppression,2024-07-01,000539.XSHE,utilities_electricity,0.03571428571,0.0267857142825,-0.0089285714275,-0.17372262773722624,0.02213279678068414,suppressed_bottom_momentum,True,False,False
admission_suppression_mom12_bottom_cap75,admission_suppression,2024-07-01,600021.XSHG,utilities_electricity,0.03571428571,0.039285714281,0.0035714285709999988,-0.06133828996282531,0.16627358490566047,middle_or_top,True,False,False
admission_suppression_mom12_bottom_cap75,admission_suppression,2024-07-01,000883.XSHE,utilities_electricity,0.03571428571,0.039285714281,0.0035714285709999988,0.33033707865168527,0.18540433925049293,middle_or_top,True,False,False
admission_suppression_mom12_bottom_cap75,admission_suppression,2024-07-01,600795.XSHG,utilities_electricity,0.03571428571,0.039285714281,0.0035714285709999988,0.40052356020942415,0.1956087824351298,middle_or_top,True,False,False
admission_suppression_mom12_bottom_cap75,admission_suppression,2024-07-01,600011.XSHG,utilities_electricity,0.03571428571,0.039285714281,0.0035714285709999988,0.012499999999999956,0.051366120218579114,middle_or_top,True,False,False
admission_suppression_mom12_bottom_cap75,admission_suppression,2024-07-01,601077.XSHG,bank,0.03571428571,0.039285714281,0.0035714285709999988,0.26448362720403007,0.07956989247311808,middle_or_top,True,False,False
admission_suppression_mom12_bottom_cap75,admission_suppression,2024-07-01,600017.XSHG,port_rail_infrastructure,0.03571428571,0.039285714281,0.0035714285709999988,-0.03389830508474578,-0.029090909090909167,middle_or_top,True,False,False
admission_suppression_mom12_bottom_cap75,admission_suppression,2024-07-01,601008.XSHG,port_rail_infrastructure,0.03571428571,0.0267857142825,-0.0089285714275,-0.10613207547169812,-0.060109289617486406,suppressed_bottom_momentum,True,False,False
admission_suppression_mom12_bottom_cap75,admission_suppression,2024-07-01,601398.XSHG,bank,0.03571428571,0.039285714281,0.0035714285709999988,0.08800000000000008,0.08571428571428585,middle_or_top,True,False,False
admission_suppression_mom12_bottom_cap75,admission_suppression,2024-07-01,601939.XSHG,bank,0.03571428571,0.039285714281,0.0035714285709999988,0.07987711213517668,0.08345534407027833,middle_or_top,True,False,False
admission_suppression_mom12_bottom_cap75,admission_suppression,2024-07-01,002807.XSHE,bank,0.03571428571,0.0267857142825,-0.0089285714275,0.0732984293193717,0.024456521739130377,suppressed_bottom_momentum,True,False,False
admission_suppression_mom12_bottom_cap75,admission_suppression,2024-07-01,600000.XSHG,bank,0.03571428571,0.039285714281,0.0035714285709999988,0.126005361930295,0.14783821478382153,middle_or_top,True,False,False
admission_suppression_mom12_bottom_cap75,admission_suppression,2024-07-01,600908.XSHG,bank,0.03571428571,0.0267857142825,-0.0089285714275,0.021778584392014633,0.035019455252918386,suppressed_bottom_momentum,True,False,False
admission_suppression_mom12_bottom_cap75,admission_suppression,2024-07-01,600033.XSHG,highway_infrastructure,0.03571428571,0.039285714281,0.0035714285709999988,0.08709677419354844,0.015151515151515138,middle_or_top,True,False,False
admission_suppression_mom12_bottom_cap75,admission_suppression,2024-07-01,601816.XSHG,port_rail_infrastructure,0.03571428571,0.0267857142825,-0.0089285714275,-0.09123434704830047,0.07615230460921851,suppressed_bottom_momentum,True,False,False
admission_suppression_mom12_bottom_cap75,admission_suppression,2024-07-01,601326.XSHG,port_rail_infrastructure,0.03571428571,0.039285714281,0.0035714285709999988,-0.07536231884057976,-0.012461059190031154,middle_or_top,True,False,False
admission_suppression_mom12_bottom_cap75,admission_suppression,2024-07-01,600035.XSHG,highway_infrastructure,0.03571428571,0.039285714281,0.0035714285709999988,0.08212560386473444,0.002336448598130758,middle_or_top,True,False,False
admission_suppression_mom12_bottom_cap75,admission_suppression,2024-07-01,601169.XSHG,bank,0.03571428571,0.039285714281,0.0035714285709999988,0.19628099173553726,0.03362831858407067,middle_or_top,True,False,False
admission_suppression_mom12_bottom_cap75,admission_suppression,2024-07-01,600717.XSHG,port_rail_infrastructure,0.03571428571,0.039285714281,0.0035714285709999988,-0.011111111111111072,0.0,middle_or_top,True,False,False
admission_suppression_mom12_bottom_cap75,admission_suppression,2024-07-01,000429.XSHE,highway_infrastructure,0.03571428571,0.039285714281,0.0035714285709999988,0.2721598002496879,0.060081466395111915,middle_or_top,True,False,False
admission_suppression_mom12_bottom_cap75,admission_suppression,2024-07-01,600018.XSHG,port_rail_infrastructure,0.03571428571,0.039285714281,0.0035714285709999988,0.0613382899628252,0.08851224105461397,middle_or_top,True,False,False
admission_suppression_mom12_bottom_cap75,admission_suppression,2024-07-01,600020.XSHG,highway_infrastructure,0.03571428571,0.0267857142825,-0.0089285714275,-0.021621621621621623,-0.032786885245901676,suppressed_bottom_momentum,True,False,False
admission_suppression_mom12_bottom_cap75,admission_suppression,2024-07-01,600377.XSHG,highway_infrastructure,0.03571428571,0.039285714281,0.0035714285709999988,0.19120654396728032,0.0705182667799491,middle_or_top,True,False,False
admission_suppression_mom12_bottom_cap75,admission_suppression,2024-07-01,600350.XSHG,highway_infrastructure,0.03571428571,0.039285714281,0.0035714285709999988,0.24606580829756797,0.057347670250896154,middle_or_top,True,False,False
v57f_startup_preload_repaired_baseline,baseline,2024-10-08,600795.XSHG,utilities_electricity,0.03571428571,0.03571428571,0.0,0.46467391304347805,-0.08985024958402665,baseline,True,False,False
v57f_startup_preload_repaired_baseline,baseline,2024-10-08,000027.XSHE,utilities_electricity,0.03571428571,0.03571428571,0.0,-0.1049382716049384,-0.035862068965517246,baseline,True,False,False
v57f_startup_preload_repaired_baseline,baseline,2024-10-08,600017.XSHG,port_rail_infrastructure,0.03571428571,0.03571428571,0.0,-0.08135593220338988,0.1592592592592592,baseline,True,False,False
v57f_startup_preload_repaired_baseline,baseline,2024-10-08,000539.XSHE,utilities_electricity,0.03571428571,0.03571428571,0.0,-0.3296529968454258,-0.0019762845849802257,baseline,True,False,False
v57f_startup_preload_repaired_baseline,baseline,2024-10-08,600717.XSHG,port_rail_infrastructure,0.03571428571,0.03571428571,0.0,0.0,0.14449541284403655,baseline,True,False,False
v57f_startup_preload_repaired_baseline,baseline,2024-10-08,600681.XSHG,utilities_electricity,0.03571428571,0.03571428571,0.0,-0.2780269058295963,0.11077844311377238,baseline,True,False,False
v57f_startup_preload_repaired_baseline,baseline,2024-10-08,600021.XSHG,utilities_electricity,0.03571428571,0.03571428571,0.0,-0.08125677139761645,-0.033966033966033926,baseline,True,False,False
v57f_startup_preload_repaired_baseline,baseline,2024-10-08,600803.XSHG,utilities_electricity,0.03571428571,0.03571428571,0.0,-0.013348164627363879,-0.02556818181818199,baseline,True,False,False
v57f_startup_preload_repaired_baseline,baseline,2024-10-08,000601.XSHE,utilities_electricity,0.03571428571,0.03571428571,0.0,-0.1748251748251748,0.11199999999999988,baseline,True,False,False
v57f_startup_preload_repaired_baseline,baseline,2024-10-08,601077.XSHG,bank,0.03571428571,0.03571428571,0.0,0.3094629156010229,0.06457925636007822,baseline,True,False,False
v57f_startup_preload_repaired_baseline,baseline,2024-10-08,000905.XSHE,port_rail_infrastructure,0.03571428571,0.03571428571,0.0,-0.3046776232616941,0.13732394366197198,baseline,True,False,False
v57f_startup_preload_repaired_baseline,baseline,2024-10-08,600033.XSHG,highway_infrastructure,0.03571428571,0.03571428571,0.0,0.030120481927710774,0.0714285714285714,baseline,True,False,False
v57f_startup_preload_repaired_baseline,baseline,2024-10-08,600020.XSHG,highway_infrastructure,0.03571428571,0.03571428571,0.0,0.09971509971509973,0.16208791208791218,baseline,True,False,False
v57f_startup_preload_repaired_baseline,baseline,2024-10-08,601818.XSHG,bank,0.03571428571,0.03571428571,0.0,0.016393442622950838,0.09756097560975618,baseline,True,False,False
v57f_startup_preload_repaired_baseline,baseline,2024-10-08,601326.XSHG,port_rail_infrastructure,0.03571428571,0.03571428571,0.0,0.053968253968254,0.11963190184049077,baseline,True,False,False
v57f_startup_preload_repaired_baseline,baseline,2024-10-08,600035.XSHG,highway_infrastructure,0.03571428571,0.03571428571,0.0,0.08031088082901561,-0.0022988505747125743,baseline,True,False,False
v57f_startup_preload_repaired_baseline,baseline,2024-10-08,002807.XSHE,bank,0.03571428571,0.03571428571,0.0,-0.023872679045092826,0.1292875989445912,baseline,True,False,False
v57f_startup_preload_repaired_baseline,baseline,2024-10-08,601816.XSHG,port_rail_infrastructure,0.03571428571,0.03571428571,0.0,0.06496062992125995,0.10018214936247727,baseline,True,False,False
v57f_startup_preload_repaired_baseline,baseline,2024-10-08,600908.XSHG,bank,0.03571428571,0.03571428571,0.0,-0.08122743682310474,0.13518518518518507,baseline,True,False,False
v57f_startup_preload_repaired_baseline,baseline,2024-10-08,601166.XSHG,bank,0.03571428571,0.03571428571,0.0,0.03215831787260348,0.093643586833144,baseline,True,False,False
v57f_startup_preload_repaired_baseline,baseline,2024-10-08,601988.XSHG,bank,0.03571428571,0.03571428571,0.0,0.33062330623306235,0.05485232067510548,baseline,True,False,False
v57f_startup_preload_repaired_baseline,baseline,2024-10-08,601018.XSHG,port_rail_infrastructure,0.03571428571,0.03571428571,0.0,0.02359882005899716,0.10344827586206895,baseline,True,False,False
v57f_startup_preload_repaired_baseline,baseline,2024-10-08,601398.XSHG,bank,0.03571428571,0.03571428571,0.0,0.34632034632034614,0.03691275167785224,baseline,True,False,False
v57f_startup_preload_repaired_baseline,baseline,2024-10-08,601880.XSHG,port_rail_infrastructure,0.03571428571,0.03571428571,0.0,-0.22151898734177222,0.17322834645669283,baseline,True,False,False
v57f_startup_preload_repaired_baseline,baseline,2024-10-08,600350.XSHG,highway_infrastructure,0.03571428571,0.03571428571,0.0,0.35446685878962536,0.02905027932960902,baseline,True,False,False
v57f_startup_preload_repaired_baseline,baseline,2024-10-08,000429.XSHE,highway_infrastructure,0.03571428571,0.03571428571,0.0,0.4217171717171717,0.031731640979147935,baseline,True,False,False
v57f_startup_preload_repaired_baseline,baseline,2024-10-08,000828.XSHE,highway_infrastructure,0.03571428571,0.03571428571,0.0,-0.037694013303769425,0.2139737991266375,baseline,True,False,False
v57f_startup_preload_repaired_baseline,baseline,2024-10-08,600377.XSHG,highway_infrastructure,0.03571428571,0.03571428571,0.0,0.41751527494908336,0.07860922146636429,baseline,True,False,False
internal_subsleeve_mom12_80_20,v57f_pool_internal_subsleeve,2024-10-08,600795.XSHG,utilities_electricity,0.03571428571,0.04523809523266667,0.009523809522666668,0.46467391304347805,-0.08985024958402665,momentum_subsleeve,True,False,False
internal_subsleeve_mom12_80_20,v57f_pool_internal_subsleeve,2024-10-08,000027.XSHE,utilities_electricity,0.03571428571,0.028571428568000004,-0.0071428571419999976,-0.1049382716049384,-0.035862068965517246,middle,True,False,False
internal_subsleeve_mom12_80_20,v57f_pool_internal_subsleeve,2024-10-08,600017.XSHG,port_rail_infrastructure,0.03571428571,0.028571428568000004,-0.0071428571419999976,-0.08135593220338988,0.1592592592592592,middle,True,False,False
internal_subsleeve_mom12_80_20,v57f_pool_internal_subsleeve,2024-10-08,000539.XSHE,utilities_electricity,0.03571428571,0.028571428568000004,-0.0071428571419999976,-0.3296529968454258,-0.0019762845849802257,middle,True,False,False
internal_subsleeve_mom12_80_20,v57f_pool_internal_subsleeve,2024-10-08,600717.XSHG,port_rail_infrastructure,0.03571428571,0.028571428568000004,-0.0071428571419999976,0.0,0.14449541284403655,middle,True,False,False
internal_subsleeve_mom12_80_20,v57f_pool_internal_subsleeve,2024-10-08,600681.XSHG,utilities_electricity,0.03571428571,0.028571428568000004,-0.0071428571419999976,-0.2780269058295963,0.11077844311377238,middle,True,False,False
internal_subsleeve_mom12_80_20,v57f_pool_internal_subsleeve,2024-10-08,600021.XSHG,utilities_electricity,0.03571428571,0.04523809523266667,0.009523809522666668,-0.08125677139761645,-0.033966033966033926,momentum_subsleeve,True,False,False
internal_subsleeve_mom12_80_20,v57f_pool_internal_subsleeve,2024-10-08,600803.XSHG,utilities_electricity,0.03571428571,0.04523809523266667,0.009523809522666668,-0.013348164627363879,-0.02556818181818199,momentum_subsleeve,True,False,False
internal_subsleeve_mom12_80_20,v57f_pool_internal_subsleeve,2024-10-08,000601.XSHE,utilities_electricity,0.03571428571,0.028571428568000004,-0.0071428571419999976,-0.1748251748251748,0.11199999999999988,middle,True,False,False
internal_subsleeve_mom12_80_20,v57f_pool_internal_subsleeve,2024-10-08,601077.XSHG,bank,0.03571428571,0.04523809523266667,0.009523809522666668,0.3094629156010229,0.06457925636007822,momentum_subsleeve,True,False,False
internal_subsleeve_mom12_80_20,v57f_pool_internal_subsleeve,2024-10-08,000905.XSHE,port_rail_infrastructure,0.03571428571,0.028571428568000004,-0.0071428571419999976,-0.3046776232616941,0.13732394366197198,middle,True,False,False
internal_subsleeve_mom12_80_20,v57f_pool_internal_subsleeve,2024-10-08,600033.XSHG,highway_infrastructure,0.03571428571,0.028571428568000004,-0.0071428571419999976,0.030120481927710774,0.0714285714285714,middle,True,False,False
internal_subsleeve_mom12_80_20,v57f_pool_internal_subsleeve,2024-10-08,600020.XSHG,highway_infrastructure,0.03571428571,0.028571428568000004,-0.0071428571419999976,0.09971509971509973,0.16208791208791218,middle,True,False,False
internal_subsleeve_mom12_80_20,v57f_pool_internal_subsleeve,2024-10-08,601818.XSHG,bank,0.03571428571,0.028571428568000004,-0.0071428571419999976,0.016393442622950838,0.09756097560975618,middle,True,False,False
internal_subsleeve_mom12_80_20,v57f_pool_internal_subsleeve,2024-10-08,601326.XSHG,port_rail_infrastructure,0.03571428571,0.04523809523266667,0.009523809522666668,0.053968253968254,0.11963190184049077,momentum_subsleeve,True,False,False
internal_subsleeve_mom12_80_20,v57f_pool_internal_subsleeve,2024-10-08,600035.XSHG,highway_infrastructure,0.03571428571,0.028571428568000004,-0.0071428571419999976,0.08031088082901561,-0.0022988505747125743,middle,True,False,False
internal_subsleeve_mom12_80_20,v57f_pool_internal_subsleeve,2024-10-08,002807.XSHE,bank,0.03571428571,0.028571428568000004,-0.0071428571419999976,-0.023872679045092826,0.1292875989445912,middle,True,False,False
internal_subsleeve_mom12_80_20,v57f_pool_internal_subsleeve,2024-10-08,601816.XSHG,port_rail_infrastructure,0.03571428571,0.04523809523266667,0.009523809522666668,0.06496062992125995,0.10018214936247727,momentum_subsleeve,True,False,False
internal_subsleeve_mom12_80_20,v57f_pool_internal_subsleeve,2024-10-08,600908.XSHG,bank,0.03571428571,0.028571428568000004,-0.0071428571419999976,-0.08122743682310474,0.13518518518518507,middle,True,False,False
internal_subsleeve_mom12_80_20,v57f_pool_internal_subsleeve,2024-10-08,601166.XSHG,bank,0.03571428571,0.028571428568000004,-0.0071428571419999976,0.03215831787260348,0.093643586833144,middle,True,False,False
internal_subsleeve_mom12_80_20,v57f_pool_internal_subsleeve,2024-10-08,601988.XSHG,bank,0.03571428571,0.04523809523266667,0.009523809522666668,0.33062330623306235,0.05485232067510548,momentum_subsleeve,True,False,False
internal_subsleeve_mom12_80_20,v57f_pool_internal_subsleeve,2024-10-08,601018.XSHG,port_rail_infrastructure,0.03571428571,0.04523809523266667,0.009523809522666668,0.02359882005899716,0.10344827586206895,momentum_subsleeve,True,False,False
internal_subsleeve_mom12_80_20,v57f_pool_internal_subsleeve,2024-10-08,601398.XSHG,bank,0.03571428571,0.04523809523266667,0.009523809522666668,0.34632034632034614,0.03691275167785224,momentum_subsleeve,True,False,False
internal_subsleeve_mom12_80_20,v57f_pool_internal_subsleeve,2024-10-08,601880.XSHG,port_rail_infrastructure,0.03571428571,0.028571428568000004,-0.0071428571419999976,-0.22151898734177222,0.17322834645669283,middle,True,False,False
internal_subsleeve_mom12_80_20,v57f_pool_internal_subsleeve,2024-10-08,600350.XSHG,highway_infrastructure,0.03571428571,0.04523809523266667,0.009523809522666668,0.35446685878962536,0.02905027932960902,momentum_subsleeve,True,False,False
internal_subsleeve_mom12_80_20,v57f_pool_internal_subsleeve,2024-10-08,000429.XSHE,highway_infrastructure,0.03571428571,0.04523809523266667,0.009523809522666668,0.4217171717171717,0.031731640979147935,momentum_subsleeve,True,False,False
internal_subsleeve_mom12_80_20,v57f_pool_internal_subsleeve,2024-10-08,000828.XSHE,highway_infrastructure,0.03571428571,0.028571428568000004,-0.0071428571419999976,-0.037694013303769425,0.2139737991266375,middle,True,False,False
internal_subsleeve_mom12_80_20,v57f_pool_internal_subsleeve,2024-10-08,600377.XSHG,highway_infrastructure,0.03571428571,0.04523809523266667,0.009523809522666668,0.41751527494908336,0.07860922146636429,momentum_subsleeve,True,False,False
internal_subsleeve_mom12_70_30,v57f_pool_internal_subsleeve,2024-10-08,600795.XSHG,utilities_electricity,0.03571428571,0.049999999994000004,0.014285714284000002,0.46467391304347805,-0.08985024958402665,momentum_subsleeve,True,False,False
internal_subsleeve_mom12_70_30,v57f_pool_internal_subsleeve,2024-10-08,000027.XSHE,utilities_electricity,0.03571428571,0.024999999997,-0.010714285713000003,-0.1049382716049384,-0.035862068965517246,middle,True,False,False
internal_subsleeve_mom12_70_30,v57f_pool_internal_subsleeve,2024-10-08,600017.XSHG,port_rail_infrastructure,0.03571428571,0.024999999997,-0.010714285713000003,-0.08135593220338988,0.1592592592592592,middle,True,False,False
internal_subsleeve_mom12_70_30,v57f_pool_internal_subsleeve,2024-10-08,000539.XSHE,utilities_electricity,0.03571428571,0.024999999997,-0.010714285713000003,-0.3296529968454258,-0.0019762845849802257,middle,True,False,False
internal_subsleeve_mom12_70_30,v57f_pool_internal_subsleeve,2024-10-08,600717.XSHG,port_rail_infrastructure,0.03571428571,0.024999999997,-0.010714285713000003,0.0,0.14449541284403655,middle,True,False,False
internal_subsleeve_mom12_70_30,v57f_pool_internal_subsleeve,2024-10-08,600681.XSHG,utilities_electricity,0.03571428571,0.024999999997,-0.010714285713000003,-0.2780269058295963,0.11077844311377238,middle,True,False,False
internal_subsleeve_mom12_70_30,v57f_pool_internal_subsleeve,2024-10-08,600021.XSHG,utilities_electricity,0.03571428571,0.049999999994000004,0.014285714284000002,-0.08125677139761645,-0.033966033966033926,momentum_subsleeve,True,False,False
internal_subsleeve_mom12_70_30,v57f_pool_internal_subsleeve,2024-10-08,600803.XSHG,utilities_electricity,0.03571428571,0.049999999994000004,0.014285714284000002,-0.013348164627363879,-0.02556818181818199,momentum_subsleeve,True,False,False
internal_subsleeve_mom12_70_30,v57f_pool_internal_subsleeve,2024-10-08,000601.XSHE,utilities_electricity,0.03571428571,0.024999999997,-0.010714285713000003,-0.1748251748251748,0.11199999999999988,middle,True,False,False
internal_subsleeve_mom12_70_30,v57f_pool_internal_subsleeve,2024-10-08,601077.XSHG,bank,0.03571428571,0.049999999994000004,0.014285714284000002,0.3094629156010229,0.06457925636007822,momentum_subsleeve,True,False,False
internal_subsleeve_mom12_70_30,v57f_pool_internal_subsleeve,2024-10-08,000905.XSHE,port_rail_infrastructure,0.03571428571,0.024999999997,-0.010714285713000003,-0.3046776232616941,0.13732394366197198,middle,True,False,False
internal_subsleeve_mom12_70_30,v57f_pool_internal_subsleeve,2024-10-08,600033.XSHG,highway_infrastructure,0.03571428571,0.024999999997,-0.010714285713000003,0.030120481927710774,0.0714285714285714,middle,True,False,False
internal_subsleeve_mom12_70_30,v57f_pool_internal_subsleeve,2024-10-08,600020.XSHG,highway_infrastructure,0.03571428571,0.024999999997,-0.010714285713000003,0.09971509971509973,0.16208791208791218,middle,True,False,False
internal_subsleeve_mom12_70_30,v57f_pool_internal_subsleeve,2024-10-08,601818.XSHG,bank,0.03571428571,0.024999999997,-0.010714285713000003,0.016393442622950838,0.09756097560975618,middle,True,False,False
internal_subsleeve_mom12_70_30,v57f_pool_internal_subsleeve,2024-10-08,601326.XSHG,port_rail_infrastructure,0.03571428571,0.049999999994000004,0.014285714284000002,0.053968253968254,0.11963190184049077,momentum_subsleeve,True,False,False
internal_subsleeve_mom12_70_30,v57f_pool_internal_subsleeve,2024-10-08,600035.XSHG,highway_infrastructure,0.03571428571,0.024999999997,-0.010714285713000003,0.08031088082901561,-0.0022988505747125743,middle,True,False,False
internal_subsleeve_mom12_70_30,v57f_pool_internal_subsleeve,2024-10-08,002807.XSHE,bank,0.03571428571,0.024999999997,-0.010714285713000003,-0.023872679045092826,0.1292875989445912,middle,True,False,False
internal_subsleeve_mom12_70_30,v57f_pool_internal_subsleeve,2024-10-08,601816.XSHG,port_rail_infrastructure,0.03571428571,0.049999999994000004,0.014285714284000002,0.06496062992125995,0.10018214936247727,momentum_subsleeve,True,False,False
internal_subsleeve_mom12_70_30,v57f_pool_internal_subsleeve,2024-10-08,600908.XSHG,bank,0.03571428571,0.024999999997,-0.010714285713000003,-0.08122743682310474,0.13518518518518507,middle,True,False,False
internal_subsleeve_mom12_70_30,v57f_pool_internal_subsleeve,2024-10-08,601166.XSHG,bank,0.03571428571,0.024999999997,-0.010714285713000003,0.03215831787260348,0.093643586833144,middle,True,False,False
internal_subsleeve_mom12_70_30,v57f_pool_internal_subsleeve,2024-10-08,601988.XSHG,bank,0.03571428571,0.049999999994000004,0.014285714284000002,0.33062330623306235,0.05485232067510548,momentum_subsleeve,True,False,False
internal_subsleeve_mom12_70_30,v57f_pool_internal_subsleeve,2024-10-08,601018.XSHG,port_rail_infrastructure,0.03571428571,0.049999999994000004,0.014285714284000002,0.02359882005899716,0.10344827586206895,momentum_subsleeve,True,False,False
internal_subsleeve_mom12_70_30,v57f_pool_internal_subsleeve,2024-10-08,601398.XSHG,bank,0.03571428571,0.049999999994000004,0.014285714284000002,0.34632034632034614,0.03691275167785224,momentum_subsleeve,True,False,False
internal_subsleeve_mom12_70_30,v57f_pool_internal_subsleeve,2024-10-08,601880.XSHG,port_rail_infrastructure,0.03571428571,0.024999999997,-0.010714285713000003,-0.22151898734177222,0.17322834645669283,middle,True,False,False
internal_subsleeve_mom12_70_30,v57f_pool_internal_subsleeve,2024-10-08,600350.XSHG,highway_infrastructure,0.03571428571,0.049999999994000004,0.014285714284000002,0.35446685878962536,0.02905027932960902,momentum_subsleeve,True,False,False
internal_subsleeve_mom12_70_30,v57f_pool_internal_subsleeve,2024-10-08,000429.XSHE,highway_infrastructure,0.03571428571,0.049999999994000004,0.014285714284000002,0.4217171717171717,0.031731640979147935,momentum_subsleeve,True,False,False
internal_subsleeve_mom12_70_30,v57f_pool_internal_subsleeve,2024-10-08,000828.XSHE,highway_infrastructure,0.03571428571,0.024999999997,-0.010714285713000003,-0.037694013303769425,0.2139737991266375,middle,True,False,False
internal_subsleeve_mom12_70_30,v57f_pool_internal_subsleeve,2024-10-08,600377.XSHG,highway_infrastructure,0.03571428571,0.049999999994000004,0.014285714284000002,0.41751527494908336,0.07860922146636429,momentum_subsleeve,True,False,False
dual_sleeve_mom12_80_20,dual_sleeve_allocation,2024-10-08,600795.XSHG,utilities_electricity,0.03571428571,0.04857142856800001,0.012857142858000006,0.46467391304347805,-0.08985024958402665,momentum_sleeve,False,False,False
dual_sleeve_mom12_80_20,dual_sleeve_allocation,2024-10-08,000027.XSHE,utilities_electricity,0.03571428571,0.028571428568000004,-0.0071428571419999976,-0.1049382716049384,-0.035862068965517246,value_sleeve_only,False,False,False
dual_sleeve_mom12_80_20,dual_sleeve_allocation,2024-10-08,600017.XSHG,port_rail_infrastructure,0.03571428571,0.028571428568000004,-0.0071428571419999976,-0.08135593220338988,0.1592592592592592,value_sleeve_only,False,False,False
dual_sleeve_mom12_80_20,dual_sleeve_allocation,2024-10-08,000539.XSHE,utilities_electricity,0.03571428571,0.028571428568000004,-0.0071428571419999976,-0.3296529968454258,-0.0019762845849802257,value_sleeve_only,False,False,False
dual_sleeve_mom12_80_20,dual_sleeve_allocation,2024-10-08,600717.XSHG,port_rail_infrastructure,0.03571428571,0.028571428568000004,-0.0071428571419999976,0.0,0.14449541284403655,value_sleeve_only,False,False,False
dual_sleeve_mom12_80_20,dual_sleeve_allocation,2024-10-08,600681.XSHG,utilities_electricity,0.03571428571,0.028571428568000004,-0.0071428571419999976,-0.2780269058295963,0.11077844311377238,value_sleeve_only,False,False,False
dual_sleeve_mom12_80_20,dual_sleeve_allocation,2024-10-08,600021.XSHG,utilities_electricity,0.03571428571,0.028571428568000004,-0.0071428571419999976,-0.08125677139761645,-0.033966033966033926,value_sleeve_only,False,False,False
dual_sleeve_mom12_80_20,dual_sleeve_allocation,2024-10-08,600803.XSHG,utilities_electricity,0.03571428571,0.028571428568000004,-0.0071428571419999976,-0.013348164627363879,-0.02556818181818199,value_sleeve_only,False,False,False
dual_sleeve_mom12_80_20,dual_sleeve_allocation,2024-10-08,000601.XSHE,utilities_electricity,0.03571428571,0.028571428568000004,-0.0071428571419999976,-0.1748251748251748,0.11199999999999988,value_sleeve_only,False,False,False
dual_sleeve_mom12_80_20,dual_sleeve_allocation,2024-10-08,601077.XSHG,bank,0.03571428571,0.04857142856800001,0.012857142858000006,0.3094629156010229,0.06457925636007822,momentum_sleeve,False,False,False
dual_sleeve_mom12_80_20,dual_sleeve_allocation,2024-10-08,000905.XSHE,port_rail_infrastructure,0.03571428571,0.028571428568000004,-0.0071428571419999976,-0.3046776232616941,0.13732394366197198,value_sleeve_only,False,False,False
dual_sleeve_mom12_80_20,dual_sleeve_allocation,2024-10-08,600033.XSHG,highway_infrastructure,0.03571428571,0.028571428568000004,-0.0071428571419999976,0.030120481927710774,0.0714285714285714,value_sleeve_only,False,False,False
dual_sleeve_mom12_80_20,dual_sleeve_allocation,2024-10-08,600020.XSHG,highway_infrastructure,0.03571428571,0.04857142856800001,0.012857142858000006,0.09971509971509973,0.16208791208791218,momentum_sleeve,False,False,False
dual_sleeve_mom12_80_20,dual_sleeve_allocation,2024-10-08,601818.XSHG,bank,0.03571428571,0.028571428568000004,-0.0071428571419999976,0.016393442622950838,0.09756097560975618,value_sleeve_only,False,False,False
dual_sleeve_mom12_80_20,dual_sleeve_allocation,2024-10-08,601326.XSHG,port_rail_infrastructure,0.03571428571,0.028571428568000004,-0.0071428571419999976,0.053968253968254,0.11963190184049077,value_sleeve_only,False,False,False
dual_sleeve_mom12_80_20,dual_sleeve_allocation,2024-10-08,600035.XSHG,highway_infrastructure,0.03571428571,0.04857142856800001,0.012857142858000006,0.08031088082901561,-0.0022988505747125743,momentum_sleeve,False,False,False
dual_sleeve_mom12_80_20,dual_sleeve_allocation,2024-10-08,002807.XSHE,bank,0.03571428571,0.028571428568000004,-0.0071428571419999976,-0.023872679045092826,0.1292875989445912,value_sleeve_only,False,False,False
dual_sleeve_mom12_80_20,dual_sleeve_allocation,2024-10-08,601816.XSHG,port_rail_infrastructure,0.03571428571,0.04857142856800001,0.012857142858000006,0.06496062992125995,0.10018214936247727,momentum_sleeve,False,False,False
dual_sleeve_mom12_80_20,dual_sleeve_allocation,2024-10-08,600908.XSHG,bank,0.03571428571,0.028571428568000004,-0.0071428571419999976,-0.08122743682310474,0.13518518518518507,value_sleeve_only,False,False,False
dual_sleeve_mom12_80_20,dual_sleeve_allocation,2024-10-08,601166.XSHG,bank,0.03571428571,0.028571428568000004,-0.0071428571419999976,0.03215831787260348,0.093643586833144,value_sleeve_only,False,False,False
dual_sleeve_mom12_80_20,dual_sleeve_allocation,2024-10-08,601988.XSHG,bank,0.03571428571,0.04857142856800001,0.012857142858000006,0.33062330623306235,0.05485232067510548,momentum_sleeve,False,False,False
dual_sleeve_mom12_80_20,dual_sleeve_allocation,2024-10-08,601018.XSHG,port_rail_infrastructure,0.03571428571,0.028571428568000004,-0.0071428571419999976,0.02359882005899716,0.10344827586206895,value_sleeve_only,False,False,False
dual_sleeve_mom12_80_20,dual_sleeve_allocation,2024-10-08,601398.XSHG,bank,0.03571428571,0.04857142856800001,0.012857142858000006,0.34632034632034614,0.03691275167785224,momentum_sleeve,False,False,False
dual_sleeve_mom12_80_20,dual_sleeve_allocation,2024-10-08,601880.XSHG,port_rail_infrastructure,0.03571428571,0.028571428568000004,-0.0071428571419999976,-0.22151898734177222,0.17322834645669283,value_sleeve_only,False,False,False
dual_sleeve_mom12_80_20,dual_sleeve_allocation,2024-10-08,600350.XSHG,highway_infrastructure,0.03571428571,0.04857142856800001,0.012857142858000006,0.35446685878962536,0.02905027932960902,momentum_sleeve,False,False,False
dual_sleeve_mom12_80_20,dual_sleeve_allocation,2024-10-08,000429.XSHE,highway_infrastructure,0.03571428571,0.04857142856800001,0.012857142858000006,0.4217171717171717,0.031731640979147935,momentum_sleeve,False,False,False
dual_sleeve_mom12_80_20,dual_sleeve_allocation,2024-10-08,000828.XSHE,highway_infrastructure,0.03571428571,0.028571428568000004,-0.0071428571419999976,-0.037694013303769425,0.2139737991266375,value_sleeve_only,False,False,False
dual_sleeve_mom12_80_20,dual_sleeve_allocation,2024-10-08,600377.XSHG,highway_infrastructure,0.03571428571,0.04857142856800001,0.012857142858000006,0.41751527494908336,0.07860922146636429,momentum_sleeve,False,False,False
dual_sleeve_mom12_60_40,dual_sleeve_allocation,2024-10-08,600795.XSHG,utilities_electricity,0.03571428571,0.061428571426,0.025714285716,0.46467391304347805,-0.08985024958402665,momentum_sleeve,False,False,False
dual_sleeve_mom12_60_40,dual_sleeve_allocation,2024-10-08,000027.XSHE,utilities_electricity,0.03571428571,0.021428571426,-0.014285714284000002,-0.1049382716049384,-0.035862068965517246,value_sleeve_only,False,False,False
dual_sleeve_mom12_60_40,dual_sleeve_allocation,2024-10-08,600017.XSHG,port_rail_infrastructure,0.03571428571,0.021428571426,-0.014285714284000002,-0.08135593220338988,0.1592592592592592,value_sleeve_only,False,False,False
dual_sleeve_mom12_60_40,dual_sleeve_allocation,2024-10-08,000539.XSHE,utilities_electricity,0.03571428571,0.021428571426,-0.014285714284000002,-0.3296529968454258,-0.0019762845849802257,value_sleeve_only,False,False,False
dual_sleeve_mom12_60_40,dual_sleeve_allocation,2024-10-08,600717.XSHG,port_rail_infrastructure,0.03571428571,0.021428571426,-0.014285714284000002,0.0,0.14449541284403655,value_sleeve_only,False,False,False
dual_sleeve_mom12_60_40,dual_sleeve_allocation,2024-10-08,600681.XSHG,utilities_electricity,0.03571428571,0.021428571426,-0.014285714284000002,-0.2780269058295963,0.11077844311377238,value_sleeve_only,False,False,False
dual_sleeve_mom12_60_40,dual_sleeve_allocation,2024-10-08,600021.XSHG,utilities_electricity,0.03571428571,0.021428571426,-0.014285714284000002,-0.08125677139761645,-0.033966033966033926,value_sleeve_only,False,False,False
dual_sleeve_mom12_60_40,dual_sleeve_allocation,2024-10-08,600803.XSHG,utilities_electricity,0.03571428571,0.021428571426,-0.014285714284000002,-0.013348164627363879,-0.02556818181818199,value_sleeve_only,False,False,False
dual_sleeve_mom12_60_40,dual_sleeve_allocation,2024-10-08,000601.XSHE,utilities_electricity,0.03571428571,0.021428571426,-0.014285714284000002,-0.1748251748251748,0.11199999999999988,value_sleeve_only,False,False,False
dual_sleeve_mom12_60_40,dual_sleeve_allocation,2024-10-08,601077.XSHG,bank,0.03571428571,0.061428571426,0.025714285716,0.3094629156010229,0.06457925636007822,momentum_sleeve,False,False,False
dual_sleeve_mom12_60_40,dual_sleeve_allocation,2024-10-08,000905.XSHE,port_rail_infrastructure,0.03571428571,0.021428571426,-0.014285714284000002,-0.3046776232616941,0.13732394366197198,value_sleeve_only,False,False,False
dual_sleeve_mom12_60_40,dual_sleeve_allocation,2024-10-08,600033.XSHG,highway_infrastructure,0.03571428571,0.021428571426,-0.014285714284000002,0.030120481927710774,0.0714285714285714,value_sleeve_only,False,False,False
dual_sleeve_mom12_60_40,dual_sleeve_allocation,2024-10-08,600020.XSHG,highway_infrastructure,0.03571428571,0.061428571426,0.025714285716,0.09971509971509973,0.16208791208791218,momentum_sleeve,False,False,False
dual_sleeve_mom12_60_40,dual_sleeve_allocation,2024-10-08,601818.XSHG,bank,0.03571428571,0.021428571426,-0.014285714284000002,0.016393442622950838,0.09756097560975618,value_sleeve_only,False,False,False
dual_sleeve_mom12_60_40,dual_sleeve_allocation,2024-10-08,601326.XSHG,port_rail_infrastructure,0.03571428571,0.021428571426,-0.014285714284000002,0.053968253968254,0.11963190184049077,value_sleeve_only,False,False,False
dual_sleeve_mom12_60_40,dual_sleeve_allocation,2024-10-08,600035.XSHG,highway_infrastructure,0.03571428571,0.061428571426,0.025714285716,0.08031088082901561,-0.0022988505747125743,momentum_sleeve,False,False,False
dual_sleeve_mom12_60_40,dual_sleeve_allocation,2024-10-08,002807.XSHE,bank,0.03571428571,0.021428571426,-0.014285714284000002,-0.023872679045092826,0.1292875989445912,value_sleeve_only,False,False,False
dual_sleeve_mom12_60_40,dual_sleeve_allocation,2024-10-08,601816.XSHG,port_rail_infrastructure,0.03571428571,0.061428571426,0.025714285716,0.06496062992125995,0.10018214936247727,momentum_sleeve,False,False,False
dual_sleeve_mom12_60_40,dual_sleeve_allocation,2024-10-08,600908.XSHG,bank,0.03571428571,0.021428571426,-0.014285714284000002,-0.08122743682310474,0.13518518518518507,value_sleeve_only,False,False,False
dual_sleeve_mom12_60_40,dual_sleeve_allocation,2024-10-08,601166.XSHG,bank,0.03571428571,0.021428571426,-0.014285714284000002,0.03215831787260348,0.093643586833144,value_sleeve_only,False,False,False
dual_sleeve_mom12_60_40,dual_sleeve_allocation,2024-10-08,601988.XSHG,bank,0.03571428571,0.061428571426,0.025714285716,0.33062330623306235,0.05485232067510548,momentum_sleeve,False,False,False
dual_sleeve_mom12_60_40,dual_sleeve_allocation,2024-10-08,601018.XSHG,port_rail_infrastructure,0.03571428571,0.021428571426,-0.014285714284000002,0.02359882005899716,0.10344827586206895,value_sleeve_only,False,False,False
dual_sleeve_mom12_60_40,dual_sleeve_allocation,2024-10-08,601398.XSHG,bank,0.03571428571,0.061428571426,0.025714285716,0.34632034632034614,0.03691275167785224,momentum_sleeve,False,False,False
dual_sleeve_mom12_60_40,dual_sleeve_allocation,2024-10-08,601880.XSHG,port_rail_infrastructure,0.03571428571,0.021428571426,-0.014285714284000002,-0.22151898734177222,0.17322834645669283,value_sleeve_only,False,False,False
dual_sleeve_mom12_60_40,dual_sleeve_allocation,2024-10-08,600350.XSHG,highway_infrastructure,0.03571428571,0.061428571426,0.025714285716,0.35446685878962536,0.02905027932960902,momentum_sleeve,False,False,False
dual_sleeve_mom12_60_40,dual_sleeve_allocation,2024-10-08,000429.XSHE,highway_infrastructure,0.03571428571,0.061428571426,0.025714285716,0.4217171717171717,0.031731640979147935,momentum_sleeve,False,False,False
dual_sleeve_mom12_60_40,dual_sleeve_allocation,2024-10-08,000828.XSHE,highway_infrastructure,0.03571428571,0.021428571426,-0.014285714284000002,-0.037694013303769425,0.2139737991266375,value_sleeve_only,False,False,False
dual_sleeve_mom12_60_40,dual_sleeve_allocation,2024-10-08,600377.XSHG,highway_infrastructure,0.03571428571,0.061428571426,0.025714285716,0.41751527494908336,0.07860922146636429,momentum_sleeve,False,False,False
state_routed_mom12_70_30_or_100_0,state_routed_budget,2024-10-08,600795.XSHG,utilities_electricity,0.03571428571,0.054999999997,0.019285714286999996,0.46467391304347805,-0.08985024958402665,momentum_sleeve,False,False,False
state_routed_mom12_70_30_or_100_0,state_routed_budget,2024-10-08,000027.XSHE,utilities_electricity,0.03571428571,0.024999999997,-0.010714285713000003,-0.1049382716049384,-0.035862068965517246,value_sleeve_only,False,False,False
state_routed_mom12_70_30_or_100_0,state_routed_budget,2024-10-08,600017.XSHG,port_rail_infrastructure,0.03571428571,0.024999999997,-0.010714285713000003,-0.08135593220338988,0.1592592592592592,value_sleeve_only,False,False,False
state_routed_mom12_70_30_or_100_0,state_routed_budget,2024-10-08,000539.XSHE,utilities_electricity,0.03571428571,0.024999999997,-0.010714285713000003,-0.3296529968454258,-0.0019762845849802257,value_sleeve_only,False,False,False
state_routed_mom12_70_30_or_100_0,state_routed_budget,2024-10-08,600717.XSHG,port_rail_infrastructure,0.03571428571,0.024999999997,-0.010714285713000003,0.0,0.14449541284403655,value_sleeve_only,False,False,False
state_routed_mom12_70_30_or_100_0,state_routed_budget,2024-10-08,600681.XSHG,utilities_electricity,0.03571428571,0.024999999997,-0.010714285713000003,-0.2780269058295963,0.11077844311377238,value_sleeve_only,False,False,False
state_routed_mom12_70_30_or_100_0,state_routed_budget,2024-10-08,600021.XSHG,utilities_electricity,0.03571428571,0.024999999997,-0.010714285713000003,-0.08125677139761645,-0.033966033966033926,value_sleeve_only,False,False,False
state_routed_mom12_70_30_or_100_0,state_routed_budget,2024-10-08,600803.XSHG,utilities_electricity,0.03571428571,0.024999999997,-0.010714285713000003,-0.013348164627363879,-0.02556818181818199,value_sleeve_only,False,False,False
state_routed_mom12_70_30_or_100_0,state_routed_budget,2024-10-08,000601.XSHE,utilities_electricity,0.03571428571,0.024999999997,-0.010714285713000003,-0.1748251748251748,0.11199999999999988,value_sleeve_only,False,False,False
state_routed_mom12_70_30_or_100_0,state_routed_budget,2024-10-08,601077.XSHG,bank,0.03571428571,0.054999999997,0.019285714286999996,0.3094629156010229,0.06457925636007822,momentum_sleeve,False,False,False
state_routed_mom12_70_30_or_100_0,state_routed_budget,2024-10-08,000905.XSHE,port_rail_infrastructure,0.03571428571,0.024999999997,-0.010714285713000003,-0.3046776232616941,0.13732394366197198,value_sleeve_only,False,False,False
state_routed_mom12_70_30_or_100_0,state_routed_budget,2024-10-08,600033.XSHG,highway_infrastructure,0.03571428571,0.024999999997,-0.010714285713000003,0.030120481927710774,0.0714285714285714,value_sleeve_only,False,False,False
state_routed_mom12_70_30_or_100_0,state_routed_budget,2024-10-08,600020.XSHG,highway_infrastructure,0.03571428571,0.054999999997,0.019285714286999996,0.09971509971509973,0.16208791208791218,momentum_sleeve,False,False,False
state_routed_mom12_70_30_or_100_0,state_routed_budget,2024-10-08,601818.XSHG,bank,0.03571428571,0.024999999997,-0.010714285713000003,0.016393442622950838,0.09756097560975618,value_sleeve_only,False,False,False
state_routed_mom12_70_30_or_100_0,state_routed_budget,2024-10-08,601326.XSHG,port_rail_infrastructure,0.03571428571,0.024999999997,-0.010714285713000003,0.053968253968254,0.11963190184049077,value_sleeve_only,False,False,False
state_routed_mom12_70_30_or_100_0,state_routed_budget,2024-10-08,600035.XSHG,highway_infrastructure,0.03571428571,0.054999999997,0.019285714286999996,0.08031088082901561,-0.0022988505747125743,momentum_sleeve,False,False,False
state_routed_mom12_70_30_or_100_0,state_routed_budget,2024-10-08,002807.XSHE,bank,0.03571428571,0.024999999997,-0.010714285713000003,-0.023872679045092826,0.1292875989445912,value_sleeve_only,False,False,False
state_routed_mom12_70_30_or_100_0,state_routed_budget,2024-10-08,601816.XSHG,port_rail_infrastructure,0.03571428571,0.054999999997,0.019285714286999996,0.06496062992125995,0.10018214936247727,momentum_sleeve,False,False,False
state_routed_mom12_70_30_or_100_0,state_routed_budget,2024-10-08,600908.XSHG,bank,0.03571428571,0.024999999997,-0.010714285713000003,-0.08122743682310474,0.13518518518518507,value_sleeve_only,False,False,False
state_routed_mom12_70_30_or_100_0,state_routed_budget,2024-10-08,601166.XSHG,bank,0.03571428571,0.024999999997,-0.010714285713000003,0.03215831787260348,0.093643586833144,value_sleeve_only,False,False,False
state_routed_mom12_70_30_or_100_0,state_routed_budget,2024-10-08,601988.XSHG,bank,0.03571428571,0.054999999997,0.019285714286999996,0.33062330623306235,0.05485232067510548,momentum_sleeve,False,False,False
state_routed_mom12_70_30_or_100_0,state_routed_budget,2024-10-08,601018.XSHG,port_rail_infrastructure,0.03571428571,0.024999999997,-0.010714285713000003,0.02359882005899716,0.10344827586206895,value_sleeve_only,False,False,False
state_routed_mom12_70_30_or_100_0,state_routed_budget,2024-10-08,601398.XSHG,bank,0.03571428571,0.054999999997,0.019285714286999996,0.34632034632034614,0.03691275167785224,momentum_sleeve,False,False,False
state_routed_mom12_70_30_or_100_0,state_routed_budget,2024-10-08,601880.XSHG,port_rail_infrastructure,0.03571428571,0.024999999997,-0.010714285713000003,-0.22151898734177222,0.17322834645669283,value_sleeve_only,False,False,False
state_routed_mom12_70_30_or_100_0,state_routed_budget,2024-10-08,600350.XSHG,highway_infrastructure,0.03571428571,0.054999999997,0.019285714286999996,0.35446685878962536,0.02905027932960902,momentum_sleeve,False,False,False
state_routed_mom12_70_30_or_100_0,state_routed_budget,2024-10-08,000429.XSHE,highway_infrastructure,0.03571428571,0.054999999997,0.019285714286999996,0.4217171717171717,0.031731640979147935,momentum_sleeve,False,False,False
state_routed_mom12_70_30_or_100_0,state_routed_budget,2024-10-08,000828.XSHE,highway_infrastructure,0.03571428571,0.024999999997,-0.010714285713000003,-0.037694013303769425,0.2139737991266375,value_sleeve_only,False,False,False
state_routed_mom12_70_30_or_100_0,state_routed_budget,2024-10-08,600377.XSHG,highway_infrastructure,0.03571428571,0.054999999997,0.019285714286999996,0.41751527494908336,0.07860922146636429,momentum_sleeve,False,False,False
admission_suppression_mom12_bottom_cap75,admission_suppression,2024-10-08,600795.XSHG,utilities_electricity,0.03571428571,0.039285714281,0.0035714285709999988,0.46467391304347805,-0.08985024958402665,middle_or_top,True,False,False
admission_suppression_mom12_bottom_cap75,admission_suppression,2024-10-08,000027.XSHE,utilities_electricity,0.03571428571,0.039285714281,0.0035714285709999988,-0.1049382716049384,-0.035862068965517246,middle_or_top,True,False,False
admission_suppression_mom12_bottom_cap75,admission_suppression,2024-10-08,600017.XSHG,port_rail_infrastructure,0.03571428571,0.039285714281,0.0035714285709999988,-0.08135593220338988,0.1592592592592592,middle_or_top,True,False,False
admission_suppression_mom12_bottom_cap75,admission_suppression,2024-10-08,000539.XSHE,utilities_electricity,0.03571428571,0.0267857142825,-0.0089285714275,-0.3296529968454258,-0.0019762845849802257,suppressed_bottom_momentum,True,False,False
admission_suppression_mom12_bottom_cap75,admission_suppression,2024-10-08,600717.XSHG,port_rail_infrastructure,0.03571428571,0.039285714281,0.0035714285709999988,0.0,0.14449541284403655,middle_or_top,True,False,False
admission_suppression_mom12_bottom_cap75,admission_suppression,2024-10-08,600681.XSHG,utilities_electricity,0.03571428571,0.0267857142825,-0.0089285714275,-0.2780269058295963,0.11077844311377238,suppressed_bottom_momentum,True,False,False
admission_suppression_mom12_bottom_cap75,admission_suppression,2024-10-08,600021.XSHG,utilities_electricity,0.03571428571,0.039285714281,0.0035714285709999988,-0.08125677139761645,-0.033966033966033926,middle_or_top,True,False,False
admission_suppression_mom12_bottom_cap75,admission_suppression,2024-10-08,600803.XSHG,utilities_electricity,0.03571428571,0.039285714281,0.0035714285709999988,-0.013348164627363879,-0.02556818181818199,middle_or_top,True,False,False
admission_suppression_mom12_bottom_cap75,admission_suppression,2024-10-08,000601.XSHE,utilities_electricity,0.03571428571,0.039285714281,0.0035714285709999988,-0.1748251748251748,0.11199999999999988,middle_or_top,True,False,False
admission_suppression_mom12_bottom_cap75,admission_suppression,2024-10-08,601077.XSHG,bank,0.03571428571,0.039285714281,0.0035714285709999988,0.3094629156010229,0.06457925636007822,middle_or_top,True,False,False
admission_suppression_mom12_bottom_cap75,admission_suppression,2024-10-08,000905.XSHE,port_rail_infrastructure,0.03571428571,0.0267857142825,-0.0089285714275,-0.3046776232616941,0.13732394366197198,suppressed_bottom_momentum,True,False,False
admission_suppression_mom12_bottom_cap75,admission_suppression,2024-10-08,600033.XSHG,highway_infrastructure,0.03571428571,0.0267857142825,-0.0089285714275,0.030120481927710774,0.0714285714285714,suppressed_bottom_momentum,True,False,False
admission_suppression_mom12_bottom_cap75,admission_suppression,2024-10-08,600020.XSHG,highway_infrastructure,0.03571428571,0.039285714281,0.0035714285709999988,0.09971509971509973,0.16208791208791218,middle_or_top,True,False,False
admission_suppression_mom12_bottom_cap75,admission_suppression,2024-10-08,601818.XSHG,bank,0.03571428571,0.039285714281,0.0035714285709999988,0.016393442622950838,0.09756097560975618,middle_or_top,True,False,False
admission_suppression_mom12_bottom_cap75,admission_suppression,2024-10-08,601326.XSHG,port_rail_infrastructure,0.03571428571,0.039285714281,0.0035714285709999988,0.053968253968254,0.11963190184049077,middle_or_top,True,False,False
admission_suppression_mom12_bottom_cap75,admission_suppression,2024-10-08,600035.XSHG,highway_infrastructure,0.03571428571,0.039285714281,0.0035714285709999988,0.08031088082901561,-0.0022988505747125743,middle_or_top,True,False,False
admission_suppression_mom12_bottom_cap75,admission_suppression,2024-10-08,002807.XSHE,bank,0.03571428571,0.0267857142825,-0.0089285714275,-0.023872679045092826,0.1292875989445912,suppressed_bottom_momentum,True,False,False
admission_suppression_mom12_bottom_cap75,admission_suppression,2024-10-08,601816.XSHG,port_rail_infrastructure,0.03571428571,0.039285714281,0.0035714285709999988,0.06496062992125995,0.10018214936247727,middle_or_top,True,False,False
admission_suppression_mom12_bottom_cap75,admission_suppression,2024-10-08,600908.XSHG,bank,0.03571428571,0.0267857142825,-0.0089285714275,-0.08122743682310474,0.13518518518518507,suppressed_bottom_momentum,True,False,False
admission_suppression_mom12_bottom_cap75,admission_suppression,2024-10-08,601166.XSHG,bank,0.03571428571,0.039285714281,0.0035714285709999988,0.03215831787260348,0.093643586833144,middle_or_top,True,False,False
admission_suppression_mom12_bottom_cap75,admission_suppression,2024-10-08,601988.XSHG,bank,0.03571428571,0.039285714281,0.0035714285709999988,0.33062330623306235,0.05485232067510548,middle_or_top,True,False,False
admission_suppression_mom12_bottom_cap75,admission_suppression,2024-10-08,601018.XSHG,port_rail_infrastructure,0.03571428571,0.039285714281,0.0035714285709999988,0.02359882005899716,0.10344827586206895,middle_or_top,True,False,False
admission_suppression_mom12_bottom_cap75,admission_suppression,2024-10-08,601398.XSHG,bank,0.03571428571,0.039285714281,0.0035714285709999988,0.34632034632034614,0.03691275167785224,middle_or_top,True,False,False
admission_suppression_mom12_bottom_cap75,admission_suppression,2024-10-08,601880.XSHG,port_rail_infrastructure,0.03571428571,0.0267857142825,-0.0089285714275,-0.22151898734177222,0.17322834645669283,suppressed_bottom_momentum,True,False,False
admission_suppression_mom12_bottom_cap75,admission_suppression,2024-10-08,600350.XSHG,highway_infrastructure,0.03571428571,0.039285714281,0.0035714285709999988,0.35446685878962536,0.02905027932960902,middle_or_top,True,False,False
admission_suppression_mom12_bottom_cap75,admission_suppression,2024-10-08,000429.XSHE,highway_infrastructure,0.03571428571,0.039285714281,0.0035714285709999988,0.4217171717171717,0.031731640979147935,middle_or_top,True,False,False
admission_suppression_mom12_bottom_cap75,admission_suppression,2024-10-08,000828.XSHE,highway_infrastructure,0.03571428571,0.0267857142825,-0.0089285714275,-0.037694013303769425,0.2139737991266375,suppressed_bottom_momentum,True,False,False
admission_suppression_mom12_bottom_cap75,admission_suppression,2024-10-08,600377.XSHG,highway_infrastructure,0.03571428571,0.039285714281,0.0035714285709999988,0.41751527494908336,0.07860922146636429,middle_or_top,True,False,False
v57f_startup_preload_repaired_baseline,baseline,2025-01-02,000539.XSHE,utilities_electricity,0.03571428571,0.03571428571,0.0,-0.06286836935166995,-0.11695906432748526,baseline,True,False,False
v57f_startup_preload_repaired_baseline,baseline,2025-01-02,600969.XSHG,utilities_electricity,0.03571428571,0.03571428571,0.0,0.1020710059171599,-0.02427921092564489,baseline,True,False,False
v57f_startup_preload_repaired_baseline,baseline,2025-01-02,000900.XSHE,highway_infrastructure,0.03571428571,0.03571428571,0.0,0.14676616915422902,0.002272727272727204,baseline,True,False,False
v57f_startup_preload_repaired_baseline,baseline,2025-01-02,600795.XSHG,utilities_electricity,0.03571428571,0.03571428571,0.0,0.13012048192771086,-0.1518518518518519,baseline,True,False,False
v57f_startup_preload_repaired_baseline,baseline,2025-01-02,601991.XSHG,utilities_electricity,0.03571428571,0.03571428571,0.0,0.16194331983805665,-0.0531561461794019,baseline,True,False,False
v57f_startup_preload_repaired_baseline,baseline,2025-01-02,600744.XSHG,utilities_electricity,0.03571428571,0.03571428571,0.0,0.03529411764705892,-0.11647727272727282,baseline,True,False,False
v57f_startup_preload_repaired_baseline,baseline,2025-01-02,600098.XSHG,utilities_electricity,0.03571428571,0.03571428571,0.0,0.21857923497267762,-0.06413994169096215,baseline,True,False,False
v57f_startup_preload_repaired_baseline,baseline,2025-01-02,002039.XSHE,utilities_electricity,0.03571428571,0.03571428571,0.0,0.1051502145922747,-0.06034482758620685,baseline,True,False,False
v57f_startup_preload_repaired_baseline,baseline,2025-01-02,000905.XSHE,port_rail_infrastructure,0.03571428571,0.03571428571,0.0,-0.047945205479452024,0.06865671641791038,baseline,True,False,False
v57f_startup_preload_repaired_baseline,baseline,2025-01-02,600017.XSHG,port_rail_infrastructure,0.03571428571,0.03571428571,0.0,0.17253521126760574,0.0,baseline,True,False,False
v57f_startup_preload_repaired_baseline,baseline,2025-01-02,600717.XSHG,port_rail_infrastructure,0.03571428571,0.03571428571,0.0,0.1905882352941175,-0.052529182879377356,baseline,True,False,False
v57f_startup_preload_repaired_baseline,baseline,2025-01-02,600908.XSHG,bank,0.03571428571,0.03571428571,0.0,0.20816326530612228,-0.05891719745222934,baseline,True,False,False
v57f_startup_preload_repaired_baseline,baseline,2025-01-02,601228.XSHG,port_rail_infrastructure,0.03571428571,0.03571428571,0.0,0.09202453987730075,-0.0712328767123287,baseline,True,False,False
v57f_startup_preload_repaired_baseline,baseline,2025-01-02,002807.XSHE,bank,0.03571428571,0.03571428571,0.0,0.19047619047619047,-0.018058690744921058,baseline,True,False,False
v57f_startup_preload_repaired_baseline,baseline,2025-01-02,002966.XSHE,bank,0.03571428571,0.03571428571,0.0,0.23981191222570541,-0.008557457212713948,baseline,True,False,False
v57f_startup_preload_repaired_baseline,baseline,2025-01-02,600020.XSHG,highway_infrastructure,0.03571428571,0.03571428571,0.0,0.1114058355437666,-0.02088167053364265,baseline,True,False,False
v57f_startup_preload_repaired_baseline,baseline,2025-01-02,601825.XSHG,bank,0.03571428571,0.03571428571,0.0,0.4123893805309735,0.11679790026246706,baseline,True,False,False
v57f_startup_preload_repaired_baseline,baseline,2025-01-02,601326.XSHG,port_rail_infrastructure,0.03571428571,0.03571428571,0.0,0.18983050847457617,-0.10904255319148926,baseline,True,False,False
v57f_startup_preload_repaired_baseline,baseline,2025-01-02,601818.XSHG,bank,0.03571428571,0.03571428571,0.0,0.2902097902097902,0.0602739726027397,baseline,True,False,False
v57f_startup_preload_repaired_baseline,baseline,2025-01-02,601528.XSHG,bank,0.03571428571,0.03571428571,0.0,0.1305220883534135,0.0,baseline,True,False,False
v57f_startup_preload_repaired_baseline,baseline,2025-01-02,601997.XSHG,bank,0.03571428571,0.03571428571,0.0,0.1917808219178081,-0.040000000000000036,baseline,True,False,False
v57f_startup_preload_repaired_baseline,baseline,2025-01-02,600035.XSHG,highway_infrastructure,0.03571428571,0.03571428571,0.0,0.09226932668329191,0.04783599088838275,baseline,True,False,False
v57f_startup_preload_repaired_baseline,baseline,2025-01-02,600033.XSHG,highway_infrastructure,0.03571428571,0.03571428571,0.0,0.12615384615384628,0.02917771883289122,baseline,True,False,False
v57f_startup_preload_repaired_baseline,baseline,2025-01-02,601018.XSHG,port_rail_infrastructure,0.03571428571,0.03571428571,0.0,0.07458563535911611,-0.030226700251889227,baseline,True,False,False
v57f_startup_preload_repaired_baseline,baseline,2025-01-02,601006.XSHG,port_rail_infrastructure,0.03571428571,0.03571428571,0.0,-0.04033379694019468,-0.01881331403762665,baseline,True,False,False
v57f_startup_preload_repaired_baseline,baseline,2025-01-02,000828.XSHE,highway_infrastructure,0.03571428571,0.03571428571,0.0,0.021352313167259718,-0.12591986917416198,baseline,True,False,False
v57f_startup_preload_repaired_baseline,baseline,2025-01-02,000429.XSHE,highway_infrastructure,0.03571428571,0.03571428571,0.0,0.38283062645011623,0.320754716981132,baseline,True,False,False
v57f_startup_preload_repaired_baseline,baseline,2025-01-02,600377.XSHG,highway_infrastructure,0.03571428571,0.03571428571,0.0,0.33717579250720453,0.11345454545454547,baseline,True,False,False
internal_subsleeve_mom12_80_20,v57f_pool_internal_subsleeve,2025-01-02,000539.XSHE,utilities_electricity,0.03571428571,0.028571428568000004,-0.0071428571419999976,-0.06286836935166995,-0.11695906432748526,middle,True,False,False
internal_subsleeve_mom12_80_20,v57f_pool_internal_subsleeve,2025-01-02,600969.XSHG,utilities_electricity,0.03571428571,0.028571428568000004,-0.0071428571419999976,0.1020710059171599,-0.02427921092564489,middle,True,False,False
internal_subsleeve_mom12_80_20,v57f_pool_internal_subsleeve,2025-01-02,000900.XSHE,highway_infrastructure,0.03571428571,0.04523809523266667,0.009523809522666668,0.14676616915422902,0.002272727272727204,momentum_subsleeve,True,False,False
internal_subsleeve_mom12_80_20,v57f_pool_internal_subsleeve,2025-01-02,600795.XSHG,utilities_electricity,0.03571428571,0.04523809523266667,0.009523809522666668,0.13012048192771086,-0.1518518518518519,momentum_subsleeve,True,False,False
internal_subsleeve_mom12_80_20,v57f_pool_internal_subsleeve,2025-01-02,601991.XSHG,utilities_electricity,0.03571428571,0.04523809523266667,0.009523809522666668,0.16194331983805665,-0.0531561461794019,momentum_subsleeve,True,False,False
internal_subsleeve_mom12_80_20,v57f_pool_internal_subsleeve,2025-01-02,600744.XSHG,utilities_electricity,0.03571428571,0.028571428568000004,-0.0071428571419999976,0.03529411764705892,-0.11647727272727282,middle,True,False,False
internal_subsleeve_mom12_80_20,v57f_pool_internal_subsleeve,2025-01-02,600098.XSHG,utilities_electricity,0.03571428571,0.04523809523266667,0.009523809522666668,0.21857923497267762,-0.06413994169096215,momentum_subsleeve,True,False,False
internal_subsleeve_mom12_80_20,v57f_pool_internal_subsleeve,2025-01-02,002039.XSHE,utilities_electricity,0.03571428571,0.028571428568000004,-0.0071428571419999976,0.1051502145922747,-0.06034482758620685,middle,True,False,False
internal_subsleeve_mom12_80_20,v57f_pool_internal_subsleeve,2025-01-02,000905.XSHE,port_rail_infrastructure,0.03571428571,0.028571428568000004,-0.0071428571419999976,-0.047945205479452024,0.06865671641791038,middle,True,False,False
internal_subsleeve_mom12_80_20,v57f_pool_internal_subsleeve,2025-01-02,600017.XSHG,port_rail_infrastructure,0.03571428571,0.04523809523266667,0.009523809522666668,0.17253521126760574,0.0,momentum_subsleeve,True,False,False
internal_subsleeve_mom12_80_20,v57f_pool_internal_subsleeve,2025-01-02,600717.XSHG,port_rail_infrastructure,0.03571428571,0.04523809523266667,0.009523809522666668,0.1905882352941175,-0.052529182879377356,momentum_subsleeve,True,False,False
internal_subsleeve_mom12_80_20,v57f_pool_internal_subsleeve,2025-01-02,600908.XSHG,bank,0.03571428571,0.028571428568000004,-0.0071428571419999976,0.20816326530612228,-0.05891719745222934,middle,True,False,False
internal_subsleeve_mom12_80_20,v57f_pool_internal_subsleeve,2025-01-02,601228.XSHG,port_rail_infrastructure,0.03571428571,0.028571428568000004,-0.0071428571419999976,0.09202453987730075,-0.0712328767123287,middle,True,False,False
internal_subsleeve_mom12_80_20,v57f_pool_internal_subsleeve,2025-01-02,002807.XSHE,bank,0.03571428571,0.028571428568000004,-0.0071428571419999976,0.19047619047619047,-0.018058690744921058,middle,True,False,False
internal_subsleeve_mom12_80_20,v57f_pool_internal_subsleeve,2025-01-02,002966.XSHE,bank,0.03571428571,0.04523809523266667,0.009523809522666668,0.23981191222570541,-0.008557457212713948,momentum_subsleeve,True,False,False
internal_subsleeve_mom12_80_20,v57f_pool_internal_subsleeve,2025-01-02,600020.XSHG,highway_infrastructure,0.03571428571,0.028571428568000004,-0.0071428571419999976,0.1114058355437666,-0.02088167053364265,middle,True,False,False
internal_subsleeve_mom12_80_20,v57f_pool_internal_subsleeve,2025-01-02,601825.XSHG,bank,0.03571428571,0.04523809523266667,0.009523809522666668,0.4123893805309735,0.11679790026246706,momentum_subsleeve,True,False,False
internal_subsleeve_mom12_80_20,v57f_pool_internal_subsleeve,2025-01-02,601326.XSHG,port_rail_infrastructure,0.03571428571,0.04523809523266667,0.009523809522666668,0.18983050847457617,-0.10904255319148926,momentum_subsleeve,True,False,False
internal_subsleeve_mom12_80_20,v57f_pool_internal_subsleeve,2025-01-02,601818.XSHG,bank,0.03571428571,0.04523809523266667,0.009523809522666668,0.2902097902097902,0.0602739726027397,momentum_subsleeve,True,False,False
internal_subsleeve_mom12_80_20,v57f_pool_internal_subsleeve,2025-01-02,601528.XSHG,bank,0.03571428571,0.028571428568000004,-0.0071428571419999976,0.1305220883534135,0.0,middle,True,False,False
internal_subsleeve_mom12_80_20,v57f_pool_internal_subsleeve,2025-01-02,601997.XSHG,bank,0.03571428571,0.028571428568000004,-0.0071428571419999976,0.1917808219178081,-0.040000000000000036,middle,True,False,False
internal_subsleeve_mom12_80_20,v57f_pool_internal_subsleeve,2025-01-02,600035.XSHG,highway_infrastructure,0.03571428571,0.028571428568000004,-0.0071428571419999976,0.09226932668329191,0.04783599088838275,middle,True,False,False
internal_subsleeve_mom12_80_20,v57f_pool_internal_subsleeve,2025-01-02,600033.XSHG,highway_infrastructure,0.03571428571,0.028571428568000004,-0.0071428571419999976,0.12615384615384628,0.02917771883289122,middle,True,False,False
internal_subsleeve_mom12_80_20,v57f_pool_internal_subsleeve,2025-01-02,601018.XSHG,port_rail_infrastructure,0.03571428571,0.028571428568000004,-0.0071428571419999976,0.07458563535911611,-0.030226700251889227,middle,True,False,False
internal_subsleeve_mom12_80_20,v57f_pool_internal_subsleeve,2025-01-02,601006.XSHG,port_rail_infrastructure,0.03571428571,0.028571428568000004,-0.0071428571419999976,-0.04033379694019468,-0.01881331403762665,middle,True,False,False
internal_subsleeve_mom12_80_20,v57f_pool_internal_subsleeve,2025-01-02,000828.XSHE,highway_infrastructure,0.03571428571,0.028571428568000004,-0.0071428571419999976,0.021352313167259718,-0.12591986917416198,middle,True,False,False
internal_subsleeve_mom12_80_20,v57f_pool_internal_subsleeve,2025-01-02,000429.XSHE,highway_infrastructure,0.03571428571,0.04523809523266667,0.009523809522666668,0.38283062645011623,0.320754716981132,momentum_subsleeve,True,False,False
internal_subsleeve_mom12_80_20,v57f_pool_internal_subsleeve,2025-01-02,600377.XSHG,highway_infrastructure,0.03571428571,0.04523809523266667,0.009523809522666668,0.33717579250720453,0.11345454545454547,momentum_subsleeve,True,False,False
internal_subsleeve_mom12_70_30,v57f_pool_internal_subsleeve,2025-01-02,000539.XSHE,utilities_electricity,0.03571428571,0.024999999997,-0.010714285713000003,-0.06286836935166995,-0.11695906432748526,middle,True,False,False
internal_subsleeve_mom12_70_30,v57f_pool_internal_subsleeve,2025-01-02,600969.XSHG,utilities_electricity,0.03571428571,0.024999999997,-0.010714285713000003,0.1020710059171599,-0.02427921092564489,middle,True,False,False
internal_subsleeve_mom12_70_30,v57f_pool_internal_subsleeve,2025-01-02,000900.XSHE,highway_infrastructure,0.03571428571,0.049999999994000004,0.014285714284000002,0.14676616915422902,0.002272727272727204,momentum_subsleeve,True,False,False
internal_subsleeve_mom12_70_30,v57f_pool_internal_subsleeve,2025-01-02,600795.XSHG,utilities_electricity,0.03571428571,0.049999999994000004,0.014285714284000002,0.13012048192771086,-0.1518518518518519,momentum_subsleeve,True,False,False
internal_subsleeve_mom12_70_30,v57f_pool_internal_subsleeve,2025-01-02,601991.XSHG,utilities_electricity,0.03571428571,0.049999999994000004,0.014285714284000002,0.16194331983805665,-0.0531561461794019,momentum_subsleeve,True,False,False
internal_subsleeve_mom12_70_30,v57f_pool_internal_subsleeve,2025-01-02,600744.XSHG,utilities_electricity,0.03571428571,0.024999999997,-0.010714285713000003,0.03529411764705892,-0.11647727272727282,middle,True,False,False
internal_subsleeve_mom12_70_30,v57f_pool_internal_subsleeve,2025-01-02,600098.XSHG,utilities_electricity,0.03571428571,0.049999999994000004,0.014285714284000002,0.21857923497267762,-0.06413994169096215,momentum_subsleeve,True,False,False
internal_subsleeve_mom12_70_30,v57f_pool_internal_subsleeve,2025-01-02,002039.XSHE,utilities_electricity,0.03571428571,0.024999999997,-0.010714285713000003,0.1051502145922747,-0.06034482758620685,middle,True,False,False
internal_subsleeve_mom12_70_30,v57f_pool_internal_subsleeve,2025-01-02,000905.XSHE,port_rail_infrastructure,0.03571428571,0.024999999997,-0.010714285713000003,-0.047945205479452024,0.06865671641791038,middle,True,False,False
internal_subsleeve_mom12_70_30,v57f_pool_internal_subsleeve,2025-01-02,600017.XSHG,port_rail_infrastructure,0.03571428571,0.049999999994000004,0.014285714284000002,0.17253521126760574,0.0,momentum_subsleeve,True,False,False
internal_subsleeve_mom12_70_30,v57f_pool_internal_subsleeve,2025-01-02,600717.XSHG,port_rail_infrastructure,0.03571428571,0.049999999994000004,0.014285714284000002,0.1905882352941175,-0.052529182879377356,momentum_subsleeve,True,False,False
internal_subsleeve_mom12_70_30,v57f_pool_internal_subsleeve,2025-01-02,600908.XSHG,bank,0.03571428571,0.024999999997,-0.010714285713000003,0.20816326530612228,-0.05891719745222934,middle,True,False,False
internal_subsleeve_mom12_70_30,v57f_pool_internal_subsleeve,2025-01-02,601228.XSHG,port_rail_infrastructure,0.03571428571,0.024999999997,-0.010714285713000003,0.09202453987730075,-0.0712328767123287,middle,True,False,False
internal_subsleeve_mom12_70_30,v57f_pool_internal_subsleeve,2025-01-02,002807.XSHE,bank,0.03571428571,0.024999999997,-0.010714285713000003,0.19047619047619047,-0.018058690744921058,middle,True,False,False
internal_subsleeve_mom12_70_30,v57f_pool_internal_subsleeve,2025-01-02,002966.XSHE,bank,0.03571428571,0.049999999994000004,0.014285714284000002,0.23981191222570541,-0.008557457212713948,momentum_subsleeve,True,False,False
internal_subsleeve_mom12_70_30,v57f_pool_internal_subsleeve,2025-01-02,600020.XSHG,highway_infrastructure,0.03571428571,0.024999999997,-0.010714285713000003,0.1114058355437666,-0.02088167053364265,middle,True,False,False
internal_subsleeve_mom12_70_30,v57f_pool_internal_subsleeve,2025-01-02,601825.XSHG,bank,0.03571428571,0.049999999994000004,0.014285714284000002,0.4123893805309735,0.11679790026246706,momentum_subsleeve,True,False,False
internal_subsleeve_mom12_70_30,v57f_pool_internal_subsleeve,2025-01-02,601326.XSHG,port_rail_infrastructure,0.03571428571,0.049999999994000004,0.014285714284000002,0.18983050847457617,-0.10904255319148926,momentum_subsleeve,True,False,False
internal_subsleeve_mom12_70_30,v57f_pool_internal_subsleeve,2025-01-02,601818.XSHG,bank,0.03571428571,0.049999999994000004,0.014285714284000002,0.2902097902097902,0.0602739726027397,momentum_subsleeve,True,False,False
internal_subsleeve_mom12_70_30,v57f_pool_internal_subsleeve,2025-01-02,601528.XSHG,bank,0.03571428571,0.024999999997,-0.010714285713000003,0.1305220883534135,0.0,middle,True,False,False
internal_subsleeve_mom12_70_30,v57f_pool_internal_subsleeve,2025-01-02,601997.XSHG,bank,0.03571428571,0.024999999997,-0.010714285713000003,0.1917808219178081,-0.040000000000000036,middle,True,False,False
internal_subsleeve_mom12_70_30,v57f_pool_internal_subsleeve,2025-01-02,600035.XSHG,highway_infrastructure,0.03571428571,0.024999999997,-0.010714285713000003,0.09226932668329191,0.04783599088838275,middle,True,False,False
internal_subsleeve_mom12_70_30,v57f_pool_internal_subsleeve,2025-01-02,600033.XSHG,highway_infrastructure,0.03571428571,0.024999999997,-0.010714285713000003,0.12615384615384628,0.02917771883289122,middle,True,False,False
internal_subsleeve_mom12_70_30,v57f_pool_internal_subsleeve,2025-01-02,601018.XSHG,port_rail_infrastructure,0.03571428571,0.024999999997,-0.010714285713000003,0.07458563535911611,-0.030226700251889227,middle,True,False,False
internal_subsleeve_mom12_70_30,v57f_pool_internal_subsleeve,2025-01-02,601006.XSHG,port_rail_infrastructure,0.03571428571,0.024999999997,-0.010714285713000003,-0.04033379694019468,-0.01881331403762665,middle,True,False,False
internal_subsleeve_mom12_70_30,v57f_pool_internal_subsleeve,2025-01-02,000828.XSHE,highway_infrastructure,0.03571428571,0.024999999997,-0.010714285713000003,0.021352313167259718,-0.12591986917416198,middle,True,False,False
internal_subsleeve_mom12_70_30,v57f_pool_internal_subsleeve,2025-01-02,000429.XSHE,highway_infrastructure,0.03571428571,0.049999999994000004,0.014285714284000002,0.38283062645011623,0.320754716981132,momentum_subsleeve,True,False,False
internal_subsleeve_mom12_70_30,v57f_pool_internal_subsleeve,2025-01-02,600377.XSHG,highway_infrastructure,0.03571428571,0.049999999994000004,0.014285714284000002,0.33717579250720453,0.11345454545454547,momentum_subsleeve,True,False,False
dual_sleeve_mom12_80_20,dual_sleeve_allocation,2025-01-02,000539.XSHE,utilities_electricity,0.03571428571,0.028571428568000004,-0.0071428571419999976,-0.06286836935166995,-0.11695906432748526,value_sleeve_only,False,False,False
dual_sleeve_mom12_80_20,dual_sleeve_allocation,2025-01-02,600969.XSHG,utilities_electricity,0.03571428571,0.028571428568000004,-0.0071428571419999976,0.1020710059171599,-0.02427921092564489,value_sleeve_only,False,False,False
dual_sleeve_mom12_80_20,dual_sleeve_allocation,2025-01-02,000900.XSHE,highway_infrastructure,0.03571428571,0.028571428568000004,-0.0071428571419999976,0.14676616915422902,0.002272727272727204,value_sleeve_only,False,False,False
dual_sleeve_mom12_80_20,dual_sleeve_allocation,2025-01-02,600795.XSHG,utilities_electricity,0.03571428571,0.028571428568000004,-0.0071428571419999976,0.13012048192771086,-0.1518518518518519,value_sleeve_only,False,False,False
dual_sleeve_mom12_80_20,dual_sleeve_allocation,2025-01-02,601991.XSHG,utilities_electricity,0.03571428571,0.028571428568000004,-0.0071428571419999976,0.16194331983805665,-0.0531561461794019,value_sleeve_only,False,False,False
dual_sleeve_mom12_80_20,dual_sleeve_allocation,2025-01-02,600744.XSHG,utilities_electricity,0.03571428571,0.028571428568000004,-0.0071428571419999976,0.03529411764705892,-0.11647727272727282,value_sleeve_only,False,False,False
dual_sleeve_mom12_80_20,dual_sleeve_allocation,2025-01-02,600098.XSHG,utilities_electricity,0.03571428571,0.04857142856800001,0.012857142858000006,0.21857923497267762,-0.06413994169096215,momentum_sleeve,False,False,False
dual_sleeve_mom12_80_20,dual_sleeve_allocation,2025-01-02,002039.XSHE,utilities_electricity,0.03571428571,0.028571428568000004,-0.0071428571419999976,0.1051502145922747,-0.06034482758620685,value_sleeve_only,False,False,False
dual_sleeve_mom12_80_20,dual_sleeve_allocation,2025-01-02,000905.XSHE,port_rail_infrastructure,0.03571428571,0.028571428568000004,-0.0071428571419999976,-0.047945205479452024,0.06865671641791038,value_sleeve_only,False,False,False
dual_sleeve_mom12_80_20,dual_sleeve_allocation,2025-01-02,600017.XSHG,port_rail_infrastructure,0.03571428571,0.028571428568000004,-0.0071428571419999976,0.17253521126760574,0.0,value_sleeve_only,False,False,False
dual_sleeve_mom12_80_20,dual_sleeve_allocation,2025-01-02,600717.XSHG,port_rail_infrastructure,0.03571428571,0.04857142856800001,0.012857142858000006,0.1905882352941175,-0.052529182879377356,momentum_sleeve,False,False,False
dual_sleeve_mom12_80_20,dual_sleeve_allocation,2025-01-02,600908.XSHG,bank,0.03571428571,0.04857142856800001,0.012857142858000006,0.20816326530612228,-0.05891719745222934,momentum_sleeve,False,False,False
dual_sleeve_mom12_80_20,dual_sleeve_allocation,2025-01-02,601228.XSHG,port_rail_infrastructure,0.03571428571,0.028571428568000004,-0.0071428571419999976,0.09202453987730075,-0.0712328767123287,value_sleeve_only,False,False,False
dual_sleeve_mom12_80_20,dual_sleeve_allocation,2025-01-02,002807.XSHE,bank,0.03571428571,0.04857142856800001,0.012857142858000006,0.19047619047619047,-0.018058690744921058,momentum_sleeve,False,False,False
dual_sleeve_mom12_80_20,dual_sleeve_allocation,2025-01-02,002966.XSHE,bank,0.03571428571,0.04857142856800001,0.012857142858000006,0.23981191222570541,-0.008557457212713948,momentum_sleeve,False,False,False
dual_sleeve_mom12_80_20,dual_sleeve_allocation,2025-01-02,600020.XSHG,highway_infrastructure,0.03571428571,0.028571428568000004,-0.0071428571419999976,0.1114058355437666,-0.02088167053364265,value_sleeve_only,False,False,False
dual_sleeve_mom12_80_20,dual_sleeve_allocation,2025-01-02,601825.XSHG,bank,0.03571428571,0.04857142856800001,0.012857142858000006,0.4123893805309735,0.11679790026246706,momentum_sleeve,False,False,False
dual_sleeve_mom12_80_20,dual_sleeve_allocation,2025-01-02,601326.XSHG,port_rail_infrastructure,0.03571428571,0.028571428568000004,-0.0071428571419999976,0.18983050847457617,-0.10904255319148926,value_sleeve_only,False,False,False
dual_sleeve_mom12_80_20,dual_sleeve_allocation,2025-01-02,601818.XSHG,bank,0.03571428571,0.04857142856800001,0.012857142858000006,0.2902097902097902,0.0602739726027397,momentum_sleeve,False,False,False
dual_sleeve_mom12_80_20,dual_sleeve_allocation,2025-01-02,601528.XSHG,bank,0.03571428571,0.028571428568000004,-0.0071428571419999976,0.1305220883534135,0.0,value_sleeve_only,False,False,False
dual_sleeve_mom12_80_20,dual_sleeve_allocation,2025-01-02,601997.XSHG,bank,0.03571428571,0.04857142856800001,0.012857142858000006,0.1917808219178081,-0.040000000000000036,momentum_sleeve,False,False,False
dual_sleeve_mom12_80_20,dual_sleeve_allocation,2025-01-02,600035.XSHG,highway_infrastructure,0.03571428571,0.028571428568000004,-0.0071428571419999976,0.09226932668329191,0.04783599088838275,value_sleeve_only,False,False,False
dual_sleeve_mom12_80_20,dual_sleeve_allocation,2025-01-02,600033.XSHG,highway_infrastructure,0.03571428571,0.028571428568000004,-0.0071428571419999976,0.12615384615384628,0.02917771883289122,value_sleeve_only,False,False,False
dual_sleeve_mom12_80_20,dual_sleeve_allocation,2025-01-02,601018.XSHG,port_rail_infrastructure,0.03571428571,0.028571428568000004,-0.0071428571419999976,0.07458563535911611,-0.030226700251889227,value_sleeve_only,False,False,False
dual_sleeve_mom12_80_20,dual_sleeve_allocation,2025-01-02,601006.XSHG,port_rail_infrastructure,0.03571428571,0.028571428568000004,-0.0071428571419999976,-0.04033379694019468,-0.01881331403762665,value_sleeve_only,False,False,False
dual_sleeve_mom12_80_20,dual_sleeve_allocation,2025-01-02,000828.XSHE,highway_infrastructure,0.03571428571,0.028571428568000004,-0.0071428571419999976,0.021352313167259718,-0.12591986917416198,value_sleeve_only,False,False,False
dual_sleeve_mom12_80_20,dual_sleeve_allocation,2025-01-02,000429.XSHE,highway_infrastructure,0.03571428571,0.04857142856800001,0.012857142858000006,0.38283062645011623,0.320754716981132,momentum_sleeve,False,False,False
dual_sleeve_mom12_80_20,dual_sleeve_allocation,2025-01-02,600377.XSHG,highway_infrastructure,0.03571428571,0.04857142856800001,0.012857142858000006,0.33717579250720453,0.11345454545454547,momentum_sleeve,False,False,False
dual_sleeve_mom12_60_40,dual_sleeve_allocation,2025-01-02,000539.XSHE,utilities_electricity,0.03571428571,0.021428571426,-0.014285714284000002,-0.06286836935166995,-0.11695906432748526,value_sleeve_only,False,False,False
dual_sleeve_mom12_60_40,dual_sleeve_allocation,2025-01-02,600969.XSHG,utilities_electricity,0.03571428571,0.021428571426,-0.014285714284000002,0.1020710059171599,-0.02427921092564489,value_sleeve_only,False,False,False
dual_sleeve_mom12_60_40,dual_sleeve_allocation,2025-01-02,000900.XSHE,highway_infrastructure,0.03571428571,0.021428571426,-0.014285714284000002,0.14676616915422902,0.002272727272727204,value_sleeve_only,False,False,False
dual_sleeve_mom12_60_40,dual_sleeve_allocation,2025-01-02,600795.XSHG,utilities_electricity,0.03571428571,0.021428571426,-0.014285714284000002,0.13012048192771086,-0.1518518518518519,value_sleeve_only,False,False,False
dual_sleeve_mom12_60_40,dual_sleeve_allocation,2025-01-02,601991.XSHG,utilities_electricity,0.03571428571,0.021428571426,-0.014285714284000002,0.16194331983805665,-0.0531561461794019,value_sleeve_only,False,False,False
dual_sleeve_mom12_60_40,dual_sleeve_allocation,2025-01-02,600744.XSHG,utilities_electricity,0.03571428571,0.021428571426,-0.014285714284000002,0.03529411764705892,-0.11647727272727282,value_sleeve_only,False,False,False
dual_sleeve_mom12_60_40,dual_sleeve_allocation,2025-01-02,600098.XSHG,utilities_electricity,0.03571428571,0.061428571426,0.025714285716,0.21857923497267762,-0.06413994169096215,momentum_sleeve,False,False,False
dual_sleeve_mom12_60_40,dual_sleeve_allocation,2025-01-02,002039.XSHE,utilities_electricity,0.03571428571,0.021428571426,-0.014285714284000002,0.1051502145922747,-0.06034482758620685,value_sleeve_only,False,False,False
dual_sleeve_mom12_60_40,dual_sleeve_allocation,2025-01-02,000905.XSHE,port_rail_infrastructure,0.03571428571,0.021428571426,-0.014285714284000002,-0.047945205479452024,0.06865671641791038,value_sleeve_only,False,False,False
dual_sleeve_mom12_60_40,dual_sleeve_allocation,2025-01-02,600017.XSHG,port_rail_infrastructure,0.03571428571,0.021428571426,-0.014285714284000002,0.17253521126760574,0.0,value_sleeve_only,False,False,False
dual_sleeve_mom12_60_40,dual_sleeve_allocation,2025-01-02,600717.XSHG,port_rail_infrastructure,0.03571428571,0.061428571426,0.025714285716,0.1905882352941175,-0.052529182879377356,momentum_sleeve,False,False,False
dual_sleeve_mom12_60_40,dual_sleeve_allocation,2025-01-02,600908.XSHG,bank,0.03571428571,0.061428571426,0.025714285716,0.20816326530612228,-0.05891719745222934,momentum_sleeve,False,False,False
dual_sleeve_mom12_60_40,dual_sleeve_allocation,2025-01-02,601228.XSHG,port_rail_infrastructure,0.03571428571,0.021428571426,-0.014285714284000002,0.09202453987730075,-0.0712328767123287,value_sleeve_only,False,False,False
dual_sleeve_mom12_60_40,dual_sleeve_allocation,2025-01-02,002807.XSHE,bank,0.03571428571,0.061428571426,0.025714285716,0.19047619047619047,-0.018058690744921058,momentum_sleeve,False,False,False
dual_sleeve_mom12_60_40,dual_sleeve_allocation,2025-01-02,002966.XSHE,bank,0.03571428571,0.061428571426,0.025714285716,0.23981191222570541,-0.008557457212713948,momentum_sleeve,False,False,False
dual_sleeve_mom12_60_40,dual_sleeve_allocation,2025-01-02,600020.XSHG,highway_infrastructure,0.03571428571,0.021428571426,-0.014285714284000002,0.1114058355437666,-0.02088167053364265,value_sleeve_only,False,False,False
dual_sleeve_mom12_60_40,dual_sleeve_allocation,2025-01-02,601825.XSHG,bank,0.03571428571,0.061428571426,0.025714285716,0.4123893805309735,0.11679790026246706,momentum_sleeve,False,False,False
dual_sleeve_mom12_60_40,dual_sleeve_allocation,2025-01-02,601326.XSHG,port_rail_infrastructure,0.03571428571,0.021428571426,-0.014285714284000002,0.18983050847457617,-0.10904255319148926,value_sleeve_only,False,False,False
dual_sleeve_mom12_60_40,dual_sleeve_allocation,2025-01-02,601818.XSHG,bank,0.03571428571,0.061428571426,0.025714285716,0.2902097902097902,0.0602739726027397,momentum_sleeve,False,False,False
dual_sleeve_mom12_60_40,dual_sleeve_allocation,2025-01-02,601528.XSHG,bank,0.03571428571,0.021428571426,-0.014285714284000002,0.1305220883534135,0.0,value_sleeve_only,False,False,False
dual_sleeve_mom12_60_40,dual_sleeve_allocation,2025-01-02,601997.XSHG,bank,0.03571428571,0.061428571426,0.025714285716,0.1917808219178081,-0.040000000000000036,momentum_sleeve,False,False,False
dual_sleeve_mom12_60_40,dual_sleeve_allocation,2025-01-02,600035.XSHG,highway_infrastructure,0.03571428571,0.021428571426,-0.014285714284000002,0.09226932668329191,0.04783599088838275,value_sleeve_only,False,False,False
dual_sleeve_mom12_60_40,dual_sleeve_allocation,2025-01-02,600033.XSHG,highway_infrastructure,0.03571428571,0.021428571426,-0.014285714284000002,0.12615384615384628,0.02917771883289122,value_sleeve_only,False,False,False
dual_sleeve_mom12_60_40,dual_sleeve_allocation,2025-01-02,601018.XSHG,port_rail_infrastructure,0.03571428571,0.021428571426,-0.014285714284000002,0.07458563535911611,-0.030226700251889227,value_sleeve_only,False,False,False
dual_sleeve_mom12_60_40,dual_sleeve_allocation,2025-01-02,601006.XSHG,port_rail_infrastructure,0.03571428571,0.021428571426,-0.014285714284000002,-0.04033379694019468,-0.01881331403762665,value_sleeve_only,False,False,False
dual_sleeve_mom12_60_40,dual_sleeve_allocation,2025-01-02,000828.XSHE,highway_infrastructure,0.03571428571,0.021428571426,-0.014285714284000002,0.021352313167259718,-0.12591986917416198,value_sleeve_only,False,False,False
dual_sleeve_mom12_60_40,dual_sleeve_allocation,2025-01-02,000429.XSHE,highway_infrastructure,0.03571428571,0.061428571426,0.025714285716,0.38283062645011623,0.320754716981132,momentum_sleeve,False,False,False
dual_sleeve_mom12_60_40,dual_sleeve_allocation,2025-01-02,600377.XSHG,highway_infrastructure,0.03571428571,0.061428571426,0.025714285716,0.33717579250720453,0.11345454545454547,momentum_sleeve,False,False,False
state_routed_mom12_70_30_or_100_0,state_routed_budget,2025-01-02,000539.XSHE,utilities_electricity,0.03571428571,0.024999999997,-0.010714285713000003,-0.06286836935166995,-0.11695906432748526,value_sleeve_only,False,False,False
state_routed_mom12_70_30_or_100_0,state_routed_budget,2025-01-02,600969.XSHG,utilities_electricity,0.03571428571,0.024999999997,-0.010714285713000003,0.1020710059171599,-0.02427921092564489,value_sleeve_only,False,False,False
state_routed_mom12_70_30_or_100_0,state_routed_budget,2025-01-02,000900.XSHE,highway_infrastructure,0.03571428571,0.024999999997,-0.010714285713000003,0.14676616915422902,0.002272727272727204,value_sleeve_only,False,False,False
state_routed_mom12_70_30_or_100_0,state_routed_budget,2025-01-02,600795.XSHG,utilities_electricity,0.03571428571,0.024999999997,-0.010714285713000003,0.13012048192771086,-0.1518518518518519,value_sleeve_only,False,False,False
state_routed_mom12_70_30_or_100_0,state_routed_budget,2025-01-02,601991.XSHG,utilities_electricity,0.03571428571,0.024999999997,-0.010714285713000003,0.16194331983805665,-0.0531561461794019,value_sleeve_only,False,False,False
state_routed_mom12_70_30_or_100_0,state_routed_budget,2025-01-02,600744.XSHG,utilities_electricity,0.03571428571,0.024999999997,-0.010714285713000003,0.03529411764705892,-0.11647727272727282,value_sleeve_only,False,False,False
state_routed_mom12_70_30_or_100_0,state_routed_budget,2025-01-02,600098.XSHG,utilities_electricity,0.03571428571,0.054999999997,0.019285714286999996,0.21857923497267762,-0.06413994169096215,momentum_sleeve,False,False,False
state_routed_mom12_70_30_or_100_0,state_routed_budget,2025-01-02,002039.XSHE,utilities_electricity,0.03571428571,0.024999999997,-0.010714285713000003,0.1051502145922747,-0.06034482758620685,value_sleeve_only,False,False,False
state_routed_mom12_70_30_or_100_0,state_routed_budget,2025-01-02,000905.XSHE,port_rail_infrastructure,0.03571428571,0.024999999997,-0.010714285713000003,-0.047945205479452024,0.06865671641791038,value_sleeve_only,False,False,False
state_routed_mom12_70_30_or_100_0,state_routed_budget,2025-01-02,600017.XSHG,port_rail_infrastructure,0.03571428571,0.024999999997,-0.010714285713000003,0.17253521126760574,0.0,value_sleeve_only,False,False,False
state_routed_mom12_70_30_or_100_0,state_routed_budget,2025-01-02,600717.XSHG,port_rail_infrastructure,0.03571428571,0.054999999997,0.019285714286999996,0.1905882352941175,-0.052529182879377356,momentum_sleeve,False,False,False
state_routed_mom12_70_30_or_100_0,state_routed_budget,2025-01-02,600908.XSHG,bank,0.03571428571,0.054999999997,0.019285714286999996,0.20816326530612228,-0.05891719745222934,momentum_sleeve,False,False,False
state_routed_mom12_70_30_or_100_0,state_routed_budget,2025-01-02,601228.XSHG,port_rail_infrastructure,0.03571428571,0.024999999997,-0.010714285713000003,0.09202453987730075,-0.0712328767123287,value_sleeve_only,False,False,False
state_routed_mom12_70_30_or_100_0,state_routed_budget,2025-01-02,002807.XSHE,bank,0.03571428571,0.054999999997,0.019285714286999996,0.19047619047619047,-0.018058690744921058,momentum_sleeve,False,False,False
state_routed_mom12_70_30_or_100_0,state_routed_budget,2025-01-02,002966.XSHE,bank,0.03571428571,0.054999999997,0.019285714286999996,0.23981191222570541,-0.008557457212713948,momentum_sleeve,False,False,False
state_routed_mom12_70_30_or_100_0,state_routed_budget,2025-01-02,600020.XSHG,highway_infrastructure,0.03571428571,0.024999999997,-0.010714285713000003,0.1114058355437666,-0.02088167053364265,value_sleeve_only,False,False,False
state_routed_mom12_70_30_or_100_0,state_routed_budget,2025-01-02,601825.XSHG,bank,0.03571428571,0.054999999997,0.019285714286999996,0.4123893805309735,0.11679790026246706,momentum_sleeve,False,False,False
state_routed_mom12_70_30_or_100_0,state_routed_budget,2025-01-02,601326.XSHG,port_rail_infrastructure,0.03571428571,0.024999999997,-0.010714285713000003,0.18983050847457617,-0.10904255319148926,value_sleeve_only,False,False,False
state_routed_mom12_70_30_or_100_0,state_routed_budget,2025-01-02,601818.XSHG,bank,0.03571428571,0.054999999997,0.019285714286999996,0.2902097902097902,0.0602739726027397,momentum_sleeve,False,False,False
state_routed_mom12_70_30_or_100_0,state_routed_budget,2025-01-02,601528.XSHG,bank,0.03571428571,0.024999999997,-0.010714285713000003,0.1305220883534135,0.0,value_sleeve_only,False,False,False
state_routed_mom12_70_30_or_100_0,state_routed_budget,2025-01-02,601997.XSHG,bank,0.03571428571,0.054999999997,0.019285714286999996,0.1917808219178081,-0.040000000000000036,momentum_sleeve,False,False,False
state_routed_mom12_70_30_or_100_0,state_routed_budget,2025-01-02,600035.XSHG,highway_infrastructure,0.03571428571,0.024999999997,-0.010714285713000003,0.09226932668329191,0.04783599088838275,value_sleeve_only,False,False,False
state_routed_mom12_70_30_or_100_0,state_routed_budget,2025-01-02,600033.XSHG,highway_infrastructure,0.03571428571,0.024999999997,-0.010714285713000003,0.12615384615384628,0.02917771883289122,value_sleeve_only,False,False,False
state_routed_mom12_70_30_or_100_0,state_routed_budget,2025-01-02,601018.XSHG,port_rail_infrastructure,0.03571428571,0.024999999997,-0.010714285713000003,0.07458563535911611,-0.030226700251889227,value_sleeve_only,False,False,False
state_routed_mom12_70_30_or_100_0,state_routed_budget,2025-01-02,601006.XSHG,port_rail_infrastructure,0.03571428571,0.024999999997,-0.010714285713000003,-0.04033379694019468,-0.01881331403762665,value_sleeve_only,False,False,False
state_routed_mom12_70_30_or_100_0,state_routed_budget,2025-01-02,000828.XSHE,highway_infrastructure,0.03571428571,0.024999999997,-0.010714285713000003,0.021352313167259718,-0.12591986917416198,value_sleeve_only,False,False,False
state_routed_mom12_70_30_or_100_0,state_routed_budget,2025-01-02,000429.XSHE,highway_infrastructure,0.03571428571,0.054999999997,0.019285714286999996,0.38283062645011623,0.320754716981132,momentum_sleeve,False,False,False
state_routed_mom12_70_30_or_100_0,state_routed_budget,2025-01-02,600377.XSHG,highway_infrastructure,0.03571428571,0.054999999997,0.019285714286999996,0.33717579250720453,0.11345454545454547,momentum_sleeve,False,False,False
admission_suppression_mom12_bottom_cap75,admission_suppression,2025-01-02,000539.XSHE,utilities_electricity,0.03571428571,0.0267857142825,-0.0089285714275,-0.06286836935166995,-0.11695906432748526,suppressed_bottom_momentum,True,False,False
admission_suppression_mom12_bottom_cap75,admission_suppression,2025-01-02,600969.XSHG,utilities_electricity,0.03571428571,0.039285714281,0.0035714285709999988,0.1020710059171599,-0.02427921092564489,middle_or_top,True,False,False
admission_suppression_mom12_bottom_cap75,admission_suppression,2025-01-02,000900.XSHE,highway_infrastructure,0.03571428571,0.039285714281,0.0035714285709999988,0.14676616915422902,0.002272727272727204,middle_or_top,True,False,False
admission_suppression_mom12_bottom_cap75,admission_suppression,2025-01-02,600795.XSHG,utilities_electricity,0.03571428571,0.039285714281,0.0035714285709999988,0.13012048192771086,-0.1518518518518519,middle_or_top,True,False,False
admission_suppression_mom12_bottom_cap75,admission_suppression,2025-01-02,601991.XSHG,utilities_electricity,0.03571428571,0.039285714281,0.0035714285709999988,0.16194331983805665,-0.0531561461794019,middle_or_top,True,False,False
admission_suppression_mom12_bottom_cap75,admission_suppression,2025-01-02,600744.XSHG,utilities_electricity,0.03571428571,0.0267857142825,-0.0089285714275,0.03529411764705892,-0.11647727272727282,suppressed_bottom_momentum,True,False,False
admission_suppression_mom12_bottom_cap75,admission_suppression,2025-01-02,600098.XSHG,utilities_electricity,0.03571428571,0.039285714281,0.0035714285709999988,0.21857923497267762,-0.06413994169096215,middle_or_top,True,False,False
admission_suppression_mom12_bottom_cap75,admission_suppression,2025-01-02,002039.XSHE,utilities_electricity,0.03571428571,0.039285714281,0.0035714285709999988,0.1051502145922747,-0.06034482758620685,middle_or_top,True,False,False
admission_suppression_mom12_bottom_cap75,admission_suppression,2025-01-02,000905.XSHE,port_rail_infrastructure,0.03571428571,0.0267857142825,-0.0089285714275,-0.047945205479452024,0.06865671641791038,suppressed_bottom_momentum,True,False,False
admission_suppression_mom12_bottom_cap75,admission_suppression,2025-01-02,600017.XSHG,port_rail_infrastructure,0.03571428571,0.039285714281,0.0035714285709999988,0.17253521126760574,0.0,middle_or_top,True,False,False
admission_suppression_mom12_bottom_cap75,admission_suppression,2025-01-02,600717.XSHG,port_rail_infrastructure,0.03571428571,0.039285714281,0.0035714285709999988,0.1905882352941175,-0.052529182879377356,middle_or_top,True,False,False
admission_suppression_mom12_bottom_cap75,admission_suppression,2025-01-02,600908.XSHG,bank,0.03571428571,0.039285714281,0.0035714285709999988,0.20816326530612228,-0.05891719745222934,middle_or_top,True,False,False
admission_suppression_mom12_bottom_cap75,admission_suppression,2025-01-02,601228.XSHG,port_rail_infrastructure,0.03571428571,0.039285714281,0.0035714285709999988,0.09202453987730075,-0.0712328767123287,middle_or_top,True,False,False
admission_suppression_mom12_bottom_cap75,admission_suppression,2025-01-02,002807.XSHE,bank,0.03571428571,0.0267857142825,-0.0089285714275,0.19047619047619047,-0.018058690744921058,suppressed_bottom_momentum,True,False,False
admission_suppression_mom12_bottom_cap75,admission_suppression,2025-01-02,002966.XSHE,bank,0.03571428571,0.039285714281,0.0035714285709999988,0.23981191222570541,-0.008557457212713948,middle_or_top,True,False,False
admission_suppression_mom12_bottom_cap75,admission_suppression,2025-01-02,600020.XSHG,highway_infrastructure,0.03571428571,0.039285714281,0.0035714285709999988,0.1114058355437666,-0.02088167053364265,middle_or_top,True,False,False
admission_suppression_mom12_bottom_cap75,admission_suppression,2025-01-02,601825.XSHG,bank,0.03571428571,0.039285714281,0.0035714285709999988,0.4123893805309735,0.11679790026246706,middle_or_top,True,False,False
admission_suppression_mom12_bottom_cap75,admission_suppression,2025-01-02,601326.XSHG,port_rail_infrastructure,0.03571428571,0.039285714281,0.0035714285709999988,0.18983050847457617,-0.10904255319148926,middle_or_top,True,False,False
admission_suppression_mom12_bottom_cap75,admission_suppression,2025-01-02,601818.XSHG,bank,0.03571428571,0.039285714281,0.0035714285709999988,0.2902097902097902,0.0602739726027397,middle_or_top,True,False,False
admission_suppression_mom12_bottom_cap75,admission_suppression,2025-01-02,601528.XSHG,bank,0.03571428571,0.0267857142825,-0.0089285714275,0.1305220883534135,0.0,suppressed_bottom_momentum,True,False,False
admission_suppression_mom12_bottom_cap75,admission_suppression,2025-01-02,601997.XSHG,bank,0.03571428571,0.039285714281,0.0035714285709999988,0.1917808219178081,-0.040000000000000036,middle_or_top,True,False,False
admission_suppression_mom12_bottom_cap75,admission_suppression,2025-01-02,600035.XSHG,highway_infrastructure,0.03571428571,0.0267857142825,-0.0089285714275,0.09226932668329191,0.04783599088838275,suppressed_bottom_momentum,True,False,False
admission_suppression_mom12_bottom_cap75,admission_suppression,2025-01-02,600033.XSHG,highway_infrastructure,0.03571428571,0.039285714281,0.0035714285709999988,0.12615384615384628,0.02917771883289122,middle_or_top,True,False,False
admission_suppression_mom12_bottom_cap75,admission_suppression,2025-01-02,601018.XSHG,port_rail_infrastructure,0.03571428571,0.039285714281,0.0035714285709999988,0.07458563535911611,-0.030226700251889227,middle_or_top,True,False,False
admission_suppression_mom12_bottom_cap75,admission_suppression,2025-01-02,601006.XSHG,port_rail_infrastructure,0.03571428571,0.0267857142825,-0.0089285714275,-0.04033379694019468,-0.01881331403762665,suppressed_bottom_momentum,True,False,False
admission_suppression_mom12_bottom_cap75,admission_suppression,2025-01-02,000828.XSHE,highway_infrastructure,0.03571428571,0.0267857142825,-0.0089285714275,0.021352313167259718,-0.12591986917416198,suppressed_bottom_momentum,True,False,False
admission_suppression_mom12_bottom_cap75,admission_suppression,2025-01-02,000429.XSHE,highway_infrastructure,0.03571428571,0.039285714281,0.0035714285709999988,0.38283062645011623,0.320754716981132,middle_or_top,True,False,False
admission_suppression_mom12_bottom_cap75,admission_suppression,2025-01-02,600377.XSHG,highway_infrastructure,0.03571428571,0.039285714281,0.0035714285709999988,0.33717579250720453,0.11345454545454547,middle_or_top,True,False,False
v57f_startup_preload_repaired_baseline,baseline,2025-04-01,600098.XSHG,utilities_electricity,0.03571428571,0.03571428571,0.0,0.030612244897959107,-0.020000000000000018,baseline,True,False,False
v57f_startup_preload_repaired_baseline,baseline,2025-04-01,002039.XSHE,utilities_electricity,0.03571428571,0.03571428571,0.0,-0.09586466165413543,0.05660377358490565,baseline,True,False,False
v57f_startup_preload_repaired_baseline,baseline,2025-04-01,601008.XSHG,port_rail_infrastructure,0.03571428571,0.03571428571,0.0,-0.02144772117962468,0.007894736842105399,baseline,True,False,False
v57f_startup_preload_repaired_baseline,baseline,2025-04-01,000543.XSHE,utilities_electricity,0.03571428571,0.03571428571,0.0,-0.005420054200542035,-0.06045340050377834,baseline,True,False,False
v57f_startup_preload_repaired_baseline,baseline,2025-04-01,600803.XSHG,utilities_electricity,0.03571428571,0.03571428571,0.0,0.03361344537815136,-0.05499276410998555,baseline,True,False,False
v57f_startup_preload_repaired_baseline,baseline,2025-04-01,600578.XSHG,utilities_electricity,0.03571428571,0.03571428571,0.0,0.04402515723270439,0.014164305949008638,baseline,True,False,False
v57f_startup_preload_repaired_baseline,baseline,2025-04-01,000791.XSHE,utilities_electricity,0.03571428571,0.03571428571,0.0,0.12162162162162171,0.1023489932885906,baseline,True,False,False
v57f_startup_preload_repaired_baseline,baseline,2025-04-01,000407.XSHE,utilities_electricity,0.03571428571,0.03571428571,0.0,0.05555555555555558,-0.027108433734939763,baseline,True,False,False
v57f_startup_preload_repaired_baseline,baseline,2025-04-01,000900.XSHE,highway_infrastructure,0.03571428571,0.03571428571,0.0,0.12668463611859826,-0.06772009029345372,baseline,True,False,False
v57f_startup_preload_repaired_baseline,baseline,2025-04-01,000905.XSHE,port_rail_infrastructure,0.03571428571,0.03571428571,0.0,0.09516380655226198,0.17757009345794383,baseline,True,False,False
v57f_startup_preload_repaired_baseline,baseline,2025-04-01,600033.XSHG,highway_infrastructure,0.03571428571,0.03571428571,0.0,0.10979228486646897,-0.0051679586563307955,baseline,True,False,False
v57f_startup_preload_repaired_baseline,baseline,2025-04-01,600035.XSHG,highway_infrastructure,0.03571428571,0.03571428571,0.0,0.007194244604316502,-0.0581896551724137,baseline,True,False,False
v57f_startup_preload_repaired_baseline,baseline,2025-04-01,601825.XSHG,bank,0.03571428571,0.03571428571,0.0,0.26265822784810133,-0.01650943396226423,baseline,True,False,False
v57f_startup_preload_repaired_baseline,baseline,2025-04-01,601398.XSHG,bank,0.03571428571,0.03571428571,0.0,0.31984585741811156,-0.005772005772005762,baseline,True,False,False
v57f_startup_preload_repaired_baseline,baseline,2025-04-01,601006.XSHG,port_rail_infrastructure,0.03571428571,0.03571428571,0.0,-0.0834473324213405,-0.032544378698224796,baseline,True,False,False
v57f_startup_preload_repaired_baseline,baseline,2025-04-01,601997.XSHG,bank,0.03571428571,0.03571428571,0.0,0.07089552238805963,-0.026446280991735516,baseline,True,False,False
v57f_startup_preload_repaired_baseline,baseline,2025-04-01,002807.XSHE,bank,0.03571428571,0.03571428571,0.0,0.12806539509536785,0.02771362586605086,baseline,True,False,False
v57f_startup_preload_repaired_baseline,baseline,2025-04-01,600908.XSHG,bank,0.03571428571,0.03571428571,0.0,0.10629921259842523,-0.03050847457627126,baseline,True,False,False
v57f_startup_preload_repaired_baseline,baseline,2025-04-01,601988.XSHG,bank,0.03571428571,0.03571428571,0.0,0.2402745995423341,0.018181818181818077,baseline,True,False,False
v57f_startup_preload_repaired_baseline,baseline,2025-04-01,002966.XSHE,bank,0.03571428571,0.03571428571,0.0,0.07482014388489211,-0.0283600493218249,baseline,True,False,False
v57f_startup_preload_repaired_baseline,baseline,2025-04-01,600017.XSHG,port_rail_infrastructure,0.03571428571,0.03571428571,0.0,0.07553956834532394,-0.037617554858934255,baseline,True,False,False
v57f_startup_preload_repaired_baseline,baseline,2025-04-01,600717.XSHG,port_rail_infrastructure,0.03571428571,0.03571428571,0.0,0.06293706293706292,-0.024793388429752095,baseline,True,False,False
v57f_startup_preload_repaired_baseline,baseline,2025-04-01,601228.XSHG,port_rail_infrastructure,0.03571428571,0.03571428571,0.0,-0.0031847133757962887,-0.05882352941176461,baseline,True,False,False
v57f_startup_preload_repaired_baseline,baseline,2025-04-01,601018.XSHG,port_rail_infrastructure,0.03571428571,0.03571428571,0.0,0.026239067055393583,-0.005319148936170137,baseline,True,False,False
v57f_startup_preload_repaired_baseline,baseline,2025-04-01,600350.XSHG,highway_infrastructure,0.03571428571,0.03571428571,0.0,0.23950617283950604,0.07676767676767682,baseline,True,False,False
v57f_startup_preload_repaired_baseline,baseline,2025-04-01,600020.XSHG,highway_infrastructure,0.03571428571,0.03571428571,0.0,0.05691056910569103,0.04018912529550822,baseline,True,False,False
v57f_startup_preload_repaired_baseline,baseline,2025-04-01,000828.XSHE,highway_infrastructure,0.03571428571,0.03571428571,0.0,-0.021760633036597365,-0.0739371534195934,baseline,True,False,False
v57f_startup_preload_repaired_baseline,baseline,2025-04-01,600377.XSHG,highway_infrastructure,0.03571428571,0.03571428571,0.0,0.33275261324041816,0.04229195088676674,baseline,True,False,False
internal_subsleeve_mom12_80_20,v57f_pool_internal_subsleeve,2025-04-01,600098.XSHG,utilities_electricity,0.03571428571,0.028571428568000004,-0.0071428571419999976,0.030612244897959107,-0.020000000000000018,middle,True,False,False
internal_subsleeve_mom12_80_20,v57f_pool_internal_subsleeve,2025-04-01,002039.XSHE,utilities_electricity,0.03571428571,0.028571428568000004,-0.0071428571419999976,-0.09586466165413543,0.05660377358490565,middle,True,False,False
internal_subsleeve_mom12_80_20,v57f_pool_internal_subsleeve,2025-04-01,601008.XSHG,port_rail_infrastructure,0.03571428571,0.028571428568000004,-0.0071428571419999976,-0.02144772117962468,0.007894736842105399,middle,True,False,False
internal_subsleeve_mom12_80_20,v57f_pool_internal_subsleeve,2025-04-01,000543.XSHE,utilities_electricity,0.03571428571,0.028571428568000004,-0.0071428571419999976,-0.005420054200542035,-0.06045340050377834,middle,True,False,False
internal_subsleeve_mom12_80_20,v57f_pool_internal_subsleeve,2025-04-01,600803.XSHG,utilities_electricity,0.03571428571,0.028571428568000004,-0.0071428571419999976,0.03361344537815136,-0.05499276410998555,middle,True,False,False
internal_subsleeve_mom12_80_20,v57f_pool_internal_subsleeve,2025-04-01,600578.XSHG,utilities_electricity,0.03571428571,0.04523809523266667,0.009523809522666668,0.04402515723270439,0.014164305949008638,momentum_subsleeve,True,False,False
internal_subsleeve_mom12_80_20,v57f_pool_internal_subsleeve,2025-04-01,000791.XSHE,utilities_electricity,0.03571428571,0.04523809523266667,0.009523809522666668,0.12162162162162171,0.1023489932885906,momentum_subsleeve,True,False,False
internal_subsleeve_mom12_80_20,v57f_pool_internal_subsleeve,2025-04-01,000407.XSHE,utilities_electricity,0.03571428571,0.04523809523266667,0.009523809522666668,0.05555555555555558,-0.027108433734939763,momentum_subsleeve,True,False,False
internal_subsleeve_mom12_80_20,v57f_pool_internal_subsleeve,2025-04-01,000900.XSHE,highway_infrastructure,0.03571428571,0.04523809523266667,0.009523809522666668,0.12668463611859826,-0.06772009029345372,momentum_subsleeve,True,False,False
internal_subsleeve_mom12_80_20,v57f_pool_internal_subsleeve,2025-04-01,000905.XSHE,port_rail_infrastructure,0.03571428571,0.04523809523266667,0.009523809522666668,0.09516380655226198,0.17757009345794383,momentum_subsleeve,True,False,False
internal_subsleeve_mom12_80_20,v57f_pool_internal_subsleeve,2025-04-01,600033.XSHG,highway_infrastructure,0.03571428571,0.028571428568000004,-0.0071428571419999976,0.10979228486646897,-0.0051679586563307955,middle,True,False,False
internal_subsleeve_mom12_80_20,v57f_pool_internal_subsleeve,2025-04-01,600035.XSHG,highway_infrastructure,0.03571428571,0.028571428568000004,-0.0071428571419999976,0.007194244604316502,-0.0581896551724137,middle,True,False,False
internal_subsleeve_mom12_80_20,v57f_pool_internal_subsleeve,2025-04-01,601825.XSHG,bank,0.03571428571,0.04523809523266667,0.009523809522666668,0.26265822784810133,-0.01650943396226423,momentum_subsleeve,True,False,False
internal_subsleeve_mom12_80_20,v57f_pool_internal_subsleeve,2025-04-01,601398.XSHG,bank,0.03571428571,0.04523809523266667,0.009523809522666668,0.31984585741811156,-0.005772005772005762,momentum_subsleeve,True,False,False
internal_subsleeve_mom12_80_20,v57f_pool_internal_subsleeve,2025-04-01,601006.XSHG,port_rail_infrastructure,0.03571428571,0.028571428568000004,-0.0071428571419999976,-0.0834473324213405,-0.032544378698224796,middle,True,False,False
internal_subsleeve_mom12_80_20,v57f_pool_internal_subsleeve,2025-04-01,601997.XSHG,bank,0.03571428571,0.028571428568000004,-0.0071428571419999976,0.07089552238805963,-0.026446280991735516,middle,True,False,False
internal_subsleeve_mom12_80_20,v57f_pool_internal_subsleeve,2025-04-01,002807.XSHE,bank,0.03571428571,0.028571428568000004,-0.0071428571419999976,0.12806539509536785,0.02771362586605086,middle,True,False,False
internal_subsleeve_mom12_80_20,v57f_pool_internal_subsleeve,2025-04-01,600908.XSHG,bank,0.03571428571,0.028571428568000004,-0.0071428571419999976,0.10629921259842523,-0.03050847457627126,middle,True,False,False
internal_subsleeve_mom12_80_20,v57f_pool_internal_subsleeve,2025-04-01,601988.XSHG,bank,0.03571428571,0.04523809523266667,0.009523809522666668,0.2402745995423341,0.018181818181818077,momentum_subsleeve,True,False,False
internal_subsleeve_mom12_80_20,v57f_pool_internal_subsleeve,2025-04-01,002966.XSHE,bank,0.03571428571,0.028571428568000004,-0.0071428571419999976,0.07482014388489211,-0.0283600493218249,middle,True,False,False
internal_subsleeve_mom12_80_20,v57f_pool_internal_subsleeve,2025-04-01,600017.XSHG,port_rail_infrastructure,0.03571428571,0.04523809523266667,0.009523809522666668,0.07553956834532394,-0.037617554858934255,momentum_subsleeve,True,False,False
internal_subsleeve_mom12_80_20,v57f_pool_internal_subsleeve,2025-04-01,600717.XSHG,port_rail_infrastructure,0.03571428571,0.04523809523266667,0.009523809522666668,0.06293706293706292,-0.024793388429752095,momentum_subsleeve,True,False,False
internal_subsleeve_mom12_80_20,v57f_pool_internal_subsleeve,2025-04-01,601228.XSHG,port_rail_infrastructure,0.03571428571,0.028571428568000004,-0.0071428571419999976,-0.0031847133757962887,-0.05882352941176461,middle,True,False,False
internal_subsleeve_mom12_80_20,v57f_pool_internal_subsleeve,2025-04-01,601018.XSHG,port_rail_infrastructure,0.03571428571,0.028571428568000004,-0.0071428571419999976,0.026239067055393583,-0.005319148936170137,middle,True,False,False
internal_subsleeve_mom12_80_20,v57f_pool_internal_subsleeve,2025-04-01,600350.XSHG,highway_infrastructure,0.03571428571,0.04523809523266667,0.009523809522666668,0.23950617283950604,0.07676767676767682,momentum_subsleeve,True,False,False
internal_subsleeve_mom12_80_20,v57f_pool_internal_subsleeve,2025-04-01,600020.XSHG,highway_infrastructure,0.03571428571,0.028571428568000004,-0.0071428571419999976,0.05691056910569103,0.04018912529550822,middle,True,False,False
internal_subsleeve_mom12_80_20,v57f_pool_internal_subsleeve,2025-04-01,000828.XSHE,highway_infrastructure,0.03571428571,0.028571428568000004,-0.0071428571419999976,-0.021760633036597365,-0.0739371534195934,middle,True,False,False
internal_subsleeve_mom12_80_20,v57f_pool_internal_subsleeve,2025-04-01,600377.XSHG,highway_infrastructure,0.03571428571,0.04523809523266667,0.009523809522666668,0.33275261324041816,0.04229195088676674,momentum_subsleeve,True,False,False
internal_subsleeve_mom12_70_30,v57f_pool_internal_subsleeve,2025-04-01,600098.XSHG,utilities_electricity,0.03571428571,0.024999999997,-0.010714285713000003,0.030612244897959107,-0.020000000000000018,middle,True,False,False
internal_subsleeve_mom12_70_30,v57f_pool_internal_subsleeve,2025-04-01,002039.XSHE,utilities_electricity,0.03571428571,0.024999999997,-0.010714285713000003,-0.09586466165413543,0.05660377358490565,middle,True,False,False
internal_subsleeve_mom12_70_30,v57f_pool_internal_subsleeve,2025-04-01,601008.XSHG,port_rail_infrastructure,0.03571428571,0.024999999997,-0.010714285713000003,-0.02144772117962468,0.007894736842105399,middle,True,False,False
internal_subsleeve_mom12_70_30,v57f_pool_internal_subsleeve,2025-04-01,000543.XSHE,utilities_electricity,0.03571428571,0.024999999997,-0.010714285713000003,-0.005420054200542035,-0.06045340050377834,middle,True,False,False
internal_subsleeve_mom12_70_30,v57f_pool_internal_subsleeve,2025-04-01,600803.XSHG,utilities_electricity,0.03571428571,0.024999999997,-0.010714285713000003,0.03361344537815136,-0.05499276410998555,middle,True,False,False
internal_subsleeve_mom12_70_30,v57f_pool_internal_subsleeve,2025-04-01,600578.XSHG,utilities_electricity,0.03571428571,0.049999999994000004,0.014285714284000002,0.04402515723270439,0.014164305949008638,momentum_subsleeve,True,False,False
internal_subsleeve_mom12_70_30,v57f_pool_internal_subsleeve,2025-04-01,000791.XSHE,utilities_electricity,0.03571428571,0.049999999994000004,0.014285714284000002,0.12162162162162171,0.1023489932885906,momentum_subsleeve,True,False,False
internal_subsleeve_mom12_70_30,v57f_pool_internal_subsleeve,2025-04-01,000407.XSHE,utilities_electricity,0.03571428571,0.049999999994000004,0.014285714284000002,0.05555555555555558,-0.027108433734939763,momentum_subsleeve,True,False,False
internal_subsleeve_mom12_70_30,v57f_pool_internal_subsleeve,2025-04-01,000900.XSHE,highway_infrastructure,0.03571428571,0.049999999994000004,0.014285714284000002,0.12668463611859826,-0.06772009029345372,momentum_subsleeve,True,False,False
internal_subsleeve_mom12_70_30,v57f_pool_internal_subsleeve,2025-04-01,000905.XSHE,port_rail_infrastructure,0.03571428571,0.049999999994000004,0.014285714284000002,0.09516380655226198,0.17757009345794383,momentum_subsleeve,True,False,False
internal_subsleeve_mom12_70_30,v57f_pool_internal_subsleeve,2025-04-01,600033.XSHG,highway_infrastructure,0.03571428571,0.024999999997,-0.010714285713000003,0.10979228486646897,-0.0051679586563307955,middle,True,False,False
internal_subsleeve_mom12_70_30,v57f_pool_internal_subsleeve,2025-04-01,600035.XSHG,highway_infrastructure,0.03571428571,0.024999999997,-0.010714285713000003,0.007194244604316502,-0.0581896551724137,middle,True,False,False
internal_subsleeve_mom12_70_30,v57f_pool_internal_subsleeve,2025-04-01,601825.XSHG,bank,0.03571428571,0.049999999994000004,0.014285714284000002,0.26265822784810133,-0.01650943396226423,momentum_subsleeve,True,False,False
internal_subsleeve_mom12_70_30,v57f_pool_internal_subsleeve,2025-04-01,601398.XSHG,bank,0.03571428571,0.049999999994000004,0.014285714284000002,0.31984585741811156,-0.005772005772005762,momentum_subsleeve,True,False,False
internal_subsleeve_mom12_70_30,v57f_pool_internal_subsleeve,2025-04-01,601006.XSHG,port_rail_infrastructure,0.03571428571,0.024999999997,-0.010714285713000003,-0.0834473324213405,-0.032544378698224796,middle,True,False,False
internal_subsleeve_mom12_70_30,v57f_pool_internal_subsleeve,2025-04-01,601997.XSHG,bank,0.03571428571,0.024999999997,-0.010714285713000003,0.07089552238805963,-0.026446280991735516,middle,True,False,False
internal_subsleeve_mom12_70_30,v57f_pool_internal_subsleeve,2025-04-01,002807.XSHE,bank,0.03571428571,0.024999999997,-0.010714285713000003,0.12806539509536785,0.02771362586605086,middle,True,False,False
internal_subsleeve_mom12_70_30,v57f_pool_internal_subsleeve,2025-04-01,600908.XSHG,bank,0.03571428571,0.024999999997,-0.010714285713000003,0.10629921259842523,-0.03050847457627126,middle,True,False,False
internal_subsleeve_mom12_70_30,v57f_pool_internal_subsleeve,2025-04-01,601988.XSHG,bank,0.03571428571,0.049999999994000004,0.014285714284000002,0.2402745995423341,0.018181818181818077,momentum_subsleeve,True,False,False
internal_subsleeve_mom12_70_30,v57f_pool_internal_subsleeve,2025-04-01,002966.XSHE,bank,0.03571428571,0.024999999997,-0.010714285713000003,0.07482014388489211,-0.0283600493218249,middle,True,False,False
internal_subsleeve_mom12_70_30,v57f_pool_internal_subsleeve,2025-04-01,600017.XSHG,port_rail_infrastructure,0.03571428571,0.049999999994000004,0.014285714284000002,0.07553956834532394,-0.037617554858934255,momentum_subsleeve,True,False,False
internal_subsleeve_mom12_70_30,v57f_pool_internal_subsleeve,2025-04-01,600717.XSHG,port_rail_infrastructure,0.03571428571,0.049999999994000004,0.014285714284000002,0.06293706293706292,-0.024793388429752095,momentum_subsleeve,True,False,False
internal_subsleeve_mom12_70_30,v57f_pool_internal_subsleeve,2025-04-01,601228.XSHG,port_rail_infrastructure,0.03571428571,0.024999999997,-0.010714285713000003,-0.0031847133757962887,-0.05882352941176461,middle,True,False,False
internal_subsleeve_mom12_70_30,v57f_pool_internal_subsleeve,2025-04-01,601018.XSHG,port_rail_infrastructure,0.03571428571,0.024999999997,-0.010714285713000003,0.026239067055393583,-0.005319148936170137,middle,True,False,False
internal_subsleeve_mom12_70_30,v57f_pool_internal_subsleeve,2025-04-01,600350.XSHG,highway_infrastructure,0.03571428571,0.049999999994000004,0.014285714284000002,0.23950617283950604,0.07676767676767682,momentum_subsleeve,True,False,False
internal_subsleeve_mom12_70_30,v57f_pool_internal_subsleeve,2025-04-01,600020.XSHG,highway_infrastructure,0.03571428571,0.024999999997,-0.010714285713000003,0.05691056910569103,0.04018912529550822,middle,True,False,False
internal_subsleeve_mom12_70_30,v57f_pool_internal_subsleeve,2025-04-01,000828.XSHE,highway_infrastructure,0.03571428571,0.024999999997,-0.010714285713000003,-0.021760633036597365,-0.0739371534195934,middle,True,False,False
internal_subsleeve_mom12_70_30,v57f_pool_internal_subsleeve,2025-04-01,600377.XSHG,highway_infrastructure,0.03571428571,0.049999999994000004,0.014285714284000002,0.33275261324041816,0.04229195088676674,momentum_subsleeve,True,False,False
dual_sleeve_mom12_80_20,dual_sleeve_allocation,2025-04-01,600098.XSHG,utilities_electricity,0.03571428571,0.028571428568000004,-0.0071428571419999976,0.030612244897959107,-0.020000000000000018,value_sleeve_only,False,False,False
dual_sleeve_mom12_80_20,dual_sleeve_allocation,2025-04-01,002039.XSHE,utilities_electricity,0.03571428571,0.028571428568000004,-0.0071428571419999976,-0.09586466165413543,0.05660377358490565,value_sleeve_only,False,False,False
dual_sleeve_mom12_80_20,dual_sleeve_allocation,2025-04-01,601008.XSHG,port_rail_infrastructure,0.03571428571,0.028571428568000004,-0.0071428571419999976,-0.02144772117962468,0.007894736842105399,value_sleeve_only,False,False,False
dual_sleeve_mom12_80_20,dual_sleeve_allocation,2025-04-01,000543.XSHE,utilities_electricity,0.03571428571,0.028571428568000004,-0.0071428571419999976,-0.005420054200542035,-0.06045340050377834,value_sleeve_only,False,False,False
dual_sleeve_mom12_80_20,dual_sleeve_allocation,2025-04-01,600803.XSHG,utilities_electricity,0.03571428571,0.028571428568000004,-0.0071428571419999976,0.03361344537815136,-0.05499276410998555,value_sleeve_only,False,False,False
dual_sleeve_mom12_80_20,dual_sleeve_allocation,2025-04-01,600578.XSHG,utilities_electricity,0.03571428571,0.028571428568000004,-0.0071428571419999976,0.04402515723270439,0.014164305949008638,value_sleeve_only,False,False,False
dual_sleeve_mom12_80_20,dual_sleeve_allocation,2025-04-01,000791.XSHE,utilities_electricity,0.03571428571,0.04857142856800001,0.012857142858000006,0.12162162162162171,0.1023489932885906,momentum_sleeve,False,False,False
dual_sleeve_mom12_80_20,dual_sleeve_allocation,2025-04-01,000407.XSHE,utilities_electricity,0.03571428571,0.028571428568000004,-0.0071428571419999976,0.05555555555555558,-0.027108433734939763,value_sleeve_only,False,False,False
dual_sleeve_mom12_80_20,dual_sleeve_allocation,2025-04-01,000900.XSHE,highway_infrastructure,0.03571428571,0.04857142856800001,0.012857142858000006,0.12668463611859826,-0.06772009029345372,momentum_sleeve,False,False,False
dual_sleeve_mom12_80_20,dual_sleeve_allocation,2025-04-01,000905.XSHE,port_rail_infrastructure,0.03571428571,0.028571428568000004,-0.0071428571419999976,0.09516380655226198,0.17757009345794383,value_sleeve_only,False,False,False
dual_sleeve_mom12_80_20,dual_sleeve_allocation,2025-04-01,600033.XSHG,highway_infrastructure,0.03571428571,0.04857142856800001,0.012857142858000006,0.10979228486646897,-0.0051679586563307955,momentum_sleeve,False,False,False
dual_sleeve_mom12_80_20,dual_sleeve_allocation,2025-04-01,600035.XSHG,highway_infrastructure,0.03571428571,0.028571428568000004,-0.0071428571419999976,0.007194244604316502,-0.0581896551724137,value_sleeve_only,False,False,False
dual_sleeve_mom12_80_20,dual_sleeve_allocation,2025-04-01,601825.XSHG,bank,0.03571428571,0.04857142856800001,0.012857142858000006,0.26265822784810133,-0.01650943396226423,momentum_sleeve,False,False,False
dual_sleeve_mom12_80_20,dual_sleeve_allocation,2025-04-01,601398.XSHG,bank,0.03571428571,0.04857142856800001,0.012857142858000006,0.31984585741811156,-0.005772005772005762,momentum_sleeve,False,False,False
dual_sleeve_mom12_80_20,dual_sleeve_allocation,2025-04-01,601006.XSHG,port_rail_infrastructure,0.03571428571,0.028571428568000004,-0.0071428571419999976,-0.0834473324213405,-0.032544378698224796,value_sleeve_only,False,False,False
dual_sleeve_mom12_80_20,dual_sleeve_allocation,2025-04-01,601997.XSHG,bank,0.03571428571,0.028571428568000004,-0.0071428571419999976,0.07089552238805963,-0.026446280991735516,value_sleeve_only,False,False,False
dual_sleeve_mom12_80_20,dual_sleeve_allocation,2025-04-01,002807.XSHE,bank,0.03571428571,0.04857142856800001,0.012857142858000006,0.12806539509536785,0.02771362586605086,momentum_sleeve,False,False,False
dual_sleeve_mom12_80_20,dual_sleeve_allocation,2025-04-01,600908.XSHG,bank,0.03571428571,0.04857142856800001,0.012857142858000006,0.10629921259842523,-0.03050847457627126,momentum_sleeve,False,False,False
dual_sleeve_mom12_80_20,dual_sleeve_allocation,2025-04-01,601988.XSHG,bank,0.03571428571,0.04857142856800001,0.012857142858000006,0.2402745995423341,0.018181818181818077,momentum_sleeve,False,False,False
dual_sleeve_mom12_80_20,dual_sleeve_allocation,2025-04-01,002966.XSHE,bank,0.03571428571,0.028571428568000004,-0.0071428571419999976,0.07482014388489211,-0.0283600493218249,value_sleeve_only,False,False,False
dual_sleeve_mom12_80_20,dual_sleeve_allocation,2025-04-01,600017.XSHG,port_rail_infrastructure,0.03571428571,0.028571428568000004,-0.0071428571419999976,0.07553956834532394,-0.037617554858934255,value_sleeve_only,False,False,False
dual_sleeve_mom12_80_20,dual_sleeve_allocation,2025-04-01,600717.XSHG,port_rail_infrastructure,0.03571428571,0.028571428568000004,-0.0071428571419999976,0.06293706293706292,-0.024793388429752095,value_sleeve_only,False,False,False
dual_sleeve_mom12_80_20,dual_sleeve_allocation,2025-04-01,601228.XSHG,port_rail_infrastructure,0.03571428571,0.028571428568000004,-0.0071428571419999976,-0.0031847133757962887,-0.05882352941176461,value_sleeve_only,False,False,False
dual_sleeve_mom12_80_20,dual_sleeve_allocation,2025-04-01,601018.XSHG,port_rail_infrastructure,0.03571428571,0.028571428568000004,-0.0071428571419999976,0.026239067055393583,-0.005319148936170137,value_sleeve_only,False,False,False
dual_sleeve_mom12_80_20,dual_sleeve_allocation,2025-04-01,600350.XSHG,highway_infrastructure,0.03571428571,0.04857142856800001,0.012857142858000006,0.23950617283950604,0.07676767676767682,momentum_sleeve,False,False,False
dual_sleeve_mom12_80_20,dual_sleeve_allocation,2025-04-01,600020.XSHG,highway_infrastructure,0.03571428571,0.028571428568000004,-0.0071428571419999976,0.05691056910569103,0.04018912529550822,value_sleeve_only,False,False,False
dual_sleeve_mom12_80_20,dual_sleeve_allocation,2025-04-01,000828.XSHE,highway_infrastructure,0.03571428571,0.028571428568000004,-0.0071428571419999976,-0.021760633036597365,-0.0739371534195934,value_sleeve_only,False,False,False
dual_sleeve_mom12_80_20,dual_sleeve_allocation,2025-04-01,600377.XSHG,highway_infrastructure,0.03571428571,0.04857142856800001,0.012857142858000006,0.33275261324041816,0.04229195088676674,momentum_sleeve,False,False,False
dual_sleeve_mom12_60_40,dual_sleeve_allocation,2025-04-01,600098.XSHG,utilities_electricity,0.03571428571,0.021428571426,-0.014285714284000002,0.030612244897959107,-0.020000000000000018,value_sleeve_only,False,False,False
dual_sleeve_mom12_60_40,dual_sleeve_allocation,2025-04-01,002039.XSHE,utilities_electricity,0.03571428571,0.021428571426,-0.014285714284000002,-0.09586466165413543,0.05660377358490565,value_sleeve_only,False,False,False
dual_sleeve_mom12_60_40,dual_sleeve_allocation,2025-04-01,601008.XSHG,port_rail_infrastructure,0.03571428571,0.021428571426,-0.014285714284000002,-0.02144772117962468,0.007894736842105399,value_sleeve_only,False,False,False
dual_sleeve_mom12_60_40,dual_sleeve_allocation,2025-04-01,000543.XSHE,utilities_electricity,0.03571428571,0.021428571426,-0.014285714284000002,-0.005420054200542035,-0.06045340050377834,value_sleeve_only,False,False,False
dual_sleeve_mom12_60_40,dual_sleeve_allocation,2025-04-01,600803.XSHG,utilities_electricity,0.03571428571,0.021428571426,-0.014285714284000002,0.03361344537815136,-0.05499276410998555,value_sleeve_only,False,False,False
dual_sleeve_mom12_60_40,dual_sleeve_allocation,2025-04-01,600578.XSHG,utilities_electricity,0.03571428571,0.021428571426,-0.014285714284000002,0.04402515723270439,0.014164305949008638,value_sleeve_only,False,False,False
dual_sleeve_mom12_60_40,dual_sleeve_allocation,2025-04-01,000791.XSHE,utilities_electricity,0.03571428571,0.061428571426,0.025714285716,0.12162162162162171,0.1023489932885906,momentum_sleeve,False,False,False
dual_sleeve_mom12_60_40,dual_sleeve_allocation,2025-04-01,000407.XSHE,utilities_electricity,0.03571428571,0.021428571426,-0.014285714284000002,0.05555555555555558,-0.027108433734939763,value_sleeve_only,False,False,False
dual_sleeve_mom12_60_40,dual_sleeve_allocation,2025-04-01,000900.XSHE,highway_infrastructure,0.03571428571,0.061428571426,0.025714285716,0.12668463611859826,-0.06772009029345372,momentum_sleeve,False,False,False
dual_sleeve_mom12_60_40,dual_sleeve_allocation,2025-04-01,000905.XSHE,port_rail_infrastructure,0.03571428571,0.021428571426,-0.014285714284000002,0.09516380655226198,0.17757009345794383,value_sleeve_only,False,False,False
dual_sleeve_mom12_60_40,dual_sleeve_allocation,2025-04-01,600033.XSHG,highway_infrastructure,0.03571428571,0.061428571426,0.025714285716,0.10979228486646897,-0.0051679586563307955,momentum_sleeve,False,False,False
dual_sleeve_mom12_60_40,dual_sleeve_allocation,2025-04-01,600035.XSHG,highway_infrastructure,0.03571428571,0.021428571426,-0.014285714284000002,0.007194244604316502,-0.0581896551724137,value_sleeve_only,False,False,False
dual_sleeve_mom12_60_40,dual_sleeve_allocation,2025-04-01,601825.XSHG,bank,0.03571428571,0.061428571426,0.025714285716,0.26265822784810133,-0.01650943396226423,momentum_sleeve,False,False,False
dual_sleeve_mom12_60_40,dual_sleeve_allocation,2025-04-01,601398.XSHG,bank,0.03571428571,0.061428571426,0.025714285716,0.31984585741811156,-0.005772005772005762,momentum_sleeve,False,False,False
dual_sleeve_mom12_60_40,dual_sleeve_allocation,2025-04-01,601006.XSHG,port_rail_infrastructure,0.03571428571,0.021428571426,-0.014285714284000002,-0.0834473324213405,-0.032544378698224796,value_sleeve_only,False,False,False
dual_sleeve_mom12_60_40,dual_sleeve_allocation,2025-04-01,601997.XSHG,bank,0.03571428571,0.021428571426,-0.014285714284000002,0.07089552238805963,-0.026446280991735516,value_sleeve_only,False,False,False
dual_sleeve_mom12_60_40,dual_sleeve_allocation,2025-04-01,002807.XSHE,bank,0.03571428571,0.061428571426,0.025714285716,0.12806539509536785,0.02771362586605086,momentum_sleeve,False,False,False
dual_sleeve_mom12_60_40,dual_sleeve_allocation,2025-04-01,600908.XSHG,bank,0.03571428571,0.061428571426,0.025714285716,0.10629921259842523,-0.03050847457627126,momentum_sleeve,False,False,False
dual_sleeve_mom12_60_40,dual_sleeve_allocation,2025-04-01,601988.XSHG,bank,0.03571428571,0.061428571426,0.025714285716,0.2402745995423341,0.018181818181818077,momentum_sleeve,False,False,False
dual_sleeve_mom12_60_40,dual_sleeve_allocation,2025-04-01,002966.XSHE,bank,0.03571428571,0.021428571426,-0.014285714284000002,0.07482014388489211,-0.0283600493218249,value_sleeve_only,False,False,False
dual_sleeve_mom12_60_40,dual_sleeve_allocation,2025-04-01,600017.XSHG,port_rail_infrastructure,0.03571428571,0.021428571426,-0.014285714284000002,0.07553956834532394,-0.037617554858934255,value_sleeve_only,False,False,False
dual_sleeve_mom12_60_40,dual_sleeve_allocation,2025-04-01,600717.XSHG,port_rail_infrastructure,0.03571428571,0.021428571426,-0.014285714284000002,0.06293706293706292,-0.024793388429752095,value_sleeve_only,False,False,False
dual_sleeve_mom12_60_40,dual_sleeve_allocation,2025-04-01,601228.XSHG,port_rail_infrastructure,0.03571428571,0.021428571426,-0.014285714284000002,-0.0031847133757962887,-0.05882352941176461,value_sleeve_only,False,False,False
dual_sleeve_mom12_60_40,dual_sleeve_allocation,2025-04-01,601018.XSHG,port_rail_infrastructure,0.03571428571,0.021428571426,-0.014285714284000002,0.026239067055393583,-0.005319148936170137,value_sleeve_only,False,False,False
dual_sleeve_mom12_60_40,dual_sleeve_allocation,2025-04-01,600350.XSHG,highway_infrastructure,0.03571428571,0.061428571426,0.025714285716,0.23950617283950604,0.07676767676767682,momentum_sleeve,False,False,False
dual_sleeve_mom12_60_40,dual_sleeve_allocation,2025-04-01,600020.XSHG,highway_infrastructure,0.03571428571,0.021428571426,-0.014285714284000002,0.05691056910569103,0.04018912529550822,value_sleeve_only,False,False,False
dual_sleeve_mom12_60_40,dual_sleeve_allocation,2025-04-01,000828.XSHE,highway_infrastructure,0.03571428571,0.021428571426,-0.014285714284000002,-0.021760633036597365,-0.0739371534195934,value_sleeve_only,False,False,False
dual_sleeve_mom12_60_40,dual_sleeve_allocation,2025-04-01,600377.XSHG,highway_infrastructure,0.03571428571,0.061428571426,0.025714285716,0.33275261324041816,0.04229195088676674,momentum_sleeve,False,False,False
state_routed_mom12_70_30_or_100_0,state_routed_budget,2025-04-01,600098.XSHG,utilities_electricity,0.03571428571,0.024999999997,-0.010714285713000003,0.030612244897959107,-0.020000000000000018,value_sleeve_only,False,False,False
state_routed_mom12_70_30_or_100_0,state_routed_budget,2025-04-01,002039.XSHE,utilities_electricity,0.03571428571,0.024999999997,-0.010714285713000003,-0.09586466165413543,0.05660377358490565,value_sleeve_only,False,False,False
state_routed_mom12_70_30_or_100_0,state_routed_budget,2025-04-01,601008.XSHG,port_rail_infrastructure,0.03571428571,0.024999999997,-0.010714285713000003,-0.02144772117962468,0.007894736842105399,value_sleeve_only,False,False,False
state_routed_mom12_70_30_or_100_0,state_routed_budget,2025-04-01,000543.XSHE,utilities_electricity,0.03571428571,0.024999999997,-0.010714285713000003,-0.005420054200542035,-0.06045340050377834,value_sleeve_only,False,False,False
state_routed_mom12_70_30_or_100_0,state_routed_budget,2025-04-01,600803.XSHG,utilities_electricity,0.03571428571,0.024999999997,-0.010714285713000003,0.03361344537815136,-0.05499276410998555,value_sleeve_only,False,False,False
state_routed_mom12_70_30_or_100_0,state_routed_budget,2025-04-01,600578.XSHG,utilities_electricity,0.03571428571,0.024999999997,-0.010714285713000003,0.04402515723270439,0.014164305949008638,value_sleeve_only,False,False,False
state_routed_mom12_70_30_or_100_0,state_routed_budget,2025-04-01,000791.XSHE,utilities_electricity,0.03571428571,0.054999999997,0.019285714286999996,0.12162162162162171,0.1023489932885906,momentum_sleeve,False,False,False
state_routed_mom12_70_30_or_100_0,state_routed_budget,2025-04-01,000407.XSHE,utilities_electricity,0.03571428571,0.024999999997,-0.010714285713000003,0.05555555555555558,-0.027108433734939763,value_sleeve_only,False,False,False
state_routed_mom12_70_30_or_100_0,state_routed_budget,2025-04-01,000900.XSHE,highway_infrastructure,0.03571428571,0.054999999997,0.019285714286999996,0.12668463611859826,-0.06772009029345372,momentum_sleeve,False,False,False
state_routed_mom12_70_30_or_100_0,state_routed_budget,2025-04-01,000905.XSHE,port_rail_infrastructure,0.03571428571,0.024999999997,-0.010714285713000003,0.09516380655226198,0.17757009345794383,value_sleeve_only,False,False,False
state_routed_mom12_70_30_or_100_0,state_routed_budget,2025-04-01,600033.XSHG,highway_infrastructure,0.03571428571,0.054999999997,0.019285714286999996,0.10979228486646897,-0.0051679586563307955,momentum_sleeve,False,False,False
state_routed_mom12_70_30_or_100_0,state_routed_budget,2025-04-01,600035.XSHG,highway_infrastructure,0.03571428571,0.024999999997,-0.010714285713000003,0.007194244604316502,-0.0581896551724137,value_sleeve_only,False,False,False
state_routed_mom12_70_30_or_100_0,state_routed_budget,2025-04-01,601825.XSHG,bank,0.03571428571,0.054999999997,0.019285714286999996,0.26265822784810133,-0.01650943396226423,momentum_sleeve,False,False,False
state_routed_mom12_70_30_or_100_0,state_routed_budget,2025-04-01,601398.XSHG,bank,0.03571428571,0.054999999997,0.019285714286999996,0.31984585741811156,-0.005772005772005762,momentum_sleeve,False,False,False
state_routed_mom12_70_30_or_100_0,state_routed_budget,2025-04-01,601006.XSHG,port_rail_infrastructure,0.03571428571,0.024999999997,-0.010714285713000003,-0.0834473324213405,-0.032544378698224796,value_sleeve_only,False,False,False
state_routed_mom12_70_30_or_100_0,state_routed_budget,2025-04-01,601997.XSHG,bank,0.03571428571,0.024999999997,-0.010714285713000003,0.07089552238805963,-0.026446280991735516,value_sleeve_only,False,False,False
state_routed_mom12_70_30_or_100_0,state_routed_budget,2025-04-01,002807.XSHE,bank,0.03571428571,0.054999999997,0.019285714286999996,0.12806539509536785,0.02771362586605086,momentum_sleeve,False,False,False
state_routed_mom12_70_30_or_100_0,state_routed_budget,2025-04-01,600908.XSHG,bank,0.03571428571,0.054999999997,0.019285714286999996,0.10629921259842523,-0.03050847457627126,momentum_sleeve,False,False,False
state_routed_mom12_70_30_or_100_0,state_routed_budget,2025-04-01,601988.XSHG,bank,0.03571428571,0.054999999997,0.019285714286999996,0.2402745995423341,0.018181818181818077,momentum_sleeve,False,False,False
state_routed_mom12_70_30_or_100_0,state_routed_budget,2025-04-01,002966.XSHE,bank,0.03571428571,0.024999999997,-0.010714285713000003,0.07482014388489211,-0.0283600493218249,value_sleeve_only,False,False,False
state_routed_mom12_70_30_or_100_0,state_routed_budget,2025-04-01,600017.XSHG,port_rail_infrastructure,0.03571428571,0.024999999997,-0.010714285713000003,0.07553956834532394,-0.037617554858934255,value_sleeve_only,False,False,False
state_routed_mom12_70_30_or_100_0,state_routed_budget,2025-04-01,600717.XSHG,port_rail_infrastructure,0.03571428571,0.024999999997,-0.010714285713000003,0.06293706293706292,-0.024793388429752095,value_sleeve_only,False,False,False
state_routed_mom12_70_30_or_100_0,state_routed_budget,2025-04-01,601228.XSHG,port_rail_infrastructure,0.03571428571,0.024999999997,-0.010714285713000003,-0.0031847133757962887,-0.05882352941176461,value_sleeve_only,False,False,False
state_routed_mom12_70_30_or_100_0,state_routed_budget,2025-04-01,601018.XSHG,port_rail_infrastructure,0.03571428571,0.024999999997,-0.010714285713000003,0.026239067055393583,-0.005319148936170137,value_sleeve_only,False,False,False
state_routed_mom12_70_30_or_100_0,state_routed_budget,2025-04-01,600350.XSHG,highway_infrastructure,0.03571428571,0.054999999997,0.019285714286999996,0.23950617283950604,0.07676767676767682,momentum_sleeve,False,False,False
state_routed_mom12_70_30_or_100_0,state_routed_budget,2025-04-01,600020.XSHG,highway_infrastructure,0.03571428571,0.024999999997,-0.010714285713000003,0.05691056910569103,0.04018912529550822,value_sleeve_only,False,False,False
state_routed_mom12_70_30_or_100_0,state_routed_budget,2025-04-01,000828.XSHE,highway_infrastructure,0.03571428571,0.024999999997,-0.010714285713000003,-0.021760633036597365,-0.0739371534195934,value_sleeve_only,False,False,False
state_routed_mom12_70_30_or_100_0,state_routed_budget,2025-04-01,600377.XSHG,highway_infrastructure,0.03571428571,0.054999999997,0.019285714286999996,0.33275261324041816,0.04229195088676674,momentum_sleeve,False,False,False
admission_suppression_mom12_bottom_cap75,admission_suppression,2025-04-01,600098.XSHG,utilities_electricity,0.03571428571,0.039285714281,0.0035714285709999988,0.030612244897959107,-0.020000000000000018,middle_or_top,True,False,False
admission_suppression_mom12_bottom_cap75,admission_suppression,2025-04-01,002039.XSHE,utilities_electricity,0.03571428571,0.0267857142825,-0.0089285714275,-0.09586466165413543,0.05660377358490565,suppressed_bottom_momentum,True,False,False
admission_suppression_mom12_bottom_cap75,admission_suppression,2025-04-01,601008.XSHG,port_rail_infrastructure,0.03571428571,0.0267857142825,-0.0089285714275,-0.02144772117962468,0.007894736842105399,suppressed_bottom_momentum,True,False,False
admission_suppression_mom12_bottom_cap75,admission_suppression,2025-04-01,000543.XSHE,utilities_electricity,0.03571428571,0.0267857142825,-0.0089285714275,-0.005420054200542035,-0.06045340050377834,suppressed_bottom_momentum,True,False,False
admission_suppression_mom12_bottom_cap75,admission_suppression,2025-04-01,600803.XSHG,utilities_electricity,0.03571428571,0.039285714281,0.0035714285709999988,0.03361344537815136,-0.05499276410998555,middle_or_top,True,False,False
admission_suppression_mom12_bottom_cap75,admission_suppression,2025-04-01,600578.XSHG,utilities_electricity,0.03571428571,0.039285714281,0.0035714285709999988,0.04402515723270439,0.014164305949008638,middle_or_top,True,False,False
admission_suppression_mom12_bottom_cap75,admission_suppression,2025-04-01,000791.XSHE,utilities_electricity,0.03571428571,0.039285714281,0.0035714285709999988,0.12162162162162171,0.1023489932885906,middle_or_top,True,False,False
admission_suppression_mom12_bottom_cap75,admission_suppression,2025-04-01,000407.XSHE,utilities_electricity,0.03571428571,0.039285714281,0.0035714285709999988,0.05555555555555558,-0.027108433734939763,middle_or_top,True,False,False
admission_suppression_mom12_bottom_cap75,admission_suppression,2025-04-01,000900.XSHE,highway_infrastructure,0.03571428571,0.039285714281,0.0035714285709999988,0.12668463611859826,-0.06772009029345372,middle_or_top,True,False,False
admission_suppression_mom12_bottom_cap75,admission_suppression,2025-04-01,000905.XSHE,port_rail_infrastructure,0.03571428571,0.039285714281,0.0035714285709999988,0.09516380655226198,0.17757009345794383,middle_or_top,True,False,False
admission_suppression_mom12_bottom_cap75,admission_suppression,2025-04-01,600033.XSHG,highway_infrastructure,0.03571428571,0.039285714281,0.0035714285709999988,0.10979228486646897,-0.0051679586563307955,middle_or_top,True,False,False
admission_suppression_mom12_bottom_cap75,admission_suppression,2025-04-01,600035.XSHG,highway_infrastructure,0.03571428571,0.0267857142825,-0.0089285714275,0.007194244604316502,-0.0581896551724137,suppressed_bottom_momentum,True,False,False
admission_suppression_mom12_bottom_cap75,admission_suppression,2025-04-01,601825.XSHG,bank,0.03571428571,0.039285714281,0.0035714285709999988,0.26265822784810133,-0.01650943396226423,middle_or_top,True,False,False
admission_suppression_mom12_bottom_cap75,admission_suppression,2025-04-01,601398.XSHG,bank,0.03571428571,0.039285714281,0.0035714285709999988,0.31984585741811156,-0.005772005772005762,middle_or_top,True,False,False
admission_suppression_mom12_bottom_cap75,admission_suppression,2025-04-01,601006.XSHG,port_rail_infrastructure,0.03571428571,0.0267857142825,-0.0089285714275,-0.0834473324213405,-0.032544378698224796,suppressed_bottom_momentum,True,False,False
admission_suppression_mom12_bottom_cap75,admission_suppression,2025-04-01,601997.XSHG,bank,0.03571428571,0.0267857142825,-0.0089285714275,0.07089552238805963,-0.026446280991735516,suppressed_bottom_momentum,True,False,False
admission_suppression_mom12_bottom_cap75,admission_suppression,2025-04-01,002807.XSHE,bank,0.03571428571,0.039285714281,0.0035714285709999988,0.12806539509536785,0.02771362586605086,middle_or_top,True,False,False
admission_suppression_mom12_bottom_cap75,admission_suppression,2025-04-01,600908.XSHG,bank,0.03571428571,0.039285714281,0.0035714285709999988,0.10629921259842523,-0.03050847457627126,middle_or_top,True,False,False
admission_suppression_mom12_bottom_cap75,admission_suppression,2025-04-01,601988.XSHG,bank,0.03571428571,0.039285714281,0.0035714285709999988,0.2402745995423341,0.018181818181818077,middle_or_top,True,False,False
admission_suppression_mom12_bottom_cap75,admission_suppression,2025-04-01,002966.XSHE,bank,0.03571428571,0.0267857142825,-0.0089285714275,0.07482014388489211,-0.0283600493218249,suppressed_bottom_momentum,True,False,False
admission_suppression_mom12_bottom_cap75,admission_suppression,2025-04-01,600017.XSHG,port_rail_infrastructure,0.03571428571,0.039285714281,0.0035714285709999988,0.07553956834532394,-0.037617554858934255,middle_or_top,True,False,False
admission_suppression_mom12_bottom_cap75,admission_suppression,2025-04-01,600717.XSHG,port_rail_infrastructure,0.03571428571,0.039285714281,0.0035714285709999988,0.06293706293706292,-0.024793388429752095,middle_or_top,True,False,False
admission_suppression_mom12_bottom_cap75,admission_suppression,2025-04-01,601228.XSHG,port_rail_infrastructure,0.03571428571,0.039285714281,0.0035714285709999988,-0.0031847133757962887,-0.05882352941176461,middle_or_top,True,False,False
admission_suppression_mom12_bottom_cap75,admission_suppression,2025-04-01,601018.XSHG,port_rail_infrastructure,0.03571428571,0.039285714281,0.0035714285709999988,0.026239067055393583,-0.005319148936170137,middle_or_top,True,False,False
admission_suppression_mom12_bottom_cap75,admission_suppression,2025-04-01,600350.XSHG,highway_infrastructure,0.03571428571,0.039285714281,0.0035714285709999988,0.23950617283950604,0.07676767676767682,middle_or_top,True,False,False
admission_suppression_mom12_bottom_cap75,admission_suppression,2025-04-01,600020.XSHG,highway_infrastructure,0.03571428571,0.039285714281,0.0035714285709999988,0.05691056910569103,0.04018912529550822,middle_or_top,True,False,False
admission_suppression_mom12_bottom_cap75,admission_suppression,2025-04-01,000828.XSHE,highway_infrastructure,0.03571428571,0.0267857142825,-0.0089285714275,-0.021760633036597365,-0.0739371534195934,suppressed_bottom_momentum,True,False,False
admission_suppression_mom12_bottom_cap75,admission_suppression,2025-04-01,600377.XSHG,highway_infrastructure,0.03571428571,0.039285714281,0.0035714285709999988,0.33275261324041816,0.04229195088676674,middle_or_top,True,False,False
v57f_startup_preload_repaired_baseline,baseline,2025-07-01,600011.XSHG,utilities_electricity,0.03571428571,0.03571428571,0.0,-0.21837837837837837,0.03179190751445082,baseline,True,False,False
v57f_startup_preload_repaired_baseline,baseline,2025-07-01,600795.XSHG,utilities_electricity,0.03571428571,0.03571428571,0.0,-0.21612349914236706,0.09009009009009006,baseline,True,False,False
v57f_startup_preload_repaired_baseline,baseline,2025-07-01,601991.XSHG,utilities_electricity,0.03571428571,0.03571428571,0.0,0.032362459546925626,0.07457627118644061,baseline,True,False,False
v57f_startup_preload_repaired_baseline,baseline,2025-07-01,000027.XSHE,utilities_electricity,0.03571428571,0.03571428571,0.0,-0.10344827586206895,0.006309148264984188,baseline,True,False,False
v57f_startup_preload_repaired_baseline,baseline,2025-07-01,600027.XSHG,utilities_electricity,0.03571428571,0.03571428571,0.0,-0.16666666666666663,-0.04869565217391314,baseline,True,False,False
v57f_startup_preload_repaired_baseline,baseline,2025-07-01,000543.XSHE,utilities_electricity,0.03571428571,0.03571428571,0.0,-0.14583333333333337,-0.06166219839142095,baseline,True,False,False
v57f_startup_preload_repaired_baseline,baseline,2025-07-01,600021.XSHG,utilities_electricity,0.03571428571,0.03571428571,0.0,-0.13064833005893906,-0.04972972972972978,baseline,True,False,False
v57f_startup_preload_repaired_baseline,baseline,2025-07-01,601018.XSHG,port_rail_infrastructure,0.03571428571,0.03571428571,0.0,0.06489675516224191,-0.021390374331550777,baseline,True,False,False
v57f_startup_preload_repaired_baseline,baseline,2025-07-01,600035.XSHG,highway_infrastructure,0.03571428571,0.03571428571,0.0,0.06308411214953269,-0.029748283752860427,baseline,True,False,False
v57f_startup_preload_repaired_baseline,baseline,2025-07-01,600033.XSHG,highway_infrastructure,0.03571428571,0.03571428571,0.0,0.07309941520467844,-0.08051948051948055,baseline,True,False,False
v57f_startup_preload_repaired_baseline,baseline,2025-07-01,000900.XSHE,highway_infrastructure,0.03571428571,0.03571428571,0.0,0.11202185792349728,0.02421307506053272,baseline,True,False,False
v57f_startup_preload_repaired_baseline,baseline,2025-07-01,600020.XSHG,highway_infrastructure,0.03571428571,0.03571428571,0.0,0.44126074498567336,0.08636363636363642,baseline,True,False,False
v57f_startup_preload_repaired_baseline,baseline,2025-07-01,600350.XSHG,highway_infrastructure,0.03571428571,0.03571428571,0.0,0.3194925028835063,0.0,baseline,True,False,False
v57f_startup_preload_repaired_baseline,baseline,2025-07-01,001213.XSHE,port_rail_infrastructure,0.03571428571,0.03571428571,0.0,0.02743142144638422,0.012468827930174564,baseline,True,False,False
v57f_startup_preload_repaired_baseline,baseline,2025-07-01,601398.XSHG,bank,0.03571428571,0.03571428571,0.0,0.2854545454545454,0.10159651669085634,baseline,True,False,False
v57f_startup_preload_repaired_baseline,baseline,2025-07-01,600717.XSHG,port_rail_infrastructure,0.03571428571,0.03571428571,0.0,0.06775700934579443,-0.03389830508474578,baseline,True,False,False
v57f_startup_preload_repaired_baseline,baseline,2025-07-01,601997.XSHG,bank,0.03571428571,0.03571428571,0.0,0.1574952561669829,0.05942275042444822,baseline,True,False,False
v57f_startup_preload_repaired_baseline,baseline,2025-07-01,601333.XSHG,port_rail_infrastructure,0.03571428571,0.03571428571,0.0,-0.047021943573667735,-0.0068728522336769515,baseline,True,False,False
v57f_startup_preload_repaired_baseline,baseline,2025-07-01,601228.XSHG,port_rail_infrastructure,0.03571428571,0.03571428571,0.0,0.032154340836012985,0.009374999999999911,baseline,True,False,False
v57f_startup_preload_repaired_baseline,baseline,2025-07-01,600018.XSHG,port_rail_infrastructure,0.03571428571,0.03571428571,0.0,0.04472271914132375,-0.01551724137931032,baseline,True,False,False
v57f_startup_preload_repaired_baseline,baseline,2025-07-01,600908.XSHG,bank,0.03571428571,0.03571428571,0.0,0.14232209737827706,0.10314685314685312,baseline,True,False,False
v57f_startup_preload_repaired_baseline,baseline,2025-07-01,002807.XSHE,bank,0.03571428571,0.03571428571,0.0,0.19633507853403165,0.0674157303370786,baseline,True,False,False
v57f_startup_preload_repaired_baseline,baseline,2025-07-01,601009.XSHG,bank,0.03571428571,0.03571428571,0.0,0.2012578616352203,0.1248789932236205,baseline,True,False,False
v57f_startup_preload_repaired_baseline,baseline,2025-07-01,000001.XSHE,bank,0.03571428571,0.03571428571,0.0,0.13555992141453843,0.07193605683836601,baseline,True,False,False
v57f_startup_preload_repaired_baseline,baseline,2025-07-01,601326.XSHG,port_rail_infrastructure,0.03571428571,0.03571428571,0.0,0.03164556962025311,-0.035820895522388096,baseline,True,False,False
v57f_startup_preload_repaired_baseline,baseline,2025-07-01,601939.XSHG,bank,0.03571428571,0.03571428571,0.0,0.26647966339410933,0.06908267270668178,baseline,True,False,False
v57f_startup_preload_repaired_baseline,baseline,2025-07-01,600377.XSHG,highway_infrastructure,0.03571428571,0.03571428571,0.0,0.40068493150684925,0.003926701570680757,baseline,True,False,False
v57f_startup_preload_repaired_baseline,baseline,2025-07-01,000429.XSHE,highway_infrastructure,0.03571428571,0.03571428571,0.0,0.38656280428432344,-0.0599435825105783,baseline,True,False,False
internal_subsleeve_mom12_80_20,v57f_pool_internal_subsleeve,2025-07-01,600011.XSHG,utilities_electricity,0.03571428571,0.028571428568000004,-0.0071428571419999976,-0.21837837837837837,0.03179190751445082,middle,True,False,False
internal_subsleeve_mom12_80_20,v57f_pool_internal_subsleeve,2025-07-01,600795.XSHG,utilities_electricity,0.03571428571,0.028571428568000004,-0.0071428571419999976,-0.21612349914236706,0.09009009009009006,middle,True,False,False
internal_subsleeve_mom12_80_20,v57f_pool_internal_subsleeve,2025-07-01,601991.XSHG,utilities_electricity,0.03571428571,0.04523809523266667,0.009523809522666668,0.032362459546925626,0.07457627118644061,momentum_subsleeve,True,False,False
internal_subsleeve_mom12_80_20,v57f_pool_internal_subsleeve,2025-07-01,000027.XSHE,utilities_electricity,0.03571428571,0.04523809523266667,0.009523809522666668,-0.10344827586206895,0.006309148264984188,momentum_subsleeve,True,False,False
internal_subsleeve_mom12_80_20,v57f_pool_internal_subsleeve,2025-07-01,600027.XSHG,utilities_electricity,0.03571428571,0.028571428568000004,-0.0071428571419999976,-0.16666666666666663,-0.04869565217391314,middle,True,False,False
internal_subsleeve_mom12_80_20,v57f_pool_internal_subsleeve,2025-07-01,000543.XSHE,utilities_electricity,0.03571428571,0.028571428568000004,-0.0071428571419999976,-0.14583333333333337,-0.06166219839142095,middle,True,False,False
internal_subsleeve_mom12_80_20,v57f_pool_internal_subsleeve,2025-07-01,600021.XSHG,utilities_electricity,0.03571428571,0.04523809523266667,0.009523809522666668,-0.13064833005893906,-0.04972972972972978,momentum_subsleeve,True,False,False
internal_subsleeve_mom12_80_20,v57f_pool_internal_subsleeve,2025-07-01,601018.XSHG,port_rail_infrastructure,0.03571428571,0.04523809523266667,0.009523809522666668,0.06489675516224191,-0.021390374331550777,momentum_subsleeve,True,False,False
internal_subsleeve_mom12_80_20,v57f_pool_internal_subsleeve,2025-07-01,600035.XSHG,highway_infrastructure,0.03571428571,0.028571428568000004,-0.0071428571419999976,0.06308411214953269,-0.029748283752860427,middle,True,False,False
internal_subsleeve_mom12_80_20,v57f_pool_internal_subsleeve,2025-07-01,600033.XSHG,highway_infrastructure,0.03571428571,0.028571428568000004,-0.0071428571419999976,0.07309941520467844,-0.08051948051948055,middle,True,False,False
internal_subsleeve_mom12_80_20,v57f_pool_internal_subsleeve,2025-07-01,000900.XSHE,highway_infrastructure,0.03571428571,0.028571428568000004,-0.0071428571419999976,0.11202185792349728,0.02421307506053272,middle,True,False,False
internal_subsleeve_mom12_80_20,v57f_pool_internal_subsleeve,2025-07-01,600020.XSHG,highway_infrastructure,0.03571428571,0.04523809523266667,0.009523809522666668,0.44126074498567336,0.08636363636363642,momentum_subsleeve,True,False,False
internal_subsleeve_mom12_80_20,v57f_pool_internal_subsleeve,2025-07-01,600350.XSHG,highway_infrastructure,0.03571428571,0.028571428568000004,-0.0071428571419999976,0.3194925028835063,0.0,middle,True,False,False
internal_subsleeve_mom12_80_20,v57f_pool_internal_subsleeve,2025-07-01,001213.XSHE,port_rail_infrastructure,0.03571428571,0.028571428568000004,-0.0071428571419999976,0.02743142144638422,0.012468827930174564,middle,True,False,False
internal_subsleeve_mom12_80_20,v57f_pool_internal_subsleeve,2025-07-01,601398.XSHG,bank,0.03571428571,0.04523809523266667,0.009523809522666668,0.2854545454545454,0.10159651669085634,momentum_subsleeve,True,False,False
internal_subsleeve_mom12_80_20,v57f_pool_internal_subsleeve,2025-07-01,600717.XSHG,port_rail_infrastructure,0.03571428571,0.04523809523266667,0.009523809522666668,0.06775700934579443,-0.03389830508474578,momentum_subsleeve,True,False,False
internal_subsleeve_mom12_80_20,v57f_pool_internal_subsleeve,2025-07-01,601997.XSHG,bank,0.03571428571,0.028571428568000004,-0.0071428571419999976,0.1574952561669829,0.05942275042444822,middle,True,False,False
internal_subsleeve_mom12_80_20,v57f_pool_internal_subsleeve,2025-07-01,601333.XSHG,port_rail_infrastructure,0.03571428571,0.028571428568000004,-0.0071428571419999976,-0.047021943573667735,-0.0068728522336769515,middle,True,False,False
internal_subsleeve_mom12_80_20,v57f_pool_internal_subsleeve,2025-07-01,601228.XSHG,port_rail_infrastructure,0.03571428571,0.028571428568000004,-0.0071428571419999976,0.032154340836012985,0.009374999999999911,middle,True,False,False
internal_subsleeve_mom12_80_20,v57f_pool_internal_subsleeve,2025-07-01,600018.XSHG,port_rail_infrastructure,0.03571428571,0.04523809523266667,0.009523809522666668,0.04472271914132375,-0.01551724137931032,momentum_subsleeve,True,False,False
internal_subsleeve_mom12_80_20,v57f_pool_internal_subsleeve,2025-07-01,600908.XSHG,bank,0.03571428571,0.028571428568000004,-0.0071428571419999976,0.14232209737827706,0.10314685314685312,middle,True,False,False
internal_subsleeve_mom12_80_20,v57f_pool_internal_subsleeve,2025-07-01,002807.XSHE,bank,0.03571428571,0.028571428568000004,-0.0071428571419999976,0.19633507853403165,0.0674157303370786,middle,True,False,False
internal_subsleeve_mom12_80_20,v57f_pool_internal_subsleeve,2025-07-01,601009.XSHG,bank,0.03571428571,0.04523809523266667,0.009523809522666668,0.2012578616352203,0.1248789932236205,momentum_subsleeve,True,False,False
internal_subsleeve_mom12_80_20,v57f_pool_internal_subsleeve,2025-07-01,000001.XSHE,bank,0.03571428571,0.028571428568000004,-0.0071428571419999976,0.13555992141453843,0.07193605683836601,middle,True,False,False
internal_subsleeve_mom12_80_20,v57f_pool_internal_subsleeve,2025-07-01,601326.XSHG,port_rail_infrastructure,0.03571428571,0.028571428568000004,-0.0071428571419999976,0.03164556962025311,-0.035820895522388096,middle,True,False,False
internal_subsleeve_mom12_80_20,v57f_pool_internal_subsleeve,2025-07-01,601939.XSHG,bank,0.03571428571,0.04523809523266667,0.009523809522666668,0.26647966339410933,0.06908267270668178,momentum_subsleeve,True,False,False
internal_subsleeve_mom12_80_20,v57f_pool_internal_subsleeve,2025-07-01,600377.XSHG,highway_infrastructure,0.03571428571,0.04523809523266667,0.009523809522666668,0.40068493150684925,0.003926701570680757,momentum_subsleeve,True,False,False
internal_subsleeve_mom12_80_20,v57f_pool_internal_subsleeve,2025-07-01,000429.XSHE,highway_infrastructure,0.03571428571,0.04523809523266667,0.009523809522666668,0.38656280428432344,-0.0599435825105783,momentum_subsleeve,True,False,False
internal_subsleeve_mom12_70_30,v57f_pool_internal_subsleeve,2025-07-01,600011.XSHG,utilities_electricity,0.03571428571,0.024999999997,-0.010714285713000003,-0.21837837837837837,0.03179190751445082,middle,True,False,False
internal_subsleeve_mom12_70_30,v57f_pool_internal_subsleeve,2025-07-01,600795.XSHG,utilities_electricity,0.03571428571,0.024999999997,-0.010714285713000003,-0.21612349914236706,0.09009009009009006,middle,True,False,False
internal_subsleeve_mom12_70_30,v57f_pool_internal_subsleeve,2025-07-01,601991.XSHG,utilities_electricity,0.03571428571,0.049999999994000004,0.014285714284000002,0.032362459546925626,0.07457627118644061,momentum_subsleeve,True,False,False
internal_subsleeve_mom12_70_30,v57f_pool_internal_subsleeve,2025-07-01,000027.XSHE,utilities_electricity,0.03571428571,0.049999999994000004,0.014285714284000002,-0.10344827586206895,0.006309148264984188,momentum_subsleeve,True,False,False
internal_subsleeve_mom12_70_30,v57f_pool_internal_subsleeve,2025-07-01,600027.XSHG,utilities_electricity,0.03571428571,0.024999999997,-0.010714285713000003,-0.16666666666666663,-0.04869565217391314,middle,True,False,False
internal_subsleeve_mom12_70_30,v57f_pool_internal_subsleeve,2025-07-01,000543.XSHE,utilities_electricity,0.03571428571,0.024999999997,-0.010714285713000003,-0.14583333333333337,-0.06166219839142095,middle,True,False,False
internal_subsleeve_mom12_70_30,v57f_pool_internal_subsleeve,2025-07-01,600021.XSHG,utilities_electricity,0.03571428571,0.049999999994000004,0.014285714284000002,-0.13064833005893906,-0.04972972972972978,momentum_subsleeve,True,False,False
internal_subsleeve_mom12_70_30,v57f_pool_internal_subsleeve,2025-07-01,601018.XSHG,port_rail_infrastructure,0.03571428571,0.049999999994000004,0.014285714284000002,0.06489675516224191,-0.021390374331550777,momentum_subsleeve,True,False,False
internal_subsleeve_mom12_70_30,v57f_pool_internal_subsleeve,2025-07-01,600035.XSHG,highway_infrastructure,0.03571428571,0.024999999997,-0.010714285713000003,0.06308411214953269,-0.029748283752860427,middle,True,False,False
internal_subsleeve_mom12_70_30,v57f_pool_internal_subsleeve,2025-07-01,600033.XSHG,highway_infrastructure,0.03571428571,0.024999999997,-0.010714285713000003,0.07309941520467844,-0.08051948051948055,middle,True,False,False
internal_subsleeve_mom12_70_30,v57f_pool_internal_subsleeve,2025-07-01,000900.XSHE,highway_infrastructure,0.03571428571,0.024999999997,-0.010714285713000003,0.11202185792349728,0.02421307506053272,middle,True,False,False
internal_subsleeve_mom12_70_30,v57f_pool_internal_subsleeve,2025-07-01,600020.XSHG,highway_infrastructure,0.03571428571,0.049999999994000004,0.014285714284000002,0.44126074498567336,0.08636363636363642,momentum_subsleeve,True,False,False
internal_subsleeve_mom12_70_30,v57f_pool_internal_subsleeve,2025-07-01,600350.XSHG,highway_infrastructure,0.03571428571,0.024999999997,-0.010714285713000003,0.3194925028835063,0.0,middle,True,False,False
internal_subsleeve_mom12_70_30,v57f_pool_internal_subsleeve,2025-07-01,001213.XSHE,port_rail_infrastructure,0.03571428571,0.024999999997,-0.010714285713000003,0.02743142144638422,0.012468827930174564,middle,True,False,False
internal_subsleeve_mom12_70_30,v57f_pool_internal_subsleeve,2025-07-01,601398.XSHG,bank,0.03571428571,0.049999999994000004,0.014285714284000002,0.2854545454545454,0.10159651669085634,momentum_subsleeve,True,False,False
internal_subsleeve_mom12_70_30,v57f_pool_internal_subsleeve,2025-07-01,600717.XSHG,port_rail_infrastructure,0.03571428571,0.049999999994000004,0.014285714284000002,0.06775700934579443,-0.03389830508474578,momentum_subsleeve,True,False,False
internal_subsleeve_mom12_70_30,v57f_pool_internal_subsleeve,2025-07-01,601997.XSHG,bank,0.03571428571,0.024999999997,-0.010714285713000003,0.1574952561669829,0.05942275042444822,middle,True,False,False
internal_subsleeve_mom12_70_30,v57f_pool_internal_subsleeve,2025-07-01,601333.XSHG,port_rail_infrastructure,0.03571428571,0.024999999997,-0.010714285713000003,-0.047021943573667735,-0.0068728522336769515,middle,True,False,False
internal_subsleeve_mom12_70_30,v57f_pool_internal_subsleeve,2025-07-01,601228.XSHG,port_rail_infrastructure,0.03571428571,0.024999999997,-0.010714285713000003,0.032154340836012985,0.009374999999999911,middle,True,False,False
internal_subsleeve_mom12_70_30,v57f_pool_internal_subsleeve,2025-07-01,600018.XSHG,port_rail_infrastructure,0.03571428571,0.049999999994000004,0.014285714284000002,0.04472271914132375,-0.01551724137931032,momentum_subsleeve,True,False,False
internal_subsleeve_mom12_70_30,v57f_pool_internal_subsleeve,2025-07-01,600908.XSHG,bank,0.03571428571,0.024999999997,-0.010714285713000003,0.14232209737827706,0.10314685314685312,middle,True,False,False
internal_subsleeve_mom12_70_30,v57f_pool_internal_subsleeve,2025-07-01,002807.XSHE,bank,0.03571428571,0.024999999997,-0.010714285713000003,0.19633507853403165,0.0674157303370786,middle,True,False,False
internal_subsleeve_mom12_70_30,v57f_pool_internal_subsleeve,2025-07-01,601009.XSHG,bank,0.03571428571,0.049999999994000004,0.014285714284000002,0.2012578616352203,0.1248789932236205,momentum_subsleeve,True,False,False
internal_subsleeve_mom12_70_30,v57f_pool_internal_subsleeve,2025-07-01,000001.XSHE,bank,0.03571428571,0.024999999997,-0.010714285713000003,0.13555992141453843,0.07193605683836601,middle,True,False,False
internal_subsleeve_mom12_70_30,v57f_pool_internal_subsleeve,2025-07-01,601326.XSHG,port_rail_infrastructure,0.03571428571,0.024999999997,-0.010714285713000003,0.03164556962025311,-0.035820895522388096,middle,True,False,False
internal_subsleeve_mom12_70_30,v57f_pool_internal_subsleeve,2025-07-01,601939.XSHG,bank,0.03571428571,0.049999999994000004,0.014285714284000002,0.26647966339410933,0.06908267270668178,momentum_subsleeve,True,False,False
internal_subsleeve_mom12_70_30,v57f_pool_internal_subsleeve,2025-07-01,600377.XSHG,highway_infrastructure,0.03571428571,0.049999999994000004,0.014285714284000002,0.40068493150684925,0.003926701570680757,momentum_subsleeve,True,False,False
internal_subsleeve_mom12_70_30,v57f_pool_internal_subsleeve,2025-07-01,000429.XSHE,highway_infrastructure,0.03571428571,0.049999999994000004,0.014285714284000002,0.38656280428432344,-0.0599435825105783,momentum_subsleeve,True,False,False
dual_sleeve_mom12_80_20,dual_sleeve_allocation,2025-07-01,600011.XSHG,utilities_electricity,0.03571428571,0.028571428568000004,-0.0071428571419999976,-0.21837837837837837,0.03179190751445082,value_sleeve_only,False,False,False
dual_sleeve_mom12_80_20,dual_sleeve_allocation,2025-07-01,600795.XSHG,utilities_electricity,0.03571428571,0.028571428568000004,-0.0071428571419999976,-0.21612349914236706,0.09009009009009006,value_sleeve_only,False,False,False
dual_sleeve_mom12_80_20,dual_sleeve_allocation,2025-07-01,601991.XSHG,utilities_electricity,0.03571428571,0.028571428568000004,-0.0071428571419999976,0.032362459546925626,0.07457627118644061,value_sleeve_only,False,False,False
dual_sleeve_mom12_80_20,dual_sleeve_allocation,2025-07-01,000027.XSHE,utilities_electricity,0.03571428571,0.028571428568000004,-0.0071428571419999976,-0.10344827586206895,0.006309148264984188,value_sleeve_only,False,False,False
dual_sleeve_mom12_80_20,dual_sleeve_allocation,2025-07-01,600027.XSHG,utilities_electricity,0.03571428571,0.028571428568000004,-0.0071428571419999976,-0.16666666666666663,-0.04869565217391314,value_sleeve_only,False,False,False
dual_sleeve_mom12_80_20,dual_sleeve_allocation,2025-07-01,000543.XSHE,utilities_electricity,0.03571428571,0.028571428568000004,-0.0071428571419999976,-0.14583333333333337,-0.06166219839142095,value_sleeve_only,False,False,False
dual_sleeve_mom12_80_20,dual_sleeve_allocation,2025-07-01,600021.XSHG,utilities_electricity,0.03571428571,0.028571428568000004,-0.0071428571419999976,-0.13064833005893906,-0.04972972972972978,value_sleeve_only,False,False,False
dual_sleeve_mom12_80_20,dual_sleeve_allocation,2025-07-01,601018.XSHG,port_rail_infrastructure,0.03571428571,0.028571428568000004,-0.0071428571419999976,0.06489675516224191,-0.021390374331550777,value_sleeve_only,False,False,False
dual_sleeve_mom12_80_20,dual_sleeve_allocation,2025-07-01,600035.XSHG,highway_infrastructure,0.03571428571,0.028571428568000004,-0.0071428571419999976,0.06308411214953269,-0.029748283752860427,value_sleeve_only,False,False,False
dual_sleeve_mom12_80_20,dual_sleeve_allocation,2025-07-01,600033.XSHG,highway_infrastructure,0.03571428571,0.028571428568000004,-0.0071428571419999976,0.07309941520467844,-0.08051948051948055,value_sleeve_only,False,False,False
dual_sleeve_mom12_80_20,dual_sleeve_allocation,2025-07-01,000900.XSHE,highway_infrastructure,0.03571428571,0.028571428568000004,-0.0071428571419999976,0.11202185792349728,0.02421307506053272,value_sleeve_only,False,False,False
dual_sleeve_mom12_80_20,dual_sleeve_allocation,2025-07-01,600020.XSHG,highway_infrastructure,0.03571428571,0.04857142856800001,0.012857142858000006,0.44126074498567336,0.08636363636363642,momentum_sleeve,False,False,False
dual_sleeve_mom12_80_20,dual_sleeve_allocation,2025-07-01,600350.XSHG,highway_infrastructure,0.03571428571,0.04857142856800001,0.012857142858000006,0.3194925028835063,0.0,momentum_sleeve,False,False,False
dual_sleeve_mom12_80_20,dual_sleeve_allocation,2025-07-01,001213.XSHE,port_rail_infrastructure,0.03571428571,0.028571428568000004,-0.0071428571419999976,0.02743142144638422,0.012468827930174564,value_sleeve_only,False,False,False
dual_sleeve_mom12_80_20,dual_sleeve_allocation,2025-07-01,601398.XSHG,bank,0.03571428571,0.04857142856800001,0.012857142858000006,0.2854545454545454,0.10159651669085634,momentum_sleeve,False,False,False
dual_sleeve_mom12_80_20,dual_sleeve_allocation,2025-07-01,600717.XSHG,port_rail_infrastructure,0.03571428571,0.028571428568000004,-0.0071428571419999976,0.06775700934579443,-0.03389830508474578,value_sleeve_only,False,False,False
dual_sleeve_mom12_80_20,dual_sleeve_allocation,2025-07-01,601997.XSHG,bank,0.03571428571,0.04857142856800001,0.012857142858000006,0.1574952561669829,0.05942275042444822,momentum_sleeve,False,False,False
dual_sleeve_mom12_80_20,dual_sleeve_allocation,2025-07-01,601333.XSHG,port_rail_infrastructure,0.03571428571,0.028571428568000004,-0.0071428571419999976,-0.047021943573667735,-0.0068728522336769515,value_sleeve_only,False,False,False
dual_sleeve_mom12_80_20,dual_sleeve_allocation,2025-07-01,601228.XSHG,port_rail_infrastructure,0.03571428571,0.028571428568000004,-0.0071428571419999976,0.032154340836012985,0.009374999999999911,value_sleeve_only,False,False,False
dual_sleeve_mom12_80_20,dual_sleeve_allocation,2025-07-01,600018.XSHG,port_rail_infrastructure,0.03571428571,0.028571428568000004,-0.0071428571419999976,0.04472271914132375,-0.01551724137931032,value_sleeve_only,False,False,False
dual_sleeve_mom12_80_20,dual_sleeve_allocation,2025-07-01,600908.XSHG,bank,0.03571428571,0.04857142856800001,0.012857142858000006,0.14232209737827706,0.10314685314685312,momentum_sleeve,False,False,False
dual_sleeve_mom12_80_20,dual_sleeve_allocation,2025-07-01,002807.XSHE,bank,0.03571428571,0.04857142856800001,0.012857142858000006,0.19633507853403165,0.0674157303370786,momentum_sleeve,False,False,False
dual_sleeve_mom12_80_20,dual_sleeve_allocation,2025-07-01,601009.XSHG,bank,0.03571428571,0.04857142856800001,0.012857142858000006,0.2012578616352203,0.1248789932236205,momentum_sleeve,False,False,False
dual_sleeve_mom12_80_20,dual_sleeve_allocation,2025-07-01,000001.XSHE,bank,0.03571428571,0.028571428568000004,-0.0071428571419999976,0.13555992141453843,0.07193605683836601,value_sleeve_only,False,False,False
dual_sleeve_mom12_80_20,dual_sleeve_allocation,2025-07-01,601326.XSHG,port_rail_infrastructure,0.03571428571,0.028571428568000004,-0.0071428571419999976,0.03164556962025311,-0.035820895522388096,value_sleeve_only,False,False,False
dual_sleeve_mom12_80_20,dual_sleeve_allocation,2025-07-01,601939.XSHG,bank,0.03571428571,0.04857142856800001,0.012857142858000006,0.26647966339410933,0.06908267270668178,momentum_sleeve,False,False,False
dual_sleeve_mom12_80_20,dual_sleeve_allocation,2025-07-01,600377.XSHG,highway_infrastructure,0.03571428571,0.04857142856800001,0.012857142858000006,0.40068493150684925,0.003926701570680757,momentum_sleeve,False,False,False
dual_sleeve_mom12_80_20,dual_sleeve_allocation,2025-07-01,000429.XSHE,highway_infrastructure,0.03571428571,0.04857142856800001,0.012857142858000006,0.38656280428432344,-0.0599435825105783,momentum_sleeve,False,False,False
dual_sleeve_mom12_60_40,dual_sleeve_allocation,2025-07-01,600011.XSHG,utilities_electricity,0.03571428571,0.021428571426,-0.014285714284000002,-0.21837837837837837,0.03179190751445082,value_sleeve_only,False,False,False
dual_sleeve_mom12_60_40,dual_sleeve_allocation,2025-07-01,600795.XSHG,utilities_electricity,0.03571428571,0.021428571426,-0.014285714284000002,-0.21612349914236706,0.09009009009009006,value_sleeve_only,False,False,False
dual_sleeve_mom12_60_40,dual_sleeve_allocation,2025-07-01,601991.XSHG,utilities_electricity,0.03571428571,0.021428571426,-0.014285714284000002,0.032362459546925626,0.07457627118644061,value_sleeve_only,False,False,False
dual_sleeve_mom12_60_40,dual_sleeve_allocation,2025-07-01,000027.XSHE,utilities_electricity,0.03571428571,0.021428571426,-0.014285714284000002,-0.10344827586206895,0.006309148264984188,value_sleeve_only,False,False,False
dual_sleeve_mom12_60_40,dual_sleeve_allocation,2025-07-01,600027.XSHG,utilities_electricity,0.03571428571,0.021428571426,-0.014285714284000002,-0.16666666666666663,-0.04869565217391314,value_sleeve_only,False,False,False
dual_sleeve_mom12_60_40,dual_sleeve_allocation,2025-07-01,000543.XSHE,utilities_electricity,0.03571428571,0.021428571426,-0.014285714284000002,-0.14583333333333337,-0.06166219839142095,value_sleeve_only,False,False,False
dual_sleeve_mom12_60_40,dual_sleeve_allocation,2025-07-01,600021.XSHG,utilities_electricity,0.03571428571,0.021428571426,-0.014285714284000002,-0.13064833005893906,-0.04972972972972978,value_sleeve_only,False,False,False
dual_sleeve_mom12_60_40,dual_sleeve_allocation,2025-07-01,601018.XSHG,port_rail_infrastructure,0.03571428571,0.021428571426,-0.014285714284000002,0.06489675516224191,-0.021390374331550777,value_sleeve_only,False,False,False
dual_sleeve_mom12_60_40,dual_sleeve_allocation,2025-07-01,600035.XSHG,highway_infrastructure,0.03571428571,0.021428571426,-0.014285714284000002,0.06308411214953269,-0.029748283752860427,value_sleeve_only,False,False,False
dual_sleeve_mom12_60_40,dual_sleeve_allocation,2025-07-01,600033.XSHG,highway_infrastructure,0.03571428571,0.021428571426,-0.014285714284000002,0.07309941520467844,-0.08051948051948055,value_sleeve_only,False,False,False
dual_sleeve_mom12_60_40,dual_sleeve_allocation,2025-07-01,000900.XSHE,highway_infrastructure,0.03571428571,0.021428571426,-0.014285714284000002,0.11202185792349728,0.02421307506053272,value_sleeve_only,False,False,False
dual_sleeve_mom12_60_40,dual_sleeve_allocation,2025-07-01,600020.XSHG,highway_infrastructure,0.03571428571,0.061428571426,0.025714285716,0.44126074498567336,0.08636363636363642,momentum_sleeve,False,False,False
dual_sleeve_mom12_60_40,dual_sleeve_allocation,2025-07-01,600350.XSHG,highway_infrastructure,0.03571428571,0.061428571426,0.025714285716,0.3194925028835063,0.0,momentum_sleeve,False,False,False
dual_sleeve_mom12_60_40,dual_sleeve_allocation,2025-07-01,001213.XSHE,port_rail_infrastructure,0.03571428571,0.021428571426,-0.014285714284000002,0.02743142144638422,0.012468827930174564,value_sleeve_only,False,False,False
dual_sleeve_mom12_60_40,dual_sleeve_allocation,2025-07-01,601398.XSHG,bank,0.03571428571,0.061428571426,0.025714285716,0.2854545454545454,0.10159651669085634,momentum_sleeve,False,False,False
dual_sleeve_mom12_60_40,dual_sleeve_allocation,2025-07-01,600717.XSHG,port_rail_infrastructure,0.03571428571,0.021428571426,-0.014285714284000002,0.06775700934579443,-0.03389830508474578,value_sleeve_only,False,False,False
dual_sleeve_mom12_60_40,dual_sleeve_allocation,2025-07-01,601997.XSHG,bank,0.03571428571,0.061428571426,0.025714285716,0.1574952561669829,0.05942275042444822,momentum_sleeve,False,False,False
dual_sleeve_mom12_60_40,dual_sleeve_allocation,2025-07-01,601333.XSHG,port_rail_infrastructure,0.03571428571,0.021428571426,-0.014285714284000002,-0.047021943573667735,-0.0068728522336769515,value_sleeve_only,False,False,False
dual_sleeve_mom12_60_40,dual_sleeve_allocation,2025-07-01,601228.XSHG,port_rail_infrastructure,0.03571428571,0.021428571426,-0.014285714284000002,0.032154340836012985,0.009374999999999911,value_sleeve_only,False,False,False
dual_sleeve_mom12_60_40,dual_sleeve_allocation,2025-07-01,600018.XSHG,port_rail_infrastructure,0.03571428571,0.021428571426,-0.014285714284000002,0.04472271914132375,-0.01551724137931032,value_sleeve_only,False,False,False
dual_sleeve_mom12_60_40,dual_sleeve_allocation,2025-07-01,600908.XSHG,bank,0.03571428571,0.061428571426,0.025714285716,0.14232209737827706,0.10314685314685312,momentum_sleeve,False,False,False
dual_sleeve_mom12_60_40,dual_sleeve_allocation,2025-07-01,002807.XSHE,bank,0.03571428571,0.061428571426,0.025714285716,0.19633507853403165,0.0674157303370786,momentum_sleeve,False,False,False
dual_sleeve_mom12_60_40,dual_sleeve_allocation,2025-07-01,601009.XSHG,bank,0.03571428571,0.061428571426,0.025714285716,0.2012578616352203,0.1248789932236205,momentum_sleeve,False,False,False
dual_sleeve_mom12_60_40,dual_sleeve_allocation,2025-07-01,000001.XSHE,bank,0.03571428571,0.021428571426,-0.014285714284000002,0.13555992141453843,0.07193605683836601,value_sleeve_only,False,False,False
dual_sleeve_mom12_60_40,dual_sleeve_allocation,2025-07-01,601326.XSHG,port_rail_infrastructure,0.03571428571,0.021428571426,-0.014285714284000002,0.03164556962025311,-0.035820895522388096,value_sleeve_only,False,False,False
dual_sleeve_mom12_60_40,dual_sleeve_allocation,2025-07-01,601939.XSHG,bank,0.03571428571,0.061428571426,0.025714285716,0.26647966339410933,0.06908267270668178,momentum_sleeve,False,False,False
dual_sleeve_mom12_60_40,dual_sleeve_allocation,2025-07-01,600377.XSHG,highway_infrastructure,0.03571428571,0.061428571426,0.025714285716,0.40068493150684925,0.003926701570680757,momentum_sleeve,False,False,False
dual_sleeve_mom12_60_40,dual_sleeve_allocation,2025-07-01,000429.XSHE,highway_infrastructure,0.03571428571,0.061428571426,0.025714285716,0.38656280428432344,-0.0599435825105783,momentum_sleeve,False,False,False
state_routed_mom12_70_30_or_100_0,state_routed_budget,2025-07-01,600011.XSHG,utilities_electricity,0.03571428571,0.024999999997,-0.010714285713000003,-0.21837837837837837,0.03179190751445082,value_sleeve_only,False,False,False
state_routed_mom12_70_30_or_100_0,state_routed_budget,2025-07-01,600795.XSHG,utilities_electricity,0.03571428571,0.024999999997,-0.010714285713000003,-0.21612349914236706,0.09009009009009006,value_sleeve_only,False,False,False
state_routed_mom12_70_30_or_100_0,state_routed_budget,2025-07-01,601991.XSHG,utilities_electricity,0.03571428571,0.024999999997,-0.010714285713000003,0.032362459546925626,0.07457627118644061,value_sleeve_only,False,False,False
state_routed_mom12_70_30_or_100_0,state_routed_budget,2025-07-01,000027.XSHE,utilities_electricity,0.03571428571,0.024999999997,-0.010714285713000003,-0.10344827586206895,0.006309148264984188,value_sleeve_only,False,False,False
state_routed_mom12_70_30_or_100_0,state_routed_budget,2025-07-01,600027.XSHG,utilities_electricity,0.03571428571,0.024999999997,-0.010714285713000003,-0.16666666666666663,-0.04869565217391314,value_sleeve_only,False,False,False
state_routed_mom12_70_30_or_100_0,state_routed_budget,2025-07-01,000543.XSHE,utilities_electricity,0.03571428571,0.024999999997,-0.010714285713000003,-0.14583333333333337,-0.06166219839142095,value_sleeve_only,False,False,False
state_routed_mom12_70_30_or_100_0,state_routed_budget,2025-07-01,600021.XSHG,utilities_electricity,0.03571428571,0.024999999997,-0.010714285713000003,-0.13064833005893906,-0.04972972972972978,value_sleeve_only,False,False,False
state_routed_mom12_70_30_or_100_0,state_routed_budget,2025-07-01,601018.XSHG,port_rail_infrastructure,0.03571428571,0.024999999997,-0.010714285713000003,0.06489675516224191,-0.021390374331550777,value_sleeve_only,False,False,False
state_routed_mom12_70_30_or_100_0,state_routed_budget,2025-07-01,600035.XSHG,highway_infrastructure,0.03571428571,0.024999999997,-0.010714285713000003,0.06308411214953269,-0.029748283752860427,value_sleeve_only,False,False,False
state_routed_mom12_70_30_or_100_0,state_routed_budget,2025-07-01,600033.XSHG,highway_infrastructure,0.03571428571,0.024999999997,-0.010714285713000003,0.07309941520467844,-0.08051948051948055,value_sleeve_only,False,False,False
state_routed_mom12_70_30_or_100_0,state_routed_budget,2025-07-01,000900.XSHE,highway_infrastructure,0.03571428571,0.024999999997,-0.010714285713000003,0.11202185792349728,0.02421307506053272,value_sleeve_only,False,False,False
state_routed_mom12_70_30_or_100_0,state_routed_budget,2025-07-01,600020.XSHG,highway_infrastructure,0.03571428571,0.054999999997,0.019285714286999996,0.44126074498567336,0.08636363636363642,momentum_sleeve,False,False,False
state_routed_mom12_70_30_or_100_0,state_routed_budget,2025-07-01,600350.XSHG,highway_infrastructure,0.03571428571,0.054999999997,0.019285714286999996,0.3194925028835063,0.0,momentum_sleeve,False,False,False
state_routed_mom12_70_30_or_100_0,state_routed_budget,2025-07-01,001213.XSHE,port_rail_infrastructure,0.03571428571,0.024999999997,-0.010714285713000003,0.02743142144638422,0.012468827930174564,value_sleeve_only,False,False,False
state_routed_mom12_70_30_or_100_0,state_routed_budget,2025-07-01,601398.XSHG,bank,0.03571428571,0.054999999997,0.019285714286999996,0.2854545454545454,0.10159651669085634,momentum_sleeve,False,False,False
state_routed_mom12_70_30_or_100_0,state_routed_budget,2025-07-01,600717.XSHG,port_rail_infrastructure,0.03571428571,0.024999999997,-0.010714285713000003,0.06775700934579443,-0.03389830508474578,value_sleeve_only,False,False,False
state_routed_mom12_70_30_or_100_0,state_routed_budget,2025-07-01,601997.XSHG,bank,0.03571428571,0.054999999997,0.019285714286999996,0.1574952561669829,0.05942275042444822,momentum_sleeve,False,False,False
state_routed_mom12_70_30_or_100_0,state_routed_budget,2025-07-01,601333.XSHG,port_rail_infrastructure,0.03571428571,0.024999999997,-0.010714285713000003,-0.047021943573667735,-0.0068728522336769515,value_sleeve_only,False,False,False
state_routed_mom12_70_30_or_100_0,state_routed_budget,2025-07-01,601228.XSHG,port_rail_infrastructure,0.03571428571,0.024999999997,-0.010714285713000003,0.032154340836012985,0.009374999999999911,value_sleeve_only,False,False,False
state_routed_mom12_70_30_or_100_0,state_routed_budget,2025-07-01,600018.XSHG,port_rail_infrastructure,0.03571428571,0.024999999997,-0.010714285713000003,0.04472271914132375,-0.01551724137931032,value_sleeve_only,False,False,False
state_routed_mom12_70_30_or_100_0,state_routed_budget,2025-07-01,600908.XSHG,bank,0.03571428571,0.054999999997,0.019285714286999996,0.14232209737827706,0.10314685314685312,momentum_sleeve,False,False,False
state_routed_mom12_70_30_or_100_0,state_routed_budget,2025-07-01,002807.XSHE,bank,0.03571428571,0.054999999997,0.019285714286999996,0.19633507853403165,0.0674157303370786,momentum_sleeve,False,False,False
state_routed_mom12_70_30_or_100_0,state_routed_budget,2025-07-01,601009.XSHG,bank,0.03571428571,0.054999999997,0.019285714286999996,0.2012578616352203,0.1248789932236205,momentum_sleeve,False,False,False
state_routed_mom12_70_30_or_100_0,state_routed_budget,2025-07-01,000001.XSHE,bank,0.03571428571,0.024999999997,-0.010714285713000003,0.13555992141453843,0.07193605683836601,value_sleeve_only,False,False,False
state_routed_mom12_70_30_or_100_0,state_routed_budget,2025-07-01,601326.XSHG,port_rail_infrastructure,0.03571428571,0.024999999997,-0.010714285713000003,0.03164556962025311,-0.035820895522388096,value_sleeve_only,False,False,False
state_routed_mom12_70_30_or_100_0,state_routed_budget,2025-07-01,601939.XSHG,bank,0.03571428571,0.054999999997,0.019285714286999996,0.26647966339410933,0.06908267270668178,momentum_sleeve,False,False,False
state_routed_mom12_70_30_or_100_0,state_routed_budget,2025-07-01,600377.XSHG,highway_infrastructure,0.03571428571,0.054999999997,0.019285714286999996,0.40068493150684925,0.003926701570680757,momentum_sleeve,False,False,False
state_routed_mom12_70_30_or_100_0,state_routed_budget,2025-07-01,000429.XSHE,highway_infrastructure,0.03571428571,0.054999999997,0.019285714286999996,0.38656280428432344,-0.0599435825105783,momentum_sleeve,False,False,False
admission_suppression_mom12_bottom_cap75,admission_suppression,2025-07-01,600011.XSHG,utilities_electricity,0.03571428571,0.0267857142825,-0.0089285714275,-0.21837837837837837,0.03179190751445082,suppressed_bottom_momentum,True,False,False
admission_suppression_mom12_bottom_cap75,admission_suppression,2025-07-01,600795.XSHG,utilities_electricity,0.03571428571,0.0267857142825,-0.0089285714275,-0.21612349914236706,0.09009009009009006,suppressed_bottom_momentum,True,False,False
admission_suppression_mom12_bottom_cap75,admission_suppression,2025-07-01,601991.XSHG,utilities_electricity,0.03571428571,0.039285714281,0.0035714285709999988,0.032362459546925626,0.07457627118644061,middle_or_top,True,False,False
admission_suppression_mom12_bottom_cap75,admission_suppression,2025-07-01,000027.XSHE,utilities_electricity,0.03571428571,0.039285714281,0.0035714285709999988,-0.10344827586206895,0.006309148264984188,middle_or_top,True,False,False
admission_suppression_mom12_bottom_cap75,admission_suppression,2025-07-01,600027.XSHG,utilities_electricity,0.03571428571,0.039285714281,0.0035714285709999988,-0.16666666666666663,-0.04869565217391314,middle_or_top,True,False,False
admission_suppression_mom12_bottom_cap75,admission_suppression,2025-07-01,000543.XSHE,utilities_electricity,0.03571428571,0.039285714281,0.0035714285709999988,-0.14583333333333337,-0.06166219839142095,middle_or_top,True,False,False
admission_suppression_mom12_bottom_cap75,admission_suppression,2025-07-01,600021.XSHG,utilities_electricity,0.03571428571,0.039285714281,0.0035714285709999988,-0.13064833005893906,-0.04972972972972978,middle_or_top,True,False,False
admission_suppression_mom12_bottom_cap75,admission_suppression,2025-07-01,601018.XSHG,port_rail_infrastructure,0.03571428571,0.039285714281,0.0035714285709999988,0.06489675516224191,-0.021390374331550777,middle_or_top,True,False,False
admission_suppression_mom12_bottom_cap75,admission_suppression,2025-07-01,600035.XSHG,highway_infrastructure,0.03571428571,0.0267857142825,-0.0089285714275,0.06308411214953269,-0.029748283752860427,suppressed_bottom_momentum,True,False,False
admission_suppression_mom12_bottom_cap75,admission_suppression,2025-07-01,600033.XSHG,highway_infrastructure,0.03571428571,0.0267857142825,-0.0089285714275,0.07309941520467844,-0.08051948051948055,suppressed_bottom_momentum,True,False,False
admission_suppression_mom12_bottom_cap75,admission_suppression,2025-07-01,000900.XSHE,highway_infrastructure,0.03571428571,0.039285714281,0.0035714285709999988,0.11202185792349728,0.02421307506053272,middle_or_top,True,False,False
admission_suppression_mom12_bottom_cap75,admission_suppression,2025-07-01,600020.XSHG,highway_infrastructure,0.03571428571,0.039285714281,0.0035714285709999988,0.44126074498567336,0.08636363636363642,middle_or_top,True,False,False
admission_suppression_mom12_bottom_cap75,admission_suppression,2025-07-01,600350.XSHG,highway_infrastructure,0.03571428571,0.039285714281,0.0035714285709999988,0.3194925028835063,0.0,middle_or_top,True,False,False
admission_suppression_mom12_bottom_cap75,admission_suppression,2025-07-01,001213.XSHE,port_rail_infrastructure,0.03571428571,0.0267857142825,-0.0089285714275,0.02743142144638422,0.012468827930174564,suppressed_bottom_momentum,True,False,False
admission_suppression_mom12_bottom_cap75,admission_suppression,2025-07-01,601398.XSHG,bank,0.03571428571,0.039285714281,0.0035714285709999988,0.2854545454545454,0.10159651669085634,middle_or_top,True,False,False
admission_suppression_mom12_bottom_cap75,admission_suppression,2025-07-01,600717.XSHG,port_rail_infrastructure,0.03571428571,0.039285714281,0.0035714285709999988,0.06775700934579443,-0.03389830508474578,middle_or_top,True,False,False
admission_suppression_mom12_bottom_cap75,admission_suppression,2025-07-01,601997.XSHG,bank,0.03571428571,0.039285714281,0.0035714285709999988,0.1574952561669829,0.05942275042444822,middle_or_top,True,False,False
admission_suppression_mom12_bottom_cap75,admission_suppression,2025-07-01,601333.XSHG,port_rail_infrastructure,0.03571428571,0.0267857142825,-0.0089285714275,-0.047021943573667735,-0.0068728522336769515,suppressed_bottom_momentum,True,False,False
admission_suppression_mom12_bottom_cap75,admission_suppression,2025-07-01,601228.XSHG,port_rail_infrastructure,0.03571428571,0.039285714281,0.0035714285709999988,0.032154340836012985,0.009374999999999911,middle_or_top,True,False,False
admission_suppression_mom12_bottom_cap75,admission_suppression,2025-07-01,600018.XSHG,port_rail_infrastructure,0.03571428571,0.039285714281,0.0035714285709999988,0.04472271914132375,-0.01551724137931032,middle_or_top,True,False,False
admission_suppression_mom12_bottom_cap75,admission_suppression,2025-07-01,600908.XSHG,bank,0.03571428571,0.0267857142825,-0.0089285714275,0.14232209737827706,0.10314685314685312,suppressed_bottom_momentum,True,False,False
admission_suppression_mom12_bottom_cap75,admission_suppression,2025-07-01,002807.XSHE,bank,0.03571428571,0.039285714281,0.0035714285709999988,0.19633507853403165,0.0674157303370786,middle_or_top,True,False,False
admission_suppression_mom12_bottom_cap75,admission_suppression,2025-07-01,601009.XSHG,bank,0.03571428571,0.039285714281,0.0035714285709999988,0.2012578616352203,0.1248789932236205,middle_or_top,True,False,False
admission_suppression_mom12_bottom_cap75,admission_suppression,2025-07-01,000001.XSHE,bank,0.03571428571,0.0267857142825,-0.0089285714275,0.13555992141453843,0.07193605683836601,suppressed_bottom_momentum,True,False,False
admission_suppression_mom12_bottom_cap75,admission_suppression,2025-07-01,601326.XSHG,port_rail_infrastructure,0.03571428571,0.039285714281,0.0035714285709999988,0.03164556962025311,-0.035820895522388096,middle_or_top,True,False,False
admission_suppression_mom12_bottom_cap75,admission_suppression,2025-07-01,601939.XSHG,bank,0.03571428571,0.039285714281,0.0035714285709999988,0.26647966339410933,0.06908267270668178,middle_or_top,True,False,False
admission_suppression_mom12_bottom_cap75,admission_suppression,2025-07-01,600377.XSHG,highway_infrastructure,0.03571428571,0.039285714281,0.0035714285709999988,0.40068493150684925,0.003926701570680757,middle_or_top,True,False,False
admission_suppression_mom12_bottom_cap75,admission_suppression,2025-07-01,000429.XSHE,highway_infrastructure,0.03571428571,0.039285714281,0.0035714285709999988,0.38656280428432344,-0.0599435825105783,middle_or_top,True,False,False
v57f_startup_preload_repaired_baseline,baseline,2025-10-09,600795.XSHG,utilities_electricity,0.03571428571,0.03571428571,0.0,0.012320328542094305,0.00809716599190291,baseline,True,False,False
v57f_startup_preload_repaired_baseline,baseline,2025-10-09,000421.XSHE,utilities_electricity,0.03571428571,0.03571428571,0.0,0.4159292035398232,-0.06983655274888567,baseline,True,False,False
v57f_startup_preload_repaired_baseline,baseline,2025-10-09,600011.XSHG,utilities_electricity,0.03571428571,0.03571428571,0.0,0.17236024844720488,-0.061170212765957466,baseline,True,False,False
v57f_startup_preload_repaired_baseline,baseline,2025-10-09,603689.XSHG,utilities_electricity,0.03571428571,0.03571428571,0.0,0.1287001287001288,-0.008168028004667427,baseline,True,False,False
v57f_startup_preload_repaired_baseline,baseline,2025-10-09,600027.XSHG,utilities_electricity,0.03571428571,0.03571428571,0.0,0.08817635270541069,-0.10070671378091878,baseline,True,False,False
v57f_startup_preload_repaired_baseline,baseline,2025-10-09,600803.XSHG,utilities_electricity,0.03571428571,0.03571428571,0.0,0.03771491957848028,-0.07794871794871794,baseline,True,False,False
v57f_startup_preload_repaired_baseline,baseline,2025-10-09,600033.XSHG,highway_infrastructure,0.03571428571,0.03571428571,0.0,0.08950617283950613,-0.06406685236768805,baseline,True,False,False
v57f_startup_preload_repaired_baseline,baseline,2025-10-09,601139.XSHG,utilities_electricity,0.03571428571,0.03571428571,0.0,0.051118210862619806,0.029548989113530322,baseline,True,False,False
v57f_startup_preload_repaired_baseline,baseline,2025-10-09,600908.XSHG,bank,0.03571428571,0.03571428571,0.0,0.24640657084188922,-0.08125000000000004,baseline,True,False,False
v57f_startup_preload_repaired_baseline,baseline,2025-10-09,600017.XSHG,port_rail_infrastructure,0.03571428571,0.03571428571,0.0,0.23076923076923084,-0.037735849056603765,baseline,True,False,False
v57f_startup_preload_repaired_baseline,baseline,2025-10-09,600035.XSHG,highway_infrastructure,0.03571428571,0.03571428571,0.0,0.09866666666666668,-0.09403669724770647,baseline,True,False,False
v57f_startup_preload_repaired_baseline,baseline,2025-10-09,601528.XSHG,bank,0.03571428571,0.03571428571,0.0,0.2795454545454543,-0.10906040268456385,baseline,True,False,False
v57f_startup_preload_repaired_baseline,baseline,2025-10-09,601880.XSHG,port_rail_infrastructure,0.03571428571,0.03571428571,0.0,0.3801652892561984,0.14473684210526305,baseline,True,False,False
v57f_startup_preload_repaired_baseline,baseline,2025-10-09,600020.XSHG,highway_infrastructure,0.03571428571,0.03571428571,0.0,0.22739726027397267,-0.1331967213114753,baseline,True,False,False
v57f_startup_preload_repaired_baseline,baseline,2025-10-09,001872.XSHE,port_rail_infrastructure,0.03571428571,0.03571428571,0.0,0.05209397344228828,-0.011358024691358048,baseline,True,False,False
v57f_startup_preload_repaired_baseline,baseline,2025-10-09,000755.XSHE,highway_infrastructure,0.03571428571,0.03571428571,0.0,0.20895522388059717,-0.0378486055776891,baseline,True,False,False
v57f_startup_preload_repaired_baseline,baseline,2025-10-09,002839.XSHE,bank,0.03571428571,0.03571428571,0.0,0.260387811634349,-0.08510638297872353,baseline,True,False,False
v57f_startup_preload_repaired_baseline,baseline,2025-10-09,601333.XSHG,port_rail_infrastructure,0.03571428571,0.03571428571,0.0,0.06389776357827492,0.1360544217687074,baseline,True,False,False
v57f_startup_preload_repaired_baseline,baseline,2025-10-09,601326.XSHG,port_rail_infrastructure,0.03571428571,0.03571428571,0.0,0.09779179810725558,0.018018018018018056,baseline,True,False,False
v57f_startup_preload_repaired_baseline,baseline,2025-10-09,000828.XSHE,highway_infrastructure,0.03571428571,0.03571428571,0.0,0.3533487297921478,0.022893772893772812,baseline,True,False,False
v57f_startup_preload_repaired_baseline,baseline,2025-10-09,002807.XSHE,bank,0.03571428571,0.03571428571,0.0,0.432748538011696,-0.09368635437881878,baseline,True,False,False
v57f_startup_preload_repaired_baseline,baseline,2025-10-09,600717.XSHG,port_rail_infrastructure,0.03571428571,0.03571428571,0.0,0.17899761336515518,0.0021551724137931494,baseline,True,False,False
v57f_startup_preload_repaired_baseline,baseline,2025-10-09,000001.XSHE,bank,0.03571428571,0.03571428571,0.0,0.226202661207779,-0.10638297872340419,baseline,True,False,False
v57f_startup_preload_repaired_baseline,baseline,2025-10-09,601018.XSHG,port_rail_infrastructure,0.03571428571,0.03571428571,0.0,0.12307692307692308,-0.016172506738544534,baseline,True,False,False
v57f_startup_preload_repaired_baseline,baseline,2025-10-09,601398.XSHG,bank,0.03571428571,0.03571428571,0.0,0.3327464788732395,-0.05927835051546393,baseline,True,False,False
v57f_startup_preload_repaired_baseline,baseline,2025-10-09,601997.XSHG,bank,0.03571428571,0.03571428571,0.0,0.30785562632696384,-0.1351351351351352,baseline,True,False,False
v57f_startup_preload_repaired_baseline,baseline,2025-10-09,600350.XSHG,highway_infrastructure,0.03571428571,0.03571428571,0.0,-0.04845360824742262,-0.1525590551181103,baseline,True,False,False
v57f_startup_preload_repaired_baseline,baseline,2025-10-09,600377.XSHG,highway_infrastructure,0.03571428571,0.03571428571,0.0,-0.02749638205499283,-0.17150395778364114,baseline,True,False,False
internal_subsleeve_mom12_80_20,v57f_pool_internal_subsleeve,2025-10-09,600795.XSHG,utilities_electricity,0.03571428571,0.028571428568000004,-0.0071428571419999976,0.012320328542094305,0.00809716599190291,middle,True,False,False
internal_subsleeve_mom12_80_20,v57f_pool_internal_subsleeve,2025-10-09,000421.XSHE,utilities_electricity,0.03571428571,0.04523809523266667,0.009523809522666668,0.4159292035398232,-0.06983655274888567,momentum_subsleeve,True,False,False
internal_subsleeve_mom12_80_20,v57f_pool_internal_subsleeve,2025-10-09,600011.XSHG,utilities_electricity,0.03571428571,0.04523809523266667,0.009523809522666668,0.17236024844720488,-0.061170212765957466,momentum_subsleeve,True,False,False
internal_subsleeve_mom12_80_20,v57f_pool_internal_subsleeve,2025-10-09,603689.XSHG,utilities_electricity,0.03571428571,0.04523809523266667,0.009523809522666668,0.1287001287001288,-0.008168028004667427,momentum_subsleeve,True,False,False
internal_subsleeve_mom12_80_20,v57f_pool_internal_subsleeve,2025-10-09,600027.XSHG,utilities_electricity,0.03571428571,0.028571428568000004,-0.0071428571419999976,0.08817635270541069,-0.10070671378091878,middle,True,False,False
internal_subsleeve_mom12_80_20,v57f_pool_internal_subsleeve,2025-10-09,600803.XSHG,utilities_electricity,0.03571428571,0.028571428568000004,-0.0071428571419999976,0.03771491957848028,-0.07794871794871794,middle,True,False,False
internal_subsleeve_mom12_80_20,v57f_pool_internal_subsleeve,2025-10-09,600033.XSHG,highway_infrastructure,0.03571428571,0.028571428568000004,-0.0071428571419999976,0.08950617283950613,-0.06406685236768805,middle,True,False,False
internal_subsleeve_mom12_80_20,v57f_pool_internal_subsleeve,2025-10-09,601139.XSHG,utilities_electricity,0.03571428571,0.028571428568000004,-0.0071428571419999976,0.051118210862619806,0.029548989113530322,middle,True,False,False
internal_subsleeve_mom12_80_20,v57f_pool_internal_subsleeve,2025-10-09,600908.XSHG,bank,0.03571428571,0.028571428568000004,-0.0071428571419999976,0.24640657084188922,-0.08125000000000004,middle,True,False,False
internal_subsleeve_mom12_80_20,v57f_pool_internal_subsleeve,2025-10-09,600017.XSHG,port_rail_infrastructure,0.03571428571,0.04523809523266667,0.009523809522666668,0.23076923076923084,-0.037735849056603765,momentum_subsleeve,True,False,False
internal_subsleeve_mom12_80_20,v57f_pool_internal_subsleeve,2025-10-09,600035.XSHG,highway_infrastructure,0.03571428571,0.028571428568000004,-0.0071428571419999976,0.09866666666666668,-0.09403669724770647,middle,True,False,False
internal_subsleeve_mom12_80_20,v57f_pool_internal_subsleeve,2025-10-09,601528.XSHG,bank,0.03571428571,0.028571428568000004,-0.0071428571419999976,0.2795454545454543,-0.10906040268456385,middle,True,False,False
internal_subsleeve_mom12_80_20,v57f_pool_internal_subsleeve,2025-10-09,601880.XSHG,port_rail_infrastructure,0.03571428571,0.04523809523266667,0.009523809522666668,0.3801652892561984,0.14473684210526305,momentum_subsleeve,True,False,False
internal_subsleeve_mom12_80_20,v57f_pool_internal_subsleeve,2025-10-09,600020.XSHG,highway_infrastructure,0.03571428571,0.04523809523266667,0.009523809522666668,0.22739726027397267,-0.1331967213114753,momentum_subsleeve,True,False,False
internal_subsleeve_mom12_80_20,v57f_pool_internal_subsleeve,2025-10-09,001872.XSHE,port_rail_infrastructure,0.03571428571,0.028571428568000004,-0.0071428571419999976,0.05209397344228828,-0.011358024691358048,middle,True,False,False
internal_subsleeve_mom12_80_20,v57f_pool_internal_subsleeve,2025-10-09,000755.XSHE,highway_infrastructure,0.03571428571,0.04523809523266667,0.009523809522666668,0.20895522388059717,-0.0378486055776891,momentum_subsleeve,True,False,False
internal_subsleeve_mom12_80_20,v57f_pool_internal_subsleeve,2025-10-09,002839.XSHE,bank,0.03571428571,0.028571428568000004,-0.0071428571419999976,0.260387811634349,-0.08510638297872353,middle,True,False,False
internal_subsleeve_mom12_80_20,v57f_pool_internal_subsleeve,2025-10-09,601333.XSHG,port_rail_infrastructure,0.03571428571,0.028571428568000004,-0.0071428571419999976,0.06389776357827492,0.1360544217687074,middle,True,False,False
internal_subsleeve_mom12_80_20,v57f_pool_internal_subsleeve,2025-10-09,601326.XSHG,port_rail_infrastructure,0.03571428571,0.028571428568000004,-0.0071428571419999976,0.09779179810725558,0.018018018018018056,middle,True,False,False
internal_subsleeve_mom12_80_20,v57f_pool_internal_subsleeve,2025-10-09,000828.XSHE,highway_infrastructure,0.03571428571,0.04523809523266667,0.009523809522666668,0.3533487297921478,0.022893772893772812,momentum_subsleeve,True,False,False
internal_subsleeve_mom12_80_20,v57f_pool_internal_subsleeve,2025-10-09,002807.XSHE,bank,0.03571428571,0.04523809523266667,0.009523809522666668,0.432748538011696,-0.09368635437881878,momentum_subsleeve,True,False,False
internal_subsleeve_mom12_80_20,v57f_pool_internal_subsleeve,2025-10-09,600717.XSHG,port_rail_infrastructure,0.03571428571,0.04523809523266667,0.009523809522666668,0.17899761336515518,0.0021551724137931494,momentum_subsleeve,True,False,False
internal_subsleeve_mom12_80_20,v57f_pool_internal_subsleeve,2025-10-09,000001.XSHE,bank,0.03571428571,0.028571428568000004,-0.0071428571419999976,0.226202661207779,-0.10638297872340419,middle,True,False,False
internal_subsleeve_mom12_80_20,v57f_pool_internal_subsleeve,2025-10-09,601018.XSHG,port_rail_infrastructure,0.03571428571,0.028571428568000004,-0.0071428571419999976,0.12307692307692308,-0.016172506738544534,middle,True,False,False
internal_subsleeve_mom12_80_20,v57f_pool_internal_subsleeve,2025-10-09,601398.XSHG,bank,0.03571428571,0.04523809523266667,0.009523809522666668,0.3327464788732395,-0.05927835051546393,momentum_subsleeve,True,False,False
internal_subsleeve_mom12_80_20,v57f_pool_internal_subsleeve,2025-10-09,601997.XSHG,bank,0.03571428571,0.04523809523266667,0.009523809522666668,0.30785562632696384,-0.1351351351351352,momentum_subsleeve,True,False,False
internal_subsleeve_mom12_80_20,v57f_pool_internal_subsleeve,2025-10-09,600350.XSHG,highway_infrastructure,0.03571428571,0.028571428568000004,-0.0071428571419999976,-0.04845360824742262,-0.1525590551181103,middle,True,False,False
internal_subsleeve_mom12_80_20,v57f_pool_internal_subsleeve,2025-10-09,600377.XSHG,highway_infrastructure,0.03571428571,0.028571428568000004,-0.0071428571419999976,-0.02749638205499283,-0.17150395778364114,middle,True,False,False
internal_subsleeve_mom12_70_30,v57f_pool_internal_subsleeve,2025-10-09,600795.XSHG,utilities_electricity,0.03571428571,0.024999999997,-0.010714285713000003,0.012320328542094305,0.00809716599190291,middle,True,False,False
internal_subsleeve_mom12_70_30,v57f_pool_internal_subsleeve,2025-10-09,000421.XSHE,utilities_electricity,0.03571428571,0.049999999994000004,0.014285714284000002,0.4159292035398232,-0.06983655274888567,momentum_subsleeve,True,False,False
internal_subsleeve_mom12_70_30,v57f_pool_internal_subsleeve,2025-10-09,600011.XSHG,utilities_electricity,0.03571428571,0.049999999994000004,0.014285714284000002,0.17236024844720488,-0.061170212765957466,momentum_subsleeve,True,False,False
internal_subsleeve_mom12_70_30,v57f_pool_internal_subsleeve,2025-10-09,603689.XSHG,utilities_electricity,0.03571428571,0.049999999994000004,0.014285714284000002,0.1287001287001288,-0.008168028004667427,momentum_subsleeve,True,False,False
internal_subsleeve_mom12_70_30,v57f_pool_internal_subsleeve,2025-10-09,600027.XSHG,utilities_electricity,0.03571428571,0.024999999997,-0.010714285713000003,0.08817635270541069,-0.10070671378091878,middle,True,False,False
internal_subsleeve_mom12_70_30,v57f_pool_internal_subsleeve,2025-10-09,600803.XSHG,utilities_electricity,0.03571428571,0.024999999997,-0.010714285713000003,0.03771491957848028,-0.07794871794871794,middle,True,False,False
internal_subsleeve_mom12_70_30,v57f_pool_internal_subsleeve,2025-10-09,600033.XSHG,highway_infrastructure,0.03571428571,0.024999999997,-0.010714285713000003,0.08950617283950613,-0.06406685236768805,middle,True,False,False
internal_subsleeve_mom12_70_30,v57f_pool_internal_subsleeve,2025-10-09,601139.XSHG,utilities_electricity,0.03571428571,0.024999999997,-0.010714285713000003,0.051118210862619806,0.029548989113530322,middle,True,False,False
internal_subsleeve_mom12_70_30,v57f_pool_internal_subsleeve,2025-10-09,600908.XSHG,bank,0.03571428571,0.024999999997,-0.010714285713000003,0.24640657084188922,-0.08125000000000004,middle,True,False,False
internal_subsleeve_mom12_70_30,v57f_pool_internal_subsleeve,2025-10-09,600017.XSHG,port_rail_infrastructure,0.03571428571,0.049999999994000004,0.014285714284000002,0.23076923076923084,-0.037735849056603765,momentum_subsleeve,True,False,False
internal_subsleeve_mom12_70_30,v57f_pool_internal_subsleeve,2025-10-09,600035.XSHG,highway_infrastructure,0.03571428571,0.024999999997,-0.010714285713000003,0.09866666666666668,-0.09403669724770647,middle,True,False,False
internal_subsleeve_mom12_70_30,v57f_pool_internal_subsleeve,2025-10-09,601528.XSHG,bank,0.03571428571,0.024999999997,-0.010714285713000003,0.2795454545454543,-0.10906040268456385,middle,True,False,False
internal_subsleeve_mom12_70_30,v57f_pool_internal_subsleeve,2025-10-09,601880.XSHG,port_rail_infrastructure,0.03571428571,0.049999999994000004,0.014285714284000002,0.3801652892561984,0.14473684210526305,momentum_subsleeve,True,False,False
internal_subsleeve_mom12_70_30,v57f_pool_internal_subsleeve,2025-10-09,600020.XSHG,highway_infrastructure,0.03571428571,0.049999999994000004,0.014285714284000002,0.22739726027397267,-0.1331967213114753,momentum_subsleeve,True,False,False
internal_subsleeve_mom12_70_30,v57f_pool_internal_subsleeve,2025-10-09,001872.XSHE,port_rail_infrastructure,0.03571428571,0.024999999997,-0.010714285713000003,0.05209397344228828,-0.011358024691358048,middle,True,False,False
internal_subsleeve_mom12_70_30,v57f_pool_internal_subsleeve,2025-10-09,000755.XSHE,highway_infrastructure,0.03571428571,0.049999999994000004,0.014285714284000002,0.20895522388059717,-0.0378486055776891,momentum_subsleeve,True,False,False
internal_subsleeve_mom12_70_30,v57f_pool_internal_subsleeve,2025-10-09,002839.XSHE,bank,0.03571428571,0.024999999997,-0.010714285713000003,0.260387811634349,-0.08510638297872353,middle,True,False,False
internal_subsleeve_mom12_70_30,v57f_pool_internal_subsleeve,2025-10-09,601333.XSHG,port_rail_infrastructure,0.03571428571,0.024999999997,-0.010714285713000003,0.06389776357827492,0.1360544217687074,middle,True,False,False
internal_subsleeve_mom12_70_30,v57f_pool_internal_subsleeve,2025-10-09,601326.XSHG,port_rail_infrastructure,0.03571428571,0.024999999997,-0.010714285713000003,0.09779179810725558,0.018018018018018056,middle,True,False,False
internal_subsleeve_mom12_70_30,v57f_pool_internal_subsleeve,2025-10-09,000828.XSHE,highway_infrastructure,0.03571428571,0.049999999994000004,0.014285714284000002,0.3533487297921478,0.022893772893772812,momentum_subsleeve,True,False,False
internal_subsleeve_mom12_70_30,v57f_pool_internal_subsleeve,2025-10-09,002807.XSHE,bank,0.03571428571,0.049999999994000004,0.014285714284000002,0.432748538011696,-0.09368635437881878,momentum_subsleeve,True,False,False
internal_subsleeve_mom12_70_30,v57f_pool_internal_subsleeve,2025-10-09,600717.XSHG,port_rail_infrastructure,0.03571428571,0.049999999994000004,0.014285714284000002,0.17899761336515518,0.0021551724137931494,momentum_subsleeve,True,False,False
internal_subsleeve_mom12_70_30,v57f_pool_internal_subsleeve,2025-10-09,000001.XSHE,bank,0.03571428571,0.024999999997,-0.010714285713000003,0.226202661207779,-0.10638297872340419,middle,True,False,False
internal_subsleeve_mom12_70_30,v57f_pool_internal_subsleeve,2025-10-09,601018.XSHG,port_rail_infrastructure,0.03571428571,0.024999999997,-0.010714285713000003,0.12307692307692308,-0.016172506738544534,middle,True,False,False
internal_subsleeve_mom12_70_30,v57f_pool_internal_subsleeve,2025-10-09,601398.XSHG,bank,0.03571428571,0.049999999994000004,0.014285714284000002,0.3327464788732395,-0.05927835051546393,momentum_subsleeve,True,False,False
internal_subsleeve_mom12_70_30,v57f_pool_internal_subsleeve,2025-10-09,601997.XSHG,bank,0.03571428571,0.049999999994000004,0.014285714284000002,0.30785562632696384,-0.1351351351351352,momentum_subsleeve,True,False,False
internal_subsleeve_mom12_70_30,v57f_pool_internal_subsleeve,2025-10-09,600350.XSHG,highway_infrastructure,0.03571428571,0.024999999997,-0.010714285713000003,-0.04845360824742262,-0.1525590551181103,middle,True,False,False
internal_subsleeve_mom12_70_30,v57f_pool_internal_subsleeve,2025-10-09,600377.XSHG,highway_infrastructure,0.03571428571,0.024999999997,-0.010714285713000003,-0.02749638205499283,-0.17150395778364114,middle,True,False,False
dual_sleeve_mom12_80_20,dual_sleeve_allocation,2025-10-09,600795.XSHG,utilities_electricity,0.03571428571,0.028571428568000004,-0.0071428571419999976,0.012320328542094305,0.00809716599190291,value_sleeve_only,False,False,False
dual_sleeve_mom12_80_20,dual_sleeve_allocation,2025-10-09,000421.XSHE,utilities_electricity,0.03571428571,0.04857142856800001,0.012857142858000006,0.4159292035398232,-0.06983655274888567,momentum_sleeve,False,False,False
dual_sleeve_mom12_80_20,dual_sleeve_allocation,2025-10-09,600011.XSHG,utilities_electricity,0.03571428571,0.028571428568000004,-0.0071428571419999976,0.17236024844720488,-0.061170212765957466,value_sleeve_only,False,False,False
dual_sleeve_mom12_80_20,dual_sleeve_allocation,2025-10-09,603689.XSHG,utilities_electricity,0.03571428571,0.028571428568000004,-0.0071428571419999976,0.1287001287001288,-0.008168028004667427,value_sleeve_only,False,False,False
dual_sleeve_mom12_80_20,dual_sleeve_allocation,2025-10-09,600027.XSHG,utilities_electricity,0.03571428571,0.028571428568000004,-0.0071428571419999976,0.08817635270541069,-0.10070671378091878,value_sleeve_only,False,False,False
dual_sleeve_mom12_80_20,dual_sleeve_allocation,2025-10-09,600803.XSHG,utilities_electricity,0.03571428571,0.028571428568000004,-0.0071428571419999976,0.03771491957848028,-0.07794871794871794,value_sleeve_only,False,False,False
dual_sleeve_mom12_80_20,dual_sleeve_allocation,2025-10-09,600033.XSHG,highway_infrastructure,0.03571428571,0.028571428568000004,-0.0071428571419999976,0.08950617283950613,-0.06406685236768805,value_sleeve_only,False,False,False
dual_sleeve_mom12_80_20,dual_sleeve_allocation,2025-10-09,601139.XSHG,utilities_electricity,0.03571428571,0.028571428568000004,-0.0071428571419999976,0.051118210862619806,0.029548989113530322,value_sleeve_only,False,False,False
dual_sleeve_mom12_80_20,dual_sleeve_allocation,2025-10-09,600908.XSHG,bank,0.03571428571,0.04857142856800001,0.012857142858000006,0.24640657084188922,-0.08125000000000004,momentum_sleeve,False,False,False
dual_sleeve_mom12_80_20,dual_sleeve_allocation,2025-10-09,600017.XSHG,port_rail_infrastructure,0.03571428571,0.04857142856800001,0.012857142858000006,0.23076923076923084,-0.037735849056603765,momentum_sleeve,False,False,False
dual_sleeve_mom12_80_20,dual_sleeve_allocation,2025-10-09,600035.XSHG,highway_infrastructure,0.03571428571,0.028571428568000004,-0.0071428571419999976,0.09866666666666668,-0.09403669724770647,value_sleeve_only,False,False,False
dual_sleeve_mom12_80_20,dual_sleeve_allocation,2025-10-09,601528.XSHG,bank,0.03571428571,0.04857142856800001,0.012857142858000006,0.2795454545454543,-0.10906040268456385,momentum_sleeve,False,False,False
dual_sleeve_mom12_80_20,dual_sleeve_allocation,2025-10-09,601880.XSHG,port_rail_infrastructure,0.03571428571,0.04857142856800001,0.012857142858000006,0.3801652892561984,0.14473684210526305,momentum_sleeve,False,False,False
dual_sleeve_mom12_80_20,dual_sleeve_allocation,2025-10-09,600020.XSHG,highway_infrastructure,0.03571428571,0.028571428568000004,-0.0071428571419999976,0.22739726027397267,-0.1331967213114753,value_sleeve_only,False,False,False
dual_sleeve_mom12_80_20,dual_sleeve_allocation,2025-10-09,001872.XSHE,port_rail_infrastructure,0.03571428571,0.028571428568000004,-0.0071428571419999976,0.05209397344228828,-0.011358024691358048,value_sleeve_only,False,False,False
dual_sleeve_mom12_80_20,dual_sleeve_allocation,2025-10-09,000755.XSHE,highway_infrastructure,0.03571428571,0.028571428568000004,-0.0071428571419999976,0.20895522388059717,-0.0378486055776891,value_sleeve_only,False,False,False
dual_sleeve_mom12_80_20,dual_sleeve_allocation,2025-10-09,002839.XSHE,bank,0.03571428571,0.04857142856800001,0.012857142858000006,0.260387811634349,-0.08510638297872353,momentum_sleeve,False,False,False
dual_sleeve_mom12_80_20,dual_sleeve_allocation,2025-10-09,601333.XSHG,port_rail_infrastructure,0.03571428571,0.028571428568000004,-0.0071428571419999976,0.06389776357827492,0.1360544217687074,value_sleeve_only,False,False,False
dual_sleeve_mom12_80_20,dual_sleeve_allocation,2025-10-09,601326.XSHG,port_rail_infrastructure,0.03571428571,0.028571428568000004,-0.0071428571419999976,0.09779179810725558,0.018018018018018056,value_sleeve_only,False,False,False
dual_sleeve_mom12_80_20,dual_sleeve_allocation,2025-10-09,000828.XSHE,highway_infrastructure,0.03571428571,0.04857142856800001,0.012857142858000006,0.3533487297921478,0.022893772893772812,momentum_sleeve,False,False,False
dual_sleeve_mom12_80_20,dual_sleeve_allocation,2025-10-09,002807.XSHE,bank,0.03571428571,0.04857142856800001,0.012857142858000006,0.432748538011696,-0.09368635437881878,momentum_sleeve,False,False,False
dual_sleeve_mom12_80_20,dual_sleeve_allocation,2025-10-09,600717.XSHG,port_rail_infrastructure,0.03571428571,0.028571428568000004,-0.0071428571419999976,0.17899761336515518,0.0021551724137931494,value_sleeve_only,False,False,False
dual_sleeve_mom12_80_20,dual_sleeve_allocation,2025-10-09,000001.XSHE,bank,0.03571428571,0.028571428568000004,-0.0071428571419999976,0.226202661207779,-0.10638297872340419,value_sleeve_only,False,False,False
dual_sleeve_mom12_80_20,dual_sleeve_allocation,2025-10-09,601018.XSHG,port_rail_infrastructure,0.03571428571,0.028571428568000004,-0.0071428571419999976,0.12307692307692308,-0.016172506738544534,value_sleeve_only,False,False,False
dual_sleeve_mom12_80_20,dual_sleeve_allocation,2025-10-09,601398.XSHG,bank,0.03571428571,0.04857142856800001,0.012857142858000006,0.3327464788732395,-0.05927835051546393,momentum_sleeve,False,False,False
dual_sleeve_mom12_80_20,dual_sleeve_allocation,2025-10-09,601997.XSHG,bank,0.03571428571,0.04857142856800001,0.012857142858000006,0.30785562632696384,-0.1351351351351352,momentum_sleeve,False,False,False
dual_sleeve_mom12_80_20,dual_sleeve_allocation,2025-10-09,600350.XSHG,highway_infrastructure,0.03571428571,0.028571428568000004,-0.0071428571419999976,-0.04845360824742262,-0.1525590551181103,value_sleeve_only,False,False,False
dual_sleeve_mom12_80_20,dual_sleeve_allocation,2025-10-09,600377.XSHG,highway_infrastructure,0.03571428571,0.028571428568000004,-0.0071428571419999976,-0.02749638205499283,-0.17150395778364114,value_sleeve_only,False,False,False
dual_sleeve_mom12_60_40,dual_sleeve_allocation,2025-10-09,600795.XSHG,utilities_electricity,0.03571428571,0.021428571426,-0.014285714284000002,0.012320328542094305,0.00809716599190291,value_sleeve_only,False,False,False
dual_sleeve_mom12_60_40,dual_sleeve_allocation,2025-10-09,000421.XSHE,utilities_electricity,0.03571428571,0.061428571426,0.025714285716,0.4159292035398232,-0.06983655274888567,momentum_sleeve,False,False,False
dual_sleeve_mom12_60_40,dual_sleeve_allocation,2025-10-09,600011.XSHG,utilities_electricity,0.03571428571,0.021428571426,-0.014285714284000002,0.17236024844720488,-0.061170212765957466,value_sleeve_only,False,False,False
dual_sleeve_mom12_60_40,dual_sleeve_allocation,2025-10-09,603689.XSHG,utilities_electricity,0.03571428571,0.021428571426,-0.014285714284000002,0.1287001287001288,-0.008168028004667427,value_sleeve_only,False,False,False
dual_sleeve_mom12_60_40,dual_sleeve_allocation,2025-10-09,600027.XSHG,utilities_electricity,0.03571428571,0.021428571426,-0.014285714284000002,0.08817635270541069,-0.10070671378091878,value_sleeve_only,False,False,False
dual_sleeve_mom12_60_40,dual_sleeve_allocation,2025-10-09,600803.XSHG,utilities_electricity,0.03571428571,0.021428571426,-0.014285714284000002,0.03771491957848028,-0.07794871794871794,value_sleeve_only,False,False,False
dual_sleeve_mom12_60_40,dual_sleeve_allocation,2025-10-09,600033.XSHG,highway_infrastructure,0.03571428571,0.021428571426,-0.014285714284000002,0.08950617283950613,-0.06406685236768805,value_sleeve_only,False,False,False
dual_sleeve_mom12_60_40,dual_sleeve_allocation,2025-10-09,601139.XSHG,utilities_electricity,0.03571428571,0.021428571426,-0.014285714284000002,0.051118210862619806,0.029548989113530322,value_sleeve_only,False,False,False
dual_sleeve_mom12_60_40,dual_sleeve_allocation,2025-10-09,600908.XSHG,bank,0.03571428571,0.061428571426,0.025714285716,0.24640657084188922,-0.08125000000000004,momentum_sleeve,False,False,False
dual_sleeve_mom12_60_40,dual_sleeve_allocation,2025-10-09,600017.XSHG,port_rail_infrastructure,0.03571428571,0.061428571426,0.025714285716,0.23076923076923084,-0.037735849056603765,momentum_sleeve,False,False,False
dual_sleeve_mom12_60_40,dual_sleeve_allocation,2025-10-09,600035.XSHG,highway_infrastructure,0.03571428571,0.021428571426,-0.014285714284000002,0.09866666666666668,-0.09403669724770647,value_sleeve_only,False,False,False
dual_sleeve_mom12_60_40,dual_sleeve_allocation,2025-10-09,601528.XSHG,bank,0.03571428571,0.061428571426,0.025714285716,0.2795454545454543,-0.10906040268456385,momentum_sleeve,False,False,False
dual_sleeve_mom12_60_40,dual_sleeve_allocation,2025-10-09,601880.XSHG,port_rail_infrastructure,0.03571428571,0.061428571426,0.025714285716,0.3801652892561984,0.14473684210526305,momentum_sleeve,False,False,False
dual_sleeve_mom12_60_40,dual_sleeve_allocation,2025-10-09,600020.XSHG,highway_infrastructure,0.03571428571,0.021428571426,-0.014285714284000002,0.22739726027397267,-0.1331967213114753,value_sleeve_only,False,False,False
dual_sleeve_mom12_60_40,dual_sleeve_allocation,2025-10-09,001872.XSHE,port_rail_infrastructure,0.03571428571,0.021428571426,-0.014285714284000002,0.05209397344228828,-0.011358024691358048,value_sleeve_only,False,False,False
dual_sleeve_mom12_60_40,dual_sleeve_allocation,2025-10-09,000755.XSHE,highway_infrastructure,0.03571428571,0.021428571426,-0.014285714284000002,0.20895522388059717,-0.0378486055776891,value_sleeve_only,False,False,False
dual_sleeve_mom12_60_40,dual_sleeve_allocation,2025-10-09,002839.XSHE,bank,0.03571428571,0.061428571426,0.025714285716,0.260387811634349,-0.08510638297872353,momentum_sleeve,False,False,False
dual_sleeve_mom12_60_40,dual_sleeve_allocation,2025-10-09,601333.XSHG,port_rail_infrastructure,0.03571428571,0.021428571426,-0.014285714284000002,0.06389776357827492,0.1360544217687074,value_sleeve_only,False,False,False
dual_sleeve_mom12_60_40,dual_sleeve_allocation,2025-10-09,601326.XSHG,port_rail_infrastructure,0.03571428571,0.021428571426,-0.014285714284000002,0.09779179810725558,0.018018018018018056,value_sleeve_only,False,False,False
dual_sleeve_mom12_60_40,dual_sleeve_allocation,2025-10-09,000828.XSHE,highway_infrastructure,0.03571428571,0.061428571426,0.025714285716,0.3533487297921478,0.022893772893772812,momentum_sleeve,False,False,False
dual_sleeve_mom12_60_40,dual_sleeve_allocation,2025-10-09,002807.XSHE,bank,0.03571428571,0.061428571426,0.025714285716,0.432748538011696,-0.09368635437881878,momentum_sleeve,False,False,False
dual_sleeve_mom12_60_40,dual_sleeve_allocation,2025-10-09,600717.XSHG,port_rail_infrastructure,0.03571428571,0.021428571426,-0.014285714284000002,0.17899761336515518,0.0021551724137931494,value_sleeve_only,False,False,False
dual_sleeve_mom12_60_40,dual_sleeve_allocation,2025-10-09,000001.XSHE,bank,0.03571428571,0.021428571426,-0.014285714284000002,0.226202661207779,-0.10638297872340419,value_sleeve_only,False,False,False
dual_sleeve_mom12_60_40,dual_sleeve_allocation,2025-10-09,601018.XSHG,port_rail_infrastructure,0.03571428571,0.021428571426,-0.014285714284000002,0.12307692307692308,-0.016172506738544534,value_sleeve_only,False,False,False
dual_sleeve_mom12_60_40,dual_sleeve_allocation,2025-10-09,601398.XSHG,bank,0.03571428571,0.061428571426,0.025714285716,0.3327464788732395,-0.05927835051546393,momentum_sleeve,False,False,False
dual_sleeve_mom12_60_40,dual_sleeve_allocation,2025-10-09,601997.XSHG,bank,0.03571428571,0.061428571426,0.025714285716,0.30785562632696384,-0.1351351351351352,momentum_sleeve,False,False,False
dual_sleeve_mom12_60_40,dual_sleeve_allocation,2025-10-09,600350.XSHG,highway_infrastructure,0.03571428571,0.021428571426,-0.014285714284000002,-0.04845360824742262,-0.1525590551181103,value_sleeve_only,False,False,False
dual_sleeve_mom12_60_40,dual_sleeve_allocation,2025-10-09,600377.XSHG,highway_infrastructure,0.03571428571,0.021428571426,-0.014285714284000002,-0.02749638205499283,-0.17150395778364114,value_sleeve_only,False,False,False
state_routed_mom12_70_30_or_100_0,state_routed_budget,2025-10-09,600795.XSHG,utilities_electricity,0.03571428571,0.024999999997,-0.010714285713000003,0.012320328542094305,0.00809716599190291,value_sleeve_only,False,False,False
state_routed_mom12_70_30_or_100_0,state_routed_budget,2025-10-09,000421.XSHE,utilities_electricity,0.03571428571,0.054999999997,0.019285714286999996,0.4159292035398232,-0.06983655274888567,momentum_sleeve,False,False,False
state_routed_mom12_70_30_or_100_0,state_routed_budget,2025-10-09,600011.XSHG,utilities_electricity,0.03571428571,0.024999999997,-0.010714285713000003,0.17236024844720488,-0.061170212765957466,value_sleeve_only,False,False,False
state_routed_mom12_70_30_or_100_0,state_routed_budget,2025-10-09,603689.XSHG,utilities_electricity,0.03571428571,0.024999999997,-0.010714285713000003,0.1287001287001288,-0.008168028004667427,value_sleeve_only,False,False,False
state_routed_mom12_70_30_or_100_0,state_routed_budget,2025-10-09,600027.XSHG,utilities_electricity,0.03571428571,0.024999999997,-0.010714285713000003,0.08817635270541069,-0.10070671378091878,value_sleeve_only,False,False,False
state_routed_mom12_70_30_or_100_0,state_routed_budget,2025-10-09,600803.XSHG,utilities_electricity,0.03571428571,0.024999999997,-0.010714285713000003,0.03771491957848028,-0.07794871794871794,value_sleeve_only,False,False,False
state_routed_mom12_70_30_or_100_0,state_routed_budget,2025-10-09,600033.XSHG,highway_infrastructure,0.03571428571,0.024999999997,-0.010714285713000003,0.08950617283950613,-0.06406685236768805,value_sleeve_only,False,False,False
state_routed_mom12_70_30_or_100_0,state_routed_budget,2025-10-09,601139.XSHG,utilities_electricity,0.03571428571,0.024999999997,-0.010714285713000003,0.051118210862619806,0.029548989113530322,value_sleeve_only,False,False,False
state_routed_mom12_70_30_or_100_0,state_routed_budget,2025-10-09,600908.XSHG,bank,0.03571428571,0.054999999997,0.019285714286999996,0.24640657084188922,-0.08125000000000004,momentum_sleeve,False,False,False
state_routed_mom12_70_30_or_100_0,state_routed_budget,2025-10-09,600017.XSHG,port_rail_infrastructure,0.03571428571,0.054999999997,0.019285714286999996,0.23076923076923084,-0.037735849056603765,momentum_sleeve,False,False,False
state_routed_mom12_70_30_or_100_0,state_routed_budget,2025-10-09,600035.XSHG,highway_infrastructure,0.03571428571,0.024999999997,-0.010714285713000003,0.09866666666666668,-0.09403669724770647,value_sleeve_only,False,False,False
state_routed_mom12_70_30_or_100_0,state_routed_budget,2025-10-09,601528.XSHG,bank,0.03571428571,0.054999999997,0.019285714286999996,0.2795454545454543,-0.10906040268456385,momentum_sleeve,False,False,False
state_routed_mom12_70_30_or_100_0,state_routed_budget,2025-10-09,601880.XSHG,port_rail_infrastructure,0.03571428571,0.054999999997,0.019285714286999996,0.3801652892561984,0.14473684210526305,momentum_sleeve,False,False,False
state_routed_mom12_70_30_or_100_0,state_routed_budget,2025-10-09,600020.XSHG,highway_infrastructure,0.03571428571,0.024999999997,-0.010714285713000003,0.22739726027397267,-0.1331967213114753,value_sleeve_only,False,False,False
state_routed_mom12_70_30_or_100_0,state_routed_budget,2025-10-09,001872.XSHE,port_rail_infrastructure,0.03571428571,0.024999999997,-0.010714285713000003,0.05209397344228828,-0.011358024691358048,value_sleeve_only,False,False,False
state_routed_mom12_70_30_or_100_0,state_routed_budget,2025-10-09,000755.XSHE,highway_infrastructure,0.03571428571,0.024999999997,-0.010714285713000003,0.20895522388059717,-0.0378486055776891,value_sleeve_only,False,False,False
state_routed_mom12_70_30_or_100_0,state_routed_budget,2025-10-09,002839.XSHE,bank,0.03571428571,0.054999999997,0.019285714286999996,0.260387811634349,-0.08510638297872353,momentum_sleeve,False,False,False
state_routed_mom12_70_30_or_100_0,state_routed_budget,2025-10-09,601333.XSHG,port_rail_infrastructure,0.03571428571,0.024999999997,-0.010714285713000003,0.06389776357827492,0.1360544217687074,value_sleeve_only,False,False,False
state_routed_mom12_70_30_or_100_0,state_routed_budget,2025-10-09,601326.XSHG,port_rail_infrastructure,0.03571428571,0.024999999997,-0.010714285713000003,0.09779179810725558,0.018018018018018056,value_sleeve_only,False,False,False
state_routed_mom12_70_30_or_100_0,state_routed_budget,2025-10-09,000828.XSHE,highway_infrastructure,0.03571428571,0.054999999997,0.019285714286999996,0.3533487297921478,0.022893772893772812,momentum_sleeve,False,False,False
state_routed_mom12_70_30_or_100_0,state_routed_budget,2025-10-09,002807.XSHE,bank,0.03571428571,0.054999999997,0.019285714286999996,0.432748538011696,-0.09368635437881878,momentum_sleeve,False,False,False
state_routed_mom12_70_30_or_100_0,state_routed_budget,2025-10-09,600717.XSHG,port_rail_infrastructure,0.03571428571,0.024999999997,-0.010714285713000003,0.17899761336515518,0.0021551724137931494,value_sleeve_only,False,False,False
state_routed_mom12_70_30_or_100_0,state_routed_budget,2025-10-09,000001.XSHE,bank,0.03571428571,0.024999999997,-0.010714285713000003,0.226202661207779,-0.10638297872340419,value_sleeve_only,False,False,False
state_routed_mom12_70_30_or_100_0,state_routed_budget,2025-10-09,601018.XSHG,port_rail_infrastructure,0.03571428571,0.024999999997,-0.010714285713000003,0.12307692307692308,-0.016172506738544534,value_sleeve_only,False,False,False
state_routed_mom12_70_30_or_100_0,state_routed_budget,2025-10-09,601398.XSHG,bank,0.03571428571,0.054999999997,0.019285714286999996,0.3327464788732395,-0.05927835051546393,momentum_sleeve,False,False,False
state_routed_mom12_70_30_or_100_0,state_routed_budget,2025-10-09,601997.XSHG,bank,0.03571428571,0.054999999997,0.019285714286999996,0.30785562632696384,-0.1351351351351352,momentum_sleeve,False,False,False
state_routed_mom12_70_30_or_100_0,state_routed_budget,2025-10-09,600350.XSHG,highway_infrastructure,0.03571428571,0.024999999997,-0.010714285713000003,-0.04845360824742262,-0.1525590551181103,value_sleeve_only,False,False,False
state_routed_mom12_70_30_or_100_0,state_routed_budget,2025-10-09,600377.XSHG,highway_infrastructure,0.03571428571,0.024999999997,-0.010714285713000003,-0.02749638205499283,-0.17150395778364114,value_sleeve_only,False,False,False
admission_suppression_mom12_bottom_cap75,admission_suppression,2025-10-09,600795.XSHG,utilities_electricity,0.03571428571,0.0267857142825,-0.0089285714275,0.012320328542094305,0.00809716599190291,suppressed_bottom_momentum,True,False,False
admission_suppression_mom12_bottom_cap75,admission_suppression,2025-10-09,000421.XSHE,utilities_electricity,0.03571428571,0.039285714281,0.0035714285709999988,0.4159292035398232,-0.06983655274888567,middle_or_top,True,False,False
admission_suppression_mom12_bottom_cap75,admission_suppression,2025-10-09,600011.XSHG,utilities_electricity,0.03571428571,0.039285714281,0.0035714285709999988,0.17236024844720488,-0.061170212765957466,middle_or_top,True,False,False
admission_suppression_mom12_bottom_cap75,admission_suppression,2025-10-09,603689.XSHG,utilities_electricity,0.03571428571,0.039285714281,0.0035714285709999988,0.1287001287001288,-0.008168028004667427,middle_or_top,True,False,False
admission_suppression_mom12_bottom_cap75,admission_suppression,2025-10-09,600027.XSHG,utilities_electricity,0.03571428571,0.039285714281,0.0035714285709999988,0.08817635270541069,-0.10070671378091878,middle_or_top,True,False,False
admission_suppression_mom12_bottom_cap75,admission_suppression,2025-10-09,600803.XSHG,utilities_electricity,0.03571428571,0.0267857142825,-0.0089285714275,0.03771491957848028,-0.07794871794871794,suppressed_bottom_momentum,True,False,False
admission_suppression_mom12_bottom_cap75,admission_suppression,2025-10-09,600033.XSHG,highway_infrastructure,0.03571428571,0.039285714281,0.0035714285709999988,0.08950617283950613,-0.06406685236768805,middle_or_top,True,False,False
admission_suppression_mom12_bottom_cap75,admission_suppression,2025-10-09,601139.XSHG,utilities_electricity,0.03571428571,0.039285714281,0.0035714285709999988,0.051118210862619806,0.029548989113530322,middle_or_top,True,False,False
admission_suppression_mom12_bottom_cap75,admission_suppression,2025-10-09,600908.XSHG,bank,0.03571428571,0.0267857142825,-0.0089285714275,0.24640657084188922,-0.08125000000000004,suppressed_bottom_momentum,True,False,False
admission_suppression_mom12_bottom_cap75,admission_suppression,2025-10-09,600017.XSHG,port_rail_infrastructure,0.03571428571,0.039285714281,0.0035714285709999988,0.23076923076923084,-0.037735849056603765,middle_or_top,True,False,False
admission_suppression_mom12_bottom_cap75,admission_suppression,2025-10-09,600035.XSHG,highway_infrastructure,0.03571428571,0.039285714281,0.0035714285709999988,0.09866666666666668,-0.09403669724770647,middle_or_top,True,False,False
admission_suppression_mom12_bottom_cap75,admission_suppression,2025-10-09,601528.XSHG,bank,0.03571428571,0.039285714281,0.0035714285709999988,0.2795454545454543,-0.10906040268456385,middle_or_top,True,False,False
admission_suppression_mom12_bottom_cap75,admission_suppression,2025-10-09,601880.XSHG,port_rail_infrastructure,0.03571428571,0.039285714281,0.0035714285709999988,0.3801652892561984,0.14473684210526305,middle_or_top,True,False,False
admission_suppression_mom12_bottom_cap75,admission_suppression,2025-10-09,600020.XSHG,highway_infrastructure,0.03571428571,0.039285714281,0.0035714285709999988,0.22739726027397267,-0.1331967213114753,middle_or_top,True,False,False
admission_suppression_mom12_bottom_cap75,admission_suppression,2025-10-09,001872.XSHE,port_rail_infrastructure,0.03571428571,0.0267857142825,-0.0089285714275,0.05209397344228828,-0.011358024691358048,suppressed_bottom_momentum,True,False,False
admission_suppression_mom12_bottom_cap75,admission_suppression,2025-10-09,000755.XSHE,highway_infrastructure,0.03571428571,0.039285714281,0.0035714285709999988,0.20895522388059717,-0.0378486055776891,middle_or_top,True,False,False
admission_suppression_mom12_bottom_cap75,admission_suppression,2025-10-09,002839.XSHE,bank,0.03571428571,0.039285714281,0.0035714285709999988,0.260387811634349,-0.08510638297872353,middle_or_top,True,False,False
admission_suppression_mom12_bottom_cap75,admission_suppression,2025-10-09,601333.XSHG,port_rail_infrastructure,0.03571428571,0.0267857142825,-0.0089285714275,0.06389776357827492,0.1360544217687074,suppressed_bottom_momentum,True,False,False
admission_suppression_mom12_bottom_cap75,admission_suppression,2025-10-09,601326.XSHG,port_rail_infrastructure,0.03571428571,0.039285714281,0.0035714285709999988,0.09779179810725558,0.018018018018018056,middle_or_top,True,False,False
admission_suppression_mom12_bottom_cap75,admission_suppression,2025-10-09,000828.XSHE,highway_infrastructure,0.03571428571,0.039285714281,0.0035714285709999988,0.3533487297921478,0.022893772893772812,middle_or_top,True,False,False
admission_suppression_mom12_bottom_cap75,admission_suppression,2025-10-09,002807.XSHE,bank,0.03571428571,0.039285714281,0.0035714285709999988,0.432748538011696,-0.09368635437881878,middle_or_top,True,False,False
admission_suppression_mom12_bottom_cap75,admission_suppression,2025-10-09,600717.XSHG,port_rail_infrastructure,0.03571428571,0.039285714281,0.0035714285709999988,0.17899761336515518,0.0021551724137931494,middle_or_top,True,False,False
admission_suppression_mom12_bottom_cap75,admission_suppression,2025-10-09,000001.XSHE,bank,0.03571428571,0.0267857142825,-0.0089285714275,0.226202661207779,-0.10638297872340419,suppressed_bottom_momentum,True,False,False
admission_suppression_mom12_bottom_cap75,admission_suppression,2025-10-09,601018.XSHG,port_rail_infrastructure,0.03571428571,0.039285714281,0.0035714285709999988,0.12307692307692308,-0.016172506738544534,middle_or_top,True,False,False
admission_suppression_mom12_bottom_cap75,admission_suppression,2025-10-09,601398.XSHG,bank,0.03571428571,0.039285714281,0.0035714285709999988,0.3327464788732395,-0.05927835051546393,middle_or_top,True,False,False
admission_suppression_mom12_bottom_cap75,admission_suppression,2025-10-09,601997.XSHG,bank,0.03571428571,0.039285714281,0.0035714285709999988,0.30785562632696384,-0.1351351351351352,middle_or_top,True,False,False
admission_suppression_mom12_bottom_cap75,admission_suppression,2025-10-09,600350.XSHG,highway_infrastructure,0.03571428571,0.0267857142825,-0.0089285714275,-0.04845360824742262,-0.1525590551181103,suppressed_bottom_momentum,True,False,False
admission_suppression_mom12_bottom_cap75,admission_suppression,2025-10-09,600377.XSHG,highway_infrastructure,0.03571428571,0.0267857142825,-0.0089285714275,-0.02749638205499283,-0.17150395778364114,suppressed_bottom_momentum,True,False,False
v57f_startup_preload_repaired_baseline,baseline,2026-01-05,002039.XSHE,utilities_electricity,0.03571428571,0.03571428571,0.0,0.19354838709677424,0.07961972667855033,baseline,True,False,False
v57f_startup_preload_repaired_baseline,baseline,2026-01-05,000543.XSHE,utilities_electricity,0.03571428571,0.03571428571,0.0,-0.026035502958579704,0.11971830985915499,baseline,True,False,False
v57f_startup_preload_repaired_baseline,baseline,2026-01-05,600027.XSHG,utilities_electricity,0.03571428571,0.03571428571,0.0,-0.06842105263157905,-0.025540275049115935,baseline,True,False,False
v57f_startup_preload_repaired_baseline,baseline,2026-01-05,000027.XSHE,utilities_electricity,0.03571428571,0.03571428571,0.0,0.009077155824508187,-0.01807228915662651,baseline,True,False,False
v57f_startup_preload_repaired_baseline,baseline,2026-01-05,600011.XSHG,utilities_electricity,0.03571428571,0.03571428571,0.0,0.11748251748251737,0.056657223796034106,baseline,True,False,False
v57f_startup_preload_repaired_baseline,baseline,2026-01-05,600795.XSHG,utilities_electricity,0.03571428571,0.03571428571,0.0,0.22292993630573243,0.012048192771084265,baseline,True,False,False
v57f_startup_preload_repaired_baseline,baseline,2026-01-05,001872.XSHE,port_rail_infrastructure,0.03571428571,0.03571428571,0.0,-0.0272241127856101,-0.034465534465534575,baseline,True,False,False
v57f_startup_preload_repaired_baseline,baseline,2026-01-05,600908.XSHG,bank,0.03571428571,0.03571428571,0.0,0.05405405405405417,0.008503401360544283,baseline,True,False,False
v57f_startup_preload_repaired_baseline,baseline,2026-01-05,601991.XSHG,utilities_electricity,0.03571428571,0.03571428571,0.0,0.21355932203389827,0.029498525073746285,baseline,True,False,False
v57f_startup_preload_repaired_baseline,baseline,2026-01-05,600017.XSHG,port_rail_infrastructure,0.03571428571,0.03571428571,0.0,-0.07012195121951215,-0.019607843137254943,baseline,True,False,False
v57f_startup_preload_repaired_baseline,baseline,2026-01-05,600020.XSHG,highway_infrastructure,0.03571428571,0.03571428571,0.0,0.04629629629629606,0.007092198581560183,baseline,True,False,False
v57f_startup_preload_repaired_baseline,baseline,2026-01-05,601528.XSHG,bank,0.03571428571,0.03571428571,0.0,-0.0070796460176991705,0.07344632768361592,baseline,True,False,False
v57f_startup_preload_repaired_baseline,baseline,2026-01-05,000828.XSHE,highway_infrastructure,0.03571428571,0.03571428571,0.0,0.023919043238270543,-0.036705461056401045,baseline,True,False,False
v57f_startup_preload_repaired_baseline,baseline,2026-01-05,600035.XSHG,highway_infrastructure,0.03571428571,0.03571428571,0.0,-0.12473118279569895,-0.017721518987341867,baseline,True,False,False
v57f_startup_preload_repaired_baseline,baseline,2026-01-05,603323.XSHG,bank,0.03571428571,0.03571428571,0.0,0.007590132827324458,0.016096579476861272,baseline,True,False,False
v57f_startup_preload_repaired_baseline,baseline,2026-01-05,600018.XSHG,port_rail_infrastructure,0.03571428571,0.03571428571,0.0,-0.05833333333333324,-0.005504587155963359,baseline,True,False,False
v57f_startup_preload_repaired_baseline,baseline,2026-01-05,000001.XSHE,bank,0.03571428571,0.03571428571,0.0,-0.008583690987124415,0.006172839506172867,baseline,True,False,False
v57f_startup_preload_repaired_baseline,baseline,2026-01-05,002839.XSHE,bank,0.03571428571,0.03571428571,0.0,0.09339407744874717,0.0627906976744188,baseline,True,False,False
v57f_startup_preload_repaired_baseline,baseline,2026-01-05,600717.XSHG,port_rail_infrastructure,0.03571428571,0.03571428571,0.0,-0.07661290322580638,-0.03870967741935494,baseline,True,False,False
v57f_startup_preload_repaired_baseline,baseline,2026-01-05,601000.XSHG,port_rail_infrastructure,0.03571428571,0.03571428571,0.0,-0.1543478260869564,0.007874015748031482,baseline,True,False,False
v57f_startup_preload_repaired_baseline,baseline,2026-01-05,601997.XSHG,bank,0.03571428571,0.03571428571,0.0,0.004966887417218624,0.01909722222222232,baseline,True,False,False
v57f_startup_preload_repaired_baseline,baseline,2026-01-05,601298.XSHG,port_rail_infrastructure,0.03571428571,0.03571428571,0.0,0.02473498233215543,-0.004773269689737569,baseline,True,False,False
v57f_startup_preload_repaired_baseline,baseline,2026-01-05,601006.XSHG,port_rail_infrastructure,0.03571428571,0.03571428571,0.0,-0.18658892128279891,-0.12393887945670623,baseline,True,False,False
v57f_startup_preload_repaired_baseline,baseline,2026-01-05,600033.XSHG,highway_infrastructure,0.03571428571,0.03571428571,0.0,0.13054830287206265,0.22916666666666674,baseline,True,False,False
v57f_startup_preload_repaired_baseline,baseline,2026-01-05,601860.XSHG,bank,0.03571428571,0.03571428571,0.0,-0.02768166089965396,-0.014285714285714346,baseline,True,False,False
v57f_startup_preload_repaired_baseline,baseline,2026-01-05,000755.XSHE,highway_infrastructure,0.03571428571,0.03571428571,0.0,0.0821643286573146,0.039337474120082705,baseline,True,False,False
v57f_startup_preload_repaired_baseline,baseline,2026-01-05,600377.XSHG,highway_infrastructure,0.03571428571,0.03571428571,0.0,-0.12927496580027353,-0.03582802547770714,baseline,True,False,False
v57f_startup_preload_repaired_baseline,baseline,2026-01-05,000548.XSHE,highway_infrastructure,0.03571428571,0.03571428571,0.0,0.05975395430579966,0.032258064516129226,baseline,True,False,False
internal_subsleeve_mom12_80_20,v57f_pool_internal_subsleeve,2026-01-05,002039.XSHE,utilities_electricity,0.03571428571,0.04523809523266667,0.009523809522666668,0.19354838709677424,0.07961972667855033,momentum_subsleeve,True,False,False
internal_subsleeve_mom12_80_20,v57f_pool_internal_subsleeve,2026-01-05,000543.XSHE,utilities_electricity,0.03571428571,0.028571428568000004,-0.0071428571419999976,-0.026035502958579704,0.11971830985915499,middle,True,False,False
internal_subsleeve_mom12_80_20,v57f_pool_internal_subsleeve,2026-01-05,600027.XSHG,utilities_electricity,0.03571428571,0.028571428568000004,-0.0071428571419999976,-0.06842105263157905,-0.025540275049115935,middle,True,False,False
internal_subsleeve_mom12_80_20,v57f_pool_internal_subsleeve,2026-01-05,000027.XSHE,utilities_electricity,0.03571428571,0.028571428568000004,-0.0071428571419999976,0.009077155824508187,-0.01807228915662651,middle,True,False,False
internal_subsleeve_mom12_80_20,v57f_pool_internal_subsleeve,2026-01-05,600011.XSHG,utilities_electricity,0.03571428571,0.028571428568000004,-0.0071428571419999976,0.11748251748251737,0.056657223796034106,middle,True,False,False
internal_subsleeve_mom12_80_20,v57f_pool_internal_subsleeve,2026-01-05,600795.XSHG,utilities_electricity,0.03571428571,0.04523809523266667,0.009523809522666668,0.22292993630573243,0.012048192771084265,momentum_subsleeve,True,False,False
internal_subsleeve_mom12_80_20,v57f_pool_internal_subsleeve,2026-01-05,001872.XSHE,port_rail_infrastructure,0.03571428571,0.04523809523266667,0.009523809522666668,-0.0272241127856101,-0.034465534465534575,momentum_subsleeve,True,False,False
internal_subsleeve_mom12_80_20,v57f_pool_internal_subsleeve,2026-01-05,600908.XSHG,bank,0.03571428571,0.04523809523266667,0.009523809522666668,0.05405405405405417,0.008503401360544283,momentum_subsleeve,True,False,False
internal_subsleeve_mom12_80_20,v57f_pool_internal_subsleeve,2026-01-05,601991.XSHG,utilities_electricity,0.03571428571,0.04523809523266667,0.009523809522666668,0.21355932203389827,0.029498525073746285,momentum_subsleeve,True,False,False
internal_subsleeve_mom12_80_20,v57f_pool_internal_subsleeve,2026-01-05,600017.XSHG,port_rail_infrastructure,0.03571428571,0.028571428568000004,-0.0071428571419999976,-0.07012195121951215,-0.019607843137254943,middle,True,False,False
internal_subsleeve_mom12_80_20,v57f_pool_internal_subsleeve,2026-01-05,600020.XSHG,highway_infrastructure,0.03571428571,0.028571428568000004,-0.0071428571419999976,0.04629629629629606,0.007092198581560183,middle,True,False,False
internal_subsleeve_mom12_80_20,v57f_pool_internal_subsleeve,2026-01-05,601528.XSHG,bank,0.03571428571,0.028571428568000004,-0.0071428571419999976,-0.0070796460176991705,0.07344632768361592,middle,True,False,False
internal_subsleeve_mom12_80_20,v57f_pool_internal_subsleeve,2026-01-05,000828.XSHE,highway_infrastructure,0.03571428571,0.028571428568000004,-0.0071428571419999976,0.023919043238270543,-0.036705461056401045,middle,True,False,False
internal_subsleeve_mom12_80_20,v57f_pool_internal_subsleeve,2026-01-05,600035.XSHG,highway_infrastructure,0.03571428571,0.028571428568000004,-0.0071428571419999976,-0.12473118279569895,-0.017721518987341867,middle,True,False,False
internal_subsleeve_mom12_80_20,v57f_pool_internal_subsleeve,2026-01-05,603323.XSHG,bank,0.03571428571,0.04523809523266667,0.009523809522666668,0.007590132827324458,0.016096579476861272,momentum_subsleeve,True,False,False
internal_subsleeve_mom12_80_20,v57f_pool_internal_subsleeve,2026-01-05,600018.XSHG,port_rail_infrastructure,0.03571428571,0.04523809523266667,0.009523809522666668,-0.05833333333333324,-0.005504587155963359,momentum_subsleeve,True,False,False
internal_subsleeve_mom12_80_20,v57f_pool_internal_subsleeve,2026-01-05,000001.XSHE,bank,0.03571428571,0.028571428568000004,-0.0071428571419999976,-0.008583690987124415,0.006172839506172867,middle,True,False,False
internal_subsleeve_mom12_80_20,v57f_pool_internal_subsleeve,2026-01-05,002839.XSHE,bank,0.03571428571,0.04523809523266667,0.009523809522666668,0.09339407744874717,0.0627906976744188,momentum_subsleeve,True,False,False
internal_subsleeve_mom12_80_20,v57f_pool_internal_subsleeve,2026-01-05,600717.XSHG,port_rail_infrastructure,0.03571428571,0.028571428568000004,-0.0071428571419999976,-0.07661290322580638,-0.03870967741935494,middle,True,False,False
internal_subsleeve_mom12_80_20,v57f_pool_internal_subsleeve,2026-01-05,601000.XSHG,port_rail_infrastructure,0.03571428571,0.028571428568000004,-0.0071428571419999976,-0.1543478260869564,0.007874015748031482,middle,True,False,False
internal_subsleeve_mom12_80_20,v57f_pool_internal_subsleeve,2026-01-05,601997.XSHG,bank,0.03571428571,0.028571428568000004,-0.0071428571419999976,0.004966887417218624,0.01909722222222232,middle,True,False,False
internal_subsleeve_mom12_80_20,v57f_pool_internal_subsleeve,2026-01-05,601298.XSHG,port_rail_infrastructure,0.03571428571,0.04523809523266667,0.009523809522666668,0.02473498233215543,-0.004773269689737569,momentum_subsleeve,True,False,False
internal_subsleeve_mom12_80_20,v57f_pool_internal_subsleeve,2026-01-05,601006.XSHG,port_rail_infrastructure,0.03571428571,0.028571428568000004,-0.0071428571419999976,-0.18658892128279891,-0.12393887945670623,middle,True,False,False
internal_subsleeve_mom12_80_20,v57f_pool_internal_subsleeve,2026-01-05,600033.XSHG,highway_infrastructure,0.03571428571,0.04523809523266667,0.009523809522666668,0.13054830287206265,0.22916666666666674,momentum_subsleeve,True,False,False
internal_subsleeve_mom12_80_20,v57f_pool_internal_subsleeve,2026-01-05,601860.XSHG,bank,0.03571428571,0.028571428568000004,-0.0071428571419999976,-0.02768166089965396,-0.014285714285714346,middle,True,False,False
internal_subsleeve_mom12_80_20,v57f_pool_internal_subsleeve,2026-01-05,000755.XSHE,highway_infrastructure,0.03571428571,0.04523809523266667,0.009523809522666668,0.0821643286573146,0.039337474120082705,momentum_subsleeve,True,False,False
internal_subsleeve_mom12_80_20,v57f_pool_internal_subsleeve,2026-01-05,600377.XSHG,highway_infrastructure,0.03571428571,0.028571428568000004,-0.0071428571419999976,-0.12927496580027353,-0.03582802547770714,middle,True,False,False
internal_subsleeve_mom12_80_20,v57f_pool_internal_subsleeve,2026-01-05,000548.XSHE,highway_infrastructure,0.03571428571,0.04523809523266667,0.009523809522666668,0.05975395430579966,0.032258064516129226,momentum_subsleeve,True,False,False
internal_subsleeve_mom12_70_30,v57f_pool_internal_subsleeve,2026-01-05,002039.XSHE,utilities_electricity,0.03571428571,0.049999999994000004,0.014285714284000002,0.19354838709677424,0.07961972667855033,momentum_subsleeve,True,False,False
internal_subsleeve_mom12_70_30,v57f_pool_internal_subsleeve,2026-01-05,000543.XSHE,utilities_electricity,0.03571428571,0.024999999997,-0.010714285713000003,-0.026035502958579704,0.11971830985915499,middle,True,False,False
internal_subsleeve_mom12_70_30,v57f_pool_internal_subsleeve,2026-01-05,600027.XSHG,utilities_electricity,0.03571428571,0.024999999997,-0.010714285713000003,-0.06842105263157905,-0.025540275049115935,middle,True,False,False
internal_subsleeve_mom12_70_30,v57f_pool_internal_subsleeve,2026-01-05,000027.XSHE,utilities_electricity,0.03571428571,0.024999999997,-0.010714285713000003,0.009077155824508187,-0.01807228915662651,middle,True,False,False
internal_subsleeve_mom12_70_30,v57f_pool_internal_subsleeve,2026-01-05,600011.XSHG,utilities_electricity,0.03571428571,0.024999999997,-0.010714285713000003,0.11748251748251737,0.056657223796034106,middle,True,False,False
internal_subsleeve_mom12_70_30,v57f_pool_internal_subsleeve,2026-01-05,600795.XSHG,utilities_electricity,0.03571428571,0.049999999994000004,0.014285714284000002,0.22292993630573243,0.012048192771084265,momentum_subsleeve,True,False,False
internal_subsleeve_mom12_70_30,v57f_pool_internal_subsleeve,2026-01-05,001872.XSHE,port_rail_infrastructure,0.03571428571,0.049999999994000004,0.014285714284000002,-0.0272241127856101,-0.034465534465534575,momentum_subsleeve,True,False,False
internal_subsleeve_mom12_70_30,v57f_pool_internal_subsleeve,2026-01-05,600908.XSHG,bank,0.03571428571,0.049999999994000004,0.014285714284000002,0.05405405405405417,0.008503401360544283,momentum_subsleeve,True,False,False
internal_subsleeve_mom12_70_30,v57f_pool_internal_subsleeve,2026-01-05,601991.XSHG,utilities_electricity,0.03571428571,0.049999999994000004,0.014285714284000002,0.21355932203389827,0.029498525073746285,momentum_subsleeve,True,False,False
internal_subsleeve_mom12_70_30,v57f_pool_internal_subsleeve,2026-01-05,600017.XSHG,port_rail_infrastructure,0.03571428571,0.024999999997,-0.010714285713000003,-0.07012195121951215,-0.019607843137254943,middle,True,False,False
internal_subsleeve_mom12_70_30,v57f_pool_internal_subsleeve,2026-01-05,600020.XSHG,highway_infrastructure,0.03571428571,0.024999999997,-0.010714285713000003,0.04629629629629606,0.007092198581560183,middle,True,False,False
internal_subsleeve_mom12_70_30,v57f_pool_internal_subsleeve,2026-01-05,601528.XSHG,bank,0.03571428571,0.024999999997,-0.010714285713000003,-0.0070796460176991705,0.07344632768361592,middle,True,False,False
internal_subsleeve_mom12_70_30,v57f_pool_internal_subsleeve,2026-01-05,000828.XSHE,highway_infrastructure,0.03571428571,0.024999999997,-0.010714285713000003,0.023919043238270543,-0.036705461056401045,middle,True,False,False
internal_subsleeve_mom12_70_30,v57f_pool_internal_subsleeve,2026-01-05,600035.XSHG,highway_infrastructure,0.03571428571,0.024999999997,-0.010714285713000003,-0.12473118279569895,-0.017721518987341867,middle,True,False,False
internal_subsleeve_mom12_70_30,v57f_pool_internal_subsleeve,2026-01-05,603323.XSHG,bank,0.03571428571,0.049999999994000004,0.014285714284000002,0.007590132827324458,0.016096579476861272,momentum_subsleeve,True,False,False
internal_subsleeve_mom12_70_30,v57f_pool_internal_subsleeve,2026-01-05,600018.XSHG,port_rail_infrastructure,0.03571428571,0.049999999994000004,0.014285714284000002,-0.05833333333333324,-0.005504587155963359,momentum_subsleeve,True,False,False
internal_subsleeve_mom12_70_30,v57f_pool_internal_subsleeve,2026-01-05,000001.XSHE,bank,0.03571428571,0.024999999997,-0.010714285713000003,-0.008583690987124415,0.006172839506172867,middle,True,False,False
internal_subsleeve_mom12_70_30,v57f_pool_internal_subsleeve,2026-01-05,002839.XSHE,bank,0.03571428571,0.049999999994000004,0.014285714284000002,0.09339407744874717,0.0627906976744188,momentum_subsleeve,True,False,False
internal_subsleeve_mom12_70_30,v57f_pool_internal_subsleeve,2026-01-05,600717.XSHG,port_rail_infrastructure,0.03571428571,0.024999999997,-0.010714285713000003,-0.07661290322580638,-0.03870967741935494,middle,True,False,False
internal_subsleeve_mom12_70_30,v57f_pool_internal_subsleeve,2026-01-05,601000.XSHG,port_rail_infrastructure,0.03571428571,0.024999999997,-0.010714285713000003,-0.1543478260869564,0.007874015748031482,middle,True,False,False
internal_subsleeve_mom12_70_30,v57f_pool_internal_subsleeve,2026-01-05,601997.XSHG,bank,0.03571428571,0.024999999997,-0.010714285713000003,0.004966887417218624,0.01909722222222232,middle,True,False,False
internal_subsleeve_mom12_70_30,v57f_pool_internal_subsleeve,2026-01-05,601298.XSHG,port_rail_infrastructure,0.03571428571,0.049999999994000004,0.014285714284000002,0.02473498233215543,-0.004773269689737569,momentum_subsleeve,True,False,False
internal_subsleeve_mom12_70_30,v57f_pool_internal_subsleeve,2026-01-05,601006.XSHG,port_rail_infrastructure,0.03571428571,0.024999999997,-0.010714285713000003,-0.18658892128279891,-0.12393887945670623,middle,True,False,False
internal_subsleeve_mom12_70_30,v57f_pool_internal_subsleeve,2026-01-05,600033.XSHG,highway_infrastructure,0.03571428571,0.049999999994000004,0.014285714284000002,0.13054830287206265,0.22916666666666674,momentum_subsleeve,True,False,False
internal_subsleeve_mom12_70_30,v57f_pool_internal_subsleeve,2026-01-05,601860.XSHG,bank,0.03571428571,0.024999999997,-0.010714285713000003,-0.02768166089965396,-0.014285714285714346,middle,True,False,False
internal_subsleeve_mom12_70_30,v57f_pool_internal_subsleeve,2026-01-05,000755.XSHE,highway_infrastructure,0.03571428571,0.049999999994000004,0.014285714284000002,0.0821643286573146,0.039337474120082705,momentum_subsleeve,True,False,False
internal_subsleeve_mom12_70_30,v57f_pool_internal_subsleeve,2026-01-05,600377.XSHG,highway_infrastructure,0.03571428571,0.024999999997,-0.010714285713000003,-0.12927496580027353,-0.03582802547770714,middle,True,False,False
internal_subsleeve_mom12_70_30,v57f_pool_internal_subsleeve,2026-01-05,000548.XSHE,highway_infrastructure,0.03571428571,0.049999999994000004,0.014285714284000002,0.05975395430579966,0.032258064516129226,momentum_subsleeve,True,False,False
dual_sleeve_mom12_80_20,dual_sleeve_allocation,2026-01-05,002039.XSHE,utilities_electricity,0.03571428571,0.04857142856800001,0.012857142858000006,0.19354838709677424,0.07961972667855033,momentum_sleeve,False,False,False
dual_sleeve_mom12_80_20,dual_sleeve_allocation,2026-01-05,000543.XSHE,utilities_electricity,0.03571428571,0.028571428568000004,-0.0071428571419999976,-0.026035502958579704,0.11971830985915499,value_sleeve_only,False,False,False
dual_sleeve_mom12_80_20,dual_sleeve_allocation,2026-01-05,600027.XSHG,utilities_electricity,0.03571428571,0.028571428568000004,-0.0071428571419999976,-0.06842105263157905,-0.025540275049115935,value_sleeve_only,False,False,False
dual_sleeve_mom12_80_20,dual_sleeve_allocation,2026-01-05,000027.XSHE,utilities_electricity,0.03571428571,0.028571428568000004,-0.0071428571419999976,0.009077155824508187,-0.01807228915662651,value_sleeve_only,False,False,False
dual_sleeve_mom12_80_20,dual_sleeve_allocation,2026-01-05,600011.XSHG,utilities_electricity,0.03571428571,0.04857142856800001,0.012857142858000006,0.11748251748251737,0.056657223796034106,momentum_sleeve,False,False,False
dual_sleeve_mom12_80_20,dual_sleeve_allocation,2026-01-05,600795.XSHG,utilities_electricity,0.03571428571,0.04857142856800001,0.012857142858000006,0.22292993630573243,0.012048192771084265,momentum_sleeve,False,False,False
dual_sleeve_mom12_80_20,dual_sleeve_allocation,2026-01-05,001872.XSHE,port_rail_infrastructure,0.03571428571,0.028571428568000004,-0.0071428571419999976,-0.0272241127856101,-0.034465534465534575,value_sleeve_only,False,False,False
dual_sleeve_mom12_80_20,dual_sleeve_allocation,2026-01-05,600908.XSHG,bank,0.03571428571,0.04857142856800001,0.012857142858000006,0.05405405405405417,0.008503401360544283,momentum_sleeve,False,False,False
dual_sleeve_mom12_80_20,dual_sleeve_allocation,2026-01-05,601991.XSHG,utilities_electricity,0.03571428571,0.04857142856800001,0.012857142858000006,0.21355932203389827,0.029498525073746285,momentum_sleeve,False,False,False
dual_sleeve_mom12_80_20,dual_sleeve_allocation,2026-01-05,600017.XSHG,port_rail_infrastructure,0.03571428571,0.028571428568000004,-0.0071428571419999976,-0.07012195121951215,-0.019607843137254943,value_sleeve_only,False,False,False
dual_sleeve_mom12_80_20,dual_sleeve_allocation,2026-01-05,600020.XSHG,highway_infrastructure,0.03571428571,0.04857142856800001,0.012857142858000006,0.04629629629629606,0.007092198581560183,momentum_sleeve,False,False,False
dual_sleeve_mom12_80_20,dual_sleeve_allocation,2026-01-05,601528.XSHG,bank,0.03571428571,0.028571428568000004,-0.0071428571419999976,-0.0070796460176991705,0.07344632768361592,value_sleeve_only,False,False,False
dual_sleeve_mom12_80_20,dual_sleeve_allocation,2026-01-05,000828.XSHE,highway_infrastructure,0.03571428571,0.028571428568000004,-0.0071428571419999976,0.023919043238270543,-0.036705461056401045,value_sleeve_only,False,False,False
dual_sleeve_mom12_80_20,dual_sleeve_allocation,2026-01-05,600035.XSHG,highway_infrastructure,0.03571428571,0.028571428568000004,-0.0071428571419999976,-0.12473118279569895,-0.017721518987341867,value_sleeve_only,False,False,False
dual_sleeve_mom12_80_20,dual_sleeve_allocation,2026-01-05,603323.XSHG,bank,0.03571428571,0.028571428568000004,-0.0071428571419999976,0.007590132827324458,0.016096579476861272,value_sleeve_only,False,False,False
dual_sleeve_mom12_80_20,dual_sleeve_allocation,2026-01-05,600018.XSHG,port_rail_infrastructure,0.03571428571,0.028571428568000004,-0.0071428571419999976,-0.05833333333333324,-0.005504587155963359,value_sleeve_only,False,False,False
dual_sleeve_mom12_80_20,dual_sleeve_allocation,2026-01-05,000001.XSHE,bank,0.03571428571,0.028571428568000004,-0.0071428571419999976,-0.008583690987124415,0.006172839506172867,value_sleeve_only,False,False,False
dual_sleeve_mom12_80_20,dual_sleeve_allocation,2026-01-05,002839.XSHE,bank,0.03571428571,0.04857142856800001,0.012857142858000006,0.09339407744874717,0.0627906976744188,momentum_sleeve,False,False,False
dual_sleeve_mom12_80_20,dual_sleeve_allocation,2026-01-05,600717.XSHG,port_rail_infrastructure,0.03571428571,0.028571428568000004,-0.0071428571419999976,-0.07661290322580638,-0.03870967741935494,value_sleeve_only,False,False,False
dual_sleeve_mom12_80_20,dual_sleeve_allocation,2026-01-05,601000.XSHG,port_rail_infrastructure,0.03571428571,0.028571428568000004,-0.0071428571419999976,-0.1543478260869564,0.007874015748031482,value_sleeve_only,False,False,False
dual_sleeve_mom12_80_20,dual_sleeve_allocation,2026-01-05,601997.XSHG,bank,0.03571428571,0.028571428568000004,-0.0071428571419999976,0.004966887417218624,0.01909722222222232,value_sleeve_only,False,False,False
dual_sleeve_mom12_80_20,dual_sleeve_allocation,2026-01-05,601298.XSHG,port_rail_infrastructure,0.03571428571,0.028571428568000004,-0.0071428571419999976,0.02473498233215543,-0.004773269689737569,value_sleeve_only,False,False,False
dual_sleeve_mom12_80_20,dual_sleeve_allocation,2026-01-05,601006.XSHG,port_rail_infrastructure,0.03571428571,0.028571428568000004,-0.0071428571419999976,-0.18658892128279891,-0.12393887945670623,value_sleeve_only,False,False,False
dual_sleeve_mom12_80_20,dual_sleeve_allocation,2026-01-05,600033.XSHG,highway_infrastructure,0.03571428571,0.04857142856800001,0.012857142858000006,0.13054830287206265,0.22916666666666674,momentum_sleeve,False,False,False
dual_sleeve_mom12_80_20,dual_sleeve_allocation,2026-01-05,601860.XSHG,bank,0.03571428571,0.028571428568000004,-0.0071428571419999976,-0.02768166089965396,-0.014285714285714346,value_sleeve_only,False,False,False
dual_sleeve_mom12_80_20,dual_sleeve_allocation,2026-01-05,000755.XSHE,highway_infrastructure,0.03571428571,0.04857142856800001,0.012857142858000006,0.0821643286573146,0.039337474120082705,momentum_sleeve,False,False,False
dual_sleeve_mom12_80_20,dual_sleeve_allocation,2026-01-05,600377.XSHG,highway_infrastructure,0.03571428571,0.028571428568000004,-0.0071428571419999976,-0.12927496580027353,-0.03582802547770714,value_sleeve_only,False,False,False
dual_sleeve_mom12_80_20,dual_sleeve_allocation,2026-01-05,000548.XSHE,highway_infrastructure,0.03571428571,0.04857142856800001,0.012857142858000006,0.05975395430579966,0.032258064516129226,momentum_sleeve,False,False,False
dual_sleeve_mom12_60_40,dual_sleeve_allocation,2026-01-05,002039.XSHE,utilities_electricity,0.03571428571,0.061428571426,0.025714285716,0.19354838709677424,0.07961972667855033,momentum_sleeve,False,False,False
dual_sleeve_mom12_60_40,dual_sleeve_allocation,2026-01-05,000543.XSHE,utilities_electricity,0.03571428571,0.021428571426,-0.014285714284000002,-0.026035502958579704,0.11971830985915499,value_sleeve_only,False,False,False
dual_sleeve_mom12_60_40,dual_sleeve_allocation,2026-01-05,600027.XSHG,utilities_electricity,0.03571428571,0.021428571426,-0.014285714284000002,-0.06842105263157905,-0.025540275049115935,value_sleeve_only,False,False,False
dual_sleeve_mom12_60_40,dual_sleeve_allocation,2026-01-05,000027.XSHE,utilities_electricity,0.03571428571,0.021428571426,-0.014285714284000002,0.009077155824508187,-0.01807228915662651,value_sleeve_only,False,False,False
dual_sleeve_mom12_60_40,dual_sleeve_allocation,2026-01-05,600011.XSHG,utilities_electricity,0.03571428571,0.061428571426,0.025714285716,0.11748251748251737,0.056657223796034106,momentum_sleeve,False,False,False
dual_sleeve_mom12_60_40,dual_sleeve_allocation,2026-01-05,600795.XSHG,utilities_electricity,0.03571428571,0.061428571426,0.025714285716,0.22292993630573243,0.012048192771084265,momentum_sleeve,False,False,False
dual_sleeve_mom12_60_40,dual_sleeve_allocation,2026-01-05,001872.XSHE,port_rail_infrastructure,0.03571428571,0.021428571426,-0.014285714284000002,-0.0272241127856101,-0.034465534465534575,value_sleeve_only,False,False,False
dual_sleeve_mom12_60_40,dual_sleeve_allocation,2026-01-05,600908.XSHG,bank,0.03571428571,0.061428571426,0.025714285716,0.05405405405405417,0.008503401360544283,momentum_sleeve,False,False,False
dual_sleeve_mom12_60_40,dual_sleeve_allocation,2026-01-05,601991.XSHG,utilities_electricity,0.03571428571,0.061428571426,0.025714285716,0.21355932203389827,0.029498525073746285,momentum_sleeve,False,False,False
dual_sleeve_mom12_60_40,dual_sleeve_allocation,2026-01-05,600017.XSHG,port_rail_infrastructure,0.03571428571,0.021428571426,-0.014285714284000002,-0.07012195121951215,-0.019607843137254943,value_sleeve_only,False,False,False
dual_sleeve_mom12_60_40,dual_sleeve_allocation,2026-01-05,600020.XSHG,highway_infrastructure,0.03571428571,0.061428571426,0.025714285716,0.04629629629629606,0.007092198581560183,momentum_sleeve,False,False,False
dual_sleeve_mom12_60_40,dual_sleeve_allocation,2026-01-05,601528.XSHG,bank,0.03571428571,0.021428571426,-0.014285714284000002,-0.0070796460176991705,0.07344632768361592,value_sleeve_only,False,False,False
dual_sleeve_mom12_60_40,dual_sleeve_allocation,2026-01-05,000828.XSHE,highway_infrastructure,0.03571428571,0.021428571426,-0.014285714284000002,0.023919043238270543,-0.036705461056401045,value_sleeve_only,False,False,False
dual_sleeve_mom12_60_40,dual_sleeve_allocation,2026-01-05,600035.XSHG,highway_infrastructure,0.03571428571,0.021428571426,-0.014285714284000002,-0.12473118279569895,-0.017721518987341867,value_sleeve_only,False,False,False
dual_sleeve_mom12_60_40,dual_sleeve_allocation,2026-01-05,603323.XSHG,bank,0.03571428571,0.021428571426,-0.014285714284000002,0.007590132827324458,0.016096579476861272,value_sleeve_only,False,False,False
dual_sleeve_mom12_60_40,dual_sleeve_allocation,2026-01-05,600018.XSHG,port_rail_infrastructure,0.03571428571,0.021428571426,-0.014285714284000002,-0.05833333333333324,-0.005504587155963359,value_sleeve_only,False,False,False
dual_sleeve_mom12_60_40,dual_sleeve_allocation,2026-01-05,000001.XSHE,bank,0.03571428571,0.021428571426,-0.014285714284000002,-0.008583690987124415,0.006172839506172867,value_sleeve_only,False,False,False
dual_sleeve_mom12_60_40,dual_sleeve_allocation,2026-01-05,002839.XSHE,bank,0.03571428571,0.061428571426,0.025714285716,0.09339407744874717,0.0627906976744188,momentum_sleeve,False,False,False
dual_sleeve_mom12_60_40,dual_sleeve_allocation,2026-01-05,600717.XSHG,port_rail_infrastructure,0.03571428571,0.021428571426,-0.014285714284000002,-0.07661290322580638,-0.03870967741935494,value_sleeve_only,False,False,False
dual_sleeve_mom12_60_40,dual_sleeve_allocation,2026-01-05,601000.XSHG,port_rail_infrastructure,0.03571428571,0.021428571426,-0.014285714284000002,-0.1543478260869564,0.007874015748031482,value_sleeve_only,False,False,False
dual_sleeve_mom12_60_40,dual_sleeve_allocation,2026-01-05,601997.XSHG,bank,0.03571428571,0.021428571426,-0.014285714284000002,0.004966887417218624,0.01909722222222232,value_sleeve_only,False,False,False
dual_sleeve_mom12_60_40,dual_sleeve_allocation,2026-01-05,601298.XSHG,port_rail_infrastructure,0.03571428571,0.021428571426,-0.014285714284000002,0.02473498233215543,-0.004773269689737569,value_sleeve_only,False,False,False
dual_sleeve_mom12_60_40,dual_sleeve_allocation,2026-01-05,601006.XSHG,port_rail_infrastructure,0.03571428571,0.021428571426,-0.014285714284000002,-0.18658892128279891,-0.12393887945670623,value_sleeve_only,False,False,False
dual_sleeve_mom12_60_40,dual_sleeve_allocation,2026-01-05,600033.XSHG,highway_infrastructure,0.03571428571,0.061428571426,0.025714285716,0.13054830287206265,0.22916666666666674,momentum_sleeve,False,False,False
dual_sleeve_mom12_60_40,dual_sleeve_allocation,2026-01-05,601860.XSHG,bank,0.03571428571,0.021428571426,-0.014285714284000002,-0.02768166089965396,-0.014285714285714346,value_sleeve_only,False,False,False
dual_sleeve_mom12_60_40,dual_sleeve_allocation,2026-01-05,000755.XSHE,highway_infrastructure,0.03571428571,0.061428571426,0.025714285716,0.0821643286573146,0.039337474120082705,momentum_sleeve,False,False,False
dual_sleeve_mom12_60_40,dual_sleeve_allocation,2026-01-05,600377.XSHG,highway_infrastructure,0.03571428571,0.021428571426,-0.014285714284000002,-0.12927496580027353,-0.03582802547770714,value_sleeve_only,False,False,False
dual_sleeve_mom12_60_40,dual_sleeve_allocation,2026-01-05,000548.XSHE,highway_infrastructure,0.03571428571,0.061428571426,0.025714285716,0.05975395430579966,0.032258064516129226,momentum_sleeve,False,False,False
state_routed_mom12_70_30_or_100_0,state_routed_budget,2026-01-05,002039.XSHE,utilities_electricity,0.03571428571,0.054999999997,0.019285714286999996,0.19354838709677424,0.07961972667855033,momentum_sleeve,False,False,False
state_routed_mom12_70_30_or_100_0,state_routed_budget,2026-01-05,000543.XSHE,utilities_electricity,0.03571428571,0.024999999997,-0.010714285713000003,-0.026035502958579704,0.11971830985915499,value_sleeve_only,False,False,False
state_routed_mom12_70_30_or_100_0,state_routed_budget,2026-01-05,600027.XSHG,utilities_electricity,0.03571428571,0.024999999997,-0.010714285713000003,-0.06842105263157905,-0.025540275049115935,value_sleeve_only,False,False,False
state_routed_mom12_70_30_or_100_0,state_routed_budget,2026-01-05,000027.XSHE,utilities_electricity,0.03571428571,0.024999999997,-0.010714285713000003,0.009077155824508187,-0.01807228915662651,value_sleeve_only,False,False,False
state_routed_mom12_70_30_or_100_0,state_routed_budget,2026-01-05,600011.XSHG,utilities_electricity,0.03571428571,0.054999999997,0.019285714286999996,0.11748251748251737,0.056657223796034106,momentum_sleeve,False,False,False
state_routed_mom12_70_30_or_100_0,state_routed_budget,2026-01-05,600795.XSHG,utilities_electricity,0.03571428571,0.054999999997,0.019285714286999996,0.22292993630573243,0.012048192771084265,momentum_sleeve,False,False,False
state_routed_mom12_70_30_or_100_0,state_routed_budget,2026-01-05,001872.XSHE,port_rail_infrastructure,0.03571428571,0.024999999997,-0.010714285713000003,-0.0272241127856101,-0.034465534465534575,value_sleeve_only,False,False,False
state_routed_mom12_70_30_or_100_0,state_routed_budget,2026-01-05,600908.XSHG,bank,0.03571428571,0.054999999997,0.019285714286999996,0.05405405405405417,0.008503401360544283,momentum_sleeve,False,False,False
state_routed_mom12_70_30_or_100_0,state_routed_budget,2026-01-05,601991.XSHG,utilities_electricity,0.03571428571,0.054999999997,0.019285714286999996,0.21355932203389827,0.029498525073746285,momentum_sleeve,False,False,False
state_routed_mom12_70_30_or_100_0,state_routed_budget,2026-01-05,600017.XSHG,port_rail_infrastructure,0.03571428571,0.024999999997,-0.010714285713000003,-0.07012195121951215,-0.019607843137254943,value_sleeve_only,False,False,False
state_routed_mom12_70_30_or_100_0,state_routed_budget,2026-01-05,600020.XSHG,highway_infrastructure,0.03571428571,0.054999999997,0.019285714286999996,0.04629629629629606,0.007092198581560183,momentum_sleeve,False,False,False
state_routed_mom12_70_30_or_100_0,state_routed_budget,2026-01-05,601528.XSHG,bank,0.03571428571,0.024999999997,-0.010714285713000003,-0.0070796460176991705,0.07344632768361592,value_sleeve_only,False,False,False
state_routed_mom12_70_30_or_100_0,state_routed_budget,2026-01-05,000828.XSHE,highway_infrastructure,0.03571428571,0.024999999997,-0.010714285713000003,0.023919043238270543,-0.036705461056401045,value_sleeve_only,False,False,False
state_routed_mom12_70_30_or_100_0,state_routed_budget,2026-01-05,600035.XSHG,highway_infrastructure,0.03571428571,0.024999999997,-0.010714285713000003,-0.12473118279569895,-0.017721518987341867,value_sleeve_only,False,False,False
state_routed_mom12_70_30_or_100_0,state_routed_budget,2026-01-05,603323.XSHG,bank,0.03571428571,0.024999999997,-0.010714285713000003,0.007590132827324458,0.016096579476861272,value_sleeve_only,False,False,False
state_routed_mom12_70_30_or_100_0,state_routed_budget,2026-01-05,600018.XSHG,port_rail_infrastructure,0.03571428571,0.024999999997,-0.010714285713000003,-0.05833333333333324,-0.005504587155963359,value_sleeve_only,False,False,False
state_routed_mom12_70_30_or_100_0,state_routed_budget,2026-01-05,000001.XSHE,bank,0.03571428571,0.024999999997,-0.010714285713000003,-0.008583690987124415,0.006172839506172867,value_sleeve_only,False,False,False
state_routed_mom12_70_30_or_100_0,state_routed_budget,2026-01-05,002839.XSHE,bank,0.03571428571,0.054999999997,0.019285714286999996,0.09339407744874717,0.0627906976744188,momentum_sleeve,False,False,False
state_routed_mom12_70_30_or_100_0,state_routed_budget,2026-01-05,600717.XSHG,port_rail_infrastructure,0.03571428571,0.024999999997,-0.010714285713000003,-0.07661290322580638,-0.03870967741935494,value_sleeve_only,False,False,False
state_routed_mom12_70_30_or_100_0,state_routed_budget,2026-01-05,601000.XSHG,port_rail_infrastructure,0.03571428571,0.024999999997,-0.010714285713000003,-0.1543478260869564,0.007874015748031482,value_sleeve_only,False,False,False
state_routed_mom12_70_30_or_100_0,state_routed_budget,2026-01-05,601997.XSHG,bank,0.03571428571,0.024999999997,-0.010714285713000003,0.004966887417218624,0.01909722222222232,value_sleeve_only,False,False,False
state_routed_mom12_70_30_or_100_0,state_routed_budget,2026-01-05,601298.XSHG,port_rail_infrastructure,0.03571428571,0.024999999997,-0.010714285713000003,0.02473498233215543,-0.004773269689737569,value_sleeve_only,False,False,False
state_routed_mom12_70_30_or_100_0,state_routed_budget,2026-01-05,601006.XSHG,port_rail_infrastructure,0.03571428571,0.024999999997,-0.010714285713000003,-0.18658892128279891,-0.12393887945670623,value_sleeve_only,False,False,False
state_routed_mom12_70_30_or_100_0,state_routed_budget,2026-01-05,600033.XSHG,highway_infrastructure,0.03571428571,0.054999999997,0.019285714286999996,0.13054830287206265,0.22916666666666674,momentum_sleeve,False,False,False
state_routed_mom12_70_30_or_100_0,state_routed_budget,2026-01-05,601860.XSHG,bank,0.03571428571,0.024999999997,-0.010714285713000003,-0.02768166089965396,-0.014285714285714346,value_sleeve_only,False,False,False
state_routed_mom12_70_30_or_100_0,state_routed_budget,2026-01-05,000755.XSHE,highway_infrastructure,0.03571428571,0.054999999997,0.019285714286999996,0.0821643286573146,0.039337474120082705,momentum_sleeve,False,False,False
state_routed_mom12_70_30_or_100_0,state_routed_budget,2026-01-05,600377.XSHG,highway_infrastructure,0.03571428571,0.024999999997,-0.010714285713000003,-0.12927496580027353,-0.03582802547770714,value_sleeve_only,False,False,False
state_routed_mom12_70_30_or_100_0,state_routed_budget,2026-01-05,000548.XSHE,highway_infrastructure,0.03571428571,0.054999999997,0.019285714286999996,0.05975395430579966,0.032258064516129226,momentum_sleeve,False,False,False
admission_suppression_mom12_bottom_cap75,admission_suppression,2026-01-05,002039.XSHE,utilities_electricity,0.03571428571,0.039285714281,0.0035714285709999988,0.19354838709677424,0.07961972667855033,middle_or_top,True,False,False
admission_suppression_mom12_bottom_cap75,admission_suppression,2026-01-05,000543.XSHE,utilities_electricity,0.03571428571,0.0267857142825,-0.0089285714275,-0.026035502958579704,0.11971830985915499,suppressed_bottom_momentum,True,False,False
admission_suppression_mom12_bottom_cap75,admission_suppression,2026-01-05,600027.XSHG,utilities_electricity,0.03571428571,0.0267857142825,-0.0089285714275,-0.06842105263157905,-0.025540275049115935,suppressed_bottom_momentum,True,False,False
admission_suppression_mom12_bottom_cap75,admission_suppression,2026-01-05,000027.XSHE,utilities_electricity,0.03571428571,0.039285714281,0.0035714285709999988,0.009077155824508187,-0.01807228915662651,middle_or_top,True,False,False
admission_suppression_mom12_bottom_cap75,admission_suppression,2026-01-05,600011.XSHG,utilities_electricity,0.03571428571,0.039285714281,0.0035714285709999988,0.11748251748251737,0.056657223796034106,middle_or_top,True,False,False
admission_suppression_mom12_bottom_cap75,admission_suppression,2026-01-05,600795.XSHG,utilities_electricity,0.03571428571,0.039285714281,0.0035714285709999988,0.22292993630573243,0.012048192771084265,middle_or_top,True,False,False
admission_suppression_mom12_bottom_cap75,admission_suppression,2026-01-05,001872.XSHE,port_rail_infrastructure,0.03571428571,0.039285714281,0.0035714285709999988,-0.0272241127856101,-0.034465534465534575,middle_or_top,True,False,False
admission_suppression_mom12_bottom_cap75,admission_suppression,2026-01-05,600908.XSHG,bank,0.03571428571,0.039285714281,0.0035714285709999988,0.05405405405405417,0.008503401360544283,middle_or_top,True,False,False
admission_suppression_mom12_bottom_cap75,admission_suppression,2026-01-05,601991.XSHG,utilities_electricity,0.03571428571,0.039285714281,0.0035714285709999988,0.21355932203389827,0.029498525073746285,middle_or_top,True,False,False
admission_suppression_mom12_bottom_cap75,admission_suppression,2026-01-05,600017.XSHG,port_rail_infrastructure,0.03571428571,0.039285714281,0.0035714285709999988,-0.07012195121951215,-0.019607843137254943,middle_or_top,True,False,False
admission_suppression_mom12_bottom_cap75,admission_suppression,2026-01-05,600020.XSHG,highway_infrastructure,0.03571428571,0.039285714281,0.0035714285709999988,0.04629629629629606,0.007092198581560183,middle_or_top,True,False,False
admission_suppression_mom12_bottom_cap75,admission_suppression,2026-01-05,601528.XSHG,bank,0.03571428571,0.039285714281,0.0035714285709999988,-0.0070796460176991705,0.07344632768361592,middle_or_top,True,False,False
admission_suppression_mom12_bottom_cap75,admission_suppression,2026-01-05,000828.XSHE,highway_infrastructure,0.03571428571,0.039285714281,0.0035714285709999988,0.023919043238270543,-0.036705461056401045,middle_or_top,True,False,False
admission_suppression_mom12_bottom_cap75,admission_suppression,2026-01-05,600035.XSHG,highway_infrastructure,0.03571428571,0.0267857142825,-0.0089285714275,-0.12473118279569895,-0.017721518987341867,suppressed_bottom_momentum,True,False,False
admission_suppression_mom12_bottom_cap75,admission_suppression,2026-01-05,603323.XSHG,bank,0.03571428571,0.039285714281,0.0035714285709999988,0.007590132827324458,0.016096579476861272,middle_or_top,True,False,False
admission_suppression_mom12_bottom_cap75,admission_suppression,2026-01-05,600018.XSHG,port_rail_infrastructure,0.03571428571,0.039285714281,0.0035714285709999988,-0.05833333333333324,-0.005504587155963359,middle_or_top,True,False,False
admission_suppression_mom12_bottom_cap75,admission_suppression,2026-01-05,000001.XSHE,bank,0.03571428571,0.0267857142825,-0.0089285714275,-0.008583690987124415,0.006172839506172867,suppressed_bottom_momentum,True,False,False
admission_suppression_mom12_bottom_cap75,admission_suppression,2026-01-05,002839.XSHE,bank,0.03571428571,0.039285714281,0.0035714285709999988,0.09339407744874717,0.0627906976744188,middle_or_top,True,False,False
admission_suppression_mom12_bottom_cap75,admission_suppression,2026-01-05,600717.XSHG,port_rail_infrastructure,0.03571428571,0.039285714281,0.0035714285709999988,-0.07661290322580638,-0.03870967741935494,middle_or_top,True,False,False
admission_suppression_mom12_bottom_cap75,admission_suppression,2026-01-05,601000.XSHG,port_rail_infrastructure,0.03571428571,0.0267857142825,-0.0089285714275,-0.1543478260869564,0.007874015748031482,suppressed_bottom_momentum,True,False,False
admission_suppression_mom12_bottom_cap75,admission_suppression,2026-01-05,601997.XSHG,bank,0.03571428571,0.039285714281,0.0035714285709999988,0.004966887417218624,0.01909722222222232,middle_or_top,True,False,False
admission_suppression_mom12_bottom_cap75,admission_suppression,2026-01-05,601298.XSHG,port_rail_infrastructure,0.03571428571,0.039285714281,0.0035714285709999988,0.02473498233215543,-0.004773269689737569,middle_or_top,True,False,False
admission_suppression_mom12_bottom_cap75,admission_suppression,2026-01-05,601006.XSHG,port_rail_infrastructure,0.03571428571,0.0267857142825,-0.0089285714275,-0.18658892128279891,-0.12393887945670623,suppressed_bottom_momentum,True,False,False
admission_suppression_mom12_bottom_cap75,admission_suppression,2026-01-05,600033.XSHG,highway_infrastructure,0.03571428571,0.039285714281,0.0035714285709999988,0.13054830287206265,0.22916666666666674,middle_or_top,True,False,False
admission_suppression_mom12_bottom_cap75,admission_suppression,2026-01-05,601860.XSHG,bank,0.03571428571,0.0267857142825,-0.0089285714275,-0.02768166089965396,-0.014285714285714346,suppressed_bottom_momentum,True,False,False
admission_suppression_mom12_bottom_cap75,admission_suppression,2026-01-05,000755.XSHE,highway_infrastructure,0.03571428571,0.039285714281,0.0035714285709999988,0.0821643286573146,0.039337474120082705,middle_or_top,True,False,False
admission_suppression_mom12_bottom_cap75,admission_suppression,2026-01-05,600377.XSHG,highway_infrastructure,0.03571428571,0.0267857142825,-0.0089285714275,-0.12927496580027353,-0.03582802547770714,suppressed_bottom_momentum,True,False,False
admission_suppression_mom12_bottom_cap75,admission_suppression,2026-01-05,000548.XSHE,highway_infrastructure,0.03571428571,0.039285714281,0.0035714285709999988,0.05975395430579966,0.032258064516129226,middle_or_top,True,False,False
v57f_startup_preload_repaired_baseline,baseline,2026-04-01,002039.XSHE,utilities_electricity,0.03571428571,0.03571428571,0.0,0.2262626262626264,0.010875475802066381,baseline,True,False,False
v57f_startup_preload_repaired_baseline,baseline,2026-04-01,000027.XSHE,utilities_electricity,0.03571428571,0.03571428571,0.0,0.11181102362204731,0.049848942598187396,baseline,True,False,False
v57f_startup_preload_repaired_baseline,baseline,2026-04-01,600717.XSHG,port_rail_infrastructure,0.03571428571,0.03571428571,0.0,0.03854389721627394,0.00877192982456143,baseline,True,False,False
v57f_startup_preload_repaired_baseline,baseline,2026-04-01,000543.XSHE,utilities_electricity,0.03571428571,0.03571428571,0.0,0.17073170731707332,-0.03218390804597693,baseline,True,False,False
v57f_startup_preload_repaired_baseline,baseline,2026-04-01,600886.XSHG,utilities_electricity,0.03571428571,0.03571428571,0.0,-0.027181688125894166,0.055928411633109576,baseline,True,False,False
v57f_startup_preload_repaired_baseline,baseline,2026-04-01,600023.XSHG,utilities_electricity,0.03571428571,0.03571428571,0.0,-0.030520646319569078,0.05436893203883475,baseline,True,False,False
v57f_startup_preload_repaired_baseline,baseline,2026-04-01,600642.XSHG,utilities_electricity,0.03571428571,0.03571428571,0.0,-0.009922822491730932,0.10683229813664585,baseline,True,False,False
v57f_startup_preload_repaired_baseline,baseline,2026-04-01,601139.XSHG,utilities_electricity,0.03571428571,0.03571428571,0.0,0.17462686567164187,0.06485671191553544,baseline,True,False,False
v57f_startup_preload_repaired_baseline,baseline,2026-04-01,601333.XSHG,port_rail_infrastructure,0.03571428571,0.03571428571,0.0,0.016181229773462924,0.035947712418300526,baseline,True,False,False
v57f_startup_preload_repaired_baseline,baseline,2026-04-01,600035.XSHG,highway_infrastructure,0.03571428571,0.03571428571,0.0,-0.05868544600938963,-0.0178117048346057,baseline,True,False,False
v57f_startup_preload_repaired_baseline,baseline,2026-04-01,600908.XSHG,bank,0.03571428571,0.03571428571,0.0,0.01909722222222232,-0.038525963149078635,baseline,True,False,False
v57f_startup_preload_repaired_baseline,baseline,2026-04-01,001872.XSHE,port_rail_infrastructure,0.03571428571,0.03571428571,0.0,0.17497403946002055,0.09327983951855567,baseline,True,False,False
v57f_startup_preload_repaired_baseline,baseline,2026-04-01,600020.XSHG,highway_infrastructure,0.03571428571,0.03571428571,0.0,0.014705882352941124,-0.10623556581986138,baseline,True,False,False
v57f_startup_preload_repaired_baseline,baseline,2026-04-01,601528.XSHG,bank,0.03571428571,0.03571428571,0.0,0.014897579143389184,-0.04982206405693956,baseline,True,False,False
v57f_startup_preload_repaired_baseline,baseline,2026-04-01,601997.XSHG,bank,0.03571428571,0.03571428571,0.0,-0.02195945945945943,-0.025125628140703404,baseline,True,False,False
v57f_startup_preload_repaired_baseline,baseline,2026-04-01,601128.XSHG,bank,0.03571428571,0.03571428571,0.0,0.0070224719101124045,0.008474576271186418,baseline,True,False,False
v57f_startup_preload_repaired_baseline,baseline,2026-04-01,601006.XSHG,port_rail_infrastructure,0.03571428571,0.03571428571,0.0,-0.19753086419753085,0.007518796992481258,baseline,True,False,False
v57f_startup_preload_repaired_baseline,baseline,2026-04-01,603323.XSHG,bank,0.03571428571,0.03571428571,0.0,-0.04743833017077803,-0.042884990253411304,baseline,True,False,False
v57f_startup_preload_repaired_baseline,baseline,2026-04-01,000001.XSHE,bank,0.03571428571,0.03571428571,0.0,-0.05391304347826076,-0.04152249134948105,baseline,True,False,False
v57f_startup_preload_repaired_baseline,baseline,2026-04-01,000828.XSHE,highway_infrastructure,0.03571428571,0.03571428571,0.0,0.06451612903225801,-0.08516483516483508,baseline,True,False,False
v57f_startup_preload_repaired_baseline,baseline,2026-04-01,601169.XSHG,bank,0.03571428571,0.03571428571,0.0,-0.09833333333333327,0.0,baseline,True,False,False
v57f_startup_preload_repaired_baseline,baseline,2026-04-01,601816.XSHG,port_rail_infrastructure,0.03571428571,0.03571428571,0.0,-0.08765652951699465,-0.025048169556840194,baseline,True,False,False
v57f_startup_preload_repaired_baseline,baseline,2026-04-01,600017.XSHG,port_rail_infrastructure,0.03571428571,0.03571428571,0.0,0.041935483870967794,0.016447368421052655,baseline,True,False,False
v57f_startup_preload_repaired_baseline,baseline,2026-04-01,601880.XSHG,port_rail_infrastructure,0.03571428571,0.03571428571,0.0,0.17105263157894735,0.012345679012345512,baseline,True,False,False
v57f_startup_preload_repaired_baseline,baseline,2026-04-01,600350.XSHG,highway_infrastructure,0.03571428571,0.03571428571,0.0,0.0031055900621117516,0.10766045548654235,baseline,True,False,False
v57f_startup_preload_repaired_baseline,baseline,2026-04-01,600012.XSHG,highway_infrastructure,0.03571428571,0.03571428571,0.0,-0.08265497808390732,0.03482920294708647,baseline,True,False,False
v57f_startup_preload_repaired_baseline,baseline,2026-04-01,600033.XSHG,highway_infrastructure,0.03571428571,0.03571428571,0.0,0.032608695652173836,-0.1504424778761061,baseline,True,False,False
v57f_startup_preload_repaired_baseline,baseline,2026-04-01,600377.XSHG,highway_infrastructure,0.03571428571,0.03571428571,0.0,-0.14144968332160457,-0.007413509060955503,baseline,True,False,False
internal_subsleeve_mom12_80_20,v57f_pool_internal_subsleeve,2026-04-01,002039.XSHE,utilities_electricity,0.03571428571,0.04523809523266667,0.009523809522666668,0.2262626262626264,0.010875475802066381,momentum_subsleeve,True,False,False
internal_subsleeve_mom12_80_20,v57f_pool_internal_subsleeve,2026-04-01,000027.XSHE,utilities_electricity,0.03571428571,0.028571428568000004,-0.0071428571419999976,0.11181102362204731,0.049848942598187396,middle,True,False,False
internal_subsleeve_mom12_80_20,v57f_pool_internal_subsleeve,2026-04-01,600717.XSHG,port_rail_infrastructure,0.03571428571,0.028571428568000004,-0.0071428571419999976,0.03854389721627394,0.00877192982456143,middle,True,False,False
internal_subsleeve_mom12_80_20,v57f_pool_internal_subsleeve,2026-04-01,000543.XSHE,utilities_electricity,0.03571428571,0.04523809523266667,0.009523809522666668,0.17073170731707332,-0.03218390804597693,momentum_subsleeve,True,False,False
internal_subsleeve_mom12_80_20,v57f_pool_internal_subsleeve,2026-04-01,600886.XSHG,utilities_electricity,0.03571428571,0.028571428568000004,-0.0071428571419999976,-0.027181688125894166,0.055928411633109576,middle,True,False,False
internal_subsleeve_mom12_80_20,v57f_pool_internal_subsleeve,2026-04-01,600023.XSHG,utilities_electricity,0.03571428571,0.028571428568000004,-0.0071428571419999976,-0.030520646319569078,0.05436893203883475,middle,True,False,False
internal_subsleeve_mom12_80_20,v57f_pool_internal_subsleeve,2026-04-01,600642.XSHG,utilities_electricity,0.03571428571,0.028571428568000004,-0.0071428571419999976,-0.009922822491730932,0.10683229813664585,middle,True,False,False
internal_subsleeve_mom12_80_20,v57f_pool_internal_subsleeve,2026-04-01,601139.XSHG,utilities_electricity,0.03571428571,0.04523809523266667,0.009523809522666668,0.17462686567164187,0.06485671191553544,momentum_subsleeve,True,False,False
internal_subsleeve_mom12_80_20,v57f_pool_internal_subsleeve,2026-04-01,601333.XSHG,port_rail_infrastructure,0.03571428571,0.028571428568000004,-0.0071428571419999976,0.016181229773462924,0.035947712418300526,middle,True,False,False
internal_subsleeve_mom12_80_20,v57f_pool_internal_subsleeve,2026-04-01,600035.XSHG,highway_infrastructure,0.03571428571,0.028571428568000004,-0.0071428571419999976,-0.05868544600938963,-0.0178117048346057,middle,True,False,False
internal_subsleeve_mom12_80_20,v57f_pool_internal_subsleeve,2026-04-01,600908.XSHG,bank,0.03571428571,0.04523809523266667,0.009523809522666668,0.01909722222222232,-0.038525963149078635,momentum_subsleeve,True,False,False
internal_subsleeve_mom12_80_20,v57f_pool_internal_subsleeve,2026-04-01,001872.XSHE,port_rail_infrastructure,0.03571428571,0.04523809523266667,0.009523809522666668,0.17497403946002055,0.09327983951855567,momentum_subsleeve,True,False,False
internal_subsleeve_mom12_80_20,v57f_pool_internal_subsleeve,2026-04-01,600020.XSHG,highway_infrastructure,0.03571428571,0.04523809523266667,0.009523809522666668,0.014705882352941124,-0.10623556581986138,momentum_subsleeve,True,False,False
internal_subsleeve_mom12_80_20,v57f_pool_internal_subsleeve,2026-04-01,601528.XSHG,bank,0.03571428571,0.04523809523266667,0.009523809522666668,0.014897579143389184,-0.04982206405693956,momentum_subsleeve,True,False,False
internal_subsleeve_mom12_80_20,v57f_pool_internal_subsleeve,2026-04-01,601997.XSHG,bank,0.03571428571,0.028571428568000004,-0.0071428571419999976,-0.02195945945945943,-0.025125628140703404,middle,True,False,False
internal_subsleeve_mom12_80_20,v57f_pool_internal_subsleeve,2026-04-01,601128.XSHG,bank,0.03571428571,0.04523809523266667,0.009523809522666668,0.0070224719101124045,0.008474576271186418,momentum_subsleeve,True,False,False
internal_subsleeve_mom12_80_20,v57f_pool_internal_subsleeve,2026-04-01,601006.XSHG,port_rail_infrastructure,0.03571428571,0.028571428568000004,-0.0071428571419999976,-0.19753086419753085,0.007518796992481258,middle,True,False,False
internal_subsleeve_mom12_80_20,v57f_pool_internal_subsleeve,2026-04-01,603323.XSHG,bank,0.03571428571,0.028571428568000004,-0.0071428571419999976,-0.04743833017077803,-0.042884990253411304,middle,True,False,False
internal_subsleeve_mom12_80_20,v57f_pool_internal_subsleeve,2026-04-01,000001.XSHE,bank,0.03571428571,0.028571428568000004,-0.0071428571419999976,-0.05391304347826076,-0.04152249134948105,middle,True,False,False
internal_subsleeve_mom12_80_20,v57f_pool_internal_subsleeve,2026-04-01,000828.XSHE,highway_infrastructure,0.03571428571,0.04523809523266667,0.009523809522666668,0.06451612903225801,-0.08516483516483508,momentum_subsleeve,True,False,False
internal_subsleeve_mom12_80_20,v57f_pool_internal_subsleeve,2026-04-01,601169.XSHG,bank,0.03571428571,0.028571428568000004,-0.0071428571419999976,-0.09833333333333327,0.0,middle,True,False,False
internal_subsleeve_mom12_80_20,v57f_pool_internal_subsleeve,2026-04-01,601816.XSHG,port_rail_infrastructure,0.03571428571,0.028571428568000004,-0.0071428571419999976,-0.08765652951699465,-0.025048169556840194,middle,True,False,False
internal_subsleeve_mom12_80_20,v57f_pool_internal_subsleeve,2026-04-01,600017.XSHG,port_rail_infrastructure,0.03571428571,0.04523809523266667,0.009523809522666668,0.041935483870967794,0.016447368421052655,momentum_subsleeve,True,False,False
internal_subsleeve_mom12_80_20,v57f_pool_internal_subsleeve,2026-04-01,601880.XSHG,port_rail_infrastructure,0.03571428571,0.04523809523266667,0.009523809522666668,0.17105263157894735,0.012345679012345512,momentum_subsleeve,True,False,False
internal_subsleeve_mom12_80_20,v57f_pool_internal_subsleeve,2026-04-01,600350.XSHG,highway_infrastructure,0.03571428571,0.028571428568000004,-0.0071428571419999976,0.0031055900621117516,0.10766045548654235,middle,True,False,False
internal_subsleeve_mom12_80_20,v57f_pool_internal_subsleeve,2026-04-01,600012.XSHG,highway_infrastructure,0.03571428571,0.028571428568000004,-0.0071428571419999976,-0.08265497808390732,0.03482920294708647,middle,True,False,False
internal_subsleeve_mom12_80_20,v57f_pool_internal_subsleeve,2026-04-01,600033.XSHG,highway_infrastructure,0.03571428571,0.04523809523266667,0.009523809522666668,0.032608695652173836,-0.1504424778761061,momentum_subsleeve,True,False,False
internal_subsleeve_mom12_80_20,v57f_pool_internal_subsleeve,2026-04-01,600377.XSHG,highway_infrastructure,0.03571428571,0.028571428568000004,-0.0071428571419999976,-0.14144968332160457,-0.007413509060955503,middle,True,False,False
internal_subsleeve_mom12_70_30,v57f_pool_internal_subsleeve,2026-04-01,002039.XSHE,utilities_electricity,0.03571428571,0.049999999994000004,0.014285714284000002,0.2262626262626264,0.010875475802066381,momentum_subsleeve,True,False,False
internal_subsleeve_mom12_70_30,v57f_pool_internal_subsleeve,2026-04-01,000027.XSHE,utilities_electricity,0.03571428571,0.024999999997,-0.010714285713000003,0.11181102362204731,0.049848942598187396,middle,True,False,False
internal_subsleeve_mom12_70_30,v57f_pool_internal_subsleeve,2026-04-01,600717.XSHG,port_rail_infrastructure,0.03571428571,0.024999999997,-0.010714285713000003,0.03854389721627394,0.00877192982456143,middle,True,False,False
internal_subsleeve_mom12_70_30,v57f_pool_internal_subsleeve,2026-04-01,000543.XSHE,utilities_electricity,0.03571428571,0.049999999994000004,0.014285714284000002,0.17073170731707332,-0.03218390804597693,momentum_subsleeve,True,False,False
internal_subsleeve_mom12_70_30,v57f_pool_internal_subsleeve,2026-04-01,600886.XSHG,utilities_electricity,0.03571428571,0.024999999997,-0.010714285713000003,-0.027181688125894166,0.055928411633109576,middle,True,False,False
internal_subsleeve_mom12_70_30,v57f_pool_internal_subsleeve,2026-04-01,600023.XSHG,utilities_electricity,0.03571428571,0.024999999997,-0.010714285713000003,-0.030520646319569078,0.05436893203883475,middle,True,False,False
internal_subsleeve_mom12_70_30,v57f_pool_internal_subsleeve,2026-04-01,600642.XSHG,utilities_electricity,0.03571428571,0.024999999997,-0.010714285713000003,-0.009922822491730932,0.10683229813664585,middle,True,False,False
internal_subsleeve_mom12_70_30,v57f_pool_internal_subsleeve,2026-04-01,601139.XSHG,utilities_electricity,0.03571428571,0.049999999994000004,0.014285714284000002,0.17462686567164187,0.06485671191553544,momentum_subsleeve,True,False,False
internal_subsleeve_mom12_70_30,v57f_pool_internal_subsleeve,2026-04-01,601333.XSHG,port_rail_infrastructure,0.03571428571,0.024999999997,-0.010714285713000003,0.016181229773462924,0.035947712418300526,middle,True,False,False
internal_subsleeve_mom12_70_30,v57f_pool_internal_subsleeve,2026-04-01,600035.XSHG,highway_infrastructure,0.03571428571,0.024999999997,-0.010714285713000003,-0.05868544600938963,-0.0178117048346057,middle,True,False,False
internal_subsleeve_mom12_70_30,v57f_pool_internal_subsleeve,2026-04-01,600908.XSHG,bank,0.03571428571,0.049999999994000004,0.014285714284000002,0.01909722222222232,-0.038525963149078635,momentum_subsleeve,True,False,False
internal_subsleeve_mom12_70_30,v57f_pool_internal_subsleeve,2026-04-01,001872.XSHE,port_rail_infrastructure,0.03571428571,0.049999999994000004,0.014285714284000002,0.17497403946002055,0.09327983951855567,momentum_subsleeve,True,False,False
internal_subsleeve_mom12_70_30,v57f_pool_internal_subsleeve,2026-04-01,600020.XSHG,highway_infrastructure,0.03571428571,0.049999999994000004,0.014285714284000002,0.014705882352941124,-0.10623556581986138,momentum_subsleeve,True,False,False
internal_subsleeve_mom12_70_30,v57f_pool_internal_subsleeve,2026-04-01,601528.XSHG,bank,0.03571428571,0.049999999994000004,0.014285714284000002,0.014897579143389184,-0.04982206405693956,momentum_subsleeve,True,False,False
internal_subsleeve_mom12_70_30,v57f_pool_internal_subsleeve,2026-04-01,601997.XSHG,bank,0.03571428571,0.024999999997,-0.010714285713000003,-0.02195945945945943,-0.025125628140703404,middle,True,False,False
internal_subsleeve_mom12_70_30,v57f_pool_internal_subsleeve,2026-04-01,601128.XSHG,bank,0.03571428571,0.049999999994000004,0.014285714284000002,0.0070224719101124045,0.008474576271186418,momentum_subsleeve,True,False,False
internal_subsleeve_mom12_70_30,v57f_pool_internal_subsleeve,2026-04-01,601006.XSHG,port_rail_infrastructure,0.03571428571,0.024999999997,-0.010714285713000003,-0.19753086419753085,0.007518796992481258,middle,True,False,False
internal_subsleeve_mom12_70_30,v57f_pool_internal_subsleeve,2026-04-01,603323.XSHG,bank,0.03571428571,0.024999999997,-0.010714285713000003,-0.04743833017077803,-0.042884990253411304,middle,True,False,False
internal_subsleeve_mom12_70_30,v57f_pool_internal_subsleeve,2026-04-01,000001.XSHE,bank,0.03571428571,0.024999999997,-0.010714285713000003,-0.05391304347826076,-0.04152249134948105,middle,True,False,False
internal_subsleeve_mom12_70_30,v57f_pool_internal_subsleeve,2026-04-01,000828.XSHE,highway_infrastructure,0.03571428571,0.049999999994000004,0.014285714284000002,0.06451612903225801,-0.08516483516483508,momentum_subsleeve,True,False,False
internal_subsleeve_mom12_70_30,v57f_pool_internal_subsleeve,2026-04-01,601169.XSHG,bank,0.03571428571,0.024999999997,-0.010714285713000003,-0.09833333333333327,0.0,middle,True,False,False
internal_subsleeve_mom12_70_30,v57f_pool_internal_subsleeve,2026-04-01,601816.XSHG,port_rail_infrastructure,0.03571428571,0.024999999997,-0.010714285713000003,-0.08765652951699465,-0.025048169556840194,middle,True,False,False
internal_subsleeve_mom12_70_30,v57f_pool_internal_subsleeve,2026-04-01,600017.XSHG,port_rail_infrastructure,0.03571428571,0.049999999994000004,0.014285714284000002,0.041935483870967794,0.016447368421052655,momentum_subsleeve,True,False,False
internal_subsleeve_mom12_70_30,v57f_pool_internal_subsleeve,2026-04-01,601880.XSHG,port_rail_infrastructure,0.03571428571,0.049999999994000004,0.014285714284000002,0.17105263157894735,0.012345679012345512,momentum_subsleeve,True,False,False
internal_subsleeve_mom12_70_30,v57f_pool_internal_subsleeve,2026-04-01,600350.XSHG,highway_infrastructure,0.03571428571,0.024999999997,-0.010714285713000003,0.0031055900621117516,0.10766045548654235,middle,True,False,False
internal_subsleeve_mom12_70_30,v57f_pool_internal_subsleeve,2026-04-01,600012.XSHG,highway_infrastructure,0.03571428571,0.024999999997,-0.010714285713000003,-0.08265497808390732,0.03482920294708647,middle,True,False,False
internal_subsleeve_mom12_70_30,v57f_pool_internal_subsleeve,2026-04-01,600033.XSHG,highway_infrastructure,0.03571428571,0.049999999994000004,0.014285714284000002,0.032608695652173836,-0.1504424778761061,momentum_subsleeve,True,False,False
internal_subsleeve_mom12_70_30,v57f_pool_internal_subsleeve,2026-04-01,600377.XSHG,highway_infrastructure,0.03571428571,0.024999999997,-0.010714285713000003,-0.14144968332160457,-0.007413509060955503,middle,True,False,False
dual_sleeve_mom12_80_20,dual_sleeve_allocation,2026-04-01,002039.XSHE,utilities_electricity,0.03571428571,0.04857142856800001,0.012857142858000006,0.2262626262626264,0.010875475802066381,momentum_sleeve,False,False,False
dual_sleeve_mom12_80_20,dual_sleeve_allocation,2026-04-01,000027.XSHE,utilities_electricity,0.03571428571,0.04857142856800001,0.012857142858000006,0.11181102362204731,0.049848942598187396,momentum_sleeve,False,False,False
dual_sleeve_mom12_80_20,dual_sleeve_allocation,2026-04-01,600717.XSHG,port_rail_infrastructure,0.03571428571,0.04857142856800001,0.012857142858000006,0.03854389721627394,0.00877192982456143,momentum_sleeve,False,False,False
dual_sleeve_mom12_80_20,dual_sleeve_allocation,2026-04-01,000543.XSHE,utilities_electricity,0.03571428571,0.04857142856800001,0.012857142858000006,0.17073170731707332,-0.03218390804597693,momentum_sleeve,False,False,False
dual_sleeve_mom12_80_20,dual_sleeve_allocation,2026-04-01,600886.XSHG,utilities_electricity,0.03571428571,0.028571428568000004,-0.0071428571419999976,-0.027181688125894166,0.055928411633109576,value_sleeve_only,False,False,False
dual_sleeve_mom12_80_20,dual_sleeve_allocation,2026-04-01,600023.XSHG,utilities_electricity,0.03571428571,0.028571428568000004,-0.0071428571419999976,-0.030520646319569078,0.05436893203883475,value_sleeve_only,False,False,False
dual_sleeve_mom12_80_20,dual_sleeve_allocation,2026-04-01,600642.XSHG,utilities_electricity,0.03571428571,0.028571428568000004,-0.0071428571419999976,-0.009922822491730932,0.10683229813664585,value_sleeve_only,False,False,False
dual_sleeve_mom12_80_20,dual_sleeve_allocation,2026-04-01,601139.XSHG,utilities_electricity,0.03571428571,0.04857142856800001,0.012857142858000006,0.17462686567164187,0.06485671191553544,momentum_sleeve,False,False,False
dual_sleeve_mom12_80_20,dual_sleeve_allocation,2026-04-01,601333.XSHG,port_rail_infrastructure,0.03571428571,0.028571428568000004,-0.0071428571419999976,0.016181229773462924,0.035947712418300526,value_sleeve_only,False,False,False
dual_sleeve_mom12_80_20,dual_sleeve_allocation,2026-04-01,600035.XSHG,highway_infrastructure,0.03571428571,0.028571428568000004,-0.0071428571419999976,-0.05868544600938963,-0.0178117048346057,value_sleeve_only,False,False,False
dual_sleeve_mom12_80_20,dual_sleeve_allocation,2026-04-01,600908.XSHG,bank,0.03571428571,0.028571428568000004,-0.0071428571419999976,0.01909722222222232,-0.038525963149078635,value_sleeve_only,False,False,False
dual_sleeve_mom12_80_20,dual_sleeve_allocation,2026-04-01,001872.XSHE,port_rail_infrastructure,0.03571428571,0.04857142856800001,0.012857142858000006,0.17497403946002055,0.09327983951855567,momentum_sleeve,False,False,False
dual_sleeve_mom12_80_20,dual_sleeve_allocation,2026-04-01,600020.XSHG,highway_infrastructure,0.03571428571,0.028571428568000004,-0.0071428571419999976,0.014705882352941124,-0.10623556581986138,value_sleeve_only,False,False,False
dual_sleeve_mom12_80_20,dual_sleeve_allocation,2026-04-01,601528.XSHG,bank,0.03571428571,0.028571428568000004,-0.0071428571419999976,0.014897579143389184,-0.04982206405693956,value_sleeve_only,False,False,False
dual_sleeve_mom12_80_20,dual_sleeve_allocation,2026-04-01,601997.XSHG,bank,0.03571428571,0.028571428568000004,-0.0071428571419999976,-0.02195945945945943,-0.025125628140703404,value_sleeve_only,False,False,False
dual_sleeve_mom12_80_20,dual_sleeve_allocation,2026-04-01,601128.XSHG,bank,0.03571428571,0.028571428568000004,-0.0071428571419999976,0.0070224719101124045,0.008474576271186418,value_sleeve_only,False,False,False
dual_sleeve_mom12_80_20,dual_sleeve_allocation,2026-04-01,601006.XSHG,port_rail_infrastructure,0.03571428571,0.028571428568000004,-0.0071428571419999976,-0.19753086419753085,0.007518796992481258,value_sleeve_only,False,False,False
dual_sleeve_mom12_80_20,dual_sleeve_allocation,2026-04-01,603323.XSHG,bank,0.03571428571,0.028571428568000004,-0.0071428571419999976,-0.04743833017077803,-0.042884990253411304,value_sleeve_only,False,False,False
dual_sleeve_mom12_80_20,dual_sleeve_allocation,2026-04-01,000001.XSHE,bank,0.03571428571,0.028571428568000004,-0.0071428571419999976,-0.05391304347826076,-0.04152249134948105,value_sleeve_only,False,False,False
dual_sleeve_mom12_80_20,dual_sleeve_allocation,2026-04-01,000828.XSHE,highway_infrastructure,0.03571428571,0.04857142856800001,0.012857142858000006,0.06451612903225801,-0.08516483516483508,momentum_sleeve,False,False,False
dual_sleeve_mom12_80_20,dual_sleeve_allocation,2026-04-01,601169.XSHG,bank,0.03571428571,0.028571428568000004,-0.0071428571419999976,-0.09833333333333327,0.0,value_sleeve_only,False,False,False
dual_sleeve_mom12_80_20,dual_sleeve_allocation,2026-04-01,601816.XSHG,port_rail_infrastructure,0.03571428571,0.028571428568000004,-0.0071428571419999976,-0.08765652951699465,-0.025048169556840194,value_sleeve_only,False,False,False
dual_sleeve_mom12_80_20,dual_sleeve_allocation,2026-04-01,600017.XSHG,port_rail_infrastructure,0.03571428571,0.04857142856800001,0.012857142858000006,0.041935483870967794,0.016447368421052655,momentum_sleeve,False,False,False
dual_sleeve_mom12_80_20,dual_sleeve_allocation,2026-04-01,601880.XSHG,port_rail_infrastructure,0.03571428571,0.04857142856800001,0.012857142858000006,0.17105263157894735,0.012345679012345512,momentum_sleeve,False,False,False
dual_sleeve_mom12_80_20,dual_sleeve_allocation,2026-04-01,600350.XSHG,highway_infrastructure,0.03571428571,0.028571428568000004,-0.0071428571419999976,0.0031055900621117516,0.10766045548654235,value_sleeve_only,False,False,False
dual_sleeve_mom12_80_20,dual_sleeve_allocation,2026-04-01,600012.XSHG,highway_infrastructure,0.03571428571,0.028571428568000004,-0.0071428571419999976,-0.08265497808390732,0.03482920294708647,value_sleeve_only,False,False,False
dual_sleeve_mom12_80_20,dual_sleeve_allocation,2026-04-01,600033.XSHG,highway_infrastructure,0.03571428571,0.04857142856800001,0.012857142858000006,0.032608695652173836,-0.1504424778761061,momentum_sleeve,False,False,False
dual_sleeve_mom12_80_20,dual_sleeve_allocation,2026-04-01,600377.XSHG,highway_infrastructure,0.03571428571,0.028571428568000004,-0.0071428571419999976,-0.14144968332160457,-0.007413509060955503,value_sleeve_only,False,False,False
dual_sleeve_mom12_60_40,dual_sleeve_allocation,2026-04-01,002039.XSHE,utilities_electricity,0.03571428571,0.061428571426,0.025714285716,0.2262626262626264,0.010875475802066381,momentum_sleeve,False,False,False
dual_sleeve_mom12_60_40,dual_sleeve_allocation,2026-04-01,000027.XSHE,utilities_electricity,0.03571428571,0.061428571426,0.025714285716,0.11181102362204731,0.049848942598187396,momentum_sleeve,False,False,False
dual_sleeve_mom12_60_40,dual_sleeve_allocation,2026-04-01,600717.XSHG,port_rail_infrastructure,0.03571428571,0.061428571426,0.025714285716,0.03854389721627394,0.00877192982456143,momentum_sleeve,False,False,False
dual_sleeve_mom12_60_40,dual_sleeve_allocation,2026-04-01,000543.XSHE,utilities_electricity,0.03571428571,0.061428571426,0.025714285716,0.17073170731707332,-0.03218390804597693,momentum_sleeve,False,False,False
dual_sleeve_mom12_60_40,dual_sleeve_allocation,2026-04-01,600886.XSHG,utilities_electricity,0.03571428571,0.021428571426,-0.014285714284000002,-0.027181688125894166,0.055928411633109576,value_sleeve_only,False,False,False
dual_sleeve_mom12_60_40,dual_sleeve_allocation,2026-04-01,600023.XSHG,utilities_electricity,0.03571428571,0.021428571426,-0.014285714284000002,-0.030520646319569078,0.05436893203883475,value_sleeve_only,False,False,False
dual_sleeve_mom12_60_40,dual_sleeve_allocation,2026-04-01,600642.XSHG,utilities_electricity,0.03571428571,0.021428571426,-0.014285714284000002,-0.009922822491730932,0.10683229813664585,value_sleeve_only,False,False,False
dual_sleeve_mom12_60_40,dual_sleeve_allocation,2026-04-01,601139.XSHG,utilities_electricity,0.03571428571,0.061428571426,0.025714285716,0.17462686567164187,0.06485671191553544,momentum_sleeve,False,False,False
dual_sleeve_mom12_60_40,dual_sleeve_allocation,2026-04-01,601333.XSHG,port_rail_infrastructure,0.03571428571,0.021428571426,-0.014285714284000002,0.016181229773462924,0.035947712418300526,value_sleeve_only,False,False,False
dual_sleeve_mom12_60_40,dual_sleeve_allocation,2026-04-01,600035.XSHG,highway_infrastructure,0.03571428571,0.021428571426,-0.014285714284000002,-0.05868544600938963,-0.0178117048346057,value_sleeve_only,False,False,False
dual_sleeve_mom12_60_40,dual_sleeve_allocation,2026-04-01,600908.XSHG,bank,0.03571428571,0.021428571426,-0.014285714284000002,0.01909722222222232,-0.038525963149078635,value_sleeve_only,False,False,False
dual_sleeve_mom12_60_40,dual_sleeve_allocation,2026-04-01,001872.XSHE,port_rail_infrastructure,0.03571428571,0.061428571426,0.025714285716,0.17497403946002055,0.09327983951855567,momentum_sleeve,False,False,False
dual_sleeve_mom12_60_40,dual_sleeve_allocation,2026-04-01,600020.XSHG,highway_infrastructure,0.03571428571,0.021428571426,-0.014285714284000002,0.014705882352941124,-0.10623556581986138,value_sleeve_only,False,False,False
dual_sleeve_mom12_60_40,dual_sleeve_allocation,2026-04-01,601528.XSHG,bank,0.03571428571,0.021428571426,-0.014285714284000002,0.014897579143389184,-0.04982206405693956,value_sleeve_only,False,False,False
dual_sleeve_mom12_60_40,dual_sleeve_allocation,2026-04-01,601997.XSHG,bank,0.03571428571,0.021428571426,-0.014285714284000002,-0.02195945945945943,-0.025125628140703404,value_sleeve_only,False,False,False
dual_sleeve_mom12_60_40,dual_sleeve_allocation,2026-04-01,601128.XSHG,bank,0.03571428571,0.021428571426,-0.014285714284000002,0.0070224719101124045,0.008474576271186418,value_sleeve_only,False,False,False
dual_sleeve_mom12_60_40,dual_sleeve_allocation,2026-04-01,601006.XSHG,port_rail_infrastructure,0.03571428571,0.021428571426,-0.014285714284000002,-0.19753086419753085,0.007518796992481258,value_sleeve_only,False,False,False
dual_sleeve_mom12_60_40,dual_sleeve_allocation,2026-04-01,603323.XSHG,bank,0.03571428571,0.021428571426,-0.014285714284000002,-0.04743833017077803,-0.042884990253411304,value_sleeve_only,False,False,False
dual_sleeve_mom12_60_40,dual_sleeve_allocation,2026-04-01,000001.XSHE,bank,0.03571428571,0.021428571426,-0.014285714284000002,-0.05391304347826076,-0.04152249134948105,value_sleeve_only,False,False,False
dual_sleeve_mom12_60_40,dual_sleeve_allocation,2026-04-01,000828.XSHE,highway_infrastructure,0.03571428571,0.061428571426,0.025714285716,0.06451612903225801,-0.08516483516483508,momentum_sleeve,False,False,False
dual_sleeve_mom12_60_40,dual_sleeve_allocation,2026-04-01,601169.XSHG,bank,0.03571428571,0.021428571426,-0.014285714284000002,-0.09833333333333327,0.0,value_sleeve_only,False,False,False
dual_sleeve_mom12_60_40,dual_sleeve_allocation,2026-04-01,601816.XSHG,port_rail_infrastructure,0.03571428571,0.021428571426,-0.014285714284000002,-0.08765652951699465,-0.025048169556840194,value_sleeve_only,False,False,False
dual_sleeve_mom12_60_40,dual_sleeve_allocation,2026-04-01,600017.XSHG,port_rail_infrastructure,0.03571428571,0.061428571426,0.025714285716,0.041935483870967794,0.016447368421052655,momentum_sleeve,False,False,False
dual_sleeve_mom12_60_40,dual_sleeve_allocation,2026-04-01,601880.XSHG,port_rail_infrastructure,0.03571428571,0.061428571426,0.025714285716,0.17105263157894735,0.012345679012345512,momentum_sleeve,False,False,False
dual_sleeve_mom12_60_40,dual_sleeve_allocation,2026-04-01,600350.XSHG,highway_infrastructure,0.03571428571,0.021428571426,-0.014285714284000002,0.0031055900621117516,0.10766045548654235,value_sleeve_only,False,False,False
dual_sleeve_mom12_60_40,dual_sleeve_allocation,2026-04-01,600012.XSHG,highway_infrastructure,0.03571428571,0.021428571426,-0.014285714284000002,-0.08265497808390732,0.03482920294708647,value_sleeve_only,False,False,False
dual_sleeve_mom12_60_40,dual_sleeve_allocation,2026-04-01,600033.XSHG,highway_infrastructure,0.03571428571,0.061428571426,0.025714285716,0.032608695652173836,-0.1504424778761061,momentum_sleeve,False,False,False
dual_sleeve_mom12_60_40,dual_sleeve_allocation,2026-04-01,600377.XSHG,highway_infrastructure,0.03571428571,0.021428571426,-0.014285714284000002,-0.14144968332160457,-0.007413509060955503,value_sleeve_only,False,False,False
state_routed_mom12_70_30_or_100_0,state_routed_budget,2026-04-01,002039.XSHE,utilities_electricity,0.03571428571,0.03571428571,0.0,0.2262626262626264,0.010875475802066381,value_sleeve_only,False,False,False
state_routed_mom12_70_30_or_100_0,state_routed_budget,2026-04-01,000027.XSHE,utilities_electricity,0.03571428571,0.03571428571,0.0,0.11181102362204731,0.049848942598187396,value_sleeve_only,False,False,False
state_routed_mom12_70_30_or_100_0,state_routed_budget,2026-04-01,600717.XSHG,port_rail_infrastructure,0.03571428571,0.03571428571,0.0,0.03854389721627394,0.00877192982456143,value_sleeve_only,False,False,False
state_routed_mom12_70_30_or_100_0,state_routed_budget,2026-04-01,000543.XSHE,utilities_electricity,0.03571428571,0.03571428571,0.0,0.17073170731707332,-0.03218390804597693,value_sleeve_only,False,False,False
state_routed_mom12_70_30_or_100_0,state_routed_budget,2026-04-01,600886.XSHG,utilities_electricity,0.03571428571,0.03571428571,0.0,-0.027181688125894166,0.055928411633109576,value_sleeve_only,False,False,False
state_routed_mom12_70_30_or_100_0,state_routed_budget,2026-04-01,600023.XSHG,utilities_electricity,0.03571428571,0.03571428571,0.0,-0.030520646319569078,0.05436893203883475,value_sleeve_only,False,False,False
state_routed_mom12_70_30_or_100_0,state_routed_budget,2026-04-01,600642.XSHG,utilities_electricity,0.03571428571,0.03571428571,0.0,-0.009922822491730932,0.10683229813664585,value_sleeve_only,False,False,False
state_routed_mom12_70_30_or_100_0,state_routed_budget,2026-04-01,601139.XSHG,utilities_electricity,0.03571428571,0.03571428571,0.0,0.17462686567164187,0.06485671191553544,value_sleeve_only,False,False,False
state_routed_mom12_70_30_or_100_0,state_routed_budget,2026-04-01,601333.XSHG,port_rail_infrastructure,0.03571428571,0.03571428571,0.0,0.016181229773462924,0.035947712418300526,value_sleeve_only,False,False,False
state_routed_mom12_70_30_or_100_0,state_routed_budget,2026-04-01,600035.XSHG,highway_infrastructure,0.03571428571,0.03571428571,0.0,-0.05868544600938963,-0.0178117048346057,value_sleeve_only,False,False,False
state_routed_mom12_70_30_or_100_0,state_routed_budget,2026-04-01,600908.XSHG,bank,0.03571428571,0.03571428571,0.0,0.01909722222222232,-0.038525963149078635,value_sleeve_only,False,False,False
state_routed_mom12_70_30_or_100_0,state_routed_budget,2026-04-01,001872.XSHE,port_rail_infrastructure,0.03571428571,0.03571428571,0.0,0.17497403946002055,0.09327983951855567,value_sleeve_only,False,False,False
state_routed_mom12_70_30_or_100_0,state_routed_budget,2026-04-01,600020.XSHG,highway_infrastructure,0.03571428571,0.03571428571,0.0,0.014705882352941124,-0.10623556581986138,value_sleeve_only,False,False,False
state_routed_mom12_70_30_or_100_0,state_routed_budget,2026-04-01,601528.XSHG,bank,0.03571428571,0.03571428571,0.0,0.014897579143389184,-0.04982206405693956,value_sleeve_only,False,False,False
state_routed_mom12_70_30_or_100_0,state_routed_budget,2026-04-01,601997.XSHG,bank,0.03571428571,0.03571428571,0.0,-0.02195945945945943,-0.025125628140703404,value_sleeve_only,False,False,False
state_routed_mom12_70_30_or_100_0,state_routed_budget,2026-04-01,601128.XSHG,bank,0.03571428571,0.03571428571,0.0,0.0070224719101124045,0.008474576271186418,value_sleeve_only,False,False,False
state_routed_mom12_70_30_or_100_0,state_routed_budget,2026-04-01,601006.XSHG,port_rail_infrastructure,0.03571428571,0.03571428571,0.0,-0.19753086419753085,0.007518796992481258,value_sleeve_only,False,False,False
state_routed_mom12_70_30_or_100_0,state_routed_budget,2026-04-01,603323.XSHG,bank,0.03571428571,0.03571428571,0.0,-0.04743833017077803,-0.042884990253411304,value_sleeve_only,False,False,False
state_routed_mom12_70_30_or_100_0,state_routed_budget,2026-04-01,000001.XSHE,bank,0.03571428571,0.03571428571,0.0,-0.05391304347826076,-0.04152249134948105,value_sleeve_only,False,False,False
state_routed_mom12_70_30_or_100_0,state_routed_budget,2026-04-01,000828.XSHE,highway_infrastructure,0.03571428571,0.03571428571,0.0,0.06451612903225801,-0.08516483516483508,value_sleeve_only,False,False,False
state_routed_mom12_70_30_or_100_0,state_routed_budget,2026-04-01,601169.XSHG,bank,0.03571428571,0.03571428571,0.0,-0.09833333333333327,0.0,value_sleeve_only,False,False,False
state_routed_mom12_70_30_or_100_0,state_routed_budget,2026-04-01,601816.XSHG,port_rail_infrastructure,0.03571428571,0.03571428571,0.0,-0.08765652951699465,-0.025048169556840194,value_sleeve_only,False,False,False
state_routed_mom12_70_30_or_100_0,state_routed_budget,2026-04-01,600017.XSHG,port_rail_infrastructure,0.03571428571,0.03571428571,0.0,0.041935483870967794,0.016447368421052655,value_sleeve_only,False,False,False
state_routed_mom12_70_30_or_100_0,state_routed_budget,2026-04-01,601880.XSHG,port_rail_infrastructure,0.03571428571,0.03571428571,0.0,0.17105263157894735,0.012345679012345512,value_sleeve_only,False,False,False
state_routed_mom12_70_30_or_100_0,state_routed_budget,2026-04-01,600350.XSHG,highway_infrastructure,0.03571428571,0.03571428571,0.0,0.0031055900621117516,0.10766045548654235,value_sleeve_only,False,False,False
state_routed_mom12_70_30_or_100_0,state_routed_budget,2026-04-01,600012.XSHG,highway_infrastructure,0.03571428571,0.03571428571,0.0,-0.08265497808390732,0.03482920294708647,value_sleeve_only,False,False,False
state_routed_mom12_70_30_or_100_0,state_routed_budget,2026-04-01,600033.XSHG,highway_infrastructure,0.03571428571,0.03571428571,0.0,0.032608695652173836,-0.1504424778761061,value_sleeve_only,False,False,False
state_routed_mom12_70_30_or_100_0,state_routed_budget,2026-04-01,600377.XSHG,highway_infrastructure,0.03571428571,0.03571428571,0.0,-0.14144968332160457,-0.007413509060955503,value_sleeve_only,False,False,False
admission_suppression_mom12_bottom_cap75,admission_suppression,2026-04-01,002039.XSHE,utilities_electricity,0.03571428571,0.039285714281,0.0035714285709999988,0.2262626262626264,0.010875475802066381,middle_or_top,True,False,False
admission_suppression_mom12_bottom_cap75,admission_suppression,2026-04-01,000027.XSHE,utilities_electricity,0.03571428571,0.039285714281,0.0035714285709999988,0.11181102362204731,0.049848942598187396,middle_or_top,True,False,False
admission_suppression_mom12_bottom_cap75,admission_suppression,2026-04-01,600717.XSHG,port_rail_infrastructure,0.03571428571,0.039285714281,0.0035714285709999988,0.03854389721627394,0.00877192982456143,middle_or_top,True,False,False
admission_suppression_mom12_bottom_cap75,admission_suppression,2026-04-01,000543.XSHE,utilities_electricity,0.03571428571,0.039285714281,0.0035714285709999988,0.17073170731707332,-0.03218390804597693,middle_or_top,True,False,False
admission_suppression_mom12_bottom_cap75,admission_suppression,2026-04-01,600886.XSHG,utilities_electricity,0.03571428571,0.0267857142825,-0.0089285714275,-0.027181688125894166,0.055928411633109576,suppressed_bottom_momentum,True,False,False
admission_suppression_mom12_bottom_cap75,admission_suppression,2026-04-01,600023.XSHG,utilities_electricity,0.03571428571,0.0267857142825,-0.0089285714275,-0.030520646319569078,0.05436893203883475,suppressed_bottom_momentum,True,False,False
admission_suppression_mom12_bottom_cap75,admission_suppression,2026-04-01,600642.XSHG,utilities_electricity,0.03571428571,0.039285714281,0.0035714285709999988,-0.009922822491730932,0.10683229813664585,middle_or_top,True,False,False
admission_suppression_mom12_bottom_cap75,admission_suppression,2026-04-01,601139.XSHG,utilities_electricity,0.03571428571,0.039285714281,0.0035714285709999988,0.17462686567164187,0.06485671191553544,middle_or_top,True,False,False
admission_suppression_mom12_bottom_cap75,admission_suppression,2026-04-01,601333.XSHG,port_rail_infrastructure,0.03571428571,0.039285714281,0.0035714285709999988,0.016181229773462924,0.035947712418300526,middle_or_top,True,False,False
admission_suppression_mom12_bottom_cap75,admission_suppression,2026-04-01,600035.XSHG,highway_infrastructure,0.03571428571,0.039285714281,0.0035714285709999988,-0.05868544600938963,-0.0178117048346057,middle_or_top,True,False,False
admission_suppression_mom12_bottom_cap75,admission_suppression,2026-04-01,600908.XSHG,bank,0.03571428571,0.039285714281,0.0035714285709999988,0.01909722222222232,-0.038525963149078635,middle_or_top,True,False,False
admission_suppression_mom12_bottom_cap75,admission_suppression,2026-04-01,001872.XSHE,port_rail_infrastructure,0.03571428571,0.039285714281,0.0035714285709999988,0.17497403946002055,0.09327983951855567,middle_or_top,True,False,False
admission_suppression_mom12_bottom_cap75,admission_suppression,2026-04-01,600020.XSHG,highway_infrastructure,0.03571428571,0.039285714281,0.0035714285709999988,0.014705882352941124,-0.10623556581986138,middle_or_top,True,False,False
admission_suppression_mom12_bottom_cap75,admission_suppression,2026-04-01,601528.XSHG,bank,0.03571428571,0.039285714281,0.0035714285709999988,0.014897579143389184,-0.04982206405693956,middle_or_top,True,False,False
admission_suppression_mom12_bottom_cap75,admission_suppression,2026-04-01,601997.XSHG,bank,0.03571428571,0.039285714281,0.0035714285709999988,-0.02195945945945943,-0.025125628140703404,middle_or_top,True,False,False
admission_suppression_mom12_bottom_cap75,admission_suppression,2026-04-01,601128.XSHG,bank,0.03571428571,0.039285714281,0.0035714285709999988,0.0070224719101124045,0.008474576271186418,middle_or_top,True,False,False
admission_suppression_mom12_bottom_cap75,admission_suppression,2026-04-01,601006.XSHG,port_rail_infrastructure,0.03571428571,0.0267857142825,-0.0089285714275,-0.19753086419753085,0.007518796992481258,suppressed_bottom_momentum,True,False,False
admission_suppression_mom12_bottom_cap75,admission_suppression,2026-04-01,603323.XSHG,bank,0.03571428571,0.039285714281,0.0035714285709999988,-0.04743833017077803,-0.042884990253411304,middle_or_top,True,False,False
admission_suppression_mom12_bottom_cap75,admission_suppression,2026-04-01,000001.XSHE,bank,0.03571428571,0.0267857142825,-0.0089285714275,-0.05391304347826076,-0.04152249134948105,suppressed_bottom_momentum,True,False,False
admission_suppression_mom12_bottom_cap75,admission_suppression,2026-04-01,000828.XSHE,highway_infrastructure,0.03571428571,0.039285714281,0.0035714285709999988,0.06451612903225801,-0.08516483516483508,middle_or_top,True,False,False
admission_suppression_mom12_bottom_cap75,admission_suppression,2026-04-01,601169.XSHG,bank,0.03571428571,0.0267857142825,-0.0089285714275,-0.09833333333333327,0.0,suppressed_bottom_momentum,True,False,False
admission_suppression_mom12_bottom_cap75,admission_suppression,2026-04-01,601816.XSHG,port_rail_infrastructure,0.03571428571,0.0267857142825,-0.0089285714275,-0.08765652951699465,-0.025048169556840194,suppressed_bottom_momentum,True,False,False
admission_suppression_mom12_bottom_cap75,admission_suppression,2026-04-01,600017.XSHG,port_rail_infrastructure,0.03571428571,0.039285714281,0.0035714285709999988,0.041935483870967794,0.016447368421052655,middle_or_top,True,False,False
admission_suppression_mom12_bottom_cap75,admission_suppression,2026-04-01,601880.XSHG,port_rail_infrastructure,0.03571428571,0.039285714281,0.0035714285709999988,0.17105263157894735,0.012345679012345512,middle_or_top,True,False,False
admission_suppression_mom12_bottom_cap75,admission_suppression,2026-04-01,600350.XSHG,highway_infrastructure,0.03571428571,0.039285714281,0.0035714285709999988,0.0031055900621117516,0.10766045548654235,middle_or_top,True,False,False
admission_suppression_mom12_bottom_cap75,admission_suppression,2026-04-01,600012.XSHG,highway_infrastructure,0.03571428571,0.0267857142825,-0.0089285714275,-0.08265497808390732,0.03482920294708647,suppressed_bottom_momentum,True,False,False
admission_suppression_mom12_bottom_cap75,admission_suppression,2026-04-01,600033.XSHG,highway_infrastructure,0.03571428571,0.039285714281,0.0035714285709999988,0.032608695652173836,-0.1504424778761061,middle_or_top,True,False,False
admission_suppression_mom12_bottom_cap75,admission_suppression,2026-04-01,600377.XSHG,highway_infrastructure,0.03571428571,0.0267857142825,-0.0089285714275,-0.14144968332160457,-0.007413509060955503,suppressed_bottom_momentum,True,False,False
