model_id,trade_date,normalized_nav,underwater_pct
internal_subsleeve_mom12_70_30,2021-05-06,1.0,0.0
internal_subsleeve_mom12_70_30,2021-05-07,1.0095846178064005,0.0
internal_subsleeve_mom12_70_30,2021-05-10,1.011377157523468,0.0
internal_subsleeve_mom12_70_30,2021-05-11,1.0172968641866276,0.0
internal_subsleeve_mom12_70_30,2021-05-12,1.0202336035142223,0.0
internal_subsleeve_mom12_70_30,2021-05-13,1.0137138986736944,-0.6390403940892186
internal_subsleeve_mom12_70_30,2021-05-14,1.0209703423333678,0.0
internal_subsleeve_mom12_70_30,2021-05-17,1.0163577763393856,-0.4517825643632789
internal_subsleeve_mom12_70_30,2021-05-18,1.0171065361130147,-0.3784445110836976
internal_subsleeve_mom12_70_30,2021-05-19,1.008822799650246,-1.1898036778775989
internal_subsleeve_mom12_70_30,2021-05-20,1.0047484625193865,-1.5888688575328325
internal_subsleeve_mom12_70_30,2021-05-21,1.0052040681847423,-1.5442440876972663
internal_subsleeve_mom12_70_30,2021-05-24,1.0096829194936225,-1.105558346969071
internal_subsleeve_mom12_70_30,2021-05-25,1.013188532829546,-0.7621974097736239
internal_subsleeve_mom12_70_30,2021-05-26,1.0150943931133818,-0.5755259458915196
internal_subsleeve_mom12_70_30,2021-05-27,1.0151951490744549,-0.5656572986943109
internal_subsleeve_mom12_70_30,2021-05-28,1.010928168049289,-0.9835911845517464
internal_subsleeve_mom12_70_30,2021-05-31,1.0059552738872266,-1.4706664653769574
internal_subsleeve_mom12_70_30,2021-06-01,1.0061251481056317,-1.4540279587170302
internal_subsleeve_mom12_70_30,2021-06-02,1.0119295152936159,-0.8855131892557933
internal_subsleeve_mom12_70_30,2021-06-03,1.0179574021376088,-0.29510555506178093
internal_subsleeve_mom12_70_30,2021-06-04,1.0116755742676853,-0.910385706644512
internal_subsleeve_mom12_70_30,2021-06-07,1.012873343336358,-0.7930689718669615
internal_subsleeve_mom12_70_30,2021-06-08,1.0120107456022165,-0.877557002358631
internal_subsleeve_mom12_70_30,2021-06-09,1.0133098842788448,-0.7503115161029528
internal_subsleeve_mom12_70_30,2021-06-10,1.0098078541034552,-1.0933214969204075
internal_subsleeve_mom12_70_30,2021-06-11,1.0084269745961463,-1.2285731736883188
internal_subsleeve_mom12_70_30,2021-06-15,0.9972429562352095,-2.3240034616412775
internal_subsleeve_mom12_70_30,2021-06-16,0.9948991561271755,-2.5535693962087214
internal_subsleeve_mom12_70_30,2021-06-17,0.9922617993832844,-2.811888040202193
internal_subsleeve_mom12_70_30,2021-06-18,0.9884492524681968,-3.1853119054218504
internal_subsleeve_mom12_70_30,2021-06-21,0.9869684089323553,-3.3303546627322267
internal_subsleeve_mom12_70_30,2021-06-22,0.9966930122556293,-2.377868295591623
internal_subsleeve_mom12_70_30,2021-06-23,1.0017799577607625,-1.8796221375781408
internal_subsleeve_mom12_70_30,2021-06-24,1.0065605969950315,-1.4113774652262379
internal_subsleeve_mom12_70_30,2021-06-25,1.0084429368323566,-1.2270097358930587
internal_subsleeve_mom12_70_30,2021-06-28,1.0072125917425705,-1.3475171628741678
internal_subsleeve_mom12_70_30,2021-06-29,0.9983415290635324,-2.2164026055956354
internal_subsleeve_mom12_70_30,2021-06-30,0.9996167981679108,-2.0914950493718276
internal_subsleeve_mom12_70_30,2021-07-01,0.9969413399848095,-2.353545578380023
internal_subsleeve_mom12_70_30,2021-07-02,0.9967174664820008,-2.3754731010049213
internal_subsleeve_mom12_70_30,2021-07-05,0.9989448921549977,-2.157305581279889
internal_subsleeve_mom12_70_30,2021-07-06,1.0048412495241856,-1.5797807380300677
internal_subsleeve_mom12_70_30,2021-07-07,1.0026348064500865,-1.7958930953250296
internal_subsleeve_mom12_70_30,2021-07-08,0.9945965340402229,-2.583210030652716
internal_subsleeve_mom12_70_30,2021-07-09,0.9950335013181599,-2.5404108170204776
internal_subsleeve_mom12_70_30,2021-07-12,0.9944085115706786,-2.60162608660931
internal_subsleeve_mom12_70_30,2021-07-13,0.9958631134692267,-2.459153593703811
internal_subsleeve_mom12_70_30,2021-07-14,0.9926871691860172,-2.7702247533176183
internal_subsleeve_mom12_70_30,2021-07-15,0.9911015396284487,-2.9255308862993656
internal_subsleeve_mom12_70_30,2021-07-16,0.9901702803603616,-3.0167440420075797
internal_subsleeve_mom12_70_30,2021-07-19,0.9873569188995878,-3.2923016506981484
internal_subsleeve_mom12_70_30,2021-07-20,0.9855541827072748,-3.4688725183879
internal_subsleeve_mom12_70_30,2021-07-21,0.985160927414056,-3.507390316301595
internal_subsleeve_mom12_70_30,2021-07-22,0.9897923844511445,-3.053757449111394
internal_subsleeve_mom12_70_30,2021-07-23,0.9878420063003274,-3.2447892616868312
internal_subsleeve_mom12_70_30,2021-07-26,0.97489569597121,-4.512829065813695
internal_subsleeve_mom12_70_30,2021-07-27,0.9659292115127641,-5.39106069377201
internal_subsleeve_mom12_70_30,2021-07-28,0.9636262894921653,-5.61662278163203
internal_subsleeve_mom12_70_30,2021-07-29,0.9640009823163878,-5.579923104012985
internal_subsleeve_mom12_70_30,2021-07-30,0.9641212562399508,-5.56814274971903
internal_subsleeve_mom12_70_30,2021-08-02,0.9732895981218137,-4.670139986885669
internal_subsleeve_mom12_70_30,2021-08-03,0.9776512107109736,-4.242937314260365
internal_subsleeve_mom12_70_30,2021-08-04,0.9769521430307684,-4.3114082238665645
internal_subsleeve_mom12_70_30,2021-08-05,0.9763156159817946,-4.373753526426382
internal_subsleeve_mom12_70_30,2021-08-06,0.9768957112704947,-4.3169354912056646
internal_subsleeve_mom12_70_30,2021-08-09,0.986731369029322,-3.353571782094533
internal_subsleeve_mom12_70_30,2021-08-10,0.9851462472516518,-3.508828180047052
internal_subsleeve_mom12_70_30,2021-08-11,0.9909909279587904,-2.936364861104701
internal_subsleeve_mom12_70_30,2021-08-12,0.990934773667886,-2.9418649514184048
internal_subsleeve_mom12_70_30,2021-08-13,0.9900384979782908,-3.0296516042164434
internal_subsleeve_mom12_70_30,2021-08-16,0.9961047652572038,-2.4354847584833084
internal_subsleeve_mom12_70_30,2021-08-17,0.988170655380794,-3.212599386345749
internal_subsleeve_mom12_70_30,2021-08-18,0.9986620675502768,-2.1850071307758845
internal_subsleeve_mom12_70_30,2021-08-19,1.0009604011354067,-1.9598944619908854
internal_subsleeve_mom12_70_30,2021-08-20,0.9989481387671963,-2.1569875884779433
internal_subsleeve_mom12_70_30,2021-08-23,1.015774535674654,-0.5089086767044781
internal_subsleeve_mom12_70_30,2021-08-24,1.0144338863200726,-0.640219969402489
internal_subsleeve_mom12_70_30,2021-08-25,1.0233113344831162,0.0
internal_subsleeve_mom12_70_30,2021-08-26,1.0217221417349245,-0.15529904679443263
internal_subsleeve_mom12_70_30,2021-08-27,1.0201518174752455,-0.30875422771179384
internal_subsleeve_mom12_70_30,2021-08-30,1.0205322269557189,-0.2715798636981792
internal_subsleeve_mom12_70_30,2021-08-31,1.0297455968251275,0.0
internal_subsleeve_mom12_70_30,2021-09-01,1.0461733119550796,0.0
internal_subsleeve_mom12_70_30,2021-09-02,1.0643706546232505,0.0
internal_subsleeve_mom12_70_30,2021-09-03,1.0781804525381775,0.0
internal_subsleeve_mom12_70_30,2021-09-06,1.088481685636048,0.0
internal_subsleeve_mom12_70_30,2021-09-07,1.0925301595636325,0.0
internal_subsleeve_mom12_70_30,2021-09-08,1.1145480667493537,0.0
internal_subsleeve_mom12_70_30,2021-09-09,1.1269204289264738,0.0
internal_subsleeve_mom12_70_30,2021-09-10,1.110234329986874,-1.480681200845324
internal_subsleeve_mom12_70_30,2021-09-13,1.1324889283962598,0.0
internal_subsleeve_mom12_70_30,2021-09-14,1.1042473567898194,-2.49376138682732
internal_subsleeve_mom12_70_30,2021-09-15,1.1106884675999358,-1.925004320103696
internal_subsleeve_mom12_70_30,2021-09-16,1.0989074180334126,-2.9652837675334
internal_subsleeve_mom12_70_30,2021-09-17,1.1074308654728684,-2.212654119177715
internal_subsleeve_mom12_70_30,2021-09-22,1.1497712994550409,0.0
internal_subsleeve_mom12_70_30,2021-09-23,1.1778237657550727,0.0
internal_subsleeve_mom12_70_30,2021-09-24,1.156033486448697,-1.8500458166936906
internal_subsleeve_mom12_70_30,2021-09-27,1.1225890103651996,-4.6895602717324625
internal_subsleeve_mom12_70_30,2021-09-28,1.1479979123396733,-2.5322849039541073
internal_subsleeve_mom12_70_30,2021-09-29,1.1193583331466832,-4.963852344319852
internal_subsleeve_mom12_70_30,2021-09-30,1.1337971063102643,-3.737966640245549
internal_subsleeve_mom12_70_30,2021-10-08,1.1401601495928728,-3.1977293426453057
internal_subsleeve_mom12_70_30,2021-10-11,1.1387395761278454,-3.318339361421485
internal_subsleeve_mom12_70_30,2021-10-12,1.113427162924553,-5.467422606236583
internal_subsleeve_mom12_70_30,2021-10-13,1.0909103329276242,-7.379154280498879
internal_subsleeve_mom12_70_30,2021-10-14,1.0892018622721007,-7.524207445938124
internal_subsleeve_mom12_70_30,2021-10-15,1.0771431274776788,-8.548022310693494
internal_subsleeve_mom12_70_30,2021-10-18,1.0953985129292112,-6.998097272474446
internal_subsleeve_mom12_70_30,2021-10-19,1.0966595845727765,-6.891029332411547
internal_subsleeve_mom12_70_30,2021-10-20,1.100517313916062,-6.563499063839284
internal_subsleeve_mom12_70_30,2021-10-21,1.0938923141066637,-7.125977084916668
internal_subsleeve_mom12_70_30,2021-10-22,1.080384892334758,-8.272788871588876
internal_subsleeve_mom12_70_30,2021-10-25,1.0859920970154164,-7.796724043922254
internal_subsleeve_mom12_70_30,2021-10-26,1.0848477625504276,-7.893880723746527
internal_subsleeve_mom12_70_30,2021-10-27,1.0805701946661428,-8.257056269074614
internal_subsleeve_mom12_70_30,2021-10-28,1.0694103097758112,-9.204556668947872
internal_subsleeve_mom12_70_30,2021-10-29,1.069650498821748,-9.184164055645262
internal_subsleeve_mom12_70_30,2021-11-01,1.0680805112343947,-9.317459683819884
internal_subsleeve_mom12_70_30,2021-11-02,1.0486898715995412,-10.963770464654122
internal_subsleeve_mom12_70_30,2021-11-03,1.053633198555128,-10.544070412803174
internal_subsleeve_mom12_70_30,2021-11-04,1.053517276299323,-10.553912484187311
internal_subsleeve_mom12_70_30,2021-11-05,1.037876332288869,-11.881865312548424
internal_subsleeve_mom12_70_30,2021-11-08,1.0392976696302343,-11.761190438879698
internal_subsleeve_mom12_70_30,2021-11-09,1.0437151010849872,-11.386140148404278
internal_subsleeve_mom12_70_30,2021-11-10,1.0384576539772528,-11.832509737861841
internal_subsleeve_mom12_70_30,2021-11-11,1.0475643954038172,-11.059326033190509
internal_subsleeve_mom12_70_30,2021-11-12,1.0436148783439338,-11.39464929416677
internal_subsleeve_mom12_70_30,2021-11-15,1.0473808090283845,-11.074912947020099
internal_subsleeve_mom12_70_30,2021-11-16,1.0405328822991777,-11.65631798640787
internal_subsleeve_mom12_70_30,2021-11-17,1.0413202357146556,-11.589469834895738
internal_subsleeve_mom12_70_30,2021-11-18,1.0431575472254881,-11.433477778677148
internal_subsleeve_mom12_70_30,2021-11-19,1.0514344470207868,-10.730749574683696
internal_subsleeve_mom12_70_30,2021-11-22,1.0502864557101488,-10.828216729279783
internal_subsleeve_mom12_70_30,2021-11-23,1.055756250463556,-10.363818326696983
internal_subsleeve_mom12_70_30,2021-11-24,1.0581156022175313,-10.16350382952237
internal_subsleeve_mom12_70_30,2021-11-25,1.0573686885250768,-10.226918553708696
internal_subsleeve_mom12_70_30,2021-11-26,1.0572219437478796,-10.239377529445449
internal_subsleeve_mom12_70_30,2021-11-29,1.054910644910033,-10.435612221344792
internal_subsleeve_mom12_70_30,2021-11-30,1.0558358970615223,-10.357056143738719
internal_subsleeve_mom12_70_30,2021-12-01,1.0716162495945167,-9.017267204866519
internal_subsleeve_mom12_70_30,2021-12-02,1.0717285715075382,-9.007730811028392
internal_subsleeve_mom12_70_30,2021-12-03,1.09348884825465,-7.160232281979617
internal_subsleeve_mom12_70_30,2021-12-06,1.0911291475078202,-7.360576409466047
internal_subsleeve_mom12_70_30,2021-12-07,1.0932254757225508,-7.1825932276284306
internal_subsleeve_mom12_70_30,2021-12-08,1.0981083314278623,-6.768027326745852
internal_subsleeve_mom12_70_30,2021-12-09,1.1051400472373614,-6.171018163410524
internal_subsleeve_mom12_70_30,2021-12-10,1.105585957479206,-6.133159338108363
internal_subsleeve_mom12_70_30,2021-12-13,1.110384201537608,-5.725777164483603
internal_subsleeve_mom12_70_30,2021-12-14,1.107316700517167,-5.986215195165934
internal_subsleeve_mom12_70_30,2021-12-15,1.1237254420395348,-4.5930745573686815
internal_subsleeve_mom12_70_30,2021-12-16,1.1290816974223623,-4.138315913625934
internal_subsleeve_mom12_70_30,2021-12-17,1.1292892844093485,-4.120691291588097
internal_subsleeve_mom12_70_30,2021-12-20,1.1284902561713845,-4.18853066290964
internal_subsleeve_mom12_70_30,2021-12-21,1.1430260266647945,-2.9544096580501833
internal_subsleeve_mom12_70_30,2021-12-22,1.1405327130145255,-3.166097834393833
internal_subsleeve_mom12_70_30,2021-12-23,1.1436522569580128,-2.90124123749137
internal_subsleeve_mom12_70_30,2021-12-24,1.1406175631173288,-3.158893861671408
internal_subsleeve_mom12_70_30,2021-12-27,1.1468904912228892,-2.6263075539448844
internal_subsleeve_mom12_70_30,2021-12-28,1.1443244012920382,-2.844174607188288
internal_subsleeve_mom12_70_30,2021-12-29,1.1442974272192654,-2.8464647692275413
internal_subsleeve_mom12_70_30,2021-12-30,1.1578942582120684,-1.6920619300144657
internal_subsleeve_mom12_70_30,2021-12-31,1.1536442539779452,-2.052897256800268
internal_subsleeve_mom12_70_30,2022-01-04,1.1687956477586363,-0.7665083910621151
internal_subsleeve_mom12_70_30,2022-01-05,1.1647141906935956,-1.1130336679081143
internal_subsleeve_mom12_70_30,2022-01-06,1.166124921201902,-0.9932593392417144
internal_subsleeve_mom12_70_30,2022-01-07,1.16136250960492,-1.3975992528559522
internal_subsleeve_mom12_70_30,2022-01-10,1.162911162459063,-1.2661149935661031
internal_subsleeve_mom12_70_30,2022-01-11,1.1673854067467446,-0.8862411603349107
internal_subsleeve_mom12_70_30,2022-01-12,1.1635622154342145,-1.210839069095837
internal_subsleeve_mom12_70_30,2022-01-13,1.163323171527854,-1.2311344573627925
internal_subsleeve_mom12_70_30,2022-01-14,1.1414870924410792,-3.085068782824152
internal_subsleeve_mom12_70_30,2022-01-17,1.143228468847011,-2.937221842003135
internal_subsleeve_mom12_70_30,2022-01-18,1.1432440085669553,-2.935902483335384
internal_subsleeve_mom12_70_30,2022-01-19,1.1502673915821888,-2.3396007937756536
internal_subsleeve_mom12_70_30,2022-01-20,1.1449834300194017,-2.788221522650114
internal_subsleeve_mom12_70_30,2022-01-21,1.138656811617616,-3.3253662624431746
internal_subsleeve_mom12_70_30,2022-01-24,1.1319579956950026,-3.8941114446495173
internal_subsleeve_mom12_70_30,2022-01-25,1.1044147723502353,-6.2325957022761225
internal_subsleeve_mom12_70_30,2022-01-26,1.1135835964147793,-5.454141036041216
internal_subsleeve_mom12_70_30,2022-01-27,1.1027971992326775,-6.369931453564925
internal_subsleeve_mom12_70_30,2022-01-28,1.1118491857749915,-5.601396566980177
internal_subsleeve_mom12_70_30,2022-02-07,1.1421795919818467,-3.026273947730662
internal_subsleeve_mom12_70_30,2022-02-08,1.175817079328522,-0.1703723837890303
internal_subsleeve_mom12_70_30,2022-02-09,1.171645326268078,-0.5245640024111764
internal_subsleeve_mom12_70_30,2022-02-10,1.1821011599550368,0.0
internal_subsleeve_mom12_70_30,2022-02-11,1.1714863949585321,-0.897957413129391
internal_subsleeve_mom12_70_30,2022-02-14,1.1595974112155178,-1.9037075253673708
internal_subsleeve_mom12_70_30,2022-02-15,1.1568095358757287,-2.1395481990957643
internal_subsleeve_mom12_70_30,2022-02-16,1.1714856222388503,-0.8980227814504693
internal_subsleeve_mom12_70_30,2022-02-17,1.16848168266051,-1.152141437289922
internal_subsleeve_mom12_70_30,2022-02-18,1.1836934472553442,0.0
internal_subsleeve_mom12_70_30,2022-02-21,1.1832480304085877,-0.037629408846462375
internal_subsleeve_mom12_70_30,2022-02-22,1.171734703811705,-1.010290584219098
internal_subsleeve_mom12_70_30,2022-02-23,1.166198431559396,-1.478002242600418
internal_subsleeve_mom12_70_30,2022-02-24,1.1490452376335696,-2.927126926495549
internal_subsleeve_mom12_70_30,2022-02-25,1.165392182989845,-1.5461151962896102
internal_subsleeve_mom12_70_30,2022-02-28,1.1686197907037024,-1.2734425950057804
internal_subsleeve_mom12_70_30,2022-03-01,1.1776664433266857,-0.5091693244254625
internal_subsleeve_mom12_70_30,2022-03-02,1.1923202547830285,0.0
internal_subsleeve_mom12_70_30,2022-03-03,1.2255161282332743,0.0
internal_subsleeve_mom12_70_30,2022-03-04,1.2014616583142432,-1.962803211224029
internal_subsleeve_mom12_70_30,2022-03-07,1.1862945164899708,-3.200415795412348
internal_subsleeve_mom12_70_30,2022-03-08,1.1540288523192073,-5.833238279542218
internal_subsleeve_mom12_70_30,2022-03-09,1.1483663775234942,-6.295286445638249
internal_subsleeve_mom12_70_30,2022-03-10,1.161043405383334,-5.260862861338689
internal_subsleeve_mom12_70_30,2022-03-11,1.1679865963520581,-4.694310466901131
internal_subsleeve_mom12_70_30,2022-03-14,1.1427917943275414,-6.750162808953785
internal_subsleeve_mom12_70_30,2022-03-15,1.0859263563461166,-11.390284360303992
internal_subsleeve_mom12_70_30,2022-03-16,1.114172987601357,-9.085408022530995
internal_subsleeve_mom12_70_30,2022-03-17,1.1154545688896398,-8.980833202277083
internal_subsleeve_mom12_70_30,2022-03-18,1.139973323499866,-6.9801451619187045
internal_subsleeve_mom12_70_30,2022-03-21,1.1391049894753884,-7.0509997189884155
internal_subsleeve_mom12_70_30,2022-03-22,1.1498491439273506,-6.17429526733414
internal_subsleeve_mom12_70_30,2022-03-23,1.1424285882541019,-6.779799797408859
internal_subsleeve_mom12_70_30,2022-03-24,1.133592713465703,-7.500791923488581
internal_subsleeve_mom12_70_30,2022-03-25,1.1419225947834823,-6.821087990926877
internal_subsleeve_mom12_70_30,2022-03-28,1.1532165550821056,-5.899520331519181
internal_subsleeve_mom12_70_30,2022-03-29,1.1519431950495256,-6.003424311503169
internal_subsleeve_mom12_70_30,2022-03-30,1.156535176728103,-5.6287265353753835
internal_subsleeve_mom12_70_30,2022-03-31,1.1773528329660836,-3.930041731610967
internal_subsleeve_mom12_70_30,2022-04-01,1.1912559427875984,-2.795571976279576
internal_subsleeve_mom12_70_30,2022-04-06,1.2030974355247337,-1.829326615297977
internal_subsleeve_mom12_70_30,2022-04-07,1.1943033295410646,-2.546910479032749
internal_subsleeve_mom12_70_30,2022-04-08,1.2049628209669458,-1.6771143841214475
internal_subsleeve_mom12_70_30,2022-04-11,1.194370541231998,-2.541426121105095
internal_subsleeve_mom12_70_30,2022-04-12,1.2105949493472807,-1.2175424331219653
internal_subsleeve_mom12_70_30,2022-04-13,1.2094592157291466,-1.310216335322778
internal_subsleeve_mom12_70_30,2022-04-14,1.2020863253771075,-1.9118314574891548
internal_subsleeve_mom12_70_30,2022-04-15,1.1949647542800315,-2.492939362396329
internal_subsleeve_mom12_70_30,2022-04-18,1.1915619189470417,-2.770604849989333
internal_subsleeve_mom12_70_30,2022-04-19,1.1998666244805565,-2.0929552179533184
internal_subsleeve_mom12_70_30,2022-04-20,1.1875977830465798,-3.0940714947063297
internal_subsleeve_mom12_70_30,2022-04-21,1.161726144181671,-5.205152554260051
internal_subsleeve_mom12_70_30,2022-04-22,1.1854612192798948,-3.2684114089239547
internal_subsleeve_mom12_70_30,2022-04-25,1.14282304886275,-6.747612492847077
internal_subsleeve_mom12_70_30,2022-04-26,1.1262768800118526,-8.097751301281264
internal_subsleeve_mom12_70_30,2022-04-27,1.1407844698242482,-6.913957022432394
internal_subsleeve_mom12_70_30,2022-04-28,1.1441492201001215,-6.639399209739716
internal_subsleeve_mom12_70_30,2022-04-29,1.1579078126483056,-5.516721814378245
internal_subsleeve_mom12_70_30,2022-05-05,1.1731895906252616,-4.269755118069929
internal_subsleeve_mom12_70_30,2022-05-06,1.1562466428116136,-5.6522704047576084
internal_subsleeve_mom12_70_30,2022-05-09,1.1624282981182352,-5.147858005425643
internal_subsleeve_mom12_70_30,2022-05-10,1.1723214226880758,-4.340596122703411
internal_subsleeve_mom12_70_30,2022-05-11,1.1653846022753702,-4.906628690769721
internal_subsleeve_mom12_70_30,2022-05-12,1.1682555635132121,-4.672363210968911
internal_subsleeve_mom12_70_30,2022-05-13,1.1823599874139605,-3.5214665743753537
internal_subsleeve_mom12_70_30,2022-05-16,1.1834169180343084,-3.4352228607270052
internal_subsleeve_mom12_70_30,2022-05-17,1.1761943524746945,-4.0245717393930125
internal_subsleeve_mom12_70_30,2022-05-18,1.1730074960161672,-4.284613723754449
internal_subsleeve_mom12_70_30,2022-05-19,1.1755849130086842,-4.074300947517662
internal_subsleeve_mom12_70_30,2022-05-20,1.1831396243112071,-3.45784954973688
internal_subsleeve_mom12_70_30,2022-05-23,1.1844474944063672,-3.351129608233905
internal_subsleeve_mom12_70_30,2022-05-24,1.1671745416096262,-4.76057273173176
internal_subsleeve_mom12_70_30,2022-05-25,1.1995917776965286,-2.1153822409598733
internal_subsleeve_mom12_70_30,2022-05-26,1.205318539490599,-1.6480883668004043
internal_subsleeve_mom12_70_30,2022-05-27,1.2055357258067312,-1.630366338413447
internal_subsleeve_mom12_70_30,2022-05-30,1.2077531108780122,-1.4494315452926454
internal_subsleeve_mom12_70_30,2022-05-31,1.213733880393884,-0.9614110796220876
internal_subsleeve_mom12_70_30,2022-06-01,1.2136584109091726,-0.9675692592635232
internal_subsleeve_mom12_70_30,2022-06-02,1.208754309781348,-1.3677354435221
internal_subsleeve_mom12_70_30,2022-06-06,1.2086808837570377,-1.3737268803231895
internal_subsleeve_mom12_70_30,2022-06-07,1.221139669294015,-0.3571114927364061
internal_subsleeve_mom12_70_30,2022-06-08,1.2227905016709677,-0.2224064212223653
internal_subsleeve_mom12_70_30,2022-06-09,1.2254036555037446,-0.009177580526154028
internal_subsleeve_mom12_70_30,2022-06-10,1.2338693555374476,0.0
internal_subsleeve_mom12_70_30,2022-06-13,1.2213727780210442,-1.012795841011882
internal_subsleeve_mom12_70_30,2022-06-14,1.236800622264757,0.0
internal_subsleeve_mom12_70_30,2022-06-15,1.2327058550569248,-0.3310773890406127
internal_subsleeve_mom12_70_30,2022-06-16,1.2172368548678363,-1.5818044594040237
internal_subsleeve_mom12_70_30,2022-06-17,1.2157625118340538,-1.7010106602452502
internal_subsleeve_mom12_70_30,2022-06-20,1.2118404046465103,-2.018127834746797
internal_subsleeve_mom12_70_30,2022-06-21,1.2157986645641456,-1.6980875755183367
internal_subsleeve_mom12_70_30,2022-06-22,1.2053935411063708,-2.5393810928778016
internal_subsleeve_mom12_70_30,2022-06-23,1.2112007047840676,-2.0698499838892603
internal_subsleeve_mom12_70_30,2022-06-24,1.207521122002709,-2.3673581444706215
internal_subsleeve_mom12_70_30,2022-06-27,1.2069548848757734,-2.4131405540799067
internal_subsleeve_mom12_70_30,2022-06-28,1.2144919856072396,-1.8037375027081692
internal_subsleeve_mom12_70_30,2022-06-29,1.2107877256133324,-2.1032409090958604
internal_subsleeve_mom12_70_30,2022-06-30,1.2132139529246049,-1.9070712704656878
internal_subsleeve_mom12_70_30,2022-07-01,1.217424115659333,-1.5666637173858078
internal_subsleeve_mom12_70_30,2022-07-04,1.2281485726414743,-0.6995508788991023
internal_subsleeve_mom12_70_30,2022-07-05,1.2349363031722715,-0.1507372375889937
internal_subsleeve_mom12_70_30,2022-07-06,1.2372645487800493,0.0
internal_subsleeve_mom12_70_30,2022-07-07,1.2478988548455225,0.0
internal_subsleeve_mom12_70_30,2022-07-08,1.2593127679917788,0.0
internal_subsleeve_mom12_70_30,2022-07-11,1.273335103975863,0.0
internal_subsleeve_mom12_70_30,2022-07-12,1.294918781416959,0.0
internal_subsleeve_mom12_70_30,2022-07-13,1.3228555468273202,0.0
internal_subsleeve_mom12_70_30,2022-07-14,1.2950722181197438,-2.100254164123261
internal_subsleeve_mom12_70_30,2022-07-15,1.2859284255105952,-2.7914704220947995
internal_subsleeve_mom12_70_30,2022-07-18,1.3172606121250092,-0.42294373831894827
internal_subsleeve_mom12_70_30,2022-07-19,1.3153933605851647,-0.564096832798755
internal_subsleeve_mom12_70_30,2022-07-20,1.3136342279487871,-0.6970767821663615
internal_subsleeve_mom12_70_30,2022-07-21,1.2985508662079916,-1.8372890885644977
internal_subsleeve_mom12_70_30,2022-07-22,1.3084023437789911,-1.0925760626693592
internal_subsleeve_mom12_70_30,2022-07-25,1.3028860546210064,-1.5095746662746157
internal_subsleeve_mom12_70_30,2022-07-26,1.2951590795230365,-2.0936879594079416
internal_subsleeve_mom12_70_30,2022-07-27,1.2906512403508918,-2.4344537507262842
internal_subsleeve_mom12_70_30,2022-07-28,1.2909017017995192,-2.415520357036538
internal_subsleeve_mom12_70_30,2022-07-29,1.2854167123040132,-2.8301528925889663
internal_subsleeve_mom12_70_30,2022-08-01,1.2790467625439808,-3.3116831530403013
internal_subsleeve_mom12_70_30,2022-08-02,1.23862121234623,-6.367613960807306
internal_subsleeve_mom12_70_30,2022-08-03,1.2169457226223066,-8.006151877960011
internal_subsleeve_mom12_70_30,2022-08-04,1.2214090071923707,-7.668754149177859
internal_subsleeve_mom12_70_30,2022-08-05,1.2285985521699716,-7.125267372043043
internal_subsleeve_mom12_70_30,2022-08-08,1.2273813810847136,-7.217278256238013
internal_subsleeve_mom12_70_30,2022-08-09,1.2202028369648334,-7.759933434053668
internal_subsleeve_mom12_70_30,2022-08-10,1.2124590093587655,-8.345320676420421
internal_subsleeve_mom12_70_30,2022-08-11,1.2301311751253217,-7.009410205398825
internal_subsleeve_mom12_70_30,2022-08-12,1.2372665480769456,-6.4700185107623875
internal_subsleeve_mom12_70_30,2022-08-15,1.240006004920893,-6.262931890419177
internal_subsleeve_mom12_70_30,2022-08-16,1.2439949083041035,-5.961394553800881
internal_subsleeve_mom12_70_30,2022-08-17,1.2496527984489612,-5.533691759007652
internal_subsleeve_mom12_70_30,2022-08-18,1.2376213529186972,-6.4431973780542435
internal_subsleeve_mom12_70_30,2022-08-19,1.24534012776744,-5.859703974919239
internal_subsleeve_mom12_70_30,2022-08-22,1.2454323630927264,-5.852731533709954
internal_subsleeve_mom12_70_30,2022-08-23,1.2548755962279483,-5.138879355528436
internal_subsleeve_mom12_70_30,2022-08-24,1.2411825243351362,-6.1739940304188945
internal_subsleeve_mom12_70_30,2022-08-25,1.2612190220869182,-4.659354144012806
internal_subsleeve_mom12_70_30,2022-08-26,1.2617294693429093,-4.620767371842904
internal_subsleeve_mom12_70_30,2022-08-29,1.2623269405549924,-4.575602106934273
internal_subsleeve_mom12_70_30,2022-08-30,1.2604910434753958,-4.714384990976283
internal_subsleeve_mom12_70_30,2022-08-31,1.2535632525457052,-5.238084721177804
internal_subsleeve_mom12_70_30,2022-09-01,1.2567347741641204,-4.9983365773973665
internal_subsleeve_mom12_70_30,2022-09-02,1.26212753755985,-4.5906757856606255
internal_subsleeve_mom12_70_30,2022-09-05,1.2834682119246756,-2.9774479153910183
internal_subsleeve_mom12_70_30,2022-09-06,1.2940414829404743,-2.1781716042958976
internal_subsleeve_mom12_70_30,2022-09-07,1.2971061592843742,-1.9465003268650305
internal_subsleeve_mom12_70_30,2022-09-08,1.3140498547504638,-0.6656578715624417
internal_subsleeve_mom12_70_30,2022-09-09,1.3253775515264903,0.0
internal_subsleeve_mom12_70_30,2022-09-13,1.3227786461909616,-0.19608792472268766
internal_subsleeve_mom12_70_30,2022-09-14,1.3094276676718937,-1.203421910702085
internal_subsleeve_mom12_70_30,2022-09-15,1.2985847262665562,-2.021523997375374
internal_subsleeve_mom12_70_30,2022-09-16,1.2594547287543663,-4.973890096161515
internal_subsleeve_mom12_70_30,2022-09-19,1.2585249651163053,-5.044040947667194
internal_subsleeve_mom12_70_30,2022-09-20,1.2586961019097251,-5.031128642549099
internal_subsleeve_mom12_70_30,2022-09-21,1.2749717754638306,-3.8031258341900687
internal_subsleeve_mom12_70_30,2022-09-22,1.26839279863232,-4.29951094528036
internal_subsleeve_mom12_70_30,2022-09-23,1.2587456739630083,-5.027388421264522
internal_subsleeve_mom12_70_30,2022-09-26,1.2310824221773902,-7.114586273209222
internal_subsleeve_mom12_70_30,2022-09-27,1.23877297024849,-6.534332890899986
internal_subsleeve_mom12_70_30,2022-09-28,1.2217108570516246,-7.821672726799134
internal_subsleeve_mom12_70_30,2022-09-29,1.212251479340212,-8.535384657449985
internal_subsleeve_mom12_70_30,2022-09-30,1.2120522579012167,-8.550415954665313
internal_subsleeve_mom12_70_30,2022-10-10,1.214569273778041,-8.36050660589709
internal_subsleeve_mom12_70_30,2022-10-11,1.221614035929117,-7.828977899758804
internal_subsleeve_mom12_70_30,2022-10-12,1.2279665923580787,-7.349676253096293
internal_subsleeve_mom12_70_30,2022-10-13,1.223923611467326,-7.6547199658177245
internal_subsleeve_mom12_70_30,2022-10-14,1.2310951261693277,-7.11362775448956
internal_subsleeve_mom12_70_30,2022-10-17,1.2360376090129277,-6.740716440433614
internal_subsleeve_mom12_70_30,2022-10-18,1.2399970796413826,-6.441973593620287
internal_subsleeve_mom12_70_30,2022-10-19,1.2426193020493514,-6.2441263911421245
internal_subsleeve_mom12_70_30,2022-10-20,1.2340678059297756,-6.889338475029216
internal_subsleeve_mom12_70_30,2022-10-21,1.2361525996777412,-6.732040371891401
internal_subsleeve_mom12_70_30,2022-10-24,1.2163479904705945,-8.226302077496495
internal_subsleeve_mom12_70_30,2022-10-25,1.2191865790181928,-8.012130006728501
internal_subsleeve_mom12_70_30,2022-10-26,1.2186058389699808,-8.055946958927763
internal_subsleeve_mom12_70_30,2022-10-27,1.2151429255646509,-8.317224464446205
internal_subsleeve_mom12_70_30,2022-10-28,1.1916301051641456,-10.091271442488402
internal_subsleeve_mom12_70_30,2022-10-31,1.1873000551792745,-10.417974575485033
internal_subsleeve_mom12_70_30,2022-11-01,1.1993292437051055,-9.5103699075188
internal_subsleeve_mom12_70_30,2022-11-02,1.2047334147316935,-9.102624128184921
internal_subsleeve_mom12_70_30,2022-11-03,1.202885366127874,-9.242059763086917
internal_subsleeve_mom12_70_30,2022-11-04,1.2173370500139316,-8.15167733813842
internal_subsleeve_mom12_70_30,2022-11-07,1.2192093929421304,-8.010408691627669
internal_subsleeve_mom12_70_30,2022-11-08,1.216663948366496,-8.202462991378145
internal_subsleeve_mom12_70_30,2022-11-09,1.2188127688026869,-8.040334061873045
internal_subsleeve_mom12_70_30,2022-11-10,1.2263262391549274,-7.473441228688493
internal_subsleeve_mom12_70_30,2022-11-11,1.2350305571883926,-6.816698700988367
internal_subsleeve_mom12_70_30,2022-11-14,1.2341772443400592,-6.881081325196137
internal_subsleeve_mom12_70_30,2022-11-15,1.2384197103218981,-6.5609864226566454
internal_subsleeve_mom12_70_30,2022-11-16,1.2377198575548318,-6.613790453195745
internal_subsleeve_mom12_70_30,2022-11-17,1.2359241455260588,-6.749277283096012
internal_subsleeve_mom12_70_30,2022-11-18,1.2320563285812287,-7.041104841241641
internal_subsleeve_mom12_70_30,2022-11-21,1.2266347656349612,-7.4501628443761625
internal_subsleeve_mom12_70_30,2022-11-22,1.2412053144850435,-6.350812034239017
internal_subsleeve_mom12_70_30,2022-11-23,1.2552993212512622,-5.287416419156655
internal_subsleeve_mom12_70_30,2022-11-24,1.2563211785469712,-5.210317082855676
internal_subsleeve_mom12_70_30,2022-11-25,1.2730780939675437,-3.9460044799092375
internal_subsleeve_mom12_70_30,2022-11-28,1.2725761664578545,-3.983875010394
internal_subsleeve_mom12_70_30,2022-11-29,1.279433548585564,-3.46648416430555
internal_subsleeve_mom12_70_30,2022-11-30,1.2790289384336384,-3.497012080781836
internal_subsleeve_mom12_70_30,2022-12-01,1.2710397317587152,-4.0997993141797195
internal_subsleeve_mom12_70_30,2022-12-02,1.2668985586897026,-4.412251646290155
internal_subsleeve_mom12_70_30,2022-12-05,1.2927858983094516,-2.459046720649649
internal_subsleeve_mom12_70_30,2022-12-06,1.2858583430219515,-2.981732145608096
internal_subsleeve_mom12_70_30,2022-12-07,1.2864961305090548,-2.933610952792598
internal_subsleeve_mom12_70_30,2022-12-08,1.2917225868716153,-2.5392737802230947
internal_subsleeve_mom12_70_30,2022-12-09,1.279671420608829,-3.4485366728159494
internal_subsleeve_mom12_70_30,2022-12-12,1.2642499916700571,-4.612086554961648
internal_subsleeve_mom12_70_30,2022-12-13,1.2817095255232023,-3.2947612514633184
internal_subsleeve_mom12_70_30,2022-12-14,1.2722642118256076,-4.0074120494729915
internal_subsleeve_mom12_70_30,2022-12-15,1.2622454548991562,-4.7633292532095695
internal_subsleeve_mom12_70_30,2022-12-16,1.2757729659065853,-3.742675855855071
internal_subsleeve_mom12_70_30,2022-12-19,1.255079310859879,-5.304016246966459
internal_subsleeve_mom12_70_30,2022-12-20,1.2484055531417155,-5.80755259481519
internal_subsleeve_mom12_70_30,2022-12-21,1.2545699412785425,-5.342448283237921
internal_subsleeve_mom12_70_30,2022-12-22,1.2452555330736348,-6.045222235775438
internal_subsleeve_mom12_70_30,2022-12-23,1.2418033072313306,-6.305693362536879
internal_subsleeve_mom12_70_30,2022-12-26,1.245168562846148,-6.051784156745555
internal_subsleeve_mom12_70_30,2022-12-27,1.2618603769938792,-4.792383457789507
internal_subsleeve_mom12_70_30,2022-12-28,1.261252909042121,-4.8382170356299214
internal_subsleeve_mom12_70_30,2022-12-29,1.2522006482651258,-5.521211912566626
internal_subsleeve_mom12_70_30,2022-12-30,1.2684327753307052,-4.296494695432218
internal_subsleeve_mom12_70_30,2023-01-03,1.270797260393157,-4.118093826960556
internal_subsleeve_mom12_70_30,2023-01-04,1.2771104779316897,-3.64176030740897
internal_subsleeve_mom12_70_30,2023-01-05,1.2792803351698596,-3.47804414700843
internal_subsleeve_mom12_70_30,2023-01-06,1.278873328308819,-3.50875289566438
internal_subsleeve_mom12_70_30,2023-01-09,1.2787174269916024,-3.5205156810712235
internal_subsleeve_mom12_70_30,2023-01-10,1.2692531656239265,-4.2345960845589286
internal_subsleeve_mom12_70_30,2023-01-11,1.2681186377145797,-4.320196441079238
internal_subsleeve_mom12_70_30,2023-01-12,1.2667041280056561,-4.426921480091284
internal_subsleeve_mom12_70_30,2023-01-13,1.274572224514367,-3.8332720328338787
internal_subsleeve_mom12_70_30,2023-01-16,1.2804244000907177,-3.3917242210718235
internal_subsleeve_mom12_70_30,2023-01-17,1.2817257664831483,-3.2935358678035875
internal_subsleeve_mom12_70_30,2023-01-18,1.2839697374996384,-3.1242278080808594
internal_subsleeve_mom12_70_30,2023-01-19,1.2874483482306016,-2.8617659362197623
internal_subsleeve_mom12_70_30,2023-01-20,1.2945633808894663,-2.3249353062856692
internal_subsleeve_mom12_70_30,2023-01-30,1.2973143210933324,-2.117376320493458
internal_subsleeve_mom12_70_30,2023-01-31,1.299446988938526,-1.9564661071932998
internal_subsleeve_mom12_70_30,2023-02-01,1.303600178902158,-1.643107097992591
internal_subsleeve_mom12_70_30,2023-02-02,1.2994821642110652,-1.9538121258806829
internal_subsleeve_mom12_70_30,2023-02-03,1.2938961657935912,-2.3752768180388073
internal_subsleeve_mom12_70_30,2023-02-06,1.294398701315885,-2.337360412882017
internal_subsleeve_mom12_70_30,2023-02-07,1.3003696969762164,-1.8868476021395852
internal_subsleeve_mom12_70_30,2023-02-08,1.2929797204054663,-2.444422804936608
internal_subsleeve_mom12_70_30,2023-02-09,1.2967345692295076,-2.161118713984056
internal_subsleeve_mom12_70_30,2023-02-10,1.299159492053319,-1.9781578043912784
internal_subsleeve_mom12_70_30,2023-02-13,1.3007264847393039,-1.8599278944173125
internal_subsleeve_mom12_70_30,2023-02-14,1.3003763799745385,-1.8863433685863296
internal_subsleeve_mom12_70_30,2023-02-15,1.2930518115179437,-2.438983516154758
internal_subsleeve_mom12_70_30,2023-02-16,1.279450436373205,-3.4652099773675116
internal_subsleeve_mom12_70_30,2023-02-17,1.2781168971365857,-3.5658257781318703
internal_subsleeve_mom12_70_30,2023-02-20,1.2927190484952233,-2.464090552435627
internal_subsleeve_mom12_70_30,2023-02-21,1.29903306307782,-1.9876968957508234
internal_subsleeve_mom12_70_30,2023-02-22,1.2968359979187551,-2.1534658991970046
internal_subsleeve_mom12_70_30,2023-02-23,1.2976829913591788,-2.0895600755735266
internal_subsleeve_mom12_70_30,2023-02-24,1.2942803193880401,-2.3462923528947854
internal_subsleeve_mom12_70_30,2023-02-27,1.2927584213685182,-2.461119861310712
internal_subsleeve_mom12_70_30,2023-02-28,1.3010166304926214,-1.8380363395933075
internal_subsleeve_mom12_70_30,2023-03-01,1.3088628992309106,-1.2460338019577244
internal_subsleeve_mom12_70_30,2023-03-02,1.3216115781025537,-0.28414344422833526
internal_subsleeve_mom12_70_30,2023-03-03,1.3355368196213784,0.0
internal_subsleeve_mom12_70_30,2023-03-06,1.3361939955481372,0.0
internal_subsleeve_mom12_70_30,2023-03-07,1.3335881323212568,-0.19502132441565623
internal_subsleeve_mom12_70_30,2023-03-08,1.341467145102131,0.0
internal_subsleeve_mom12_70_30,2023-03-09,1.3416371658028654,0.0
internal_subsleeve_mom12_70_30,2023-03-10,1.3269430040133168,-1.095241110196532
internal_subsleeve_mom12_70_30,2023-03-13,1.3383183344759213,-0.24737174934760242
internal_subsleeve_mom12_70_30,2023-03-14,1.3342907414601162,-0.5475716184675683
internal_subsleeve_mom12_70_30,2023-03-15,1.3565119280174411,0.0
internal_subsleeve_mom12_70_30,2023-03-16,1.3521474049599826,-0.3217460139725681
internal_subsleeve_mom12_70_30,2023-03-17,1.3602912392987407,0.0
internal_subsleeve_mom12_70_30,2023-03-20,1.3524639402986904,-0.5754134683750078
internal_subsleeve_mom12_70_30,2023-03-21,1.344366813212388,-1.1706629893876275
internal_subsleeve_mom12_70_30,2023-03-22,1.350061194518031,-0.7520481265455792
internal_subsleeve_mom12_70_30,2023-03-23,1.347110555201175,-0.9689604488198111
internal_subsleeve_mom12_70_30,2023-03-24,1.3339071220846328,-1.9395932614922562
internal_subsleeve_mom12_70_30,2023-03-27,1.318826854686503,-3.048199048434186
internal_subsleeve_mom12_70_30,2023-03-28,1.317777549586132,-3.1253373163327547
internal_subsleeve_mom12_70_30,2023-03-29,1.3116532365017892,-3.575558041675353
internal_subsleeve_mom12_70_30,2023-03-30,1.3145707518232943,-3.3610807858335034
internal_subsleeve_mom12_70_30,2023-03-31,1.3209505627377733,-2.8920774775590186
internal_subsleeve_mom12_70_30,2023-04-03,1.3225131619048138,-2.7772050795094705
internal_subsleeve_mom12_70_30,2023-04-04,1.335690303289385,-1.8085050685203274
internal_subsleeve_mom12_70_30,2023-04-06,1.3306414371783506,-2.1796657409684728
internal_subsleeve_mom12_70_30,2023-04-07,1.3292499867704801,-2.2819563657752506
internal_subsleeve_mom12_70_30,2023-04-10,1.326648416979658,-2.473207306431402
internal_subsleeve_mom12_70_30,2023-04-11,1.3276558147923296,-2.3991497970122455
internal_subsleeve_mom12_70_30,2023-04-12,1.3454863454250678,-1.08836206879529
internal_subsleeve_mom12_70_30,2023-04-13,1.3544265077901219,-0.43113793128906064
internal_subsleeve_mom12_70_30,2023-04-14,1.3554145593011173,-0.358502639488989
internal_subsleeve_mom12_70_30,2023-04-17,1.3737106924956652,0.0
internal_subsleeve_mom12_70_30,2023-04-18,1.3741578155546628,0.0
internal_subsleeve_mom12_70_30,2023-04-19,1.3777522443718933,0.0
internal_subsleeve_mom12_70_30,2023-04-20,1.3788163536536913,0.0
internal_subsleeve_mom12_70_30,2023-04-21,1.3672845385058894,-0.8363561338131764
internal_subsleeve_mom12_70_30,2023-04-24,1.3690925277090062,-0.7052299545851848
internal_subsleeve_mom12_70_30,2023-04-25,1.3762827998364593,-0.18374846008450962
internal_subsleeve_mom12_70_30,2023-04-26,1.3809691694932438,0.0
internal_subsleeve_mom12_70_30,2023-04-27,1.389550860068929,0.0
internal_subsleeve_mom12_70_30,2023-04-28,1.4131432342135946,0.0
internal_subsleeve_mom12_70_30,2023-05-04,1.4762537344025832,0.0
internal_subsleeve_mom12_70_30,2023-05-05,1.483774801500943,0.0
internal_subsleeve_mom12_70_30,2023-05-08,1.5341601275635801,0.0
internal_subsleeve_mom12_70_30,2023-05-09,1.5093881340173803,-1.6146941314099106
internal_subsleeve_mom12_70_30,2023-05-10,1.4757963295326206,-3.8042833327735948
internal_subsleeve_mom12_70_30,2023-05-11,1.4763219108469754,-3.7700247632206696
internal_subsleeve_mom12_70_30,2023-05-12,1.478527038388984,-3.626289601395638
internal_subsleeve_mom12_70_30,2023-05-15,1.4835014113628264,-3.302048807721625
internal_subsleeve_mom12_70_30,2023-05-16,1.4752629667918287,-3.8390491131643945
internal_subsleeve_mom12_70_30,2023-05-17,1.464886825377573,-4.515389296163031
internal_subsleeve_mom12_70_30,2023-05-18,1.4691453366764384,-4.237809972964978
internal_subsleeve_mom12_70_30,2023-05-19,1.449366326562286,-5.527050239270414
internal_subsleeve_mom12_70_30,2023-05-22,1.4499229067405015,-5.490771094204938
internal_subsleeve_mom12_70_30,2023-05-23,1.4248586005866086,-7.1245188173776
internal_subsleeve_mom12_70_30,2023-05-24,1.4019217793834933,-8.619592297063294
internal_subsleeve_mom12_70_30,2023-05-25,1.4097198015973562,-8.111299709232389
internal_subsleeve_mom12_70_30,2023-05-26,1.4267116242902693,-7.003734573909903
internal_subsleeve_mom12_70_30,2023-05-29,1.455773418178177,-5.109421629272171
internal_subsleeve_mom12_70_30,2023-05-30,1.4581698658627147,-4.953215791206
internal_subsleeve_mom12_70_30,2023-05-31,1.4443737668226595,-5.8524764871520585
internal_subsleeve_mom12_70_30,2023-06-01,1.432214070957616,-6.645072751816716
internal_subsleeve_mom12_70_30,2023-06-02,1.4282311045232685,-6.904691442381495
internal_subsleeve_mom12_70_30,2023-06-05,1.438210067866156,-6.254240217401796
internal_subsleeve_mom12_70_30,2023-06-06,1.4220040705623056,-7.31058349035515
internal_subsleeve_mom12_70_30,2023-06-07,1.4460327990409232,-5.744337044048531
internal_subsleeve_mom12_70_30,2023-06-08,1.4619728395081384,-4.705329434554095
internal_subsleeve_mom12_70_30,2023-06-09,1.452230563199997,-5.340352867447839
internal_subsleeve_mom12_70_30,2023-06-12,1.4367720359787648,-6.347974362981168
internal_subsleeve_mom12_70_30,2023-06-13,1.4331133584769231,-6.586455173172223
internal_subsleeve_mom12_70_30,2023-06-14,1.4151232039173571,-7.759093819969564
internal_subsleeve_mom12_70_30,2023-06-15,1.412432078160982,-7.934507436059879
internal_subsleeve_mom12_70_30,2023-06-16,1.4131417307735605,-7.888250686205122
internal_subsleeve_mom12_70_30,2023-06-19,1.4018899930858002,-8.621664199280154
internal_subsleeve_mom12_70_30,2023-06-20,1.3886617821067075,-9.483908676986697
internal_subsleeve_mom12_70_30,2023-06-21,1.3893439892760926,-9.439440882710981
internal_subsleeve_mom12_70_30,2023-06-26,1.3842956373657704,-9.768503789484573
internal_subsleeve_mom12_70_30,2023-06-27,1.409239113057167,-8.142632067019084
internal_subsleeve_mom12_70_30,2023-06-28,1.4253804070104281,-7.090506303661181
internal_subsleeve_mom12_70_30,2023-06-29,1.4174918756852142,-7.604698478485972
internal_subsleeve_mom12_70_30,2023-06-30,1.4211950742636372,-7.363315684611371
internal_subsleeve_mom12_70_30,2023-07-03,1.4331922839434663,-6.581310634142357
internal_subsleeve_mom12_70_30,2023-07-04,1.422895027257799,-7.252508933502444
internal_subsleeve_mom12_70_30,2023-07-05,1.4182250973921522,-7.556905442168271
internal_subsleeve_mom12_70_30,2023-07-06,1.4155518895746957,-7.731151126789337
internal_subsleeve_mom12_70_30,2023-07-07,1.426239466444581,-7.034510881884892
internal_subsleeve_mom12_70_30,2023-07-10,1.4332327146035266,-6.578675272987155
internal_subsleeve_mom12_70_30,2023-07-11,1.430971720960028,-6.726051912679221
internal_subsleeve_mom12_70_30,2023-07-12,1.4193083191832025,-7.486298614915466
internal_subsleeve_mom12_70_30,2023-07-13,1.4353733407604665,-6.439144456191692
internal_subsleeve_mom12_70_30,2023-07-14,1.4322891963717201,-6.640175908732715
internal_subsleeve_mom12_70_30,2023-07-17,1.432805825116498,-6.606500887755717
internal_subsleeve_mom12_70_30,2023-07-18,1.4369688976041939,-6.335142480448697
internal_subsleeve_mom12_70_30,2023-07-19,1.4422695107210384,-5.9896366221219965
internal_subsleeve_mom12_70_30,2023-07-20,1.4270615242564617,-6.980927308885487
internal_subsleeve_mom12_70_30,2023-07-21,1.434830189878412,-6.474548249596046
internal_subsleeve_mom12_70_30,2023-07-24,1.449731351622819,-5.50325708665389
internal_subsleeve_mom12_70_30,2023-07-25,1.4492674819674032,-5.533493151786972
internal_subsleeve_mom12_70_30,2023-07-26,1.4530368238292002,-5.287798990266612
internal_subsleeve_mom12_70_30,2023-07-27,1.4561158323537382,-5.0871023048803305
internal_subsleeve_mom12_70_30,2023-07-28,1.4772684021753304,-3.7083303343700025
internal_subsleeve_mom12_70_30,2023-07-31,1.4897573382718525,-2.894273452553109
internal_subsleeve_mom12_70_30,2023-08-01,1.4968877940311072,-2.4294943443528005
internal_subsleeve_mom12_70_30,2023-08-02,1.4813420991255664,-3.442797625166727
internal_subsleeve_mom12_70_30,2023-08-03,1.4857102172788168,-3.1580738812256315
internal_subsleeve_mom12_70_30,2023-08-04,1.4782394483429513,-3.645035365991245
internal_subsleeve_mom12_70_30,2023-08-07,1.465278711641353,-4.489845270038306
internal_subsleeve_mom12_70_30,2023-08-08,1.4658580111645965,-4.452085227078295
internal_subsleeve_mom12_70_30,2023-08-09,1.456034037035001,-5.092433907316596
internal_subsleeve_mom12_70_30,2023-08-10,1.4724285635319276,-4.023801878470746
internal_subsleeve_mom12_70_30,2023-08-11,1.4468304471291724,-5.692344551614514
internal_subsleeve_mom12_70_30,2023-08-14,1.4518000740850823,-5.368413114040116
internal_subsleeve_mom12_70_30,2023-08-15,1.4650788429493005,-4.5028731599216165
internal_subsleeve_mom12_70_30,2023-08-16,1.460192438819653,-4.821379946915727
internal_subsleeve_mom12_70_30,2023-08-17,1.459602679368554,-4.8598217914470165
internal_subsleeve_mom12_70_30,2023-08-18,1.4671263800743468,-4.369410095130711
internal_subsleeve_mom12_70_30,2023-08-21,1.462008282880476,-4.703019156004884
internal_subsleeve_mom12_70_30,2023-08-22,1.4639018707854037,-4.579590846866455
internal_subsleeve_mom12_70_30,2023-08-23,1.4567429215730625,-5.046227222282518
internal_subsleeve_mom12_70_30,2023-08-24,1.437555929611334,-6.296878416835439
internal_subsleeve_mom12_70_30,2023-08-25,1.4477186646020448,-5.634448543439474
internal_subsleeve_mom12_70_30,2023-08-28,1.4618029438377094,-4.716403615624021
internal_subsleeve_mom12_70_30,2023-08-29,1.4497441118964172,-5.5024253433847985
internal_subsleeve_mom12_70_30,2023-08-30,1.4206222252895475,-7.400655266301548
internal_subsleeve_mom12_70_30,2023-08-31,1.4166664468618058,-7.658501781581794
internal_subsleeve_mom12_70_30,2023-09-01,1.4264718165961394,-7.019365777577724
internal_subsleeve_mom12_70_30,2023-09-04,1.4481782420867988,-5.604492251622406
internal_subsleeve_mom12_70_30,2023-09-05,1.4368832380344312,-6.340725963438743
internal_subsleeve_mom12_70_30,2023-09-06,1.4321240636180248,-6.650939632201247
internal_subsleeve_mom12_70_30,2023-09-07,1.4286208754738297,-6.879285297119453
internal_subsleeve_mom12_70_30,2023-09-08,1.4313100007850454,-6.704002074533921
internal_subsleeve_mom12_70_30,2023-09-11,1.4453617387491322,-5.788078259827401
internal_subsleeve_mom12_70_30,2023-09-12,1.444357899391917,-5.853510761896752
internal_subsleeve_mom12_70_30,2023-09-13,1.4493385432710755,-5.528861216541381
internal_subsleeve_mom12_70_30,2023-09-14,1.4633393940174386,-4.6162543448846405
internal_subsleeve_mom12_70_30,2023-09-15,1.4625751422394133,-4.666069990871935
internal_subsleeve_mom12_70_30,2023-09-18,1.4569646530212128,-5.031774268893463
internal_subsleeve_mom12_70_30,2023-09-19,1.4701466368406242,-4.172542981195615
internal_subsleeve_mom12_70_30,2023-09-20,1.4633204701351195,-4.617487846002232
internal_subsleeve_mom12_70_30,2023-09-21,1.4605833702014346,-4.795898162142553
internal_subsleeve_mom12_70_30,2023-09-22,1.458948472115926,-4.902464488312486
internal_subsleeve_mom12_70_30,2023-09-25,1.462948094434385,-4.641760129843031
internal_subsleeve_mom12_70_30,2023-09-26,1.461239525843244,-4.753128464897749
internal_subsleeve_mom12_70_30,2023-09-27,1.45127287615626,-5.402777058151964
internal_subsleeve_mom12_70_30,2023-09-28,1.455116614954693,-5.152233537343798
internal_subsleeve_mom12_70_30,2023-10-09,1.4488821096087696,-5.558612586956069
internal_subsleeve_mom12_70_30,2023-10-10,1.437120428831529,-6.325265334992192
internal_subsleeve_mom12_70_30,2023-10-11,1.424360309672943,-7.156998537369875
internal_subsleeve_mom12_70_30,2023-10-12,1.4411539061764358,-6.062354229923095
internal_subsleeve_mom12_70_30,2023-10-13,1.4319254156187757,-6.6638879545881995
internal_subsleeve_mom12_70_30,2023-10-16,1.4409769079665247,-6.07389137045563
internal_subsleeve_mom12_70_30,2023-10-17,1.4439575349625462,-5.879607413880961
internal_subsleeve_mom12_70_30,2023-10-18,1.426354776190697,-7.026994733860681
internal_subsleeve_mom12_70_30,2023-10-19,1.4038402125115335,-8.494544520525993
internal_subsleeve_mom12_70_30,2023-10-20,1.4022612814872186,-8.597462788048848
internal_subsleeve_mom12_70_30,2023-10-23,1.375279713682658,-10.356181928234708
internal_subsleeve_mom12_70_30,2023-10-24,1.3915021047430494,-9.298770073439977
internal_subsleeve_mom12_70_30,2023-10-25,1.4090732486894237,-8.153443478733113
internal_subsleeve_mom12_70_30,2023-10-26,1.4184360985182687,-7.543151915249835
internal_subsleeve_mom12_70_30,2023-10-27,1.4226459138318637,-7.268746705652795
internal_subsleeve_mom12_70_30,2023-10-30,1.4143492399649558,-7.809542527278268
internal_subsleeve_mom12_70_30,2023-10-31,1.4160523212409861,-7.698531867736813
internal_subsleeve_mom12_70_30,2023-11-01,1.4169578366748865,-7.639508339642753
internal_subsleeve_mom12_70_30,2023-11-02,1.4159540821987684,-7.704935308971706
internal_subsleeve_mom12_70_30,2023-11-03,1.4059258140594089,-8.358600331232823
internal_subsleeve_mom12_70_30,2023-11-06,1.4072335650866068,-8.27335818449063
internal_subsleeve_mom12_70_30,2023-11-07,1.4075917832161815,-8.25000872290974
internal_subsleeve_mom12_70_30,2023-11-08,1.4005940456909378,-8.706136958777588
internal_subsleeve_mom12_70_30,2023-11-09,1.401034251085642,-8.67744338326385
internal_subsleeve_mom12_70_30,2023-11-10,1.4014265578034923,-8.651871950999258
internal_subsleeve_mom12_70_30,2023-11-13,1.4079207403551268,-8.228566558364136
internal_subsleeve_mom12_70_30,2023-11-14,1.405654520167575,-8.376283875926728
internal_subsleeve_mom12_70_30,2023-11-15,1.40651198156359,-8.320392617862504
internal_subsleeve_mom12_70_30,2023-11-16,1.4024291139345784,-8.58652309248875
internal_subsleeve_mom12_70_30,2023-11-17,1.395919872151256,-9.010810079640464
internal_subsleeve_mom12_70_30,2023-11-20,1.4013359783112052,-8.657776125580497
internal_subsleeve_mom12_70_30,2023-11-21,1.4052060289279031,-8.405517541410145
internal_subsleeve_mom12_70_30,2023-11-22,1.4029984179407418,-8.549414579763459
internal_subsleeve_mom12_70_30,2023-11-23,1.4104851380210346,-8.061413363607317
internal_subsleeve_mom12_70_30,2023-11-24,1.411259400369107,-8.010945206199127
internal_subsleeve_mom12_70_30,2023-11-27,1.4077227048130312,-8.241474959419381
internal_subsleeve_mom12_70_30,2023-11-28,1.4107417057555285,-8.044689702896534
internal_subsleeve_mom12_70_30,2023-11-29,1.403368777505879,-8.525273712165404
internal_subsleeve_mom12_70_30,2023-11-30,1.4106046327814241,-8.05362442696097
internal_subsleeve_mom12_70_30,2023-12-01,1.4187122335517341,-7.525152814080127
internal_subsleeve_mom12_70_30,2023-12-04,1.4316317593948742,-6.683029126270712
internal_subsleeve_mom12_70_30,2023-12-05,1.4168805920990302,-7.644543314445484
internal_subsleeve_mom12_70_30,2023-12-06,1.4208334774600273,-7.38688537574812
internal_subsleeve_mom12_70_30,2023-12-07,1.4175674789022195,-7.599770491136604
internal_subsleeve_mom12_70_30,2023-12-08,1.4174992692071688,-7.604216552132792
internal_subsleeve_mom12_70_30,2023-12-11,1.4335258402543565,-6.559568685248152
internal_subsleeve_mom12_70_30,2023-12-12,1.4519128171216034,-5.36106426990739
internal_subsleeve_mom12_70_30,2023-12-13,1.4547440575098916,-5.1765176676707325
internal_subsleeve_mom12_70_30,2023-12-14,1.4624813865727189,-4.6721811956288555
internal_subsleeve_mom12_70_30,2023-12-15,1.4649556499892913,-4.510903153518486
internal_subsleeve_mom12_70_30,2023-12-18,1.4553814754794268,-5.134969333954908
internal_subsleeve_mom12_70_30,2023-12-19,1.4406803443589313,-6.093222051931779
internal_subsleeve_mom12_70_30,2023-12-20,1.4309330456213967,-6.728572858044468
internal_subsleeve_mom12_70_30,2023-12-21,1.433483921839399,-6.562301021606276
internal_subsleeve_mom12_70_30,2023-12-22,1.4255658006027485,-7.078421933262713
internal_subsleeve_mom12_70_30,2023-12-25,1.416930844495951,-7.641267750440273
internal_subsleeve_mom12_70_30,2023-12-26,1.4139270546874556,-7.837061511112808
internal_subsleeve_mom12_70_30,2023-12-27,1.4192967749019474,-7.487051097074771
internal_subsleeve_mom12_70_30,2023-12-28,1.4159842638261864,-7.70296800276451
internal_subsleeve_mom12_70_30,2023-12-29,1.4267988732383872,-6.998047491671866
internal_subsleeve_mom12_70_30,2024-01-02,1.4432406735419394,-5.926334050020654
internal_subsleeve_mom12_70_30,2024-01-03,1.4580966052730777,-4.957991080846291
internal_subsleeve_mom12_70_30,2024-01-04,1.463411196953942,-4.6115740683467905
internal_subsleeve_mom12_70_30,2024-01-05,1.4625751339428295,-4.666070531661893
internal_subsleeve_mom12_70_30,2024-01-08,1.448619783821796,-5.575711570449416
internal_subsleeve_mom12_70_30,2024-01-09,1.4589307508219913,-4.903619602020393
internal_subsleeve_mom12_70_30,2024-01-10,1.4525062327017886,-5.322384110677358
internal_subsleeve_mom12_70_30,2024-01-11,1.4480126562788462,-5.615285506184142
internal_subsleeve_mom12_70_30,2024-01-12,1.46111041219125,-4.761544382485116
internal_subsleeve_mom12_70_30,2024-01-15,1.4669937714235863,-4.378053824580985
internal_subsleeve_mom12_70_30,2024-01-16,1.4704025350627181,-4.155862960805545
internal_subsleeve_mom12_70_30,2024-01-17,1.4569966749260925,-5.029687009271444
internal_subsleeve_mom12_70_30,2024-01-18,1.4365121441249362,-6.364914697250013
internal_subsleeve_mom12_70_30,2024-01-19,1.4283648750724087,-6.895971977787363
internal_subsleeve_mom12_70_30,2024-01-22,1.377366732711296,-10.220145344364395
internal_subsleeve_mom12_70_30,2024-01-23,1.389116200708092,-9.454288652764975
internal_subsleeve_mom12_70_30,2024-01-24,1.4253231944728388,-7.094235545254756
internal_subsleeve_mom12_70_30,2024-01-25,1.4556610576144728,-5.116745542968371
internal_subsleeve_mom12_70_30,2024-01-26,1.482358451610323,-3.37654948936289
internal_subsleeve_mom12_70_30,2024-01-29,1.482910838039153,-3.3405437022937634
internal_subsleeve_mom12_70_30,2024-01-30,1.464546965830091,-4.537542104163716
internal_subsleeve_mom12_70_30,2024-01-31,1.4506564347734556,-5.442958090870076
internal_subsleeve_mom12_70_30,2024-02-01,1.4363910168767284,-6.372810043115907
internal_subsleeve_mom12_70_30,2024-02-02,1.4256637796622695,-7.07203543828342
internal_subsleeve_mom12_70_30,2024-02-05,1.4001244161599409,-8.736748465527066
internal_subsleeve_mom12_70_30,2024-02-06,1.4301399771063095,-6.78026684362254
internal_subsleeve_mom12_70_30,2024-02-07,1.4355665615350806,-6.426549892485944
internal_subsleeve_mom12_70_30,2024-02-08,1.4485940293735091,-5.577390303185603
internal_subsleeve_mom12_70_30,2024-02-19,1.4785271252232042,-3.6262839413462977
internal_subsleeve_mom12_70_30,2024-02-20,1.4844812283748323,-3.2381821360227603
internal_subsleeve_mom12_70_30,2024-02-21,1.4911713767382129,-2.8021032520013534
internal_subsleeve_mom12_70_30,2024-02-22,1.5033539853752262,-2.0080134814400075
internal_subsleeve_mom12_70_30,2024-02-23,1.5102547471800445,-1.558206340657542
internal_subsleeve_mom12_70_30,2024-02-26,1.4788657085621972,-3.604214319478938
internal_subsleeve_mom12_70_30,2024-02-27,1.488829762173444,-2.9547349442672455
internal_subsleeve_mom12_70_30,2024-02-28,1.4753618654538165,-3.832602676432606
internal_subsleeve_mom12_70_30,2024-02-29,1.4896463246133083,-2.901509571948324
internal_subsleeve_mom12_70_30,2024-03-01,1.4870520607512965,-3.07060951239142
internal_subsleeve_mom12_70_30,2024-03-04,1.494609009289606,-2.5780306477385606
internal_subsleeve_mom12_70_30,2024-03-05,1.4998476652854995,-2.2365632935965163
internal_subsleeve_mom12_70_30,2024-03-06,1.502548529460463,-2.0605149055281435
internal_subsleeve_mom12_70_30,2024-03-07,1.5072231024491334,-1.7558157476837644
internal_subsleeve_mom12_70_30,2024-03-08,1.5222700133382776,-0.7750243284047165
internal_subsleeve_mom12_70_30,2024-03-11,1.5161377324206888,-1.1747401603711904
internal_subsleeve_mom12_70_30,2024-03-12,1.4947274625158091,-2.5703096006278403
internal_subsleeve_mom12_70_30,2024-03-13,1.4937738920650683,-2.632465462562228
internal_subsleeve_mom12_70_30,2024-03-14,1.502929462352581,-2.0356848447493414
internal_subsleeve_mom12_70_30,2024-03-15,1.515415477455635,-1.2218183598418642
internal_subsleeve_mom12_70_30,2024-03-18,1.5290373939483766,-0.3339112732214655
internal_subsleeve_mom12_70_30,2024-03-19,1.5225696413572587,-0.755493901717319
internal_subsleeve_mom12_70_30,2024-03-20,1.534913317257849,0.0
internal_subsleeve_mom12_70_30,2024-03-21,1.5359768773024216,0.0
internal_subsleeve_mom12_70_30,2024-03-22,1.5246575333247563,-0.7369475507694512
internal_subsleeve_mom12_70_30,2024-03-25,1.5272235354297234,-0.5698876071670633
internal_subsleeve_mom12_70_30,2024-03-26,1.5404966394383275,0.0
internal_subsleeve_mom12_70_30,2024-03-27,1.5290697764733798,-0.741764874548112
internal_subsleeve_mom12_70_30,2024-03-28,1.5285990107162624,-0.7723242243750095
internal_subsleeve_mom12_70_30,2024-03-29,1.5487983782191328,0.0
internal_subsleeve_mom12_70_30,2024-04-01,1.5471041802974805,-0.10938789357465284
internal_subsleeve_mom12_70_30,2024-04-02,1.5585343106423495,0.0
internal_subsleeve_mom12_70_30,2024-04-03,1.5658157987896129,0.0
internal_subsleeve_mom12_70_30,2024-04-08,1.57394789586826,0.0
internal_subsleeve_mom12_70_30,2024-04-09,1.5735217956304346,-0.02707206756614733
internal_subsleeve_mom12_70_30,2024-04-10,1.577616344750424,0.0
internal_subsleeve_mom12_70_30,2024-04-11,1.5926313939940664,0.0
internal_subsleeve_mom12_70_30,2024-04-12,1.5875545833143432,-0.3187687181646859
internal_subsleeve_mom12_70_30,2024-04-15,1.6152926428250263,0.0
internal_subsleeve_mom12_70_30,2024-04-16,1.5919827522143213,-1.4430753903477034
internal_subsleeve_mom12_70_30,2024-04-17,1.6195251161320405,0.0
internal_subsleeve_mom12_70_30,2024-04-18,1.6083602232853593,-0.689393003879224
internal_subsleeve_mom12_70_30,2024-04-19,1.6100998927991639,-0.5819745083909034
internal_subsleeve_mom12_70_30,2024-04-22,1.5953584759071846,-1.492205337486452
internal_subsleeve_mom12_70_30,2024-04-23,1.5805727561928324,-2.405171710596199
internal_subsleeve_mom12_70_30,2024-04-24,1.591339307054529,-1.7403749282276393
internal_subsleeve_mom12_70_30,2024-04-25,1.603908071110259,-0.9642977973123523
internal_subsleeve_mom12_70_30,2024-04-26,1.58489137084657,-2.138512391100633
internal_subsleeve_mom12_70_30,2024-04-29,1.5806592021152106,-2.3998339778548483
internal_subsleeve_mom12_70_30,2024-04-30,1.594299271133857,-1.557607520063109
internal_subsleeve_mom12_70_30,2024-05-06,1.6142203798378356,-0.32754887475128225
internal_subsleeve_mom12_70_30,2024-05-07,1.608198789269206,-0.6993609886017382
internal_subsleeve_mom12_70_30,2024-05-08,1.6016696140527191,-1.102514675534405
internal_subsleeve_mom12_70_30,2024-05-09,1.6160783230109508,-0.2128273953121429
internal_subsleeve_mom12_70_30,2024-05-10,1.625525137389009,0.0
internal_subsleeve_mom12_70_30,2024-05-13,1.6465235609915732,0.0
internal_subsleeve_mom12_70_30,2024-05-14,1.6418867123796825,-0.28161447073968837
internal_subsleeve_mom12_70_30,2024-05-15,1.6314326735567728,-0.9165303061750452
internal_subsleeve_mom12_70_30,2024-05-16,1.6256146357339858,-1.2698831497434226
internal_subsleeve_mom12_70_30,2024-05-17,1.6359812279121846,-0.6402783008485957
internal_subsleeve_mom12_70_30,2024-05-20,1.6476467337276057,0.0
internal_subsleeve_mom12_70_30,2024-05-21,1.6533891221893893,0.0
internal_subsleeve_mom12_70_30,2024-05-22,1.6575153886627927,0.0
internal_subsleeve_mom12_70_30,2024-05-23,1.641184903208844,-0.9852388439737791
internal_subsleeve_mom12_70_30,2024-05-24,1.650892617355462,-0.39956017015766454
internal_subsleeve_mom12_70_30,2024-05-27,1.6797735874877737,0.0
internal_subsleeve_mom12_70_30,2024-05-28,1.6680243940966673,-0.6994510140309051
internal_subsleeve_mom12_70_30,2024-05-29,1.675170841473751,-0.2740099051626643
internal_subsleeve_mom12_70_30,2024-05-30,1.6539340925366535,-1.5382724876490728
internal_subsleeve_mom12_70_30,2024-05-31,1.6537485571219126,-1.5493177508990041
internal_subsleeve_mom12_70_30,2024-06-03,1.634931786556106,-2.669514586113475
internal_subsleeve_mom12_70_30,2024-06-04,1.6585508769956396,-1.2634268481310218
internal_subsleeve_mom12_70_30,2024-06-05,1.6536751232142524,-1.5536894059962947
internal_subsleeve_mom12_70_30,2024-06-06,1.6469885015283585,-1.9517562487958662
internal_subsleeve_mom12_70_30,2024-06-07,1.6813393733571707,0.0
internal_subsleeve_mom12_70_30,2024-06-11,1.6518422218172109,-1.7543841539297444
internal_subsleeve_mom12_70_30,2024-06-12,1.6624081220815576,-1.1259625258053907
internal_subsleeve_mom12_70_30,2024-06-13,1.6442388140132431,-2.206607418575346
internal_subsleeve_mom12_70_30,2024-06-14,1.6417483241696413,-2.354732769296719
internal_subsleeve_mom12_70_30,2024-06-17,1.6325489922614105,-2.901875841897361
internal_subsleeve_mom12_70_30,2024-06-18,1.6475742301818848,-2.0082288983613195
internal_subsleeve_mom12_70_30,2024-06-19,1.65457680372075,-1.5917410881173377
internal_subsleeve_mom12_70_30,2024-06-20,1.6506417620650276,-1.8257831689772686
internal_subsleeve_mom12_70_30,2024-06-21,1.6567024100751644,-1.465317690908119
internal_subsleeve_mom12_70_30,2024-06-24,1.6372308557107562,-2.6234154951324307
internal_subsleeve_mom12_70_30,2024-06-25,1.6432794024417403,-2.2636697574883513
internal_subsleeve_mom12_70_30,2024-06-26,1.6527744108806763,-1.6989409115815812
internal_subsleeve_mom12_70_30,2024-06-27,1.6506258290626594,-1.8267308064751187
internal_subsleeve_mom12_70_30,2024-06-28,1.6767458902115417,-0.27320380515785114
internal_subsleeve_mom12_70_30,2024-07-01,1.704831479047454,0.0
internal_subsleeve_mom12_70_30,2024-07-02,1.7268015899148559,0.0
internal_subsleeve_mom12_70_30,2024-07-03,1.7243571112913914,-0.14156105934469698
internal_subsleeve_mom12_70_30,2024-07-04,1.7140762520782982,-0.7369310933507567
internal_subsleeve_mom12_70_30,2024-07-05,1.7034235211439468,-1.3538364168440342
internal_subsleeve_mom12_70_30,2024-07-08,1.7026130729623035,-1.4007699027972942
internal_subsleeve_mom12_70_30,2024-07-09,1.732176191639027,0.0
internal_subsleeve_mom12_70_30,2024-07-10,1.7041495376868008,-1.618002492327686
internal_subsleeve_mom12_70_30,2024-07-11,1.7058910626805575,-1.5174627780559669
internal_subsleeve_mom12_70_30,2024-07-12,1.7101481411389208,-1.2716980297057923
internal_subsleeve_mom12_70_30,2024-07-15,1.7205828796329923,-0.669291730367505
internal_subsleeve_mom12_70_30,2024-07-16,1.7113494480414941,-1.202345563809315
internal_subsleeve_mom12_70_30,2024-07-17,1.695844043062826,-2.0974857379734924
internal_subsleeve_mom12_70_30,2024-07-18,1.710606052136076,-1.2452624396448342
internal_subsleeve_mom12_70_30,2024-07-19,1.6994189043284273,-1.891105966512796
internal_subsleeve_mom12_70_30,2024-07-22,1.6851138590111598,-2.716948359816429
internal_subsleeve_mom12_70_30,2024-07-23,1.6867081193691376,-2.6249103578121824
internal_subsleeve_mom12_70_30,2024-07-24,1.6955555768817616,-2.1141391351542693
internal_subsleeve_mom12_70_30,2024-07-25,1.692268422298555,-2.3039093559362733
internal_subsleeve_mom12_70_30,2024-07-26,1.6877853016777018,-2.562723709954784
internal_subsleeve_mom12_70_30,2024-07-29,1.7043026069270666,-1.6091656753223105
internal_subsleeve_mom12_70_30,2024-07-30,1.6990767868489622,-1.9108566986332565
internal_subsleeve_mom12_70_30,2024-07-31,1.6998414228472025,-1.8667136142327734
internal_subsleeve_mom12_70_30,2024-08-01,1.7193589429342042,-0.739950633583919
internal_subsleeve_mom12_70_30,2024-08-02,1.711089132847298,-1.2173737806531082
internal_subsleeve_mom12_70_30,2024-08-05,1.6853236689268571,-2.704835855516341
internal_subsleeve_mom12_70_30,2024-08-06,1.6769066316678534,-3.190758552042927
internal_subsleeve_mom12_70_30,2024-08-07,1.6821468713951242,-2.8882350701613047
internal_subsleeve_mom12_70_30,2024-08-08,1.6853678266000873,-2.702286595605985
internal_subsleeve_mom12_70_30,2024-08-09,1.6820252927085535,-2.895253910805662
internal_subsleeve_mom12_70_30,2024-08-12,1.6812587879113803,-2.9395048825528236
internal_subsleeve_mom12_70_30,2024-08-13,1.6952354983122828,-2.132617542317683
internal_subsleeve_mom12_70_30,2024-08-14,1.6990624466665614,-1.911684569520189
internal_subsleeve_mom12_70_30,2024-08-15,1.7154392250878157,-0.9662392678064902
internal_subsleeve_mom12_70_30,2024-08-16,1.7162650344527361,-0.9185645930876896
internal_subsleeve_mom12_70_30,2024-08-19,1.737964465288938,0.0
internal_subsleeve_mom12_70_30,2024-08-20,1.7279467400432784,-0.5764056426777575
internal_subsleeve_mom12_70_30,2024-08-21,1.7164951514032525,-1.2353137428570138
internal_subsleeve_mom12_70_30,2024-08-22,1.7248313047724424,-0.7556633509369415
internal_subsleeve_mom12_70_30,2024-08-23,1.713868162883032,-1.386466920766427
internal_subsleeve_mom12_70_30,2024-08-26,1.7081192460188819,-1.7172514091129298
internal_subsleeve_mom12_70_30,2024-08-27,1.7087337436717034,-1.6818940893808865
internal_subsleeve_mom12_70_30,2024-08-28,1.7008444219194896,-2.1358344264695517
internal_subsleeve_mom12_70_30,2024-08-29,1.6598960761429074,-4.4919439209047285
internal_subsleeve_mom12_70_30,2024-08-30,1.6496443692126799,-5.08181253645914
internal_subsleeve_mom12_70_30,2024-09-02,1.6569082555176153,-4.663858864217174
internal_subsleeve_mom12_70_30,2024-09-03,1.6394633790724544,-5.667612208636719
internal_subsleeve_mom12_70_30,2024-09-04,1.6376555480800445,-5.771632229098378
internal_subsleeve_mom12_70_30,2024-09-05,1.6438371129397389,-5.4159537912963245
internal_subsleeve_mom12_70_30,2024-09-06,1.6394570957609274,-5.667973741432841
internal_subsleeve_mom12_70_30,2024-09-09,1.6157102596578528,-7.0343328688691305
internal_subsleeve_mom12_70_30,2024-09-10,1.6128109036697658,-7.20115768295444
internal_subsleeve_mom12_70_30,2024-09-11,1.572250098545468,-9.534968640220153
internal_subsleeve_mom12_70_30,2024-09-12,1.5798067118886419,-9.100171871120644
internal_subsleeve_mom12_70_30,2024-09-13,1.5758823334728855,-9.325975015784127
internal_subsleeve_mom12_70_30,2024-09-18,1.5817989340462189,-8.9855422456383
internal_subsleeve_mom12_70_30,2024-09-19,1.58083471528262,-9.041022019986755
internal_subsleeve_mom12_70_30,2024-09-20,1.5754434039462832,-9.351230395590138
internal_subsleeve_mom12_70_30,2024-09-23,1.5894343203772165,-8.546212991013501
internal_subsleeve_mom12_70_30,2024-09-24,1.6416998050230613,-5.538931444715855
internal_subsleeve_mom12_70_30,2024-09-25,1.6641028768835227,-4.24989059791484
internal_subsleeve_mom12_70_30,2024-09-26,1.700329553409856,-2.1654592272014828
internal_subsleeve_mom12_70_30,2024-09-27,1.7086788655565006,-1.6850516979683317
internal_subsleeve_mom12_70_30,2024-09-30,1.8156689222321696,0.0
internal_subsleeve_mom12_70_30,2024-10-08,1.851475397504445,0.0
internal_subsleeve_mom12_70_30,2024-10-09,1.7331796704327975,-6.389268106456891
internal_subsleeve_mom12_70_30,2024-10-10,1.780318620080474,-3.8432472567489273
internal_subsleeve_mom12_70_30,2024-10-11,1.7556830772582364,-5.173837058560138
internal_subsleeve_mom12_70_30,2024-10-14,1.7936645868506225,-3.1224185172400443
internal_subsleeve_mom12_70_30,2024-10-15,1.7606114352871847,-4.90765161339618
internal_subsleeve_mom12_70_30,2024-10-16,1.787015939345209,-3.4815184822935885
internal_subsleeve_mom12_70_30,2024-10-17,1.7530516735527892,-5.315961750521692
internal_subsleeve_mom12_70_30,2024-10-18,1.7682585007389497,-4.494626116969258
internal_subsleeve_mom12_70_30,2024-10-21,1.7583480032598997,-5.029901794540137
internal_subsleeve_mom12_70_30,2024-10-22,1.7724974278761763,-4.265677509661803
internal_subsleeve_mom12_70_30,2024-10-23,1.7794721505406017,-3.888965905833508
internal_subsleeve_mom12_70_30,2024-10-24,1.769130905567372,-4.447506677542834
internal_subsleeve_mom12_70_30,2024-10-25,1.7648886747416188,-4.676633720304036
internal_subsleeve_mom12_70_30,2024-10-28,1.7806563245915314,-3.825007505277611
internal_subsleeve_mom12_70_30,2024-10-29,1.761153339550755,-4.87838283324924
internal_subsleeve_mom12_70_30,2024-10-30,1.746286394835629,-5.681361081578363
internal_subsleeve_mom12_70_30,2024-10-31,1.7525975315751605,-5.340490403629417
internal_subsleeve_mom12_70_30,2024-11-01,1.762373186057538,-4.812497728406518
internal_subsleeve_mom12_70_30,2024-11-04,1.7675280134428644,-4.534080451445965
internal_subsleeve_mom12_70_30,2024-11-05,1.7854308273217343,-3.5671319355218167
internal_subsleeve_mom12_70_30,2024-11-06,1.777255615269158,-4.00868314725249
internal_subsleeve_mom12_70_30,2024-11-07,1.8164528627267398,-1.8916014128468106
internal_subsleeve_mom12_70_30,2024-11-08,1.8001844839964711,-2.770272485235692
internal_subsleeve_mom12_70_30,2024-11-11,1.793205107807666,-3.1472354304745154
internal_subsleeve_mom12_70_30,2024-11-12,1.778221117678794,-3.95653541626253
internal_subsleeve_mom12_70_30,2024-11-13,1.7875931320688432,-3.4503437378485824
internal_subsleeve_mom12_70_30,2024-11-14,1.7752405021635995,-4.117521380170663
internal_subsleeve_mom12_70_30,2024-11-15,1.7725564679420949,-4.262488697863487
internal_subsleeve_mom12_70_30,2024-11-18,1.8005690292592662,-2.749502818875915
internal_subsleeve_mom12_70_30,2024-11-19,1.8014969600167312,-2.699384369626423
internal_subsleeve_mom12_70_30,2024-11-20,1.8106850050556063,-2.203129056093267
internal_subsleeve_mom12_70_30,2024-11-21,1.808196303889614,-2.3375462441016293
internal_subsleeve_mom12_70_30,2024-11-22,1.764282659197711,-4.709365213508033
internal_subsleeve_mom12_70_30,2024-11-25,1.7678757338469597,-4.515299731779687
internal_subsleeve_mom12_70_30,2024-11-26,1.7761750312041924,-4.067046551185493
internal_subsleeve_mom12_70_30,2024-11-27,1.7869707278691276,-3.4839603984077483
internal_subsleeve_mom12_70_30,2024-11-28,1.7904022161505286,-3.298622354703451
internal_subsleeve_mom12_70_30,2024-11-29,1.7929469807971186,-3.161177123185932
internal_subsleeve_mom12_70_30,2024-12-02,1.807175260390033,-2.392693803769841
internal_subsleeve_mom12_70_30,2024-12-03,1.8284391603533032,-1.2442097357702742
internal_subsleeve_mom12_70_30,2024-12-04,1.8237992874985471,-1.4948138140642664
internal_subsleeve_mom12_70_30,2024-12-05,1.8185218175452607,-1.7798551362660064
internal_subsleeve_mom12_70_30,2024-12-06,1.8476493266551526,-0.2066498347452761
internal_subsleeve_mom12_70_30,2024-12-09,1.8527388557640898,0.0
internal_subsleeve_mom12_70_30,2024-12-10,1.8410379281201747,-0.63154759277122
internal_subsleeve_mom12_70_30,2024-12-11,1.8437092720058124,-0.4873640842682936
internal_subsleeve_mom12_70_30,2024-12-12,1.8626773353502364,0.0
internal_subsleeve_mom12_70_30,2024-12-13,1.836886351705541,-1.3846189651438467
internal_subsleeve_mom12_70_30,2024-12-16,1.8727393048400134,0.0
internal_subsleeve_mom12_70_30,2024-12-17,1.8532670581617414,-1.0397734819762028
internal_subsleeve_mom12_70_30,2024-12-18,1.8644848938626915,-0.4407666863182058
internal_subsleeve_mom12_70_30,2024-12-19,1.8430660728015877,-1.5844827927590566
internal_subsleeve_mom12_70_30,2024-12-20,1.8447935860026763,-1.4922375348834005
internal_subsleeve_mom12_70_30,2024-12-23,1.8440383238891243,-1.5325668061065834
internal_subsleeve_mom12_70_30,2024-12-24,1.870641351959688,-0.11202589035768096
internal_subsleeve_mom12_70_30,2024-12-25,1.8775342305339988,0.0
internal_subsleeve_mom12_70_30,2024-12-26,1.8627321019297622,-0.7883812909246779
internal_subsleeve_mom12_70_30,2024-12-27,1.8895195565919523,0.0
internal_subsleeve_mom12_70_30,2024-12-30,1.8972422175086003,0.0
internal_subsleeve_mom12_70_30,2024-12-31,1.8945914819289678,-0.13971519056293902
internal_subsleeve_mom12_70_30,2025-01-02,1.8363095704933448,-3.2116430075686653
internal_subsleeve_mom12_70_30,2025-01-03,1.8213202182790316,-4.001703026051528
internal_subsleeve_mom12_70_30,2025-01-06,1.8357922625692145,-3.2389093164962413
internal_subsleeve_mom12_70_30,2025-01-07,1.8278888534286974,-3.6554828603263756
internal_subsleeve_mom12_70_30,2025-01-08,1.831621424112023,-3.4587462154805126
internal_subsleeve_mom12_70_30,2025-01-09,1.8115470830474965,-4.516826247606698
internal_subsleeve_mom12_70_30,2025-01-10,1.7825217766892163,-6.046694500085048
internal_subsleeve_mom12_70_30,2025-01-13,1.768472056433885,-6.787228319418926
internal_subsleeve_mom12_70_30,2025-01-14,1.8004700103756734,-5.1006775118047525
internal_subsleeve_mom12_70_30,2025-01-15,1.8030711639781019,-4.963575692204502
internal_subsleeve_mom12_70_30,2025-01-16,1.8127968016029756,-4.450955978436733
internal_subsleeve_mom12_70_30,2025-01-17,1.8087604036952,-4.663706773803078
internal_subsleeve_mom12_70_30,2025-01-20,1.8095286321859665,-4.623214922858754
internal_subsleeve_mom12_70_30,2025-01-21,1.79530479925583,-5.372925887482694
internal_subsleeve_mom12_70_30,2025-01-22,1.7779725310478571,-6.286476516286066
internal_subsleeve_mom12_70_30,2025-01-23,1.7972733008822954,-5.269169940651064
internal_subsleeve_mom12_70_30,2025-01-24,1.8034473451268027,-4.9437479050495785
internal_subsleeve_mom12_70_30,2025-01-27,1.8246151409932054,-3.8280339666258656
internal_subsleeve_mom12_70_30,2025-02-05,1.794074366279156,-5.43777965076705
internal_subsleeve_mom12_70_30,2025-02-06,1.8000318873922019,-5.123770134319072
internal_subsleeve_mom12_70_30,2025-02-07,1.8075192525291792,-4.729125472299611
internal_subsleeve_mom12_70_30,2025-02-10,1.8023107042415145,-5.003658067009864
internal_subsleeve_mom12_70_30,2025-02-11,1.8149133358065819,-4.339397518263654
internal_subsleeve_mom12_70_30,2025-02-12,1.8124314114847377,-4.470214991063903
internal_subsleeve_mom12_70_30,2025-02-13,1.8095168536383255,-4.623835747523741
internal_subsleeve_mom12_70_30,2025-02-14,1.8084170989411954,-4.681801709222311
internal_subsleeve_mom12_70_30,2025-02-17,1.822143412299025,-3.958314047438427
internal_subsleeve_mom12_70_30,2025-02-18,1.8198972837982716,-4.076703174563323
internal_subsleeve_mom12_70_30,2025-02-19,1.8169541827531925,-4.231828388303505
internal_subsleeve_mom12_70_30,2025-02-20,1.812369096199128,-4.473499510301071
internal_subsleeve_mom12_70_30,2025-02-21,1.8034888339771018,-4.941561107290382
internal_subsleeve_mom12_70_30,2025-02-24,1.8094751191075051,-4.6260354946322195
internal_subsleeve_mom12_70_30,2025-02-25,1.7927444358607174,-5.50787773345599
internal_subsleeve_mom12_70_30,2025-02-26,1.813583282115879,-4.4095020983973
internal_subsleeve_mom12_70_30,2025-02-27,1.8218511368164139,-3.973719327792935
internal_subsleeve_mom12_70_30,2025-02-28,1.8106722641853608,-4.562936272676909
internal_subsleeve_mom12_70_30,2025-03-03,1.803840339943546,-4.923033901686347
internal_subsleeve_mom12_70_30,2025-03-04,1.813081569595759,-4.43594640347813
internal_subsleeve_mom12_70_30,2025-03-05,1.8101387126303286,-4.591058752247957
internal_subsleeve_mom12_70_30,2025-03-06,1.8052856789301195,-4.846852854625771
internal_subsleeve_mom12_70_30,2025-03-07,1.7956845566989281,-5.352909600706369
internal_subsleeve_mom12_70_30,2025-03-10,1.7989182014007203,-5.1824703878346146
internal_subsleeve_mom12_70_30,2025-03-11,1.8038889111063716,-4.920473808811687
internal_subsleeve_mom12_70_30,2025-03-12,1.809857618370066,-4.605874691808465
internal_subsleeve_mom12_70_30,2025-03-13,1.819569723983268,-4.0939682244331195
internal_subsleeve_mom12_70_30,2025-03-14,1.8321764324717433,-3.4294927888701254
internal_subsleeve_mom12_70_30,2025-03-17,1.8345031500243667,-3.306855967321909
internal_subsleeve_mom12_70_30,2025-03-18,1.8498717554875577,-2.4968062371734545
internal_subsleeve_mom12_70_30,2025-03-19,1.8652465568609617,-1.6864299324761078
internal_subsleeve_mom12_70_30,2025-03-20,1.8633362973673924,-1.7871160481412907
internal_subsleeve_mom12_70_30,2025-03-21,1.86352100362267,-1.7773805355339456
internal_subsleeve_mom12_70_30,2025-03-24,1.866336112238011,-1.6290015573854455
internal_subsleeve_mom12_70_30,2025-03-25,1.8798981254711822,-0.9141738401854616
internal_subsleeve_mom12_70_30,2025-03-26,1.8830494053641904,-0.7480759184795849
internal_subsleeve_mom12_70_30,2025-03-27,1.8724065202780462,-1.3090419874362436
internal_subsleeve_mom12_70_30,2025-03-28,1.861254912798649,-1.8968218384476376
internal_subsleeve_mom12_70_30,2025-03-31,1.8677568257983852,-1.5541184693293686
internal_subsleeve_mom12_70_30,2025-04-01,1.8890269251483103,-0.4330123104196004
internal_subsleeve_mom12_70_30,2025-04-02,1.8827400251049102,-0.7643827588200036
internal_subsleeve_mom12_70_30,2025-04-03,1.9052374011287818,0.0
internal_subsleeve_mom12_70_30,2025-04-07,1.785066061055751,-6.307420797105589
internal_subsleeve_mom12_70_30,2025-04-08,1.834960566899001,-3.688612987974327
internal_subsleeve_mom12_70_30,2025-04-09,1.867951328607577,-1.9570302629537961
internal_subsleeve_mom12_70_30,2025-04-10,1.8773435307145856,-1.4640627145819263
internal_subsleeve_mom12_70_30,2025-04-11,1.8759917066558907,-1.5350157652565644
internal_subsleeve_mom12_70_30,2025-04-14,1.8880085856257085,-0.9042870716723272
internal_subsleeve_mom12_70_30,2025-04-15,1.8780599097343122,-1.4264622024724005
internal_subsleeve_mom12_70_30,2025-04-16,1.9084144048939344,0.0
internal_subsleeve_mom12_70_30,2025-04-17,1.8955682354783112,-0.6731331194462009
internal_subsleeve_mom12_70_30,2025-04-18,1.890311652349553,-0.9485755556004394
internal_subsleeve_mom12_70_30,2025-04-21,1.8788966933754547,-1.5467139339749525
internal_subsleeve_mom12_70_30,2025-04-22,1.8965145834079558,-0.6235449415736283
internal_subsleeve_mom12_70_30,2025-04-23,1.8995489707563287,-0.46454449908108764
internal_subsleeve_mom12_70_30,2025-04-24,1.9044859639260672,-0.20584842358102318
internal_subsleeve_mom12_70_30,2025-04-25,1.91547536283869,0.0
internal_subsleeve_mom12_70_30,2025-04-28,1.9255305326071357,0.0
internal_subsleeve_mom12_70_30,2025-04-29,1.9117484958192352,-0.7157527005941522
internal_subsleeve_mom12_70_30,2025-04-30,1.88089796196939,-2.317936271688925
internal_subsleeve_mom12_70_30,2025-05-06,1.892768565613022,-1.701451441009072
internal_subsleeve_mom12_70_30,2025-05-07,1.9080779560151577,-0.9063775565452903
internal_subsleeve_mom12_70_30,2025-05-08,1.914419262211716,-0.5770498159992976
internal_subsleeve_mom12_70_30,2025-05-09,1.9221996409867859,-0.17298565584622505
internal_subsleeve_mom12_70_30,2025-05-12,1.9184098290099638,-0.36980476167939313
internal_subsleeve_mom12_70_30,2025-05-13,1.9453844844297519,0.0
internal_subsleeve_mom12_70_30,2025-05-14,1.9634379776924937,0.0
internal_subsleeve_mom12_70_30,2025-05-15,1.9637129091357641,0.0
internal_subsleeve_mom12_70_30,2025-05-16,1.9619530077022227,-0.08962111647552451
internal_subsleeve_mom12_70_30,2025-05-19,2.013600768024618,0.0
internal_subsleeve_mom12_70_30,2025-05-20,1.989314707399946,-1.2061010807269956
internal_subsleeve_mom12_70_30,2025-05-21,2.0005623984844707,-0.6475151255001865
internal_subsleeve_mom12_70_30,2025-05-22,1.9917673044984776,-1.0842995231651331
internal_subsleeve_mom12_70_30,2025-05-23,1.9537413168983857,-2.9727566693846463
internal_subsleeve_mom12_70_30,2025-05-26,1.9505180365446693,-3.1328321125857594
internal_subsleeve_mom12_70_30,2025-05-27,1.958792930428964,-2.7218820366969543
internal_subsleeve_mom12_70_30,2025-05-28,1.9623287444035116,-2.546285462108022
internal_subsleeve_mom12_70_30,2025-05-29,1.9694934712504855,-2.1904688096341274
internal_subsleeve_mom12_70_30,2025-05-30,1.975002548810487,-1.9168754713972724
internal_subsleeve_mom12_70_30,2025-06-03,1.992972855488243,-1.0244291154403617
internal_subsleeve_mom12_70_30,2025-06-04,2.001595434585333,-0.5962122000510717
internal_subsleeve_mom12_70_30,2025-06-05,1.9824940196405338,-1.544831968583349
internal_subsleeve_mom12_70_30,2025-06-06,1.9889853866681972,-1.2224558982746547
internal_subsleeve_mom12_70_30,2025-06-09,1.9880706318614618,-1.2678847052785769
internal_subsleeve_mom12_70_30,2025-06-10,2.0174120970614733,0.0
internal_subsleeve_mom12_70_30,2025-06-11,2.0201766828811794,0.0
internal_subsleeve_mom12_70_30,2025-06-12,2.0069756808243504,-0.6534577974636191
internal_subsleeve_mom12_70_30,2025-06-13,2.0068632853837043,-0.6590214415546747
internal_subsleeve_mom12_70_30,2025-06-16,2.005663675440216,-0.7184028785177765
internal_subsleeve_mom12_70_30,2025-06-17,2.0141386419114373,-0.29888677663235663
internal_subsleeve_mom12_70_30,2025-06-18,2.0090850473756925,-0.5490428436025652
internal_subsleeve_mom12_70_30,2025-06-19,1.9875695653693417,-1.6140725604917527
internal_subsleeve_mom12_70_30,2025-06-20,1.9971701691004538,-1.1388367154061774
internal_subsleeve_mom12_70_30,2025-06-23,2.0208371453071976,0.0
internal_subsleeve_mom12_70_30,2025-06-24,2.0149865202150194,-0.2895149223560378
internal_subsleeve_mom12_70_30,2025-06-25,2.020699251610356,-0.006823592745297535
internal_subsleeve_mom12_70_30,2025-06-26,2.019069522545973,-0.08746982731039354
internal_subsleeve_mom12_70_30,2025-06-27,1.997568419065381,-1.1514399513019358
internal_subsleeve_mom12_70_30,2025-06-30,1.9966708375802407,-1.1958562709061482
internal_subsleeve_mom12_70_30,2025-07-01,2.0278720889132513,0.0
internal_subsleeve_mom12_70_30,2025-07-02,2.0333739680823912,0.0
internal_subsleeve_mom12_70_30,2025-07-03,2.0305260063153825,-0.14006089444011938
internal_subsleeve_mom12_70_30,2025-07-04,2.0429164667313406,0.0
internal_subsleeve_mom12_70_30,2025-07-07,2.062946535885007,0.0
internal_subsleeve_mom12_70_30,2025-07-08,2.0547019607292385,-0.39965045202839944
internal_subsleeve_mom12_70_30,2025-07-09,2.0645052619538813,0.0
internal_subsleeve_mom12_70_30,2025-07-10,2.0783602497387026,0.0
internal_subsleeve_mom12_70_30,2025-07-11,2.066137991169629,-0.5880721867448258
internal_subsleeve_mom12_70_30,2025-07-14,2.072438459775639,-0.28492605956105255
internal_subsleeve_mom12_70_30,2025-07-15,2.046105483925919,-1.551933348265233
internal_subsleeve_mom12_70_30,2025-07-16,2.042038123641438,-1.7476337945662168
internal_subsleeve_mom12_70_30,2025-07-17,2.0327930412773902,-2.1924595828389792
internal_subsleeve_mom12_70_30,2025-07-18,2.0440358374596133,-1.651514085847472
internal_subsleeve_mom12_70_30,2025-07-21,2.0651180109414238,-0.6371483865197924
internal_subsleeve_mom12_70_30,2025-07-22,2.079477699371881,0.0
internal_subsleeve_mom12_70_30,2025-07-23,2.0809686558026206,0.0
internal_subsleeve_mom12_70_30,2025-07-24,2.0694790837467054,-0.5521261468248162
internal_subsleeve_mom12_70_30,2025-07-25,2.0489552414822736,-1.5383900296181752
internal_subsleeve_mom12_70_30,2025-07-28,2.0386332752170278,-2.0344074125068556
internal_subsleeve_mom12_70_30,2025-07-29,2.0241952612140435,-2.728219592845327
internal_subsleeve_mom12_70_30,2025-07-30,2.042046138522682,-1.8704038223452457
internal_subsleeve_mom12_70_30,2025-07-31,2.0105736695995615,-3.382798967527356
internal_subsleeve_mom12_70_30,2025-08-01,2.0141525666760782,-3.2108167002050103
internal_subsleeve_mom12_70_30,2025-08-04,2.021159882579516,-2.8740833292386414
internal_subsleeve_mom12_70_30,2025-08-05,2.039697206858972,-1.9832806625206145
internal_subsleeve_mom12_70_30,2025-08-06,2.040318955092908,-1.9534028346060883
internal_subsleeve_mom12_70_30,2025-08-07,2.0459886479698883,-1.6809483283274473
internal_subsleeve_mom12_70_30,2025-08-08,2.060220812668014,-0.9970281424832028
internal_subsleeve_mom12_70_30,2025-08-11,2.047097593116715,-1.6276584748866285
internal_subsleeve_mom12_70_30,2025-08-12,2.0522411274906593,-1.3804882755853454
internal_subsleeve_mom12_70_30,2025-08-13,2.044917909734238,-1.7324021660709676
internal_subsleeve_mom12_70_30,2025-08-14,2.030813851168992,-2.4101662701057958
internal_subsleeve_mom12_70_30,2025-08-15,2.0401488135330608,-1.961578909693662
internal_subsleeve_mom12_70_30,2025-08-18,2.05653611504529,-1.1740946068169889
internal_subsleeve_mom12_70_30,2025-08-19,2.059362895963991,-1.0382549385539064
internal_subsleeve_mom12_70_30,2025-08-20,2.0673256601939594,-0.6556079338638221
internal_subsleeve_mom12_70_30,2025-08-21,2.086050708061923,0.0
internal_subsleeve_mom12_70_30,2025-08-22,2.087187833564941,0.0
internal_subsleeve_mom12_70_30,2025-08-25,2.108927880614902,0.0
internal_subsleeve_mom12_70_30,2025-08-26,2.1010239676653204,-0.3747834633053948
internal_subsleeve_mom12_70_30,2025-08-27,2.077085721414514,-1.5098742585309965
internal_subsleeve_mom12_70_30,2025-08-28,2.0688581016090763,-1.9000070782004386
internal_subsleeve_mom12_70_30,2025-08-29,2.0789454729250116,-1.4216895686896769
internal_subsleeve_mom12_70_30,2025-09-01,2.0962560312117264,-0.6008668916397841
internal_subsleeve_mom12_70_30,2025-09-02,2.122102366164285,0.0
internal_subsleeve_mom12_70_30,2025-09-03,2.102937338261101,-0.9031151469768517
internal_subsleeve_mom12_70_30,2025-09-04,2.1066250280885197,-0.729339843475163
internal_subsleeve_mom12_70_30,2025-09-05,2.118525589100394,-0.1685487524504481
internal_subsleeve_mom12_70_30,2025-09-08,2.1465001834797746,0.0
internal_subsleeve_mom12_70_30,2025-09-09,2.148974853271546,0.0
internal_subsleeve_mom12_70_30,2025-09-10,2.136805584897054,-0.5662824930671162
internal_subsleeve_mom12_70_30,2025-09-11,2.1509145132537535,0.0
internal_subsleeve_mom12_70_30,2025-09-12,2.144153661314879,-0.314324530203991
internal_subsleeve_mom12_70_30,2025-09-15,2.1261796477681187,-1.1499697144270793
internal_subsleeve_mom12_70_30,2025-09-16,2.1179049330463795,-1.534676529632939
internal_subsleeve_mom12_70_30,2025-09-17,2.1082562993785507,-1.983259381641922
internal_subsleeve_mom12_70_30,2025-09-18,2.071934290499105,-3.6719368560665266
internal_subsleeve_mom12_70_30,2025-09-19,2.0717196904728277,-3.6819140088057423
internal_subsleeve_mom12_70_30,2025-09-22,2.0609696941373468,-4.181701251359571
internal_subsleeve_mom12_70_30,2025-09-23,2.0711010968933508,-3.710673570176737
internal_subsleeve_mom12_70_30,2025-09-24,2.0722427895839974,-3.657594162156963
internal_subsleeve_mom12_70_30,2025-09-25,2.052155941322398,-4.591468946014043
internal_subsleeve_mom12_70_30,2025-09-26,2.061423023793334,-4.160625115920713
internal_subsleeve_mom12_70_30,2025-09-29,2.0704876041817317,-3.7391959827523524
internal_subsleeve_mom12_70_30,2025-09-30,2.072541917533728,-3.6436871496798418
internal_subsleeve_mom12_70_30,2025-10-09,2.095353732109536,-2.5831236342428676
internal_subsleeve_mom12_70_30,2025-10-10,2.1280275206733648,-1.0640586801270335
internal_subsleeve_mom12_70_30,2025-10-13,2.1222332694605206,-1.3334441520804985
internal_subsleeve_mom12_70_30,2025-10-14,2.1539981533229042,0.0
internal_subsleeve_mom12_70_30,2025-10-15,2.1514922767421996,-0.11633605984475714
internal_subsleeve_mom12_70_30,2025-10-16,2.1657131126883375,0.0
internal_subsleeve_mom12_70_30,2025-10-17,2.1631594705936914,-0.11791229778704837
internal_subsleeve_mom12_70_30,2025-10-20,2.1805286668092907,0.0
internal_subsleeve_mom12_70_30,2025-10-21,2.1867856134278263,0.0
internal_subsleeve_mom12_70_30,2025-10-22,2.194762210272297,0.0
internal_subsleeve_mom12_70_30,2025-10-23,2.223752458745086,0.0
internal_subsleeve_mom12_70_30,2025-10-24,2.1871798413214405,-1.6446352776281703
internal_subsleeve_mom12_70_30,2025-10-27,2.200037518410526,-1.0664379590137885
internal_subsleeve_mom12_70_30,2025-10-28,2.226647782592203,0.0
internal_subsleeve_mom12_70_30,2025-10-29,2.2171432307628636,-0.42685475016054353
internal_subsleeve_mom12_70_30,2025-10-30,2.213089154416793,-0.6089255912592129
internal_subsleeve_mom12_70_30,2025-10-31,2.1969220016646935,-1.3350014833914736
internal_subsleeve_mom12_70_30,2025-11-03,2.218676578305948,-0.35799125252647945
internal_subsleeve_mom12_70_30,2025-11-04,2.2451395861881767,0.0
internal_subsleeve_mom12_70_30,2025-11-05,2.2562235112795603,0.0
internal_subsleeve_mom12_70_30,2025-11-06,2.26280120363075,0.0
internal_subsleeve_mom12_70_30,2025-11-07,2.251471310029368,-0.5007021201510309
internal_subsleeve_mom12_70_30,2025-11-10,2.257277870618391,-0.24409272027506868
internal_subsleeve_mom12_70_30,2025-11-11,2.2623026885052453,-0.022030884759338676
internal_subsleeve_mom12_70_30,2025-11-12,2.264871658910516,0.0
internal_subsleeve_mom12_70_30,2025-11-13,2.262900915323498,-0.0870134773096054
internal_subsleeve_mom12_70_30,2025-11-14,2.2665200672262804,0.0
internal_subsleeve_mom12_70_30,2025-11-17,2.2444798850407572,-0.972423871476924
internal_subsleeve_mom12_70_30,2025-11-18,2.215704953079048,-2.2419882745366104
internal_subsleeve_mom12_70_30,2025-11-19,2.2077667720559035,-2.592224795180298
internal_subsleeve_mom12_70_30,2025-11-20,2.2098039508976948,-2.5023434448561366
internal_subsleeve_mom12_70_30,2025-11-21,2.1593502982732113,-4.728383856059182
internal_subsleeve_mom12_70_30,2025-11-24,2.1495589359490643,-5.160383663417134
internal_subsleeve_mom12_70_30,2025-11-25,2.17105489450958,-4.211971210717258
internal_subsleeve_mom12_70_30,2025-11-26,2.164090378041153,-4.519249163784322
internal_subsleeve_mom12_70_30,2025-11-27,2.171778819628049,-4.180031272089002
internal_subsleeve_mom12_70_30,2025-11-28,2.171405081489959,-4.196520785837176
internal_subsleeve_mom12_70_30,2025-12-01,2.184120720196362,-3.635500440583206
internal_subsleeve_mom12_70_30,2025-12-02,2.1966166956679594,-3.08417174721366
internal_subsleeve_mom12_70_30,2025-12-03,2.2075085660147318,-2.6036169749763416
internal_subsleeve_mom12_70_30,2025-12-04,2.193372779585124,-3.227294948712822
internal_subsleeve_mom12_70_30,2025-12-05,2.1884061547981055,-3.4464249206392017
internal_subsleeve_mom12_70_30,2025-12-08,2.1798419804367386,-3.8242805807414126
internal_subsleeve_mom12_70_30,2025-12-09,2.173976511279859,-4.083068016233105
internal_subsleeve_mom12_70_30,2025-12-10,2.1777099107098845,-3.9183485644175176
internal_subsleeve_mom12_70_30,2025-12-11,2.1580225711384298,-4.78696384191416
internal_subsleeve_mom12_70_30,2025-12-12,2.1373693788431036,-5.698193025099874
internal_subsleeve_mom12_70_30,2025-12-15,2.149386974744317,-5.167970677855427
internal_subsleeve_mom12_70_30,2025-12-16,2.133623199241217,-5.86347634449581
internal_subsleeve_mom12_70_30,2025-12-17,2.1410316478249105,-5.536611884268028
internal_subsleeve_mom12_70_30,2025-12-18,2.1608519067620047,-4.662132137819109
internal_subsleeve_mom12_70_30,2025-12-19,2.169390148482525,-4.285420638813098
internal_subsleeve_mom12_70_30,2025-12-22,2.1631185620289846,-4.562126172738301
internal_subsleeve_mom12_70_30,2025-12-23,2.1572581390888863,-4.820690966619434
internal_subsleeve_mom12_70_30,2025-12-24,2.1637480930192106,-4.534350950302413
internal_subsleeve_mom12_70_30,2025-12-25,2.1718173387833537,-4.178331787674039
internal_subsleeve_mom12_70_30,2025-12-26,2.163685430292637,-4.5371156611681895
internal_subsleeve_mom12_70_30,2025-12-29,2.1407219034870737,-5.550277959513316
internal_subsleeve_mom12_70_30,2025-12-30,2.127329551031685,-6.1411552541396075
internal_subsleeve_mom12_70_30,2025-12-31,2.125804577257811,-6.208437860454252
internal_subsleeve_mom12_70_30,2026-01-05,2.124143562051032,-6.281722682891832
internal_subsleeve_mom12_70_30,2026-01-06,2.140683845231962,-5.551957108781047
internal_subsleeve_mom12_70_30,2026-01-07,2.132204680837476,-5.926062086587958
internal_subsleeve_mom12_70_30,2026-01-08,2.1227191206098985,-6.344569752358842
internal_subsleeve_mom12_70_30,2026-01-09,2.125646006776394,-6.215434069475734
internal_subsleeve_mom12_70_30,2026-01-12,2.136486270895592,-5.737156189833392
internal_subsleeve_mom12_70_30,2026-01-13,2.135350399806252,-5.787271390919169
internal_subsleeve_mom12_70_30,2026-01-14,2.1204474968597076,-6.444794929406184
internal_subsleeve_mom12_70_30,2026-01-15,2.1191269009015117,-6.503060284180295
internal_subsleeve_mom12_70_30,2026-01-16,2.1135711225387745,-6.748184006801294
internal_subsleeve_mom12_70_30,2026-01-19,2.132006474788717,-5.934807036682388
internal_subsleeve_mom12_70_30,2026-01-20,2.159538115249957,-4.720097277022816
internal_subsleeve_mom12_70_30,2026-01-21,2.1372002447604754,-5.705655305494995
internal_subsleeve_mom12_70_30,2026-01-22,2.1403087532594927,-5.568506354379754
internal_subsleeve_mom12_70_30,2026-01-23,2.140261604590593,-5.570586577254533
internal_subsleeve_mom12_70_30,2026-01-26,2.1481676049584957,-5.221769883229932
internal_subsleeve_mom12_70_30,2026-01-27,2.128516310098434,-6.088794850015722
internal_subsleeve_mom12_70_30,2026-01-28,2.140164223517497,-5.574883078949089
internal_subsleeve_mom12_70_30,2026-01-29,2.1453929808118826,-5.344187689572532
internal_subsleeve_mom12_70_30,2026-01-30,2.139593132013757,-5.600079921986046
internal_subsleeve_mom12_70_30,2026-02-02,2.1115448082381674,-6.83758600812957
internal_subsleeve_mom12_70_30,2026-02-03,2.1154984213135593,-6.663150620040104
internal_subsleeve_mom12_70_30,2026-02-04,2.1464546134303935,-5.297347926983964
internal_subsleeve_mom12_70_30,2026-02-05,2.1488102047862654,-5.193418057139276
internal_subsleeve_mom12_70_30,2026-02-06,2.142633960368915,-5.465917052698965
internal_subsleeve_mom12_70_30,2026-02-09,2.15395720864791,-4.966329670141523
internal_subsleeve_mom12_70_30,2026-02-10,2.1483938060635617,-5.211789777236753
internal_subsleeve_mom12_70_30,2026-02-11,2.1548234701055513,-4.928109780974543
internal_subsleeve_mom12_70_30,2026-02-12,2.136776130507604,-5.724367438645894
internal_subsleeve_mom12_70_30,2026-02-13,2.110309251400654,-6.892099394328055
internal_subsleeve_mom12_70_30,2026-02-24,2.131931243241067,-5.938126290226064
internal_subsleeve_mom12_70_30,2026-02-25,2.139965360948457,-5.5836569950469706
internal_subsleeve_mom12_70_30,2026-02-26,2.144390099500761,-5.388435315067808
internal_subsleeve_mom12_70_30,2026-02-27,2.175016472755617,-4.0371843953115105
internal_subsleeve_mom12_70_30,2026-03-02,2.186481376056531,-3.5313471222736204
internal_subsleeve_mom12_70_30,2026-03-03,2.1889032104241455,-3.424494577589199
internal_subsleeve_mom12_70_30,2026-03-04,2.151105625933312,-5.092142927029542
internal_subsleeve_mom12_70_30,2026-03-05,2.1655320607740043,-4.455641399895615
internal_subsleeve_mom12_70_30,2026-03-06,2.189515126632718,-3.397496528137922
internal_subsleeve_mom12_70_30,2026-03-09,2.175363707435498,-4.021864227407324
internal_subsleeve_mom12_70_30,2026-03-10,2.1797590847263484,-3.8279379809819325
internal_subsleeve_mom12_70_30,2026-03-11,2.208222340922283,-2.5721248687350484
internal_subsleeve_mom12_70_30,2026-03-12,2.252417646786033,-0.622205849582691
internal_subsleeve_mom12_70_30,2026-03-13,2.2390405411556857,-1.2124104466554986
internal_subsleeve_mom12_70_30,2026-03-16,2.2235051086508038,-1.897841505904574
internal_subsleeve_mom12_70_30,2026-03-17,2.2188628751845534,-2.10265917036635
internal_subsleeve_mom12_70_30,2026-03-18,2.211655732917039,-2.4206418951491226
internal_subsleeve_mom12_70_30,2026-03-19,2.1934009089987723,-3.226053864900913
internal_subsleeve_mom12_70_30,2026-03-20,2.1857859479790114,-3.562029757189389
internal_subsleeve_mom12_70_30,2026-03-23,2.093227511099661,-7.645754327632814
internal_subsleeve_mom12_70_30,2026-03-24,2.158380914917384,-4.771153534997596
internal_subsleeve_mom12_70_30,2026-03-25,2.217373600938431,-2.1683666956451852
internal_subsleeve_mom12_70_30,2026-03-26,2.212627543908708,-2.377765107702079
internal_subsleeve_mom12_70_30,2026-03-27,2.192625952366021,-3.2602453394859787
internal_subsleeve_mom12_70_30,2026-03-30,2.1573504955535663,-4.816616153163544
internal_subsleeve_mom12_70_30,2026-03-31,2.1416665602978204,-5.508599228122124
internal_subsleeve_mom12_70_30,2026-04-01,2.1388599172290284,-5.632429725340127
internal_subsleeve_mom12_70_30,2026-04-02,2.1403233823616628,-5.567860911068589
internal_subsleeve_mom12_70_30,2026-04-03,2.108849934161129,-6.956485201479145
internal_subsleeve_mom12_70_30,2026-04-07,2.0991294343230926,-7.385358520475704
internal_subsleeve_mom12_70_30,2026-04-08,2.138750504472146,-5.637257070946466
internal_subsleeve_mom12_70_30,2026-04-09,2.1199380304740356,-6.4672728413840535
internal_subsleeve_mom12_70_30,2026-04-10,2.11788034360078,-6.558059016322881
internal_subsleeve_mom12_70_30,2026-04-13,2.1085892589183675,-6.967986323685427
internal_subsleeve_mom12_70_30,2026-04-14,2.1120366320218795,-6.8158864965821575
internal_subsleeve_mom12_70_30,2026-04-15,2.1221195281815577,-6.3710240704569205
internal_subsleeve_mom12_70_30,2026-04-16,2.124316087956851,-6.274110753559558
internal_subsleeve_mom12_70_30,2026-04-17,2.1147590771188236,-6.695770856032112
internal_subsleeve_mom12_70_30,2026-04-20,2.1223844264510734,-6.359336626196177
internal_subsleeve_mom12_70_30,2026-04-21,2.145487857156864,-5.3400016977362625
internal_subsleeve_mom12_70_30,2026-04-22,2.1430097640849186,-5.4493364046192205
internal_subsleeve_mom12_70_30,2026-04-23,2.1612102745867356,-4.64632076999083
internal_subsleeve_mom12_70_30,2026-04-24,2.1428516346252318,-5.456313155541192
internal_subsleeve_mom12_70_30,2026-04-27,2.129061212758377,-6.064753471877394
internal_subsleeve_mom12_70_30,2026-04-28,2.1477839340635603,-5.238697635182509
internal_subsleeve_mom12_70_30,2026-04-29,2.153355103386417,-4.992894855696218
internal_subsleeve_mom12_70_30,2026-04-30,2.1510410470088095,-5.094992181507207
internal_subsleeve_mom12_70_30,2026-05-06,2.1520650308020945,-5.049813503934841
internal_subsleeve_mom12_70_30,2026-05-07,2.1523698688233743,-5.036363897832185
internal_subsleeve_mom12_70_30,2026-05-08,2.155515026609269,-4.897597961833055
internal_subsleeve_mom12_70_30,2026-05-11,2.1576939298550473,-4.801463659856864
internal_subsleeve_mom12_70_30,2026-05-12,2.1665123055476467,-4.412392509765906
internal_subsleeve_mom12_70_30,2026-05-13,2.1675257831615173,-4.367677370088774
internal_subsleeve_mom12_70_30,2026-05-14,2.148395344682441,-5.211721892601551
internal_subsleeve_mom12_70_30,2026-05-15,2.1296208544549637,-6.040061800063878
internal_subsleeve_mom12_70_30,2026-05-18,2.1262724633217474,-6.187794493086718
internal_subsleeve_mom12_70_30,2026-05-19,2.1669858749514934,-4.391498390596416
internal_subsleeve_mom12_70_30,2026-05-20,2.1308924969408087,-5.983956296996295
internal_subsleeve_mom12_70_30,2026-05-21,2.1210794232724477,-6.416914019729814
internal_subsleeve_mom12_70_30,2026-05-22,2.1205654967358303,-6.439588715800182
internal_subsleeve_mom12_70_30,2026-05-25,2.1362545847750387,-5.7473782974557075
internal_subsleeve_mom12_70_30,2026-05-26,2.1398531937756067,-5.588605866864704
internal_subsleeve_mom12_70_30,2026-05-27,2.129830428230505,-6.030815300173065
internal_subsleeve_mom12_70_30,2026-05-28,2.1317949738314597,-5.944138564795254
internal_subsleeve_mom12_70_30,2026-05-29,2.1861601533852464,-3.5455196273367573
v57f_startup_preload_repaired_baseline,2021-05-06,1.0,0.0
v57f_startup_preload_repaired_baseline,2021-05-07,1.009427635504698,0.0
v57f_startup_preload_repaired_baseline,2021-05-10,1.0114215045844683,0.0
v57f_startup_preload_repaired_baseline,2021-05-11,1.0167880505441396,0.0
v57f_startup_preload_repaired_baseline,2021-05-12,1.0203743385533923,0.0
v57f_startup_preload_repaired_baseline,2021-05-13,1.0142504891003352,-0.6001571405391259
v57f_startup_preload_repaired_baseline,2021-05-14,1.0209299257366937,0.0
v57f_startup_preload_repaired_baseline,2021-05-17,1.0171216011011086,-0.373025076411293
v57f_startup_preload_repaired_baseline,2021-05-18,1.017406581146067,-0.34511130507651755
v57f_startup_preload_repaired_baseline,2021-05-19,1.0091332387278187,-1.1554844961922939
v57f_startup_preload_repaired_baseline,2021-05-20,1.0062066175704618,-1.4421467913782293
v57f_startup_preload_repaired_baseline,2021-05-21,1.008377917704311,-1.2294681266518115
v57f_startup_preload_repaired_baseline,2021-05-24,1.0116574184999472,-0.9082413007000079
v57f_startup_preload_repaired_baseline,2021-05-25,1.0155381032860782,-0.5281285536541502
v57f_startup_preload_repaired_baseline,2021-05-26,1.0177604520192856,-0.310449682932068
v57f_startup_preload_repaired_baseline,2021-05-27,1.0181113491876865,-0.27607933492334036
v57f_startup_preload_repaired_baseline,2021-05-28,1.013570006314721,-0.7209034857766361
v57f_startup_preload_repaired_baseline,2021-05-31,1.0091798267699512,-1.1509212014001569
v57f_startup_preload_repaired_baseline,2021-06-01,1.009677922326792,-1.1021327836758577
v57f_startup_preload_repaired_baseline,2021-06-02,1.013198788830071,-0.757264207045738
v57f_startup_preload_repaired_baseline,2021-06-03,1.0203515401497951,-0.05665281938730393
v57f_startup_preload_repaired_baseline,2021-06-04,1.0143648181381981,-0.6430517347954412
v57f_startup_preload_repaired_baseline,2021-06-07,1.0148386284390334,-0.5966420558457974
v57f_startup_preload_repaired_baseline,2021-06-08,1.013962872370439,-0.6824222887998221
v57f_startup_preload_repaired_baseline,2021-06-09,1.0147529857403048,-0.6050307509530284
v57f_startup_preload_repaired_baseline,2021-06-10,1.010982328032401,-0.974366354979217
v57f_startup_preload_repaired_baseline,2021-06-11,1.0096634899460801,-1.1035464341476509
v57f_startup_preload_repaired_baseline,2021-06-15,0.9990940509151639,-2.1388220945500525
v57f_startup_preload_repaired_baseline,2021-06-16,0.9963478345167025,-2.4078137588388393
v57f_startup_preload_repaired_baseline,2021-06-17,0.9945761884154334,-2.581346344828095
v57f_startup_preload_repaired_baseline,2021-06-18,0.9912059896228802,-2.9114570319177413
v57f_startup_preload_repaired_baseline,2021-06-21,0.9899714065063729,-3.032384343908956
v57f_startup_preload_repaired_baseline,2021-06-22,0.9961904145135725,-2.423233034850014
v57f_startup_preload_repaired_baseline,2021-06-23,1.0012959405592305,-1.923147189881369
v57f_startup_preload_repaired_baseline,2021-06-24,1.0058053656671608,-1.4814493814175433
v57f_startup_preload_repaired_baseline,2021-06-25,1.0084868742488047,-1.218795842320941
v57f_startup_preload_repaired_baseline,2021-06-28,1.0066679581357652,-1.3969585219707703
v57f_startup_preload_repaired_baseline,2021-06-29,0.9982674204501459,-2.219790478782835
v57f_startup_preload_repaired_baseline,2021-06-30,0.9988443191846362,-2.1632832964633364
v57f_startup_preload_repaired_baseline,2021-07-01,0.9967026840460889,-2.3730562774053943
v57f_startup_preload_repaired_baseline,2021-07-02,0.9949749615474356,-2.5422865502281455
v57f_startup_preload_repaired_baseline,2021-07-05,0.9977781739548884,-2.267712131672428
v57f_startup_preload_repaired_baseline,2021-07-06,1.0031901382994641,-1.7376106812060366
v57f_startup_preload_repaired_baseline,2021-07-07,0.9997766225400775,-2.071964261538539
v57f_startup_preload_repaired_baseline,2021-07-08,0.9924216592927998,-2.7923822904223905
v57f_startup_preload_repaired_baseline,2021-07-09,0.9933177356776434,-2.7046116842079693
v57f_startup_preload_repaired_baseline,2021-07-12,0.9909843686312698,-2.9331647893282686
v57f_startup_preload_repaired_baseline,2021-07-13,0.9928674969436571,-2.7487125301755677
v57f_startup_preload_repaired_baseline,2021-07-14,0.9887474487444596,-3.1522709033150798
v57f_startup_preload_repaired_baseline,2021-07-15,0.9877912638729162,-3.2459291307251115
v57f_startup_preload_repaired_baseline,2021-07-16,0.9871702551836412,-3.3067568793903157
v57f_startup_preload_repaired_baseline,2021-07-19,0.9840339878366889,-3.6139540011407734
v57f_startup_preload_repaired_baseline,2021-07-20,0.982020789675608,-3.8111465909875464
v57f_startup_preload_repaired_baseline,2021-07-21,0.9814755113356717,-3.864556558331078
v57f_startup_preload_repaired_baseline,2021-07-22,0.9851559666641274,-3.504056269753497
v57f_startup_preload_repaired_baseline,2021-07-23,0.9833439891956607,-3.6815393097534455
v57f_startup_preload_repaired_baseline,2021-07-26,0.9729122326977698,-4.703328977674426
v57f_startup_preload_repaired_baseline,2021-07-27,0.9638786130813191,-5.588171256142482
v57f_startup_preload_repaired_baseline,2021-07-28,0.9600192398463763,-5.966196538549385
v57f_startup_preload_repaired_baseline,2021-07-29,0.9592123746060415,-6.04522892069379
v57f_startup_preload_repaired_baseline,2021-07-30,0.9599567920452201,-5.9723132953984015
v57f_startup_preload_repaired_baseline,2021-08-02,0.9687465678666803,-5.111355496055059
v57f_startup_preload_repaired_baseline,2021-08-03,0.9725514231799789,-4.738670239468723
v57f_startup_preload_repaired_baseline,2021-08-04,0.9710655620064386,-4.884210215923835
v57f_startup_preload_repaired_baseline,2021-08-05,0.970675015440478,-4.922464219074807
v57f_startup_preload_repaired_baseline,2021-08-06,0.969050876992949,-5.0815484428384465
v57f_startup_preload_repaired_baseline,2021-08-09,0.9801026509451758,-3.9990281176308318
v57f_startup_preload_repaired_baseline,2021-08-10,0.9786913306390472,-4.137266822418539
v57f_startup_preload_repaired_baseline,2021-08-11,0.9835805969755966,-3.6583635976921824
v57f_startup_preload_repaired_baseline,2021-08-12,0.9838001555145821,-3.6368578573420796
v57f_startup_preload_repaired_baseline,2021-08-13,0.9828683946719351,-3.728123753184509
v57f_startup_preload_repaired_baseline,2021-08-16,0.9892028815495264,-3.107661298523834
v57f_startup_preload_repaired_baseline,2021-08-17,0.9810940841311498,-3.901917320799342
v57f_startup_preload_repaired_baseline,2021-08-18,0.9930731583687982,-2.728568010952792
v57f_startup_preload_repaired_baseline,2021-08-19,0.9953460600838939,-2.5059374799243694
v57f_startup_preload_repaired_baseline,2021-08-20,0.9944549398737453,-2.593222629246006
v57f_startup_preload_repaired_baseline,2021-08-23,1.0108033777224448,-0.9918945227256115
v57f_startup_preload_repaired_baseline,2021-08-24,1.0103285761866705,-1.0384012930538145
v57f_startup_preload_repaired_baseline,2021-08-25,1.0200739024893133,-0.08384740478272201
v57f_startup_preload_repaired_baseline,2021-08-26,1.020061512052576,-0.08506104701466732
v57f_startup_preload_repaired_baseline,2021-08-27,1.0191941220068668,-0.17002182873367966
v57f_startup_preload_repaired_baseline,2021-08-30,1.0193289299585686,-0.15681740125012
v57f_startup_preload_repaired_baseline,2021-08-31,1.0287917543036007,0.0
v57f_startup_preload_repaired_baseline,2021-09-01,1.045315145119031,0.0
v57f_startup_preload_repaired_baseline,2021-09-02,1.066057231834787,0.0
v57f_startup_preload_repaired_baseline,2021-09-03,1.0802348651671068,0.0
v57f_startup_preload_repaired_baseline,2021-09-06,1.0901382934425181,0.0
v57f_startup_preload_repaired_baseline,2021-09-07,1.0933320524159316,0.0
v57f_startup_preload_repaired_baseline,2021-09-08,1.115913871178446,0.0
v57f_startup_preload_repaired_baseline,2021-09-09,1.1286031652498778,0.0
v57f_startup_preload_repaired_baseline,2021-09-10,1.111918698756862,-1.47832887650301
v57f_startup_preload_repaired_baseline,2021-09-13,1.133967233122202,0.0
v57f_startup_preload_repaired_baseline,2021-09-14,1.1056035409605809,-2.5012796960213746
v57f_startup_preload_repaired_baseline,2021-09-15,1.110408056709847,-2.0775888159914713
v57f_startup_preload_repaired_baseline,2021-09-16,1.0981791912675742,-3.15600317269229
v57f_startup_preload_repaired_baseline,2021-09-17,1.1073937112603902,-2.343411792300709
v57f_startup_preload_repaired_baseline,2021-09-22,1.1503131928835537,0.0
v57f_startup_preload_repaired_baseline,2021-09-23,1.1787532101354765,0.0
v57f_startup_preload_repaired_baseline,2021-09-24,1.1588090675456046,-1.6919693128623292
v57f_startup_preload_repaired_baseline,2021-09-27,1.1236326176483316,-4.676177507996759
v57f_startup_preload_repaired_baseline,2021-09-28,1.1502358765583127,-2.4192793989410433
v57f_startup_preload_repaired_baseline,2021-09-29,1.1218796186587343,-4.824893878355219
v57f_startup_preload_repaired_baseline,2021-09-30,1.13433052072734,-3.7686166218822814
v57f_startup_preload_repaired_baseline,2021-10-08,1.1422496965869875,-3.096790170717212
v57f_startup_preload_repaired_baseline,2021-10-11,1.1410483198409362,-3.1987094474344446
v57f_startup_preload_repaired_baseline,2021-10-12,1.1150021349666652,-5.408347957880366
v57f_startup_preload_repaired_baseline,2021-10-13,1.0928148277098675,-7.29061704236903
v57f_startup_preload_repaired_baseline,2021-10-14,1.0905969395338855,-7.478772472777317
v57f_startup_preload_repaired_baseline,2021-10-15,1.0782302924350937,-8.52790192519005
v57f_startup_preload_repaired_baseline,2021-10-18,1.0964923093335062,-6.9786364180943306
v57f_startup_preload_repaired_baseline,2021-10-19,1.0978612047842462,-6.86250562506916
v57f_startup_preload_repaired_baseline,2021-10-20,1.1016427660764785,-6.541695360484789
v57f_startup_preload_repaired_baseline,2021-10-21,1.0956051540631138,-7.053898590257612
v57f_startup_preload_repaired_baseline,2021-10-22,1.0789890827808877,-8.463529642741985
v57f_startup_preload_repaired_baseline,2021-10-25,1.0841390439063903,-8.026630631038712
v57f_startup_preload_repaired_baseline,2021-10-26,1.0819251206701648,-8.214449694197068
v57f_startup_preload_repaired_baseline,2021-10-27,1.0790520261995131,-8.458189812649975
v57f_startup_preload_repaired_baseline,2021-10-28,1.069435064821469,-9.274048577262695
v57f_startup_preload_repaired_baseline,2021-10-29,1.068674292005797,-9.338589043335709
v57f_startup_preload_repaired_baseline,2021-11-01,1.0671507639045754,-9.467838159106634
v57f_startup_preload_repaired_baseline,2021-11-02,1.046821526540907,-11.192477141114743
v57f_startup_preload_repaired_baseline,2021-11-03,1.0513623737964028,-10.807252548176082
v57f_startup_preload_repaired_baseline,2021-11-04,1.0536075209332065,-10.616784592924821
v57f_startup_preload_repaired_baseline,2021-11-05,1.0381239355687726,-11.930340749658797
v57f_startup_preload_repaired_baseline,2021-11-08,1.0401673663954927,-11.756985478245774
v57f_startup_preload_repaired_baseline,2021-11-09,1.0448826710002501,-11.35696072631186
v57f_startup_preload_repaired_baseline,2021-11-10,1.0389749107638924,-11.858147928650741
v57f_startup_preload_repaired_baseline,2021-11-11,1.047826638769039,-11.10720804326717
v57f_startup_preload_repaired_baseline,2021-11-12,1.044269592190487,-11.408971512326405
v57f_startup_preload_repaired_baseline,2021-11-15,1.0485551964491944,-11.045400561099484
v57f_startup_preload_repaired_baseline,2021-11-16,1.041918382915212,-11.608437291512253
v57f_startup_preload_repaired_baseline,2021-11-17,1.044166008139363,-11.417759106729818
v57f_startup_preload_repaired_baseline,2021-11-18,1.0451047076265831,-11.338124160317909
v57f_startup_preload_repaired_baseline,2021-11-19,1.0525325266418761,-10.707982163551744
v57f_startup_preload_repaired_baseline,2021-11-22,1.0515814367179188,-10.78866825761956
v57f_startup_preload_repaired_baseline,2021-11-23,1.0579798582490747,-10.245855608106558
v57f_startup_preload_repaired_baseline,2021-11-24,1.0604653798585828,-10.03499538833058
v57f_startup_preload_repaired_baseline,2021-11-25,1.0624904728389315,-9.86319581544831
v57f_startup_preload_repaired_baseline,2021-11-26,1.0623982879896057,-9.871016354008312
v57f_startup_preload_repaired_baseline,2021-11-29,1.0593814644528012,-10.12694978526978
v57f_startup_preload_repaired_baseline,2021-11-30,1.0607082324186343,-10.014392894274703
v57f_startup_preload_repaired_baseline,2021-12-01,1.0759752329488999,-8.719210798566069
v57f_startup_preload_repaired_baseline,2021-12-02,1.0738252443662388,-8.901605939819934
v57f_startup_preload_repaired_baseline,2021-12-03,1.096103745237423,-7.011600408583785
v57f_startup_preload_repaired_baseline,2021-12-06,1.0931667161132068,-7.260764448941193
v57f_startup_preload_repaired_baseline,2021-12-07,1.0963327205083289,-6.992175199902517
v57f_startup_preload_repaired_baseline,2021-12-08,1.1021418528682574,-6.4993551329047055
v57f_startup_preload_repaired_baseline,2021-12-09,1.1100241531030757,-5.8306570401196804
v57f_startup_preload_repaired_baseline,2021-12-10,1.1105787490514383,-5.783607671041069
v57f_startup_preload_repaired_baseline,2021-12-13,1.116731839935195,-5.261607745115127
v57f_startup_preload_repaired_baseline,2021-12-14,1.11415562032877,-5.480162365732366
v57f_startup_preload_repaired_baseline,2021-12-15,1.1293353921844047,-4.192380349521352
v57f_startup_preload_repaired_baseline,2021-12-16,1.1334024291390652,-3.847351642944752
v57f_startup_preload_repaired_baseline,2021-12-17,1.1342107812318085,-3.77877476987305
v57f_startup_preload_repaired_baseline,2021-12-20,1.1324151591398348,-3.93110708816784
v57f_startup_preload_repaired_baseline,2021-12-21,1.148723947590975,-2.5475444975501027
v57f_startup_preload_repaired_baseline,2021-12-22,1.1451812739190383,-2.848088635328483
v57f_startup_preload_repaired_baseline,2021-12-23,1.148564358765798,-2.561083279358256
v57f_startup_preload_repaired_baseline,2021-12-24,1.1465412482553272,-2.732714668615588
v57f_startup_preload_repaired_baseline,2021-12-27,1.1538327724665096,-2.1141352960644566
v57f_startup_preload_repaired_baseline,2021-12-28,1.1527136682203944,-2.2090749523464126
v57f_startup_preload_repaired_baseline,2021-12-29,1.153209781307357,-2.1669870002037017
v57f_startup_preload_repaired_baseline,2021-12-30,1.1655972443398677,-1.1160916197290205
v57f_startup_preload_repaired_baseline,2021-12-31,1.1616298264965754,-1.4526690991520708
v57f_startup_preload_repaired_baseline,2022-01-04,1.1777778727215638,-0.08274313957546964
v57f_startup_preload_repaired_baseline,2022-01-05,1.173451132212889,-0.4498039010199628
v57f_startup_preload_repaired_baseline,2022-01-06,1.1771672719991484,-0.13454369605880867
v57f_startup_preload_repaired_baseline,2022-01-07,1.1727349649694716,-0.5105602355316763
v57f_startup_preload_repaired_baseline,2022-01-10,1.1738411831613804,-0.41671377281182753
v57f_startup_preload_repaired_baseline,2022-01-11,1.1785208033083343,-0.019716326126950623
v57f_startup_preload_repaired_baseline,2022-01-12,1.1755921996810996,-0.2681655860783283
v57f_startup_preload_repaired_baseline,2022-01-13,1.1747005838534814,-0.3438061713977758
v57f_startup_preload_repaired_baseline,2022-01-14,1.153160057394372,-2.171205348247829
v57f_startup_preload_repaired_baseline,2022-01-17,1.155110807754297,-2.005712661301018
v57f_startup_preload_repaired_baseline,2022-01-18,1.156109972572795,-1.9209481143282803
v57f_startup_preload_repaired_baseline,2022-01-19,1.162977743847561,-1.3383179916093169
v57f_startup_preload_repaired_baseline,2022-01-20,1.1576845492733745,-1.787368270214984
v57f_startup_preload_repaired_baseline,2022-01-21,1.150012390845621,-2.4382388987557624
v57f_startup_preload_repaired_baseline,2022-01-24,1.1437601764679657,-2.9686480059289977
v57f_startup_preload_repaired_baseline,2022-01-25,1.115260189502234,-5.3864557981517684
v57f_startup_preload_repaired_baseline,2022-01-26,1.1240970489832962,-4.636777289955251
v57f_startup_preload_repaired_baseline,2022-01-27,1.114495947364276,-5.451290585568403
v57f_startup_preload_repaired_baseline,2022-01-28,1.1231677662279969,-4.715613364148641
v57f_startup_preload_repaired_baseline,2022-02-07,1.1541443536887852,-2.087702178462192
v57f_startup_preload_repaired_baseline,2022-02-08,1.1878037185119399,0.0
v57f_startup_preload_repaired_baseline,2022-02-09,1.1845078623398106,-0.2774748151368134
v57f_startup_preload_repaired_baseline,2022-02-10,1.1956210928582545,0.0
v57f_startup_preload_repaired_baseline,2022-02-11,1.1870811082414188,-0.7142718264044667
v57f_startup_preload_repaired_baseline,2022-02-14,1.1767122951621536,-1.5815041913402106
v57f_startup_preload_repaired_baseline,2022-02-15,1.1721273379518728,-1.964983308400603
v57f_startup_preload_repaired_baseline,2022-02-16,1.1869760373378864,-0.7230598031439217
v57f_startup_preload_repaired_baseline,2022-02-17,1.182292947868646,-1.114746558857227
v57f_startup_preload_repaired_baseline,2022-02-18,1.1977239977813137,0.0
v57f_startup_preload_repaired_baseline,2022-02-21,1.1981457682478522,0.0
v57f_startup_preload_repaired_baseline,2022-02-22,1.1866870923531716,-0.9563674302699887
v57f_startup_preload_repaired_baseline,2022-02-23,1.1826934067839963,-1.289689608172906
v57f_startup_preload_repaired_baseline,2022-02-24,1.1618289025532755,-3.0310890925805967
v57f_startup_preload_repaired_baseline,2022-02-25,1.1772168337460973,-1.746776982934306
v57f_startup_preload_repaired_baseline,2022-02-28,1.1809017496317784,-1.4392254325858223
v57f_startup_preload_repaired_baseline,2022-03-01,1.1898293071097577,-0.694110963664829
v57f_startup_preload_repaired_baseline,2022-03-02,1.2029205469489486,0.0
v57f_startup_preload_repaired_baseline,2022-03-03,1.23667110538649,0.0
v57f_startup_preload_repaired_baseline,2022-03-04,1.2134771990491517,-1.875511300968713
v57f_startup_preload_repaired_baseline,2022-03-07,1.1972804201461171,-3.1852191798451
v57f_startup_preload_repaired_baseline,2022-03-08,1.16211784753799,-6.028543686657917
v57f_startup_preload_repaired_baseline,2022-03-09,1.1561739072263593,-6.509184035230886
v57f_startup_preload_repaired_baseline,2022-03-10,1.1696244697309326,-5.421541375352479
v57f_startup_preload_repaired_baseline,2022-03-11,1.1755466028739057,-4.942664403360619
v57f_startup_preload_repaired_baseline,2022-03-14,1.148867514491092,-7.099995343382526
v57f_startup_preload_repaired_baseline,2022-03-15,1.0914646035569313,-11.741723502481138
v57f_startup_preload_repaired_baseline,2022-03-16,1.11876470062902,-9.534176406638162
v57f_startup_preload_repaired_baseline,2022-03-17,1.1178096457653066,-9.611404285542546
v57f_startup_preload_repaired_baseline,2022-03-18,1.143021706438421,-7.572700497340512
v57f_startup_preload_repaired_baseline,2022-03-21,1.1425018037129226,-7.614740998103708
v57f_startup_preload_repaired_baseline,2022-03-22,1.1531704653612311,-6.752049082537825
v57f_startup_preload_repaired_baseline,2022-03-23,1.14570151009597,-7.356005561566814
v57f_startup_preload_repaired_baseline,2022-03-24,1.137321114304311,-8.033663166337979
v57f_startup_preload_repaired_baseline,2022-03-25,1.1456346017375885,-7.361415921531577
v57f_startup_preload_repaired_baseline,2022-03-28,1.1559137080548756,-6.530224323982714
v57f_startup_preload_repaired_baseline,2022-03-29,1.1560504984764557,-6.519163143610318
v57f_startup_preload_repaired_baseline,2022-03-30,1.1616152914239242,-6.069181501504328
v57f_startup_preload_repaired_baseline,2022-03-31,1.1831082386059621,-4.331213573861925
v57f_startup_preload_repaired_baseline,2022-04-01,1.1980940435767042,-3.1194277639186474
v57f_startup_preload_repaired_baseline,2022-04-06,1.2129814011253381,-1.9156026333896015
v57f_startup_preload_repaired_baseline,2022-04-07,1.2060824059499942,-2.473470860866933
v57f_startup_preload_repaired_baseline,2022-04-08,1.2182131391333073,-1.4925525608859624
v57f_startup_preload_repaired_baseline,2022-04-11,1.20556795501666,-2.5150705174848853
v57f_startup_preload_repaired_baseline,2022-04-12,1.222461572081802,-1.1490147414940477
v57f_startup_preload_repaired_baseline,2022-04-13,1.220028090306591,-1.34579153724933
v57f_startup_preload_repaired_baseline,2022-04-14,1.210942926473313,-2.080438266982587
v57f_startup_preload_repaired_baseline,2022-04-15,1.2043913591440836,-2.6102126993836627
v57f_startup_preload_repaired_baseline,2022-04-18,1.2004383142074064,-2.929864781449709
v57f_startup_preload_repaired_baseline,2022-04-19,1.2092414717005429,-2.218021717049401
v57f_startup_preload_repaired_baseline,2022-04-20,1.1986139463022023,-3.077387263155462
v57f_startup_preload_repaired_baseline,2022-04-21,1.1731699366533654,-5.134846965901973
v57f_startup_preload_repaired_baseline,2022-04-22,1.197623702598155,-3.157460590633898
v57f_startup_preload_repaired_baseline,2022-04-25,1.1542983102674766,-6.6608490131472635
v57f_startup_preload_repaired_baseline,2022-04-26,1.135372661577413,-8.191219425104856
v57f_startup_preload_repaired_baseline,2022-04-27,1.1477779668388253,-7.18809861089813
v57f_startup_preload_repaired_baseline,2022-04-28,1.1504458756771065,-6.972365516895939
v57f_startup_preload_repaired_baseline,2022-04-29,1.1606704640727494,-6.1455823607998505
v57f_startup_preload_repaired_baseline,2022-05-05,1.1758769992717368,-4.915947809401889
v57f_startup_preload_repaired_baseline,2022-05-06,1.1604058043440402,-6.166983340216003
v57f_startup_preload_repaired_baseline,2022-05-09,1.1658229032855998,-5.728944566772942
v57f_startup_preload_repaired_baseline,2022-05-10,1.1755265977208054,-4.944282064921013
v57f_startup_preload_repaired_baseline,2022-05-11,1.168442241611871,-5.517138993337756
v57f_startup_preload_repaired_baseline,2022-05-12,1.1712181950585017,-5.292669169911002
v57f_startup_preload_repaired_baseline,2022-05-13,1.1846528978040511,-4.206308965727956
v57f_startup_preload_repaired_baseline,2022-05-16,1.1857031112219072,-4.121386352651468
v57f_startup_preload_repaired_baseline,2022-05-17,1.1783702525137687,-4.714337758744747
v57f_startup_preload_repaired_baseline,2022-05-18,1.1762549571539722,-4.885385287112076
v57f_startup_preload_repaired_baseline,2022-05-19,1.1776773792914175,-4.770365041935354
v57f_startup_preload_repaired_baseline,2022-05-20,1.1862101080684997,-4.080389450210376
v57f_startup_preload_repaired_baseline,2022-05-23,1.187766346922708,-3.954548485104137
v57f_startup_preload_repaired_baseline,2022-05-24,1.1692748591359203,-5.4498116724015055
v57f_startup_preload_repaired_baseline,2022-05-25,1.200746072831263,-2.90497872868144
v57f_startup_preload_repaired_baseline,2022-05-26,1.2064382394683912,-2.4446973642721526
v57f_startup_preload_repaired_baseline,2022-05-27,1.206285172969113,-2.457074664801895
v57f_startup_preload_repaired_baseline,2022-05-30,1.2090110690513252,-2.2366525921635794
v57f_startup_preload_repaired_baseline,2022-05-31,1.2141734206135653,-1.8192132633270908
v57f_startup_preload_repaired_baseline,2022-06-01,1.214192254077406,-1.8176903471888717
v57f_startup_preload_repaired_baseline,2022-06-02,1.2076040110554342,-2.350430458385422
v57f_startup_preload_repaired_baseline,2022-06-06,1.2061820845354585,-2.4654106268216736
v57f_startup_preload_repaired_baseline,2022-06-07,1.2195013084106163,-1.3883883031703736
v57f_startup_preload_repaired_baseline,2022-06-08,1.2201104222806232,-1.3391339891208442
v57f_startup_preload_repaired_baseline,2022-06-09,1.2232476808625143,-1.0854482218843886
v57f_startup_preload_repaired_baseline,2022-06-10,1.2317222439733768,-0.4001760364221174
v57f_startup_preload_repaired_baseline,2022-06-13,1.2178885691648853,-1.518798016691325
v57f_startup_preload_repaired_baseline,2022-06-14,1.2324825211715793,-0.3386983165262647
v57f_startup_preload_repaired_baseline,2022-06-15,1.2300619254505747,-0.5344331170291095
v57f_startup_preload_repaired_baseline,2022-06-16,1.2154550873896737,-1.715574812446663
v57f_startup_preload_repaired_baseline,2022-06-17,1.2148920659443299,-1.7611019896315638
v57f_startup_preload_repaired_baseline,2022-06-20,1.2100369972131757,-2.1536937393706213
v57f_startup_preload_repaired_baseline,2022-06-21,1.2141927496948752,-1.817650270448401
v57f_startup_preload_repaired_baseline,2022-06-22,1.2030626681824688,-2.7176536314008737
v57f_startup_preload_repaired_baseline,2022-06-23,1.2089931475236282,-2.238101767099332
v57f_startup_preload_repaired_baseline,2022-06-24,1.2046525297258075,-2.5890938602204927
v57f_startup_preload_repaired_baseline,2022-06-27,1.204146504289455,-2.6300122122502656
v57f_startup_preload_repaired_baseline,2022-06-28,1.2129898067976206,-1.914922931871077
v57f_startup_preload_repaired_baseline,2022-06-29,1.2078872267022012,-2.3275290058057285
v57f_startup_preload_repaired_baseline,2022-06-30,1.2109853315040027,-2.0770093010671564
v57f_startup_preload_repaired_baseline,2022-07-01,1.2147027225261255,-1.7764127232113847
v57f_startup_preload_repaired_baseline,2022-07-04,1.2244227723378243,-0.9904276889236341
v57f_startup_preload_repaired_baseline,2022-07-05,1.2298378888095056,-0.5525492224425221
v57f_startup_preload_repaired_baseline,2022-07-06,1.2264850366283848,-0.8236683717876447
v57f_startup_preload_repaired_baseline,2022-07-07,1.23320303230387,-0.2804361699334845
v57f_startup_preload_repaired_baseline,2022-07-08,1.2414591074094814,0.0
v57f_startup_preload_repaired_baseline,2022-07-11,1.2523507969190621,0.0
v57f_startup_preload_repaired_baseline,2022-07-12,1.271103697148899,0.0
v57f_startup_preload_repaired_baseline,2022-07-13,1.2962989068280502,0.0
v57f_startup_preload_repaired_baseline,2022-07-14,1.27006636978525,-2.023648782285048
v57f_startup_preload_repaired_baseline,2022-07-15,1.2595158673066085,-2.837543048728408
v57f_startup_preload_repaired_baseline,2022-07-18,1.290669390204006,-0.4342761221498792
v57f_startup_preload_repaired_baseline,2022-07-19,1.2867556774697078,-0.7361904965031529
v57f_startup_preload_repaired_baseline,2022-07-20,1.2854824361905801,-0.8344117688054764
v57f_startup_preload_repaired_baseline,2022-07-21,1.2700523775128516,-2.0247281839820386
v57f_startup_preload_repaired_baseline,2022-07-22,1.2770837025525497,-1.4823127732567998
v57f_startup_preload_repaired_baseline,2022-07-25,1.2753792740749634,-1.6137969910254402
v57f_startup_preload_repaired_baseline,2022-07-26,1.2673601834185648,-2.232411310158111
v57f_startup_preload_repaired_baseline,2022-07-27,1.2635191480299934,-2.5287191577030965
v57f_startup_preload_repaired_baseline,2022-07-28,1.2667689117774596,-2.2780236020447098
v57f_startup_preload_repaired_baseline,2022-07-29,1.2615002800050614,-2.6844600917035777
v57f_startup_preload_repaired_baseline,2022-08-01,1.258452232567679,-2.919594706207018
v57f_startup_preload_repaired_baseline,2022-08-02,1.2220317828219787,-5.7291665999933405
v57f_startup_preload_repaired_baseline,2022-08-03,1.2024206951716059,-7.242018886381496
v57f_startup_preload_repaired_baseline,2022-08-04,1.206506565590107,-6.926823803134918
v57f_startup_preload_repaired_baseline,2022-08-05,1.2136697248766903,-6.374238342416527
v57f_startup_preload_repaired_baseline,2022-08-08,1.2142728913370635,-6.327708452034287
v57f_startup_preload_repaired_baseline,2022-08-09,1.2082739374863192,-6.790483959993587
v57f_startup_preload_repaired_baseline,2022-08-10,1.200962588576357,-7.354501168636651
v57f_startup_preload_repaired_baseline,2022-08-11,1.2188588397822833,-5.9739359987008855
v57f_startup_preload_repaired_baseline,2022-08-12,1.2248741490095212,-5.509898792810075
v57f_startup_preload_repaired_baseline,2022-08-15,1.2277031335253876,-5.291663283934367
v57f_startup_preload_repaired_baseline,2022-08-16,1.2310064239595593,-5.036838535045662
v57f_startup_preload_repaired_baseline,2022-08-17,1.2373359546624558,-4.548561435562148
v57f_startup_preload_repaired_baseline,2022-08-18,1.2256418604697659,-5.450675456571741
v57f_startup_preload_repaired_baseline,2022-08-19,1.2333303742740123,-4.857562728963282
v57f_startup_preload_repaired_baseline,2022-08-22,1.2325106229794707,-4.9208005586199866
v57f_startup_preload_repaired_baseline,2022-08-23,1.2412131701263,-4.2494625592596424
v57f_startup_preload_repaired_baseline,2022-08-24,1.2262653472463882,-5.402578002092817
v57f_startup_preload_repaired_baseline,2022-08-25,1.2469995040826323,-3.8030891244095866
v57f_startup_preload_repaired_baseline,2022-08-26,1.2459745156115039,-3.882159504375915
v57f_startup_preload_repaired_baseline,2022-08-29,1.246628730671235,-3.8316915871166257
v57f_startup_preload_repaired_baseline,2022-08-30,1.2459175196025123,-3.8865563305007678
v57f_startup_preload_repaired_baseline,2022-08-31,1.23855710456307,-4.454358632938293
v57f_startup_preload_repaired_baseline,2022-09-01,1.2411486883110496,-4.254436860704381
v57f_startup_preload_repaired_baseline,2022-09-02,1.2474157712127896,-3.7709771533229186
v57f_startup_preload_repaired_baseline,2022-09-05,1.269450923906453,-2.0711259401808957
v57f_startup_preload_repaired_baseline,2022-09-06,1.2804580922864253,-1.222003232293567
v57f_startup_preload_repaired_baseline,2022-09-07,1.2817863471046667,-1.1195380669489774
v57f_startup_preload_repaired_baseline,2022-09-08,1.2959347390062865,-0.028092889675790378
v57f_startup_preload_repaired_baseline,2022-09-09,1.3042834152798979,0.0
v57f_startup_preload_repaired_baseline,2022-09-13,1.3021557294833637,-0.16313063338903033
v57f_startup_preload_repaired_baseline,2022-09-14,1.2900160751855994,-1.093883424963793
v57f_startup_preload_repaired_baseline,2022-09-15,1.281769991728173,-1.7261143772876575
v57f_startup_preload_repaired_baseline,2022-09-16,1.244338977962176,-4.595967150656266
v57f_startup_preload_repaired_baseline,2022-09-19,1.2420437734609533,-4.771941518982514
v57f_startup_preload_repaired_baseline,2022-09-20,1.2419496061417499,-4.77916136998271
v57f_startup_preload_repaired_baseline,2022-09-21,1.258188016912222,-3.534155063819766
v57f_startup_preload_repaired_baseline,2022-09-22,1.252870041464561,-3.9418866492528015
v57f_startup_preload_repaired_baseline,2022-09-23,1.2441798847544692,-4.608164898925016
v57f_startup_preload_repaired_baseline,2022-09-26,1.216424810845386,-6.736158982413931
v57f_startup_preload_repaired_baseline,2022-09-27,1.2255322774647912,-6.037885393046016
v57f_startup_preload_repaired_baseline,2022-09-28,1.209285441197338,-7.283537685877384
v57f_startup_preload_repaired_baseline,2022-09-29,1.2004168621982283,-7.963495653234231
v57f_startup_preload_repaired_baseline,2022-09-30,1.2013644827998988,-7.890841152642636
v57f_startup_preload_repaired_baseline,2022-10-10,1.203017223182907,-7.764124799153349
v57f_startup_preload_repaired_baseline,2022-10-11,1.2102686023790608,-7.208158272921194
v57f_startup_preload_repaired_baseline,2022-10-12,1.2175958110480463,-6.646377866673136
v57f_startup_preload_repaired_baseline,2022-10-13,1.2121782164890171,-7.061747294480092
v57f_startup_preload_repaired_baseline,2022-10-14,1.219834019540277,-6.474773408162838
v57f_startup_preload_repaired_baseline,2022-10-17,1.2237850820070761,-6.171843659880228
v57f_startup_preload_repaired_baseline,2022-10-18,1.2262046864931415,-5.986331488390562
v57f_startup_preload_repaired_baseline,2022-10-19,1.2293696996533245,-5.743668496351839
v57f_startup_preload_repaired_baseline,2022-10-20,1.220647823425185,-6.412378695834664
v57f_startup_preload_repaired_baseline,2022-10-21,1.2239977019014887,-6.155541996306068
v57f_startup_preload_repaired_baseline,2022-10-24,1.2041521871880458,-7.677106594992933
v57f_startup_preload_repaired_baseline,2022-10-25,1.2058863527138022,-7.544147338941654
v57f_startup_preload_repaired_baseline,2022-10-26,1.2063056450929932,-7.512000002382823
v57f_startup_preload_repaired_baseline,2022-10-27,1.2036724294775762,-7.71388983587824
v57f_startup_preload_repaired_baseline,2022-10-28,1.1840117800802545,-9.221280727075198
v57f_startup_preload_repaired_baseline,2022-10-31,1.178913363171579,-9.612178659913017
v57f_startup_preload_repaired_baseline,2022-11-01,1.1903090956476337,-8.738462691239956
v57f_startup_preload_repaired_baseline,2022-11-02,1.194200188400624,-8.440130848068039
v57f_startup_preload_repaired_baseline,2022-11-03,1.191571928959902,-8.641640689405538
v57f_startup_preload_repaired_baseline,2022-11-04,1.2057396499428321,-7.555395106815677
v57f_startup_preload_repaired_baseline,2022-11-07,1.2072973756494487,-7.435963571585857
v57f_startup_preload_repaired_baseline,2022-11-08,1.205237093828766,-7.593926311627341
v57f_startup_preload_repaired_baseline,2022-11-09,1.2051117026089844,-7.603540113222351
v57f_startup_preload_repaired_baseline,2022-11-10,1.2122238132962104,-7.058251366627366
v57f_startup_preload_repaired_baseline,2022-11-11,1.2219721133036703,-6.3108447912422205
v57f_startup_preload_repaired_baseline,2022-11-14,1.2214680703371958,-6.349489993701251
v57f_startup_preload_repaired_baseline,2022-11-15,1.224823400605664,-6.092235302798965
v57f_startup_preload_repaired_baseline,2022-11-16,1.2245845129853685,-6.11055092481001
v57f_startup_preload_repaired_baseline,2022-11-17,1.2245413942655228,-6.1138568565837765
v57f_startup_preload_repaired_baseline,2022-11-18,1.2199048928384146,-6.469339520304773
v57f_startup_preload_repaired_baseline,2022-11-21,1.2141458178429045,-6.9108904077914595
v57f_startup_preload_repaired_baseline,2022-11-22,1.2280706862657829,-5.843264440939
v57f_startup_preload_repaired_baseline,2022-11-23,1.2388781208055495,-5.0146535414093645
v57f_startup_preload_repaired_baseline,2022-11-24,1.2397940218891725,-4.944430990628367
v57f_startup_preload_repaired_baseline,2022-11-25,1.2546268615161622,-3.8071904604475404
v57f_startup_preload_repaired_baseline,2022-11-28,1.2558921729157781,-3.710178462534164
v57f_startup_preload_repaired_baseline,2022-11-29,1.2632198772022338,-3.148360057070254
v57f_startup_preload_repaired_baseline,2022-11-30,1.2631604031058947,-3.1529199629651172
v57f_startup_preload_repaired_baseline,2022-12-01,1.2553707833378716,-3.75015363754585
v57f_startup_preload_repaired_baseline,2022-12-02,1.2516586084913683,-4.034767763817371
v57f_startup_preload_repaired_baseline,2022-12-05,1.279340331014967,-1.9123975642654445
v57f_startup_preload_repaired_baseline,2022-12-06,1.2723501422252363,-2.4483385037759375
v57f_startup_preload_repaired_baseline,2022-12-07,1.272791241773085,-2.4145192017223316
v57f_startup_preload_repaired_baseline,2022-12-08,1.27784158378722,-2.0273071928161857
v57f_startup_preload_repaired_baseline,2022-12-09,1.2678762033281223,-2.7913574247175887
v57f_startup_preload_repaired_baseline,2022-12-12,1.2499026357969547,-4.169398985363404
v57f_startup_preload_repaired_baseline,2022-12-13,1.2683777682072495,-2.752902218337505
v57f_startup_preload_repaired_baseline,2022-12-14,1.258995729509745,-3.4722273732534004
v57f_startup_preload_repaired_baseline,2022-12-15,1.247373995467601,-4.3632709843269835
v57f_startup_preload_repaired_baseline,2022-12-16,1.2611452224749364,-3.307424774369616
v57f_startup_preload_repaired_baseline,2022-12-19,1.2409849906683654,-4.853118875083506
v57f_startup_preload_repaired_baseline,2022-12-20,1.2331393661262897,-5.454646461048551
v57f_startup_preload_repaired_baseline,2022-12-21,1.2385391184564172,-5.040645005010058
v57f_startup_preload_repaired_baseline,2022-12-22,1.2291664964908333,-5.759248174825915
v57f_startup_preload_repaired_baseline,2022-12-23,1.2247163472322546,-6.100443133409639
v57f_startup_preload_repaired_baseline,2022-12-26,1.2281975643379741,-5.833536641696535
v57f_startup_preload_repaired_baseline,2022-12-27,1.245477267411851,-4.508693983157574
v57f_startup_preload_repaired_baseline,2022-12-28,1.2454029247914271,-4.514393865526156
v57f_startup_preload_repaired_baseline,2022-12-29,1.2373793735778034,-5.129563169960038
v57f_startup_preload_repaired_baseline,2022-12-30,1.2523058849065274,-3.9851407879947787
v57f_startup_preload_repaired_baseline,2023-01-03,1.2549255865699656,-3.7842870753163838
v57f_startup_preload_repaired_baseline,2023-01-04,1.2608977770773573,-3.3263965250397765
v57f_startup_preload_repaired_baseline,2023-01-05,1.2600938855418393,-3.388031253052126
v57f_startup_preload_repaired_baseline,2023-01-06,1.2599491652407473,-3.3991270240629756
v57f_startup_preload_repaired_baseline,2023-01-09,1.25929148085873,-3.4495519834170874
v57f_startup_preload_repaired_baseline,2023-01-10,1.2501483297815212,-4.150561516321916
v57f_startup_preload_repaired_baseline,2023-01-11,1.2492284637581421,-4.221088060829247
v57f_startup_preload_repaired_baseline,2023-01-12,1.2471726424946847,-4.378708807928621
v57f_startup_preload_repaired_baseline,2023-01-13,1.2565868963277063,-3.656913703986342
v57f_startup_preload_repaired_baseline,2023-01-16,1.2593797007682996,-3.4427881230063795
v57f_startup_preload_repaired_baseline,2023-01-17,1.2617918709923226,-3.2578459397535675
v57f_startup_preload_repaired_baseline,2023-01-18,1.2648666817730576,-3.0220988049887487
v57f_startup_preload_repaired_baseline,2023-01-19,1.2673269268916216,-2.833470697804241
v57f_startup_preload_repaired_baseline,2023-01-20,1.2740653420068497,-2.316833359915371
v57f_startup_preload_repaired_baseline,2023-01-30,1.2756151378339544,-2.198009812138202
v57f_startup_preload_repaired_baseline,2023-01-31,1.2782250594283053,-1.9979059417849387
v57f_startup_preload_repaired_baseline,2023-02-01,1.2827133712320349,-1.653785043585343
v57f_startup_preload_repaired_baseline,2023-02-02,1.2779058817779518,-2.0223774367540748
v57f_startup_preload_repaired_baseline,2023-02-03,1.272198350999269,-2.4599764057985474
v57f_startup_preload_repaired_baseline,2023-02-06,1.2716259128220049,-2.5038655000366394
v57f_startup_preload_repaired_baseline,2023-02-07,1.2779906323652355,-2.0158795708538513
v57f_startup_preload_repaired_baseline,2023-02-08,1.2707774157142329,-2.5689201574701226
v57f_startup_preload_repaired_baseline,2023-02-09,1.2752855522167421,-2.223279290638902
v57f_startup_preload_repaired_baseline,2023-02-10,1.2783083231631807,-1.9915220735320815
v57f_startup_preload_repaired_baseline,2023-02-13,1.2804637635380065,-1.8262634840587655
v57f_startup_preload_repaired_baseline,2023-02-14,1.2802957492158482,-1.8391452182117907
v57f_startup_preload_repaired_baseline,2023-02-15,1.274017762729779,-2.320481284631215
v57f_startup_preload_repaired_baseline,2023-02-16,1.2604314010385647,-3.3621537870986873
v57f_startup_preload_repaired_baseline,2023-02-17,1.2589866761149924,-3.4729215011282566
v57f_startup_preload_repaired_baseline,2023-02-20,1.2736966026095478,-2.3451047764635025
v57f_startup_preload_repaired_baseline,2023-02-21,1.2799567468667152,-1.8651366818125292
v57f_startup_preload_repaired_baseline,2023-02-22,1.2770975296852094,-2.084354157708468
v57f_startup_preload_repaired_baseline,2023-02-23,1.2786696282984418,-1.963820645220693
v57f_startup_preload_repaired_baseline,2023-02-24,1.27555219441533,-2.202835712543516
v57f_startup_preload_repaired_baseline,2023-02-27,1.274072776268893,-2.3162633716784398
v57f_startup_preload_repaired_baseline,2023-02-28,1.283101439710649,-1.6240316576212277
v57f_startup_preload_repaired_baseline,2023-03-01,1.2906685272348697,-1.043859630930477
v57f_startup_preload_repaired_baseline,2023-03-02,1.3022030326023828,-0.1595038818360428
v57f_startup_preload_repaired_baseline,2023-03-03,1.3157988110255174,0.0
v57f_startup_preload_repaired_baseline,2023-03-06,1.3162701432390056,0.0
v57f_startup_preload_repaired_baseline,2023-03-07,1.3134401674882,-0.21499961579632965
v57f_startup_preload_repaired_baseline,2023-03-08,1.3207901745607828,0.0
v57f_startup_preload_repaired_baseline,2023-03-09,1.3217838875871166,0.0
v57f_startup_preload_repaired_baseline,2023-03-10,1.3061248536384822,-1.1846894258349283
v57f_startup_preload_repaired_baseline,2023-03-13,1.3168024364012418,-0.3768733476520403
v57f_startup_preload_repaired_baseline,2023-03-14,1.3116782473841524,-0.7645455734380135
v57f_startup_preload_repaired_baseline,2023-03-15,1.333565706071907,0.0
v57f_startup_preload_repaired_baseline,2023-03-16,1.3292964571896935,-0.3201378726803705
v57f_startup_preload_repaired_baseline,2023-03-17,1.3365755909641386,0.0
v57f_startup_preload_repaired_baseline,2023-03-20,1.3306514753512877,-0.4432308694622744
v57f_startup_preload_repaired_baseline,2023-03-21,1.3227121791074776,-1.0372336551994432
v57f_startup_preload_repaired_baseline,2023-03-22,1.3289678628074193,-0.5691955029069051
v57f_startup_preload_repaired_baseline,2023-03-23,1.3268332383663124,-0.7289039739831304
v57f_startup_preload_repaired_baseline,2023-03-24,1.313273144400981,-1.7434439713468253
v57f_startup_preload_repaired_baseline,2023-03-27,1.2987520481623027,-2.8298842996640317
v57f_startup_preload_repaired_baseline,2023-03-28,1.2978386251660268,-2.8982248411531186
v57f_startup_preload_repaired_baseline,2023-03-29,1.291464488890876,-3.3751253859665153
v57f_startup_preload_repaired_baseline,2023-03-30,1.2951533697163133,-3.099130459052102
v57f_startup_preload_repaired_baseline,2023-03-31,1.3008985674226774,-2.6692858812216946
v57f_startup_preload_repaired_baseline,2023-04-03,1.3033855753889763,-2.4832127565056594
v57f_startup_preload_repaired_baseline,2023-04-04,1.3171468900469219,-1.4536178161986157
v57f_startup_preload_repaired_baseline,2023-04-06,1.311229217461174,-1.8963666308376204
v57f_startup_preload_repaired_baseline,2023-04-07,1.309859330775495,-1.9988589025011105
v57f_startup_preload_repaired_baseline,2023-04-10,1.3071730840908424,-2.1998386826806104
v57f_startup_preload_repaired_baseline,2023-04-11,1.3073822346629687,-2.1841904414931945
v57f_startup_preload_repaired_baseline,2023-04-12,1.3238729147254127,-0.9503896618045293
v57f_startup_preload_repaired_baseline,2023-04-13,1.3322825519477717,-0.3211968739658122
v57f_startup_preload_repaired_baseline,2023-04-14,1.3342154600787948,-0.176580426973183
v57f_startup_preload_repaired_baseline,2023-04-17,1.3523957000947406,0.0
v57f_startup_preload_repaired_baseline,2023-04-18,1.3519883025348174,-0.03012413895538968
v57f_startup_preload_repaired_baseline,2023-04-19,1.3548613970054688,0.0
v57f_startup_preload_repaired_baseline,2023-04-20,1.3560538526370693,0.0
v57f_startup_preload_repaired_baseline,2023-04-21,1.3442071082637759,-0.8736190196470095
v57f_startup_preload_repaired_baseline,2023-04-24,1.345624574226526,-0.7690902828277668
v57f_startup_preload_repaired_baseline,2023-04-25,1.351427759176821,-0.34114378652826405
v57f_startup_preload_repaired_baseline,2023-04-26,1.3561301777273715,0.0
v57f_startup_preload_repaired_baseline,2023-04-27,1.364307865974008,0.0
v57f_startup_preload_repaired_baseline,2023-04-28,1.3852665375239324,0.0
v57f_startup_preload_repaired_baseline,2023-05-04,1.446109529313845,0.0
v57f_startup_preload_repaired_baseline,2023-05-05,1.4526809213418534,0.0
v57f_startup_preload_repaired_baseline,2023-05-08,1.5014045791502513,0.0
v57f_startup_preload_repaired_baseline,2023-05-09,1.4784783062464395,-1.526988342928015
v57f_startup_preload_repaired_baseline,2023-05-10,1.4471666813762736,-3.6124771781816944
v57f_startup_preload_repaired_baseline,2023-05-11,1.4468871531234797,-3.6310949616010113
v57f_startup_preload_repaired_baseline,2023-05-12,1.449231423754182,-3.4749564588112403
v57f_startup_preload_repaired_baseline,2023-05-15,1.4527686456339541,-3.239362273946411
v57f_startup_preload_repaired_baseline,2023-05-16,1.4459405237567475,-3.6941445472941536
v57f_startup_preload_repaired_baseline,2023-05-17,1.4360400691861535,-4.353557386983065
v57f_startup_preload_repaired_baseline,2023-05-18,1.4400069914119762,-4.089343311649163
v57f_startup_preload_repaired_baseline,2023-05-19,1.4196212536567858,-5.447121091088736
v57f_startup_preload_repaired_baseline,2023-05-22,1.4208672359750916,-5.364133311804697
v57f_startup_preload_repaired_baseline,2023-05-23,1.396512097906731,-6.986290217849622
v57f_startup_preload_repaired_baseline,2023-05-24,1.3718883351699052,-8.626338681719503
v57f_startup_preload_repaired_baseline,2023-05-25,1.3782624714450562,-8.201793801301028
v57f_startup_preload_repaired_baseline,2023-05-26,1.3909022037695387,-7.359933286153531
v57f_startup_preload_repaired_baseline,2023-05-29,1.4176690164444528,-5.577148482735428
v57f_startup_preload_repaired_baseline,2023-05-30,1.4211254526766977,-5.346934969319806
v57f_startup_preload_repaired_baseline,2023-05-31,1.4080082424821054,-6.220597563449903
v57f_startup_preload_repaired_baseline,2023-06-01,1.3973643617072717,-6.92952578457321
v57f_startup_preload_repaired_baseline,2023-06-02,1.3928532514999454,-7.229985119117099
v57f_startup_preload_repaired_baseline,2023-06-05,1.4024508837966794,-6.590741544799117
v57f_startup_preload_repaired_baseline,2023-06-06,1.3876666146817,-7.575437430257703
v57f_startup_preload_repaired_baseline,2023-06-07,1.4111271632176254,-6.012864033205501
v57f_startup_preload_repaired_baseline,2023-06-08,1.4273269158254773,-4.933890861495815
v57f_startup_preload_repaired_baseline,2023-06-09,1.4183666475945116,-5.5306832487973745
v57f_startup_preload_repaired_baseline,2023-06-12,1.4038222573347672,-6.49940217117978
v57f_startup_preload_repaired_baseline,2023-06-13,1.4011905285717587,-6.674686621457527
v57f_startup_preload_repaired_baseline,2023-06-14,1.3852212380872215,-7.738310024922523
v57f_startup_preload_repaired_baseline,2023-06-15,1.3823942360412327,-7.926600515390381
v57f_startup_preload_repaired_baseline,2023-06-16,1.3808515771056884,-8.029348232892175
v57f_startup_preload_repaired_baseline,2023-06-19,1.371610571315303,-8.644838948633527
v57f_startup_preload_repaired_baseline,2023-06-20,1.3587243386861931,-9.503117443854524
v57f_startup_preload_repaired_baseline,2023-06-21,1.3585077538520247,-9.517542924979072
v57f_startup_preload_repaired_baseline,2023-06-26,1.3536140269582497,-9.843486175834526
v57f_startup_preload_repaired_baseline,2023-06-27,1.3778175060809457,-8.231430407602202
v57f_startup_preload_repaired_baseline,2023-06-28,1.3928986302354525,-7.2269627002343295
v57f_startup_preload_repaired_baseline,2023-06-29,1.3858460610485415,-7.696694129380665
v57f_startup_preload_repaired_baseline,2023-06-30,1.3889778678382683,-7.4881023325247265
v57f_startup_preload_repaired_baseline,2023-07-03,1.4022537109606241,-6.6038741033908055
v57f_startup_preload_repaired_baseline,2023-07-04,1.3919349552457776,-7.291147597700154
v57f_startup_preload_repaired_baseline,2023-07-05,1.388195676071103,-7.540199667115777
v57f_startup_preload_repaired_baseline,2023-07-06,1.3853924636636499,-7.726905665377726
v57f_startup_preload_repaired_baseline,2023-07-07,1.3950247891832481,-7.085351373259485
v57f_startup_preload_repaired_baseline,2023-07-10,1.403674800878311,-6.509223405143216
v57f_startup_preload_repaired_baseline,2023-07-11,1.4026057539966146,-6.5804265236458654
v57f_startup_preload_repaired_baseline,2023-07-12,1.3903312917471484,-7.397958481381939
v57f_startup_preload_repaired_baseline,2023-07-13,1.4058657274639523,-6.363298275030638
v57f_startup_preload_repaired_baseline,2023-07-14,1.4028470800548603,-6.564353170627168
v57f_startup_preload_repaired_baseline,2023-07-17,1.4029466991662285,-6.557718109514954
v57f_startup_preload_repaired_baseline,2023-07-18,1.407725442807081,-6.239433237654691
v57f_startup_preload_repaired_baseline,2023-07-19,1.413851770347485,-5.8313934843810316
v57f_startup_preload_repaired_baseline,2023-07-20,1.3994858023767578,-6.788228715219214
v57f_startup_preload_repaired_baseline,2023-07-21,1.404907361875543,-6.427129543545329
v57f_startup_preload_repaired_baseline,2023-07-24,1.4205748213211589,-5.3836093849427
v57f_startup_preload_repaired_baseline,2023-07-25,1.4203874779176906,-5.396087261064164
v57f_startup_preload_repaired_baseline,2023-07-26,1.42381606044815,-5.167728923939608
v57f_startup_preload_repaired_baseline,2023-07-27,1.4256037526606116,-5.048660936717042
v57f_startup_preload_repaired_baseline,2023-07-28,1.446890027357871,-3.6309035252332644
v57f_startup_preload_repaired_baseline,2023-07-31,1.4588874394418905,-2.8318242996450804
v57f_startup_preload_repaired_baseline,2023-08-01,1.466184911062707,-2.345781315485096
v57f_startup_preload_repaired_baseline,2023-08-02,1.4513684268122105,-3.3326228674725233
v57f_startup_preload_repaired_baseline,2023-08-03,1.45577843105576,-3.038897624803716
v57f_startup_preload_repaired_baseline,2023-08-04,1.4487540446606342,-3.5067519588501406
v57f_startup_preload_repaired_baseline,2023-08-07,1.4354972685866327,-4.389710240588185
v57f_startup_preload_repaired_baseline,2023-08-08,1.435995859760943,-4.356501924772838
v57f_startup_preload_repaired_baseline,2023-08-09,1.4266143166809078,-4.981353028220581
v57f_startup_preload_repaired_baseline,2023-08-10,1.441352493371224,-3.9997270964109433
v57f_startup_preload_repaired_baseline,2023-08-11,1.4160085984512247,-5.687739459763607
v57f_startup_preload_repaired_baseline,2023-08-14,1.4198174187042794,-5.434055655548065
v57f_startup_preload_repaired_baseline,2023-08-15,1.4325339717365333,-4.587078550985679
v57f_startup_preload_repaired_baseline,2023-08-16,1.4277070540776464,-4.908572019562863
v57f_startup_preload_repaired_baseline,2023-08-17,1.4266038095905547,-4.9820528456115065
v57f_startup_preload_repaired_baseline,2023-08-18,1.4336004414073886,-4.51604708580533
v57f_startup_preload_repaired_baseline,2023-08-21,1.4284965727065488,-4.855986684479552
v57f_startup_preload_repaired_baseline,2023-08-22,1.4303506776599224,-4.732495323182184
v57f_startup_preload_repaired_baseline,2023-08-23,1.4239215278456578,-5.160704341826805
v57f_startup_preload_repaired_baseline,2023-08-24,1.4052759030258577,-6.402583118455619
v57f_startup_preload_repaired_baseline,2023-08-25,1.4149017855183528,-5.761457959643124
v57f_startup_preload_repaired_baseline,2023-08-28,1.431314158020617,-4.668323388843221
v57f_startup_preload_repaired_baseline,2023-08-29,1.4194133913431486,-5.460965614844948
v57f_startup_preload_repaired_baseline,2023-08-30,1.391381762886088,-7.327992587210086
v57f_startup_preload_repaired_baseline,2023-08-31,1.3878911290484484,-7.56048380817168
v57f_startup_preload_repaired_baseline,2023-09-01,1.3973777430320158,-6.92863453081457
v57f_startup_preload_repaired_baseline,2023-09-04,1.4182962695669115,-5.535370728013667
v57f_startup_preload_repaired_baseline,2023-09-05,1.4076454501475046,-6.244761092697038
v57f_startup_preload_repaired_baseline,2023-09-06,1.4024821073503255,-6.58866192188603
v57f_startup_preload_repaired_baseline,2023-09-07,1.3980775548989401,-6.8820240517576625
v57f_startup_preload_repaired_baseline,2023-09-08,1.4004981506199445,-6.720801969807278
v57f_startup_preload_repaired_baseline,2023-09-11,1.414665375985405,-5.777203850939228
v57f_startup_preload_repaired_baseline,2023-09-12,1.4141330828231693,-5.812656864046262
v57f_startup_preload_repaired_baseline,2023-09-13,1.417934964431651,-5.559435203390784
v57f_startup_preload_repaired_baseline,2023-09-14,1.4333447027931308,-4.533080377018717
v57f_startup_preload_repaired_baseline,2023-09-15,1.4326488558659625,-4.579426774041306
v57f_startup_preload_repaired_baseline,2023-09-18,1.4272867704635164,-4.936564715200431
v57f_startup_preload_repaired_baseline,2023-09-19,1.4399403800771449,-4.093779912932815
v57f_startup_preload_repaired_baseline,2023-09-20,1.4341233178377042,-4.481221267529778
v57f_startup_preload_repaired_baseline,2023-09-21,1.4314712687584465,-4.6578591382334
v57f_startup_preload_repaired_baseline,2023-09-22,1.4298173932627483,-4.768014356797767
v57f_startup_preload_repaired_baseline,2023-09-25,1.4341243090726434,-4.481155247021185
v57f_startup_preload_repaired_baseline,2023-09-26,1.4329482088175363,-4.559488580450399
v57f_startup_preload_repaired_baseline,2023-09-27,1.4229719247741095,-5.223951989045639
v57f_startup_preload_repaired_baseline,2023-09-28,1.4272763624966571,-4.937257930540506
v57f_startup_preload_repaired_baseline,2023-10-09,1.4208625062480191,-5.3644483319623575
v57f_startup_preload_repaired_baseline,2023-10-10,1.4096139721604037,-6.113649063318971
v57f_startup_preload_repaired_baseline,2023-10-11,1.3958709953488295,-7.028990404515123
v57f_startup_preload_repaired_baseline,2023-10-12,1.4112430667826277,-6.005144357469073
v57f_startup_preload_repaired_baseline,2023-10-13,1.400597203537916,-6.714204619609543
v57f_startup_preload_repaired_baseline,2023-10-16,1.4091599865583484,-6.143886456248215
v57f_startup_preload_repaired_baseline,2023-10-17,1.4114546954421017,-5.991048978887392
v57f_startup_preload_repaired_baseline,2023-10-18,1.3948093827291757,-7.0996983692034
v57f_startup_preload_repaired_baseline,2023-10-19,1.3727202077313376,-8.5709323926363
v57f_startup_preload_repaired_baseline,2023-10-20,1.3691993412280585,-8.805437239109581
v57f_startup_preload_repaired_baseline,2023-10-23,1.3440358510669548,-10.481433869900837
v57f_startup_preload_repaired_baseline,2023-10-24,1.3618240576645317,-9.296662833193025
v57f_startup_preload_repaired_baseline,2023-10-25,1.3779593800013494,-8.221980994540989
v57f_startup_preload_repaired_baseline,2023-10-26,1.3888317404296198,-7.497835046190171
v57f_startup_preload_repaired_baseline,2023-10-27,1.3943370592807491,-7.1311571415413555
v57f_startup_preload_repaired_baseline,2023-10-30,1.384507973625762,-7.785816504612586
v57f_startup_preload_repaired_baseline,2023-10-31,1.3862763367569133,-7.668035917307314
v57f_startup_preload_repaired_baseline,2023-11-01,1.3869181613799069,-7.625287638002288
v57f_startup_preload_repaired_baseline,2023-11-02,1.387349844195835,-7.596535706516083
v57f_startup_preload_repaired_baseline,2023-11-03,1.379202388614838,-8.139191276782709
v57f_startup_preload_repaired_baseline,2023-11-06,1.3810555023332727,-8.015765935993912
v57f_startup_preload_repaired_baseline,2023-11-07,1.3814148249986553,-7.991833501633949
v57f_startup_preload_repaired_baseline,2023-11-08,1.37379321955279,-8.499465192099343
v57f_startup_preload_repaired_baseline,2023-11-09,1.3742957756668561,-8.465992794249688
v57f_startup_preload_repaired_baseline,2023-11-10,1.3753742392804733,-8.394162480915524
v57f_startup_preload_repaired_baseline,2023-11-13,1.3813677413390535,-7.994969475791458
v57f_startup_preload_repaired_baseline,2023-11-14,1.3795156188555577,-8.118328796071673
v57f_startup_preload_repaired_baseline,2023-11-15,1.3795433734338491,-8.116480221831468
v57f_startup_preload_repaired_baseline,2023-11-16,1.376603370604816,-8.31229705027734
v57f_startup_preload_repaired_baseline,2023-11-17,1.3709003003833589,-8.692146046387695
v57f_startup_preload_repaired_baseline,2023-11-20,1.3758891858312765,-8.359864826708641
v57f_startup_preload_repaired_baseline,2023-11-21,1.37984570009024,-8.096343966714814
v57f_startup_preload_repaired_baseline,2023-11-22,1.3781660524861277,-8.208215718502254
v57f_startup_preload_repaired_baseline,2023-11-23,1.3849475863212017,-7.756536409057746
v57f_startup_preload_repaired_baseline,2023-11-24,1.3855700818628849,-7.715075529670035
v57f_startup_preload_repaired_baseline,2023-11-27,1.3823044583563948,-7.932580095184171
v57f_startup_preload_repaired_baseline,2023-11-28,1.384363253324669,-7.7954554988652
v57f_startup_preload_repaired_baseline,2023-11-29,1.3757310838585077,-8.370395097827055
v57f_startup_preload_repaired_baseline,2023-11-30,1.3830330160365498,-7.8840550213784555
v57f_startup_preload_repaired_baseline,2023-12-01,1.3916850102014908,-7.3077950122450215
v57f_startup_preload_repaired_baseline,2023-12-04,1.4037190979782528,-6.506273027839404
v57f_startup_preload_repaired_baseline,2023-12-05,1.3899954502479888,-7.420326969118252
v57f_startup_preload_repaired_baseline,2023-12-06,1.392101328875865,-7.28006639864176
v57f_startup_preload_repaired_baseline,2023-12-07,1.3899230900974426,-7.425146466244548
v57f_startup_preload_repaired_baseline,2023-12-08,1.3913702931083627,-7.328756523718916
v57f_startup_preload_repaired_baseline,2023-12-11,1.4077137747823671,-6.240210378265276
v57f_startup_preload_repaired_baseline,2023-12-12,1.4271647779900936,-4.9446899384158804
v57f_startup_preload_repaired_baseline,2023-12-13,1.4316570547335794,-4.645484993534977
v57f_startup_preload_repaired_baseline,2023-12-14,1.4410385978136144,-4.020633890087244
v57f_startup_preload_repaired_baseline,2023-12-15,1.4405910552386623,-4.050442149710742
v57f_startup_preload_repaired_baseline,2023-12-18,1.4285515156697355,-4.852327246913579
v57f_startup_preload_repaired_baseline,2023-12-19,1.4121044499446072,-5.947772535513729
v57f_startup_preload_repaired_baseline,2023-12-20,1.4033498629634809,-6.5308656672851235
v57f_startup_preload_repaired_baseline,2023-12-21,1.403235375328028,-6.538491036026017
v57f_startup_preload_repaired_baseline,2023-12-22,1.3943018704404146,-7.133500869595954
v57f_startup_preload_repaired_baseline,2023-12-25,1.385735618097696,-7.704050104737281
v57f_startup_preload_repaired_baseline,2023-12-26,1.3830151738076484,-7.8852433905328585
v57f_startup_preload_repaired_baseline,2023-12-27,1.3910099792080415,-7.352754978587428
v57f_startup_preload_repaired_baseline,2023-12-28,1.3897263299620544,-7.438251537197482
v57f_startup_preload_repaired_baseline,2023-12-29,1.3964642494598134,-6.989477130130428
v57f_startup_preload_repaired_baseline,2024-01-02,1.4120369216678954,-5.952270209068844
v57f_startup_preload_repaired_baseline,2024-01-03,1.4258795175908379,-5.030293806760488
v57f_startup_preload_repaired_baseline,2024-01-04,1.4306686691985495,-4.711315719560149
v57f_startup_preload_repaired_baseline,2024-01-05,1.4306310022708681,-4.713824498886154
v57f_startup_preload_repaired_baseline,2024-01-08,1.417291458079461,-5.6022954930905815
v57f_startup_preload_repaired_baseline,2024-01-09,1.4278337372730487,-4.900134374096643
v57f_startup_preload_repaired_baseline,2024-01-10,1.4228740932558313,-5.230467988772613
v57f_startup_preload_repaired_baseline,2024-01-11,1.4187495646747097,-5.5051793249706105
v57f_startup_preload_repaired_baseline,2024-01-12,1.4313010770896226,-4.669194635086638
v57f_startup_preload_repaired_baseline,2024-01-15,1.437269798274728,-4.271652142677063
v57f_startup_preload_repaired_baseline,2024-01-16,1.4400442648689504,-4.086860739163911
v57f_startup_preload_repaired_baseline,2024-01-17,1.4262561868676522,-5.005206013500418
v57f_startup_preload_repaired_baseline,2024-01-18,1.4060017877418776,-6.3542360755532545
v57f_startup_preload_repaired_baseline,2024-01-19,1.3965305378998645,-6.985062035027378
v57f_startup_preload_repaired_baseline,2024-01-22,1.3460945217343683,-10.344317552553605
v57f_startup_preload_repaired_baseline,2024-01-23,1.357066005656537,-9.613569553344881
v57f_startup_preload_repaired_baseline,2024-01-24,1.3928163805834832,-7.232440880673585
v57f_startup_preload_repaired_baseline,2024-01-25,1.422988580891284,-5.22284262003172
v57f_startup_preload_repaired_baseline,2024-01-26,1.44727978430608,-3.6049440367901475
v57f_startup_preload_repaired_baseline,2024-01-29,1.4475246193360096,-3.5886369711710886
v57f_startup_preload_repaired_baseline,2024-01-30,1.4272206584632854,-4.940968058652895
v57f_startup_preload_repaired_baseline,2024-01-31,1.4129607526310297,-5.890739095073094
v57f_startup_preload_repaired_baseline,2024-02-01,1.3974380134865056,-6.924620259423175
v57f_startup_preload_repaired_baseline,2024-02-02,1.384318523451554,-7.798434700722989
v57f_startup_preload_repaired_baseline,2024-02-05,1.3603048658196741,-9.397847541562399
v57f_startup_preload_repaired_baseline,2024-02-06,1.3898580399080782,-7.429479088528224
v57f_startup_preload_repaired_baseline,2024-02-07,1.3955913427951745,-7.0476164669061925
v57f_startup_preload_repaired_baseline,2024-02-08,1.4082281014148401,-6.205954013284421
v57f_startup_preload_repaired_baseline,2024-02-19,1.4363563752784518,-4.3324900413328145
v57f_startup_preload_repaired_baseline,2024-02-20,1.4452041383438428,-3.7431909817549847
v57f_startup_preload_repaired_baseline,2024-02-21,1.4525239127507863,-3.255662536151971
v57f_startup_preload_repaired_baseline,2024-02-22,1.4629873887667244,-2.558750047590086
v57f_startup_preload_repaired_baseline,2024-02-23,1.4704216508091212,-2.0635962332461677
v57f_startup_preload_repaired_baseline,2024-02-26,1.4411648559674737,-4.0122245542151935
v57f_startup_preload_repaired_baseline,2024-02-27,1.4485609554647192,-3.519612529451588
v57f_startup_preload_repaired_baseline,2024-02-28,1.4364188230796078,-4.328330749292331
v57f_startup_preload_repaired_baseline,2024-02-29,1.4500750668340203,-3.4187662025969012
v57f_startup_preload_repaired_baseline,2024-03-01,1.4474210352848853,-3.5955361143176323
v57f_startup_preload_repaired_baseline,2024-03-04,1.4523048498292703,-3.270253068547979
v57f_startup_preload_repaired_baseline,2024-03-05,1.459076966932424,-2.819200953934975
v57f_startup_preload_repaired_baseline,2024-03-06,1.4613092280150213,-2.670522768614625
v57f_startup_preload_repaired_baseline,2024-03-07,1.4651552195782878,-2.4143631953273736
v57f_startup_preload_repaired_baseline,2024-03-08,1.4792862648684753,-1.4731748250224719
v57f_startup_preload_repaired_baseline,2024-03-11,1.4764121791628846,-1.6646012896478268
v57f_startup_preload_repaired_baseline,2024-03-12,1.4538377946624128,-3.16815235203024
v57f_startup_preload_repaired_baseline,2024-03-13,1.4525823956121868,-3.2517673261457825
v57f_startup_preload_repaired_baseline,2024-03-14,1.4616928359364088,-2.64497283179449
v57f_startup_preload_repaired_baseline,2024-03-15,1.4740837682912058,-1.819683464300359
v57f_startup_preload_repaired_baseline,2024-03-18,1.4852901748939142,-1.0732886045583534
v57f_startup_preload_repaired_baseline,2024-03-19,1.4764860261658388,-1.6596827617586962
v57f_startup_preload_repaired_baseline,2024-03-20,1.4906200451608431,-0.7182963299280587
v57f_startup_preload_repaired_baseline,2024-03-21,1.4913981645879473,-0.6664702306934056
v57f_startup_preload_repaired_baseline,2024-03-22,1.4799593133920466,-1.4283468996972193
v57f_startup_preload_repaired_baseline,2024-03-25,1.4818198613725233,-1.3044264050941057
v57f_startup_preload_repaired_baseline,2024-03-26,1.4933613053846093,-0.5357166134523306
v57f_startup_preload_repaired_baseline,2024-03-27,1.4821811665077842,-1.2803619297169666
v57f_startup_preload_repaired_baseline,2024-03-28,1.4824963792183814,-1.2593674079888095
v57f_startup_preload_repaired_baseline,2024-03-29,1.5034555463857753,0.0
v57f_startup_preload_repaired_baseline,2024-04-01,1.5018479867390948,-0.1069243218095095
v57f_startup_preload_repaired_baseline,2024-04-02,1.5134573303445016,0.0
v57f_startup_preload_repaired_baseline,2024-04-03,1.5178851768169528,0.0
v57f_startup_preload_repaired_baseline,2024-04-08,1.5280046943090633,0.0
v57f_startup_preload_repaired_baseline,2024-04-09,1.5258457846119513,-0.14128946757511196
v57f_startup_preload_repaired_baseline,2024-04-10,1.5283992058147795,0.0
v57f_startup_preload_repaired_baseline,2024-04-11,1.5416604424460068,0.0
v57f_startup_preload_repaired_baseline,2024-04-12,1.5343287732197952,-0.47556965362482995
v57f_startup_preload_repaired_baseline,2024-04-15,1.5579251209423617,0.0
v57f_startup_preload_repaired_baseline,2024-04-16,1.5362919140164573,-1.3885909300197175
v57f_startup_preload_repaired_baseline,2024-04-17,1.5637064987239986,0.0
v57f_startup_preload_repaired_baseline,2024-04-18,1.5516451519864145,-0.7713306011982612
v57f_startup_preload_repaired_baseline,2024-04-19,1.554527167571517,-0.5870239178497938
v57f_startup_preload_repaired_baseline,2024-04-22,1.5421991786353455,-1.3754064529503007
v57f_startup_preload_repaired_baseline,2024-04-23,1.5268340458461205,-2.3580162203051813
v57f_startup_preload_repaired_baseline,2024-04-24,1.5381321416806852,-1.6354959875259367
v57f_startup_preload_repaired_baseline,2024-04-25,1.5515034053901395,-0.7803953839046418
v57f_startup_preload_repaired_baseline,2024-04-26,1.538735803758528,-1.5968914234127052
v57f_startup_preload_repaired_baseline,2024-04-29,1.5347381532495963,-1.8525436517684568
v57f_startup_preload_repaired_baseline,2024-04-30,1.5483081595643176,-0.9847333353315446
v57f_startup_preload_repaired_baseline,2024-05-06,1.5688257315663934,0.0
v57f_startup_preload_repaired_baseline,2024-05-07,1.5608869309400528,-0.5060345751987438
v57f_startup_preload_repaired_baseline,2024-05-08,1.556055651847434,-0.8139896906337096
v57f_startup_preload_repaired_baseline,2024-05-09,1.5693887530117376,0.0
v57f_startup_preload_repaired_baseline,2024-05-10,1.5776216530444749,0.0
v57f_startup_preload_repaired_baseline,2024-05-13,1.5972659470653034,0.0
v57f_startup_preload_repaired_baseline,2024-05-14,1.592796964342884,-0.2797895197496958
v57f_startup_preload_repaired_baseline,2024-05-15,1.5842118785363248,-0.8172758301748795
v57f_startup_preload_repaired_baseline,2024-05-16,1.5793270727570008,-1.1230987764599965
v57f_startup_preload_repaired_baseline,2024-05-17,1.5918116768135322,-0.34147539811967276
v57f_startup_preload_repaired_baseline,2024-05-20,1.603552854665824,0.0
v57f_startup_preload_repaired_baseline,2024-05-21,1.6082572556862522,0.0
v57f_startup_preload_repaired_baseline,2024-05-22,1.6100722068595357,0.0
v57f_startup_preload_repaired_baseline,2024-05-23,1.593452666255024,-1.0322233086010657
v57f_startup_preload_repaired_baseline,2024-05-24,1.6034175510966522,-0.41331411936260665
v57f_startup_preload_repaired_baseline,2024-05-27,1.6289091400225606,0.0
v57f_startup_preload_repaired_baseline,2024-05-28,1.6186345537365956,-0.6307648495251672
v57f_startup_preload_repaired_baseline,2024-05-29,1.6227224066249746,-0.3798083788455142
v57f_startup_preload_repaired_baseline,2024-05-30,1.6003561814616898,-1.752888350818349
v57f_startup_preload_repaired_baseline,2024-05-31,1.597447898150704,-1.9314301270002554
v57f_startup_preload_repaired_baseline,2024-06-03,1.5815033885396412,-2.91027598275142
v57f_startup_preload_repaired_baseline,2024-06-04,1.6045183769704925,-1.4973679288048158
v57f_startup_preload_repaired_baseline,2024-06-05,1.595528371691357,-2.049271350441384
v57f_startup_preload_repaired_baseline,2024-06-06,1.5904036870567981,-2.3638797290577607
v57f_startup_preload_repaired_baseline,2024-06-07,1.6235169805520655,-0.33102886698889167
v57f_startup_preload_repaired_baseline,2024-06-11,1.5926122576243535,-2.228293862830455
v57f_startup_preload_repaired_baseline,2024-06-12,1.6005500670157546,-1.7409855657396056
v57f_startup_preload_repaired_baseline,2024-06-13,1.5840469965165735,-2.7541219091793967
v57f_startup_preload_repaired_baseline,2024-06-14,1.5817541709792045,-2.894880253585108
v57f_startup_preload_repaired_baseline,2024-06-17,1.5712510455657067,-3.5396752980375146
v57f_startup_preload_repaired_baseline,2024-06-18,1.5856800560785533,-2.653867111544883
v57f_startup_preload_repaired_baseline,2024-06-19,1.5876684733661597,-2.531796626534355
v57f_startup_preload_repaired_baseline,2024-06-20,1.583995373000951,-2.7572911169856607
v57f_startup_preload_repaired_baseline,2024-06-21,1.5859436452735285,-2.637685165695436
v57f_startup_preload_repaired_baseline,2024-06-24,1.569324104669016,-3.657971699558349
v57f_startup_preload_repaired_baseline,2024-06-25,1.576547729286878,-3.214507761615082
v57f_startup_preload_repaired_baseline,2024-06-26,1.5834670447784713,-2.7897255977985314
v57f_startup_preload_repaired_baseline,2024-06-27,1.5831111914353753,-2.8115717115167693
v57f_startup_preload_repaired_baseline,2024-06-28,1.6087292381498595,-1.2388598833954378
v57f_startup_preload_repaired_baseline,2024-07-01,1.6351412216751782,0.0
v57f_startup_preload_repaired_baseline,2024-07-02,1.6553658837527832,0.0
v57f_startup_preload_repaired_baseline,2024-07-03,1.6519307590717265,-0.20751452683493987
v57f_startup_preload_repaired_baseline,2024-07-04,1.6425432685820576,-0.7746091239754338
v57f_startup_preload_repaired_baseline,2024-07-05,1.6302677159741583,-1.5161704143452748
v57f_startup_preload_repaired_baseline,2024-07-08,1.6299896745737728,-1.5329667856559537
v57f_startup_preload_repaired_baseline,2024-07-09,1.6614321424558847,0.0
v57f_startup_preload_repaired_baseline,2024-07-10,1.6345628360882796,-1.6172376638800112
v57f_startup_preload_repaired_baseline,2024-07-11,1.635047549973444,-1.5880632021142649
v57f_startup_preload_repaired_baseline,2024-07-12,1.639247908027398,-1.3352476975493244
v57f_startup_preload_repaired_baseline,2024-07-15,1.6483987907371307,-0.7844648833799761
v57f_startup_preload_repaired_baseline,2024-07-16,1.6401395357498354,-1.2815814839464368
v57f_startup_preload_repaired_baseline,2024-07-17,1.626151386888452,-2.1235146874720723
v57f_startup_preload_repaired_baseline,2024-07-18,1.6405010986061799,-1.2598193639594024
v57f_startup_preload_repaired_baseline,2024-07-19,1.6304876432525413,-1.8625195945470296
v57f_startup_preload_repaired_baseline,2024-07-22,1.61604733266139,-2.7316679769664343
v57f_startup_preload_repaired_baseline,2024-07-23,1.616547906305578,-2.701538931584646
v57f_startup_preload_repaired_baseline,2024-07-24,1.6266143927284527,-2.095646812030816
v57f_startup_preload_repaired_baseline,2024-07-25,1.6263274302136161,-2.1129188093338414
v57f_startup_preload_repaired_baseline,2024-07-26,1.6201498558268663,-2.4847410600830178
v57f_startup_preload_repaired_baseline,2024-07-29,1.63729623780145,-1.452716848173985
v57f_startup_preload_repaired_baseline,2024-07-30,1.6343274891591861,-1.6314029688045628
v57f_startup_preload_repaired_baseline,2024-07-31,1.632069951585645,-1.7672819804026019
v57f_startup_preload_repaired_baseline,2024-08-01,1.6496177837105177,-0.7110948707121589
v57f_startup_preload_repaired_baseline,2024-08-02,1.6417022771052434,-1.187521587338325
v57f_startup_preload_repaired_baseline,2024-08-05,1.6195680009176812,-2.519762346497101
v57f_startup_preload_repaired_baseline,2024-08-06,1.6102459319339855,-3.0808486975722693
v57f_startup_preload_repaired_baseline,2024-08-07,1.6138545227293648,-2.8636510941814297
v57f_startup_preload_repaired_baseline,2024-08-08,1.6173265213501513,-2.6546748421839017
v57f_startup_preload_repaired_baseline,2024-08-09,1.61215574429093,-2.9658989317562834
v57f_startup_preload_repaired_baseline,2024-08-12,1.6106436153915065,-3.0569125133996677
v57f_startup_preload_repaired_baseline,2024-08-13,1.6227837653067398,-2.3262085860464854
v57f_startup_preload_repaired_baseline,2024-08-14,1.6253580024432872,-2.171267732865312
v57f_startup_preload_repaired_baseline,2024-08-15,1.6416816594185122,-1.1887625460392126
v57f_startup_preload_repaired_baseline,2024-08-16,1.6417213088160718,-1.1863760869990636
v57f_startup_preload_repaired_baseline,2024-08-19,1.662575405079933,0.0
v57f_startup_preload_repaired_baseline,2024-08-20,1.6508709029203839,-0.7039982742308437
v57f_startup_preload_repaired_baseline,2024-08-21,1.6384437904903137,-1.4514598565506298
v57f_startup_preload_repaired_baseline,2024-08-22,1.646203177592698,-0.9847509735324111
v57f_startup_preload_repaired_baseline,2024-08-23,1.6374567187380713,-1.5108299007138282
v57f_startup_preload_repaired_baseline,2024-08-26,1.630822878908906,-1.9098397626963748
v57f_startup_preload_repaired_baseline,2024-08-27,1.6314765983511677,-1.8705200758861396
v57f_startup_preload_repaired_baseline,2024-08-28,1.6254533592444178,-2.2328037406357804
v57f_startup_preload_repaired_baseline,2024-08-29,1.5889823565168286,-4.426448769676483
v57f_startup_preload_repaired_baseline,2024-08-30,1.5736033464384576,-5.351460052255375
v57f_startup_preload_repaired_baseline,2024-09-02,1.5804512930144434,-4.939572173061302
v57f_startup_preload_repaired_baseline,2024-09-03,1.5618091375169298,-6.060853977216063
v57f_startup_preload_repaired_baseline,2024-09-04,1.5604496587981103,-6.1426234244643325
v57f_startup_preload_repaired_baseline,2024-09-05,1.564410633614299,-5.904380106050855
v57f_startup_preload_repaired_baseline,2024-09-06,1.5607480205147453,-6.124677668998246
v57f_startup_preload_repaired_baseline,2024-09-09,1.5383991419628924,-7.468910146127805
v57f_startup_preload_repaired_baseline,2024-09-10,1.5374792759395133,-7.524237923777388
v57f_startup_preload_repaired_baseline,2024-09-11,1.4985138304879655,-9.867917815377513
v57f_startup_preload_repaired_baseline,2024-09-12,1.5067376111592645,-9.373276751509273
v57f_startup_preload_repaired_baseline,2024-09-13,1.502342971057269,-9.637604016821143
v57f_startup_preload_repaired_baseline,2024-09-18,1.511341401833386,-9.09636957123614
v57f_startup_preload_repaired_baseline,2024-09-19,1.5100359454187413,-9.17488970395649
v57f_startup_preload_repaired_baseline,2024-09-20,1.5054722997596488,-9.449382256002458
v57f_startup_preload_repaired_baseline,2024-09-23,1.5194209578210627,-8.610403282850665
v57f_startup_preload_repaired_baseline,2024-09-24,1.5700051636099372,-5.567882285949322
v57f_startup_preload_repaired_baseline,2024-09-25,1.5942775335608925,-4.107956325491113
v57f_startup_preload_repaired_baseline,2024-09-26,1.6312952023573324,-1.8814306182459606
v57f_startup_preload_repaired_baseline,2024-09-27,1.6408710274854086,-1.3054672605048556
v57f_startup_preload_repaired_baseline,2024-09-30,1.7441968619078612,0.0
v57f_startup_preload_repaired_baseline,2024-10-08,1.7732536604302913,0.0
v57f_startup_preload_repaired_baseline,2024-10-09,1.656503035611679,-6.583977657786533
v57f_startup_preload_repaired_baseline,2024-10-10,1.6977676505042054,-4.256921139402515
v57f_startup_preload_repaired_baseline,2024-10-11,1.6709884473925538,-5.76709442759149
v57f_startup_preload_repaired_baseline,2024-10-14,1.7093358578596438,-3.6045493093829206
v57f_startup_preload_repaired_baseline,2024-10-15,1.6767405837434908,-5.44271126237974
v57f_startup_preload_repaired_baseline,2024-10-16,1.702038881856297,-4.0160514066957305
v57f_startup_preload_repaired_baseline,2024-10-17,1.6712461684766904,-5.752560630769999
v57f_startup_preload_repaired_baseline,2024-10-18,1.685602719715497,-4.942944298985696
v57f_startup_preload_repaired_baseline,2024-10-21,1.6735103076749251,-5.624877871740175
v57f_startup_preload_repaired_baseline,2024-10-22,1.6874118820767374,-4.840919281267619
v57f_startup_preload_repaired_baseline,2024-10-23,1.6945190365892686,-4.440121884306003
v57f_startup_preload_repaired_baseline,2024-10-24,1.6877265991698658,-4.823171279379846
v57f_startup_preload_repaired_baseline,2024-10-25,1.6883272875428912,-4.789296352942096
v57f_startup_preload_repaired_baseline,2024-10-28,1.7019572635714213,-4.0206541483506335
v57f_startup_preload_repaired_baseline,2024-10-29,1.6839148052119943,-5.038131724291395
v57f_startup_preload_repaired_baseline,2024-10-30,1.6751830166344648,-5.530547940446883
v57f_startup_preload_repaired_baseline,2024-10-31,1.6752009579868603,-5.529536164591242
v57f_startup_preload_repaired_baseline,2024-11-01,1.683701788823606,-5.050144466356543
v57f_startup_preload_repaired_baseline,2024-11-04,1.6926248857443598,-4.546939701022046
v57f_startup_preload_repaired_baseline,2024-11-05,1.7120188929430942,-3.45324354059634
v57f_startup_preload_repaired_baseline,2024-11-06,1.7068897477513103,-3.742494046953071
v57f_startup_preload_repaired_baseline,2024-11-07,1.7435535456745324,-1.6748937514417417
v57f_startup_preload_repaired_baseline,2024-11-08,1.7299959297965484,-2.439455313079475
v57f_startup_preload_repaired_baseline,2024-11-11,1.722823353778044,-2.84394205846501
v57f_startup_preload_repaired_baseline,2024-11-12,1.7069556648747528,-3.738776748919881
v57f_startup_preload_repaired_baseline,2024-11-13,1.7119485152624265,-3.457212385112951
v57f_startup_preload_repaired_baseline,2024-11-14,1.696595277292469,-4.323035381143415
v57f_startup_preload_repaired_baseline,2024-11-15,1.6985192643090414,-4.214534997949205
v57f_startup_preload_repaired_baseline,2024-11-18,1.725136896125638,-2.713473282382939
v57f_startup_preload_repaired_baseline,2024-11-19,1.727154554843944,-2.599690423036327
v57f_startup_preload_repaired_baseline,2024-11-20,1.734212147609526,-2.20168798700191
v57f_startup_preload_repaired_baseline,2024-11-21,1.729746634209393,-2.4535139665433414
v57f_startup_preload_repaired_baseline,2024-11-22,1.690227088426952,-4.682159910680372
v57f_startup_preload_repaired_baseline,2024-11-25,1.6937662927766022,-4.482571750868458
v57f_startup_preload_repaired_baseline,2024-11-26,1.7007098935242007,-4.090997724966627
v57f_startup_preload_repaired_baseline,2024-11-27,1.7123762331385988,-3.433091872311167
v57f_startup_preload_repaired_baseline,2024-11-28,1.7164293928041134,-3.204519967684094
v57f_startup_preload_repaired_baseline,2024-11-29,1.7207898353007134,-2.9586193053083742
v57f_startup_preload_repaired_baseline,2024-12-02,1.7334146991011112,-2.246658908320698
v57f_startup_preload_repaired_baseline,2024-12-03,1.7484383514538555,-1.3994224024561852
v57f_startup_preload_repaired_baseline,2024-12-04,1.7453922864863507,-1.5712007010423967
v57f_startup_preload_repaired_baseline,2024-12-05,1.7439317018037548,-1.6535681995671903
v57f_startup_preload_repaired_baseline,2024-12-06,1.7702460157290214,-0.16961164487544478
v57f_startup_preload_repaired_baseline,2024-12-09,1.774729371358056,0.0
v57f_startup_preload_repaired_baseline,2024-12-10,1.7668287332768666,-0.44517424508186965
v57f_startup_preload_repaired_baseline,2024-12-11,1.7710231439211865,-0.20883338590567124
v57f_startup_preload_repaired_baseline,2024-12-12,1.7849668458079058,0.0
v57f_startup_preload_repaired_baseline,2024-12-13,1.7561273608755712,-1.6156874285965461
v57f_startup_preload_repaired_baseline,2024-12-16,1.7867817969811894,0.0
v57f_startup_preload_repaired_baseline,2024-12-17,1.7688364796457832,-1.0043373715652004
v57f_startup_preload_repaired_baseline,2024-12-18,1.7785025071533072,-0.4633632288995937
v57f_startup_preload_repaired_baseline,2024-12-19,1.7589479198944569,-1.5577658745885237
v57f_startup_preload_repaired_baseline,2024-12-20,1.75482834748803,-1.788324100186467
v57f_startup_preload_repaired_baseline,2024-12-23,1.755333877306913,-1.7600313439172344
v57f_startup_preload_repaired_baseline,2024-12-24,1.7781188992319195,-0.4848324380686053
v57f_startup_preload_repaired_baseline,2024-12-25,1.7850253286693059,-0.09830345903742987
v57f_startup_preload_repaired_baseline,2024-12-26,1.7712689701860553,-0.8681992855167575
v57f_startup_preload_repaired_baseline,2024-12-27,1.7951993640830606,0.0
v57f_startup_preload_repaired_baseline,2024-12-30,1.800351307678441,0.0
v57f_startup_preload_repaired_baseline,2024-12-31,1.798118055360905,-0.12404536314724046
v57f_startup_preload_repaired_baseline,2025-01-02,1.7426630385431925,-3.2042784588324436
v57f_startup_preload_repaired_baseline,2025-01-03,1.7294721795926338,-3.9369609577591835
v57f_startup_preload_repaired_baseline,2025-01-06,1.7431869062084466,-3.1751803787510857
v57f_startup_preload_repaired_baseline,2025-01-07,1.7355747174945022,-3.597997230188832
v57f_startup_preload_repaired_baseline,2025-01-08,1.7401824731083797,-3.342060758555465
v57f_startup_preload_repaired_baseline,2025-01-09,1.7180685172370669,-4.570374131450938
v57f_startup_preload_repaired_baseline,2025-01-10,1.6920907275735857,-6.013303050528385
v57f_startup_preload_repaired_baseline,2025-01-13,1.6801329648871257,-6.677493569093318
v57f_startup_preload_repaired_baseline,2025-01-14,1.711018854350997,-4.961945646188271
v57f_startup_preload_repaired_baseline,2025-01-15,1.7135802054333373,-4.819676130710027
v57f_startup_preload_repaired_baseline,2025-01-16,1.7235436034225573,-4.266262030543777
v57f_startup_preload_repaired_baseline,2025-01-17,1.7201763783348207,-4.453293587850149
v57f_startup_preload_repaired_baseline,2025-01-20,1.7201808388920463,-4.453045827471014
v57f_startup_preload_repaired_baseline,2025-01-21,1.707194669956388,-5.174358877889162
v57f_startup_preload_repaired_baseline,2025-01-22,1.6887439417502916,-6.199199314719717
v57f_startup_preload_repaired_baseline,2025-01-23,1.7085770660269972,-5.097574082348788
v57f_startup_preload_repaired_baseline,2025-01-24,1.713310212860656,-4.8346727911690035
v57f_startup_preload_repaired_baseline,2025-01-27,1.7357606929937548,-3.5876672741152915
v57f_startup_preload_repaired_baseline,2025-02-05,1.7070297482872396,-5.183519404973236
v57f_startup_preload_repaired_baseline,2025-02-06,1.714552230239206,-4.765685290048927
v57f_startup_preload_repaired_baseline,2025-02-07,1.722140629314615,-4.344189827299805
v57f_startup_preload_repaired_baseline,2025-02-10,1.7175655844537243,-4.5983093894862765
v57f_startup_preload_repaired_baseline,2025-02-11,1.7289405009960603,-3.9664928937933275
v57f_startup_preload_repaired_baseline,2025-02-12,1.7267226128200788,-4.089684860079146
v57f_startup_preload_repaired_baseline,2025-02-13,1.7234386514672173,-4.272091556975221
v57f_startup_preload_repaired_baseline,2025-02-14,1.7211543505503235,-4.398972400016876
v57f_startup_preload_repaired_baseline,2025-02-17,1.733651840661062,-3.704802875578117
v57f_startup_preload_repaired_baseline,2025-02-18,1.731103871250398,-3.846329109918978
v57f_startup_preload_repaired_baseline,2025-02-19,1.7280597887527713,-4.015411804204472
v57f_startup_preload_repaired_baseline,2025-02-20,1.724400149358034,-4.2186854308088435
v57f_startup_preload_repaired_baseline,2025-02-21,1.7151355720007995,-4.73328373824593
v57f_startup_preload_repaired_baseline,2025-02-24,1.719872188156745,-4.470189744549035
v57f_startup_preload_repaired_baseline,2025-02-25,1.7036387335609677,-5.371872350968232
v57f_startup_preload_repaired_baseline,2025-02-26,1.7218373114232852,-4.361037533080125
v57f_startup_preload_repaired_baseline,2025-02-27,1.7288165966286864,-3.973375126546763
v57f_startup_preload_repaired_baseline,2025-02-28,1.7187273118022155,-4.533781575190455
v57f_startup_preload_repaired_baseline,2025-03-03,1.7129052933880802,-4.857163927807107
v57f_startup_preload_repaired_baseline,2025-03-04,1.7212301800231555,-4.394760473571813
v57f_startup_preload_repaired_baseline,2025-03-05,1.7200119522831419,-4.462426586003209
v57f_startup_preload_repaired_baseline,2025-03-06,1.716729477782689,-4.644750696106237
v57f_startup_preload_repaired_baseline,2025-03-07,1.7103161877274482,-5.0009750634221195
v57f_startup_preload_repaired_baseline,2025-03-10,1.713054969863867,-4.8488501906410075
v57f_startup_preload_repaired_baseline,2025-03-11,1.7172260864871207,-4.617166707230636
v57f_startup_preload_repaired_baseline,2025-03-12,1.7227343790430671,-4.311210167945568
v57f_startup_preload_repaired_baseline,2025-03-13,1.7319776448491133,-3.7977956045420758
v57f_startup_preload_repaired_baseline,2025-03-14,1.7439750569331327,-3.1314027714960613
v57f_startup_preload_repaired_baseline,2025-03-17,1.7482943631797654,-2.8914881377125834
v57f_startup_preload_repaired_baseline,2025-03-18,1.7626984936956434,-2.0914148156645607
v57f_startup_preload_repaired_baseline,2025-03-19,1.7761599597845457,-1.3437015204043834
v57f_startup_preload_repaired_baseline,2025-03-20,1.7741383361264833,-1.4559920300088236
v57f_startup_preload_repaired_baseline,2025-03-21,1.7733924318348964,-1.4974230711842673
v57f_startup_preload_repaired_baseline,2025-03-24,1.7767651087147969,-1.3100886956367797
v57f_startup_preload_repaired_baseline,2025-03-25,1.7927819784764054,-0.42043623207052017
v57f_startup_preload_repaired_baseline,2025-03-26,1.794287168731256,-0.33683086858223854
v57f_startup_preload_repaired_baseline,2025-03-27,1.7815086635153154,-1.0466092969056762
v57f_startup_preload_repaired_baseline,2025-03-28,1.7694552466572433,-1.7161128991562302
v57f_startup_preload_repaired_baseline,2025-03-31,1.7762020872694526,-1.3413615612682173
v57f_startup_preload_repaired_baseline,2025-04-01,1.796640492756712,-0.20611615665800942
v57f_startup_preload_repaired_baseline,2025-04-02,1.7933168820062915,-0.39072516803514423
v57f_startup_preload_repaired_baseline,2025-04-03,1.8155666370642454,0.0
v57f_startup_preload_repaired_baseline,2025-04-07,1.706774637570753,-5.992178820239169
v57f_startup_preload_repaired_baseline,2025-04-08,1.75169542253573,-3.517976879757745
v57f_startup_preload_repaired_baseline,2025-04-09,1.7833326680833528,-1.7754219714576025
v57f_startup_preload_repaired_baseline,2025-04-10,1.795770684097751,-1.0903457114911697
v57f_startup_preload_repaired_baseline,2025-04-11,1.793521572021192,-1.214225057511531
v57f_startup_preload_repaired_baseline,2025-04-14,1.8029298784445795,-0.6960228482772446
v57f_startup_preload_repaired_baseline,2025-04-15,1.793708419807191,-1.2039336266058909
v57f_startup_preload_repaired_baseline,2025-04-16,1.8223090171192295,0.0
v57f_startup_preload_repaired_baseline,2025-04-17,1.8103071444779844,-0.6586079818788448
v57f_startup_preload_repaired_baseline,2025-04-18,1.8032976266069436,-1.043258324120011
v57f_startup_preload_repaired_baseline,2025-04-21,1.7929734190999325,-1.6098037019907752
v57f_startup_preload_repaired_baseline,2025-04-22,1.8122395569915382,-0.5525660046181158
v57f_startup_preload_repaired_baseline,2025-04-23,1.8132972046714366,-0.49452712811788313
v57f_startup_preload_repaired_baseline,2025-04-24,1.8168552424849278,-0.29927825539288744
v57f_startup_preload_repaired_baseline,2025-04-25,1.8242732760289033,0.0
v57f_startup_preload_repaired_baseline,2025-04-28,1.836451092871818,0.0
v57f_startup_preload_repaired_baseline,2025-04-29,1.8223864603225428,-0.7658593579685902
v57f_startup_preload_repaired_baseline,2025-04-30,1.7919540608432576,-2.422990310021089
v57f_startup_preload_repaired_baseline,2025-05-06,1.8034796450963198,-1.7953893737479243
v57f_startup_preload_repaired_baseline,2025-05-07,1.8175730234588254,-1.0279647242590784
v57f_startup_preload_repaired_baseline,2025-05-08,1.822537128033268,-0.7576550713796371
v57f_startup_preload_repaired_baseline,2025-05-09,1.8308054151533273,-0.30742325458077424
v57f_startup_preload_repaired_baseline,2025-05-12,1.8273920976409286,-0.4932881287202262
v57f_startup_preload_repaired_baseline,2025-05-13,1.85435715730364,0.0
v57f_startup_preload_repaired_baseline,2025-05-14,1.8741545971225422,0.0
v57f_startup_preload_repaired_baseline,2025-05-15,1.8764190733406563,0.0
v57f_startup_preload_repaired_baseline,2025-05-16,1.8725786525177466,-0.20466754348603677
v57f_startup_preload_repaired_baseline,2025-05-19,1.919404591035455,0.0
v57f_startup_preload_repaired_baseline,2025-05-20,1.8979864820913104,-1.1158725494446298
v57f_startup_preload_repaired_baseline,2025-05-21,1.9107719259518239,-0.44975744686397423
v57f_startup_preload_repaired_baseline,2025-05-22,1.900868497676413,-0.9657210077340883
v57f_startup_preload_repaired_baseline,2025-05-23,1.8636892575849182,-2.9027404493432107
v57f_startup_preload_repaired_baseline,2025-05-26,1.8625850218628874,-2.960270567130152
v57f_startup_preload_repaired_baseline,2025-05-27,1.8717197474431144,-2.484356024521961
v57f_startup_preload_repaired_baseline,2025-05-28,1.8760796943222458,-2.257205016365871
v57f_startup_preload_repaired_baseline,2025-05-29,1.8823229875854501,-1.93193262239727
v57f_startup_preload_repaired_baseline,2025-05-30,1.8867508340579016,-1.701244080068487
v57f_startup_preload_repaired_baseline,2025-06-03,1.9035532575086567,-0.8258463901165802
v57f_startup_preload_repaired_baseline,2025-06-04,1.9093906400643463,-0.5217217369323013
v57f_startup_preload_repaired_baseline,2025-06-05,1.8909482184070385,-1.4825624967930828
v57f_startup_preload_repaired_baseline,2025-06-06,1.8974552792875077,-1.1435479445272345
v57f_startup_preload_repaired_baseline,2025-06-09,1.8981808632628454,-1.1057453895720881
v57f_startup_preload_repaired_baseline,2025-06-10,1.925616263904106,0.0
v57f_startup_preload_repaired_baseline,2025-06-11,1.9274217983454691,0.0
v57f_startup_preload_repaired_baseline,2025-06-12,1.9142928915785968,-0.6811641737238028
v57f_startup_preload_repaired_baseline,2025-06-13,1.9127195241846429,-0.7627948471604418
v57f_startup_preload_repaired_baseline,2025-06-16,1.9105924331290725,-0.8731542431886563
v57f_startup_preload_repaired_baseline,2025-06-17,1.9180252083190605,-0.48752120757764583
v57f_startup_preload_repaired_baseline,2025-06-18,1.9127082241063385,-0.763381126630458
v57f_startup_preload_repaired_baseline,2025-06-19,1.8932126549757555,-1.7748654393697993
v57f_startup_preload_repaired_baseline,2025-06-20,1.9027007558117313,-1.2825963966454523
v57f_startup_preload_repaired_baseline,2025-06-23,1.925727143444381,-0.08792340641486929
v57f_startup_preload_repaired_baseline,2025-06-24,1.9172020273516301,-0.5302301241280838
v57f_startup_preload_repaired_baseline,2025-06-25,1.9249249370082595,-0.12954410598411403
v57f_startup_preload_repaired_baseline,2025-06-26,1.9242489147798707,-0.1646180181381185
v57f_startup_preload_repaired_baseline,2025-06-27,1.9023348315216548,-1.3015815658694585
v57f_startup_preload_repaired_baseline,2025-06-30,1.9000212891740609,-1.4216145731530738
v57f_startup_preload_repaired_baseline,2025-07-01,1.9294104831178234,0.0
v57f_startup_preload_repaired_baseline,2025-07-02,1.936154350025216,0.0
v57f_startup_preload_repaired_baseline,2025-07-03,1.9318132366099257,-0.2242131891620036
v57f_startup_preload_repaired_baseline,2025-07-04,1.9442961555670608,0.0
v57f_startup_preload_repaired_baseline,2025-07-07,1.9631102903264885,0.0
v57f_startup_preload_repaired_baseline,2025-07-08,1.9547819343691264,-0.4242428965097522
v57f_startup_preload_repaired_baseline,2025-07-09,1.9635652671634831,0.0
v57f_startup_preload_repaired_baseline,2025-07-10,1.9772093187281468,0.0
v57f_startup_preload_repaired_baseline,2025-07-11,1.9668410012663506,-0.5243914927765769
v57f_startup_preload_repaired_baseline,2025-07-14,1.9743498636502559,-0.14462075667993624
v57f_startup_preload_repaired_baseline,2025-07-15,1.9496472977357804,-1.3939859948715938
v57f_startup_preload_repaired_baseline,2025-07-16,1.9451198321519607,-1.6229686089497042
v57f_startup_preload_repaired_baseline,2025-07-17,1.9355412315660552,-2.107419116803211
v57f_startup_preload_repaired_baseline,2025-07-18,1.9451415401971246,-1.6218706955948403
v57f_startup_preload_repaired_baseline,2025-07-21,1.9632806439631028,-0.7044613149003176
v57f_startup_preload_repaired_baseline,2025-07-22,1.9793371631222707,0.0
v57f_startup_preload_repaired_baseline,2025-07-23,1.9794318260589443,0.0
v57f_startup_preload_repaired_baseline,2025-07-24,1.9695784551479512,-0.4977878389785806
v57f_startup_preload_repaired_baseline,2025-07-25,1.9496784225128643,-1.5031284813339152
v57f_startup_preload_repaired_baseline,2025-07-28,1.9412742370826699,-1.9277041256958172
v57f_startup_preload_repaired_baseline,2025-07-29,1.929283763643223,-2.5334574172006907
v57f_startup_preload_repaired_baseline,2025-07-30,1.9444227957428657,-1.7686403671593798
v57f_startup_preload_repaired_baseline,2025-07-31,1.9129213493818842,-3.360079180371811
v57f_startup_preload_repaired_baseline,2025-08-01,1.9153255897263954,-3.2386180462797065
v57f_startup_preload_repaired_baseline,2025-08-04,1.9218617929140704,-2.9084120193972995
v57f_startup_preload_repaired_baseline,2025-08-05,1.938181881443515,-2.083928533045676
v57f_startup_preload_repaired_baseline,2025-08-06,1.9377016281155761,-2.108190713819791
v57f_startup_preload_repaired_baseline,2025-08-07,1.9419649295881551,-1.8928106529127575
v57f_startup_preload_repaired_baseline,2025-08-08,1.9558335553405954,-1.192173956570819
v57f_startup_preload_repaired_baseline,2025-08-11,1.9420415123995418,-1.8889417239413953
v57f_startup_preload_repaired_baseline,2025-08-12,1.9480697076809863,-1.5844000265672231
v57f_startup_preload_repaired_baseline,2025-08-13,1.9405055938615827,-1.9665356333521178
v57f_startup_preload_repaired_baseline,2025-08-14,1.9246463304552728,-2.7677384430435104
v57f_startup_preload_repaired_baseline,2025-08-15,1.9329108508825648,-2.350218611418564
v57f_startup_preload_repaired_baseline,2025-08-18,1.9487874609003066,-1.5481394587683606
v57f_startup_preload_repaired_baseline,2025-08-19,1.952092733804356,-1.3811585675582716
v57f_startup_preload_repaired_baseline,2025-08-20,1.9583221497784151,-1.0664512918617919
v57f_startup_preload_repaired_baseline,2025-08-21,1.9751825604731013,-0.2146709742615105
v57f_startup_preload_repaired_baseline,2025-08-22,1.9759379845850424,-0.17650729001655874
v57f_startup_preload_repaired_baseline,2025-08-25,1.997060705517369,0.0
v57f_startup_preload_repaired_baseline,2025-08-26,1.9861169761734918,-0.5479918218631252
v57f_startup_preload_repaired_baseline,2025-08-27,1.964765775587729,-1.617123096980344
v57f_startup_preload_repaired_baseline,2025-08-28,1.9594022033328744,-1.8856964177630497
v57f_startup_preload_repaired_baseline,2025-08-29,1.9681206102387276,-1.4491344804235196
v57f_startup_preload_repaired_baseline,2025-09-01,1.9817104412522286,-0.7686428470968121
v57f_startup_preload_repaired_baseline,2025-09-02,2.005344455902477,0.0
v57f_startup_preload_repaired_baseline,2025-09-03,1.9880553360966797,-0.862152123287796
v57f_startup_preload_repaired_baseline,2025-09-04,1.9890326937465201,-0.8134144788914166
v57f_startup_preload_repaired_baseline,2025-09-05,2.000048287623474,-0.2641026714096162
v57f_startup_preload_repaired_baseline,2025-09-08,2.0261891354344184,0.0
v57f_startup_preload_repaired_baseline,2025-09-09,2.032635136242646,0.0
v57f_startup_preload_repaired_baseline,2025-09-10,2.019288653406666,-0.6566098655881314
v57f_startup_preload_repaired_baseline,2025-09-11,2.0327649880196534,0.0
v57f_startup_preload_repaired_baseline,2025-09-12,2.025549788898773,-0.35494507055189306
v57f_startup_preload_repaired_baseline,2025-09-15,2.0103987628563686,-1.1002858321105924
v57f_startup_preload_repaired_baseline,2025-09-16,2.003615742168886,-1.4339702829674006
v57f_startup_preload_repaired_baseline,2025-09-17,1.9959832331386924,-1.8094445298762363
v57f_startup_preload_repaired_baseline,2025-09-18,1.9607101378348681,-3.544671942376476
v57f_startup_preload_repaired_baseline,2025-09-19,1.9592009826402619,-3.6189134411970802
v57f_startup_preload_repaired_baseline,2025-09-22,1.9451725301662597,-4.309030230726652
v57f_startup_preload_repaired_baseline,2025-09-23,1.955929411724138,-3.7798553570312032
v57f_startup_preload_repaired_baseline,2025-09-24,1.9563700156545174,-3.7581802527778208
v57f_startup_preload_repaired_baseline,2025-09-25,1.9367658666487175,-4.722588294107699
v57f_startup_preload_repaired_baseline,2025-09-26,1.9460557204968962,-4.265582496441489
v57f_startup_preload_repaired_baseline,2025-09-29,1.9521473548144361,-3.9659101608079173
v57f_startup_preload_repaired_baseline,2025-09-30,1.9516894042726245,-3.988438615622447
v57f_startup_preload_repaired_baseline,2025-10-09,1.972323712130118,-2.9733528590738967
v57f_startup_preload_repaired_baseline,2025-10-10,2.0020369706611683,-1.5116364921466285
v57f_startup_preload_repaired_baseline,2025-10-13,1.9949481539950085,-1.8603642943243792
v57f_startup_preload_repaired_baseline,2025-10-14,2.023680585553933,-0.44689880626931355
v57f_startup_preload_repaired_baseline,2025-10-15,2.0216828704825986,-0.5451745579232559
v57f_startup_preload_repaired_baseline,2025-10-16,2.035644513721713,0.0
v57f_startup_preload_repaired_baseline,2025-10-17,2.031729135712718,-0.19234095062290457
v57f_startup_preload_repaired_baseline,2025-10-20,2.045416603367709,0.0
v57f_startup_preload_repaired_baseline,2025-10-21,2.051481474341896,0.0
v57f_startup_preload_repaired_baseline,2025-10-22,2.0599451338684296,0.0
v57f_startup_preload_repaired_baseline,2025-10-23,2.0867669600824574,0.0
v57f_startup_preload_repaired_baseline,2025-10-24,2.053643853361294,-1.5872930401320096
v57f_startup_preload_repaired_baseline,2025-10-27,2.0644919285335597,-1.0674422192316846
v57f_startup_preload_repaired_baseline,2025-10-28,2.0894869087550356,0.0
v57f_startup_preload_repaired_baseline,2025-10-29,2.0816715168785986,-0.3740340197246561
v57f_startup_preload_repaired_baseline,2025-10-30,2.076655372469859,-0.6140998649674212
v57f_startup_preload_repaired_baseline,2025-10-31,2.0604347246294936,-1.390397996934667
v57f_startup_preload_repaired_baseline,2025-11-03,2.081154012941653,-0.39880105390790455
v57f_startup_preload_repaired_baseline,2025-11-04,2.1017379976846406,0.0
v57f_startup_preload_repaired_baseline,2025-11-05,2.1108747057347457,0.0
v57f_startup_preload_repaired_baseline,2025-11-06,2.117816819629936,0.0
v57f_startup_preload_repaired_baseline,2025-11-07,2.1094161035220274,-0.39666868399772515
v57f_startup_preload_repaired_baseline,2025-11-10,2.114185926048429,-0.17144511970309528
v57f_startup_preload_repaired_baseline,2025-11-11,2.1196362313604453,0.0
v57f_startup_preload_repaired_baseline,2025-11-12,2.1192734393727757,-0.01711576648398827
v57f_startup_preload_repaired_baseline,2025-11-13,2.117234469103282,-0.11331011527492274
v57f_startup_preload_repaired_baseline,2025-11-14,2.122707572818894,0.0
v57f_startup_preload_repaired_baseline,2025-11-17,2.1034662158007635,-0.90645349668107
v57f_startup_preload_repaired_baseline,2025-11-18,2.0799149692679206,-2.0159443579949254
v57f_startup_preload_repaired_baseline,2025-11-19,2.0724554307345793,-2.3673605694816247
v57f_startup_preload_repaired_baseline,2025-11-20,2.077674282688342,-2.1215023071100236
v57f_startup_preload_repaired_baseline,2025-11-21,2.0308260413845063,-4.328506319519643
v57f_startup_preload_repaired_baseline,2025-11-24,2.0228287578967654,-4.705255504859418
v57f_startup_preload_repaired_baseline,2025-11-25,2.0428727178449937,-3.760991669138969
v57f_startup_preload_repaired_baseline,2025-11-26,2.038387379746081,-3.9722943542731315
v57f_startup_preload_repaired_baseline,2025-11-27,2.045392437059897,-3.642288591655851
v57f_startup_preload_repaired_baseline,2025-11-28,2.0456412370295824,-3.6305677134307213
v57f_startup_preload_repaired_baseline,2025-12-01,2.0603144878313953,-2.939316078504528
v57f_startup_preload_repaired_baseline,2025-12-02,2.0739206742213896,-2.298333469113556
v57f_startup_preload_repaired_baseline,2025-12-03,2.084145262617032,-1.8166567404596656
v57f_startup_preload_repaired_baseline,2025-12-04,2.069130035761269,-2.5240187458546504
v57f_startup_preload_repaired_baseline,2025-12-05,2.065649314273019,-2.6879942991913763
v57f_startup_preload_repaired_baseline,2025-12-08,2.059374301491767,-2.983607923112197
v57f_startup_preload_repaired_baseline,2025-12-09,2.0558529393710185,-3.149498042214771
v57f_startup_preload_repaired_baseline,2025-12-10,2.0603377818524615,-2.938218705443607
v57f_startup_preload_repaired_baseline,2025-12-11,2.040480372319751,-3.8736942173314914
v57f_startup_preload_repaired_baseline,2025-12-12,2.0224007426501123,-4.725419151144661
v57f_startup_preload_repaired_baseline,2025-12-15,2.0346044386548146,-4.150507365792322
v57f_startup_preload_repaired_baseline,2025-12-16,2.0193498285612863,-4.869146630515475
v57f_startup_preload_repaired_baseline,2025-12-17,2.027718329533677,-4.474909521290038
v57f_startup_preload_repaired_baseline,2025-12-18,2.044713052562596,-3.6742941540800156
v57f_startup_preload_repaired_baseline,2025-12-19,2.051533740177759,-3.352973982498131
v57f_startup_preload_repaired_baseline,2025-12-22,2.045633414203443,-3.630936243992333
v57f_startup_preload_repaired_baseline,2025-12-23,2.0398242818435146,-3.9046024066948126
v57f_startup_preload_repaired_baseline,2025-12-24,2.0468209136603486,-3.574993566248519
v57f_startup_preload_repaired_baseline,2025-12-25,2.054781521455347,-3.1999721597706143
v57f_startup_preload_repaired_baseline,2025-12-26,2.047144551867928,-3.5597470852106405
v57f_startup_preload_repaired_baseline,2025-12-29,2.0250068063580793,-4.602648415253507
v57f_startup_preload_repaired_baseline,2025-12-30,2.010110032077525,-5.304430161891904
v57f_startup_preload_repaired_baseline,2025-12-31,2.007871823585294,-5.409871369192021
v57f_startup_preload_repaired_baseline,2026-01-05,2.0066999748855254,-5.465076745324559
v57f_startup_preload_repaired_baseline,2026-01-06,2.021560569090807,-4.764999429185012
v57f_startup_preload_repaired_baseline,2026-01-07,2.01420461460859,-5.111535832805048
v57f_startup_preload_repaired_baseline,2026-01-08,2.0060150315426863,-5.497344182988129
v57f_startup_preload_repaired_baseline,2026-01-09,2.0105955281957413,-5.28155861215831
v57f_startup_preload_repaired_baseline,2026-01-12,2.021618556334737,-4.7622676707142375
v57f_startup_preload_repaired_baseline,2026-01-13,2.021662170672053,-4.760213014770365
v57f_startup_preload_repaired_baseline,2026-01-14,2.006183045864845,-5.489429087931697
v57f_startup_preload_repaired_baseline,2026-01-15,2.005157613320463,-5.537736850975117
v57f_startup_preload_repaired_baseline,2026-01-16,1.9975236174378608,-5.897371686237152
v57f_startup_preload_repaired_baseline,2026-01-19,2.0145252791113526,-5.09642944194516
v57f_startup_preload_repaired_baseline,2026-01-20,2.0399554114710434,-3.8984249365049517
v57f_startup_preload_repaired_baseline,2026-01-21,2.020905362796137,-4.795865965068691
v57f_startup_preload_repaired_baseline,2026-01-22,2.024973390985737,-4.604222601579044
v57f_startup_preload_repaired_baseline,2026-01-23,2.0251349622807915,-4.596611035241615
v57f_startup_preload_repaired_baseline,2026-01-26,2.031603265875146,-4.291891549751448
v57f_startup_preload_repaired_baseline,2026-01-27,2.0132099103473178,-5.158395997342524
v57f_startup_preload_repaired_baseline,2026-01-28,2.0231881768606224,-4.688323405098749
v57f_startup_preload_repaired_baseline,2026-01-29,2.0260726705330723,-4.552435932448928
v57f_startup_preload_repaired_baseline,2026-01-30,2.0200132513510494,-4.8378930184655555
v57f_startup_preload_repaired_baseline,2026-02-02,1.9930699988569958,-6.107180076139429
v57f_startup_preload_repaired_baseline,2026-02-03,1.9965844223331712,-5.941616834118846
v57f_startup_preload_repaired_baseline,2026-02-04,2.0247399551576053,-4.61521968055123
v57f_startup_preload_repaired_baseline,2026-02-05,2.027009387550414,-4.508307526382249
v57f_startup_preload_repaired_baseline,2026-02-06,2.020691256049316,-4.805952457883933
v57f_startup_preload_repaired_baseline,2026-02-09,2.0314079925921655,-4.301090804772767
v57f_startup_preload_repaired_baseline,2026-02-10,2.02634872946358,-4.539430894258912
v57f_startup_preload_repaired_baseline,2026-02-11,2.0337354122289053,-4.191446892132977
v57f_startup_preload_repaired_baseline,2026-02-12,2.0173161010820677,-4.964954809902034
v57f_startup_preload_repaired_baseline,2026-02-13,1.9906568373980342,-6.220863255577891
v57f_startup_preload_repaired_baseline,2026-02-24,2.011674487426828,-5.230729225911112
v57f_startup_preload_repaired_baseline,2026-02-25,2.0193748960503424,-4.867965710007294
v57f_startup_preload_repaired_baseline,2026-02-26,2.0242359121911306,-4.63896496572046
v57f_startup_preload_repaired_baseline,2026-02-27,2.0522293781030405,-3.320202726853261
v57f_startup_preload_repaired_baseline,2026-03-02,2.0618929275232176,-2.8649563451133564
v57f_startup_preload_repaired_baseline,2026-03-03,2.0632479456848114,-2.801121920676153
v57f_startup_preload_repaired_baseline,2026-03-04,2.0269841110594706,-4.509498292895131
v57f_startup_preload_repaired_baseline,2026-03-05,2.039057352616323,-3.9407321702577325
v57f_startup_preload_repaired_baseline,2026-03-06,2.062511953742615,-2.8357942397285285
v57f_startup_preload_repaired_baseline,2026-03-09,2.0501522452883956,-3.4180557161789027
v57f_startup_preload_repaired_baseline,2026-03-10,2.05579038962135,-3.152444738710769
v57f_startup_preload_repaired_baseline,2026-03-11,2.0818573904293394,-1.9244375868178065
v57f_startup_preload_repaired_baseline,2026-03-12,2.1218180357596297,-0.04190577499486592
v57f_startup_preload_repaired_baseline,2026-03-13,2.109522757576445,-0.6211319642554614
v57f_startup_preload_repaired_baseline,2026-03-16,2.0961386078127835,-1.2516545070232143
v57f_startup_preload_repaired_baseline,2026-03-17,2.090321545573343,-1.5256942435336818
v57f_startup_preload_repaired_baseline,2026-03-18,2.0847498139813014,-1.7881765403600092
v57f_startup_preload_repaired_baseline,2026-03-19,2.068577320334272,-2.5500569733559186
v57f_startup_preload_repaired_baseline,2026-03-20,2.0631592301577726,-2.8053012776528163
v57f_startup_preload_repaired_baseline,2026-03-23,1.9717158245664175,-7.113167644281971
v57f_startup_preload_repaired_baseline,2026-03-24,2.0326554617628805,-4.242322975106139
v57f_startup_preload_repaired_baseline,2026-03-25,2.090979725572829,-1.4946876174720458
v57f_startup_preload_repaired_baseline,2026-03-26,2.0859759716008273,-1.730412690302341
v57f_startup_preload_repaired_baseline,2026-03-27,2.0657156250654185,-2.684870421307828
v57f_startup_preload_repaired_baseline,2026-03-30,2.0334603445333377,-4.204405233596953
v57f_startup_preload_repaired_baseline,2026-03-31,2.018686979002687,-4.900373237848809
v57f_startup_preload_repaired_baseline,2026-04-01,2.017185066315724,-4.971127811215148
v57f_startup_preload_repaired_baseline,2026-04-02,2.017856627986887,-4.9394907793525284
v57f_startup_preload_repaired_baseline,2026-04-03,1.9848266973499886,-6.4955190830079275
v57f_startup_preload_repaired_baseline,2026-04-07,1.97449059502371,-6.982449193336437
v57f_startup_preload_repaired_baseline,2026-04-08,2.0093359724513618,-5.340895836018444
v57f_startup_preload_repaired_baseline,2026-04-09,1.9917544383385635,-6.1691556650183665
v57f_startup_preload_repaired_baseline,2026-04-10,1.9892728816688117,-6.286060918550596
v57f_startup_preload_repaired_baseline,2026-04-13,1.982282197261611,-6.615389578640951
v57f_startup_preload_repaired_baseline,2026-04-14,1.988074478627577,-6.342517260280389
v57f_startup_preload_repaired_baseline,2026-04-15,1.9975715005780046,-5.895115928507877
v57f_startup_preload_repaired_baseline,2026-04-16,1.9992774159079998,-5.814750863067908
v57f_startup_preload_repaired_baseline,2026-04-17,1.991668200898872,-6.173218280180048
v57f_startup_preload_repaired_baseline,2026-04-20,1.9988045968421033,-5.83702520136824
v57f_startup_preload_repaired_baseline,2026-04-21,2.0220896967938287,-4.74007241098443
v57f_startup_preload_repaired_baseline,2026-04-22,2.0209284650628065,-4.7947776254893215
v57f_startup_preload_repaired_baseline,2026-04-23,2.0396058094006544,-3.91489456590024
v57f_startup_preload_repaired_baseline,2026-04-24,2.0222928999563208,-4.730499582155145
v57f_startup_preload_repaired_baseline,2026-04-27,2.009223467285788,-5.346195914418994
v57f_startup_preload_repaired_baseline,2026-04-28,2.0252755258877304,-4.589989133631667
v57f_startup_preload_repaired_baseline,2026-04-29,2.031276462208353,-4.307287154448847
v57f_startup_preload_repaired_baseline,2026-04-30,2.0290134728426477,-4.413895779898858
v57f_startup_preload_repaired_baseline,2026-05-06,2.0306078742420075,-4.338784096133452
v57f_startup_preload_repaired_baseline,2026-05-07,2.0314127570124643,-4.3008663546243
v57f_startup_preload_repaired_baseline,2026-05-08,2.0350704139373237,-4.128555435697201
v57f_startup_preload_repaired_baseline,2026-05-11,2.0406109216287875,-3.867544085739738
v57f_startup_preload_repaired_baseline,2026-05-12,2.0472763818525066,-3.5535366214488606
v57f_startup_preload_repaired_baseline,2026-05-13,2.047993044713393,-3.5197748885534175
v57f_startup_preload_repaired_baseline,2026-05-14,2.033139884770154,-4.2195019792479975
v57f_startup_preload_repaired_baseline,2026-05-15,2.015420073383367,-5.054276001524427
v57f_startup_preload_repaired_baseline,2026-05-18,2.015807150627041,-5.0360409300228
v57f_startup_preload_repaired_baseline,2026-05-19,2.0543671809885438,-3.2194915920329192
v57f_startup_preload_repaired_baseline,2026-05-20,2.0183764315888935,-4.915003016239872
v57f_startup_preload_repaired_baseline,2026-05-21,2.008740141129539,-5.3689652380148445
v57f_startup_preload_repaired_baseline,2026-05-22,2.0090137219726993,-5.3560769416398095
v57f_startup_preload_repaired_baseline,2026-05-25,2.0242732882409227,-4.637204193286671
v57f_startup_preload_repaired_baseline,2026-05-26,2.0283938518822886,-4.4430859033192105
v57f_startup_preload_repaired_baseline,2026-05-27,2.020850553996603,-4.798447988152599
v57f_startup_preload_repaired_baseline,2026-05-28,2.02262387330245,-4.714907545344826
v57f_startup_preload_repaired_baseline,2026-05-29,2.074204964069463,-2.2849406753197465
