trade_date,strategy_return,benchmark_return,excess_return,strategy_nav,benchmark_nav,excess_nav,portfolio_value,cash,invested_value,cash_weight,selected_count,holding_count,buy_turnover,sell_turnover,commission,dividend_cash,corporate_action_share_value,benchmark_constituent_count,rebalance
2021-05-06,0.008842566650000272,0.0,0.008842566650000272,1.0088425666500003,1.0,1.0088425666500003,2017685.1333000003,16516.13330000025,2001169.0,0.008185684191956893,28,28,1982889.0,0.0,594.8667,0.0,0.0,0,1
2021-05-07,0.009427635504697829,0.006567782631933932,0.002859852872763897,1.0183535666500003,1.006567782631934,1.0117277079624007,2036707.1333000003,16516.13330000025,2020191.0,0.008109233296217594,0,28,0.0,0.0,0.0,0.0,0.0,189,0
2021-05-10,0.0019752471694256535,0.00843690517418576,-0.006461658004760106,1.0203650666500002,1.01506009956539,1.005190269519608,2040730.1333000003,16516.13330000025,2024214.0,0.008093247132727212,0,28,0.0,0.0,0.0,0.0,0.0,189,0
2021-05-11,0.0053059440948668435,0.009037357429505745,-0.003731413334638901,1.0257790666500002,1.024233560497592,1.0014394891440732,2051558.1333000003,16516.13330000025,2035042.0,0.008050531462851356,0,28,0.0,0.0,0.0,0.0,0.0,189,0
2021-05-12,0.003527075290993942,0.001384784026484567,0.0021422912645093746,1.0293970666500003,1.0256519027715587,1.0035848642136012,2058794.1333000003,16516.13330000025,2042278.0,0.008022236430957216,0,28,0.0,0.0,0.0,0.0,0.0,189,0
2021-05-13,-0.006001571405391037,-0.008576488132017071,0.0025749167266260337,1.0232190666500003,1.0168554113998578,1.0061690116670534,2046438.1333000003,16516.13330000025,2029922.0,0.008070673152169533,0,28,0.0,0.0,0.0,0.0,0.0,189,0
2021-05-14,0.006585588775296802,0.010856936494306217,-0.0042713477190094145,1.0299575666500003,1.0278953460253177,1.0018713139541313,2059915.1333000003,16516.13330000025,2043399.0,0.008017870752539825,0,28,0.0,0.0,0.0,0.0,0.0,189,0
2021-05-17,-0.003730250764112819,-0.005937390007527523,0.0022071392434147036,1.0261155666500004,1.0217923304690428,1.004082583448011,2052231.1333000003,16516.13330000025,2035715.0,0.00804789140560508,0,28,0.0,0.0,0.0,0.0,0.0,189,0
2021-05-18,0.0002801828656966432,0.003984742210484651,-0.0037045593447880077,1.0264030666500004,1.0258639094986122,1.0003628999305598,2052806.1333000003,20772.13330000025,2032034.0,0.010118896744822116,0,28,0.0,0.0,0.0,4256.0,0.0,189,0
2021-05-19,-0.00813179565727673,0.0007001737477340388,-0.008831969405010768,1.0180565666500003,1.026582192476791,0.9915277254044653,2036113.1333000003,20772.13330000025,2015341.0,0.010201856154394584,0,28,0.0,0.0,0.0,0.0,0.0,189,0
2021-05-20,-0.0029001335453445742,-0.0033327169933113645,0.00043258344796679024,1.0151040666500004,1.0231608845588929,0.9919566438866755,2030208.1333000003,20772.13330000025,2009436.0,0.01023152895473638,0,28,0.0,0.0,0.0,0.0,0.0,189,0
2021-05-21,0.002157906831394163,0.01195083833781372,-0.009792931506419557,1.0172945666500004,1.0353885148838307,0.9822424804157555,2034589.1333000003,20772.13330000025,2013817.0,0.010209497809667794,0,28,0.0,0.0,0.0,0.0,0.0,189,0
2021-05-24,0.0032522536819350467,0.0013669768542167574,0.0018852768277182893,1.0206030666500003,1.036803867018799,0.9840942794032838,2041206.1333000003,21798.13330000025,2019408.0,0.010679045562517194,0,28,0.0,0.0,0.0,1026.0,0.0,189,0
2021-05-25,0.003835967309848032,0.003762238777397173,7.372853245085891e-05,1.0245180666500004,1.0407045707318525,0.9841668352302974,2049036.1333000003,21798.13330000025,2027238.0,0.010638237630731314,0,28,0.0,0.0,0.0,0.0,0.0,189,0
2021-05-26,0.0021883459872318323,0.004752295698827732,-0.0025639497115958997,1.0267600666500005,1.045650306587092,0.9816434809569464,2053520.1333000003,21798.13330000025,2031722.0,0.010615008319870094,0,28,0.0,0.0,0.0,0.0,0.0,190,0
2021-05-27,0.000344773829347389,0.0010463475208304003,-0.0007015736914830113,1.0271140666500005,1.046744420193045,0.9809547857162912,2054228.1333000003,21798.13330000025,2032430.0,0.010611349804163566,0,28,0.0,0.0,0.0,0.0,0.0,190,0
2021-05-28,-0.004460556182375064,-0.004705700748875771,0.0002451445665007067,1.0225325666500005,1.041818754191061,0.9811952614519923,2045065.1333000003,21798.13330000025,2023267.0,0.010658894401483387,0,28,0.0,0.0,0.0,0.0,0.0,190,0
2021-05-31,-0.00433140238702634,0.0029665301752143758,-0.007297932562240716,1.0181035666500005,1.0449093409624732,0.9740345646035254,2036207.1333000003,21798.13330000025,2014409.0,0.01070526320407928,0,28,0.0,0.0,0.0,0.0,0.0,190,0
2021-06-01,0.0004935647182275904,-0.0028304022703879712,0.0033239669886155616,1.0186060666500005,1.0419518271914634,0.9772722233420381,2037212.1333000003,21798.13330000025,2015414.0,0.010699982070443642,0,28,0.0,0.0,0.0,0.0,0.0,190,0
2021-06-02,0.003487118441854342,0.003963121823956535,-0.0004760033821021928,1.0221580666500005,1.0460812092173173,0.9768070384584928,2044316.1333000003,21798.13330000025,2022518.0,0.01066279962522871,0,28,0.0,0.0,0.0,0.0,0.0,190,0
2021-06-03,0.007059573499869298,-0.00028772327352083807,0.007347296773390136,1.0293740666500004,1.0457802273074326,0.9839839296603836,2058748.1333000003,21798.13330000025,2036950.0,0.01058805249045189,0,28,0.0,0.0,0.0,0.0,0.0,190,0
2021-06-04,-0.005867313152404852,-0.007429571035968384,0.0015622578835635323,1.0233344066500003,1.0380105288206407,0.9855211663117953,2046668.8133000003,25961.81330000025,2020707.0,0.012684911760657572,0,28,0.0,0.0,0.0,4163.68,0.0,190,0
2021-06-07,0.0004671004872833784,-0.0014527984097543938,0.0019198988970377721,1.0238124066500003,1.0365025087750617,0.9874132673120046,2047624.8133000003,25961.81330000025,2021663.0,0.012678989398531258,0,28,0.0,0.0,0.0,0.0,0.0,190,0
2021-06-08,-0.0008629510584765576,0.000885460146265683,-0.0017484112047422406,1.0229289066500002,1.0374202904380865,0.9856868628917251,2045857.8133000003,25961.81330000025,2019896.0,0.012689940195855275,0,28,0.0,0.0,0.0,0.0,0.0,190,0
2021-06-09,0.0007792330384037705,0.001543783476063974,-0.0007645504376602036,1.0237260066500002,1.0390218427401983,0.9849332555693053,2047452.0133000002,27289.01330000025,2020163.0,0.013328279794952031,0,28,0.0,0.0,0.0,1327.2,0.0,190,0
2021-06-10,-0.0037158380028344817,-0.003928665835488322,0.00021282783265384048,1.01992200665,1.0349398731242987,0.9851428767793968,2039844.0133000002,27289.01330000025,2012555.0,0.013377990239485459,0,28,0.0,0.0,0.0,0.0,0.0,190,0
2021-06-11,-0.0013045115129637352,0.0017240083166774577,-0.003028519829641193,1.0185915066500002,1.036724118072826,0.9821593520420407,2037183.0133000002,27289.01330000025,2009894.0,0.01339546477750922,0,28,0.0,0.0,0.0,0.0,0.0,190,0
2021-06-15,-0.010468278922792895,-0.015179779282126098,0.0047115003593332025,1.0079286066500002,1.0209868747840236,0.9867867961821093,2015857.2133000002,28700.21330000025,1987157.0,0.014237225290881294,0,28,0.0,0.0,0.0,1411.1999999999998,0.0,190,0
2021-06-16,-0.002748706586677918,-0.00937820986862355,0.006629503281945632,1.0051581066500002,1.011411845599189,0.9933287024859793,2010316.2133000002,28700.21330000025,1981616.0,0.014276467110061211,0,28,0.0,0.0,0.0,0.0,0.0,190,0
2021-06-17,-0.0017781401633985006,-0.00012052446374068339,-0.0016576156996578172,1.0033707946500001,1.011289945728877,0.9916821452338178,2006741.5893000003,31987.58930000025,1974754.0,0.015940063967657285,0,28,0.0,0.0,0.0,3287.3759999999997,0.0,190,0
2021-06-18,-0.0033885778000803946,0.0005795276531136729,-0.003968105453194068,0.99997079465,1.011876016217743,0.9877470459054803,1999941.5893000003,31987.58930000025,1967954.0,0.015994261768013048,0,28,0.0,0.0,0.0,0.0,0.0,190,0
2021-06-21,-0.001245536376325851,0.005339716915809161,-0.006585253292135012,0.99872529465,1.0172791476982423,0.9812424814196347,1997450.5893000003,31987.58930000025,1965463.0,0.01601420804667323,0,28,0.0,0.0,0.0,0.0,0.0,191,0
2021-06-22,0.006282007708835247,0.009346755584090006,-0.003064747875254759,1.0049992946500002,1.0267874072525693,0.9782352206095941,2009998.5893000003,31987.58930000025,1978011.0,0.01591423470159758,0,28,0.0,0.0,0.0,0.0,0.0,191,0
2021-06-23,0.005125050363138595,0.0026707586099693364,0.0024542917531692582,1.0101499666500002,1.029529708561097,0.980636095244196,2020299.9333000001,33217.73330000025,1987082.2,0.01644198109027391,0,28,0.0,0.0,0.0,1230.144,11741.2,191,0
2021-06-24,0.004503588724639629,0.0008470589717028917,0.003656529752936737,1.0146992666500003,1.0304017809373684,0.9842218203032601,2029398.5333000002,33217.73330000025,1996180.8,0.016368265155875996,0,28,0.0,0.0,0.0,0.0,0.0,191,0
2021-06-25,0.0026660312950961274,0.004624248073486207,-0.0019582167783900794,1.0174044866500003,1.0351666143877847,0.9822945006210847,2034808.9733000002,39742.77330000025,1995066.2,0.019531451758612237,0,28,0.0,0.0,0.0,6525.040000000001,0.0,191,0
2021-06-28,-0.0018036091093347473,0.00043156675357611653,-0.0022351758629108637,1.0155694866500002,1.0356133578829665,0.9800988996630263,2031138.9733000002,41854.77330000025,1989284.2,0.020606553195126092,0,28,0.0,0.0,0.0,2112.0,0.0,192,0
2021-06-29,-0.00834489427991314,-0.012471942059988656,0.004127047780075516,1.0070946666500002,1.0226972480868999,0.984143814651135,2014189.3333000003,44891.73330000025,1969297.6,0.02228774254625343,0,28,0.0,0.0,0.0,3036.96,0.0,192,0
2021-06-30,0.0005778999921983718,-0.0015072141220929035,0.002085114114291275,1.0076766666500003,1.0211558243519578,0.9861958668095565,2015353.3333000003,44891.73330000025,1970461.6,0.022274869899112513,0,28,0.0,0.0,0.0,0.0,0.0,192,0
2021-07-01,-0.0021441130488639715,-0.008870418244343205,0.006726305195479234,1.0055160939600003,1.012097745097309,0.9928293211922379,2011032.1879200002,16013.1879200002,1995019.0,0.007962671117940958,28,28,469053.0,440539.6,365.14538,0.0,0.0,193,1
2021-07-02,-0.0017334381920587338,-0.005498335831906993,0.003764897639848259,1.0037730939600003,1.0065328918000482,0.9965672219603667,2007546.1879200002,17549.1879200002,1989997.0,0.008741611040183714,0,28,0.0,0.0,0.0,1536.0,0.0,193,0
2021-07-05,0.0028173697990281354,0.002221774463715676,0.0005955953353124596,1.00660109396,1.0087691808759394,0.9971607727490917,2013202.1879200002,17549.1879200002,1995653.0,0.008717051881476279,0,28,0.0,0.0,0.0,0.0,0.0,193,0
2021-07-06,0.005424015563624041,0.010467803725137113,-0.0050437881615130725,1.01206091396,1.019328778665316,0.9921313050483745,2024121.8279200003,23269.8279200002,2000852.0,0.011496258574471485,0,28,0.0,0.0,0.0,5720.639999999999,0.0,193,0
2021-07-07,-0.003402660800845947,-0.0013419965838313327,-0.002060664217014614,1.00861721396,1.017960842926546,0.9900868555694814,2017234.4279200002,26655.4279200002,1990579.0,0.01321384740963647,0,28,0.0,0.0,0.0,3385.6,0.0,193,0
2021-07-08,-0.00735660654736181,-0.006512740938483221,-0.0008438656088785891,1.00119721396,1.0113311276710455,0.9892513553222635,2002394.4279200002,32511.4279200002,1969883.0,0.01623627566411661,0,28,0.0,0.0,0.0,5856.0,0.0,194,0
2021-07-09,0.0009029190127531894,0.005410956593943054,-0.004508037581189865,1.00210121396,1.016803396504977,0.9847917730352277,2004202.4279200002,32511.4279200002,1971691.0,0.016221628847012816,0,28,0.0,0.0,0.0,0.0,0.0,194,0
2021-07-12,-0.0023490641136914014,-7.624253342375096e-05,-0.0022728215802676503,0.99974721396,1.0167258728380335,0.9825535170414031,1999494.4279200002,32511.4279200002,1966983.0,0.016259824216574903,0,28,0.0,0.0,0.0,0.0,0.0,194,0
2021-07-13,0.0019002603592912504,0.013408905561570995,-0.011508645202279745,1.0016469939600001,1.0303590540489245,0.9712456572215215,2003293.9879200002,36213.987920000196,1967080.0,0.018077220886386632,0,28,0.0,0.0,0.0,3702.56,0.0,195,0
2021-07-14,-0.004149645558828463,-0.0032815407601069304,-0.0008681047987215327,0.9974905139600001,1.0269778888155177,0.97040251420575,1994981.0279200003,37581.0279200002,1957400.0,0.018837787123811792,0,28,0.0,0.0,0.0,1367.04,0.0,195,0
2021-07-15,-0.0009670668407365524,-0.0014335993640490435,0.0004665325233124912,0.9965258739600001,1.0255056139672192,0.9708552385393311,1993051.7479200002,39885.7479200002,1953166.0,0.020012399558428918,0,28,0.0,0.0,0.0,2304.7200000000003,0.0,195,0
2021-07-16,-0.0006286841278996258,-0.0008000573710853475,0.00017137324318572172,0.9958993739600002,1.0246851506416752,0.9710216171502233,1991798.7479200002,43389.7479200002,1948409.0,0.021784202829382905,0,28,0.0,0.0,0.0,3504.0,0.0,195,0
2021-07-19,-0.0031770278029384924,-0.006873582189077468,0.0036965543861389753,0.9927353739600002,1.0176418930408124,0.9746110513681356,1985470.7479200002,43389.7479200002,1942081.0,0.021853632427199315,0,28,0.0,0.0,0.0,0.0,0.0,195,0
2021-07-20,-0.002045862425450129,-0.006324016678103279,0.00427815425265315,0.9907043739600003,1.0112063087368859,0.978780587782229,1981408.7479200002,43389.7479200002,1938019.0,0.021898433609697614,0,28,0.0,0.0,0.0,0.0,0.0,195,0
2021-07-21,-0.0005552615032889952,0.000542952454533974,-0.0010982139578229692,0.9901542739600003,1.0117553456842547,0.9777056772790804,1980308.5479200003,44666.5479200002,1935642.0,0.022555347734531227,0,28,0.0,0.0,0.0,1276.8,0.0,195,0
2021-07-22,0.0037499206918032435,0.003074379210404084,0.0006755414813991597,0.9938672739600004,1.0148658652850415,0.9783661580206819,1987734.5479200003,44666.5479200002,1943068.0,0.022471082955588837,0,28,0.0,0.0,0.0,0.0,0.0,195,0
2021-07-23,-0.0018392797991189092,-0.009358732872976954,0.007519453073858045,0.9920392739600004,1.0053680067499362,0.9857229364349692,1984078.5479200003,48826.5479200002,1935252.0,0.024609180907271686,0,28,0.0,0.0,0.0,4160.0,0.0,195,0
2021-07-26,-0.010608450971896,-0.013383122468496806,0.0027746714966008067,0.9815152739600004,0.9919130435896932,0.988457993770241,1963030.5479200003,48826.5479200002,1914204.0,0.024873045389811242,0,28,0.0,0.0,0.0,0.0,0.0,195,0
2021-07-27,-0.009285133142381885,-0.014197959837544724,0.004912826695162839,0.9724017739600004,0.9778299020344701,0.9933141165890825,1944803.5479200003,48826.5479200002,1895977.0,0.025106159422745297,0,28,0.0,0.0,0.0,0.0,0.0,195,0
2021-07-28,-0.0040040033906397765,-0.016744765083454474,0.012740761692814698,0.9685082739600004,0.9614563700333256,1.0059696950346528,1937016.5479200003,48826.5479200002,1888190.0,0.025207088691333555,0,28,0.0,0.0,0.0,0.0,0.0,195,0
2021-07-29,-0.000840467781108134,0.006139001904346812,-0.006979469685454946,0.9676942739600004,0.9673587525199066,0.9989485600436722,1935388.5479200003,48826.5479200002,1886562.0,0.025228292258148908,0,28,0.0,0.0,0.0,0.0,0.0,195,0
2021-07-30,0.0007760715550446662,0.008426340621563312,-0.007650269066518646,0.9684452739600004,0.9755100468718898,0.9913063347757267,1936890.5479200003,50490.5479200002,1886400.0,0.026067837428512052,0,28,0.0,0.0,0.0,1664.0,0.0,196,0
2021-08-02,0.009156428595846755,0.011219079069645092,-0.0020626504737983366,0.9773127739600004,0.9864543712209788,0.9892616162946222,1954625.5479200003,50490.5479200002,1904135.0,0.02583131483865507,0,28,0.0,0.0,0.0,0.0,0.0,196,0
2021-08-03,0.0039276064963795765,0.0005607257599576535,0.003366880736421923,0.9811512739600005,0.9870075015979451,0.9925923421738062,1962302.5479200003,50490.5479200002,1911812.0,0.02573025651600928,0,28,0.0,0.0,0.0,0.0,0.0,196,0
2021-08-04,-0.001527797027618294,-0.0006529223232400117,-0.0008748747043782822,0.9796522739600004,0.9863630623669465,0.9917239482418787,1959304.5479200003,50490.5479200002,1908814.0,0.02576962727596433,0,28,0.0,0.0,0.0,0.0,0.0,196,0
2021-08-05,-0.0004021835200844759,-0.0022386172008086475,0.0018364336807241716,0.9792582739600004,0.9841549730492896,0.9935451835024108,1958516.5479200003,50490.5479200002,1908026.0,0.02577999556532856,0,28,0.0,0.0,0.0,0.0,0.0,196,0
2021-08-06,-0.0016732051631017653,0.001561215783833712,-0.003234420946935477,0.9776197739600004,0.9856914513269525,0.9903316401491637,1955239.5479200003,50490.5479200002,1904749.0,0.025823203082053273,0,28,0.0,0.0,0.0,0.0,0.0,196,0
2021-08-09,0.011404740674216596,0.013682343279049701,-0.0022776026048331056,0.9887692739600005,0.9991780201312325,0.9880760582259114,1977538.5479200003,50490.5479200002,1927048.0,0.02553201704872291,0,28,0.0,0.0,0.0,0.0,0.0,196,0
2021-08-10,-0.0014399719302540248,0.0061914409951538815,-0.007631412925407906,0.9873454739600004,1.0053643718865295,0.9805356418238801,1974690.9479200002,54016.9479200002,1920674.0,0.02735463388683573,0,28,0.0,0.0,0.0,3526.4,0.0,196,0
2021-08-11,0.00499571844920399,0.00917267803300343,-0.00417695958379944,0.9922779739600004,1.0145862555756975,0.9764399840775069,1984555.9479200002,54016.9479200002,1930539.0,0.027218657139202854,0,28,0.0,0.0,0.0,0.0,0.0,196,0
2021-08-12,0.0002232237395294323,0.0006793033600219291,-0.00045607962049249676,0.9924994739600004,1.0152754674281421,0.975994649700135,1984998.9479200002,54016.9479200002,1930982.0,0.027212582644742644,0,28,0.0,0.0,0.0,0.0,0.0,196,0
2021-08-13,-0.0009471037765385049,0.004250078271565063,-0.005197182048103568,0.9915594739600004,1.0195904676319116,0.9709222278276683,1983118.9479200002,54016.9479200002,1929102.0,0.02723838021751344,0,28,0.0,0.0,0.0,0.0,0.0,196,0
2021-08-16,0.006444898332198079,0.00964797620833357,-0.003203077876135491,0.9979499739600004,1.029427452205868,0.9678122883202653,1995899.9479200002,54016.9479200002,1941883.0,0.027063955774082375,0,28,0.0,0.0,0.0,0.0,0.0,196,0
2021-08-17,-0.008197304688068341,-0.010690016662100673,0.002492711974032332,0.9897694739600004,1.0184228555893633,0.970224765599977,1979538.9479200002,54016.9479200002,1925522.0,0.027287640880599238,0,28,0.0,0.0,0.0,0.0,0.0,196,0
2021-08-18,0.012209913841501718,0.019212065636224032,-0.007002151794722314,1.0018544739600004,1.0379888623363769,0.963431104516247,2003708.9479200002,54016.9479200002,1949692.0,0.0269584801605412,0,28,0.0,0.0,0.0,0.0,0.0,196,0
2021-08-19,0.0022887555624087064,-0.010890744149970731,0.013179499712379437,1.0041474739600005,1.0266843912061523,0.9761286444811164,2008294.9479200002,54016.9479200002,1954278.0,0.02689691968599821,0,28,0.0,0.0,0.0,0.0,0.0,196,0
2021-08-20,-0.0008952868212221965,-0.007485598367807022,0.006590311546584826,1.0032484739600005,1.0189990442030865,0.9825616363577925,2006496.9479200002,54016.9479200002,1952480.0,0.026921021721959718,0,28,0.0,0.0,0.0,0.0,0.0,198,0
2021-08-23,0.016439596399184353,0.01623300603616775,0.00020659036301660244,1.0197414739600006,1.0355404618384845,0.9827646241229339,2039482.9479200002,54016.9479200002,1985466.0,0.02648560899961937,0,28,0.0,0.0,0.0,0.0,0.0,198,0
2021-08-24,-0.00046972689866175976,0.014324617362084697,-0.014794344260746457,1.0192624739600007,1.0503741827172772,0.9682252659463761,2038524.9479200002,54016.9479200002,1984508.0,0.02649805584921399,0,28,0.0,0.0,0.0,0.0,0.0,198,0
2021-08-25,0.00964569995577591,0.0066541959077560985,0.002991504048019812,1.0290939739600007,1.0573635783055273,0.9711217157488498,2058187.9479200002,54016.9479200002,2004171.0,0.02624490536667927,0,28,0.0,0.0,0.0,0.0,0.0,198,0
2021-08-26,-1.2146606934160253e-05,-0.002468793419922964,0.0024566468129888037,1.0290814739600007,1.0547531660609404,0.9735074188168683,2058162.9479200002,54016.9479200002,2004146.0,0.026245224157101003,0,28,0.0,0.0,0.0,0.0,0.0,198,0
2021-08-27,-0.0008503311177419093,-0.0004722722010229891,-0.0003780589167189202,1.028206413960001,1.0542550354616689,0.9731393756566925,2056412.8279200003,55989.8279200002,2000423.0,0.027226939629934242,0,28,0.0,0.0,0.0,1972.88,0.0,198,0
2021-08-30,0.00013226916128261657,-0.003748074534121197,0.0038803436954038136,1.0283424139600008,1.050303609010786,0.9769154908977712,2056684.8279200003,55989.8279200002,2000695.0,0.027223338821740974,0,28,0.0,0.0,0.0,0.0,0.0,198,0
2021-08-31,0.009283386419157491,0.004211787373953191,0.0050715990452043,1.0378889139600007,1.054727264490035,0.9818700145686536,2075777.8279200003,55989.8279200002,2019788.0,0.0269729386097663,0,28,0.0,0.0,0.0,0.0,0.0,198,0
2021-09-01,0.0160609673885026,0.005379394416664937,0.010681572971837663,1.0545584139600006,1.0604010584477368,0.9923579307781281,2109116.82792,55989.8279200002,2053127.0,0.02654657493545157,0,28,0.0,0.0,0.0,0.0,0.0,198,0
2021-09-02,0.01984290270030864,0.025140328612210078,-0.005297425911901438,1.0754839139600008,1.0870598895178483,0.9871009881617432,2150967.82792,55989.8279200002,2094978.0,0.0260300629294594,0,28,0.0,0.0,0.0,0.0,0.0,198,0
2021-09-03,0.01329912964233504,0.008251507244800246,0.005047622397534793,1.0897869139600007,1.0960297720717365,0.9920835012182172,2179573.82792,55989.8279200002,2123584.0,0.025688429179493374,0,28,0.0,0.0,0.0,0.0,0.0,198,0
2021-09-06,0.009167847284654362,0.01221624572509281,-0.003048398440438447,1.0997779139600008,1.109419141089382,0.9890592354203188,2199555.82792,55989.8279200002,2143566.0,0.025455061067009482,0,28,0.0,0.0,0.0,0.0,0.0,198,0
2021-09-07,0.0029296824014208855,0.013002744695999546,-0.01007306229457866,1.1029999139600009,1.1238446349418223,0.9790963801289017,2205999.82792,55989.8279200002,2150010.0,0.025380703666143103,0,28,0.0,0.0,0.0,0.0,0.0,198,0
2021-09-08,0.02065412672446154,0.02420059706519163,-0.0035464703407300895,1.1257814139600009,1.151042346115927,0.9756240438560583,2251562.82792,55989.8279200002,2195573.0,0.024867095523922713,0,28,0.0,0.0,0.0,0.0,0.0,198,0
2021-09-09,0.011371212778304773,0.011761833316628396,-0.00039062053832362303,1.1385829139600008,1.1645807143313234,0.9752429450668457,2277165.82792,55989.8279200002,2221176.0,0.02458750576419031,0,28,0.0,0.0,0.0,0.0,0.0,199,0
2021-09-10,-0.01478328876502999,-0.015044205363622339,0.0002609165985923492,1.1217509139600008,1.147060522902409,0.9754974021388737,2243501.82792,55989.8279200002,2187512.0,0.02495644408362689,0,28,0.0,0.0,0.0,0.0,0.0,199,0
2021-09-13,0.019829268443808168,0.012110581996588047,0.007718686447220121,1.143994413960001,1.1609520934200677,0.9830269607160614,2287988.82792,55989.8279200002,2231999.0,0.024471198126828395,0,28,0.0,0.0,0.0,0.0,0.0,199,0
2021-09-14,-0.025012796960213524,-0.02301248936127258,-0.0020003075989409452,1.115379913960001,1.1342356957212913,0.9810606044165773,2230759.82792,55989.8279200002,2174770.0,0.025098994171957142,0,28,0.0,0.0,0.0,0.0,0.0,199,0
2021-09-15,0.004345604523925406,0.010784832549496382,-0.006439228025570976,1.120226913960001,1.146468237771307,0.9747433314778344,2240453.82792,55989.8279200002,2184464.0,0.024990395794935984,0,28,0.0,0.0,0.0,0.0,0.0,199,0
2021-09-16,-0.011012947329027023,-0.01322630631231928,0.002213358983292257,1.107889913960001,1.1313046976811987,0.976900788386965,2215779.82792,55989.8279200002,2159790.0,0.025268678419443438,0,28,0.0,0.0,0.0,0.0,0.0,199,0
2021-09-17,0.00839072536257035,0.011352102900508148,-0.002961377537937798,1.1171859139600009,1.144147385021104,0.9740078163354422,2234371.82792,55989.8279200002,2178382.0,0.025058420098378036,0,28,0.0,0.0,0.0,0.0,0.0,199,0
2021-09-22,0.03875720187566767,0.03088070780326192,0.00787649407240575,1.1604849139600009,1.1794794661018069,0.9816795831272851,2320969.82792,55989.8279200002,2264980.0,0.02412346220380512,0,28,0.0,0.0,0.0,0.0,0.0,199,0
2021-09-23,0.024723716486838354,0.003945569828257391,0.020778146658580965,1.189176413960001,1.1841331846963072,1.0020770654772384,2378352.82792,55989.8279200002,2322363.0,0.023541430549211814,0,28,0.0,0.0,0.0,0.0,0.0,199,0
2021-09-24,-0.016919693128623403,-0.01422557375820446,-0.002694119370418944,1.169055913960001,1.1672882107378724,0.9993773502444836,2338111.82792,55989.8279200002,2282122.0,0.023946599667052336,0,28,0.0,0.0,0.0,0.0,0.0,199,0
2021-09-27,-0.030355690926528456,-0.013115879856597972,-0.017239811069930486,1.1335684139600009,1.1519781988078113,0.982148273538701,2267136.82792,55989.8279200002,2211147.0,0.024696272069016867,0,28,0.0,0.0,0.0,0.0,0.0,199,0
2021-09-28,0.0236761184146288,0.03306715527426286,-0.009391036859634064,1.1604069139600008,1.1900708407803549,0.9729248829002731,2320813.82792,55989.8279200002,2264824.0,0.024125083729865732,0,28,0.0,0.0,0.0,0.0,0.0,199,0
2021-09-29,-0.024652559077208425,-0.03366074573203924,0.009008186654830816,1.1317999139600008,1.1500121688057332,0.9816891718465682,2263599.82792,55989.8279200002,2207610.0,0.024734861360830154,0,28,0.0,0.0,0.0,0.0,0.0,199,0
2021-09-30,0.011098251418000915,0.02301680297392016,-0.011918551555919244,1.1443609139600006,1.1764817723127454,0.9699888588400273,2288721.82792,55989.8279200002,2232732.0,0.024463360831789675,0,28,0.0,0.0,0.0,0.0,0.0,199,0
2021-10-08,0.006981365408884832,0.007139870299634082,-0.00015850489074924982,1.152350115660001,1.1848816995769422,0.9698351108619289,2304700.2313200003,16607.23132000015,2288093.0,0.007205809716298106,28,28,1171105.0,1132449.0,726.5966,0.0,0.0,199,1
2021-10-11,-0.0010517636814796338,-0.015948316238610278,0.014896552557130644,1.151138115660001,1.1659848315267471,0.9842823105626343,2302276.2313200003,16607.23132000015,2285669.0,0.007213396504761927,0,28,0.0,0.0,0.0,0.0,0.0,199,0
2021-10-12,-0.022826539789219336,-0.015120489365115326,-0.00770605042410401,1.1248616156600009,1.1483545702817612,0.976697381445885,2249723.2313200003,16607.23132000015,2233116.0,0.007381899732731142,0,28,0.0,0.0,0.0,0.0,0.0,199,0
2021-10-13,-0.019898892173386806,-0.030736599259035956,0.01083770708564915,1.1024781156600008,1.1130580560477283,0.9872825415773161,2204956.2313200003,16607.23132000015,2188349.0,0.007531773685166625,0,28,0.0,0.0,0.0,0.0,0.0,199,0
2021-10-14,-0.002029518743472347,-0.0041892264240001855,0.0021597076805278384,1.1002406156600006,1.1083952038278868,0.9894147832652116,2200481.2313200003,16607.23132000015,2183874.0,0.007547090647093586,0,28,0.0,0.0,0.0,0.0,0.0,199,0
2021-10-15,-0.01133933779795615,-0.011194743020884853,-0.00014459477707129756,1.0877646156600007,1.0959870043554523,0.9892717190551943,2175529.2313200003,16607.23132000015,2158922.0,0.0076336511966441055,0,28,0.0,0.0,0.0,0.0,0.0,199,0
2021-10-18,0.016937028227215878,0.01980421900722288,-0.002867190780007002,1.1061881156600009,1.117692171018778,0.9864352883033976,2212376.2313200003,16607.23132000015,2195769.0,0.007506513171175931,0,28,0.0,0.0,0.0,0.0,0.0,199,0
2021-10-19,0.0012484314199814328,0.003385441511210062,-0.002137010091228629,1.107569115660001,1.1214760524912994,0.9843272661379492,2215138.2313200003,16607.23132000015,2198531.0,0.007497153489199592,0,28,0.0,0.0,0.0,0.0,0.0,199,0
2021-10-20,0.003444480300199171,0.007870017012683615,-0.004425536712484444,1.1113841156600008,1.1303020881037231,0.9799710896845563,2222768.2313200003,16607.23132000015,2206161.0,0.007471418335926944,0,28,0.0,0.0,0.0,0.0,0.0,199,0
2021-10-21,-0.005480553405590838,-0.004782579503150538,-0.0006979739024402997,1.1052931156600008,1.12489632850479,0.9792870954388104,2210586.2313200003,16607.23132000015,2193979.0,0.00751259149482874,0,28,0.0,0.0,0.0,0.0,0.0,199,0
2021-10-22,-0.01516611273742563,-0.0211258227747656,0.005959710037339971,1.0885301156600007,1.1011319680288132,0.9851233625709345,2177060.2313200003,16607.23132000015,2160453.0,0.007628282893179679,0,28,0.0,0.0,0.0,0.0,0.0,199,0
2021-10-25,0.004772950169458445,0.012878299038342478,-0.008105348868884032,1.0937256156600008,1.1153126747937667,0.9771385940384089,2187451.2313200003,16607.23132000015,2170844.0,0.007592046433866619,0,28,0.0,0.0,0.0,0.0,0.0,199,0
2021-10-26,-0.002042102670012147,0.0006480094218352994,-0.0026901120918474465,1.0914921156600008,1.1160354079153254,0.9745099816911753,2182984.2313200003,16607.23132000015,2166377.0,0.0076075818971711685,0,28,0.0,0.0,0.0,0.0,0.0,199,0
2021-10-27,-0.002655539108724847,0.0012662146671919541,-0.003921753775916801,1.088593615660001,1.1174485483179335,0.9706881934908094,2177187.2313200003,16607.23132000015,2160580.0,0.007627837919080301,0,28,0.0,0.0,0.0,0.0,0.0,199,0
2021-10-28,-0.008912416773745102,-0.014722668483123997,0.005810251709378895,1.0788916156600008,1.1009967237941005,0.9763281362263133,2157783.2313200003,16607.23132000015,2141176.0,0.0076964317262957225,0,28,0.0,0.0,0.0,0.0,0.0,199,0
2021-10-29,-0.000711378222668313,-0.0006151331244956067,-9.62450981727063e-05,1.0781241156600008,1.1003194642393337,0.9762341694289934,2156248.2313200003,16607.23132000015,2139641.0,0.007701910697839102,0,28,0.0,0.0,0.0,0.0,0.0,199,0
2021-11-01,-0.001425624357784705,0.003141515185034064,-0.004567139542818769,1.0765871156600009,1.10377613454463,0.9717755717507435,2153174.2313200003,16607.23132000015,2136567.0,0.007712906405079496,0,28,0.0,0.0,0.0,0.0,0.0,199,0
2021-11-02,-0.019050014347818944,-0.02727818749839744,0.008228173150578496,1.0560781156600008,1.0736671221902652,0.9797715094186109,2112156.2313200003,16607.23132000015,2095549.0,0.007862690777197574,0,28,0.0,0.0,0.0,0.0,0.0,199,0
2021-11-03,0.004337747304930195,0.00681597973230609,-0.0024782324273758946,1.0606591156600007,1.0809852155343576,0.9773434078925507,2121318.2313200003,16607.23132000015,2104711.0,0.007828731717289877,0,28,0.0,0.0,0.0,0.0,0.0,199,0
2021-11-04,0.0021354646055067317,0.008975458917751974,-0.006839994312245242,1.0629241156600007,1.0906875539270835,0.9706583845414553,2125848.2313200003,16607.23132000015,2109241.0,0.007812049362380044,0,28,0.0,0.0,0.0,0.0,0.0,199,0
2021-11-05,-0.014695780978024708,-0.019067226962895627,0.004371445984870919,1.0473036156600006,1.0698911667907502,0.9749015652392403,2094607.2313200003,16607.23132000015,2078000.0,0.00792856582927695,0,28,0.0,0.0,0.0,0.0,0.0,199,0
2021-11-08,0.0019683881246803647,0.002725947991874085,-0.0007575598671937201,1.0493651156600006,1.0728076344683872,0.9741630189389507,2098730.2313200003,16607.23132000015,2082123.0,0.00791298999374255,0,28,0.0,0.0,0.0,0.0,0.0,199,0
2021-11-09,0.004533217208205098,0.004094135724219206,0.0004390814839858922,1.0541221156600007,1.0771998545298793,0.9745907558829506,2108244.2313200003,16607.23132000015,2091637.0,0.00787728056990918,0,28,0.0,0.0,0.0,0.0,0.0,199,0
2021-11-10,-0.005653993888808939,-0.0049099096305154095,-0.0007440842582935297,1.0481621156600007,1.0719109005901333,0.9738655782432197,2096324.2313200003,16607.23132000015,2079717.0,0.007922071916109568,0,28,0.0,0.0,0.0,0.0,0.0,199,0
2021-11-11,0.00851967445358115,0.004262518493954361,0.004257155959626789,1.0570921156600008,1.07647994062777,0.9780114758935132,2114184.2313200003,16607.23132000015,2097577.0,0.007855148607191793,0,28,0.0,0.0,0.0,0.0,0.0,199,0
2021-11-12,-0.0033946899677324005,0.0005900815849550007,-0.003984771552687401,1.0535036156600008,1.077115151617308,0.9741143235861709,2107007.2313200003,16607.23132000015,2090400.0,0.007881905231808832,0,28,0.0,0.0,0.0,0.0,0.0,199,0
2021-11-15,0.004103925165260591,0.010585598799415213,-0.0064816736341546215,1.057827115660001,1.0885170604731003,0.96780043245833,2115654.2313200003,16607.23132000015,2099047.0,0.00784969068865216,0,28,0.0,0.0,0.0,0.0,0.0,199,0
2021-11-16,-0.006329484185913059,-0.00527572071756155,-0.0010537634683515087,1.051131615660001,1.082774348465743,0.9667805997179506,2102263.2313200003,16607.23132000015,2085656.0,0.007899691662101018,0,28,0.0,0.0,0.0,0.0,0.0,199,0
2021-11-17,0.0021571989332431762,0.007237431733340042,-0.005080232800096866,1.0533991156600009,1.0906108538953756,0.9618691292047662,2106798.2313200003,16607.23132000015,2090191.0,0.007882687137816232,0,28,0.0,0.0,0.0,0.0,0.0,199,0
2021-11-18,0.0008989944892887625,-0.0008067282717237114,0.0017057227610124738,1.054346115660001,1.0897310272860894,0.963509811271566,2108692.2313200003,16607.23132000015,2092085.0,0.007875607010513975,0,28,0.0,0.0,0.0,0.0,0.0,199,0
2021-11-19,0.00710724864321155,0.00996518863644781,-0.002857939993236259,1.0618396156600007,1.1005904025359854,0.9607561580480575,2123679.2313200003,16607.23132000015,2107072.0,0.007820028126223993,0,28,0.0,0.0,0.0,0.0,0.0,199,0
2021-11-22,-0.0009036204581646112,0.001614143357843283,-0.002517763816007894,1.0608801156600007,1.102366913223945,0.9583372009573173,2121760.2313200003,16607.23132000015,2105153.0,0.007827100854684403,0,28,0.0,0.0,0.0,0.0,0.0,199,0
2021-11-23,0.006084570635942477,0.0008149414444762912,0.005269629191466185,1.0673351156600008,1.1032652777085505,0.9633872826467501,2134670.2313200003,16607.23132000015,2118063.0,0.007779764329093052,0,28,0.0,0.0,0.0,0.0,0.0,199,0
2021-11-24,0.002349309006337119,0.006022637389499559,-0.00367332838316244,1.0698426156600007,1.1099098444206148,0.959848444797426,2139685.2313200003,16607.23132000015,2123078.0,0.007761530096534307,0,28,0.0,0.0,0.0,0.0,0.0,199,0
2021-11-25,0.0019096266778826365,-0.00047725235196046696,0.0023868790298431034,1.0718856156600007,1.109380137336901,0.9621394869221406,2143771.2313200003,16607.23132000015,2127164.0,0.007746736721424542,0,28,0.0,0.0,0.0,0.0,0.0,199,0
2021-11-26,-8.676298911125535e-05,-0.0037332224868346932,0.003646459497723438,1.0717926156600006,1.105238574461747,0.9656478895923626,2143585.2313200003,16607.23132000015,2126978.0,0.007747408909779421,0,28,0.0,0.0,0.0,0.0,0.0,199,0
2021-11-29,-0.002839635164052501,-0.002060596353158778,-0.000779038810893723,1.0687491156600006,1.1029611238858408,0.9648956124087126,2137498.2313200003,16607.23132000015,2120891.0,0.007769471373898844,0,28,0.0,0.0,0.0,0.0,0.0,199,0
2021-11-30,0.0012523986971193501,0.001060175794915808,0.00019222290220354205,1.0700876156600008,1.1041304565721177,0.9650810874436533,2140175.2313200003,16607.23132000015,2123568.0,0.007759753069264929,0,28,0.0,0.0,0.0,0.0,0.0,199,0
2021-12-01,0.01439321395239257,0.014993315452651368,-0.0006001015002587984,1.0854896156600007,1.1206850328083835,0.9645019408352069,2170979.2313200003,16607.23132000015,2154372.0,0.007649650019868045,0,28,0.0,0.0,0.0,0.0,0.0,199,0
2021-12-02,-0.0019981766464722828,-0.006111344052241849,0.004113167405769566,1.0833206156600006,1.1138361409986934,0.9684690987810517,2166641.2313200003,16607.23132000015,2150034.0,0.007664965975877047,0,28,0.0,0.0,0.0,0.0,0.0,199,0
2021-12-03,0.020746858940099644,0.018185927294762833,0.0025609316453368107,1.1057961156600005,1.134092284077175,0.9709492819436508,2211592.2313200003,16607.23132000015,2194985.0,0.007509174198033803,0,28,0.0,0.0,0.0,0.0,0.0,199,0
2021-12-06,-0.0026795174608038597,-0.0009825444592192558,-0.0016969730015846038,1.1028331156600004,1.1329779879872115,0.9693016072262846,2205666.2313200003,16607.23132000015,2189059.0,0.007529349220739263,0,28,0.0,0.0,0.0,0.0,0.0,199,0
2021-12-07,0.002896177086674223,0.00835736343674952,-0.005461186350075297,1.1060271156600006,1.142446696798658,0.9640080705197943,2212054.2313200003,16607.23132000015,2195447.0,0.00750760586465826,0,28,0.0,0.0,0.0,0.0,0.0,199,0
2021-12-08,0.005298694685710981,0.004936989521041285,0.0003617051646696958,1.1118876156600004,1.1480869441691013,0.9643567572176845,2223775.2313200003,16607.23132000015,2207168.0,0.00746803502714721,0,28,0.0,0.0,0.0,0.0,0.0,199,0
2021-12-09,0.007151801933938939,0.006727876009514382,0.0004239259244245572,1.1198396156600003,1.1558111307776133,0.9647655730474631,2239679.2313200003,16607.23132000015,2223072.0,0.007415004384450332,0,28,0.0,0.0,0.0,0.0,0.0,199,0
2021-12-10,0.000499625117897029,-0.004805370364317986,0.005304995482215015,1.1203991156600002,1.1502570302230257,0.9698836500538766,2240798.2313200003,16607.23132000015,2224191.0,0.007411301512058599,0,28,0.0,0.0,0.0,0.0,0.0,199,0
2021-12-13,0.005540436361682888,0.003634483916132757,0.001905952445550131,1.12660661566,1.15443762089879,0.9717322021685957,2253213.2313200003,16607.23132000015,2236606.0,0.007370465914702238,0,28,0.0,0.0,0.0,0.0,0.0,199,0
2021-12-14,-0.0023069276923048943,-0.0004741032083309169,-0.0018328244839739775,1.12400761566,1.153890298318904,0.9699511875965952,2248015.2313200003,16607.23132000015,2231408.0,0.00738750836232041,0,28,0.0,0.0,0.0,0.0,0.0,199,0
2021-12-15,0.013624462847618535,0.01979826921593518,-0.006173806368316645,1.1393216156600001,1.1767353290906775,0.963962896777655,2278643.2313200003,16607.23132000015,2262036.0,0.007288210410358848,0,28,0.0,0.0,0.0,0.0,0.0,199,0
2021-12-16,0.003601265826614908,0.008792982373771133,-0.005191716547156226,1.14342461566,1.1870823420979655,0.9589582746556098,2286849.2313200003,16607.23132000015,2270242.0,0.007262057809737738,0,28,0.0,0.0,0.0,0.0,0.0,199,0
2021-12-17,0.0007132083644441067,0.002142275508920896,-0.001429067144476789,1.1442401156600002,1.1896253995265145,0.9575878588923753,2288480.2313200003,16607.23132000015,2271873.0,0.00725688214069521,0,28,0.0,0.0,0.0,0.0,0.0,199,0
2021-12-20,-0.0015831467322355852,-0.014613899297883317,0.013030752565647731,1.14242861566,1.1722403337356297,0.9700659493414702,2284857.2313200003,16607.23132000015,2268250.0,0.007268389067095399,0,28,0.0,0.0,0.0,0.0,0.0,199,0
2021-12-21,0.014401775108281,0.01219346586981873,0.002208309238462271,1.1588816156600001,1.18653400623626,0.9722081549393187,2317763.2313200003,16607.23132000015,2301156.0,0.007165197504035858,0,28,0.0,0.0,0.0,0.0,0.0,199,0
2021-12-22,-0.0030840078500723456,-0.0050851050135223815,0.002001097163450036,1.1553076156600002,1.1805003562124332,0.9741536379204508,2310615.2313200003,16607.23132000015,2294008.0,0.007187363389149317,0,28,0.0,0.0,0.0,0.0,0.0,199,0
2021-12-23,0.0029541915536064334,0.008062334696439953,-0.00510814314283352,1.15872061566,1.1900179451934845,0.9691775216948412,2317441.2313200003,16607.23132000015,2300834.0,0.00716619308207474,0,28,0.0,0.0,0.0,0.0,0.0,199,0
2021-12-24,-0.0017614254656523887,-0.008695985646748974,0.006934560181096585,1.15667961566,1.1796695662227081,0.9758983415452002,2313359.2313200003,16607.23132000015,2296752.0,0.0071788380702655,0,28,0.0,0.0,0.0,0.0,0.0,199,0
2021-12-27,0.006359582982538026,0.005720518139389733,0.0006390648431482925,1.16403561566,1.1864178873747713,0.9765220038657684,2328071.2313200003,16607.23132000015,2311464.0,0.007133472162097019,0,28,0.0,0.0,0.0,0.0,0.0,199,0
2021-12-28,-0.0009699015947719491,-0.01303224134486596,0.012062339750094011,1.16290661566,1.1709562031306373,0.9883011440498399,2325813.2313200003,16607.23132000015,2309206.0,0.007140397645160366,0,28,0.0,0.0,0.0,0.0,0.0,199,0
2021-12-29,0.00043038709493958827,-0.007457844017019768,0.007888231111959357,1.16340711566,1.1622233944169273,0.996097091882319,2326814.2313200003,16607.23132000015,2310207.0,0.007137325832229795,0,28,0.0,0.0,0.0,0.0,0.0,199,0
2021-12-30,0.010741725602142704,0.005294871870024247,0.005446853732118458,1.17590411566,1.1683772183747096,1.0015226870447904,2351808.2313200003,16607.23132000015,2335201.0,0.007061473422379768,0,28,0.0,0.0,0.0,0.0,0.0,199,0
2021-12-31,-0.0034037639180755086,0.0059052944977434785,-0.009309058415818987,1.1719016156600002,1.1752768299336667,0.9921994538463225,2343803.2313200003,16607.23132000015,2327196.0,0.0070855911017100055,0,28,0.0,0.0,0.0,0.0,0.0,199,0
2022-01-04,0.013901198003575699,0.008662620653040146,0.005238577350535553,1.18819245206,1.1854578072736897,0.9973971674324554,2376384.90412,20312.904120000167,2356072.0,0.008547817352644834,28,28,723769.0,727986.0,511.3272,0.0,0.0,199,1
2022-01-05,-0.003673647305562522,-0.012884908374887679,0.009211261069325157,1.18382745206,1.1701832920446729,1.0065844531314811,2367654.90412,20312.904120000167,2347342.0,0.008579334802826757,0,28,0.0,0.0,0.0,0.0,0.0,199,0
2022-01-06,0.0031668466493797176,0.0036463721389045733,-0.0004795254895248557,1.18757645206,1.1744502157981962,1.006101770228845,2375152.90412,20312.904120000167,2354840.0,0.008552251134975307,0,28,0.0,0.0,0.0,0.0,0.0,199,0
2022-01-07,-0.0037652312760526607,-0.006443666462835561,0.0026784351867829006,1.18310495206,1.1668824503303874,1.0087965486117105,2366209.90412,20312.904120000167,2345897.0,0.008584574041648512,0,28,0.0,0.0,0.0,0.0,0.0,199,0
2022-01-10,0.0009432806430713647,0.0023989922950572082,-0.0014557116519858435,1.1842209520600002,1.1696817923379674,1.0073280317214133,2368441.90412,20312.904120000167,2348129.0,0.008576484010295989,0,28,0.0,0.0,0.0,0.0,0.0,199,0
2022-01-11,0.003986587124461538,0.003908011708053546,7.857541640799229e-05,1.1889419520600002,1.1742529224771212,1.0074071829409654,2377883.90412,20312.904120000167,2357571.0,0.008542428873337912,0,28,0.0,0.0,0.0,0.0,0.0,199,0
2022-01-12,-0.0024849825467769815,0.002907272451933184,-0.005392254998710166,1.1859874520600002,1.1776667956502411,1.0019749865230154,2371974.90412,20312.904120000167,2351662.0,0.008563709542085662,0,28,0.0,0.0,0.0,0.0,0.0,199,0
2022-01-13,-0.0007584397275347543,-0.0036140115289724694,0.002855571801437715,1.1850879520600002,1.1734106942734732,1.0048361980402765,2370175.90412,20312.904120000167,2349863.0,0.008570209529466105,0,28,0.0,0.0,0.0,0.0,0.0,199,0
2022-01-14,-0.018337035628643195,-0.019283737348241223,0.0009467017195980282,1.1633569520600002,1.1507829506434861,1.0057874781968756,2326713.90412,20312.904120000167,2306401.0,0.00873029730214417,0,28,0.0,0.0,0.0,0.0,0.0,199,0
2022-01-17,0.0016916561993420842,0.002218043073523135,-0.0005263868741810507,1.1653249520600002,1.1533354367962894,1.0052580448701371,2330649.90412,20312.904120000167,2310337.0,0.008715553581896657,0,28,0.0,0.0,0.0,0.0,0.0,199,0
2022-01-18,0.0008649947795402735,0.005554396811344062,-0.004689402031803788,1.16633295206,1.1597415194688407,1.000543985752036,2332665.90412,20312.904120000167,2312353.0,0.00870802118902802,0,28,0.0,0.0,0.0,0.0,0.0,200,0
2022-01-19,0.0059404134880720605,0.001102292928928682,0.004838120559143379,1.1732614520600002,1.1610198943451362,1.0053847381798302,2346522.90412,20312.904120000167,2326210.0,0.008656597420947813,0,28,0.0,0.0,0.0,0.0,0.0,200,0
2022-01-20,-0.004551415194476993,-0.00867689132124645,0.004125476126769457,1.16792145206,1.1509458509000983,1.0095324289154095,2335842.90412,20312.904120000167,2315530.0,0.008696177334602389,0,28,0.0,0.0,0.0,0.0,0.0,200,0
2022-01-21,-0.006627158004802514,-0.010298673277516135,0.003671515272713621,1.16018145206,1.1390926356215654,1.013238942646472,2320362.90412,20312.904120000167,2300050.0,0.008754192753182224,0,28,0.0,0.0,0.0,0.0,0.0,200,0
2022-01-24,-0.005436649576495589,-0.007548625340567103,0.002111975764071514,1.1538739520599999,1.130494052087059,1.015378878736555,2307747.90412,20312.904120000167,2287435.0,0.00880204639498783,0,28,0.0,0.0,0.0,0.0,0.0,200,0
2022-01-25,-0.024917799685718944,-0.03361268471329841,0.008694885027579466,1.12512195206,1.0924951119439976,1.0242074813466018,2250243.90412,20312.904120000167,2229931.0,0.009026978845630473,0,28,0.0,0.0,0.0,0.0,0.0,200,0
2022-01-26,0.007923585513265774,0.009329326071245899,-0.0014057405579801247,1.13403695206,1.1026873550745655,1.0227677113502862,2268073.90412,20312.904120000167,2247761.0,0.008956015094173687,0,28,0.0,0.0,0.0,0.0,0.0,200,0
2022-01-27,-0.008541167889110857,-0.016884110874178453,0.008342942985067596,1.12435095206,1.084069459511932,1.0313006040530497,2248701.90412,20312.904120000167,2228389.0,0.009033168906373722,0,28,0.0,0.0,0.0,0.0,0.0,200,0
2022-01-28,0.007780933510103116,0.005369902081718756,0.00241103142838436,1.13309945206,1.089890806359293,1.0337871022215332,2266198.90412,20312.904120000167,2245886.0,0.008963425091712319,0,28,0.0,0.0,0.0,0.0,0.0,200,0
2022-02-07,0.02757966208807705,0.026763058572329496,0.0008166035157475549,1.16434995206,1.1190596178473302,1.0346312964037419,2328699.90412,20312.904120000167,2308387.0,0.00872285178698295,0,28,0.0,0.0,0.0,0.0,0.0,200,0
2022-02-08,0.029163912395858693,0.025489920150099928,0.003673992245758765,1.19830695206,1.14758435814946,1.0384325237639485,2396613.90412,20312.904120000167,2376301.0,0.008475668143742475,0,28,0.0,0.0,0.0,0.0,0.0,200,0
2022-02-09,-0.0027747481513680228,0.007285636764600376,-0.010060384915968399,1.19498195206,1.155945240939674,1.0279854928656227,2389963.90412,20312.904120000167,2369651.0,0.008499251425924571,0,28,0.0,0.0,0.0,0.0,0.0,200,0
2022-02-10,0.009382150065674777,0.007028726802265553,0.0023534232634092236,1.20619345206,1.164070064236618,1.0304047778389798,2412386.90412,20312.904120000167,2392074.0,0.008420251364036478,0,28,0.0,0.0,0.0,0.0,0.0,200,0
2022-02-11,-0.007142718264044667,-0.010028746839943143,0.0028860285758984753,1.1975779520599998,1.1523959002584325,1.0333785554725654,2395155.90412,20312.904120000167,2374843.0,0.008480827525698497,0,28,0.0,0.0,0.0,0.0,0.0,200,0
2022-02-14,-0.008734713245185044,-0.013055868729934623,0.004321155484749579,1.1871174520599999,1.1373503706597436,1.0378439448853682,2374234.90412,20312.904120000167,2353922.0,0.008555557870348578,0,28,0.0,0.0,0.0,0.0,0.0,200,0
2022-02-15,-0.0038964131072063424,-0.0035803377688548264,-0.00031607533835151594,1.18249195206,1.1332782721712495,1.0375159080093326,2364983.90412,20312.904120000167,2344671.0,0.008589024257041828,0,28,0.0,0.0,0.0,0.0,0.0,200,0
2022-02-16,0.01266816232778889,0.01063563722076233,0.00203252510702656,1.19747195206,1.1453314087442352,1.039624685141301,2394943.90412,20312.904120000167,2374631.0,0.008481578247012827,0,28,0.0,0.0,0.0,0.0,0.0,200,0
2022-02-17,-0.003945395123345019,-0.00016657351592843983,-0.003778821607416579,1.1927474520599999,1.1451406268645774,1.0356961289174853,2385494.90412,20312.904120000167,2365182.0,0.008515173972879863,0,28,0.0,0.0,0.0,0.0,0.0,200,0
2022-02-18,0.013051798998281905,0.007992602073721015,0.00505919692456089,1.2083149520599998,1.1542932802135575,1.0409359195876842,2416629.90412,20312.904120000167,2396317.0,0.008405467500575756,0,28,0.0,0.0,0.0,0.0,0.0,200,0
2022-02-21,0.0003521432878692554,0.004109989331261068,-0.0037578460433918123,1.2087404520599998,1.1590374132803816,1.0370242426608371,2417480.90412,20312.904120000167,2397168.0,0.008402508613566225,0,28,0.0,0.0,0.0,0.0,0.0,200,0
2022-02-22,-0.009563674302699776,-0.007510621701699835,-0.0020530526009999413,1.1971804520599998,1.1503323217311159,1.0348951773421422,2394360.90412,20312.904120000167,2374048.0,0.00848364341609803,0,28,0.0,0.0,0.0,0.0,0.0,200,0
2022-02-23,-0.0033654074396781697,0.0012045659707261324,-0.004569973410404302,1.1931514520599997,1.1517179729008995,1.030165733899133,2386302.90412,20312.904120000167,2365990.0,0.008512290742692191,0,28,0.0,0.0,0.0,0.0,0.0,200,0
2022-02-24,-0.017641515637984106,-0.010798838407478629,-0.006842677230505478,1.1721024520599999,1.1392807566205538,1.0231166422881344,2344204.90412,20312.904120000167,2323892.0,0.00866515724982049,0,28,0.0,0.0,0.0,0.0,0.0,200,0
2022-02-25,0.01324457599479989,0.015081852682119127,-0.0018372766873192368,1.1876264520599997,1.1564632211554782,1.02123689393285,2375252.90412,20312.904120000167,2354940.0,0.008551891078531626,0,28,0.0,0.0,0.0,0.0,0.0,200,0
2022-02-28,0.0031301929942295637,7.034198948867587e-05,0.003059851004740888,1.1913439520599995,1.1565445690792249,1.0243617266688287,2382687.90412,20312.904120000167,2362375.0,0.008525205539876339,0,28,0.0,0.0,0.0,0.0,0.0,200,0
2022-03-01,0.007559949403718846,0.005426220685285277,0.0021337287184335692,1.2003504520599997,1.162820235143417,1.0265474367030862,2400700.90412,20312.904120000167,2380388.0,0.008461239001134985,0,28,0.0,0.0,0.0,0.0,0.0,200,0
2022-03-02,0.011002620090936555,0.006795793188297125,0.00420682690263943,1.2135574520599999,1.1707225209766186,1.0308659440766443,2427114.90412,20312.904120000167,2406802.0,0.008369156353298001,0,28,0.0,0.0,0.0,0.0,0.0,200,0
2022-03-03,0.028057180104825052,0.017301917243812706,0.010755262861012346,1.2476064520599999,1.1909782651500238,1.0419531782796543,2495212.90412,20312.904120000167,2474900.0,0.00814074986806147,0,28,0.0,0.0,0.0,0.0,0.0,200,0
2022-03-04,-0.01875511300968702,-0.012991347053183375,-0.005763765956503644,1.22420745206,1.1755058531746616,1.0359476040224151,2448414.90412,20312.904120000167,2428102.0,0.008296348827896451,0,28,0.0,0.0,0.0,0.0,0.0,200,0
2022-03-07,-0.013347410990273256,-0.013877977934397075,0.0005305669441238187,1.20786745206,1.159192208882549,1.0364972435769537,2415734.90412,20312.904120000167,2395422.0,0.008408581622659344,0,28,0.0,0.0,0.0,0.0,0.0,200,0
2022-03-08,-0.02936870261674862,-0.03584025953655621,0.006471556919807588,1.17239395206,1.1176464592634445,1.0432049944859856,2344787.90412,20312.904120000167,2324475.0,0.00866300277492416,0,28,0.0,0.0,0.0,0.0,0.0,200,0
2022-03-09,-0.005114748322834317,-0.004731901385383962,-0.00038284693745035524,1.16639745206,1.1123578664344864,1.0428056066487137,2332794.90412,20312.904120000167,2312482.0,0.00870753964873856,0,28,0.0,0.0,0.0,0.0,0.0,200,0
2022-03-10,0.011633684535262478,0.01778206366930148,-0.006148379134039001,1.17996695206,1.1321378848384729,1.036394042415936,2359933.90412,20312.904120000167,2339621.0,0.008607403827936733,0,28,0.0,0.0,0.0,0.0,0.0,200,0
2022-03-11,0.00506327739905732,-0.002336886618048728,0.007400164017106048,1.18594145206,1.129492206965608,1.0440635283161652,2371882.90412,20312.904120000167,2351570.0,0.00856404170910643,0,28,0.0,0.0,0.0,0.0,0.0,200,0
2022-03-14,-0.022695049534905976,-0.0304877235116548,0.007792673976748824,1.15902645206,1.0950565608510716,1.0521995750033473,2318052.90412,20312.904120000167,2297740.0,0.008762916533913851,0,28,0.0,0.0,0.0,0.0,0.0,200,0
2022-03-15,-0.04996477854070769,-0.0561169231418976,0.006152144601189909,1.10111595206,1.0336053559897613,1.0586728589380783,2202231.90412,20312.904120000167,2181919.0,0.009223780693576452,0,28,0.0,0.0,0.0,0.0,0.0,200,0
2022-03-16,0.02501235219458464,0.029189852853486874,-0.004177500658902232,1.1286574520600001,1.0637761442396783,1.0542502523723025,2257314.90412,20312.904120000167,2237002.0,0.008998701990105816,0,28,0.0,0.0,0.0,0.0,0.0,200,0
2022-03-17,-0.0008536691077009051,0.005869702510703856,-0.006723371618404761,1.12769395206,1.070020193744349,1.0471621361468066,2255387.90412,20312.904120000167,2235075.0,0.009006390467419745,0,28,0.0,0.0,0.0,0.0,0.0,200,0
2022-03-18,0.022554878434469794,0.023642966402467273,-0.0010880879679974788,1.15312895206,1.095318645235008,1.0460227316259227,2306257.90412,20312.904120000167,2285945.0,0.008807733117667502,0,28,0.0,0.0,0.0,0.0,0.0,200,0
2022-03-21,-0.00045484938962203625,0.002548095012296141,-0.003002944401918177,1.15260445206,1.0981096212118064,1.0428815835197076,2305208.90412,20312.904120000167,2284896.0,0.008811741132743238,0,28,0.0,0.0,0.0,0.0,0.0,200,0
2022-03-22,0.009337982324086669,0.0050359076201352505,0.004302074703951418,1.16336745206,1.1036395998210107,1.0473681379993847,2326734.90412,20312.904120000167,2306422.0,0.008730218506642792,0,28,0.0,0.0,0.0,0.0,0.0,200,0
2022-03-23,-0.006476887407033449,-0.002733540589548571,-0.0037433468174848782,1.1558324520599998,1.1006227561786668,1.0434474758132697,2311664.90412,20312.904120000167,2291352.0,0.008787131769746204,0,28,0.0,0.0,0.0,0.0,0.0,200,0
2022-03-24,-0.00731464148193095,-0.008285888486962609,0.0009712470050316589,1.1473779520599998,1.0915031187547568,1.0444609210490612,2294755.90412,20312.904120000167,2274443.0,0.008851880099112249,0,28,0.0,0.0,0.0,0.0,0.0,200,0
2022-03-25,0.007309709921601737,-0.004517367823607719,0.011827077745209455,1.15576495206,1.0865723976867265,1.0568138415641415,2311529.90412,20312.904120000167,2291217.0,0.008787644963534786,0,28,0.0,0.0,0.0,0.0,0.0,200,0
2022-03-28,0.008972412583992062,0.00623975565481385,0.0027326569291782118,1.1661349520600002,1.093352343949557,1.059701751231143,2332269.90412,20312.904120000167,2311957.0,0.008709499738480965,0,28,0.0,0.0,0.0,0.0,0.0,200,0
2022-03-29,0.00011833964821672538,-0.005046914960411081,0.005165254608627806,1.1662729520600001,1.0878342876478775,1.0651753805854607,2332545.90412,20312.904120000167,2312233.0,0.008708469181301543,0,28,0.0,0.0,0.0,0.0,0.0,200,0
2022-03-30,0.004813624452220999,0.009375131356345991,-0.004561506904124992,1.1718869520600002,1.0980328769885133,1.0603165757328161,2343773.90412,20312.904120000167,2323461.0,0.008666750698219292,0,28,0.0,0.0,0.0,0.0,0.0,200,0
2022-03-31,0.018502637956574697,0.004907632953091617,0.013595005003483079,1.19356995206,1.1034216193192001,1.0747315848851797,2387139.90412,20312.904120000167,2366827.0,0.008509306088403877,0,28,0.0,0.0,0.0,0.0,0.0,200,0
2022-04-01,0.012666469965926241,0.01183172404164059,0.0008347459242856511,1.2086882700100001,1.116476999420565,1.0756287126953636,2417376.54002,272560.5400200004,2144816.0,0.11275055230648734,25,25,1032385.0,1285372.0,739.3641,0.0,0.0,200,1
2022-04-06,0.012425867258458512,0.016193596593691205,-0.003767729335232693,1.2237072700100002,1.1345567775553165,1.0715760348407226,2447414.54002,272560.5400200004,2174854.0,0.11136672417488092,0,25,0.0,0.0,0.0,0.0,0.0,200,0
2022-04-07,-0.005687634755935589,-0.020550113149480666,0.014862478393545077,1.2167472700100004,1.1112415074020445,1.0875023105055837,2433494.54002,272560.5400200004,2160934.0,0.11200376065678797,0,25,0.0,0.0,0.0,0.0,0.0,200,0
2022-04-08,0.010057963803690617,0.0037129673753387676,0.006344996428351849,1.2289852700100004,1.1153675108651504,1.094402508781566,2457970.54002,272560.5400200004,2185410.0,0.11088844865397883,0,25,0.0,0.0,0.0,0.0,0.0,200,0
2022-04-11,-0.010380108135792598,-0.02330243316172039,0.012922325025927793,1.2162282700100002,1.0893767339924607,1.1085447337092322,2432456.54002,272560.5400200004,2159896.0,0.11205155592122495,0,25,0.0,0.0,0.0,0.0,0.0,200,0
2022-04-12,0.014012994451987115,0.01678052824066403,-0.0027675337886769145,1.2332712700100001,1.1076570510419437,1.105476798702432,2466542.54002,272560.5400200004,2193982.0,0.11050307691745317,0,25,0.0,0.0,0.0,0.0,0.0,200,0
2022-04-13,-0.0019906407127930903,-0.008188006023798227,0.006197365311005136,1.2308162700100003,1.0985875484357097,1.1123278422668317,2461632.54002,272560.5400200004,2189072.0,0.11072348759973165,0,25,0.0,0.0,0.0,0.0,0.0,200,0
2022-04-14,-0.0074466841423257435,0.0013986129482180965,-0.00884529709054384,1.2216507700100003,1.1001240472057032,1.102488972039898,2443301.54002,272560.5400200004,2170741.0,0.11155419646556164,0,25,0.0,0.0,0.0,0.0,0.0,200,0
2022-04-15,-0.005410302323916927,-0.001067695168633,-0.004342607155283926,1.2150412700100004,1.0989494500756047,1.097701295541296,2430082.54002,272560.5400200004,2157522.0,0.11216102150084054,0,25,0.0,0.0,0.0,0.0,0.0,200,0
2022-04-18,-0.003282193040214376,-0.0041502218267629246,0.0008680287865485484,1.2110532700100003,1.094388566081392,1.0986541318648575,2422106.54002,272560.5400200004,2149546.0,0.11253036789114561,0,25,0.0,0.0,0.0,0.0,0.0,200,0
2022-04-19,0.007333286008076811,0.01080511002952096,-0.0034718240214441486,1.2199342700100002,1.106213554952951,1.0948397980585902,2439868.54002,272560.5400200004,2167308.0,0.1117111580190981,0,25,0.0,0.0,0.0,0.0,0.0,200,0
2022-04-20,-0.008788588257228058,-0.012273305179310919,0.0034847169220828603,1.2092127700100002,1.092636658399523,1.0986550048298547,2418425.54002,272560.5400200004,2145865.0,0.11270164638508837,0,25,0.0,0.0,0.0,0.0,0.0,200,0
2022-04-21,-0.02122786050281933,-0.03100729794839727,0.009779437445577941,1.1835437700100002,1.0587569479831878,1.1093992327238593,2367087.54002,272560.5400200004,2094527.0,0.11514594851768663,0,25,0.0,0.0,0.0,0.0,0.0,200,0
2022-04-22,0.020844180523878375,0.016430117292384836,0.004414063231493539,1.2082137700100002,1.076152448822679,1.114296191086073,2416427.54002,272560.5400200004,2143867.0,0.11279483266348822,0,25,0.0,0.0,0.0,0.0,0.0,200,0
2022-04-25,-0.036176131314608506,-0.054933392423890906,0.0187572611092824,1.1645052700100003,1.0170357440435716,1.135197335695353,2329010.54002,275820.5400200004,2053190.0,0.11842820600443991,0,25,0.0,0.0,0.0,3260.0,0.0,200,0
2022-04-26,-0.01639580385912387,-0.027047642715307626,0.010651838856183756,1.1454122700100002,0.989527324609984,1.147289274785149,2290824.54002,275820.5400200004,2015004.0,0.12040229847441408,0,25,0.0,0.0,0.0,0.0,0.0,200,0
2022-04-27,0.010926196905408414,0.02492376712918169,-0.013997570223773275,1.1579272700100003,1.0141900732165254,1.1312300125943622,2315854.54002,275820.5400200004,2040034.0,0.1191009777400002,0,25,0.0,0.0,0.0,0.0,0.0,200,0
2022-04-28,0.0023244119641268046,-0.002281004762363784,0.004605416726490589,1.1606187700100001,1.0118767008295764,1.1364397982158725,2321237.54002,275820.5400200004,2045417.0,0.11882477999973406,0,25,0.0,0.0,0.0,0.0,0.0,200,0
2022-04-29,0.008887500587217989,0.024370195493142444,-0.015482694905924455,1.1709337700100002,1.036536333843749,1.1188446475411458,2341867.54002,275820.5400200004,2066047.0,0.11777802770930625,0,25,0.0,0.0,0.0,0.0,0.0,200,0
2022-05-05,0.013101509575446757,0.016139718561531353,-0.0030382089860845965,1.1862747700100003,1.0532657385507886,1.1154453636789536,2372549.54002,275820.5400200004,2096729.0,0.11625491285533929,0,25,0.0,0.0,0.0,0.0,0.0,200,0
2022-05-06,-0.01315715413880747,-0.017216503467704338,0.004059349328896868,1.1706667700100004,1.0351321853106148,1.119973346067425,2341333.54002,275820.5400200004,2065513.0,0.11780488995072624,0,25,0.0,0.0,0.0,0.0,0.0,200,0
2022-05-09,0.004668279770128958,0.008966226644866508,-0.00429794687473755,1.1761317700100002,1.0444134150915056,1.1151597601249053,2352263.54002,275820.5400200004,2076443.0,0.11725749913959693,0,25,0.0,0.0,0.0,0.0,0.0,200,0
2022-05-10,0.008323472122444997,0.01632392172416625,-0.008000449601721252,1.1859212700100004,1.0614623379271284,1.1062379806661584,2371842.54002,275820.5400200004,2096022.0,0.11628956617738824,0,25,0.0,0.0,0.0,0.0,0.0,200,0
2022-05-11,-0.00602653833836686,-0.0015695840913128333,-0.004456954247054027,1.1787742700100003,1.0597962835279904,1.1013075285999758,2357548.54002,275820.5400200004,2081728.0,0.11699463885382419,0,25,0.0,0.0,0.0,0.0,0.0,200,0
2022-05-12,0.002375772928922437,0.007727948272001179,-0.0053521753430787414,1.1815747700100003,1.0679863343859537,1.095413137600256,2363149.54002,275820.5400200004,2087329.0,0.1167173449453673,0,25,0.0,0.0,0.0,0.0,0.0,200,0
2022-05-13,0.011470708705032084,0.0101237822167537,0.0013469264882783848,1.1951282700100003,1.078798395445746,1.096888578570898,2390256.54002,278700.5400200004,2111556.0,0.11659858904419876,0,25,0.0,0.0,0.0,2880.0,0.0,200,0
2022-05-16,0.0008865157210204977,-0.0013191410852721069,0.0022056568062926046,1.1961877700100003,1.077375308159588,1.0993079383299675,2392375.54002,278700.5400200004,2113675.0,0.11649531411680897,0,25,0.0,0.0,0.0,0.0,0.0,200,0
2022-05-17,-0.006184396952945037,-0.0036474372476804095,-0.0025369597052646276,1.1887900700100003,1.0734456493308755,1.096519038386747,2377580.1400200003,280558.1400200004,2097022.0,0.11800154926329437,0,25,0.0,0.0,0.0,1857.6,0.0,200,0
2022-05-18,-0.0017951024775821889,0.002572258570035686,-0.004367361047617875,1.1866560700100002,1.0762068291018343,1.0917301438505251,2373312.1400200003,280558.1400200004,2092754.0,0.11821375506790105,0,25,0.0,0.0,0.0,0.0,0.0,200,0
2022-05-19,0.0012092804615140285,0.002525105178015062,-0.0013158247165010336,1.1880910700100002,1.0789243645386146,1.0902936183434975,2376182.1400200003,280558.1400200004,2095624.0,0.11807097414579462,0,25,0.0,0.0,0.0,0.0,0.0,200,0
2022-05-20,0.007245387342173615,0.007879886536560483,-0.0006344991943868679,1.1966992500100002,1.0874261661127096,1.0896018279210133,2393398.50002,282221.5000200004,2111177.0,0.11791663612124853,0,25,0.0,0.0,0.0,1663.36,0.0,200,0
2022-05-23,0.0013119419937690502,0.0027103289460465828,-0.0013983869522775326,1.1982692500100003,1.0903734487274133,1.0880781429416708,2396538.50002,282221.5000200004,2114317.0,0.11776213902578453,0,25,0.0,0.0,0.0,0.0,0.0,200,0
2022-05-24,-0.015568287344304599,-0.02600808568514288,0.010439798340838281,1.1796142500100002,1.062014922644106,1.0994374593330556,2359228.50002,282221.5000200004,2077007.0,0.11962448741934402,0,25,0.0,0.0,0.0,0.0,0.0,200,0
2022-05-25,0.02691515467851535,0.029338585036004505,-0.0024234303574891536,1.2113637500100003,1.093172937761606,1.096773049217947,2422727.50002,282221.5000200004,2140506.0,0.11648916356365732,0,25,0.0,0.0,0.0,0.0,0.0,200,0
2022-05-26,0.0047405248835890035,0.006540651605018575,-0.0018001267214295714,1.2171062500100005,1.1003230010915392,1.094798718744706,2434212.50002,282221.5000200004,2151991.0,0.1159395492454671,0,25,0.0,0.0,0.0,0.0,0.0,200,0
2022-05-27,-0.00012687470793837363,0.0015399404209010435,-0.001666815128839417,1.2169518300100006,1.1020174329569674,1.0929738916772682,2433903.6600200003,283411.66002000036,2150492.0,0.11644325314736223,0,25,0.0,0.0,0.0,1190.16,0.0,200,0
2022-05-30,0.0022597443318503885,0.007934705067358425,-0.005674960735508036,1.2197018300100007,1.1107616162665683,1.0867713077570644,2439403.6600200003,283411.66002000036,2155992.0,0.11618071443644415,0,25,0.0,0.0,0.0,0.0,0.0,200,0
2022-05-31,0.00426989602857053,0.008770613883709127,-0.004500717855138597,1.2249098300100005,1.120503677519687,1.08188005672779,2449819.6600200003,283411.66002000036,2166408.0,0.11568674406739253,0,25,0.0,0.0,0.0,0.0,0.0,200,0
2022-06-01,1.551134584309999e-05,0.002602322001797721,-0.002586810655954621,1.2249288300100005,1.1234195888927918,1.0790814378685816,2449857.6600200003,283411.66002000036,2166446.0,0.11568494963812985,0,25,0.0,0.0,0.0,0.0,0.0,200,0
2022-06-02,-0.005426029526911957,-0.006247323908616099,0.0008212943817041416,1.2182823300100005,1.116401222835694,1.0799676813909043,2436564.6600200003,283411.66002000036,2153153.0,0.11631608414515623,0,25,0.0,0.0,0.0,0.0,0.0,200,0
2022-06-06,-0.001177477473541133,0.0031679792664267114,-0.004345456739967845,1.2168478300100005,1.119937958762651,1.0752747285508566,2433695.6600200003,283411.66002000036,2150284.0,0.11645320517096672,0,25,0.0,0.0,0.0,0.0,0.0,200,0
2022-06-07,0.011042465350733055,0.005458650598325004,0.005583814752408051,1.2302848300100007,1.1260513087713375,1.0812788634430306,2460569.6600200003,283411.66002000036,2177158.0,0.11518131944197699,0,25,0.0,0.0,0.0,0.0,0.0,200,0
2022-06-08,0.0004994778322959803,0.010444767791463232,-0.009945289959167252,1.2308993300100006,1.1378126532127273,1.070525231619371,2461798.6600200003,283411.66002000036,2178387.0,0.11512381764709298,0,25,0.0,0.0,0.0,0.0,0.0,200,0
2022-06-09,0.0025712907000885465,-0.0037354960422756336,0.0063067867423641805,1.2340643300100005,1.1335623585498,1.0772768059575144,2468128.6600200003,283411.66002000036,2184717.0,0.11482856003856126,0,25,0.0,0.0,0.0,0.0,0.0,200,0
2022-06-10,0.006927920848283975,0.014820638401173388,-0.007892717552889414,1.2426138300100005,1.1503624763710478,1.068774164401813,2485227.6600200003,283411.66002000036,2201816.0,0.11403851026578368,0,25,0.0,0.0,0.0,0.0,0.0,200,0
2022-06-13,-0.011231164230554036,-0.017708124468402177,0.006476960237848141,1.2286578300100004,1.12999171445569,1.0756965721678828,2457315.6600200003,283411.66002000036,2173904.0,0.11533384360464852,0,25,0.0,0.0,0.0,0.0,0.0,200,0
2022-06-14,0.011982994484217135,0.015313099736711721,-0.003330105252494586,1.2433808300100004,1.1472953902808076,1.0721143893628162,2486761.6600200003,283411.66002000036,2203350.0,0.1139681637273276,0,25,0.0,0.0,0.0,0.0,0.0,200,0
2022-06-15,-0.0019640000401006663,-0.002057513029418078,9.351298931741187e-05,1.2409388300100004,1.1449348150667136,1.0722146459842556,2481877.6600200003,288435.66002000036,2193442.0,0.11621671151094369,0,25,0.0,0.0,0.0,5024.0,0.0,200,0
2022-06-16,-0.011874880246821928,-0.009161960126641768,-0.00271292012018016,1.2262028300100003,1.1344449679434685,1.069305813298013,2452405.6600200003,288435.66002000036,2163970.0,0.11761335602921748,0,25,0.0,0.0,0.0,0.0,0.0,200,0
2022-06-17,-0.00046321863406184605,-0.0004564615310784128,-6.757102983433226e-06,1.2256348300100004,1.1339271374564768,1.0692985878885117,2451269.6600200003,288435.66002000036,2162834.0,0.11766786197551475,0,25,0.0,0.0,0.0,0.0,0.0,200,0
2022-06-20,-0.003996296351956641,0.005980713174846099,-0.009977009526802739,1.2207368300100003,1.1407088304267783,1.0586301856901514,2441473.6600200003,288435.66002000036,2153038.0,0.11813998436404902,0,25,0.0,0.0,0.0,0.0,0.0,200,0
2022-06-21,0.00343440117225402,-0.0009906556970911277,0.004425056869345148,1.2249293300100004,1.1395787807251938,1.0633146844654358,2449858.6600200003,291651.66002000036,2158207.0,0.11904836176043697,0,25,0.0,0.0,0.0,3216.0,0.0,200,0
2022-06-22,-0.009166651271145798,-0.014226073909950699,0.0050594226388049005,1.2137008300100005,1.1233670487643856,1.068694442852194,2427401.6600200003,291651.66002000036,2135750.0,0.12014973245820279,0,25,0.0,0.0,0.0,0.0,0.0,200,0
2022-06-23,0.00492948497032053,0.007068289359570013,-0.0021388043892494827,1.2196837500100004,1.1313073321220584,1.0664087144870553,2439367.50002,293251.5000200004,2146116.0,0.12021620359277396,0,25,0.0,0.0,0.0,1599.84,0.0,200,0
2022-06-24,-0.003590274938043647,-0.002279169844456745,-0.001311105093586902,1.2153047500100005,1.128728890565873,1.065010540589646,2430609.50002,293251.5000200004,2137358.0,0.12064936799497714,0,25,0.0,0.0,0.0,0.0,0.0,200,0
2022-06-27,-0.00042005924851018506,0.0038783835812135274,-0.004298442829723713,1.2147942500100004,1.133106534162685,1.0604326536678683,2429588.50002,293251.5000200004,2136337.0,0.12070006917533005,0,25,0.0,0.0,0.0,0.0,0.0,200,0
2022-06-28,0.007344042005406726,0.011237261512227308,-0.003893219506820582,1.2237157500100004,1.1458395486082846,1.0563041565749391,2447431.50002,293251.5000200004,2154180.0,0.11982010528899541,0,25,0.0,0.0,0.0,0.0,0.0,200,0
2022-06-29,-0.004206614158523192,-0.010287220843899013,0.006080606685375821,1.2185680500100005,1.1340520441200777,1.062727126691199,2437136.1000200002,301022.10002000036,2136114.0,0.12351468595353786,0,25,0.0,0.0,0.0,7770.6,0.0,200,0
2022-06-30,0.0025648957396957606,0.0021083003752171265,0.0004565953644786341,1.2216935500100006,1.1364429664702118,1.063212362970952,2443387.1000200002,302366.10002000036,2141021.0,0.12374875025636559,0,25,0.0,0.0,0.0,1344.0,0.0,200,0
2022-07-01,0.0030697242364661204,0.008698327338084767,-0.005628603101618647,1.2254438123100007,1.1463281193936337,1.0572279625670544,2450887.6246200004,106685.62462000041,2344202.0,0.04352938239530323,27,27,931816.0,736689.0,553.4753999999999,0.0,0.0,200,1
2022-07-04,0.008001998868895743,0.012036540138397195,-0.0040345412695014515,1.2352498123100006,1.1601259438144886,1.0529625327208068,2470499.6246200004,106685.62462000041,2363814.0,0.043183825472715966,0,27,0.0,0.0,0.0,0.0,0.0,200,0
2022-07-05,0.0044225871929368665,0.005930851274727685,-0.0015082640817908185,1.2407128123100004,1.1670064782472054,1.0513743871532324,2481425.6246200004,106685.62462000041,2374740.0,0.04299368216459762,0,27,0.0,0.0,0.0,0.0,0.0,200,0
2022-07-06,-0.002726255396446109,-0.012582131513918822,0.009855876117472713,1.2373303123100003,1.1523230492603038,1.0617366028660984,2474660.6246200004,106685.62462000041,2367975.0,0.04311121434535398,0,27,0.0,0.0,0.0,0.0,0.0,200,0
2022-07-07,0.005477437942457808,0.009851129191883974,-0.004373691249426166,1.2441077123100004,1.1636747324893526,1.0570928947769473,2488215.42462,118678.4246200004,2369537.0,0.047696201641433414,0,27,0.0,0.0,0.0,11992.8,0.0,200,0
2022-07-08,0.006694822255008059,0.004076173962487403,0.0026186482925206565,1.2524367923100006,1.1684180731347302,1.0598610492808906,2504873.5846200003,122842.5846200004,2382031.0,0.04904143082279984,0,27,0.0,0.0,0.0,4164.16,0.0,200,0
2022-07-11,0.008773297037796057,0.008379042187911816,0.00039425484988424124,1.2634247923100008,1.1782082974626447,1.0602789046397731,2526849.5846200003,122842.5846200004,2404007.0,0.048614917709268415,0,27,0.0,0.0,0.0,0.0,0.0,200,0
2022-07-12,0.014974159217985283,0.005862332253245626,0.009111826964739656,1.2823435163100008,1.1851153459659016,1.0699399825532145,2564687.03262,127113.0326200004,2437574.0,0.04956278524563128,0,27,0.0,0.0,0.0,4270.447999999999,0.0,200,0
2022-07-13,0.019821521828364164,0.012417535229704138,0.007403986598660026,1.3077615163100007,1.1998315575256964,1.077861803845409,2615523.03262,127113.0326200004,2488410.0,0.04859946979425747,0,27,0.0,0.0,0.0,0.0,0.0,200,0
2022-07-14,-0.02023648782285059,-0.016589722016287486,-0.0036467658065631042,1.2812970163100008,1.1799266855199757,1.0739310942749452,2562594.03262,127113.0326200004,2435481.0,0.049603265676085195,0,27,0.0,0.0,0.0,0.0,0.0,200,0
2022-07-15,-0.008307048143023743,-0.018879746739821707,0.010572698596797964,1.270653220310001,1.1576499685258013,1.0852854440484436,2541306.4406200005,144776.44062000042,2396530.0,0.05696929669948793,0,27,0.0,0.0,0.0,17663.408,0.0,200,0
2022-07-18,0.02473452197471504,0.02569437671814352,-0.0009598547434284781,1.302082220310001,1.1873950629248502,1.0842437276669998,2604164.4406200005,144776.44062000042,2459388.0,0.05559420072010966,0,27,0.0,0.0,0.0,0.0,0.0,200,0
2022-07-19,-0.0030323123520265005,-0.000480267166760052,-0.0025520451852664486,1.298133900310001,1.1868247960621543,1.0814766886821519,2596267.8006200003,146151.8006200004,2450116.0,0.05629303748446085,0,27,0.0,0.0,0.0,1375.36,0.0,200,0
2022-07-20,-0.0009894973081692182,0.002976296690476362,-0.00396579399864558,1.296849400310001,1.1903571387748493,1.077187774920501,2593698.8006200003,151255.8006200004,2442443.0,0.05831664053815503,0,27,0.0,0.0,0.0,5104.0,0.0,200,0
2022-07-21,-0.012003321277149759,-0.011022782045470041,-0.0009805392316797178,1.281282900310001,1.1772360914778648,1.0761315500473057,2562565.8006200003,151255.8006200004,2411310.0,0.059025138235827855,0,27,0.0,0.0,0.0,0.0,0.0,200,0
2022-07-22,0.005536248082514517,0.007574306809701349,-0.002038058727186832,1.288376400310001,1.1861528388221718,1.0739383307501307,2576752.8006200003,151255.8006200004,2425497.0,0.058700159589855215,0,27,0.0,0.0,0.0,0.0,0.0,200,0
2022-07-25,-0.0013346255019777153,-0.009483061130100102,0.008148435628122386,1.286656900310001,1.1749044789419794,1.0826892481068213,2573313.8006200003,151255.8006200004,2422058.0,0.05877860701775184,0,27,0.0,0.0,0.0,0.0,0.0,200,0
2022-07-26,-0.006287612492538508,0.008104836205464217,-0.014392448698002725,1.278566900310001,1.1844268873008705,1.0671066986475648,2557133.8006200003,151255.8006200004,2405878.0,0.05915052258248163,0,27,0.0,0.0,0.0,0.0,0.0,200,0
2022-07-27,-0.0030307369908140203,0.0036308106540816117,-0.006661547644895632,1.2746919003100012,1.1887273170622634,1.0599981165323367,2549383.8006200003,151255.8006200004,2398128.0,0.05933033723020267,0,27,0.0,0.0,0.0,0.0,0.0,200,0
2022-07-28,0.002571994063194971,0.0018131497457248898,0.0007588443174700813,1.2779704003100012,1.1908826576949312,1.060802490079596,2555940.8006200003,151255.8006200004,2404685.0,0.059178131427500176,0,27,0.0,0.0,0.0,0.0,0.0,200,0
2022-07-29,-0.004159110413441969,-0.0030482746365795422,-0.0011108357768624265,1.2726551803100012,1.1872525202943374,1.0596241127214308,2545310.3606200004,152328.3606200004,2392982.0,0.05984667448683761,0,27,0.0,0.0,0.0,1072.56,0.0,200,0
2022-08-01,-0.0024162082923757655,-0.005621191591097704,0.0032049832987219385,1.2695801803100013,1.1805787464107491,1.063020190305626,2539160.3606200004,152328.3606200004,2386832.0,0.059991626752871,0,27,0.0,0.0,0.0,0.0,0.0,200,0
2022-08-02,-0.02894066918327942,-0.039855296131654665,0.010914626948375243,1.2328376803100014,1.133526430865811,1.0746226591214028,2465675.3606200004,152328.3606200004,2313347.0,0.06177956881626827,0,27,0.0,0.0,0.0,0.0,0.0,200,0
2022-08-03,-0.01604793584425901,-0.012378665906182787,-0.003669269938076222,1.2130531803100013,1.1194948858822955,1.070679578503513,2426106.3606200004,152328.3606200004,2273778.0,0.06278717334596672,0,27,0.0,0.0,0.0,0.0,0.0,200,0
2022-08-04,0.0033980373382695994,0.014781570053675603,-0.011383532715406004,1.2171751803100013,1.1360427779626963,1.0584914624939012,2434350.3606200004,152328.3606200004,2282022.0,0.06257454271340143,0,27,0.0,0.0,0.0,0.0,0.0,200,0
2022-08-05,0.005937107588867674,0.005229192114663258,0.0007079154742044161,1.224401680310001,1.1419833638991388,1.059240784979514,2448803.3606200004,152328.3606200004,2296475.0,0.06220522360824968,0,27,0.0,0.0,0.0,0.0,0.0,200,0
2022-08-08,0.0004969774296992302,0.006702624137347023,-0.006205646707647793,1.2250101803100009,1.1496376491584581,1.0526675108895995,2450020.3606200004,152328.3606200004,2297692.0,0.06217432437232982,0,27,0.0,0.0,0.0,0.0,0.0,200,0
2022-08-09,-0.004940367106556209,0.0008521225405029715,-0.005792489647059181,1.218958180310001,1.150617281312717,1.046569945230976,2437916.3606200004,152328.3606200004,2285588.0,0.06248301339643207,0,27,0.0,0.0,0.0,0.0,0.0,200,0
2022-08-10,-0.006051068953099037,-0.0018337935028812536,-0.0042172754502177836,1.2115821803100009,1.1485072868179427,1.0421562714940176,2423164.3606200004,152328.3606200004,2270836.0,0.06286340418981115,0,27,0.0,0.0,0.0,0.0,0.0,200,0
2022-08-11,0.014901589255283065,0.01544860122013677,-0.0005470119648537039,1.2296366803100007,1.1662501178904143,1.041586199544263,2459273.3606200004,152328.3606200004,2306945.0,0.06194039388187303,0,27,0.0,0.0,0.0,0.0,0.0,200,0
2022-08-12,0.004935197605255404,0.0067234927243084615,-0.0017882951190530579,1.2357051803100008,1.1740913920727745,1.039723536027545,2471410.3606200004,152328.3606200004,2319082.0,0.061636207020588,0,27,0.0,0.0,0.0,0.0,0.0,200,0
2022-08-15,0.002309612394182814,0.0045165144860884925,-0.0022069020919056785,1.2385591803100007,1.1793941928530631,1.0374289679808821,2477118.3606200004,152328.3606200004,2324790.0,0.06149417930190222,0,27,0.0,0.0,0.0,0.0,0.0,200,0
2022-08-16,0.002690626376985694,0.00818588688063936,-0.005495260503653666,1.2418916803100006,1.1890485803034412,1.0317280255477905,2483783.3606200004,152328.3606200004,2331455.0,0.06132916543171313,0,27,0.0,0.0,0.0,0.0,0.0,200,0
2022-08-17,0.005141752780247311,0.009575538727512586,-0.004433785947265276,1.2482771803100006,1.2004343610330306,1.027153564326717,2496554.3606200004,152328.3606200004,2344226.0,0.06101543912793904,0,27,0.0,0.0,0.0,0.0,0.0,200,0
2022-08-18,-0.009451025930851453,-0.009710801419131934,0.00025977548828048057,1.2364796803100007,1.1887771813363364,1.027420393645429,2472959.3606200004,152328.3606200004,2320631.0,0.061597599639409306,0,27,0.0,0.0,0.0,0.0,0.0,200,0
2022-08-19,0.006273050923129908,0.011695917240594591,-0.005422866317464683,1.2442361803100006,1.2026810208667535,1.0218488301988529,2488472.3606200004,152328.3606200004,2336144.0,0.06121360358692027,0,27,0.0,0.0,0.0,0.0,0.0,200,0
2022-08-22,-0.0006646648064790872,0.003037051812307099,-0.003701716618786186,1.2434091803100005,1.2063336254408041,1.0180662354022185,2486818.3606200004,152328.3606200004,2334490.0,0.06125431717579192,0,27,0.0,0.0,0.0,0.0,0.0,200,0
2022-08-23,0.007060829322340423,0.01059758002319045,-0.0035367507008500273,1.2521886803100006,1.2191178425710787,1.014465588930648,2504377.3606200004,152328.3606200004,2352049.0,0.06082484333842124,0,27,0.0,0.0,0.0,0.0,0.0,200,0
2022-08-24,-0.012042913529825783,-0.01769366747513302,0.005650753945307237,1.2371086803100007,1.1975471768516244,1.0201980843596763,2474217.3606200004,152328.3606200004,2321889.0,0.06156628073364956,0,27,0.0,0.0,0.0,0.0,0.0,200,0
2022-08-25,0.016908377035038225,0.01762696570919456,-0.0007185886741563341,1.2580261803100008,1.2186562998731307,1.0194649815708594,2516052.3606200004,152328.3606200004,2363724.0,0.0605426035658749,0,27,0.0,0.0,0.0,0.0,0.0,200,0
2022-08-26,-0.0008219638161625076,-0.006978888200463795,0.006156924384301287,1.256992128310001,1.2101514338015253,1.0257417503748343,2513984.2566200006,155569.2566200004,2358415.0,0.061881555626430225,0,27,0.0,0.0,0.0,3240.8959999999997,0.0,200,0
2022-08-29,0.0005250629539641505,0.0035041222551412455,-0.002979059301177095,1.257652128310001,1.2143919523728004,1.0226860048727744,2515304.2566200006,155569.2566200004,2359735.0,0.061849080965278636,0,27,0.0,0.0,0.0,0.0,0.0,200,0
2022-08-30,-0.0005705075225882483,-0.008530080700407368,0.00795957317781912,1.2569346283100011,1.204033091017135,1.0308261489664907,2513869.2566200006,155569.2566200004,2358300.0,0.06188438647329241,0,27,0.0,0.0,0.0,0.0,0.0,200,0
2022-08-31,-0.005907626246230424,-0.02402738067806822,0.018119754431837796,1.249509128310001,1.1751033295902753,1.0495044656476806,2499018.2566200006,155569.2566200004,2343449.0,0.062252148902030284,0,27,0.0,0.0,0.0,0.0,0.0,200,0
2022-09-01,0.0020924216884563585,-0.002249386966343973,0.004341808654800331,1.252123628310001,1.1724600674765875,1.0540612132198814,2504247.2566200006,155569.2566200004,2348678.0,0.0621221631405412,0,27,0.0,0.0,0.0,0.0,0.0,200,0
2022-09-02,0.005049421524401243,0.005538127288586293,-0.0004887057641850502,1.258446128310001,1.1789533005710573,1.053546087429177,2516892.2566200006,155569.2566200004,2361323.0,0.06181005810273276,0,27,0.0,0.0,0.0,0.0,0.0,200,0
2022-09-05,0.017664641735481545,0.024230383240949473,-0.006565741505467928,1.280676128310001,1.2075197908670763,1.04662877615502,2561352.2566200006,155569.2566200004,2405783.0,0.06073715796721064,0,27,0.0,0.0,0.0,0.0,0.0,200,0
2022-09-06,0.008670810484032065,0.011448360974512546,-0.002777550490480481,1.2917806283100008,1.2213439133167905,1.0437217118844595,2583561.2566200006,155569.2566200004,2427992.0,0.060215044726103076,0,27,0.0,0.0,0.0,0.0,0.0,200,0
2022-09-07,0.0010373278330957358,0.004568692564672676,-0.00353136473157694,1.2931206283100007,1.226923858172469,1.0400359498415297,2586241.2566200006,155569.2566200004,2430672.0,0.06015264671143493,0,27,0.0,0.0,0.0,0.0,0.0,200,0
2022-09-08,0.011038026683291235,-0.003329138710287966,0.014367165393579202,1.3073941283100008,1.2228392584616512,1.0549783183481714,2614788.2566200006,155569.2566200004,2459219.0,0.0594959290589352,0,27,0.0,0.0,0.0,0.0,0.0,200,0
2022-09-09,0.006442204242486094,0.0002041608372478798,0.006238043405238214,1.3158166283100008,1.2230889143484782,1.0615593188896124,2631633.2566200006,155569.2566200004,2476064.0,0.05911509752685273,0,27,0.0,0.0,0.0,0.0,0.0,200,0
2022-09-13,-0.0016313063338900813,-0.008835329440856656,0.007204023106966575,1.3136701283100007,1.2122825208547496,1.0692068167523088,2627340.2566200006,155569.2566200004,2471771.0,0.05921168993167862,0,27,0.0,0.0,0.0,0.0,0.0,200,0
2022-09-14,-0.009322736154285138,-0.009299449943087583,-2.328621119755507e-05,1.3014231283100006,1.2010089602351808,1.0691819189765601,2602846.2566200006,155569.2566200004,2447277.0,0.05976889961300259,0,27,0.0,0.0,0.0,0.0,0.0,200,0
2022-09-15,-0.006392233101622291,-0.015559002062339183,0.009166768960716892,1.2931041283100007,1.1823224593459938,1.0789828626047941,2586208.2566200006,155569.2566200004,2430639.0,0.060153414258803314,0,27,0.0,0.0,0.0,0.0,0.0,200,0
2022-09-16,-0.029202597975889533,-0.03186710165386308,0.002664503677973544,1.2553421283100006,1.1446452693463696,1.0818578164106751,2510684.2566200006,155569.2566200004,2355115.0,0.061962891673776194,0,27,0.0,0.0,0.0,0.0,0.0,200,0
2022-09-19,-0.0018445170824603618,-0.007331446161530662,0.0054869290790703,1.2530266283100007,1.1362533641801058,1.0877938935229583,2506053.2566200006,155569.2566200004,2350484.0,0.06207739448834458,0,27,0.0,0.0,0.0,0.0,0.0,200,0
2022-09-20,-7.581642548815104e-05,0.00824600589065074,-0.00832182231613889,1.2529316283100007,1.1456229161144067,1.0787414660244794,2505863.2566200006,155569.2566200004,2350294.0,0.06208210133135432,0,27,0.0,0.0,0.0,0.0,0.0,200,0
2022-09-21,0.01307493531957249,0.017963665988313136,-0.004888730668740647,1.2693136283100006,1.1662025035280432,1.0734677895358833,2538627.2566200006,155569.2566200004,2383058.0,0.061280858075686805,0,27,0.0,0.0,0.0,0.0,0.0,200,0
2022-09-22,-0.004226693766097078,-0.0035451546393196914,-0.0006815391267773869,1.2639486283100008,1.1620681353122746,1.0727361792359793,2527897.2566200006,155569.2566200004,2372328.0,0.06154097292229703,0,27,0.0,0.0,0.0,0.0,0.0,200,0
2022-09-23,-0.00693619962365255,-0.010753072119726518,0.0038168724960739673,1.2551816283100008,1.1495723328452256,1.0768306764540485,2510363.2566200006,155569.2566200004,2354794.0,0.06197081486504138,0,27,0.0,0.0,0.0,0.0,0.0,200,0
2022-09-26,-0.022307926891584895,-0.026971721934966678,0.004663795043381783,1.227181128310001,1.1185663875395933,1.0818527940254565,2454362.2566200006,155569.2566200004,2298793.0,0.0633847983118193,0,27,0.0,0.0,0.0,0.0,0.0,200,0
2022-09-27,0.00748707732545828,0.011378011583567228,-0.003890934258108948,1.2363691283100011,1.1312934488540078,1.077643375926952,2472738.2566200006,155569.2566200004,2317169.0,0.0629137581397915,0,27,0.0,0.0,0.0,0.0,0.0,200,0
2022-09-28,-0.013256963171188407,-0.012440422730296772,-0.000816540440891635,1.2199786283100011,1.1172196801182486,1.0767634365296486,2439957.2566200006,155569.2566200004,2284388.0,0.0637590089735858,0,27,0.0,0.0,0.0,0.0,0.0,200,0
2022-09-29,-0.0073337350281241775,-0.00944393964569845,0.002110204617574272,1.211031628310001,1.1066687248882252,1.0790356277054485,2422063.2566200006,155569.2566200004,2266494.0,0.0642300551791112,0,27,0.0,0.0,0.0,0.0,0.0,200,0
2022-09-30,0.0007894096055394151,-0.00293975478254096,0.0037291643880803752,1.211987628310001,1.1034153902115467,1.0830595289417575,2423975.2566200006,155569.2566200004,2268406.0,0.06417939135110097,0,27,0.0,0.0,0.0,0.0,0.0,200,0
2022-10-10,0.0013757193646644073,-0.004341570797514196,0.005717290162178603,1.2136549831600008,1.0986248341758764,1.0892516945316302,2427309.96632,105959.96632000024,2321350.0,0.043653248983542135,27,27,683411.0,634264.0,462.2903,0.0,0.0,200,1
2022-10-11,0.006027660333048246,0.013099205518444545,-0.007071545185396299,1.2209704831600006,1.1130159466664131,1.0815490019554803,2441940.96632,105959.96632000024,2335981.0,0.04339169856332837,0,27,0.0,0.0,0.0,0.0,0.0,200,0
2022-10-12,0.006054200410208654,0.012345865327281765,-0.006291664917073111,1.2283624831600004,1.1267570916510736,1.0747442580437816,2456724.96632,105959.96632000024,2350765.0,0.043130577403917035,0,27,0.0,0.0,0.0,0.0,0.0,200,0
2022-10-13,-0.004449419511689978,0.007066146967771241,-0.011515566479461219,1.2228969831600003,1.1347189228576586,1.0623679690918593,2445793.96632,105959.96632000024,2339834.0,0.0433233411232223,0,27,0.0,0.0,0.0,0.0,0.0,200,0
2022-10-14,0.0063157404968341435,0.009933368430412787,-0.003617627933578643,1.2306204831600003,1.1459905039833649,1.0585247170511334,2461240.96632,105959.96632000024,2355281.0,0.043051439403931885,0,27,0.0,0.0,0.0,0.0,0.0,200,0
2022-10-17,0.0032390164592130954,0.0022979342009354906,0.0009410822582776048,1.2346064831600003,1.1486239147564155,1.0595208758822985,2469212.96632,105959.96632000024,2363253.0,0.0429124452873411,0,27,0.0,0.0,0.0,0.0,0.0,200,0
2022-10-18,0.0019771482114303573,-0.001747192286482428,0.0037243404979127852,1.2370474831600005,1.1466170479124838,1.063466892388731,2474094.96632,105959.96632000024,2368135.0,0.04282776844156731,0,27,0.0,0.0,0.0,0.0,0.0,200,0
2022-10-19,0.002581145868260082,-0.008774126193541502,0.011355272061801584,1.2402404831600005,1.1365564852384336,1.0755428482805236,2480480.96632,105959.96632000024,2374521.0,0.042717508321461005,0,27,0.0,0.0,0.0,0.0,0.0,200,0
2022-10-20,-0.007094591830756114,-0.008836948152478099,0.0017423563217219846,1.2314414831600005,1.1265127945060187,1.077416827161508,2462882.96632,105959.96632000024,2356923.0,0.04302273708048901,0,27,0.0,0.0,0.0,0.0,0.0,200,0
2022-10-21,0.00274434477497687,0.0020366347569232886,0.0007077100180535815,1.2348209831600003,1.1288070896174285,1.0781793258437098,2469641.96632,105959.96632000024,2363682.0,0.042904990992637934,0,27,0.0,0.0,0.0,0.0,0.0,200,0
2022-10-24,-0.016213686253342408,-0.01621239614587003,-1.2901074723792316e-06,1.2147999831600003,1.110506421908284,1.0781779348765048,2429599.96632,105959.96632000024,2323640.0,0.04361210396314451,0,27,0.0,0.0,0.0,0.0,0.0,200,0
2022-10-25,0.0014401547779487878,-0.003870642178818783,0.005310796956767571,1.2165494831600003,1.1062080489117967,1.0839039189719009,2433098.96632,105959.96632000024,2327139.0,0.043549386106666255,0,27,0.0,0.0,0.0,0.0,0.0,200,0
2022-10-26,0.00034770472213030423,0.007217758146441698,-0.006870053424311393,1.2169724831600002,1.1141923910684892,1.0764574411417434,2433944.96632,105959.96632000024,2327985.0,0.04353424904269971,0,27,0.0,0.0,0.0,0.0,0.0,200,0
2022-10-27,-0.0021828759785119667,-0.005497824815543778,0.003314948837031811,1.2143159831600001,1.108066756491583,1.0800258424843705,2428631.96632,105959.96632000024,2322672.0,0.04362948680139327,0,27,0.0,0.0,0.0,0.0,0.0,200,0
2022-10-28,-0.016333886957812127,-0.029917207871371046,0.013583320913558919,1.1944814831600001,1.0749164930022683,1.0946961800977726,2388962.96632,105959.96632000024,2283003.0,0.04435395935970611,0,27,0.0,0.0,0.0,0.0,0.0,200,0
2022-10-31,-0.004306052519452153,-0.002991333009151446,-0.0013147195103007064,1.1893379831600002,1.0717010598146692,1.0932569616719463,2378675.96632,105959.96632000024,2272716.0,0.04454577580986312,0,27,0.0,0.0,0.0,0.0,0.0,200,0
2022-11-01,0.009666301894651008,0.020056644243903566,-0.010390342349252558,1.2008344831600002,1.0931957867071866,1.081897647564471,2401668.96632,105959.96632000024,2295709.0,0.04411930528559033,0,27,0.0,0.0,0.0,0.0,0.0,201,0
2022-11-02,0.0032689767449631812,0.004888566322672153,-0.001619589577708972,1.2047599831600002,1.0985399468141703,1.0801454174103278,2409519.96632,105959.96632000024,2303560.0,0.0439755502345267,0,27,0.0,0.0,0.0,0.0,0.0,201,0
2022-11-03,-0.002200853312744777,-0.0011566854146738603,-0.0010441678980709168,1.2021084831600002,1.0972692816802538,1.0790175642402196,2404216.96632,105959.96632000024,2298257.0,0.04407254744657559,0,27,0.0,0.0,0.0,0.0,0.0,201,0
2022-11-04,0.01188994188147463,0.01812635151629536,-0.006236409634820729,1.2164014831600003,1.117158770388023,1.072288368706451,2432802.96632,105959.96632000024,2326843.0,0.04355468477592391,0,27,0.0,0.0,0.0,0.0,0.0,201,0
2022-11-07,0.0012919254224497134,0.008417399787234367,-0.007125474364784654,1.2179729831600001,1.1265623423841942,1.0646478054235766,2435945.96632,105959.96632000024,2329986.0,0.04349848797347285,0,27,0.0,0.0,0.0,0.0,0.0,201,0
2022-11-08,-0.0017065238956346374,-0.0011651378573395536,-0.0005413860382950837,1.2158944831600003,1.1252497419504293,1.0640714199660188,2431788.96632,105959.96632000024,2325829.0,0.04357284607650322,0,27,0.0,0.0,0.0,0.0,0.0,201,0
2022-11-09,-0.00010403863308205974,0.0013779449057178864,-0.0014819835387999462,1.2157679831600003,1.1268002741000103,1.0624944836375219,2431535.96632,105959.96632000024,2325576.0,0.043577379807531694,0,27,0.0,0.0,0.0,0.0,0.0,201,0
2022-11-10,0.00590161946965484,-0.0018549227746707346,0.0077565422443255745,1.2229429831600005,1.124710146609077,1.0707357669842192,2445885.96632,105959.96632000024,2339926.0,0.04332171155118247,0,27,0.0,0.0,0.0,0.0,0.0,201,0
2022-11-11,0.008041666811471782,0.009184469592620315,-0.001142802781148533,1.2327774831600005,1.1350400127511195,1.0695121271718344,2465554.96632,105959.96632000024,2359595.0,0.04297611197780447,0,27,0.0,0.0,0.0,0.0,0.0,201,0
2022-11-14,-0.000412483199073832,-0.0006488951758348522,0.00023641197676102022,1.2322689831600004,1.1343034907624658,1.069764972647989,2464537.96632,105959.96632000024,2358578.0,0.042993846217032554,0,27,0.0,0.0,0.0,0.0,0.0,201,0
2022-11-15,0.0027469651888174518,0.00962500664767794,-0.0068780414588604875,1.2356539831600004,1.1452211694015388,1.0624070848148794,2471307.96632,105959.96632000024,2365348.0,0.042876067153129506,0,27,0.0,0.0,0.0,0.0,0.0,201,0
2022-11-16,-0.00019503841956114432,0.003232632362294275,-0.0034276707818554192,1.2354129831600005,1.1489232484157306,1.0587655030918233,2470825.96632,105959.96632000024,2364866.0,0.04288443126482718,0,27,0.0,0.0,0.0,0.0,0.0,201,0
2022-11-17,-3.521089756453044e-05,-0.0041052698207899125,0.004070058923225382,1.2353694831600006,1.1442066084776055,1.0630747410752854,2470738.96632,105959.96632000024,2364779.0,0.042885941317313866,0,27,0.0,0.0,0.0,0.0,0.0,201,0
2022-11-18,-0.003786316615200236,-0.004765325915121067,0.0009790092999208315,1.2306919831600005,1.1387540910739744,1.0641155011333092,2461383.96632,105959.96632000024,2355424.0,0.04304893822739096,0,27,0.0,0.0,0.0,0.0,0.0,201,0
2022-11-21,-0.004720921302405756,-0.001493488721561938,-0.003227432580843818,1.2248819831600004,1.1370533746823228,1.0606811400951706,2449763.96632,105959.96632000024,2343804.0,0.0432531328637231,0,27,0.0,0.0,0.0,0.0,0.0,201,0
2022-11-22,0.01146886001519798,0.003040172193646536,0.008428687821551442,1.2389299831600005,1.140510212734724,1.06962129030324,2477859.96632,105959.96632000024,2371900.0,0.042762693517893566,0,27,0.0,0.0,0.0,0.0,0.0,201,0
2022-11-23,0.008800335893228484,0.010747972323786258,-0.0019476364305577743,1.2498329831600004,1.1527683849361923,1.0675380569113453,2499665.96632,105959.96632000024,2393706.0,0.042389650356361074,0,27,0.0,0.0,0.0,0.0,0.0,201,0
2022-11-24,0.000739298780276787,0.0020833842316574248,-0.0013440854513806378,1.2507569831600003,1.1551700444121216,1.0661031945402555,2501513.96632,105959.96632000024,2395554.0,0.042358334891041564,0,27,0.0,0.0,0.0,0.0,0.0,201,0
2022-11-25,0.01196395479015755,0.011497954750214898,0.000466000039942651,1.2657209831600005,1.168452137311576,1.0665999986714942,2531441.96632,105959.96632000024,2425482.0,0.0418575530190945,0,27,0.0,0.0,0.0,0.0,0.0,201,0
2022-11-28,0.0010085161081971883,0.0035942828447762935,-0.002585766736579105,1.2669974831600006,1.1726518847836571,1.0638420198736942,2533994.96632,105959.96632000024,2428035.0,0.04181538153324781,0,27,0.0,0.0,0.0,0.0,0.0,201,0
2022-11-29,0.005834660366935029,0.010792044280853426,-0.004957383913918397,1.2743899831600007,1.1853071958502686,1.058568146557422,2548779.96632,105959.96632000024,2442820.0,0.041572818258214815,0,27,0.0,0.0,0.0,0.0,0.0,201,0
2022-11-30,-4.708134934583441e-05,0.004761043922375569,-0.004808125271721403,1.2743299831600008,1.1909504954712196,1.05347841830012,2548659.96632,105959.96632000024,2442700.0,0.04157477565475139,0,27,0.0,0.0,0.0,0.0,0.0,201,0
2022-12-01,-0.006166770070427874,-0.004114895259589342,-0.002051874810838532,1.2664714831600008,1.1860498589229995,1.051316812469848,2532942.96632,105959.96632000024,2426983.0,0.041832748596761636,0,27,0.0,0.0,0.0,0.0,0.0,201,0
2022-12-02,-0.002957034603460418,-0.002644398152174884,-0.00031263645128553393,1.262726483160001,1.1829134708676763,1.0509881325124206,2525452.96632,105959.96632000024,2419493.0,0.04195681635457314,0,27,0.0,0.0,0.0,0.0,0.0,201,0
2022-12-05,0.02211603254737593,0.015374101454533265,0.0067419310928426655,1.290652983160001,1.20109970258073,1.058073822081215,2581305.96632,105959.96632000024,2475346.0,0.04104897586823482,0,27,0.0,0.0,0.0,0.0,0.0,201,0
2022-12-06,-0.005463900902885621,-0.008885158656506364,0.0034212577536207427,1.283600983160001,1.1904277411610176,1.0616937653489134,2567201.96632,105959.96632000024,2461242.0,0.04127449562213073,0,27,0.0,0.0,0.0,0.0,0.0,201,0
2022-12-07,0.0003466809435628271,-0.004805673713452113,0.00515235465701494,1.284045983160001,1.184706933857556,1.0671639881651325,2568091.96632,105959.96632000024,2462132.0,0.041260191500009924,0,27,0.0,0.0,0.0,0.0,0.0,201,0
2022-12-08,0.003967926434738311,0.0007476150772857899,0.0032203113574525216,1.2891409831600011,1.185592638623473,1.0706005884764849,2578281.96632,105959.96632000024,2472322.0,0.041097121146620605,0,27,0.0,0.0,0.0,0.0,0.0,201,0
2022-12-09,-0.007798603978407703,-0.006393697296567727,-0.001404906681839976,1.2790874831600012,1.1780123181750755,1.0690964945561523,2558174.96632,105959.96632000024,2452215.0,0.041420140418474326,0,27,0.0,0.0,0.0,0.0,0.0,201,0
2022-12-12,-0.014176121835860256,-0.013911983239832847,-0.00026413859602740855,1.260954983160001,1.161623830548307,1.0688141049090625,2521909.96632,105959.96632000024,2415950.0,0.0420157609649397,0,27,0.0,0.0,0.0,0.0,0.0,201,0
2022-12-13,0.014781257260502167,0.0072103784216879,0.007570878838814268,1.2795934831600013,1.169999577950211,1.0769059669985448,2559186.96632,105959.96632000024,2453227.0,0.04140376131735544,0,27,0.0,0.0,0.0,0.0,0.0,201,0
2022-12-14,-0.007396880434734521,-0.002905064170641596,-0.004491816264092925,1.2701284831600013,1.166600654096642,1.072068703261082,2540256.96632,105959.96632000024,2434297.0,0.04171230222960534,0,27,0.0,0.0,0.0,0.0,0.0,201,0
2022-12-15,-0.009230955887887915,-0.006510668317389316,-0.002720287570498599,1.2584039831600013,1.1590053041789694,1.0691523680928805,2516807.96632,105959.96632000024,2410848.0,0.04210093409507586,0,27,0.0,0.0,0.0,0.0,0.0,201,0
2022-12-16,0.011040174845213802,0.0011139835668723826,0.009926191278341418,1.2722969831600013,1.1602964170417427,1.0797649790042623,2544593.96632,105959.96632000024,2438634.0,0.041641207879322246,0,27,0.0,0.0,0.0,0.0,0.0,201,0
2022-12-19,-0.015985654504568014,-0.02255382381576081,0.006568169311192796,1.2519584831600012,1.1341272960777247,1.0868570582026587,2503916.96632,105959.96632000024,2397957.0,0.042317683751202546,0,27,0.0,0.0,0.0,0.0,0.0,201,0
2022-12-20,-0.006322094627309149,-0.00016558791559187423,-0.006156506711717275,1.2440434831600014,1.1339394983027513,1.0801658154291567,2488086.96632,105959.96632000024,2382127.0,0.042586922303893625,0,27,0.0,0.0,0.0,0.0,0.0,201,0
2022-12-21,0.004378866232362499,-0.004311637294103068,0.008690503526465568,1.2494909831600014,1.1290503624726127,1.0895530002573113,2498981.96632,105959.96632000024,2393022.0,0.04240125288940634,0,27,0.0,0.0,0.0,0.0,0.0,201,0
2022-12-22,-0.007567481580448621,-0.013998367473419976,0.006430885892971356,1.2400354831600016,1.113245500602723,1.0965597912763105,2480070.96632,105959.96632000024,2374111.0,0.04272457028809407,0,27,0.0,0.0,0.0,0.0,0.0,201,0
2022-12-23,-0.003620460915004897,-0.0009056055520125905,-0.0027148553629923067,1.2355459831600015,1.1122373392966243,1.0935827900461224,2471091.96632,105959.96632000024,2365132.0,0.042879814982280065,0,27,0.0,0.0,0.0,0.0,0.0,201,0
2022-12-26,0.002842468065023196,0.007775981991988944,-0.004933513926965748,1.2390579831600015,1.1208860768178126,1.0881875841211397,2478115.96632,105959.96632000024,2372156.0,0.04275827594838134,0,27,0.0,0.0,0.0,0.0,0.0,201,0
2022-12-27,0.01406915595309055,0.009276790079395074,0.004792365873695477,1.2564904831600014,1.1312843016553682,1.093402577163461,2512980.96632,105959.96632000024,2407021.0,0.04216504929409299,0,27,0.0,0.0,0.0,0.0,0.0,201,0
2022-12-28,-5.9690066104955974e-05,0.004558769617099878,-0.004618459683204834,1.2564154831600014,1.1364415661580567,1.0883527414433194,2512830.96632,105959.96632000024,2406871.0,0.04216756627891166,0,27,0.0,0.0,0.0,0.0,0.0,201,0
2022-12-29,-0.006442534423120594,-0.008752398404949046,0.0023098639818284524,1.2483209831600015,1.126494976807097,1.0908666882403035,2496641.96632,105959.96632000024,2390682.0,0.04244099384269467,0,27,0.0,0.0,0.0,0.0,0.0,201,0
2022-12-30,0.012063003188395482,0.012280585267163694,-0.0002175820787682116,1.2633794831600016,1.1403289944228083,1.0906293351986172,2526758.96632,105959.96632000024,2420799.0,0.04193513023298835,0,27,0.0,0.0,0.0,0.0,0.0,201,0
2023-01-03,0.0020919023818477545,0.011704619765891173,-0.009612717384043418,1.2660223497100016,1.1536761117105483,1.0801454236286057,2532044.69942,109607.69942000006,2422437.0,0.04328821661209505,27,27,1006440.0,1010760.0,672.2669,0.0,0.0,201,1
2023-01-04,0.0047589997138519635,0.004642970822614878,0.00011602889123708566,1.2720473497100018,1.159032596235968,1.0802707517044843,2544094.69942,109607.69942000006,2434487.0,0.04308318375294297,0,27,0.0,0.0,0.0,0.0,0.0,201,0
2023-01-05,-0.0006375548836172751,0.0014314930157417393,-0.0020690478993590144,1.2712363497100017,1.1606917433024968,1.0780356197749312,2542472.69942,109607.69942000006,2432865.0,0.0431106691706087,0,27,0.0,0.0,0.0,0.0,0.0,201,0
2023-01-06,-0.00011484882416501474,-0.0025864517707175597,0.002471602946552545,1.2710903497100017,1.1576896700877748,1.0807000957892556,2542180.69942,109607.69942000006,2432573.0,0.04311562094897783,0,27,0.0,0.0,0.0,0.0,0.0,201,0
2023-01-09,-0.0005219927915834921,-0.0018462040840097579,0.0013242112924262658,1.2704268497100017,1.1555523386908428,1.082131171059826,2540853.69942,109607.69942000006,2431246.0,0.04313813874644581,0,27,0.0,0.0,0.0,0.0,0.0,201,0
2023-01-10,-0.007260551839018192,-0.007626187911921089,0.0003656360729028972,1.2612028497100016,1.1467398794139267,1.0825268372515782,2522405.69942,109607.69942000006,2412798.0,0.0434536361241188,0,27,0.0,0.0,0.0,0.0,0.0,201,0
2023-01-11,-0.0007358055052074652,-0.0015153872940457708,0.0007795817888383056,1.2602748497100016,1.1450021243710873,1.0833707554598282,2520549.69942,109607.69942000006,2410942.0,0.043485633092345585,0,27,0.0,0.0,0.0,0.0,0.0,201,0
2023-01-12,-0.001645672767711881,-0.004629890526383683,0.0029842177586718024,1.2582008497100017,1.1397008898827725,1.086603769707497,2516401.69942,109607.69942000006,2406794.0,0.043557314178123197,0,27,0.0,0.0,0.0,0.0,0.0,201,0
2023-01-13,0.007548476860581577,0.004264676336443899,0.0032838005241376776,1.2676983497100016,1.1445613452984797,1.0901719597359925,2535396.69942,109607.69942000006,2425789.0,0.043230986080037906,0,27,0.0,0.0,0.0,0.0,0.0,201,0
2023-01-16,0.0022225318827973073,0.006152112348846347,-0.00392958046604904,1.2705158497100015,1.1516028152849027,1.0858880412983796,2541031.69942,109607.69942000006,2431424.0,0.04313511690744292,0,27,0.0,0.0,0.0,0.0,0.0,201,0
2023-01-17,0.0019153637481621466,-0.0019668962280362558,0.0038822599761984024,1.2729493497100015,1.149337732051323,1.090103740979745,2545898.69942,109607.69942000006,2436291.0,0.04305265541200465,0,27,0.0,0.0,0.0,0.0,0.0,201,0
2023-01-18,0.0024368605087914386,0.005760896440218651,-0.0033240359314272126,1.2760513497100014,1.1559589477005066,1.0864801969757452,2552102.69942,109607.69942000006,2442495.0,0.04294799713385747,0,27,0.0,0.0,0.0,0.0,0.0,201,0
2023-01-19,0.0019450627912145357,0.0022578439634030785,-0.00031278117218854276,1.2785333497100015,1.158568922632514,1.0861403664261755,2557066.69942,109607.69942000006,2447459.0,0.04286462275108489,0,27,0.0,0.0,0.0,0.0,0.0,201,0
2023-01-20,0.005317029862022649,0.009424085158919083,-0.004107055296896435,1.2853313497100014,1.16948737482188,1.0816795278810718,2570662.69942,109607.69942000006,2461055.0,0.04263791568015907,0,27,0.0,0.0,0.0,0.0,0.0,201,0
2023-01-30,0.0012164178523714764,0.003143916120032866,-0.0019274982676613897,1.2868948497100015,1.1731641450317574,1.0795945924649162,2573789.69942,109607.69942000006,2464182.0,0.04258611317183374,0,27,0.0,0.0,0.0,0.0,0.0,201,0
2023-01-31,0.002046010208676563,0.002939515184628662,-0.0008935049759520989,1.2895278497100013,1.1766126788501403,1.0786299693245378,2579055.69942,109607.69942000006,2469448.0,0.04249915945772306,0,27,0.0,0.0,0.0,0.0,0.0,201,0
2023-02-01,0.003511362706139609,0.0057942442929660885,-0.0022828815868264794,1.2940558497100014,1.1834302601495994,1.0761675848285677,2588111.69942,109607.69942000006,2478504.0,0.04235045166117186,0,27,0.0,0.0,0.0,0.0,0.0,201,0
2023-02-02,-0.003747906244608301,-0.0023826442358449657,-0.0013652620087633354,1.2892058497100014,1.1806105668617295,1.0746983341099388,2578411.69942,109607.69942000006,2468804.0,0.04250977430976431,0,27,0.0,0.0,0.0,0.0,0.0,201,0
2023-02-03,-0.004466315446284397,-0.00441412598534946,-5.218946093493715e-05,1.2834478497100015,1.1753992030799671,1.074642246183214,2566895.69942,109607.69942000006,2457288.0,0.0427004881595954,0,27,0.0,0.0,0.0,0.0,0.0,201,0
2023-02-06,-0.0004499598484897227,0.0014436443020563858,-0.0018936041505461085,1.2828703497100016,1.1770960614421353,1.0726072991654891,2565740.69942,109607.69942000006,2456133.0,0.042719710313975805,0,27,0.0,0.0,0.0,0.0,0.0,201,0
2023-02-07,0.005005182325284574,0.007525966637715567,-0.0025207843124309933,1.2892913497100018,1.1859548471299353,1.0699034875123539,2578582.69942,109607.69942000006,2468975.0,0.042506955252842614,0,27,0.0,0.0,0.0,0.0,0.0,201,0
2023-02-08,-0.005644185855770201,-0.006143835279224613,0.0004996494234544126,1.2820143497100018,1.178668535900571,1.0704380641730413,2564028.69942,109607.69942000006,2454421.0,0.04274823423185319,0,27,0.0,0.0,0.0,0.0,0.0,201,0
2023-02-09,0.0035475421948505392,0.004887144842136832,-0.0013396026472862928,1.2865623497100018,1.1844288597563866,1.069004102508519,2573124.69942,109607.69942000006,2463517.0,0.04259711915427433,0,27,0.0,0.0,0.0,0.0,0.0,201,0
2023-02-10,0.00237026989068001,0.006520835834469035,-0.0041505659437890245,1.289611849710002,1.1921523259084654,1.0645671304868765,2579223.69942,109607.69942000006,2469616.0,0.04249639123766115,0,27,0.0,0.0,0.0,0.0,0.0,201,0
2023-02-13,0.0016861662681597611,0.001969263694670823,-0.0002830974265110621,1.2917863497100022,1.1944999882023943,1.0642657542718874,2583572.69942,109607.69942000006,2473965.0,0.04242485587675024,0,27,0.0,0.0,0.0,0.0,0.0,201,0
2023-02-14,-0.0001312136484783455,0.00523948090487418,-0.005370694553352526,1.2916168497100022,1.200758548081453,1.0585499079821,2583233.69942,109607.69942000006,2473626.0,0.04243042332740151,0,27,0.0,0.0,0.0,0.0,0.0,201,0
2023-02-15,-0.004903543958428513,-0.0058112714907166295,0.000907727532288116,1.2852833497100022,1.193780614163753,1.0595107828778765,2570566.69942,109607.69942000006,2460959.0,0.042639508029389386,0,27,0.0,0.0,0.0,0.0,0.0,201,0
2023-02-16,-0.010664185452252672,-0.0153960368657424,0.004731851413489727,1.2715768497100022,1.1754011238184792,1.0645242304734448,2543153.69942,109607.69942000006,2433546.0,0.04309912509220247,0,27,0.0,0.0,0.0,0.0,0.0,201,0
2023-02-17,-0.0011462146391957306,-0.0017340303962890575,0.0005878157570933268,1.2701193497100023,1.1733629425419456,1.0651499745899247,2540238.69942,109607.69942000006,2430631.0,0.043148582629272694,0,27,0.0,0.0,0.0,0.0,0.0,201,0
2023-02-20,0.011683941358257677,0.010857315455390374,0.0008266259028673027,1.2849593497100023,1.1861025141527886,1.0660304551493591,2569918.69942,109607.69942000006,2460311.0,0.04265025949837916,0,27,0.0,0.0,0.0,0.0,0.0,201,0
2023-02-21,0.0049149414737714725,0.005310804496936108,-0.0003958630231646358,1.2912748497100024,1.1924016727187785,1.065608453110598,2582549.69942,109607.69942000006,2472942.0,0.042441661217445775,0,27,0.0,0.0,0.0,0.0,0.0,201,0
2023-02-22,-0.0022338389078420118,-0.0027316943754366997,0.000497855467594688,1.2883903497100024,1.1891443957761512,1.0661389721052943,2576780.69942,109607.69942000006,2467173.0,0.04253668131116914,0,27,0.0,0.0,0.0,0.0,0.0,201,0
2023-02-23,0.0012309933867147294,0.0004931221779908034,0.0007378712087239259,1.2899763497100025,1.189730789250542,1.0669256453573093,2579952.69942,109607.69942000006,2470345.0,0.042484383316268165,0,27,0.0,0.0,0.0,0.0,0.0,201,0
2023-02-24,-0.002438029193874036,-0.002538183696147586,0.00010015450227354988,1.2868313497100026,1.1867110339584614,1.067032502764283,2573662.69942,109607.69942000006,2464055.0,0.04258821462684338,0,27,0.0,0.0,0.0,0.0,0.0,201,0
2023-02-27,-0.001159825644857282,-0.005631561991907409,0.004471736347050127,1.2853388497100027,1.1800279972042438,1.071803990790378,2570677.69942,109607.69942000006,2461070.0,0.04263766688633504,0,27,0.0,0.0,0.0,0.0,0.0,201,0
2023-02-28,0.007086458175643795,0.009657909947320983,-0.002571451771677188,1.2944473497100026,1.19142460133656,1.0690478985193694,2588894.69942,109607.69942000006,2479287.0,0.04233764295031231,0,27,0.0,0.0,0.0,0.0,0.0,201,0
2023-03-01,0.005897497493204451,0.0061407265737927616,-0.00024322908058831052,1.3020813497100026,1.1987408140466578,1.0687878749819077,2604162.69942,109607.69942000006,2494555.0,0.04208942069725979,0,27,0.0,0.0,0.0,0.0,0.0,201,0
2023-03-02,0.008936845614593736,0.0024080069593348684,0.0065288386552588675,1.3137178497100026,1.2016273902693209,1.0757658185743617,2627435.69942,109607.69942000006,2517828.0,0.041716605831379885,0,27,0.0,0.0,0.0,0.0,0.0,201,0
2023-03-03,0.010440598034827442,0.00756892239140191,0.0028716756434255322,1.3274338497100027,1.2107224147296523,1.0788550690735914,2654867.69942,109607.69942000006,2545260.0,0.041285559895864375,0,27,0.0,0.0,0.0,0.0,0.0,201,0
2023-03-06,0.00035820994025725916,-0.0003318225529765249,0.000690032493233784,1.3279093497100027,1.2103206697270508,1.079599514126742,2655818.69942,109607.69942000006,2546211.0,0.04127077629355389,0,27,0.0,0.0,0.0,0.0,0.0,201,0
2023-03-07,-0.0021499961579632965,-0.00799212598656454,0.005842129828601243,1.3250543497100027,1.200647634450449,1.0859066746511654,2650108.69942,109607.69942000006,2540501.0,0.041359699488548785,0,27,0.0,0.0,0.0,0.0,0.0,201,0
2023-03-08,0.005595996874862452,0.0007620260951880122,0.00483397077967444,1.3324693497100029,1.201562559279026,1.0911559157858826,2664938.69942,109607.69942000006,2555331.0,0.041129538718416,0,27,0.0,0.0,0.0,0.0,0.0,201,0
2023-03-09,0.000752362521673211,-0.0018105058599583584,0.0025628683816315695,1.3334718497100029,1.1993871232243447,1.0939524047818805,2666943.69942,109607.69942000006,2557336.0,0.041098617658796945,0,27,0.0,0.0,0.0,0.0,0.0,201,0
2023-03-10,-0.011846894258349394,-0.01437915019770542,0.002532255939356026,1.317674349710003,1.182140955634308,1.0967225722562624,2635348.69942,109607.69942000006,2525741.0,0.041591345936165126,0,27,0.0,0.0,0.0,0.0,0.0,201,0
2023-03-13,0.008175009251998322,0.0012833694041389002,0.006891639847859421,1.3284463497100032,1.1836580791681488,1.1042807892372704,2656892.69942,109607.69942000006,2547285.0,0.04125409334141625,0,27,0.0,0.0,0.0,0.0,0.0,201,0
2023-03-14,-0.003891387861563622,-0.007826517755992614,0.003935129894428992,1.3232768497100031,1.1743941581945152,1.1086262775828415,2646553.69942,109607.69942000006,2536946.0,0.041415256166546295,0,27,0.0,0.0,0.0,0.0,0.0,201,0
2023-03-15,0.016686606438281792,0.01671452715771321,-2.792071943141794e-05,1.3453578497100034,1.1940236012455172,1.108595323939591,2690715.69942,109607.69942000006,2581108.0,0.04073551859961521,0,27,0.0,0.0,0.0,0.0,0.0,201,0
2023-03-16,-0.0032013787268037053,-0.007298954980463734,0.004097576253660029,1.3410508497100033,1.185308476734415,1.1131378778138845,2682101.69942,109607.69942000006,2572494.0,0.040866347254357484,0,27,0.0,0.0,0.0,0.0,0.0,201,0
2023-03-17,0.005475929567911653,0.003641612484301986,0.0018343170836096667,1.3483943497100033,1.1896249108810402,1.1151797256395717,2696788.69942,109607.69942000006,2587181.0,0.040643784751683905,0,27,0.0,0.0,0.0,0.0,0.0,201,0
2023-03-20,-0.004432308694622855,-0.008184658417078551,0.0037523497224556963,1.3424178497100032,1.1798882373410313,1.1193642699735635,2684835.69942,109607.69942000006,2575228.0,0.04082473256880427,0,27,0.0,0.0,0.0,0.0,0.0,201,0
2023-03-21,-0.005966473108004577,0.002369330265354049,-0.008335803373358626,1.3344083497100032,1.1826837822514986,1.1100334695159009,2668816.69942,109607.69942000006,2559209.0,0.041069774272553275,0,27,0.0,0.0,0.0,0.0,0.0,201,0
2023-03-22,0.004729436833463607,0.0028599368348797235,0.0018694999985838837,1.3407193497100032,1.1860661831643744,1.112108677085589,2681438.69942,109607.69942000006,2571831.0,0.040876451676373736,0,27,0.0,0.0,0.0,0.0,0.0,201,0
2023-03-23,-0.0016062272842305436,-0.0021294239281156938,0.0005231966438851501,1.338565849710003,1.1835405454536154,1.112690528613076,2677131.69942,109607.69942000006,2567524.0,0.04094221417786303,0,27,0.0,0.0,0.0,0.0,0.0,201,0
2023-03-24,-0.010219893181171336,-0.005644216763248925,-0.004575676417922411,1.324885849710003,1.1768603860669813,1.1075992168008555,2649771.69942,109607.69942000006,2540164.0,0.041364959646897785,0,27,0.0,0.0,0.0,0.0,0.0,201,0
2023-03-27,-0.011057179003916895,-0.01007086557198393,-0.0009863134319329642,1.310236349710003,1.1650083833219076,1.1065067768161263,2620472.69942,109607.69942000006,2510865.0,0.041827453285149654,0,27,0.0,0.0,0.0,0.0,0.0,201,0
2023-03-28,-0.0007033082238970811,0.0016350117640939299,-0.002338319987991011,1.309314849710003,1.166913185733907,1.1039194099030496,2618629.69942,109607.69942000006,2509022.0,0.0418568915812255,0,27,0.0,0.0,0.0,0.0,0.0,202,0
2023-03-29,-0.004911347336680971,-0.006480687008188896,0.0015693396715079251,1.3028843497100029,1.159350786611437,1.1056518344271582,2605768.69942,109607.69942000006,2496161.0,0.042063479941407265,0,27,0.0,0.0,0.0,0.0,0.0,202,0
2023-03-30,0.002856354825989227,0.0004424038851160145,0.0024139509408732125,1.3066058497100028,1.1598636879036464,1.1083208237131517,2613211.69942,109607.69942000006,2503604.0,0.0419436739259691,0,27,0.0,0.0,0.0,0.0,0.0,202,0
2023-03-31,0.004435920749387812,0.002955843814897459,0.0014800769344903526,1.312401849710003,1.1632920638116606,1.1099612238003447,2624803.69942,109607.69942000006,2515196.0,0.041758436809663124,0,27,0.0,0.0,0.0,0.0,0.0,202,0
2023-04-03,0.0019117616304447083,0.00308434725378099,-0.0011725856233362818,1.3149108492100032,1.1668800604940233,1.1086596992268556,2629821.6984200003,4140.698420000204,2625681.0,0.0015745167904302943,28,28,774007.0,669051.0,511.0009999999999,0.0,0.0,202,1
2023-04-04,0.010558130240039487,0.00017569172995621522,0.010382438510083272,1.3287938492100033,1.1670850716705028,1.1201702903826858,2657587.6984200003,4140.698420000204,2653447.0,0.0015580665211770619,0,28,0.0,0.0,0.0,0.0,0.0,202,0
2023-04-06,-0.0044927962328763504,-0.006325777771631527,0.0018329815387551768,1.3228238492100033,1.1597023508665265,1.1222235418452193,2645647.6984200003,4140.698420000204,2641507.0,0.0015650981884220863,0,28,0.0,0.0,0.0,0.0,0.0,202,0
2023-04-07,-0.0010447347171925747,0.005541429255049292,-0.006586163972241867,1.3214418492100033,1.1661287594007677,1.1148323935851168,2642883.6984200003,4140.698420000204,2638743.0,0.0015667350108805943,0,28,0.0,0.0,0.0,0.0,0.0,202,0
2023-04-10,-0.0020507902043666038,0.0005813605204659932,-0.002632150724832597,1.3187318492100033,1.1668067006232634,1.111897986692275,2637463.6984200003,4140.698420000204,2633323.0,0.0015699546585155777,0,28,0.0,0.0,0.0,0.0,0.0,202,0
2023-04-11,0.00016000220221146222,-0.0035643477240970933,0.0037243499263085555,1.3189428492100033,1.1626477958154358,1.116039083877075,2637885.6984200003,4140.698420000204,2633745.0,0.001569703502498359,0,28,0.0,0.0,0.0,0.0,0.0,203,0
2023-04-12,0.01261351089621865,0.00546608509256262,0.0071474258036560295,1.3355793492100032,1.169002927600043,1.1240158904230668,2671158.6984200003,4140.698420000204,2667018.0,0.0015501506602544589,0,28,0.0,0.0,0.0,0.0,0.0,203,0
2023-04-13,0.006352299475892886,0.004460826898694286,0.0018914725771986005,1.3440633492100034,1.1742176473041337,1.1261419356561375,2688126.6984200003,4140.698420000204,2683986.0,0.001540365795419532,0,28,0.0,0.0,0.0,0.0,0.0,203,0
2023-04-14,0.001450824472779555,0.007133355555005315,-0.00568253108222576,1.3460133492100033,1.1825937592813158,1.1197425991037737,2692026.6984200003,4140.698420000204,2687886.0,0.0015381342326324088,0,28,0.0,0.0,0.0,0.0,0.0,203,0
2023-04-17,0.013626165008515434,0.010434005242235873,0.0031921597662795606,1.3643543492100032,1.1949329487650924,1.1233169963772223,2728708.6984200003,4140.698420000204,2724568.0,0.0015174571116359126,0,28,0.0,0.0,0.0,0.0,0.0,203,0
2023-04-18,-0.0003012413895540078,-0.0007930071700352622,0.0004917657804812544,1.363943349210003,1.1939853583690103,1.1238694052366736,2727886.6984200003,4140.698420000204,2723746.0,0.0015179143702700368,0,28,0.0,0.0,0.0,0.0,0.0,203,0
2023-04-19,0.0021250882609449295,-0.0021751998555159247,0.004300288116460854,1.3668418492100032,1.191388201589998,1.1287023674844667,2733683.6984200003,4140.698420000204,2729543.0,0.0015146955086257502,0,28,0.0,0.0,0.0,0.0,0.0,203,0
2023-04-20,0.0008801310851693778,-0.0030862820623599086,0.003966413147529286,1.3680448492100032,1.1877112415541233,1.1331792673945045,2736089.6984200003,4140.698420000204,2731949.0,0.0015133635503219497,0,28,0.0,0.0,0.0,0.0,0.0,203,0
2023-04-21,-0.008736190196470206,-0.01501597965116257,0.0062797894546923645,1.3560933492100034,1.1698765937194897,1.1402953946081646,2712186.6984200003,4140.698420000204,2708046.0,0.0015267011015179714,0,28,0.0,0.0,0.0,0.0,0.0,203,0
2023-04-24,0.0010544996779411342,-0.0010153945852965057,0.00206989426323764,1.3575233492100034,1.1686887073607617,1.1426556855038603,2715046.6984200003,4140.698420000204,2710906.0,0.0015250928915549963,0,28,0.0,0.0,0.0,0.0,0.0,203,0
2023-04-25,0.004312633004365685,-0.0019781536545855067,0.006290786658951192,1.3633778492100035,1.166376861523223,1.1498438886460027,2726755.6984200003,6708.698420000204,2720047.0,0.002460322508498841,0,28,0.0,0.0,0.0,2568.0,0.0,203,0
2023-04-26,0.0034795929849886775,0.008199420262601814,-0.004719827277613137,1.3681218492100036,1.1759404755954266,1.1444168240953747,2736243.6984200003,6708.698420000204,2729535.0,0.0024517912727854006,0,28,0.0,0.0,0.0,0.0,0.0,203,0
2023-04-27,0.0060301646412297405,0.0043542937767909965,0.001675870864438744,1.3763718492100037,1.1810608658901884,1.1463347189076496,2752743.6984200003,6708.698420000204,2746035.0,0.002437095187558077,0,28,0.0,0.0,0.0,0.0,0.0,203,0
2023-04-28,0.015362127619898747,0.013768247694987771,0.0015938799249109754,1.3975158492100037,1.1973220044346213,1.1481618388033448,2795031.6984200003,6708.698420000204,2788323.0,0.0024002226607278032,0,28,0.0,0.0,0.0,0.0,0.0,203,0
2023-05-04,0.04392150545891704,0.024107682184142144,0.0198138232747749,1.458896849210004,1.2261866627896112,1.1709113145682348,2917793.6984200003,6708.698420000204,2911085.0,0.002299236722470474,0,28,0.0,0.0,0.0,0.0,0.0,203,0
2023-05-05,0.004544186933839622,0.001491268985070572,0.0030529179487690503,1.465526349210004,1.2280152369297366,1.174486010736897,2931052.6984200003,6708.698420000204,2924344.0,0.0022888358246225204,0,28,0.0,0.0,0.0,0.0,0.0,203,0
2023-05-08,0.03354050920100948,0.017540856761672195,0.01599965243933729,1.514680849210004,1.249555676301872,1.1932773787035513,3029361.6984200003,6708.698420000204,3022653.0,0.0022145584079640295,0,28,0.0,0.0,0.0,0.0,0.0,203,0
2023-05-09,-0.015269883429280262,-0.00869812655609731,-0.006571756873182953,1.491551849210004,1.2386868828905084,1.1854354498884425,2983103.6984200003,6708.698420000204,2976395.0,0.0022488988309569873,0,28,0.0,0.0,0.0,0.0,0.0,203,0
2023-05-10,-0.02117827819175766,-0.008105933464978336,-0.013072344726779324,1.459963349210004,1.2286461694338566,1.169939029036156,2919926.6984200003,6708.698420000204,2913218.0,0.002297557135126147,0,28,0.0,0.0,0.0,0.0,0.0,203,0
2023-05-11,-0.0001931555337690849,0.007463668904236555,-0.00765682443800564,1.459681349210004,1.2378163776429696,1.1609810112876553,2919362.6984200003,6708.698420000204,2912654.0,0.002298001006737205,0,28,0.0,0.0,0.0,0.0,0.0,203,0
2023-05-12,0.0016202166324039702,0.0025096775033203443,-0.0008894608709163741,1.462046349210004,1.2409228975591817,1.159948364106238,2924092.6984200003,6708.698420000204,2917384.0,0.0022942837700135744,0,28,0.0,0.0,0.0,0.0,0.0,203,0
2023-05-15,0.002440757094963608,0.0059111928845394564,-0.0034704357895758483,1.4656148492100038,1.2482582321614957,1.1559228377893838,2931229.6984200003,6708.698420000204,2924521.0,0.002288697615071363,0,28,0.0,0.0,0.0,0.0,0.0,203,0
2023-05-16,-0.004700075196231168,-0.005080600928147868,0.0003805257319166996,1.4587263492100038,1.2419163302286078,1.156362696173273,2917452.6984200003,6708.698420000204,2910744.0,0.0022995054636647315,0,28,0.0,0.0,0.0,0.0,0.0,203,0
2023-05-17,-0.006847069023884544,0.0032932196271753564,-0.010140288651059901,1.4487383492100037,1.2460062334626263,1.144636844648758,2897476.6984200003,6708.698420000204,2890768.0,0.0023153588857706678,0,28,0.0,0.0,0.0,0.0,0.0,203,0
2023-05-18,0.0027624035783841983,-0.0006359851869509745,0.003398388765335173,1.4527403492100037,1.2452137919552955,1.1485267656420013,2905480.6984200003,6708.698420000204,2898772.0,0.0023089805496379285,0,28,0.0,0.0,0.0,0.0,0.0,203,0
2023-05-19,-0.014156693597161984,-0.010503505203423153,-0.0036531883937388314,1.4321743492100036,1.2321346824121189,1.1443309809918596,2864348.6984200003,6708.698420000204,2857640.0,0.002342137472194213,0,28,0.0,0.0,0.0,0.0,0.0,203,0
2023-05-22,0.0008776864357984415,0.012839792234304195,-0.011962105798505753,1.4334313492100037,1.2479550357389708,1.1306423727287271,2866862.6984200003,6708.698420000204,2860154.0,0.002340083612548845,0,28,0.0,0.0,0.0,0.0,0.0,203,0
2023-05-23,-0.017141037143872606,-0.015248809215099536,-0.0018922279287730704,1.4088608492100037,1.2289252074899646,1.1285029396535955,2817721.6984200003,6708.698420000204,2811013.0,0.002380894615590325,0,28,0.0,0.0,0.0,0.0,0.0,203,0
2023-05-24,-0.017632330413560382,-0.005929526242148701,-0.01170280417141168,1.3840193492100037,1.221638263222515,1.115296290743967,2768038.6984200003,6708.698420000204,2761330.0,0.002423628840098781,0,28,0.0,0.0,0.0,0.0,0.0,203,0
2023-05-25,0.0046462500713380095,0.012589314529269749,-0.007943064457931739,1.390449849210004,1.2370178515592138,1.1064374204168954,2780899.6984200003,6708.698420000204,2774191.0,0.00241242013288427,0,28,0.0,0.0,0.0,0.0,0.0,203,0
2023-05-26,0.009170773046755176,0.0038680274207435945,0.005302745626011582,1.4032013492100037,1.2418026705289944,1.1123045766084665,2806402.6984200003,6708.698420000204,2799694.0,0.0023904974235440944,0,28,0.0,0.0,0.0,0.0,0.0,203,0
2023-05-29,0.019244208976283428,0.012714823144685446,0.006529385831597982,1.430204849210004,1.2575919718653685,1.1195672423513954,2860409.6984200003,6708.698420000204,2853701.0,0.002345362772230103,0,28,0.0,0.0,0.0,0.0,0.0,203,0
2023-05-30,0.0024381122759624674,0.0029054783612712173,-0.00046736608530874996,1.433691849210004,1.2612458781269318,1.1190439945920978,2867383.6984200003,6708.698420000204,2860675.0,0.002339658422309112,0,28,0.0,0.0,0.0,0.0,0.0,203,0
2023-05-31,-0.00923015640166458,-0.013145435188401361,0.003915278786736781,1.420458649210004,1.2446662521793759,1.1234253638055494,2840917.2984200004,7774.298420000205,2833143.0,0.0027365451378411985,0,28,0.0,0.0,0.0,1065.6,0.0,203,0
2023-06-01,-0.007559530160185957,-0.009721727856724966,0.00216219769653901,1.4097206492100038,1.232565945603238,1.125854431539403,2819441.2984200004,7774.298420000205,2811667.0,0.0027573897085060362,0,28,0.0,0.0,0.0,0.0,0.0,203,0
2023-06-02,-0.00322829916873979,0.002596490257869961,-0.005824789426609751,1.4051696492100039,1.235766291073179,1.1192965665506704,2810339.2984200004,7774.298420000205,2802565.0,0.0027663202177655166,0,28,0.0,0.0,0.0,0.0,0.0,203,0
2023-06-05,0.006890627053782072,0.0051491200007060586,0.0017415070530760138,1.4148521492100037,1.2421293999987424,1.121245829415802,2829704.2984200004,7774.298420000205,2821930.0,0.0027473889848989093,0,28,0.0,0.0,0.0,0.0,0.0,203,0
2023-06-06,-0.010541737529485284,-0.019537417146673425,0.00899567961718814,1.3999371492100037,1.2178613997608199,1.1313321976693351,2799874.2984200004,7774.298420000205,2792100.0,0.002776659803758807,0,28,0.0,0.0,0.0,0.0,0.0,203,0
2023-06-07,0.01690647327514383,0.004968348451799566,0.011938124823344264,1.4236051492100037,1.223912159560828,1.1448381826617802,2847210.2984200004,7774.298420000205,2839436.0,0.002730496733702596,0,28,0.0,0.0,0.0,0.0,0.0,203,0
2023-06-08,0.011480009052418305,0.0061824321892802,0.005297576863138105,1.439948149210004,1.2314789134929485,1.1509030509302862,2879896.2984200004,7774.298420000205,2872122.0,0.0026995063760682715,0,28,0.0,0.0,0.0,0.0,0.0,203,0
2023-06-09,-0.006277656598231873,0.0020495018537047133,-0.008327158451936587,1.430908649210004,1.2340028318089507,1.1413192988623726,2861817.2984200004,7774.298420000205,2854043.0,0.0027165600069202073,0,28,0.0,0.0,0.0,0.0,0.0,203,0
2023-06-12,-0.01025432336865173,-0.009004997475902317,-0.0012493258927494134,1.416235649210004,1.2228906394232548,1.1398934191104093,2832471.2984200004,7774.298420000205,2824697.0,0.002744705100573071,0,28,0.0,0.0,0.0,0.0,0.0,203,0
2023-06-13,-0.0018746880164194346,-0.0021687624462589823,0.0002940744298395477,1.413580649210004,1.2202384801285922,1.1402286326177122,2827161.2984200004,7774.298420000205,2819387.0,0.0027498602305941946,0,28,0.0,0.0,0.0,0.0,0.0,203,0
2023-06-14,-0.011396944354751581,-0.009573187873793552,-0.0018237564809580296,1.397470149210004,1.2085569079074887,1.1381491332592018,2794940.2984200004,7774.298420000205,2787166.0,0.0027815615326005605,0,28,0.0,0.0,0.0,0.0,0.0,203,0
2023-06-15,-0.002040830712278341,0.003908890655904752,-0.005949721368183093,1.3946181492100038,1.2132810247119374,1.1313774630408704,2789236.2984200004,12606.298420000205,2776630.0,0.0045196236787615335,0,28,0.0,0.0,0.0,4832.0,0.0,203,0
2023-06-16,-0.0011159327023541055,0.0005327870315758515,-0.001648719733929957,1.3930618492100038,1.213927445107561,1.1295121386910312,2786123.6984200003,15596.698420000204,2770527.0,0.005597992088020008,0,28,0.0,0.0,0.0,2990.4,0.0,203,0
2023-06-19,-0.006692251320561837,-0.0020865088876783323,-0.0046057424328835046,1.3837391292100039,1.2113945747043473,1.1243098967054048,2767478.2584200003,17125.258420000206,2750353.0,0.006188037202423156,0,28,0.0,0.0,0.0,1528.5600000000002,0.0,203,0
2023-06-20,-0.009394964502754344,-0.009150585081408038,-0.00024437942134630623,1.3707389492100037,1.200309605581359,1.1240351385034342,2741477.89842,18535.898420000205,2722942.0,0.0067612795385594854,0,28,0.0,0.0,0.0,1410.64,0.0,203,0
2023-06-21,-0.00015940307242745533,0.0013097329405329068,-0.0014691360129603622,1.3705204492100036,1.2018816906106269,1.122383778001626,2741040.89842,18535.898420000205,2722505.0,0.00676235747911851,0,28,0.0,0.0,0.0,0.0,0.0,203,0
2023-06-26,-0.003602281164681531,0.01217869925751074,-0.01578098042219227,1.3655834492100036,1.2165190462636823,1.1046714615747961,2731166.89842,18535.898420000205,2712631.0,0.006786805460597577,0,28,0.0,0.0,0.0,0.0,0.0,203,0
2023-06-27,0.017880635573114034,0.010791232618204902,0.0070894029549091325,1.3900009492100038,1.2296467862763905,1.1125029226986882,2780001.89842,18535.898420000205,2761466.0,0.006667584806519373,0,28,0.0,0.0,0.0,0.0,0.0,203,0
2023-06-28,0.010945661590121336,0.012764795832389483,-0.0018191342422681465,1.4052154292100039,1.2453429764491626,1.1104791305373838,2810430.8584200004,27448.858420000204,2782982.0,0.00976677947360417,0,28,0.0,0.0,0.0,8912.96,0.0,203,0
2023-06-29,-0.00506323219351501,-0.00782943766952985,0.0027662054760148394,1.3981004972100037,1.235592641237867,1.1135509439892766,2796200.9944200004,32941.99442000021,2763259.0,0.011780982299104422,0,28,0.0,0.0,0.0,5493.136,0.0,203,0
2023-06-30,0.0022598518535004164,0.0008090275298363196,0.0014508243236640967,1.4012599972100037,1.2365922697002916,1.1151665107844555,2802519.9944200004,32941.99442000021,2769578.0,0.011754419053419729,0,28,0.0,0.0,0.0,0.0,0.0,203,0
2023-07-03,0.009557994716659746,0.009928869366543946,-0.0003708746498842005,1.4146532328600037,1.2488702328058239,1.1147529237952059,2829306.46572,22208.46572000011,2807098.0,0.007849438012134367,28,28,1447697.0,1437871.0,907.5286999999998,0.0,0.0,203,1
2023-07-04,-0.007358693818522721,-0.008044315163159064,0.0006856213446363429,1.4042432328600036,1.238823927055246,1.1155172221937555,2808486.46572,22208.46572000011,2786278.0,0.007907627824122918,0,28,0.0,0.0,0.0,0.0,0.0,203,0
2023-07-05,-0.0026863893033096664,0.00012861837822351291,-0.0028150076815331793,1.4004708888600035,1.2389832625796482,1.1123770326443976,2800941.77772,23093.77772000011,2777848.0,0.008245004556574082,0,28,0.0,0.0,0.0,885.312,0.0,203,0
2023-07-06,-0.002019320803092195,-0.0014730428570110937,-0.0005462779460811012,1.3976428888600034,1.237158187134749,1.1117693656037368,2795285.77772,26085.77772000011,2769200.0,0.009332061118014634,0,28,0.0,0.0,0.0,2992.0,0.0,203,0
2023-07-07,0.0069527774780338,0.00877697322452081,-0.00182419574648701,1.4073603888600033,1.2480166914177275,1.109741280655928,2814720.77772,26085.77772000011,2788635.0,0.009267625380990826,0,28,0.0,0.0,0.0,0.0,0.0,203,0
2023-07-10,0.006200615044358759,0.007959441551431804,-0.0017588265070730448,1.4160868888600031,1.2579502073282784,1.1077894382755171,2832173.77772,26085.77772000011,2806088.0,0.009210514526054288,0,28,0.0,0.0,0.0,0.0,0.0,203,0
2023-07-11,-0.0007616058085730959,-0.001732779224155257,0.000971173415582161,1.4150083888600031,1.2557704573439983,1.108865293928033,2830016.77772,26085.77772000011,2803931.0,0.009217534653987489,0,28,0.0,0.0,0.0,0.0,0.0,203,0
2023-07-12,-0.008751184867516137,-0.004226930404127329,-0.004524254463388808,1.402625388860003,1.250462403017246,1.1038485051726823,2805250.77772,26085.77772000011,2779165.0,0.009298911144479435,0,28,0.0,0.0,0.0,0.0,0.0,203,0
2023-07-13,0.011173190022417456,0.005713914379098205,0.005459275643319252,1.418297188860003,1.257607438122368,1.1098747184308857,2836594.37772,31231.377720000113,2805363.0,0.011010166968286559,0,28,0.0,0.0,0.0,5145.6,0.0,203,0
2023-07-14,-0.0021471804526721483,-0.004929221704040104,0.002782041251367956,1.415251848860003,1.251408412243213,1.1129624356814107,2830503.69772,40531.69772000011,2789972.0,0.014319605995444844,0,28,0.0,0.0,0.0,9300.32,0.0,203,0
2023-07-17,7.101209589022162e-05,-0.0005836695560511309,0.0006546816519413525,1.415352348860003,1.2506780032508003,1.1136910717673512,2830704.69772,40531.69772000011,2790173.0,0.01431858920241539,0,28,0.0,0.0,0.0,0.0,0.0,203,0
2023-07-18,0.0034062189559249667,-0.0016863820047625204,0.005092600960687487,1.420173348860003,1.2485688823723657,1.1193626559893426,2840346.69772,40531.69772000011,2799815.0,0.014269982517463685,0,28,0.0,0.0,0.0,0.0,0.0,203,0
2023-07-19,0.004351933519215256,0.0014192047457276722,0.002932728773487584,1.426353848860003,1.2503408572555965,1.12264544305853,2852707.69772,44667.69772000011,2808040.0,0.015658000206505682,0,28,0.0,0.0,0.0,4136.0,0.0,203,0
2023-07-20,-0.010160872781731833,-0.011105276022666593,0.0009444032409347599,1.4118608488600028,1.2364554769133556,1.123705673053375,2823721.69772,44667.69772000011,2779054.0,0.01581873233331274,0,28,0.0,0.0,0.0,0.0,0.0,203,0
2023-07-21,0.003873965344684205,0.002889936209452196,0.0009840291352320087,1.4173303488600029,1.2400287543674628,1.124811432175085,2834660.69772,44667.69772000011,2789993.0,0.015757687597647098,0,28,0.0,0.0,0.0,0.0,0.0,203,0
2023-07-24,0.01115195198685548,0.0022710130207696574,0.008880938966085822,1.4331363488600029,1.24284487581476,1.1348008138525876,2866272.69772,44667.69772000011,2821605.0,0.015583896729551029,0,28,0.0,0.0,0.0,0.0,0.0,203,0
2023-07-25,-0.00013187858932639518,0.007048352308668639,-0.007180230897995034,1.4329473488600029,1.251604884364526,1.1266526819858933,2865894.69772,44667.69772000011,2821227.0,0.015585952182938222,0,28,0.0,0.0,0.0,0.0,0.0,203,0
2023-07-26,0.0024138360720313834,-0.0011309028366736024,0.003544738908704986,1.436406248860003,1.2501894408504035,1.1306463715843253,2872812.4977200003,48384.497720000116,2824428.0,0.016842205246043847,0,28,0.0,0.0,0.0,3716.7999999999997,0.0,203,0
2023-07-27,0.0012555640170957005,-0.0009141290295389102,0.0021696930466346106,1.438209748860003,1.2490466063900991,1.1330995271549544,2876419.4977200003,48384.497720000116,2828035.0,0.016821085296616918,0,28,0.0,0.0,0.0,0.0,0.0,203,0
2023-07-28,0.014931410398950407,0.011666637563984124,0.0032647728349662827,1.459684248860003,1.2636187804473769,1.1367988397105229,2919368.4977200003,52212.497720000116,2867156.0,0.017884860291113504,0,28,0.0,0.0,0.0,3828.0,0.0,203,0
2023-07-31,0.008291861756714036,0.00909652435396015,-0.0008046625972461131,1.471787748860003,1.275113319457838,1.135884100203615,2943575.4977200003,52212.497720000116,2891363.0,0.017737781062670977,0,28,0.0,0.0,0.0,0.0,0.0,203,0
2023-08-01,0.005002079957318717,0.00858936769343673,-0.0035872877361180135,1.479149748860003,1.2860657366094599,1.1318093571013033,2958299.4977200003,52212.497720000116,2906087.0,0.01764949686813014,0,28,0.0,0.0,0.0,0.0,0.0,203,0
2023-08-02,-0.010105467692855474,-0.009710798308705462,-0.0003946693841500124,1.4642022488600028,1.2735770116295086,1.1313626665993608,2928404.4977200003,52212.497720000116,2876192.0,0.017829674063351484,0,28,0.0,0.0,0.0,0.0,0.0,203,0
2023-08-03,0.003038514661115821,0.003206575227595603,-0.00016806056647978218,1.4686512488600028,1.277660832125435,1.131172529148718,2937302.4977200003,52212.497720000116,2885090.0,0.017775662452378882,0,28,0.0,0.0,0.0,0.0,0.0,203,0
2023-08-04,-0.0048251754836287075,-0.005000247918972,0.00017507243534329274,1.4615647488600028,1.2712722112084478,1.1313705662781894,2923129.4977200003,52212.497720000116,2870917.0,0.01786184900830604,0,28,0.0,0.0,0.0,0.0,0.0,203,0
2023-08-07,-0.009150466998079643,-0.006907206726458231,-0.0022432602716214115,1.4481907488600028,1.2624912712400294,1.1288326076343758,2896381.4977200003,52212.497720000116,2844169.0,0.01802680267123002,0,28,0.0,0.0,0.0,0.0,0.0,203,0
2023-08-08,0.00034732993591890526,-0.003179713459806597,0.0035270433957255024,1.4486937488600027,1.258476910751979,1.132814049228012,2897387.4977200003,52212.497720000116,2845175.0,0.01802054359697726,0,28,0.0,0.0,0.0,0.0,0.0,203,0
2023-08-09,-0.006533126830600144,-0.007319481940137847,0.0007863551095377026,1.4392292488600027,1.2492655117316496,1.1337048433437786,2878458.4977200003,52212.497720000116,2826246.0,0.01813904830010825,0,28,0.0,0.0,0.0,0.0,0.0,203,0
2023-08-10,0.01033087676044464,0.011382066639105742,-0.0010511898786611015,1.4540977488600026,1.2634847350361158,1.1325131042870664,2908195.4977200003,52212.497720000116,2855983.0,0.017953572158726692,0,28,0.0,0.0,0.0,0.0,0.0,203,0
2023-08-11,-0.01758341213308745,-0.021751415362018765,0.004168003228931315,1.4285297488600026,1.236002153760775,1.137233422562542,2857059.4977200003,54340.497720000116,2802719.0,0.019019729117774792,0,28,0.0,0.0,0.0,2128.0,0.0,203,0
2023-08-14,0.002689828477892231,0.0014680538914405856,0.0012217745864516454,1.4323722488600026,1.2378166715324326,1.1386228654570922,2864744.4977200003,54340.497720000116,2810404.0,0.01896870655070592,0,28,0.0,0.0,0.0,0.0,0.0,203,0
2023-08-15,0.008956470645260284,0.0032885590126214125,0.005667911632638871,1.4452012488600026,1.2418873047035737,1.145076479241405,2890402.4977200003,54340.497720000116,2836062.0,0.018800322018426446,0,28,0.0,0.0,0.0,0.0,0.0,203,0
2023-08-16,-0.0033694961195482875,-0.004871274295363794,0.0015017781758155067,1.4403316488600024,1.2358377309984325,1.1467961301075695,2880663.29772,55377.29772000012,2825286.0,0.019223800908572126,0,28,0.0,0.0,0.0,1036.8,0.0,203,0
2023-08-17,-0.0007727386958975568,0.002514654029049139,-0.0032873927249466956,1.4392186488600023,1.2389454353279385,1.1430261608524568,2878437.29772,55377.29772000012,2823060.0,0.019238667371307437,0,28,0.0,0.0,0.0,0.0,0.0,203,0
2023-08-18,0.004904397261382698,0.0015315365470089343,0.003372860714373764,1.4462771488600021,1.2408429255418933,1.1468814288858975,2892554.29772,55377.29772000012,2837177.0,0.019144773795136776,0,28,0.0,0.0,0.0,0.0,0.0,203,0
2023-08-21,-0.0035601751739343657,-0.0025012243714058126,-0.001058950802528553,1.4411281488600023,1.2377392989754414,1.1456669378763735,2882256.29772,55377.29772000012,2826879.0,0.019213176067585023,0,28,0.0,0.0,0.0,0.0,0.0,203,0
2023-08-22,0.0012979414783338417,-0.0009941143154210495,0.002292055793754891,1.4429986488600022,1.2365088446195707,1.1482928704190465,2885997.29772,55377.29772000012,2830620.0,0.019188270814996734,0,28,0.0,0.0,0.0,0.0,0.0,203,0
2023-08-23,-0.00449480670347413,-0.008682847158322403,0.004188040454848272,1.4365126488600022,1.2257724273118251,1.1531019674143752,2873025.29772,55377.29772000012,2817648.0,0.01927490779978405,0,28,0.0,0.0,0.0,0.0,0.0,203,0
2023-08-24,-0.013094559254266058,-0.01080652216006957,-0.002288037094196489,1.4177021488600021,1.2125260904128776,1.15046362733954,2835404.29772,55377.29772000012,2780027.0,0.01953065309399792,0,28,0.0,0.0,0.0,0.0,0.0,203,0
2023-08-25,0.006849816802357855,0.004263673252389104,0.002586143549968751,1.4274131488600021,1.2176959054723948,1.153438891428858,2854826.29772,55377.29772000012,2799449.0,0.01939778184200806,0,28,0.0,0.0,0.0,0.0,0.0,203,0
2023-08-28,0.011599654951492955,0.010350411734072579,0.0012492432174203757,1.4439706488600021,1.2302995594609283,1.1548798171406844,2887941.29772,55377.29772000012,2832564.0,0.019175354347998667,0,28,0.0,0.0,0.0,0.0,0.0,203,0
2023-08-29,-0.008314573436432826,0.002366229905778545,-0.010680803342211371,1.4319646488600022,1.233210731071591,1.1425447729299159,2863929.29772,55377.29772000012,2808552.0,0.019336125987497836,0,28,0.0,0.0,0.0,0.0,0.0,203,0
2023-08-30,-0.019748741718249474,-0.015557825449048665,-0.004190916269200809,1.4036851488600022,1.2140246537756854,1.1377564634527535,2807370.29772,55377.29772000012,2751993.0,0.019725683414466084,0,28,0.0,0.0,0.0,0.0,0.0,203,0
2023-08-31,-0.0025087534785560583,-0.0044630369112630885,0.00195428343270703,1.4001636488600022,1.208606416934701,1.1399799620597346,2800327.29772,55377.29772000012,2744950.0,0.019775294753969577,0,28,0.0,0.0,0.0,0.0,0.0,203,0
2023-09-01,0.006835272439612572,0.0023776762948940137,0.004457596144718558,1.4097341488600024,1.2114800917621034,1.1450615323436686,2819468.29772,55377.29772000012,2764091.0,0.01964104287492138,0,28,0.0,0.0,0.0,0.0,0.0,203,0
2023-09-04,0.01496984379435351,0.01472884769089863,0.00024099610345488034,1.4308376488600025,1.2293237975142233,1.1453374877111795,2861675.29772,55377.29772000012,2806298.0,0.01935135609694126,0,28,0.0,0.0,0.0,0.0,0.0,203,0
2023-09-05,-0.0075095871348932475,-0.002287516493772095,-0.005222070641121152,1.4200926488600025,1.2265116990512228,1.1393564544424275,2840185.29772,55377.29772000012,2784808.0,0.019497776347358407,0,28,0.0,0.0,0.0,0.0,0.0,203,0
2023-09-06,-0.0036680705334131147,-0.004620086960669194,0.0009520164272560794,1.4148836488600025,1.220845108343328,1.1404411405035568,2829767.29772,55377.29772000012,2774390.0,0.019569558869599882,0,28,0.0,0.0,0.0,0.0,0.0,203,0
2023-09-07,-0.0031405409226265,-0.011489132816024174,0.008348591893397674,1.4104401488600025,1.2068186567457782,1.149962218164062,2820880.29772,55377.29772000012,2765503.0,0.019631211492653296,0,28,0.0,0.0,0.0,0.0,0.0,203,0
2023-09-08,0.0017313744237739126,0.005126683154127439,-0.0033953087303535264,1.4128821488600025,1.2130056336234034,1.146057741405153,2825764.29772,55377.29772000012,2770387.0,0.01959728126110232,0,28,0.0,0.0,0.0,0.0,0.0,203,0
2023-09-11,0.010115847249915433,0.006653620460861488,0.003462226789053945,1.4271746488600026,1.2210765127264205,1.1500256532192483,2854349.29772,55377.29772000012,2798972.0,0.019401023471175883,0,28,0.0,0.0,0.0,0.0,0.0,203,0
2023-09-12,-0.0003762678943526332,0.0005264580911933266,-0.0009027259855459598,1.4266376488600025,1.2217193583365114,1.1489874951780428,2853275.29772,55377.29772000012,2797898.0,0.01940832620120852,0,28,0.0,0.0,0.0,0.0,0.0,203,0
2023-09-13,0.0026884892621927836,0.0024378510879827643,0.0002506381742100193,1.4304731488600027,1.2246977282034417,1.1492754753060244,2860946.29772,55377.29772000012,2805569.0,0.019356287031368765,0,28,0.0,0.0,0.0,0.0,0.0,203,0
2023-09-14,0.010867732828392596,0.005639629235981796,0.0052281035924108,1.4460191488600027,1.2316045693166582,1.1552840065471415,2892038.29772,55377.29772000012,2836661.0,0.019148189622405064,0,28,0.0,0.0,0.0,0.0,0.0,203,0
2023-09-15,-0.00048547074950799907,-0.005532536215859128,0.005047065466351129,1.4453171488600027,1.2247906724332962,1.1611148005604133,2890634.29772,55377.29772000012,2835257.0,0.01915749002344544,0,28,0.0,0.0,0.0,0.0,0.0,203,0
2023-09-18,-0.00374277715051452,-0.0003038331882774581,-0.003438943962237062,1.4399076488600027,1.2244185403783183,1.1571217918275618,2879815.29772,55377.29772000012,2824438.0,0.019229461612987223,0,28,0.0,0.0,0.0,0.0,0.0,203,0
2023-09-19,0.00886549912427137,0.003180225130498907,0.005685273993772463,1.4526731488600026,1.2283124669906782,1.1637003462582665,2905346.29772,55377.29772000012,2849969.0,0.019060480935941444,0,28,0.0,0.0,0.0,0.0,0.0,203,0
2023-09-20,-0.004039793813636172,-0.0054378624286536064,0.0013980686150174343,1.4468046488600026,1.2216330727757827,1.1653272791896552,2893609.29772,55377.29772000012,2838232.0,0.01913779367644218,0,28,0.0,0.0,0.0,0.0,0.0,203,0
2023-09-21,-0.001849247583015523,-0.006673319533725693,0.0048240719507101695,1.4441291488600025,1.2134807249281827,1.1709489018305914,2888258.29772,55377.29772000012,2832881.0,0.019173249762223527,0,28,0.0,0.0,0.0,0.0,0.0,203,0
2023-09-22,-0.001155367580051303,0.005466543801554059,-0.006621911381605362,1.4424606488600027,1.220114270463344,1.1631949819702811,2884921.29772,55377.29772000012,2829544.0,0.019195427536884867,0,28,0.0,0.0,0.0,0.0,0.0,203,0
2023-09-25,0.0030122138884232097,-0.003565401540561816,0.006577615428985026,1.4468056488600027,1.2157640731637727,1.1708460312306068,2893611.29772,55377.29772000012,2838234.0,0.01913778044882333,0,28,0.0,0.0,0.0,0.0,0.0,203,0
2023-09-26,-0.0008200825044710758,-0.00239843503829178,0.001578352533820704,1.4456191488600028,1.2128481420124004,1.1726940390307135,2891238.29772,55377.29772000012,2835861.0,0.01915348788914081,0,28,0.0,0.0,0.0,0.0,0.0,203,0
2023-09-27,-0.0069620688187043145,-0.002838575594873452,-0.0041234932238308625,1.4355546488600026,1.2094053808761964,1.1678584431071435,2871109.29772,55377.29772000012,2815732.0,0.019287770675946135,0,28,0.0,0.0,0.0,0.0,0.0,203,0
2023-09-28,0.0030249632108736435,0.004976437413812029,-0.0019514742029383856,1.4398971488600028,1.2154239110620542,1.1655793974827362,2879794.29772,55377.29772000012,2824417.0,0.019229601837826963,0,28,0.0,0.0,0.0,0.0,0.0,203,0
2023-10-09,-0.004493773187288275,-0.003935327046837257,-0.0005584461404510178,1.4334265776600028,1.210640820471479,1.1649284841668228,2866853.1553200004,21831.155320000442,2845022.0,0.007615023908527896,28,28,1049622.0,1016764.0,688.1424,0.0,0.0,203,1
2023-10-10,-0.007916694288259252,-0.00736963567333746,-0.0005470586149217919,1.422078577660003,1.2017188386933337,1.1642912000037915,2844157.1553200004,21831.155320000442,2822326.0,0.007675790797693873,0,28,0.0,0.0,0.0,0.0,0.0,203,0
2023-10-11,-0.009749461258894532,-0.007581290714655068,-0.002168170544239464,1.408214077660003,1.1926082588199218,1.1617668181190262,2816428.1553200004,21831.155320000442,2794597.0,0.007751362405166697,0,28,0.0,0.0,0.0,0.0,0.0,203,0
2023-10-12,0.01101253015860304,0.008762966317121791,0.002249563841481249,1.423722077660003,1.2030590448214822,1.1643802867452995,2847444.1553200004,21831.155320000442,2825613.0,0.007666930106148832,0,28,0.0,0.0,0.0,0.0,0.0,203,0
2023-10-13,-0.007543607118639328,-0.007261898832260111,-0.0002817082863792175,1.412982077660003,1.194322551748753,1.1640522711700267,2825964.1553200004,21831.155320000442,2804133.0,0.007725206025314349,0,28,0.0,0.0,0.0,0.0,0.0,203,0
2023-10-16,0.006113665655480993,0.004188974717038837,0.0019246909384421562,1.4216205776600033,1.199325538722018,1.1662927120282205,2843241.1553200004,21831.155320000442,2821410.0,0.007678263688309405,0,28,0.0,0.0,0.0,0.0,0.0,203,0
2023-10-17,0.0016284232490575423,0.0008017633749434419,0.0008266598741141004,1.4239355776600033,1.2002871140135998,1.1672568394147258,2847871.1553200004,21831.155320000442,2826040.0,0.0076657805530346715,0,28,0.0,0.0,0.0,0.0,0.0,203,0
2023-10-18,-0.011793019476060596,-0.01654969401910701,0.004756674543046416,1.4071430776600033,1.1804227295415977,1.1728091003079668,2814286.1553200004,21831.155320000442,2792455.0,0.00775726209601387,0,28,0.0,0.0,0.0,0.0,0.0,203,0
2023-10-19,-0.015836698025802676,-0.012513185055633069,-0.003323512970169607,1.3848585776600033,1.1656518814829682,1.1689112540515603,2769717.1553200004,21831.155320000442,2747886.0,0.007882088349009836,0,28,0.0,0.0,0.0,0.0,0.0,203,0
2023-10-20,-0.0025648828387963007,-0.0006073010579329189,-0.0019575817808633817,1.3813065776600033,1.1649439798621621,1.1666230146771828,2762613.1553200004,21831.155320000442,2740782.0,0.007902356968785116,0,28,0.0,0.0,0.0,0.0,0.0,203,0
2023-10-23,-0.01837825172960883,-0.020736995203597737,0.002358743473988907,1.3559205776600034,1.1407865421393004,1.1693747790996578,2711841.1553200004,21831.155320000442,2690010.0,0.008050307547391854,0,28,0.0,0.0,0.0,0.0,0.0,203,0
2023-10-24,0.013234919725880756,0.017458965982685388,-0.004224046256804632,1.3738660776600033,1.1607034955720157,1.1644352859412002,2747732.1553200004,21831.155320000442,2725901.0,0.007945154071051728,0,28,0.0,0.0,0.0,0.0,0.0,203,0
2023-10-25,0.011848316415036031,0.010646067887825213,0.001202248527210818,1.3901440776600036,1.1730604237835114,1.1658352265487553,2780288.1553200004,21831.155320000442,2758457.0,0.007852119672641543,0,28,0.0,0.0,0.0,0.0,0.0,203,0
2023-10-26,0.007890189352504517,0.011741698316436408,-0.003851508963931891,1.4011125776600037,1.1868341453865285,1.1613450017232352,2802225.1553200004,21831.155320000442,2780394.0,0.00779064996920543,0,28,0.0,0.0,0.0,0.0,0.0,203,0
2023-10-27,0.003963992678786665,0.009016126880201042,-0.005052134201414376,1.4066665776600038,1.1975347926270885,1.1554777309203876,2813333.1553200004,21831.155320000442,2791502.0,0.007759889822759819,0,28,0.0,0.0,0.0,0.0,0.0,203,0
2023-10-30,-0.0070492895455690485,-0.004527310101330441,-0.0025219794442386074,1.3967505776600038,1.1921131812637331,1.152563639834731,2793501.1553200004,21831.155320000442,2771670.0,0.007814979878717697,0,28,0.0,0.0,0.0,0.0,0.0,203,0
2023-10-31,0.001277250232456506,-0.001282732711154799,0.002559982943611305,1.3985345776600038,1.1905840186907273,1.1555141830941345,2797069.1553200004,21831.155320000442,2775238.0,0.007805010926697247,0,28,0.0,0.0,0.0,0.0,0.0,203,0
2023-11-01,0.00046298462000371465,0.0015185796574688707,-0.001055595037465156,1.3991820776600037,1.1923920153620184,1.1542944280567398,2798364.1553200004,21831.155320000442,2776533.0,0.007801398998946222,0,28,0.0,0.0,0.0,0.0,0.0,203,0
2023-11-02,0.00031125327214609477,-0.0022938224113051827,0.0026050756834512774,1.3996175776600035,1.1896568798341198,1.1573014524028136,2799235.1553200004,21831.155320000442,2777404.0,0.007798971543533922,0,28,0.0,0.0,0.0,0.0,0.0,203,0
2023-11-03,-0.005872675601675481,0.00013564541713244276,-0.006008321018807924,1.3913980776600035,1.1898182513378293,1.150348013761245,2782796.1553200004,21831.155320000442,2760965.0,0.007845042935776956,0,28,0.0,0.0,0.0,0.0,0.0,203,0
2023-11-06,0.0013436126080783595,0.0044525106669927915,-0.003108898058914432,1.3932675776600034,1.1951159297936937,1.1467716990541865,2786535.1553200004,21831.155320000442,2764704.0,0.00783451638078953,0,28,0.0,0.0,0.0,0.0,0.0,204,0
2023-11-07,0.00026017974279479716,-0.00039565679088574,0.0006558365336805372,1.3936300776600032,1.1946430740601752,1.1475237938302172,2787260.1553200004,21831.155320000442,2765429.0,0.00783247852854053,0,28,0.0,0.0,0.0,0.0,0.0,204,0
2023-11-08,-0.0055172460204865326,-0.003796035893025746,-0.0017212101274607866,1.3859410776600032,1.1901081660716881,1.1455486642547745,2771882.1553200004,21831.155320000442,2750051.0,0.007875931982930977,0,28,0.0,0.0,0.0,0.0,0.0,204,0
2023-11-09,0.00036581641757527095,0.0008020094209123257,-0.0004361930033370548,1.3864480776600032,1.1910626440327823,1.1450489839424445,2772896.1553200004,21831.155320000442,2751065.0,0.007873051891292721,0,28,0.0,0.0,0.0,0.0,0.0,204,0
2023-11-10,0.0007847390879840432,0.006266403819226152,-0.005481664731242108,1.3875360776600034,1.198526323534287,1.1387722093116226,2775072.1553200004,21831.155320000442,2753241.0,0.007866878444277078,0,28,0.0,0.0,0.0,0.0,0.0,204,0
2023-11-13,0.004357724528645912,0.0030410122958872193,0.0013167122327586928,1.3935825776600035,1.2021710568210993,1.1402716446099488,2787165.1553200004,21831.155320000442,2765334.0,0.007832745497097735,0,28,0.0,0.0,0.0,0.0,0.0,204,0
2023-11-14,-0.0013407888631453702,-0.0019275048860842967,0.0005867160229389265,1.3917140776600034,1.1998538662351674,1.1409406602543444,2783428.1553200004,21831.155320000442,2761597.0,0.007843261654975462,0,28,0.0,0.0,0.0,0.0,0.0,204,0
2023-11-15,2.0119075066826753e-05,0.0030367469803621806,-0.003016627905295354,1.3917420776600034,1.2034975188403332,1.137498866820335,2783484.1553200004,21831.155320000442,2761653.0,0.007843103858980165,0,28,0.0,0.0,0.0,0.0,0.0,204,0
2023-11-16,-0.0021311420036871365,-0.004433929685896489,0.002302787682209353,1.3887760776600033,1.1981612954646443,1.1401182851993759,2777552.1553200004,21831.155320000442,2755721.0,0.00785985432467434,0,28,0.0,0.0,0.0,0.0,0.0,204,0
2023-11-17,-0.004142856499727676,0.0003784040436414972,-0.0045212605433691735,1.3830225776600034,1.1986146845437828,1.1349635133817302,2766045.1553200004,21831.155320000442,2744214.0,0.007892552035172695,0,28,0.0,0.0,0.0,0.0,0.0,204,0
2023-11-20,0.003639130757008724,0.003928174649306961,-0.00028904389229823715,1.3880555776600034,1.2033230523618947,1.134635459110206,2776111.1553200004,21831.155320000442,2754280.0,0.007863934150534393,0,28,0.0,0.0,0.0,0.0,0.0,204,0
2023-11-21,0.00287560531742459,0.0005998932413486721,0.0022757120760759177,1.3920470776600034,1.2040449177281658,1.137217562726447,2784094.1553200004,21831.155320000442,2762263.0,0.007841385420922015,0,28,0.0,0.0,0.0,0.0,0.0,204,0
2023-11-22,-0.0012172720500577272,-0.0031806057074544257,0.0019633336573966985,1.3903525776600032,1.2002153255908081,1.1394503002431304,2780705.1553200004,21831.155320000442,2758874.0,0.007850942153371935,0,28,0.0,0.0,0.0,0.0,0.0,204,0
2023-11-23,0.004920694297207984,0.006646656793036474,-0.0017259624958284904,1.3971940776600031,1.2081927449377527,1.1374836517590503,2794388.1553200004,21831.155320000442,2772557.0,0.007812499232949418,0,28,0.0,0.0,0.0,0.0,0.0,204,0
2023-11-24,0.00044947227449720906,-0.00335890808572535,0.003808380360222559,1.397822077660003,1.2041345365576666,1.1418156221584836,2795644.1553200004,21831.155320000442,2773813.0,0.007808989308763283,0,28,0.0,0.0,0.0,0.0,0.0,204,0
2023-11-27,-0.0023568807880864906,-0.0029999658655132295,0.0006430850774267389,1.394527577660003,1.200522174050508,1.1425499067462666,2789055.1553200004,21831.155320000442,2767224.0,0.00782743764617149,0,28,0.0,0.0,0.0,0.0,0.0,204,0
2023-11-28,0.0014893932778907715,0.003407190152053934,-0.0019177968741631627,1.3966045776600031,1.2046125813792554,1.140358728106533,2793209.1553200004,21831.155320000442,2771378.0,0.007815796850880428,0,28,0.0,0.0,0.0,0.0,0.0,204,0
2023-11-29,-0.006235480063076282,-0.00656535992992999,0.00032987986685370854,1.3878960776600031,1.1967038662063785,1.1407349094919261,2775792.1553200004,21831.155320000442,2753961.0,0.007864837890747512,0,28,0.0,0.0,0.0,0.0,0.0,204,0
2023-11-30,0.005307674053247613,0.004009606240169242,0.001298067813078371,1.3952625776600032,1.2015021774959542,1.1422156607611924,2790525.1553200004,21831.155320000442,2768694.0,0.007823314288488103,0,28,0.0,0.0,0.0,0.0,0.0,204,0
2023-12-01,0.006255811730175198,0.004009701656068383,0.0022461100741068152,1.403991077660003,1.2063198427668294,1.1447812028636308,2807982.1553200004,21831.155320000442,2786151.0,0.007774677370594808,0,28,0.0,0.0,0.0,0.0,0.0,204,0
2023-12-04,0.008647134724128147,0.002308114973349739,0.006339019750778408,1.416131577660003,1.2091041676585683,1.1520379935189033,2832263.1553200004,21831.155320000442,2810432.0,0.007708025039620258,0,28,0.0,0.0,0.0,0.0,0.0,204,0
2023-12-05,-0.009776633907759735,-0.012170682113141595,0.00239404820538186,1.4022865776600029,1.1943885451923213,1.154796028009819,2804573.1553200004,21831.155320000442,2782742.0,0.007784127605510621,0,28,0.0,0.0,0.0,0.0,0.0,204,0
2023-12-06,0.0015150255545803848,0.0016505964148252866,-0.0001355708602449018,1.404411077660003,1.196359998642924,1.1546394713188943,2808822.1553200004,21831.155320000442,2786991.0,0.0077723522931672714,0,28,0.0,0.0,0.0,0.0,0.0,204,0
2023-12-07,-0.001564712807350821,-0.0006020568663312878,-0.0009626559410195332,1.4022135776600029,1.195639721891137,1.1535279507720935,2804427.1553200004,21831.155320000442,2782596.0,0.00778453285141913,0,28,0.0,0.0,0.0,0.0,0.0,204,0
2023-12-08,0.0010412108563635503,-0.0008289718208869311,0.0018701826772504814,1.403673577660003,1.1946485702537561,1.1556852587633517,2807347.1553200004,21831.155320000442,2785516.0,0.007776435941892616,0,28,0.0,0.0,0.0,0.0,0.0,204,0
2023-12-11,0.011746320699066226,0.009483463984155832,0.0022628567149103936,1.420161577660003,1.205977976943481,1.1583004089114672,2840323.1553200004,21831.155320000442,2818492.0,0.007686151936307005,0,28,0.0,0.0,0.0,0.0,0.0,204,0
2023-12-12,0.013817441838084976,0.006614798942875818,0.007202642895209158,1.4397845776600031,1.2139552787904984,1.1666432331222314,2879569.1553200004,21831.155320000442,2857738.0,0.007581396432055612,0,28,0.0,0.0,0.0,0.0,0.0,204,0
2023-12-13,0.0031476931134835073,0.0013180164196178925,0.0018296766938656148,1.4443165776600033,1.215555291780626,1.1687778130559312,2888633.1553200004,21831.155320000442,2866802.0,0.007557607403277902,0,28,0.0,0.0,0.0,0.0,0.0,204,0
2023-12-14,0.006552926239574042,0.008097990503385355,-0.0015450642638113136,1.4537810776600033,1.2253988469898054,1.1669719762246429,2907562.1553200004,21831.155320000442,2885731.0,0.007508405376667777,0,28,0.0,0.0,0.0,0.0,0.0,204,0
2023-12-15,-0.0003105694570786355,-0.006451381703634627,0.006140812246555992,1.4533295776600033,1.2174933312886804,1.174138132027631,2906659.1553200004,21831.155320000442,2884828.0,0.007510737982485257,0,28,0.0,0.0,0.0,0.0,0.0,204,0
2023-12-18,-0.008357361046457346,-0.009775744822117825,0.001418383775660479,1.4411835776600033,1.2055914271593722,1.1758035105044833,2882367.1553200004,21831.155320000442,2860536.0,0.007574036943803832,0,28,0.0,0.0,0.0,0.0,0.0,204,0
2023-12-19,-0.011513106489140501,-0.00879554037821792,-0.0027175661109225813,1.4245910776600033,1.1949875990821586,1.1726081867312326,2849182.1553200004,21831.155320000442,2827351.0,0.007662253281783775,0,28,0.0,0.0,0.0,0.0,0.0,204,0
2023-12-20,-0.006199673814121565,-0.0029811819694284987,-0.003218491844693066,1.4157590776600033,1.1914251235980842,1.1688341568452179,2831518.1553200004,21831.155320000442,2809687.0,0.007710053096068961,0,28,0.0,0.0,0.0,0.0,0.0,204,0
2023-12-21,-8.158167715288656e-05,0.0012663276445946641,-0.0013479093217475507,1.4156435776600034,1.192933858168561,1.1672586743896292,2831287.1553200004,21831.155320000442,2809456.0,0.007710682146450462,0,28,0.0,0.0,0.0,0.0,0.0,204,0
2023-12-22,-0.006366362368483536,-0.0072251340049925596,0.0008587716365090238,1.4066310776600033,1.1843147511842003,1.168261083031664,2813262.1553200004,21831.155320000442,2791431.0,0.007760085663796665,0,28,0.0,0.0,0.0,0.0,0.0,204,0
2023-12-25,-0.0061437573342801866,-0.0056691134366504935,-0.0004746438976296931,1.3979890776600032,1.1776007365150385,1.1677065750377646,2795978.1553200004,21831.155320000442,2774147.0,0.007808056467988342,0,28,0.0,0.0,0.0,0.0,0.0,204,0
2023-12-26,-0.0019631769974868263,-0.002490600488055274,0.0005274234905684478,1.3952445776600033,1.17466780354594,1.168322450915531,2790489.1553200004,21831.155320000442,2768658.0,0.00782341521678372,0,28,0.0,0.0,0.0,0.0,0.0,204,0
2023-12-27,0.00578070693062771,0.004342414601875637,0.0014382923287520732,1.4033100776600032,1.179768698168411,1.1700028401341918,2806620.1553200004,21831.155320000442,2784789.0,0.007778450275367361,0,28,0.0,0.0,0.0,0.0,0.0,204,0
2023-12-28,-0.0009228181430573912,0.005224633565002154,-0.006147451708059545,1.4020150776600033,1.1859325573078006,1.1628103041761744,2804030.1553200004,21831.155320000442,2782199.0,0.007785635000601139,0,28,0.0,0.0,0.0,0.0,0.0,204,0
2023-12-29,0.00484837867175103,0.004185775167168527,0.0006626035045825028,1.4088125776600036,1.1908966043561162,1.163580786358886,2817625.1553200004,21831.155320000442,2795794.0,0.007748069426048639,0,28,0.0,0.0,0.0,0.0,0.0,204,0
2024-01-02,0.011151500809351678,0.01344287310943117,-0.0022913723000794924,1.4245229522600038,1.206905676294928,1.1609145895761186,2849045.904520001,22620.90452000071,2826425.0,0.007939817496135365,28,28,1137104.0,1138637.0,743.2508,0.0,0.0,204,1
2024-01-03,0.00980328184803514,0.00954023479663361,0.0002630470514015295,1.4384879522600038,1.2184198398241715,1.1612199647358357,2876975.904520001,22620.90452000071,2854355.0,0.007862736870496946,0,28,0.0,0.0,0.0,0.0,0.0,204,0
2024-01-04,0.0033587351165571544,0.00019063742136175217,0.003168097695195402,1.443319452260004,1.2186521162405717,1.1648988230297301,2886638.904520001,22620.90452000071,2864018.0,0.00783641642346748,0,28,0.0,0.0,0.0,0.0,0.0,204,0
2024-01-05,-2.6328197780811635e-05,-0.003337963601239066,0.0033116354034582545,1.443281452260004,1.2145842998339877,1.1687565432135223,2886562.904520001,22620.90452000071,2863942.0,0.007836622747621112,0,28,0.0,0.0,0.0,0.0,0.0,204,0
2024-01-08,-0.009324238165000498,-0.01565198035149417,0.006327742186493672,1.4298239522600038,1.1955736502377527,1.176152133297755,2859647.904520001,22620.90452000071,2837027.0,0.007910381024267282,0,28,0.0,0.0,0.0,0.0,0.0,204,0
2024-01-09,0.007438328322300958,0.005636405341429655,0.0018019229808713027,1.4404594522600036,1.2023123879460254,1.178271468855745,2880918.904520001,22620.90452000071,2858298.0,0.007851975452870185,0,28,0.0,0.0,0.0,0.0,0.0,204,0
2024-01-10,-0.003473544494535963,-0.006304936114179757,0.0028313916196437946,1.4354559522600037,1.194731885150739,1.1816076168183285,2870911.904520001,22620.90452000071,2848291.0,0.007879344707298773,0,28,0.0,0.0,0.0,0.0,0.0,204,0
2024-01-11,-0.002898730534677041,0.002460501376340246,-0.005359231911017287,1.4312949522600036,1.1976715245985101,1.1752751075719747,2862589.904520001,22620.90452000071,2839969.0,0.00790225120415695,0,28,0.0,0.0,0.0,0.0,0.0,204,0
2024-01-12,0.008846883711848497,0.008507827995519225,0.0003390557163292715,1.4439574522600036,1.2078611079249255,1.1756735913154563,2887914.904520001,22620.90452000071,2865294.0,0.007832953971253014,0,28,0.0,0.0,0.0,0.0,0.0,204,0
2024-01-15,0.004170136724302775,0.0004616407421619638,0.0037084959821408114,1.4499789522600037,1.2084187058232165,1.1800335721051587,2899957.904520001,22620.90452000071,2877337.0,0.007800425131945116,0,28,0.0,0.0,0.0,0.0,0.0,204,0
2024-01-16,0.0019303728482660265,-0.0036580713936554795,0.005588444241921506,1.4527779522600037,1.2039982239238864,1.1866281239264638,2905555.904520001,22620.90452000071,2882935.0,0.00778539641409436,0,28,0.0,0.0,0.0,0.0,0.0,204,0
2024-01-17,-0.009574759844311442,-0.014127711363875814,0.004552951519564372,1.4388679522600036,1.1869884845336707,1.1920307842464526,2877735.904520001,22620.90452000071,2855115.0,0.007860660349155222,0,28,0.0,0.0,0.0,0.0,0.0,204,0
2024-01-18,-0.014201094664667124,-0.013610930869322913,-0.0005901637953442118,1.4184344522600036,1.1708324663280005,1.1913272908346546,2836868.904520001,22620.90452000071,2814248.0,0.007973898435686853,0,28,0.0,0.0,0.0,0.0,0.0,204,0
2024-01-19,-0.006736299999464901,-0.007149487210307687,0.0004131872108427857,1.4088794522600037,1.1624616145845754,1.1918195320351554,2817758.904520001,22620.90452000071,2795138.0,0.008027977299162908,0,28,0.0,0.0,0.0,0.0,0.0,204,0
2024-01-22,-0.03611522612412266,-0.04149111547439194,0.005375889350269281,1.3579974522600036,1.1142297854992986,1.1982266219648663,2715994.904520001,22620.90452000071,2693374.0,0.00832877281262739,0,28,0.0,0.0,0.0,0.0,0.0,204,0
2024-01-23,0.008150604392946015,0.005669787780293567,0.002480816612652448,1.3690659522600035,1.1205472319215617,1.2011992024743592,2738131.904520001,22620.90452000071,2715511.0,0.008261437107050617,0,28,0.0,0.0,0.0,0.0,0.0,204,0
2024-01-24,0.026343873310458843,0.022633223330674006,0.0037106499797848365,1.4051324522600037,1.145908827674211,1.2056564322707382,2810264.904520001,22620.90452000071,2787644.0,0.008049385125088201,0,28,0.0,0.0,0.0,0.0,0.0,204,0
2024-01-25,0.02166272649318013,0.031523893520963416,-0.009861167027783287,1.4355714522600036,1.1820323355425448,1.193767252813995,2871142.904520001,22620.90452000071,2848522.0,0.007878710768589377,0,28,0.0,0.0,0.0,0.0,0.0,204,0
2024-01-26,0.0170705540023246,0.014483645684012399,0.002586908318312202,1.4600774522600035,1.1991524730775889,1.1968554192504282,2920154.904520001,22620.90452000071,2897534.0,0.007746474163061227,0,28,0.0,0.0,0.0,0.0,0.0,204,0
2024-01-29,0.0001691691078562485,-0.0071421384508137545,0.007311307558670003,1.4603244522600034,1.190587960091233,1.205605997323829,2920648.904520001,22620.90452000071,2898028.0,0.007745163920590579,0,28,0.0,0.0,0.0,0.0,0.0,204,0
2024-01-30,-0.014026677406037913,-0.013205303039246732,-0.0008213743667911805,1.4398409522600033,1.1748658852833498,1.2046157434611773,2879681.904520001,22620.90452000071,2857061.0,0.007855348357919161,0,28,0.0,0.0,0.0,0.0,0.0,204,0
2024-01-31,-0.009991381324040982,-0.019477328672349845,0.009485947348308862,1.4254549522600033,1.1519826362897547,1.216042664978594,2850909.904520001,22620.90452000071,2828289.0,0.007934626234289689,0,28,0.0,0.0,0.0,0.0,0.0,204,0
2024-02-01,-0.010985966252508916,-0.018101662062681264,0.007115695810172348,1.4097949522600033,1.1311298359055608,1.224695654674773,2819589.904520001,22620.90452000071,2796969.0,0.008022764049388108,0,28,0.0,0.0,0.0,0.0,0.0,204,0
2024-02-02,-0.009388244708056659,-0.024009118419625244,0.014620873711568585,1.3965594522600033,1.1039724057273328,1.2426017751768794,2793118.904520001,22620.90452000071,2770498.0,0.008098797542558657,0,28,0.0,0.0,0.0,0.0,0.0,204,0
2024-02-05,-0.01734691635275243,-0.04300693953938315,0.025660023186630722,1.3723334522600033,1.05649393122107,1.2744869655396664,2744666.904520001,22620.90452000071,2722046.0,0.008241766781516517,0,28,0.0,0.0,0.0,0.0,0.0,204,0
2024-02-06,0.021725404966919992,0.019685652124658642,0.00203975284226135,1.402147952260003,1.077291703222901,1.277086603950051,2804295.904520001,22620.90452000071,2781675.0,0.008066518402548047,0,28,0.0,0.0,0.0,0.0,0.0,204,0
2024-02-07,0.004125099630661211,-0.00434764920290516,0.008472748833566371,1.4079319522600031,1.0726080168080876,1.287907037984032,2815863.904520001,22620.90452000071,2793243.0,0.008033379910048148,0,28,0.0,0.0,0.0,0.0,0.0,204,0
2024-02-08,0.00905476999760979,0.026249257009073403,-0.017194487011463613,1.4206804522600032,1.1007631803112756,1.265762137147443,2841360.904520001,22620.90452000071,2818740.0,0.007961292239931809,0,28,0.0,0.0,0.0,0.0,0.0,204,0
2024-02-19,0.019974231330387004,0.02382224250638045,-0.003848011175993444,1.4490574522600033,1.1269858277347455,1.2608914702975502,2898114.904520001,22620.90452000071,2875494.0,0.007805385661113836,0,28,0.0,0.0,0.0,0.0,0.0,204,0
2024-02-20,0.006159866184793916,0.006055682267866004,0.00010418391692791195,1.4579834522600033,1.133810495827895,1.261022834909747,2915966.904520001,22620.90452000071,2893346.0,0.007757599883913755,0,28,0.0,0.0,0.0,0.0,0.0,204,0
2024-02-21,0.005064872299169965,0.010572862020105576,-0.005507989720935611,1.4653679522600032,1.1457981177572307,1.254077134097199,2930735.904520001,22620.90452000071,2908115.0,0.007718506633474908,0,28,0.0,0.0,0.0,0.0,0.0,204,0
2024-02-22,0.007203651467687422,0.010017476689274525,-0.0028138252215871035,1.475923952260003,1.1572761236924782,1.2505483802274606,2951847.904520001,22620.90452000071,2929227.0,0.007663302870504464,0,28,0.0,0.0,0.0,0.0,0.0,204,0
2024-02-23,0.005081562629643432,0.011286562932500382,-0.00620500030285695,1.483423952260003,1.1703377934928134,1.242788727149412,2966847.904520001,22620.90452000071,2944227.0,0.007624558200485337,0,28,0.0,0.0,0.0,0.0,0.0,204,0
2024-02-26,-0.0198968743595066,-0.009854389640358582,-0.010042484719148018,1.453908452260003,1.1588048288648978,1.2303080403478845,2907816.904520001,22620.90452000071,2885196.0,0.007779342806914037,0,28,0.0,0.0,0.0,0.0,0.0,204,0
2024-02-27,0.005132028765911345,0.010506637879474374,-0.0053746091135630294,1.461369952260003,1.1709799715747677,1.2236956155417409,2922739.904520001,22620.90452000071,2900119.0,0.007739622839862558,0,28,0.0,0.0,0.0,0.0,0.0,204,0
2024-02-28,-0.008382203275122957,-0.02299679445523378,0.014614591180110822,1.449120452260003,1.1440511858572673,1.2415794266917775,2898240.904520001,22620.90452000071,2875620.0,0.0078050463247281805,0,28,0.0,0.0,0.0,0.0,0.0,204,0
2024-02-29,0.009507146199278171,0.019190611849472895,-0.009683465650194723,1.462897452260003,1.1660062281009833,1.229556634961419,2925794.904520001,22620.90452000071,2903174.0,0.007731541430007324,0,28,0.0,0.0,0.0,0.0,0.0,204,0
2024-03-01,-0.0018302718320163391,-0.000627971269892192,-0.001202300562124147,1.460219952260003,1.1652740096892205,1.2280783383280416,2920439.904520001,22620.90452000071,2897819.0,0.007745718199847242,0,28,0.0,0.0,0.0,0.0,0.0,204,0
2024-03-04,0.003374149211133881,-8.215611565126079e-05,0.0034563053267851417,1.4651469522600031,1.1651782753029152,1.2323229520305141,2930293.904520001,22620.90452000071,2907673.0,0.007719670878442531,0,28,0.0,0.0,0.0,0.0,0.0,204,0
2024-03-05,0.004663013487801848,-0.0012989651155785713,0.005961978603380419,1.4719789522600033,1.1636647493698666,1.2396700351029746,2943957.904520001,22620.90452000071,2921337.0,0.007683841024108987,0,28,0.0,0.0,0.0,0.0,0.0,204,0
2024-03-06,0.001529913180173148,0.008350009585510331,-0.006820096405337183,1.4742309522600034,1.1733813611814254,1.2312153659527645,2948461.904520001,22620.90452000071,2925841.0,0.007672103372040451,0,28,0.0,0.0,0.0,0.0,0.0,204,0
2024-03-07,0.0026318807063792082,0.0035230496305500274,-0.0008911689241708192,1.4781109522600036,1.17751524195243,1.2301181450796657,2956221.904520001,22620.90452000071,2933601.0,0.007651964314794442,0,28,0.0,0.0,0.0,0.0,0.0,204,0
2024-03-08,0.009644742824077568,0.0057159458636516815,0.003928796960425886,1.4923669522600036,1.184245855329055,1.2349510295090194,2984733.904520001,22620.90452000071,2962113.0,0.0075788680812531465,0,28,0.0,0.0,0.0,0.0,0.0,204,0
2024-03-11,-0.0019428867649535775,0.010149370446485008,-0.012092257211438586,1.4894674522600035,1.196265205214504,1.2200176840166654,2978934.904520001,22620.90452000071,2956314.0,0.007593621628212665,0,28,0.0,0.0,0.0,0.0,0.0,204,0
2024-03-12,-0.015290028637715114,-0.010225694557864462,-0.005064334079850652,1.4666934522600035,1.1840325626157793,1.2138391068814793,2933386.904520001,22620.90452000071,2910766.0,0.007711531160497302,0,28,0.0,0.0,0.0,0.0,0.0,204,0
2024-03-13,-0.0008635069571275578,-0.0010731596247147968,0.00020965266758723902,1.4654269522600034,1.1827619066752324,1.2140935914882587,2930853.904520001,22620.90452000071,2908233.0,0.0077181958763329886,0,28,0.0,0.0,0.0,0.0,0.0,204,0
2024-03-14,0.006271892287654124,0.0018660489443676916,0.004405843343286432,1.4746179522600034,1.184968998282622,1.219442697656444,2949235.904520001,22620.90452000071,2926615.0,0.00767008989865202,0,28,0.0,0.0,0.0,0.0,0.0,204,0
2024-03-15,0.008477110956666145,0.010698853296786322,-0.0022217423401201773,1.4871184522600032,1.1976468077564875,1.2167334101837104,2974236.904520001,22620.90452000071,2951616.0,0.007605616245842192,0,28,0.0,0.0,0.0,0.0,0.0,204,0
2024-03-18,0.0076022861412410325,0.008307838628896362,-0.0007055524876553292,1.4984239522600031,1.2075966641697413,1.215874940899342,2996847.904520001,22620.90452000071,2974227.0,0.007548232423101184,0,28,0.0,0.0,0.0,0.0,0.0,204,0
2024-03-19,-0.005927561413179294,-0.0066021744486153885,0.0006746130354360943,1.489541952260003,1.1996239003293265,1.2166951859839326,2979083.904520001,22620.90452000071,2956463.0,0.007593241830375858,0,28,0.0,0.0,0.0,0.0,0.0,204,0
2024-03-20,0.009572741458114375,0.00628998643076548,0.0032827550273488958,1.503800952260003,1.20716951838442,1.2206892982224724,3007601.904520001,22620.90452000071,2984981.0,0.0075212429164926,0,28,0.0,0.0,0.0,0.0,0.0,204,0
2024-03-21,0.0005220105751497783,0.0018690844373494924,-0.001347073862199714,1.5045859522600031,1.209425820144475,1.21904493957497,3009171.904520001,22620.90452000071,2986551.0,0.007517318796584011,0,28,0.0,0.0,0.0,0.0,0.0,204,0
2024-03-22,-0.007669884184859033,-0.008307923112337872,0.000638038927478839,1.493045952260003,1.1993780034206385,1.219822737700765,2986091.904520001,22620.90452000071,2963471.0,0.00757542140138413,0,28,0.0,0.0,0.0,0.0,0.0,204,0
2024-03-25,0.0012571615744034759,-0.004077044972585122,0.005334206546988598,1.494922952260003,1.1944880853615631,1.2263295241343741,2989845.904520001,22620.90452000071,2967225.0,0.007565909830270112,0,28,0.0,0.0,0.0,0.0,0.0,204,0
2024-03-26,0.007788695720001959,0.006893115867419423,0.0008955798525825363,1.506566452260003,1.2027218301362124,1.227427800148816,3013132.904520001,22620.90452000071,2990512.0,0.0075074366902525575,0,28,0.0,0.0,0.0,0.0,0.0,204,0
2024-03-27,-0.007486559907848966,-0.01185582335528501,0.004369263447436043,1.495287452260003,1.1884625725725724,1.2327907555703728,2990574.904520001,22620.90452000071,2967954.0,0.0075640655199142905,0,28,0.0,0.0,0.0,0.0,0.0,204,0
2024-03-28,0.00021266813917231175,0.005527129370860858,-0.005314461231688546,1.4956054522600029,1.195031358963607,1.22623913689311,2991210.904520001,22620.90452000071,2968590.0,0.007562457226208422,0,28,0.0,0.0,0.0,0.0,0.0,204,0
2024-03-29,0.014137752686076865,0.012379991237524356,0.0017577614485525094,1.516749952260003,1.2098258367161434,1.228394572774647,3033499.904520001,22620.90452000071,3010879.0,0.007457031558265395,0,28,0.0,0.0,0.0,0.0,0.0,204,0
2024-04-01,-0.001069243218094984,0.00830090264142419,-0.009370145859519174,1.5151281776600032,1.2198684831998037,1.2168843364547068,3030256.355320001,23704.355320000817,3006552.0,0.007822557744457758,28,28,1140207.0,1142023.0,732.5491999999999,0.0,0.0,204,1
2024-04-02,0.007730039063815974,0.008853220926706932,-0.0011231818628909575,1.5268401776600034,1.2306682483830984,1.2155175540387648,3053680.355320001,23704.355320000817,3029976.0,0.00776255290724978,0,28,0.0,0.0,0.0,0.0,0.0,204,0
2024-04-03,0.0029256500224181803,0.0017407165611881418,0.0011849334612300385,1.5313071776600033,1.2328104929843875,1.2169578614612577,3062614.355320001,23704.355320000817,3038910.0,0.007739908643353837,0,28,0.0,0.0,0.0,0.0,0.0,204,0
2024-04-08,0.006666853097103909,0.0086887409365141,-0.0020218878394101907,1.5415161776600035,1.2435220639817453,1.2144973091600946,3083032.355320001,23704.355320000817,3059328.0,0.007688649546313452,0,28,0.0,0.0,0.0,0.0,0.0,204,0
2024-04-09,-0.0014128946757511196,-0.001280304933340945,-0.00013258974241017458,1.5393381776600035,1.241929976548511,1.2143362792747152,3078676.355320001,23704.355320000817,3054972.0,0.007699528168668759,0,28,0.0,0.0,0.0,0.0,0.0,204,0
2024-04-10,0.001673446444312665,0.00104671558587779,0.0006267308584348751,1.5419141776600034,1.2432299240115332,1.2150973412934536,3083828.355320001,23704.355320000817,3060124.0,0.00768666494654534,0,28,0.0,0.0,0.0,0.0,0.0,204,0
2024-04-11,0.008676552945575233,0.008999363571502576,-0.0003228106259273427,1.5552926776600036,1.2544182021006847,1.2147050949601481,3110585.355320001,23704.355320000817,3086881.0,0.007620544885373266,0,28,0.0,0.0,0.0,0.0,0.0,204,0
2024-04-12,-0.0047556965362482995,-0.010193924271820823,0.005438227735572523,1.5478961776600035,1.2416307579432766,1.2213109378981015,3095792.355320001,23704.355320000817,3072088.0,0.007656959059048578,0,28,0.0,0.0,0.0,0.0,0.0,204,0
2024-04-15,0.015378938422075938,-0.004036415746924573,0.01941535416900051,1.5717011776600034,1.2366190200000484,1.2450231223078674,3143402.355320001,23704.355320000817,3119698.0,0.007540986689114984,0,28,0.0,0.0,0.0,0.0,0.0,204,0
2024-04-16,-0.013885909300197286,-0.036704897132500275,0.02281898783230299,1.5498766776600033,1.1912290460788533,1.2734332897867466,3099753.355320001,23704.355320000817,3076049.0,0.007647174662886594,0,28,0.0,0.0,0.0,0.0,0.0,204,0
2024-04-17,0.01784464557641874,0.032445079005777824,-0.014600433429359086,1.5775336776600033,1.2298785665928589,1.2548406118124855,3155067.355320001,23704.355320000817,3131363.0,0.007513105950030222,0,28,0.0,0.0,0.0,0.0,0.0,204,0
2024-04-18,-0.0077133060119826125,-0.009599882432929223,0.00188657642094661,1.5653656776600033,1.218071876946788,1.2572079645227772,3130731.355320001,23704.355320000817,3107027.0,0.007571507302828903,0,28,0.0,0.0,0.0,0.0,0.0,204,0
2024-04-19,0.0018573934777632584,0.00369444966824046,-0.0018370561904772018,1.5682731776600034,1.222571982188467,1.2548984028488332,3136546.355320001,23704.355320000817,3112842.0,0.007557470107143504,0,28,0.0,0.0,0.0,0.0,0.0,204,0
2024-04-22,-0.007930378569986796,-0.010407294740486432,0.002476916170499636,1.5558361776600034,1.209848315228371,1.2580066809951838,3111672.355320001,23704.355320000817,3087968.0,0.00761788280166248,0,28,0.0,0.0,0.0,0.0,0.0,204,0
2024-04-23,-0.009963131223310273,-0.004977666898024993,-0.00498546432528528,1.5403351776600034,1.2038260933180274,1.2517349335661119,3080670.355320001,23704.355320000817,3056966.0,0.0076945445588054665,0,28,0.0,0.0,0.0,0.0,0.0,204,0
2024-04-24,0.007399688175216079,0.010228933097114527,-0.002829244921898448,1.5517331776600034,1.2161399498871384,1.248193468861757,3103466.355320001,23704.355320000817,3079762.0,0.0076380255514504015,0,28,0.0,0.0,0.0,0.0,0.0,204,0
2024-04-25,0.008693182690301171,0.006769135383498434,0.0019240473068027368,1.5652226776600033,1.2243721658532054,1.2505950521438893,3130445.355320001,23704.355320000817,3106741.0,0.0075721990418126,0,28,0.0,0.0,0.0,0.0,0.0,204,0
2024-04-26,-0.008229180540149317,-0.002566000379789837,-0.0056631801603594795,1.5523421776600033,1.221230426410622,1.2435127070559444,3104684.355320001,23704.355320000817,3080980.0,0.007635029074495916,0,28,0.0,0.0,0.0,0.0,0.0,204,0
2024-04-29,-0.002598009677273194,0.012034616496649785,-0.01463262617392298,1.5483091776600033,1.2359274662465138,1.2253168504710716,3096618.355320001,23704.355320000817,3072914.0,0.007654916621958483,0,28,0.0,0.0,0.0,0.0,0.0,204,0
2024-04-30,0.008841903282321262,0.003225033716748283,0.005616869565572979,1.5619991776600035,1.2399133739966142,1.2321992953966663,3123998.355320001,23704.355320000817,3100294.0,0.0075878258001108026,0,28,0.0,0.0,0.0,0.0,0.0,204,0
2024-05-06,0.013251607488685702,0.02079645220230684,-0.00754484471362114,1.5826981776600038,1.2656991732139355,1.2229025430566651,3165396.355320001,23704.355320000817,3141692.0,0.007488589945509197,0,28,0.0,0.0,0.0,0.0,0.0,204,0
2024-05-07,-0.005060345751987438,-0.004582379718236264,-0.0004779660337511744,1.5746891776600036,1.2598992589932116,1.222318037178496,3149378.355320001,23704.355320000817,3125674.0,0.007526677536206117,0,28,0.0,0.0,0.0,0.0,0.0,204,0
2024-05-08,-0.003095214007403535,-0.0004215219685808808,-0.0026736920388226544,1.5698151776600036,1.2593681837773472,1.2190499351735826,3139630.355320001,23704.355320000817,3115926.0,0.007550046546031943,0,28,0.0,0.0,0.0,0.0,0.0,204,0
2024-05-09,0.008568524620873097,0.009991446166001608,-0.0014229215451285106,1.5832661776600037,1.2719510931887337,1.2173153227562368,3166532.355320001,23704.355320000817,3142828.0,0.007485903398452823,0,28,0.0,0.0,0.0,0.0,0.0,204,0
2024-05-10,0.00524592776451227,0.011457735611083944,-0.006211807846571674,1.5915718776600034,1.2865247725247193,1.2097535938825876,3183143.755320001,28066.75532000082,3155077.0,0.008817306875661126,0,28,0.0,0.0,0.0,4362.4,0.0,204,0
2024-05-13,0.012451841024696542,0.015883041721664486,-0.003431200696967944,1.6113898776600035,1.3069586991626843,1.2056026865080982,3222779.755320001,28066.75532000082,3194713.0,0.008708865467356138,0,28,0.0,0.0,0.0,0.0,0.0,204,0
2024-05-14,-0.002797895197496847,-0.0035906724106299763,0.0007927772131331294,1.6068813776600035,1.302265838619768,1.2065584608460538,3213762.755320001,33178.75532000082,3180584.0,0.010323959123951308,0,28,0.0,0.0,0.0,5112.0,0.0,204,0
2024-05-15,-0.005389943601569636,-0.014302213762697242,0.008912270161127606,1.5982203776600035,1.28364055421997,1.217311635814308,3196440.755320001,35930.75532000082,3160510.0,0.011240863845262707,0,28,0.0,0.0,0.0,2752.0,0.0,204,0
2024-05-16,-0.0030834295876112083,-0.002893347491471666,-0.00019008209613954235,1.5932923776600034,1.2799265360424665,1.2170802466669173,3186584.755320001,35930.75532000082,3150654.0,0.011275631460928333,0,28,0.0,0.0,0.0,0.0,0.0,204,0
2024-05-17,0.00790501490912665,0.009288795044888463,-0.0013837801357618126,1.6058873776600036,1.2918155113082792,1.2153960751979516,3211774.755320001,35930.75532000082,3175844.0,0.01118719650575898,0,28,0.0,0.0,0.0,0.0,0.0,204,0
2024-05-20,0.007375984246952516,0.01003044067185311,-0.0026544564249005934,1.6177323776600037,1.3047729901534366,1.2121698592773433,3235464.755320001,35930.75532000082,3199534.0,0.011105284105141524,0,28,0.0,0.0,0.0,0.0,0.0,204,0
2024-05-21,0.0029337361763537295,-0.0038455970978729217,0.006779333274226651,1.6224783776600036,1.2997553589291195,1.220387562738357,3244956.755320001,35930.75532000082,3209026.0,0.011072799432871799,0,28,0.0,0.0,0.0,0.0,0.0,204,0
2024-05-22,0.0011285204322049047,0.0003721978418058068,0.0007563225903990979,1.6243093776600035,1.3002391250685885,1.221310569421098,3248618.755320001,35930.75532000082,3212688.0,0.011060317638430154,0,28,0.0,0.0,0.0,0.0,0.0,204,0
2024-05-23,-0.01032223308601099,-0.01716220575578876,0.006839972669777771,1.6075428776600036,1.2779241536724346,1.2296643003372492,3215085.755320001,35930.75532000082,3179155.0,0.011175675566521426,0,28,0.0,0.0,0.0,0.0,0.0,204,0
2024-05-24,0.00625364345779289,0.013186199885313483,-0.006932556427520593,1.6175958776600037,1.2947751170010295,1.2211395831882537,3235191.755320001,35930.75532000082,3199261.0,0.011106221218855331,0,28,0.0,0.0,0.0,0.0,0.0,204,0
2024-05-27,0.015898284828224307,0.01296261672101423,0.0029356681072100765,1.643312877660004,1.3115587905826203,1.2247244437170712,3286625.755320001,35930.75532000082,3250695.0,0.010932414578033523,0,28,0.0,0.0,0.0,0.0,0.0,204,0
2024-05-28,-0.006307648495251783,0.005939717549062493,-0.012247366044314277,1.632947437660004,1.319349079347671,1.209724795151449,3265894.875320001,39339.87532000082,3226555.0,0.012045664916310631,0,28,0.0,0.0,0.0,3409.12,0.0,204,0
2024-05-29,0.002525494639257664,-0.0036567824798190685,0.006182277119076733,1.6370714376600037,1.314524506749547,1.2172036490728935,3274142.875320001,39339.87532000082,3234803.0,0.012015320289330961,0,28,0.0,0.0,0.0,0.0,0.0,204,0
2024-05-30,-0.013783149275545692,-0.01980447579965243,0.006021326524106738,1.6145074376600037,1.2884910379675756,1.2245328296902955,3229014.875320001,39339.87532000082,3189675.0,0.012183243756689777,0,28,0.0,0.0,0.0,0.0,0.0,204,0
2024-05-31,-0.001817272520126867,-0.00368184922890232,0.001864576708775453,1.6115734376600037,1.2837470082329872,1.226816065083667,3223146.875320001,39339.87532000082,3183807.0,0.012205424338937416,0,28,0.0,0.0,0.0,0.0,0.0,204,0
2024-06-03,-0.009981239218832094,-0.017838287477727064,0.00785704825889497,1.5954879376600035,1.260847160051455,1.236455218111817,3190975.875320001,39339.87532000082,3151636.0,0.01232847782531596,0,28,0.0,0.0,0.0,0.0,0.0,204,0
2024-06-04,0.014552601402961995,0.01059006115475729,0.0039625402482047056,1.6187064376600033,1.2741996085832021,1.2413547216786875,3237412.875320001,39339.87532000082,3198073.0,0.01215163985412651,0,28,0.0,0.0,0.0,0.0,0.0,204,0
2024-06-05,-0.005602930703797582,-0.016808336333861407,0.011205405630063826,1.6096369376600033,1.2527824330056612,1.2552646048658922,3219273.875320001,39339.87532000082,3179934.0,0.012220108273978514,0,28,0.0,0.0,0.0,0.0,0.0,204,0
2024-06-06,-0.0032119044233142047,-0.0135421424823349,0.010330238059020695,1.6044669376600031,1.2358170747985324,1.2682317870612194,3208933.875320001,39339.87532000082,3169594.0,0.012259484566685803,0,28,0.0,0.0,0.0,0.0,0.0,204,0
2024-06-07,0.02082068456251296,0.02072805061042526,9.263395208769856e-05,1.6378730376600033,1.2614331536701842,1.2683492683838182,3275746.0753200008,46475.07532000082,3229271.0,0.014187630619525589,0,28,0.0,0.0,0.0,7135.2,0.0,204,0
2024-06-11,-0.01903566349962227,-0.011743391005102539,-0.00729227249451973,1.6066950376600033,1.2466196509198355,1.2591001199005387,3213390.0753200008,46475.07532000082,3166915.0,0.014462942322796794,0,28,0.0,0.0,0.0,0.0,0.0,204,0
2024-06-12,0.004984144353655795,0.007667606858356261,-0.0026834625047004656,1.6147030376600031,1.2561782403049901,1.2557213719391218,3229406.0753200008,46475.07532000082,3182931.0,0.0143912144326401,0,28,0.0,0.0,0.0,0.0,0.0,204,0
2024-06-13,-0.010310874267089654,-0.007061891439371219,-0.0032489828277184347,1.5980540376600032,1.247307245943456,1.2516415547652926,3196108.0753200008,49955.07532000082,3146153.0,0.01562997062137807,0,28,0.0,0.0,0.0,3480.0,0.0,204,0
2024-06-14,-0.0014474479244687144,0.0002677741431463449,-0.0017152220676150594,1.5957409376600034,1.2476412425724785,1.2494947115498152,3191481.875320001,57091.87532000082,3134390.0,0.01788882956268595,0,28,0.0,0.0,0.0,7136.8,0.0,204,0
2024-06-17,-0.006640175576079432,-0.012142730726841976,0.005502555150762544,1.5851449376600033,1.2324914709202184,1.2563701251107042,3170289.875320001,57091.87532000082,3113198.0,0.01800840855735254,0,28,0.0,0.0,0.0,0.0,0.0,204,0
2024-06-18,0.009183135027064804,0.005419672846595574,0.0037634621804692294,1.5997015376600034,1.2391711714788254,1.2610984265612297,3199403.0753200008,58783.07532000082,3140620.0,0.018373138343664747,0,28,0.0,0.0,0.0,1691.2,0.0,204,0
2024-06-19,0.0012539839168588252,-0.005007841090949817,0.006261825007808642,1.6017075376600034,1.2329655991675732,1.268995204225979,3203415.0753200008,58783.07532000082,3144632.0,0.018350127578808613,0,28,0.0,0.0,0.0,0.0,0.0,204,0
2024-06-20,-0.0023135184875346937,-0.011833133054039624,0.00951961456650493,1.5980019576600033,1.2183757531815695,1.2810755494569532,3196003.9153200006,60814.915320000815,3135189.0,0.019028423284616566,0,28,0.0,0.0,0.0,2031.8400000000001,0.0,204,0
2024-06-21,0.0012299734619087843,0.0019317764589253303,-0.000701802997016546,1.5999674576600034,1.220729382779691,1.2801764867969398,3199934.9153200006,60814.915320000815,3139120.0,0.0190050475804503,0,28,0.0,0.0,0.0,0.0,0.0,204,0
2024-06-24,-0.01047927563759421,-0.014682342541880866,0.004203066904286656,1.5832009576600032,1.2028062158307808,1.2855571542202422,3166401.9153200006,60814.915320000815,3105587.0,0.019206315858312253,0,28,0.0,0.0,0.0,0.0,0.0,204,0
2024-06-25,0.004603016417303651,0.0008736059121927822,0.003729410505110869,1.5904884576600031,1.2038569944521529,1.2903515245761117,3180976.9153200006,65014.915320000815,3115962.0,0.020438663043067205,0,28,0.0,0.0,0.0,4200.0,0.0,204,0
2024-06-26,0.004388903274576528,0.009735767542651309,-0.005346864268074781,1.5974689576600032,1.2155774663047338,1.2834521901161,3194937.9153200006,65014.915320000815,3129923.0,0.020349351706726047,0,28,0.0,0.0,0.0,0.0,0.0,204,0
2024-06-27,-0.0002247305015089518,-0.009299948095907964,0.009075217594399013,1.5971099576600032,1.2042726589615445,1.2950997980134118,3194219.9153200006,73974.91532000081,3120245.0,0.02315899258069397,0,28,0.0,0.0,0.0,8960.0,0.0,204,0
2024-06-28,0.016182089327065663,0.01497136399153879,0.001210725335526873,1.6229545336600035,1.222302263283916,1.2966678081509024,3245909.067320001,81240.06732000082,3164669.0,0.025028448312964306,0,28,0.0,0.0,0.0,7265.152,0.0,204,0
2024-07-01,0.01641791725977093,0.019258591663780328,-0.0028406744040093967,1.6496000669100035,1.2458420834622155,1.2929843970977852,3299200.133820001,22945.133820000803,3276255.0,0.006954756574113504,28,28,1344976.0,1287524.0,842.9334999999999,0.0,0.0,204,1
2024-07-02,0.012368755560382194,0.007891169651127936,0.004477585909254258,1.6700035669100035,1.2556732347013304,1.298773845815116,3340007.133820001,22945.133820000803,3317062.0,0.006869785871911661,0,28,0.0,0.0,0.0,0.0,0.0,204,0
2024-07-03,-0.0020751452683495097,-0.006987135359375914,0.004911990091026404,1.6665380669100034,1.2468996758433268,1.305153410076244,3333076.133820001,22945.133820000803,3310131.0,0.006884071319938211,0,28,0.0,0.0,0.0,0.0,0.0,204,0
2024-07-04,-0.005682738479271365,-0.01394585979870483,0.008263121319433464,1.6570675669100035,1.2295105877809653,1.3159380510441765,3314135.133820001,22945.133820000803,3291190.0,0.006923415278348457,0,28,0.0,0.0,0.0,0.0,0.0,204,0
2024-07-05,-0.007473503342469767,-0.0017940890934435064,-0.00567941424902626,1.6446834669100032,1.2273047362451541,1.3084642937262403,3289366.933820001,27497.933820000802,3261869.0,0.008359643169412833,0,28,0.0,0.0,0.0,4552.8,0.0,204,0
2024-07-08,-0.00017054953469375356,-0.00949110363773701,0.009320554103043256,1.6444029669100033,1.215656259798366,1.320659905967816,3288805.933820001,27497.933820000802,3261308.0,0.008361069145865202,0,28,0.0,0.0,0.0,0.0,0.0,204,0
2024-07-09,0.019289979791027756,0.014657906448564599,0.004632073342463157,1.6761234669100034,1.2334752355281025,1.3267772995127094,3352246.933820001,27497.933820000802,3324749.0,0.0082028365937428,0,28,0.0,0.0,0.0,0.0,0.0,204,0
2024-07-10,-0.016172376638800112,-0.015312049293517859,-0.0008603273452822535,1.6490165669100034,1.2145882019193626,1.3256358367208387,3298033.133820001,32541.133820000803,3265492.0,0.009866830471260154,0,28,0.0,0.0,0.0,5043.2,0.0,204,0
2024-07-11,0.00029654038037740804,0.0143251402954686,-0.014028599915091191,1.6495055669100036,1.2319873483130783,1.3070390219343748,3299011.133820001,34445.1338200008,3264566.0,0.010441048066459839,0,28,0.0,0.0,0.0,1904.0,0.0,204,0
2024-07-12,0.002568951621022997,0.00010617175218429911,0.0024627798688386976,1.6537430669100035,1.2321181505685175,1.3102579713253815,3307486.133820001,39405.1338200008,3268081.0,0.01191392260637828,0,28,0.0,0.0,0.0,4960.0,0.0,204,0
2024-07-15,0.005582366562690622,-0.004290256405175568,0.00987262296786619,1.6629748669100033,1.2268320477811079,1.3231936542669183,3325949.7338200007,44218.7338200008,3281731.0,0.013295069787243485,0,28,0.0,0.0,0.0,4813.599999999999,0.0,204,0
2024-07-16,-0.005010471394244376,-0.0029244586803427322,-0.0020860127139016435,1.6546425789100034,1.2232442281496518,1.3204334554811634,3309285.157820001,49170.1578200008,3260115.0,0.014858241425284654,0,28,0.0,0.0,0.0,4951.424,0.0,204,0
2024-07-17,-0.008528633422026588,-0.009249057162237699,0.0007204237402111107,1.6405307389100032,1.2119303723601185,1.321384727089861,3281061.4778200006,51580.4778200008,3229481.0,0.015720667890158475,0,28,0.0,0.0,0.0,2410.32,0.0,204,0
2024-07-18,0.008824339377888624,0.0058433033701228345,0.002981036007765789,1.6550073389100035,1.2190120491892846,1.3253238225414277,3310014.677820001,55175.6778200008,3254839.0,0.01666931515129712,0,28,0.0,0.0,0.0,3595.2,0.0,204,0
2024-07-19,-0.006103900425392217,-0.0024941412643327944,-0.0036097591610594225,1.6449053389100035,1.2159716609356828,1.3205397227316384,3289810.677820001,55175.6778200008,3234635.0,0.01677168786398464,0,28,0.0,0.0,0.0,0.0,0.0,204,0
2024-07-22,-0.008856436692979197,-0.0037399642475126277,-0.005116472445466569,1.6303373389100035,1.2114239703977947,1.313783217627138,3260674.677820001,55175.6778200008,3205499.0,0.0169215525226484,0,28,0.0,0.0,0.0,0.0,0.0,204,0
2024-07-23,0.00030975184579751236,-0.00374265983408838,0.004052411679885893,1.6308423389100035,1.206890022561735,1.3191072080830883,3261684.677820001,55175.6778200008,3206509.0,0.01691631266357677,0,28,0.0,0.0,0.0,0.0,0.0,204,0
2024-07-24,0.006227150079257671,0.0021149667682120094,0.004112183311045662,1.6409978389100037,1.2094425548523398,1.3245316187296476,3281995.677820001,55175.6778200008,3226820.0,0.016811624156875832,0,28,0.0,0.0,0.0,0.0,0.0,204,0
2024-07-25,-0.0001764170513425256,0.0034008856112798277,-0.0035773026626223533,1.6407083389100037,1.2135557306348068,1.3197933682432386,3281416.677820001,55175.6778200008,3226241.0,0.016814590537357964,0,28,0.0,0.0,0.0,0.0,0.0,204,0
2024-07-26,-0.0037984813340683488,0.003288180050172496,-0.007086661384240845,1.6344761389100038,1.2175461203780527,1.310440439545332,3268952.277820001,58597.277820000796,3210355.0,0.01792540020164447,0,28,0.0,0.0,0.0,3421.6,0.0,204,0
2024-07-29,0.010583207419311513,0.0072150785005139105,0.003368128918797603,1.6517741389100038,1.2263308112145763,1.3148541718861266,3303548.277820001,58597.277820000796,3244951.0,0.01773767866915174,0,28,0.0,0.0,0.0,0.0,0.0,204,0
2024-07-30,-0.001813201895736416,0.0008302141947480926,-0.0026434160904845088,1.6487791389100037,1.2273489284615036,1.3113784652115221,3297558.277820001,58597.277820000796,3238961.0,0.017769899083857635,0,28,0.0,0.0,0.0,0.0,0.0,204,0
2024-07-31,-0.0013813250945822197,0.009970671584449219,-0.011351996679031438,1.6465016389100036,1.239586421546719,1.2964917012294876,3293003.277820001,58597.277820000796,3234406.0,0.017794479044306553,0,28,0.0,0.0,0.0,0.0,0.0,204,0
2024-08-01,0.010751887263057647,-0.0007032792544057693,0.011455166517463415,1.6642046389100036,1.2387146461324021,1.3113432295555807,3328409.277820001,58597.277820000796,3269812.0,0.017605190025903335,0,28,0.0,0.0,0.0,0.0,0.0,204,0
2024-08-02,-0.004798388259048658,-0.007273863212628537,0.002475474953579879,1.6562191389100036,1.2297044052369555,1.314589426875892,3312438.277820001,58597.277820000796,3253841.0,0.017690073868656397,0,28,0.0,0.0,0.0,0.0,0.0,204,0
2024-08-05,-0.013482515372148063,-0.017157065499248076,0.003674550127100013,1.6338891389100036,1.2086062862115912,1.3194199516215033,3267778.277820001,58597.277820000796,3209181.0,0.017931840179527783,0,28,0.0,0.0,0.0,0.0,0.0,204,0
2024-08-06,-0.0057558984731815865,0.0036567083881592975,-0.009412606861340884,1.6244846389100036,1.2130258069563633,1.3070007703318807,3248969.277820001,58597.277820000796,3190372.0,0.018035651558797904,0,28,0.0,0.0,0.0,0.0,0.0,204,0
2024-08-07,0.002241018420735985,0.005870696749479244,-0.003629678328743259,1.6281251389100035,1.2201471136182964,1.3022567779601564,3256250.277820001,58597.277820000796,3197653.0,0.01799532370688367,0,28,0.0,0.0,0.0,0.0,0.0,204,0
2024-08-08,0.0021513702579059046,-0.00045184527896377405,0.002603215536869679,1.6316278389100034,1.2195957959053667,1.305646833037536,3263255.677820001,59979.6778200008,3203276.0,0.018380318228717486,0,28,0.0,0.0,0.0,1382.3999999999999,0.0,204,0
2024-08-09,-0.0031971138733970506,-0.0041872259181064,0.0009901120447093495,1.6264113389100034,1.2144890727791382,1.306939569693063,3252822.677820001,59979.6778200008,3192843.0,0.01843927067681365,0,28,0.0,0.0,0.0,0.0,0.0,204,0
2024-08-12,-0.0009379546019535612,-0.0015906294783089405,0.0006526748763553793,1.6248858389100034,1.2125572706588916,1.3077925763151164,3249771.677820001,59979.6778200008,3189792.0,0.018456582112942817,0,28,0.0,0.0,0.0,0.0,0.0,204,0
2024-08-13,0.007537452605418604,0.004315271492616439,0.0032221811128021654,1.6371333389100033,1.2177897844821308,1.3120065208539817,3274266.677820001,59979.6778200008,3214287.0,0.01831850723287302,0,28,0.0,0.0,0.0,0.0,0.0,204,0
2024-08-14,0.0015863093972108278,-0.000541513517640676,0.0021278229148515037,1.6397303389100035,1.2171303348521891,1.3147982383934895,3279460.677820001,59979.6778200008,3219481.0,0.018289494435978992,0,28,0.0,0.0,0.0,0.0,0.0,204,0
2024-08-15,0.010043114778828244,0.006605220935600341,0.0034378938432279025,1.6561983389100037,1.225169749621309,1.3193183751623496,3312396.677820001,59979.6778200008,3252417.0,0.018107637355642872,0,28,0.0,0.0,0.0,0.0,0.0,204,0
2024-08-16,2.4151696726315564e-05,-0.007609634086592876,0.007633785783319191,1.6562383389100037,1.2158466561327281,1.3293897690183356,3312476.677820001,59979.6778200008,3252497.0,0.01810720003603904,0,28,0.0,0.0,0.0,0.0,0.0,204,0
2024-08-19,0.012702580000560681,0.005705431059756648,0.0069971489408040335,1.6772768389100037,1.222783585408529,1.338691707232538,3354553.677820001,59979.6778200008,3294574.0,0.01788007692843936,0,28,0.0,0.0,0.0,0.0,0.0,204,0
2024-08-20,-0.007039982742308437,-0.011993939280654765,0.004953956538346328,1.6654688389100036,1.2081175933317578,1.3453235277684126,3330937.677820001,59979.6778200008,3270958.0,0.018006844805110764,0,28,0.0,0.0,0.0,0.0,0.0,204,0
2024-08-21,-0.0075276100681686,-0.006118209221635428,-0.0014094008465331716,1.6529318389100036,1.2007260771314154,1.3434274276495148,3305863.677820001,59979.6778200008,3245884.0,0.01814342140676334,0,28,0.0,0.0,0.0,0.0,0.0,204,0
2024-08-22,0.004735827464707798,0.00041531523671488785,0.0043205122279929105,1.6607598389100036,1.201224756966369,1.3492317222780958,3321519.677820001,59979.6778200008,3261540.0,0.01805790229710968,0,28,0.0,0.0,0.0,0.0,0.0,204,0
2024-08-23,-0.0053131101759971155,-0.004945154057436804,-0.00036795611856031175,1.6519360389100035,1.1952845154855631,1.348735264210528,3303872.0778200007,60210.0778200008,3243662.0,0.018224094759664338,0,28,0.0,0.0,0.0,230.4,0.0,204,0
2024-08-26,-0.0040513069770037324,0.0030460513135743333,-0.007097358290578066,1.6452435389100035,1.198925413454053,1.3391628068012882,3290487.0778200007,60210.0778200008,3230277.0,0.018298226492319464,0,28,0.0,0.0,0.0,0.0,0.0,204,0
2024-08-27,0.0004008525087033643,-0.00826771561089681,0.008668568119600175,1.6459030389100036,1.189013039096938,1.35077143081528,3291806.0778200007,60210.0778200008,3231596.0,0.018290894541356136,0,28,0.0,0.0,0.0,0.0,0.0,204,0
2024-08-28,-0.0036918942710162383,-0.0002852627251427445,-0.003406631545873494,1.6398265389100035,1.188673857997175,1.3461698502478001,3279653.0778200007,60210.0778200008,3219443.0,0.0183586728203651,0,28,0.0,0.0,0.0,0.0,0.0,204,0
2024-08-29,-0.022437434159625735,-0.009913583030650992,-0.012523851128974743,1.6030330389100034,1.1768898410095556,1.3293106194489825,3206066.0778200007,60210.0778200008,3145856.0,0.018780048931786614,0,28,0.0,0.0,0.0,0.0,0.0,204,0
2024-08-30,-0.009678527905170098,0.0009547962902606876,-0.010633324195430786,1.5875180389100032,1.1780135310637971,1.3151756286759526,3175036.0778200007,60210.0778200008,3114826.0,0.018963588552776828,0,28,0.0,0.0,0.0,0.0,0.0,204,0
2024-09-02,0.0043517615741508475,-0.002208581186137289,0.0065603427602881365,1.594426538910003,1.1754117925420744,1.323803631590044,3188853.0778200007,60210.0778200008,3128643.0,0.01888142110992529,0,28,0.0,0.0,0.0,0.0,0.0,204,0
2024-09-03,-0.011795463472940582,-0.00826202239666193,-0.003533441076278652,1.575619538910003,1.165700513986791,1.319126049461257,3151239.0778200007,60210.0778200008,3091029.0,0.019106794607806652,0,28,0.0,0.0,0.0,0.0,0.0,204,0
2024-09-04,-0.0008704512517969665,-0.004684717494285684,0.0038142662424887177,1.5742480389100029,1.1602395363958193,1.3241575474213048,3148496.0778200007,60210.0778200008,3088286.0,0.01912344063064226,0,28,0.0,0.0,0.0,0.0,0.0,204,0
2024-09-05,0.002538354758101935,0.0040808569786859854,-0.0015425022205840504,1.5782440389100028,1.1649743080048676,1.3221150314640042,3156488.0778200007,60210.0778200008,3096278.0,0.019075021459160502,0,28,0.0,0.0,0.0,0.0,0.0,204,0
2024-09-06,-0.0023412095397818966,-0.007471298628412002,0.005130089088630105,1.5745490389100028,1.1562704370553356,1.3288975993608316,3149098.0778200007,60210.0778200008,3088888.0,0.01911978488192464,0,28,0.0,0.0,0.0,0.0,0.0,204,0
2024-09-09,-0.014319338072574794,-0.00912597214232103,-0.005193365930253765,1.5520025389100027,1.1457183452577793,1.3219961478435152,3104005.0778200007,60210.0778200008,3043795.0,0.019397544884909607,0,28,0.0,0.0,0.0,0.0,0.0,204,0
2024-09-10,-0.0005979371661670729,0.0014655730509046353,-0.002063510217071708,1.5510745389100027,1.147397479188516,1.3192681952855105,3102149.0778200007,60210.0778200008,3041939.0,0.01940915033725998,0,28,0.0,0.0,0.0,0.0,0.0,204,0
2024-09-11,-0.025343720765105604,-0.019087300312351795,-0.006256420452753809,1.5117645389100027,1.1254967589256093,1.3110142987658586,3023529.0778200007,60210.0778200008,2963319.0,0.019913841167161175,0,28,0.0,0.0,0.0,0.0,0.0,204,0
2024-09-12,0.005487957804581001,0.0061496150185316595,-0.0006616572139506588,1.5200610389100027,1.1324181306976069,1.3101468566974879,3040122.0778200007,60210.0778200008,2979912.0,0.019805151332335975,0,28,0.0,0.0,0.0,0.0,0.0,204,0
2024-09-13,-0.002916659190988269,-0.0015755518600281862,-0.0013411073309600827,1.5156275389100027,1.1306339472054565,1.3083898091433366,3031255.0778200007,60210.0778200008,2971045.0,0.019863085182294297,0,28,0.0,0.0,0.0,0.0,0.0,204,0
2024-09-18,0.005989598213904657,0.0031706359482341195,0.002818962265670537,1.5247055389100028,1.13421877584276,1.3120781106440995,3049411.0778200007,60210.0778200008,2989201.0,0.01974482163390201,0,28,0.0,0.0,0.0,0.0,0.0,204,0
2024-09-19,-0.0008637733427148131,0.013285562556051213,-0.014149335898766026,1.5233885389100028,1.1492875103414668,1.293513076731178,3046777.0778200007,60210.0778200008,2986567.0,0.019761891428919934,0,28,0.0,0.0,0.0,0.0,0.0,204,0
2024-09-20,-0.0030222099499935817,-0.0024227591856466465,-0.0005994507643469352,1.5187845389100028,1.146503063468838,1.2927376793286387,3037569.0778200007,60210.0778200008,2977359.0,0.019821797061225124,0,28,0.0,0.0,0.0,0.0,0.0,204,0
2024-09-23,0.009265303694821148,0.007463274075807428,0.0018020296190137198,1.5328565389100028,1.1550597300602587,1.295067230916404,3065713.0778200007,60210.0778200008,3005503.0,0.01963982808946218,0,28,0.0,0.0,0.0,0.0,0.0,204,0
2024-09-24,0.033291765213911084,0.03428377803844869,-0.0009920128245376053,1.583888038910003,1.194659541466795,1.2937825076146965,3167776.0778200007,60210.0778200008,3107566.0,0.019007049848496917,0,28,0.0,0.0,0.0,0.0,0.0,204,0
2024-09-25,0.015460057402069571,0.013350999250778593,0.0021090581512909785,1.608375038910003,1.2106094401098537,1.296511170158379,3216750.0778200007,60210.0778200008,3156540.0,0.018717673541118033,0,28,0.0,0.0,0.0,0.0,0.0,204,0
2024-09-26,0.023219087026685514,0.023148310330026647,7.077669665886757e-05,1.645720038910003,1.2386330031179764,1.296602932936184,3291440.0778200007,60210.0778200008,3231230.0,0.018292928443612855,0,28,0.0,0.0,0.0,0.0,0.0,204,0
2024-09-27,0.005870074965118821,0.020188783665110226,-0.014318708699991405,1.6553805389100031,1.263639496858391,1.2780372532399162,3310761.0778200007,60210.0778200008,3250551.0,0.01818617423750996,0,28,0.0,0.0,0.0,0.0,0.0,204,0
2024-09-30,0.06297011324576607,0.07277660486136328,-0.009806491615597213,1.7596200389100034,1.3556028892084662,1.265504191631598,3519240.0778200007,60210.0778200008,3459030.0,0.017108829317861722,0,28,0.0,0.0,0.0,0.0,0.0,204,0
2024-10-08,0.01665912785248702,0.026675661956077425,-0.010016534103590404,1.7889337741100033,1.3917644936276732,1.2528282257378835,3577867.5482200007,178070.54822000072,3399797.0,0.04977002245613908,28,27,1145716.0,1264340.0,763.5296000000001,0.0,0.0,204,1
2024-10-09,-0.06583977657786544,-0.0739711392965656,0.008131362718700158,1.6711507741100031,1.2888140884015264,1.2630154264655837,3342301.5482200007,178070.54822000072,3164231.0,0.05327782237806616,0,27,0.0,0.0,0.0,0.0,0.0,204,0
2024-10-10,0.02491067870412267,0.01980746227419305,0.005103216429929617,1.7127802741100033,1.3143422248359882,1.2694608675411774,3425560.5482200007,178070.54822000072,3247490.0,0.05198289322678305,0,27,0.0,0.0,0.0,0.0,0.0,204,0
2024-10-11,-0.015773184925333195,-0.019793924180487848,0.004020739255154653,1.6857642741100034,1.288326234490371,1.2745650386841827,3371528.5482200007,178070.54822000072,3193458.0,0.0528159692772031,0,27,0.0,0.0,0.0,0.0,0.0,204,0
2024-10-14,0.022948938113203532,0.023689220288178887,-0.0007402821749753555,1.7244507741100032,1.3188456784622533,1.273621500905198,3448901.5482200007,178070.54822000072,3270831.0,0.0516310905748829,0,27,0.0,0.0,0.0,0.0,0.0,204,0
2024-10-15,-0.01906896995477958,-0.018567239870117186,-0.000501730084662394,1.6915672741100032,1.2943583543985773,1.2729824866817212,3383134.5482200007,178070.54822000072,3205064.0,0.05263478164464094,0,27,0.0,0.0,0.0,0.0,0.0,204,0
2024-10-16,0.015087783022657675,0.01998613889403526,-0.004898355871377585,1.7170892741100034,1.3202275802482422,1.266746965443923,3434178.5482200007,178070.54822000072,3256108.0,0.051852443231962426,0,27,0.0,0.0,0.0,0.0,0.0,204,0
2024-10-17,-0.01809166271573248,-0.016686748659050316,-0.001404914056682166,1.6860242741100033,1.2981972744438937,1.2649672948259112,3372048.5482200007,178070.54822000072,3193978.0,0.05280782458307091,0,27,0.0,0.0,0.0,0.0,0.0,204,0
2024-10-18,0.008590327092203642,0.011011054351218994,-0.002420727259015352,1.7005077741100034,1.3124917951913997,1.2619051540135633,3401015.5482200007,178070.54822000072,3222945.0,0.05235805179226482,0,27,0.0,0.0,0.0,0.0,0.0,204,0
2024-10-21,-0.00717393956424861,-0.0035357814726382827,-0.0036381580916103277,1.6883084341100034,1.3078511110189721,1.2573141435666442,3376616.8682200005,178888.86822000073,3197728.0,0.05297872847336181,0,27,0.0,0.0,0.0,818.32,0.0,204,0
2024-10-22,0.008306835242100297,0.013950417041278213,-0.0056435817991779165,1.7023329341100035,1.3260961794455859,1.2502183883501625,3404665.8682200005,178888.86822000073,3225777.0,0.05254226850563928,0,27,0.0,0.0,0.0,0.0,0.0,204,0
2024-10-23,0.004211867053931284,0.007499201641404143,-0.003287334587472859,1.7095029341100036,1.336040842091144,1.2461085022002445,3419005.8682200005,178888.86822000073,3240117.0,0.0523218956372057,0,27,0.0,0.0,0.0,0.0,0.0,204,0
2024-10-24,-0.004008475132315281,-0.0005124981194779139,-0.0034959770128373674,1.7026504341100037,1.3353561236720266,1.2417521355210512,3405300.8682200005,178888.86822000073,3226412.0,0.05253247073980529,0,27,0.0,0.0,0.0,0.0,0.0,204,0
2024-10-25,0.00035591568760073855,0.00973923120597876,-0.00938331551837802,1.7032564341100036,1.348361465702788,1.2301003834378375,3406512.8682200005,181300.86822000073,3225212.0,0.05322183571105533,0,27,0.0,0.0,0.0,2412.0,0.0,204,0
2024-10-28,0.00807306505622285,0.01937148971228228,-0.01129842465605943,1.7170069341100038,1.3744812359640874,1.2162021869361752,3434013.8682200005,181300.86822000073,3252713.0,0.05279561329027972,0,27,0.0,0.0,0.0,0.0,0.0,204,0
2024-10-29,-0.010601005527933305,-0.014921967123354809,0.004320961595421504,1.6988049341100038,1.3539712721493633,1.2214573498781942,3397609.8682200005,181300.86822000073,3216309.0,0.05336129669148383,0,27,0.0,0.0,0.0,0.0,0.0,204,0
2024-10-30,-0.005185409945030028,0.0005867059786652289,-0.005772115923695257,1.6899959341100037,1.3547656551896743,1.2144069564588476,3379991.8682200005,181300.86822000073,3198691.0,0.05363943917281638,0,27,0.0,0.0,0.0,0.0,0.0,204,0
2024-10-31,1.0710084938470033e-05,0.009714357706695388,-0.009703647621756918,1.6900140341100036,1.3679263333729323,1.2026227792839606,3380028.0682200007,182928.06822000074,3197100.0,0.054120280816583516,0,27,0.0,0.0,0.0,1627.1999999999998,0.0,204,0
2024-11-01,0.00507451407320203,-0.006878694210007184,0.011953208283209213,1.6985900341100038,1.3585167864238437,1.2169979798508737,3397180.0682200007,182928.06822000074,3214252.0,0.05384703328836155,0,27,0.0,0.0,0.0,0.0,0.0,204,0
2024-11-04,0.005299689636243832,0.007636967417248154,-0.0023372777810043224,1.7075920341100037,1.3688917348575471,1.2141535175130411,3415184.0682200007,182928.06822000074,3232256.0,0.05356316513719951,0,27,0.0,0.0,0.0,0.0,0.0,204,0
2024-11-05,0.01145794757129881,0.014430407948820306,-0.0029724603775214964,1.7271575341100036,1.3886454010293097,1.2105444942900052,3454315.0682200007,182928.06822000074,3271387.0,0.05295639355626674,0,27,0.0,0.0,0.0,0.0,0.0,204,0
2024-11-06,-0.00299596296099669,-0.0025242632410647447,-0.0004716997199319451,1.7219830341100038,1.3851400944886179,1.2099734807910834,3443966.0682200007,182928.06822000074,3261038.0,0.05311552570392958,0,27,0.0,0.0,0.0,0.0,0.0,204,0
2024-11-07,0.02147988642589449,0.028535552754132918,-0.007055666328238428,1.7589710341100038,1.4246658327267625,1.2014363116446043,3517942.0682200007,182928.06822000074,3335014.0,0.05199860164626253,0,27,0.0,0.0,0.0,0.0,0.0,204,0
2024-11-08,-0.007775852890562485,-0.006910310756300458,-0.0008655421342620264,1.7452935341100038,1.4148209490987371,1.2003964178952435,3490587.0682200007,182928.06822000074,3307659.0,0.05240610379997872,0,27,0.0,0.0,0.0,0.0,0.0,204,0
2024-11-11,-0.004146007452946798,0.006009336549659135,-0.010155344002605933,1.7380575341100037,1.4233230843393796,1.1882059793320214,3476115.0682200007,182928.06822000074,3293187.0,0.052624284475620633,0,27,0.0,0.0,0.0,0.0,0.0,204,0
2024-11-12,-0.009210281987700242,-0.005060183654508515,-0.0041500983331917264,1.7220495341100037,1.4161208081329208,1.1832748076777073,3444099.0682200007,182928.06822000074,3261171.0,0.053113474553605884,0,27,0.0,0.0,0.0,0.0,0.0,204,0
2024-11-13,0.002925002968978685,-0.0007059778294645512,0.0036309807984432362,1.727086534110004,1.4151210582385356,1.1875712557836666,3454173.0682200007,182928.06822000074,3271245.0,0.05295857057743403,0,27,0.0,0.0,0.0,0.0,0.0,204,0
2024-11-14,-0.00896828253483073,-0.015092724579238517,0.006124442044407787,1.7115975341100038,1.393763025860261,1.1948444671133183,3423195.0682200007,182928.06822000074,3240267.0,0.053437816009451085,0,27,0.0,0.0,0.0,0.0,0.0,204,0
2024-11-15,0.001134028275525223,-0.010196174340797311,0.011330202616322534,1.7135385341100038,1.3795519750588325,1.2083822970207039,3427077.0682200007,182928.06822000074,3244149.0,0.05337728465937659,0,27,0.0,0.0,0.0,0.0,0.0,204,0
2024-11-18,0.015671080320319275,0.009561054011789928,0.006110026308529347,1.7403915341100038,1.3927419460044415,1.2157655446462616,3480783.0682200007,182928.06822000074,3297855.0,0.052553711229567174,0,27,0.0,0.0,0.0,0.0,0.0,204,0
2024-11-19,0.0011695644112867942,0.008881129067573029,-0.007711564656286234,1.7424270341100037,1.4051110669847298,1.206390090041837,3484854.0682200007,182928.06822000074,3301926.0,0.05249231808247197,0,27,0.0,0.0,0.0,0.0,0.0,204,0
2024-11-20,0.004086254322630323,0.010388236773984677,-0.006301982451354354,1.7495470341100037,1.4197076934423134,1.1987874408649055,3499094.0682200007,182928.06822000074,3316166.0,0.052278694042957465,0,27,0.0,0.0,0.0,0.0,0.0,204,0
2024-11-21,-0.002574952208868053,-0.0007960865837391891,-0.0017788656251288642,1.7450420341100035,1.4185774831947326,1.1966549590945148,3490084.0682200007,182928.06822000074,3307156.0,0.052413656704062436,0,27,0.0,0.0,0.0,0.0,0.0,204,0
2024-11-22,-0.022847014123836717,-0.02142688293274213,-0.0014201311910945862,1.7051730341100035,1.3881817895312951,1.1949555520621267,3410346.0682200007,182928.06822000074,3227418.0,0.0536391511479298,0,27,0.0,0.0,0.0,0.0,0.0,204,0
2024-11-25,0.0020939223929632433,0.007362365119839649,-0.005268442726876405,1.7087435341100035,1.3984020907185368,1.1886599971749243,3417487.0682200007,182928.06822000074,3234559.0,0.053527069618226494,0,27,0.0,0.0,0.0,0.0,0.0,204,0
2024-11-26,0.0040995034422461885,-0.007752789784322532,0.01185229322656872,1.7157485341100034,1.387560573275239,1.202748344008134,3431497.0682200007,182928.06822000074,3248569.0,0.05330853111143408,0,27,0.0,0.0,0.0,0.0,0.0,204,0
2024-11-27,0.006859688215385962,0.009462420631249795,-0.002602732415863833,1.7275180341100036,1.4006902550709073,1.1996179119050574,3455036.0682200007,182928.06822000074,3272108.0,0.05294534256895426,0,27,0.0,0.0,0.0,0.0,0.0,204,0
2024-11-28,0.002366979631623023,0.0030310995747665054,-0.0006641199431434825,1.7316070341100034,1.4049358867074322,1.1988212217256091,3463214.0682200007,182928.06822000074,3280286.0,0.05282031795222548,0,27,0.0,0.0,0.0,0.0,0.0,204,0
2024-11-29,0.0025404147207457317,0.0024160325316693256,0.00012438218907640615,1.7360060341100032,1.408330257514627,1.1989703337334785,3472012.0682200007,182928.06822000074,3289084.0,0.052686472461998854,0,27,0.0,0.0,0.0,0.0,0.0,204,0
2024-12-02,0.007336668047084105,0.012038969262687377,-0.004702301215603272,1.7487425341100034,1.4252851021965582,1.1933324140756914,3497485.0682200007,182928.06822000074,3314557.0,0.05230274458701251,0,27,0.0,0.0,0.0,0.0,0.0,204,0
2024-12-03,0.008667084893496657,0.011716667526699845,-0.003049582633203188,1.7638990341100032,1.4419846938697536,1.1896932482700877,3527798.0682200007,182928.06822000074,3344870.0,0.05185332739645714,0,27,0.0,0.0,0.0,0.0,0.0,204,0
2024-12-04,-0.0017421632080832916,-0.010429628941299035,0.008687465733215743,1.760826034110003,1.4269453285736593,1.200028667597472,3521652.0682200007,182928.06822000074,3338724.0,0.05194382201205377,0,27,0.0,0.0,0.0,0.0,0.0,204,0
2024-12-05,-0.0008368231565503148,0.00280210511539722,-0.003638928271947535,1.7593525341100031,1.4309437793782478,1.195661849351804,3518705.0682200007,182928.06822000074,3335777.0,0.051987326210473826,0,27,0.0,0.0,0.0,0.0,0.0,204,0
2024-12-06,0.0150890736707463,0.01454221541437426,0.0005468582563720407,1.7858995341100032,1.451752872063825,1.1963157069059513,3571799.0682200007,182928.06822000074,3388871.0,0.05121454615059368,0,27,0.0,0.0,0.0,0.0,0.0,204,0
2024-12-09,0.0025326172685598003,0.002214976512259313,0.0003176407563004872,1.790422534110003,1.4549684705770514,1.1966957055318672,3580845.0682200007,182928.06822000074,3397917.0,0.05108516697454668,0,27,0.0,0.0,0.0,0.0,0.0,204,0
2024-12-10,-0.0044517424508188075,-0.002372300796712823,-0.0020794416541059847,1.782452034110003,1.4515168477151095,1.1942072466344944,3564904.0682200007,182928.06822000074,3381976.0,0.05131360191449385,0,27,0.0,0.0,0.0,0.0,0.0,204,0
2024-12-11,0.0023739769256190257,0.006005120655358577,-0.0036311437297395516,1.786683534110003,1.4602333815189246,1.189870908478868,3573367.0682200007,182928.06822000074,3390439.0,0.05119207311414626,0,27,0.0,0.0,0.0,0.0,0.0,204,0
2024-12-12,0.007873246566302061,0.009003064725612134,-0.0011298181593100733,1.800750534110003,1.4733799571672388,1.1885265707192336,3601501.0682200007,182928.06822000074,3418573.0,0.050792173806132115,0,27,0.0,0.0,0.0,0.0,0.0,204,0
2024-12-13,-0.01615687428596524,-0.019871250539822714,0.003714376253857475,1.771656034110003,1.4441020548980152,1.1929412055905917,3543312.0682200007,182928.06822000074,3360384.0,0.051626293337435424,0,27,0.0,0.0,0.0,0.0,0.0,204,0
2024-12-16,0.017455702125348305,0.008557513669702086,0.008898188455646218,1.802581534110003,1.4564599779732499,1.2035562212544426,3605163.0682200007,182928.06822000074,3422235.0,0.050740580872065504,0,27,0.0,0.0,0.0,0.0,0.0,204,0
2024-12-17,-0.010043373715652004,-0.021216431825065055,0.011173058109413051,1.784477534110003,1.4255590941446448,1.2170036248524643,3568955.0682200007,182928.06822000074,3386027.0,0.05125535758320299,0,27,0.0,0.0,0.0,0.0,0.0,204,0
2024-12-18,0.005464624694680564,0.0077902541369608645,-0.0023256294422803,1.7942290341100031,1.4366645617752871,1.2141733253911455,3588458.0682200007,182928.06822000074,3405530.0,0.05097678856555216,0,27,0.0,0.0,0.0,0.0,0.0,204,0
2024-12-19,-0.010994973119351825,-0.012031008358612462,0.0010360352392606367,1.774501534110003,1.4193800384240463,1.215431251742821,3549003.0682200007,182928.06822000074,3366075.0,0.05154350805105056,0,27,0.0,0.0,0.0,0.0,0.0,204,0
2024-12-20,-0.002342066163433576,-0.0026319017253264693,0.00028983556189289333,1.770345534110003,1.415644369652024,1.215783526942612,3540691.0682200007,184248.06822000074,3356443.0,0.05203731832854515,0,27,0.0,0.0,0.0,1320.0,0.0,204,0
2024-12-23,0.0002880793552295646,-0.010160154829084576,0.010448234184314141,1.770855534110003,1.4012612036734375,1.22848631794954,3541711.0682200007,184248.06822000074,3357463.0,0.052022331768751665,0,27,0.0,0.0,0.0,0.0,0.0,204,0
2024-12-24,0.0129804490299954,0.012969089021838133,1.1360008157266718e-05,1.7938420341100032,1.4194342849667263,1.228500273564133,3587684.0682200007,184248.06822000074,3403436.0,0.05135571157228844,0,27,0.0,0.0,0.0,0.0,0.0,204,0
2024-12-25,0.0038841212701634653,-0.007320503897989109,0.011204625168152575,1.8008095341100032,1.409043310750688,1.2422651586483922,3601619.0682200007,184248.06822000074,3417371.0,0.05115701153566476,0,27,0.0,0.0,0.0,0.0,0.0,204,0
2024-12-26,-0.00770653405434063,-0.003975857854977852,-0.0037306761993627785,1.7869315341100032,1.4034411548356358,1.237630669587725,3573863.0682200007,184248.06822000074,3389615.0,0.05155431663244093,0,27,0.0,0.0,0.0,0.0,0.0,204,0
2024-12-27,0.013510310573831896,0.013658662378662369,-0.0001483518048304728,1.8110735341100033,1.4226102837378556,1.237447064844178,3622147.0682200007,184248.06822000074,3437899.0,0.05086708649589541,0,27,0.0,0.0,0.0,0.0,0.0,204,0
2024-12-30,0.002869844819721301,-0.006007956313879783,0.008877801133601084,1.8162710341100032,1.4140633033014824,1.248432873799223,3632542.0682200007,184248.06822000074,3448294.0,0.050721523594160337,0,27,0.0,0.0,0.0,0.0,0.0,204,0
2024-12-31,-0.0012404536314725156,-0.008340966104358603,0.007100512472886088,1.8140180341100032,1.4022686492192273,1.2572973869911952,3628036.0682200007,184248.06822000074,3443788.0,0.050784519435716956,0,27,0.0,0.0,0.0,0.0,0.0,204,0
2025-01-02,-0.03084058727533434,-0.025460927230805695,-0.005379660044528646,1.7580726526100032,1.3665655891834163,1.2505335544743084,3516145.305220001,27240.305220000955,3488905.0,0.007747206914219537,28,28,1756736.0,1600775.0,1046.763,0.0,0.0,204,1
2025-01-03,-0.007569368638004725,-0.020112306010294678,0.012542937372289953,1.7447651526100032,1.3390808038706208,1.2662189185300265,3489530.305220001,27240.305220000955,3462290.0,0.007806295643643525,0,28,0.0,0.0,0.0,0.0,0.0,204,0
2025-01-06,0.007930007072471934,0.0007536785653366037,0.00717632850713533,1.7586011526100032,1.3400900403697518,1.2753057214513477,3517202.305220001,27240.305220000955,3489962.0,0.0077448787007709735,0,28,0.0,0.0,0.0,0.0,0.0,204,0
2025-01-07,-0.0043668230221517446,0.003030113700977889,-0.007396936723129634,1.750921652610003,1.34415066556162,1.265872365727127,3501843.305220001,27240.305220000955,3474603.0,0.0077788475513439915,0,28,0.0,0.0,0.0,0.0,0.0,204,0
2025-01-08,0.0026548874948635337,0.0016712967488637061,0.0009835907459998276,1.7555701526100032,1.346397140198956,1.267117466071673,3511140.305220001,27240.305220000955,3483900.0,0.007758250269720888,0,28,0.0,0.0,0.0,0.0,0.0,204,0
2025-01-09,-0.012707837375129927,-0.009161988535884484,-0.003545848839245443,1.7332606526100032,1.3340614650357057,1.2626244590754152,3466521.305220001,27240.305220000955,3439281.0,0.007858109851793386,0,28,0.0,0.0,0.0,0.0,0.0,204,0
2025-01-10,-0.015120345552491421,-0.017061751203135748,0.0019414056506443268,1.7070531526100032,1.3113000402295756,1.265075725334906,3414106.305220001,27240.305220000955,3386866.0,0.007978751328964733,0,28,0.0,0.0,0.0,0.0,0.0,204,0
2025-01-13,-0.007066856694857737,-0.0026421077869215716,-0.0044247489079361655,1.6949896526100032,1.3078354441822946,1.259478082900774,3389979.305220001,27240.305220000955,3362739.0,0.008035537319669014,0,28,0.0,0.0,0.0,0.0,0.0,204,0
2025-01-14,0.018383003077346416,0.026417889705082694,-0.008034886627736278,1.7261486526100032,1.3423856966991001,1.2493583192945474,3452297.305220001,27240.305220000955,3425057.0,0.007890486482381633,0,28,0.0,0.0,0.0,0.0,0.0,204,0
2025-01-15,0.0014969742009720566,-0.0027622586710719047,0.004259232872043961,1.728732652610003,1.33867768016847,1.2546796273170482,3457465.305220001,27240.305220000955,3430225.0,0.00787869228329614,0,28,0.0,0.0,0.0,0.0,0.0,204,0
2025-01-16,0.005814375048000864,0.006401558760521716,-0.000587183712520852,1.738784152610003,1.3472473039994675,1.2539428998754558,3477568.305220001,27240.305220000955,3450328.0,0.00783314742635304,0,28,0.0,0.0,0.0,0.0,0.0,204,0
2025-01-17,-0.0019536639984329973,-0.002428388657525869,0.0004747246590928716,1.7353871526100029,1.3439756639275529,1.254538177491121,3470774.305220001,27240.305220000955,3443534.0,0.007848480720579231,0,28,0.0,0.0,0.0,0.0,0.0,204,0
2025-01-20,2.593081315227508e-06,0.004946072927853994,-0.004943479846538767,1.735391652610003,1.3506230655745997,1.2483363932939802,3470783.305220001,27240.305220000955,3443543.0,0.007848460368883297,0,28,0.0,0.0,0.0,0.0,0.0,204,0
2025-01-21,-0.007549304492905806,-0.006557841177297898,-0.0009914633156079085,1.722290652610003,1.3417658940201662,1.2470987135544909,3444581.305220001,27240.305220000955,3417341.0,0.007908161487934788,0,28,0.0,0.0,0.0,0.0,0.0,204,0
2025-01-22,-0.010807629926918527,-0.007204031879527313,-0.0036035980473912146,1.703676772610003,1.3320997697447825,1.242604671065422,3407353.545220001,30002.545220000953,3377351.0,0.008805233980515454,0,28,0.0,0.0,0.0,2762.24,0.0,204,0
2025-01-23,0.011744305211925488,0.006504236200915276,0.005240069011010212,1.7236852726100031,1.3407640612903875,1.2491160052952084,3447370.545220001,30002.545220000953,3417368.0,0.00870302302188008,0,28,0.0,0.0,0.0,0.0,0.0,204,0
2025-01-24,0.002770227300700645,0.0006405530023527215,0.0021296742983479234,1.7284602726100031,1.3416228917352937,1.2517762155473406,3456920.545220001,30002.545220000953,3426918.0,0.008678980273783402,0,28,0.0,0.0,0.0,0.0,0.0,204,0
2025-01-27,0.013103569899121537,0.010423151786442835,0.002680418112678702,1.751109272610003,1.355606830776017,1.255131499188514,3502218.545220001,30002.545220000953,3472216.0,0.008566725586257287,0,28,0.0,0.0,0.0,0.0,0.0,204,0
2025-02-05,-0.016552365094154475,-0.007735485236310203,-0.008816879857844273,1.722124272610003,1.345120554150308,1.244065155554373,3444248.545220001,30002.545220000953,3414246.0,0.008710911778314925,0,28,0.0,0.0,0.0,0.0,0.0,204,0
2025-02-06,0.004406766759345704,0.006251395085083864,-0.0018446283257381605,1.729713272610003,1.3535294341713684,1.2417703177293735,3459426.545220001,30002.545220000953,3429424.0,0.008672693242021981,0,28,0.0,0.0,0.0,0.0,0.0,204,0
2025-02-07,0.00442587804650918,0.005618715720700313,-0.001192837674191133,1.7373687726100033,1.3611345312815777,1.2402890873116936,3474737.545220001,30002.545220000953,3444735.0,0.008634478094978353,0,28,0.0,0.0,0.0,0.0,0.0,204,0
2025-02-10,-0.002656603521810852,0.004975729659932799,-0.007632333181743651,1.7327532726100034,1.3679071687400342,1.2308227877556501,3465506.545220001,30002.545220000953,3435504.0,0.008657477580408465,0,28,0.0,0.0,0.0,0.0,0.0,204,0
2025-02-11,0.006622697057564686,0.0009720123518679539,0.005650684705696732,1.7442287726100032,1.3692367914042582,1.237777779257844,3488457.545220001,30002.545220000953,3458455.0,0.00860051894887224,0,28,0.0,0.0,0.0,0.0,0.0,204,0
2025-02-12,-0.0012828019094375254,0.004604426473867526,-0.005887228383305051,1.7419912726100033,1.3755413415355935,1.2304906987835729,3483982.545220001,30002.545220000953,3453980.0,0.008611565882028951,0,28,0.0,0.0,0.0,0.0,0.0,204,0
2025-02-13,-0.0019018464972193616,-0.005146297480796405,0.003244450983577043,1.7386782726100032,1.3684623965949174,1.2344829655415235,3477356.545220001,30002.545220000953,3447354.0,0.008627974965996129,0,28,0.0,0.0,0.0,0.0,0.0,204,0
2025-02-14,-0.0013254321033991934,-0.0008860656517949531,-0.0004393664516042403,1.7363737726100033,1.3672498490695217,1.2339405751413877,3472747.545220001,30002.545220000953,3442745.0,0.008639425938489943,0,28,0.0,0.0,0.0,0.0,0.0,204,0
2025-02-17,0.007261109444799185,0.009081200243884802,-0.001820090799085617,1.7489817726100034,1.3796661187323431,1.2316946912539544,3497963.545220001,30002.545220000953,3467961.0,0.008577146340189766,0,28,0.0,0.0,0.0,0.0,0.0,204,0
2025-02-18,-0.0014697122864603118,-0.005998693295122119,0.004528981008661807,1.7464112726100034,1.3713899248363963,1.237273013119113,3492822.545220001,30002.545220000953,3462820.0,0.008589770831919316,0,28,0.0,0.0,0.0,0.0,0.0,204,0
2025-02-19,-0.0017584632257958699,0.00043538863080245935,-0.0021938518565983293,1.7433402726100033,1.371987012418067,1.2345586194221625,3486680.545220001,30002.545220000953,3456678.0,0.008604902236063002,0,28,0.0,0.0,0.0,0.0,0.0,204,0
2025-02-20,-0.002117773597045791,-0.0015536385572463914,-0.0005641350397993998,1.7396482726100033,1.369855440495533,1.2338621616462602,3479296.545220001,30002.545220000953,3449294.0,0.00862316414541315,0,28,0.0,0.0,0.0,0.0,0.0,204,0
2025-02-21,-0.0053726377608374065,-0.005278178869995678,-9.44588908417289e-05,1.7303017726100032,1.3626250984545607,1.2337456123950195,3460603.545220001,30002.545220000953,3430601.0,0.008669743536916361,0,28,0.0,0.0,0.0,0.0,0.0,204,0
2025-02-24,0.0027616569985893236,0.0023680714600439173,0.0003935855385454063,1.7350802726100032,1.3658518920609504,1.2342311968263022,3470160.545220001,30002.545220000953,3440158.0,0.008645866618859518,0,28,0.0,0.0,0.0,0.0,0.0,204,0
2025-02-25,-0.009438756384086422,-0.00918151538471319,-0.00025724099937323233,1.718703272610003,1.353311301900753,1.233913701959773,3437406.545220001,30002.545220000953,3407404.0,0.008728250448502223,0,28,0.0,0.0,0.0,0.0,0.0,204,0
2025-02-26,0.010682181323899753,0.009868723840067536,0.0008134574838322174,1.737062772610003,1.3666667574088536,1.2349174382950354,3474125.545220001,30002.545220000953,3444123.0,0.008635999139778071,0,28,0.0,0.0,0.0,0.0,0.0,204,0
2025-02-27,0.004053394103553654,0.001218807885330605,0.0028345862182230486,1.7441037726100028,1.3683324616294026,1.2384179182462698,3488207.545220001,30002.545220000953,3458205.0,0.008601135348472705,0,28,0.0,0.0,0.0,0.0,0.0,204,0
2025-02-28,-0.005835948617190501,-0.008939127580109837,0.003103178962919336,1.7339252726100027,1.3561007631828916,1.2422609506774738,3467850.545220001,30002.545220000953,3437848.0,0.00865162579205027,0,28,0.0,0.0,0.0,0.0,0.0,204,0
2025-03-03,-0.0033874008832911473,-0.0006206061996610623,-0.002766794683630085,1.7280517726100029,1.3552591586418952,1.2388238696834581,3456103.545220001,30002.545220000953,3426101.0,0.008681031927268578,0,28,0.0,0.0,0.0,0.0,0.0,204,0
2025-03-04,0.004860097442170419,0.0040784068005191645,0.0007816906416512545,1.7364502726100028,1.360786456810966,1.239792246709044,3472900.545220001,30002.545220000953,3442898.0,0.008639045325180872,0,28,0.0,0.0,0.0,0.0,0.0,204,0
2025-03-05,-0.0007077657329931375,6.914284028530401e-05,-0.0007769085732784415,1.735221272610003,1.3608805454516115,1.2388290414834917,3470442.545220001,30002.545220000953,3440440.0,0.008645164076070019,0,28,0.0,0.0,0.0,0.0,0.0,204,0
2025-03-06,-0.0019084021457500544,0.0018723840980931668,-0.003780786243843221,1.7319097726100028,1.3634286365443196,1.2341452936849775,3463819.545220001,30002.545220000953,3433817.0,0.008661694071622131,0,28,0.0,0.0,0.0,0.0,0.0,204,0
2025-03-07,-0.003735760431820667,-0.0028851727004691797,-0.0008505877313514875,1.7254397726100028,1.359494909463124,1.2330955448394638,3450879.545220001,30002.545220000953,3420877.0,0.008694173420674476,0,28,0.0,0.0,0.0,0.0,0.0,204,0
2025-03-10,0.0016013308861082542,0.0015418469430348574,5.948394307339687e-05,1.7282027726100029,1.361591042533351,1.2331688942246573,3456405.545220001,30002.545220000953,3426403.0,0.008680273430729982,0,28,0.0,0.0,0.0,0.0,0.0,204,0
2025-03-11,0.002434899461273732,0.0030209781131293125,-0.0005860786518555807,1.7324107726100026,1.3657043792718773,1.23244616026162,3464821.545220001,30002.545220000953,3434819.0,0.008659189175671073,0,28,0.0,0.0,0.0,0.0,0.0,204,0
2025-03-12,0.003207668809186659,0.005281820352180686,-0.002074151542994027,1.7379677726100027,1.3729177844573779,1.2298898801566562,3475935.545220001,30002.545220000953,3445933.0,0.008631502175366722,0,28,0.0,0.0,0.0,0.0,0.0,204,0
2025-03-13,0.005365461976315045,0.007103724928560794,-0.0017382629522457492,1.7472927726100027,1.3826706147476922,1.2277520081426379,3494585.545220001,30002.545220000953,3464583.0,0.008585437337780824,0,28,0.0,0.0,0.0,0.0,0.0,204,0
2025-03-14,0.0069270016964131376,0.00714538475822017,-0.00021838306180703253,1.7593962726100025,1.392550328283949,1.2274838878999599,3518792.545220001,30002.545220000953,3488790.0,0.00852637512284065,0,28,0.0,0.0,0.0,0.0,0.0,204,0
2025-03-17,0.0024767018481492986,0.003919240004548752,-0.0014425381563994534,1.7637537726100028,1.398008067238907,1.2257131955552987,3527507.545220001,30002.545220000953,3497505.0,0.00850531000583013,0,28,0.0,0.0,0.0,0.0,0.0,204,0
2025-03-18,0.008238961824300617,0.0023965042100066274,0.0058424576142939895,1.7782852726100027,1.4013583994576684,1.2328743729476113,3556570.545220001,30002.545220000953,3526568.0,0.008435807708165413,0,28,0.0,0.0,0.0,0.0,0.0,204,0
2025-03-19,0.007636851189836369,0.006302685101214052,0.0013341660886223173,1.791865772610003,1.4101907201633914,1.2345192321275296,3583731.545220001,30002.545220000953,3553729.0,0.008371872960188242,0,28,0.0,0.0,0.0,0.0,0.0,204,0
2025-03-20,-0.0011381990945835696,-0.0003967543329745926,-0.000741444761608977,1.789826272610003,1.409631220884846,1.233603904309763,3579652.545220001,30002.545220000953,3549650.0,0.008381412676507974,0,28,0.0,0.0,0.0,0.0,0.0,204,0
2025-03-21,-0.0004204318662183182,-0.0014647950064232483,0.00104436314020493,1.789073772610003,1.4075664001115955,1.234892234757037,3578147.545220001,30002.545220000953,3548145.0,0.008384937971627511,0,28,0.0,0.0,0.0,0.0,0.0,204,0
2025-03-24,0.0019018220780444572,-0.0002773409134252337,0.002179162991469691,1.792476272610003,1.4071760243604818,1.2375832662134727,3584952.545220001,30002.545220000953,3554950.0,0.008369021581611971,0,28,0.0,0.0,0.0,0.0,0.0,204,0
2025-03-25,0.009014624208370625,0.009102746666364197,-8.812245799357139e-05,1.8086347726100032,1.4199851912252168,1.2374742073340823,3617269.545220001,30002.545220000953,3587267.0,0.008294252016592866,0,28,0.0,0.0,0.0,0.0,0.0,204,0
2025-03-26,0.0008395835483183678,0.0011004621486442074,-0.0002608786003258396,1.8101532726100031,1.4215478311797953,1.2371513767949336,3620306.545220001,30002.545220000953,3590304.0,0.008287294140772198,0,28,0.0,0.0,0.0,0.0,0.0,204,0
2025-03-27,-0.007121772611781152,-0.00894119347078968,0.001819420859008528,1.7972617726100033,1.4088374969932353,1.2394022758156253,3594523.545220001,30002.545220000953,3564521.0,0.00834673770878434,0,28,0.0,0.0,0.0,0.0,0.0,204,0
2025-03-28,-0.0067658480168646395,-0.009442079653838887,0.002676231636974247,1.7851017726100034,1.3955351411273103,1.2427192033971008,3570203.545220001,30002.545220000953,3540201.0,0.008403595156407855,0,28,0.0,0.0,0.0,0.0,0.0,204,0
2025-03-31,0.003812947869100025,-0.0015633193518511102,0.0053762672209511355,1.7919082726100033,1.3933534740349978,1.2494003939151712,3583816.545220001,30002.545220000953,3553814.0,0.008371674398349868,0,28,0.0,0.0,0.0,0.0,0.0,204,0
2025-04-01,0.011506801863226501,0.015591812244744542,-0.004085010381518041,1.812527406060003,1.415078379792714,1.244296580335355,3625054.812120001,27664.812120000905,3597390.0,0.00763155691536206,28,28,1188003.0,1186444.0,778.7330999999999,0.0,0.0,204,1
2025-04-02,-0.001849903062866587,-0.0011957728938653703,-0.0006541301690012166,1.809174406060003,1.413386267423463,1.2434826484029726,3618348.812120001,27664.812120000905,3590684.0,0.007645700720542753,0,28,0.0,0.0,0.0,0.0,0.0,204,0
2025-04-03,0.01240704042949825,0.010921808003744097,0.0014852324257541537,1.831620906060003,1.4288230008713905,1.2453295091532435,3663241.812120001,27664.812120000905,3635577.0,0.007552002717503012,0,28,0.0,0.0,0.0,0.0,0.0,204,0
2025-04-07,-0.05992178820239158,-0.0746701761094903,0.014748387907098717,1.721866906060003,1.3221325357670333,1.2636961118263923,3443733.812120001,27664.812120000905,3416069.0,0.008033377034727937,0,28,0.0,0.0,0.0,0.0,0.0,204,0
2025-04-08,0.026319107383100393,0.01829754628023844,0.008021561102861952,1.767184906060003,1.3463243170288395,1.2738329274028568,3534369.812120001,27664.812120000905,3506705.0,0.007827367703609622,0,28,0.0,0.0,0.0,0.0,0.0,204,0
2025-04-09,0.018060928367230167,0.010117191413332432,0.007943736953897735,1.7991019060600029,1.3599453378486444,1.2839519211013586,3598203.812120001,27664.812120000905,3570539.0,0.007688506144876008,0,28,0.0,0.0,0.0,0.0,0.0,204,0
2025-04-10,0.0069745910210721185,0.010063226866492818,-0.0030886358454206998,1.8116499060600026,1.3736307763094446,1.279986261174048,3623299.812120001,27664.812120000905,3595635.0,0.007635253375241438,0,28,0.0,0.0,0.0,0.0,0.0,204,0
2025-04-11,-0.0012524494895013172,-0.004711912071304882,0.0034594625818035645,1.8093809060600028,1.3671583488730363,1.2844143257498024,3618761.812120001,27664.812120000905,3591097.0,0.00764482813633812,0,28,0.0,0.0,0.0,0.0,0.0,204,0
2025-04-14,0.005245716901405961,0.01602507427412044,-0.010779357372714477,1.818872406060003,1.3890671629582105,1.2705691647179111,3637744.812120001,27664.812120000905,3610080.0,0.007604934801316763,0,28,0.0,0.0,0.0,0.0,0.0,204,0
2025-04-15,-0.005114707314820333,0.006569496862453671,-0.011684204177274005,1.809569406060003,1.398192635327002,1.2557235751759985,3619138.812120001,27664.812120000905,3591474.0,0.007644031786610459,0,28,0.0,0.0,0.0,0.0,0.0,204,0
2025-04-16,0.01594495348085223,0.0043962158027887385,0.011548737678063492,1.838422906060003,1.4043393918857694,1.2702255973418661,3676845.812120001,27664.812120000905,3649181.0,0.00752406098422982,0,28,0.0,0.0,0.0,0.0,0.0,204,0
2025-04-17,-0.006586079818788337,0.0009839757080256878,-0.007570055526814026,1.826314906060003,1.4057212277332085,1.2606099190384077,3652629.812120001,27664.812120000905,3624965.0,0.007573943581198593,0,28,0.0,0.0,0.0,0.0,0.0,204,0
2025-04-18,-0.003872004754785552,-0.0019437863698648146,-0.0019282183849207372,1.819243406060003,1.402988805970911,1.2581791878163044,3638486.812120001,27664.812120000905,3610822.0,0.007603383919888863,0,28,0.0,0.0,0.0,0.0,0.0,204,0
2025-04-21,-0.005725182218775937,0.003962648663745411,-0.009687830882521349,1.8088279060600028,1.4085483576881415,1.245990160624832,3617655.812120001,27664.812120000905,3589991.0,0.007647165334888204,0,28,0.0,0.0,0.0,0.0,0.0,204,0
2025-04-22,0.010745356114245652,0.005642589248131496,0.005102766866114156,1.8282644060600028,1.416496217506706,1.2523481579319726,3656528.812120001,27664.812120000905,3628864.0,0.007565867395411349,0,28,0.0,0.0,0.0,0.0,0.0,204,0
2025-04-23,0.000583613615439571,-0.00457247688607394,0.005156090501513511,1.829331406060003,1.4100193212929453,1.2588053783736737,3658662.812120001,27664.812120000905,3630998.0,0.007561454427654844,0,28,0.0,0.0,0.0,0.0,0.0,204,0
2025-04-24,0.001962192300481558,0.01172716241052178,-0.009764970110040223,1.8329209060600031,1.4265548468757212,1.246513181479497,3665841.812120001,27664.812120000905,3638177.0,0.0075466464560842595,0,28,0.0,0.0,0.0,0.0,0.0,204,0
2025-04-25,0.004082897399040775,0.013442760586806542,-0.009359863187765768,1.840404534060003,1.44573168214622,1.2348459886391023,3680809.068120001,29873.068120000906,3650936.0,0.008115897229969275,0,28,0.0,0.0,0.0,2208.2560000000003,0.0,204,0
2025-04-28,0.006675434543131464,0.002373061844936156,0.0043023726981953085,1.852690034060003,1.4491624928391367,1.240158756307099,3705380.068120001,29873.068120000906,3675507.0,0.0080620793470068,0,28,0.0,0.0,0.0,0.0,0.0,204,0
2025-04-29,-0.007658593579685902,-0.014179050410020077,0.0065204568303341755,1.838501034060003,1.4286147448008601,1.2482451579403604,3677002.068120001,29873.068120000906,3647129.0,0.008124300059280245,0,28,0.0,0.0,0.0,0.0,0.0,204,0
2025-04-30,-0.016699201921144047,-0.01189521233228237,-0.004803989588861676,1.8077995340600028,1.4116210690704245,1.242248601197268,3615599.068120001,34481.068120000906,3581118.0,0.009536751025309338,0,28,0.0,0.0,0.0,4608.0,0.0,204,0
2025-05-06,0.006431852526196158,0.013744798507218662,-0.007312945981022504,1.819427034060003,1.4310235162333422,1.2331641042817116,3638854.068120001,34481.068120000906,3604373.0,0.009475804051085623,0,28,0.0,0.0,0.0,0.0,0.0,204,0
2025-05-07,0.007814548060370852,0.006275426343727368,0.0015391217166434833,1.8336450340600028,1.4400037989056065,1.2350620939347967,3667290.068120001,34481.068120000906,3632809.0,0.009402329098466234,0,28,0.0,0.0,0.0,0.0,0.0,204,0
2025-05-08,0.0027311720136538042,0.006788952736474763,-0.004057780722820959,1.8386530340600027,1.449779916636721,1.2300504827785412,3677306.068120001,34481.068120000906,3642825.0,0.009376719664139659,0,28,0.0,0.0,0.0,0.0,0.0,204,0
2025-05-09,0.004536690634654894,0.006034166994731087,-0.001497476360076193,1.8469944340600024,1.458528130759314,1.22820851125888,3693988.8681200007,36069.86812000091,3657919.0,0.009764476669459515,0,28,0.0,0.0,0.0,1588.8,0.0,204,0
2025-05-12,-0.0018643802799289677,0.00012475785058044798,-0.001989138130509416,1.8435509340600025,1.4587100935939188,1.225765434876919,3687101.8681200007,36069.86812000091,3651032.0,0.009782715371081517,0,28,0.0,0.0,0.0,0.0,0.0,204,0
2025-05-13,0.014756033856949458,0.007923894821652996,0.006832139035296461,1.8707544340600026,1.4702687589508405,1.2341400347526588,3741508.8681200007,36069.86812000091,3705439.0,0.009640460410862254,0,28,0.0,0.0,0.0,0.0,0.0,204,0
2025-05-14,0.010676174080557876,0.005129843870512738,0.005546330210045139,1.8907269340600028,1.4778110081319509,1.2409849829108337,3781453.8681200007,39345.86812000091,3742108.0,0.010404957852774817,0,28,0.0,0.0,0.0,3276.0,0.0,204,0
2025-05-15,0.0012082654342340238,-0.003185930053312996,0.00439419548754702,1.8930114340600028,1.4731028056280264,1.2464381135228542,3786022.8681200007,39345.86812000091,3746677.0,0.010392401073778673,0,28,0.0,0.0,0.0,0.0,0.0,204,0
2025-05-16,-0.0020466754348601457,-0.0036107903594570926,0.0015641149245969469,1.8891370540600028,1.4677837402189755,1.2483876859788017,3778274.108120001,42292.10812000091,3735982.0,0.011193499177073914,0,28,0.0,0.0,0.0,2946.2400000000002,0.0,204,0
2025-05-19,0.025006126420777708,0.012869860320353631,0.012136266100424077,1.9363770540600027,1.48667391193608,1.263538451132333,3872754.108120001,42292.10812000091,3830462.0,0.010920421730707631,0,28,0.0,0.0,0.0,0.0,0.0,204,0
2025-05-20,-0.011158725494446187,0.006297245924619302,-0.017455971419065488,1.9147695540600027,1.4960358631692572,1.2414821600424768,3829539.108120001,42292.10812000091,3787247.0,0.011043654843562354,0,28,0.0,0.0,0.0,0.0,0.0,204,0
2025-05-21,0.006736319768951171,0.006391193950657035,0.0003451258182941364,1.9276680540600029,1.5055973185279106,1.241910627588859,3855336.108120001,42292.10812000091,3813044.0,0.010969759038888064,0,28,0.0,0.0,0.0,0.0,0.0,204,0
2025-05-22,-0.005182946295632762,-0.006369669355140501,0.0011867230595077388,1.917677054060003,1.4960071614269017,1.2433844315684663,3835354.108120001,42292.10812000091,3793062.0,0.011026910926024374,0,28,0.0,0.0,0.0,0.0,0.0,204,0
2025-05-23,-0.019559080566036946,-0.015208854205341195,-0.0043502263606957515,1.880169054060003,1.4732546066186136,1.2379754278377786,3760338.108120001,42292.10812000091,3718046.0,0.011246889748737261,0,28,0.0,0.0,0.0,0.0,0.0,204,0
2025-05-26,-0.0005924999124916619,0.002573063926157595,-0.003165563838649257,1.8790550540600028,1.4770453849009495,1.234056537590279,3758110.108120001,42292.10812000091,3715818.0,0.011253557480559713,0,28,0.0,0.0,0.0,0.0,0.0,204,0
2025-05-27,0.004904326767908307,0.004091486615675736,0.0008128401522325707,1.8882705540600027,1.4830886963240175,1.2350596282941573,3776541.108120001,42292.10812000091,3734249.0,0.011198635711674891,0,28,0.0,0.0,0.0,0.0,0.0,204,0
2025-05-28,0.002329380178355711,-0.0027805042729570194,0.0051098844513127305,1.8926690540600029,1.4789649618667142,1.2413706402852216,3785338.108120001,42292.10812000091,3743046.0,0.011172610454342057,0,28,0.0,0.0,0.0,0.0,0.0,204,0
2025-05-29,0.00332784011366849,0.005034419072729583,-0.001706578959061093,1.8989675540600026,1.4864106912786348,1.2392521432701147,3797935.108120001,45976.10812000091,3751959.0,0.0121055538894553,0,28,0.0,0.0,0.0,3684.0,0.0,204,0
2025-05-30,0.0023523308707669166,-0.003537136354834774,0.005889467225601691,1.9034345540600026,1.481153053984298,1.2465506781521607,3806869.108120001,45976.10812000091,3760893.0,0.012077144449735474,0,28,0.0,0.0,0.0,0.0,0.0,204,0
2025-06-03,0.008905480865545767,0.0064758760699848,0.002429604795560967,1.9203855540600026,1.49074481760258,1.249579303657709,3840771.108120001,45976.10812000091,3794795.0,0.011970541025681042,0,28,0.0,0.0,0.0,0.0,0.0,204,0
2025-06-04,0.003066571703556953,0.0040220567820546645,-0.0009554850784977116,1.9262745540600026,1.496740677906531,1.2483853492786645,3852549.108120001,48712.10812000091,3803837.0,0.012644123865243044,0,28,0.0,0.0,0.0,2736.0,0.0,204,0
2025-06-05,-0.009658799655939632,-0.004768125639159357,-0.0048906740167802745,1.9076690540600025,1.4896040303050322,1.2422799034880183,3815338.108120001,51288.10812000091,3764050.0,0.013442611550165604,0,28,0.0,0.0,0.0,2576.0,0.0,204,0
2025-06-06,0.0034411629134669663,0.003623250154100957,-0.00018208724063399065,1.9142336540600025,1.4950012383373843,1.2420537001682972,3828467.308120001,56299.308120000904,3772168.0,0.01470544308961257,0,28,0.0,0.0,0.0,5011.2,0.0,204,0
2025-06-09,0.0003823984592723484,0.0028186188994863332,-0.002436220440213985,1.9149656540600022,1.4992150770825174,1.2390277835561039,3829931.308120001,56299.308120000904,3773632.0,0.01469982190036629,0,28,0.0,0.0,0.0,0.0,0.0,204,0
2025-06-10,0.014453522934637864,0.0027694113461107666,0.011684111588527097,1.9426436540600023,1.50336702032725,1.2535047224404587,3885287.308120001,56299.308120000904,3828988.0,0.01449038479145132,0,28,0.0,0.0,0.0,0.0,0.0,204,0
2025-06-11,0.0009376397962608252,0.0002381939816457471,0.000699445814615078,1.9444651540600024,1.5037251133036968,1.2543814810721698,3888930.308120001,56299.308120000904,3832631.0,0.014476810757562094,0,28,0.0,0.0,0.0,0.0,0.0,204,0
2025-06-12,-0.006811641737238028,-0.0029209462475524458,-0.003890695489685582,1.9312201540600022,1.4993328130766421,1.2495010647014173,3862440.308120001,56299.308120000904,3806141.0,0.014576097914482451,0,28,0.0,0.0,0.0,0.0,0.0,204,0
2025-06-13,-0.0008219052585294317,-0.0037490141421235657,0.002927108883594134,1.9296328740600024,1.493711793156668,1.2531584903679651,3859265.748120001,59140.748120000906,3800125.0,0.015324352345730706,0,28,0.0,0.0,0.0,2841.44,0.0,204,0
2025-06-16,-0.0011120768249999191,0.0032572377688222954,-0.0043693145938222145,1.9274869740600022,1.498577167625073,1.2476830466876283,3854973.948120001,59879.9481200009,3795094.0,0.015533165444400277,0,28,0.0,0.0,0.0,739.1999999999999,0.0,204,0
2025-06-17,0.0038902986639672843,0.004793477427953678,-0.0009031787639863934,1.9349854740600023,1.5057605634521305,1.2465561658556743,3869970.948120001,59879.9481200009,3810091.0,0.015472970966123163,0,28,0.0,0.0,0.0,0.0,0.0,204,0
2025-06-18,-0.002772113833363954,-0.003969021388971104,0.0011969075556071502,1.9296214740600022,1.4997841675691197,1.2480481783490756,3859242.948120001,59879.9481200009,3799363.0,0.015515983037339212,0,28,0.0,0.0,0.0,0.0,0.0,204,0
2025-06-19,-0.010192651908365158,-0.010734273113710703,0.0005416212053455452,1.9099535140600021,1.4836850747028136,1.2487241477077622,3819907.028120001,62118.028120000905,3757789.0,0.016261659685097837,0,28,0.0,0.0,0.0,2238.08,0.0,204,0
2025-06-20,0.005011640298853592,0.0010035839160929478,0.004008056382760645,1.9195255140600023,1.4851740771803326,1.2537291044982897,3839051.028120001,62118.028120000905,3776933.0,0.016180568495965098,0,28,0.0,0.0,0.0,0.0,0.0,204,0
2025-06-23,0.012101949064936335,0.008820446545255621,0.0032815025196807138,1.9427555140600021,1.498273975738501,1.2578432197136977,3885511.028120001,62118.028120000905,3823393.0,0.015987093504675143,0,28,0.0,0.0,0.0,0.0,0.0,204,0
2025-06-24,-0.004426959510734574,0.0021368410608709233,-0.006563800571605497,1.9341550140600021,1.5014755490902933,1.2495869876691508,3868310.028120001,62118.028120000905,3806192.0,0.016058182428100334,0,28,0.0,0.0,0.0,0.0,0.0,204,0
2025-06-25,0.004028219012107703,0.004971743291177861,-0.0009435242790701579,1.9419462140600021,1.5089405000783505,1.2484079720074748,3883892.4281200008,66456.4281200009,3817436.0,0.017110779804004293,0,28,0.0,0.0,0.0,4338.4,0.0,204,0
2025-06-26,-0.0003511940727617402,0.0003196722423380483,-0.0006708663150997885,1.941264214060002,1.509422866471565,1.247570457151553,3882528.4281200008,66456.4281200009,3816072.0,0.01711679111959019,0,28,0.0,0.0,0.0,0.0,0.0,204,0
2025-06-27,-0.011388382807388742,-0.00687086252199416,-0.004517520285394582,1.919156354060002,1.4990518294684845,1.241934532303912,3838312.708120001,77437.7081200009,3760875.0,0.020174934667563798,0,28,0.0,0.0,0.0,10981.28,0.0,204,0
2025-06-30,-0.0012161593791263359,0.0016820865084222546,-0.0028982458875485904,1.916822354060002,1.501573364326259,1.2383351006530574,3833644.708120001,77437.7081200009,3756207.0,0.02019950047952564,0,28,0.0,0.0,0.0,0.0,0.0,204,0
2025-07-01,0.015467823498197752,0.012401101033386609,0.0030667224648111436,1.946471423910002,1.5201945273263113,1.2421327307251941,3892942.847820001,26888.8478200011,3866054.0,0.006907074897094499,28,28,2011406.0,1962086.0,1228.8602999999998,0.0,0.0,204,1
2025-07-02,0.0034952991944434686,0.0015477217380025629,0.0019475774564409057,1.953274923910002,1.522547365442247,1.2445518804294617,3906549.847820001,26888.8478200011,3879661.0,0.006883016694387266,0,28,0.0,0.0,0.0,0.0,0.0,204,0
2025-07-03,-0.002242131891619925,0.0029090655116314197,-0.005151197403251345,1.9488954239100018,1.5269765554728805,1.238140948014782,3897790.847820001,26888.8478200011,3870902.0,0.006898484005379557,0,28,0.0,0.0,0.0,0.0,0.0,204,0
2025-07-04,0.006461762824982342,0.009995192047482641,-0.003533429222500299,1.9614887239100016,1.5422389793968354,1.2337660646074924,3922977.4478200013,30690.4478200011,3892287.0,0.007823253696514565,0,28,0.0,0.0,0.0,3801.6,0.0,204,0
2025-07-07,0.009676578696901528,0.021063133022742996,-0.011386554325841469,1.9804692239100017,1.5747233641727305,1.2197177202874596,3960938.4478200013,30690.4478200011,3930248.0,0.007748276885466961,0,28,0.0,0.0,0.0,0.0,0.0,204,0
2025-07-08,-0.004242428965097522,-0.0018236329562772416,-0.0024187960088202804,1.9720672239100017,1.5718516467488055,1.216767471933741,3944134.4478200013,30690.4478200011,3913444.0,0.007781288448968645,0,28,0.0,0.0,0.0,0.0,0.0,204,0
2025-07-09,0.004493254536440894,0.004530140323907889,-3.688578746699478e-05,1.9809282239100017,1.5789723552769435,1.2167225905073744,3961856.4478200013,30690.4478200011,3931166.0,0.007746481535667053,0,28,0.0,0.0,0.0,0.0,0.0,204,0
2025-07-10,0.006948611178264175,0.0015632862768257122,0.005385324901438462,1.9946929239100017,1.5814407410914353,1.2232750369721763,3989385.847820001,37288.8478200011,3952097.0,0.009347014613885388,0,28,0.0,0.0,0.0,6598.4,0.0,204,0
2025-07-11,-0.005243914927765547,-0.0051810926888820365,-6.282223888351077e-05,1.9842329239100018,1.5732471500298664,1.2231981880955833,3968465.847820001,38832.8478200011,3929633.0,0.009785355174804682,0,28,0.0,0.0,0.0,1544.0,0.0,204,0
2025-07-14,0.0038177271976078675,0.00979772051601815,-0.005979993318410282,1.9918081839100021,1.5886613859084813,1.2158834711036801,3983616.367820001,48060.3678200011,3935556.0,0.012064507066553124,0,28,0.0,0.0,0.0,9227.52,0.0,204,0
2025-07-15,-0.012511746965051196,-0.017359627896565952,0.0048478809315147565,1.966887183910002,1.5610828153954672,1.2217779293981874,3933774.367820001,51936.3678200011,3881838.0,0.013202680927727669,0,28,0.0,0.0,0.0,3876.0000000000005,0.0,204,0
2025-07-16,-0.0023221972451517026,-0.00014094080241670756,-0.002181256442734995,1.9623196839100019,1.5608627951308265,1.2191129184180962,3924639.367820001,51936.3678200011,3872703.0,0.013233411519502216,0,28,0.0,0.0,0.0,0.0,0.0,204,0
2025-07-17,-0.004924426982633956,-0.002609560438769477,-0.002314866543864479,1.9526563839100017,1.5567896293303058,1.2162908347100572,3905312.767820001,54708.7678200011,3850604.0,0.014008805714821217,0,28,0.0,0.0,0.0,2772.4,0.0,204,0
2025-07-18,0.004960012462922991,0.0031695149353780047,0.0017904975275449867,1.9623415839100016,1.56172389731171,1.218468600442381,3924683.167820001,57585.1678200011,3867098.0,0.014672564728833201,0,28,0.0,0.0,0.0,2876.4,0.0,204,0
2025-07-21,0.009325338743287448,0.007132981522437911,0.0021923572208495373,1.9806410839100015,1.5728636450143842,1.2211399188769394,3961282.167820001,57585.1678200011,3903697.0,0.014537002258461116,0,28,0.0,0.0,0.0,0.0,0.0,204,0
2025-07-22,0.008178412601652418,0.0014415542461235355,0.0067368583555288825,1.9968395839100015,1.575131013280428,1.2293665655426955,3993679.167820001,57585.1678200011,3936094.0,0.014419077096629842,0,28,0.0,0.0,0.0,0.0,0.0,204,0
2025-07-23,4.782557435745183e-05,-0.004917250619934812,0.004965076194292264,1.9969350839100017,1.5673856993288962,1.2354704642113306,3993870.167820001,57585.1678200011,3936285.0,0.014418387528964962,0,28,0.0,0.0,0.0,0.0,0.0,204,0
2025-07-24,-0.004977878389785473,0.0008929001895317548,-0.005870778579317228,1.9869945839100016,1.5687852183168962,1.2282172906746596,3973989.167820001,57585.1678200011,3916404.0,0.014490519573205183,0,28,0.0,0.0,0.0,0.0,0.0,204,0
2025-07-25,-0.010103701420511424,-0.0057529818901401325,-0.0043507195303712914,1.9669185839100016,1.5597600253663995,1.2228736617205818,3933837.167820001,57585.1678200011,3876252.0,0.014638421816506667,0,28,0.0,0.0,0.0,0.0,0.0,204,0
2025-07-28,-0.004310549541479136,-0.0021543104390965213,-0.002156239102382615,1.9584400839100016,1.5563998180612673,1.2202368537139061,3916880.167820001,57585.1678200011,3859295.0,0.014701794630610566,0,28,0.0,0.0,0.0,0.0,0.0,204,0
2025-07-29,-0.0061765994780138556,-0.005940887364474147,-0.00023571211353970879,1.9463435839100016,1.5471534220480772,1.2199492291060983,3892687.167820001,57585.1678200011,3835102.0,0.014793166092576145,0,28,0.0,0.0,0.0,0.0,0.0,204,0
2025-07-30,0.007846970147644017,0.0020560318067136206,0.005790938340930396,1.9616164839100019,1.5503344186936736,1.2270138798709174,3923232.9678200013,61073.967820001104,3862159.0,0.01556725494533599,0,28,0.0,0.0,0.0,3488.8,0.0,204,0
2025-07-31,-0.01620092421769126,-0.01591863676161844,-0.000282287456072821,1.929836483910002,1.5256552082234542,1.2266675092442025,3859672.9678200013,61073.967820001104,3798599.0,0.01582361208558469,0,28,0.0,0.0,0.0,0.0,0.0,204,0
2025-08-01,0.001256842235195954,0.00435313881108702,-0.003096296575891066,1.9322619839100021,1.532296597122709,1.222869382835573,3864523.9678200013,61073.967820001104,3803450.0,0.015803749266032695,0,28,0.0,0.0,0.0,0.0,0.0,204,0
2025-08-04,0.0034125807239953065,0.005883327048329256,-0.0024707463243339497,1.9388559839100024,1.5413115991386237,1.2198479828027915,3877711.9678200013,61073.967820001104,3816638.0,0.01575000111582194,0,28,0.0,0.0,0.0,0.0,0.0,204,0
2025-08-05,0.008491811736731858,0.010073220349551229,-0.001581408612819371,1.9553203839100022,1.5568375705040662,1.2179189046964567,3910640.767820001,65374.76782000111,3845266.0,0.016717149874250523,0,28,0.0,0.0,0.0,4300.8,0.0,204,0
2025-08-06,-0.0002477854800608803,0.0005046749208972541,-0.0007524604009581344,1.9548358839100022,1.5576232673818102,1.2170024689490944,3909671.767820001,65374.76782000111,3844297.0,0.016721293167905372,0,28,0.0,0.0,0.0,0.0,0.0,204,0
2025-08-07,0.00220018469857286,0.002551890507016816,-0.0003517058084439558,1.959136883910002,1.5615981514113504,1.2165744421118745,3918273.767820001,65374.76782000111,3852899.0,0.016684584001483257,0,28,0.0,0.0,0.0,0.0,0.0,204,0
2025-08-08,0.007141542847213689,0.008526506323159828,-0.0013849634759461396,1.9731281439100021,1.574913127923594,1.21488953094378,3946256.287820001,66688.2878200011,3879568.0,0.01689912741497111,0,28,0.0,0.0,0.0,1313.52,0.0,204,0
2025-08-11,-0.0070517467620869745,-0.0015625501286378246,-0.00548919663344915,1.9592141439100021,1.5724522472129636,1.2082207634205107,3918428.287820001,66688.2878200011,3851740.0,0.017019142095133968,0,28,0.0,0.0,0.0,0.0,0.0,204,0
2025-08-12,0.003104050682210424,0.0049296436465810275,-0.0018255929643706034,1.9652956439100022,1.580203876442989,1.2060150440954038,3930591.287820001,66688.2878200011,3863903.0,0.016966477289728082,0,28,0.0,0.0,0.0,0.0,0.0,204,0
2025-08-13,-0.0038828763619593865,-0.0021218934634801715,-0.001760982898479215,1.9576646439100023,1.5768508521665987,1.203891272227443,3915329.287820001,66688.2878200011,3848641.0,0.017032612819427043,0,28,0.0,0.0,0.0,0.0,0.0,204,0
2025-08-14,-0.008172748100535032,-0.012550930963119754,0.004378182862584722,1.9416651439100021,1.5570599059819192,1.2091621283639244,3883330.287820001,66688.2878200011,3816642.0,0.01717296312115603,0,28,0.0,0.0,0.0,0.0,0.0,204,0
2025-08-15,0.004294046286070996,0.004133535217052597,0.00016051106901839897,1.9500027439100023,1.563496067938356,1.2093562122697648,3900005.4878200013,69331.4878200011,3830674.0,0.01777727955422841,0,28,0.0,0.0,0.0,2643.2000000000003,0.0,204,0
2025-08-18,0.00821383459588576,0.004274845186840609,0.003938989409045151,1.9660197439100024,1.5701797715790267,1.2141198535816582,3932039.4878200013,69331.4878200011,3862708.0,0.0176324495302665,0,28,0.0,0.0,0.0,0.0,0.0,204,0
2025-08-19,0.0016960663850549285,0.0008154071958587073,0.0008806591891962212,1.9693542439100025,1.571460107463564,1.2151890793875006,3938708.4878200013,69331.4878200011,3869377.0,0.017602594361679894,0,28,0.0,0.0,0.0,0.0,0.0,204,0
2025-08-20,0.0031911475649615273,0.0044300406173771985,-0.0012388930524156712,1.9756387439100025,1.5784217395682154,1.213683590079676,3951277.4878200013,69331.4878200011,3881946.0,0.017546600569997597,0,28,0.0,0.0,0.0,0.0,0.0,204,0
2025-08-21,0.00860962058596626,0.008847398982058314,-0.00023777839609205424,1.9926482439100026,1.59238666646013,1.2133950023422637,3985296.4878200013,69331.4878200011,3915965.0,0.017396820545697002,0,28,0.0,0.0,0.0,0.0,0.0,204,0
2025-08-22,0.0003824578684819002,-0.001320841033573843,0.0017032989020557433,1.9934103479100027,1.5902833768097535,1.2154617767175133,3986820.695820001,71472.6958200011,3915348.0,0.017927241095877965,0,28,0.0,0.0,0.0,2141.208,0.0,204,0
2025-08-25,0.0106899715968376,0.0047184059847293295,0.00597156561210827,2.0147198479100026,1.5977869794123083,1.2227199864661915,4029439.695820001,71472.6958200011,3957967.0,0.01773762637374729,0,28,0.0,0.0,0.0,0.0,0.0,204,0
2025-08-26,-0.005479918218631252,-0.0007188767598955654,-0.004761041458735687,2.0036793479100026,1.596638367485545,1.2168985659182012,4007358.695820001,71472.6958200011,3935886.0,0.01783536270275803,0,28,0.0,0.0,0.0,0.0,0.0,204,0
2025-08-27,-0.010750223094562528,-0.01881463211504108,0.008064409020478551,1.9821393479100025,1.5665982039805448,1.2267121336901992,3964278.695820001,71472.6958200011,3892806.0,0.018029180414425215,0,28,0.0,0.0,0.0,0.0,0.0,204,0
2025-08-28,-0.0027298787069161,-0.0011059776147637262,-0.001623901092152374,1.9767283479100024,1.5648655814356134,1.224720074516543,3953456.695820001,71472.6958200011,3881984.0,0.018078532615665006,0,28,0.0,0.0,0.0,0.0,0.0,204,0
2025-08-29,0.004449523885919682,-0.0036515406433478698,0.008101064529267551,1.9855238479100026,1.559151411163625,1.234641610870491,3971047.695820001,71472.6958200011,3899575.0,0.01799844809097473,0,28,0.0,0.0,0.0,0.0,0.0,204,0
2025-09-01,0.006904978761363756,0.00194134273004629,0.004963636031317466,1.9992338479100025,1.562178258420729,1.2407699224559716,3998467.695820001,71472.6958200011,3926995.0,0.017875021447520678,0,28,0.0,0.0,0.0,0.0,0.0,204,0
2025-09-02,0.011926068591188388,0.004197949300420517,0.007728119290767871,2.0230768479100028,1.5687362035477985,1.250358740429108,4046153.695820001,71472.6958200011,3974681.0,0.017664355136543155,0,28,0.0,0.0,0.0,0.0,0.0,204,0
2025-09-03,-0.008621521232878071,-0.017233412818236895,0.008611891585358824,2.005634847910003,1.5417015249491457,1.2611266943444894,4011269.695820001,71472.6958200011,3939797.0,0.017817973170559987,0,28,0.0,0.0,0.0,0.0,0.0,204,0
2025-09-04,0.0004916149123692648,0.004041566512264569,-0.0035499515998953044,2.006620847910003,1.5479324142042874,1.2566497556182306,4013241.695820001,71472.6958200011,3941769.0,0.017809217893465925,0,28,0.0,0.0,0.0,0.0,0.0,204,0
2025-09-05,0.005538166321542359,0.00493904902626403,0.0005991172952783293,2.017733847910003,1.5555777282873855,1.2574026362209287,4035467.695820001,71472.6958200011,3963995.0,0.01771113070587422,0,28,0.0,0.0,0.0,0.0,0.0,204,0
2025-09-08,0.013070108343236964,0.010118201059711332,0.002951907283525632,2.044105847910003,1.5713173765062063,1.2611143722211136,4088211.695820001,71472.6958200011,4016739.0,0.017482630826842573,0,28,0.0,0.0,0.0,0.0,0.0,204,0
2025-09-09,0.003181342104494833,-0.001719010346131593,0.004900352450626426,2.0506088479100035,1.5686162656789358,1.2672942771255473,4101217.695820001,71472.6958200011,4029745.0,0.01742718897678773,0,28,0.0,0.0,0.0,0.0,0.0,204,0
2025-09-10,-0.006566098655881203,0.0009711936880805193,-0.007537292343961722,2.0371443479100035,1.5701396958951837,1.2577423096730225,4074288.695820001,71472.6958200011,4002816.0,0.01754237393470134,0,28,0.0,0.0,0.0,0.0,0.0,204,0
2025-09-11,0.006673802970294407,0.004628164677476514,0.002045638292817893,2.0507398479100036,1.5774065609744297,1.2603151955041867,4101479.695820001,71472.6958200011,4030007.0,0.01742607573867599,0,28,0.0,0.0,0.0,0.0,0.0,204,0
2025-09-12,-0.0035494507055189306,-0.0040657281607719324,0.0005162774552530018,2.0434608479100036,1.5709932546984895,1.2609658678261382,4086921.695820001,71472.6958200011,4015449.0,0.017488149061701267,0,28,0.0,0.0,0.0,0.0,0.0,204,0
2025-09-15,-0.007479957355499667,-0.0032691041386095424,-0.004210853216890124,2.0281758479100036,1.5658575141478268,1.255656125645214,4056351.695820001,71472.6958200011,3984879.0,0.017619945502667447,0,28,0.0,0.0,0.0,0.0,0.0,204,0
2025-09-16,-0.0033739677982318472,0.0009354020430059017,-0.004309369841237749,2.0213328479100037,1.5673222204656168,1.250245039006393,4042665.695820001,71472.6958200011,3971193.0,0.017679595889885675,0,28,0.0,0.0,0.0,0.0,0.0,204,0
2025-09-17,-0.0038093676694372913,0.0007215397346796278,-0.004530907404116919,2.013632847910004,1.5684531057247288,1.2445802945021986,4027265.695820001,71472.6958200011,3955793.0,0.017747201505523807,0,28,0.0,0.0,0.0,0.0,0.0,204,0
2025-09-18,-0.017672039884001012,-0.017440413554513354,-0.00023162632948765804,1.9780478479100037,1.5410986349200289,1.2442920169368303,3956095.695820001,71472.6958200011,3884623.0,0.01806647293580864,0,28,0.0,0.0,0.0,0.0,0.0,204,0
2025-09-19,-0.0007696982667070307,0.00010140829050217013,-0.0008711065572092008,1.9765253479100038,1.5412549150980914,1.2432081060017937,3953050.695820001,71472.6958200011,3881578.0,0.018080389380175952,0,28,0.0,0.0,0.0,0.0,0.0,204,0
2025-09-22,-0.007160292689878722,-0.004887104321029388,-0.0022731883688493345,1.9623728479100038,1.5337226415427079,1.2403820597951711,3924745.695820001,71472.6958200011,3853273.0,0.018210783923178046,0,28,0.0,0.0,0.0,0.0,0.0,204,0
2025-09-23,0.00553003982477529,0.0035339056170549305,0.0019961342077203597,1.9732248479100039,1.5391426726006598,1.242858028855371,3946449.695820001,71472.6958200011,3874977.0,0.01811063141022766,0,28,0.0,0.0,0.0,0.0,0.0,204,0
2025-09-24,0.00022526576252612784,0.007401397730713471,-0.007176131968187343,1.9736693479100038,1.5505344796848906,1.2339391156225836,3947338.695820001,71472.6958200011,3875866.0,0.018106552623844127,0,28,0.0,0.0,0.0,0.0,0.0,204,0
2025-09-25,-0.010020675459616935,-0.01049450945860302,0.0004738339989860847,1.9538918479100038,1.5342623809219473,1.2345237979282444,3907783.695820001,71472.6958200011,3836311.0,0.01828982906511754,0,28,0.0,0.0,0.0,0.0,0.0,204,0
2025-09-26,0.0047965807370684566,0.001842145334482546,0.002954435402585911,1.963263847910004,1.5370887152088348,1.2381711187421784,3926527.695820001,71472.6958200011,3855055.0,0.018202519212098672,0,28,0.0,0.0,0.0,0.0,0.0,204,0
2025-09-29,0.0031302466077303137,0.004424616162991184,-0.0012943695552608703,1.9694093479100039,1.5438897427820995,1.2365684677418753,3938818.695820001,71472.6958200011,3867346.0,0.018145718637887595,0,28,0.0,0.0,0.0,0.0,0.0,204,0
2025-09-30,-0.00023458810149867837,-0.00404126268685155,0.0038066745853528716,1.968947347910004,1.5376504787719814,1.241275681501077,3937894.695820001,71472.6958200011,3866422.0,0.018149976406395017,0,28,0.0,0.0,0.0,0.0,0.0,204,0
2025-10-09,0.010572536701957347,0.012662313381503441,-0.0020897766795460945,1.989764116010004,1.557120691005411,1.2386816925289883,3979528.232020001,27204.232020001014,3952324.0,0.006836044484145347,28,28,1722721.0,1679505.0,1052.4638,0.0,0.0,204,1
2025-10-10,0.01506510231982161,0.01508883028782201,-2.3727968000399752e-05,2.019740116010004,1.5806158208496477,1.2386523011294253,4039480.232020001,27204.232020001014,4012276.0,0.0067345872383183175,0,28,0.0,0.0,0.0,0.0,0.0,204,0
2025-10-13,-0.003540802078104921,-0.0005388735481238792,-0.0030019285299810418,2.012588616010004,1.5797640687940457,1.2349339554479382,4025177.232020001,27204.232020001014,3997973.0,0.0067585178122327805,0,28,0.0,0.0,0.0,0.0,0.0,204,0
2025-10-14,0.014402595627051928,0.013848199824134244,0.0005543958029176847,2.041575116010004,1.601640957293693,1.2356185976497192,4083150.232020001,27204.232020001014,4055946.0,0.006662559659614248,0,28,0.0,0.0,0.0,0.0,0.0,204,0
2025-10-15,-0.0009871691637477475,0.004154411987650139,-0.0051415811513978865,2.039559736010004,1.6082948336865854,1.2292655643577268,4079119.472020001,32126.472020001012,4046993.0,0.00787583502772274,0,28,0.0,0.0,0.0,4922.24,0.0,204,0
2025-10-16,0.006905951196876758,-0.002173073435093844,0.009079024631970602,2.053644836010004,1.6047998909077024,1.2404260966957639,4107289.672020001,33249.67202000101,4074040.0,0.008095282942059582,0,28,0.0,0.0,0.0,1123.1999999999998,0.0,204,0
2025-10-17,-0.0019234095062291567,-0.004028814738821836,0.002105405232592679,2.049694836010004,1.5983344494543537,1.2430376962903915,4099389.672020001,33249.67202000101,4066140.0,0.008110883492472921,0,28,0.0,0.0,0.0,0.0,0.0,204,0
2025-10-20,0.006736856510250133,0.011552406029861807,-0.004815549519611674,2.063503336010004,1.616799057985966,1.237051786709161,4127006.672020001,33249.67202000101,4093757.0,0.008056607285232872,0,28,0.0,0.0,0.0,0.0,0.0,204,0
2025-10-21,0.0029651030328987638,0.008507099850696202,-0.005541996817797438,2.069621836010004,1.630553329010764,1.2301960496437683,4139243.672020001,33249.67202000101,4105994.0,0.008032789237502117,0,28,0.0,0.0,0.0,0.0,0.0,204,0
2025-10-22,0.004125632930343182,-0.0014920638181267548,0.005617696748469936,2.0781603360100043,1.628120439385021,1.2371069179918328,4156320.672020001,33249.67202000101,4123071.0,0.007999785060819534,0,28,0.0,0.0,0.0,0.0,0.0,204,0
2025-10-23,0.013020650779983933,0.008631511041607254,0.0043891397383766795,2.1052193360100047,1.6421735789346394,1.2425367531262115,4210438.672020001,33249.67202000101,4177189.0,0.007896961483124782,0,28,0.0,0.0,0.0,0.0,0.0,204,0
2025-10-24,-0.015872930401320207,-0.010568250991105956,-0.005304679410214251,2.0718033360100043,1.6248186763814956,1.2359454939954684,4143606.672020001,34173.67202000101,4109433.0,0.008247325271184923,0,28,0.0,0.0,0.0,924.0,0.0,204,0
2025-10-27,0.005282354656825916,0.005070494530492147,0.00021186012633376931,2.082747336010004,1.6330573105931296,1.2362073415639678,4165494.672020001,34173.67202000101,4131321.0,0.00820398889225537,0,28,0.0,0.0,0.0,0.0,0.0,204,0
2025-10-28,0.01210708546544459,0.0006509187771217665,0.011456166688322823,2.1079633360100045,1.6341202982607106,1.2503695389302532,4215926.672020001,34173.67202000101,4181753.0,0.008105850665478292,0,28,0.0,0.0,0.0,0.0,0.0,204,0
2025-10-29,-0.00374034019724645,-0.002569096321066429,-0.001171243876180021,2.1000788360100047,1.6299220858142691,1.248905051264819,4200157.672020001,37069.67202000101,4163088.0,0.008825781057446093,0,28,0.0,0.0,0.0,2896.0,0.0,204,0
2025-10-30,-0.0024096714433896604,-0.0023368294408254225,-7.284200256423793e-05,2.0950183360100043,1.6261132358978867,1.2488140785198723,4190036.672020001,37069.67202000101,4152967.0,0.00884709966085568,0,28,0.0,0.0,0.0,0.0,0.0,204,0
2025-10-31,-0.007810948342898749,-0.004104306867538321,-0.003706641475360428,2.0786542560100045,1.619439168176396,1.2441851724614166,4157308.512020001,38273.512020001006,4119035.0,0.009206319884449525,0,28,0.0,0.0,0.0,1203.84,0.0,204,0
2025-11-03,0.01005578486155878,0.009419021861173294,0.000636763000385487,2.0995567560100046,1.63469270110429,1.244977423544868,4199113.512020001,38273.512020001006,4160840.0,0.00911466477637309,0,28,0.0,0.0,0.0,0.0,0.0,204,0
2025-11-04,0.009890659035797444,0.008063740931756267,0.001826918104041177,2.1203227560100046,1.647874439549028,1.2472518953390646,4240645.512020001,38273.512020001006,4202372.0,0.009025397645597991,0,28,0.0,0.0,0.0,0.0,0.0,204,0
2025-11-05,0.0043472155236146115,0.009429970251837207,-0.005082754728222595,2.1295402560100047,1.6634138464927382,1.2409124198707453,4259080.512020001,38273.512020001006,4220807.0,0.008986332123092128,0,28,0.0,0.0,0.0,0.0,0.0,204,0
2025-11-06,0.003288738017623638,0.004636768295551659,-0.001348030277928021,2.136543756010005,1.6711267110785375,1.2392396323565025,4273087.512020001,38273.512020001006,4234814.0,0.0089568753067517,0,28,0.0,0.0,0.0,0.0,0.0,204,0
2025-11-07,-0.003966686839977029,-0.0007820533545048559,-0.0031846334854721734,2.128068756010005,1.6698198008283358,1.2352931083267757,4256137.512020001,38273.512020001006,4217864.0,0.008992545920311689,0,28,0.0,0.0,0.0,0.0,0.0,204,0
2025-11-10,0.0022612051356001306,0.004883979195988859,-0.0026227740603887283,2.132880756010005,1.6779751659966318,1.2320532136052793,4265761.512020001,38273.512020001006,4227488.0,0.008972257804885354,0,28,0.0,0.0,0.0,0.0,0.0,204,0
2025-11-11,0.0025779687797859996,0.0016451322419822726,0.0009328365378037269,2.1383792560100052,1.6807356570434586,1.2332025178594488,4276758.512020001,38273.512020001006,4238485.0,0.00894918707998868,0,28,0.0,0.0,0.0,0.0,0.0,204,0
2025-11-12,-0.00017115766483954964,-0.0020832468397335704,0.0019120891748940208,2.138013256010005,1.6772342697974953,1.2355605110443,4276026.512020001,40253.512020001006,4235773.0,0.009413765772229786,0,28,0.0,0.0,0.0,1979.9999999999998,0.0,204,0
2025-11-13,-0.000962108160095676,0.0006801214134370508,-0.0016422295735327268,2.1359562560100054,1.6783749927397351,1.2335314370331738,4271912.512020001,40253.512020001006,4231659.0,0.009422831555360407,0,28,0.0,0.0,0.0,0.0,0.0,204,0
2025-11-14,0.002585024849860007,0.006516785505801256,-0.003931760655941249,2.1414777560100053,1.6893126025657208,1.2286814866611802,4282955.512020001,40253.512020001006,4242702.0,0.009398536105974156,0,28,0.0,0.0,0.0,0.0,0.0,204,0
2025-11-17,-0.0090645349668107,-0.0059347439918943454,-0.0031297909749163546,2.1220662560100054,1.6792869647472126,1.224835970433181,4244132.512020001,40253.512020001006,4203879.0,0.00948450876733872,0,28,0.0,0.0,0.0,0.0,0.0,204,0
2025-11-18,-0.011196398761211923,-0.014547350203078891,0.003350951441866968,2.0983067560100053,1.6548577891795695,1.2289403362943547,4196613.512020001,40253.512020001006,4156360.0,0.009591903544299783,0,28,0.0,0.0,0.0,0.0,0.0,204,0
2025-11-19,-0.0035864632177565747,-0.008146512453760316,0.004560049236003741,2.0907812560100054,1.641376469590816,1.2345443647359682,4181562.512020001,40253.512020001006,4141309.0,0.009626428375587194,0,28,0.0,0.0,0.0,0.0,0.0,204,0
2025-11-20,0.002518197436898628,0.0014085314803994264,0.0011096659564992018,2.0960462560100055,1.6436884000194214,1.2359142965893037,4192092.512020001,40253.512020001006,4151839.0,0.009602248019236688,0,28,0.0,0.0,0.0,0.0,0.0,204,0
2025-11-21,-0.0225484050576098,-0.030766804855317288,0.008218399797707488,2.0487837560100055,1.5931173597730752,1.246071534394377,4097567.512020001,40253.512020001006,4057314.0,0.009823758095972652,0,28,0.0,0.0,0.0,0.0,0.0,204,0
2025-11-24,-0.003937946099159095,-0.0011211615377016801,-0.0028167845614574154,2.0407157560100053,1.5913312178642527,1.2425616193338234,4081431.512020001,40253.512020001006,4041178.0,0.00986259646926638,0,28,0.0,0.0,0.0,0.0,0.0,204,0
2025-11-25,0.009908876305015912,0.010225634421220238,-0.000316758116204326,2.0609369560100057,1.6076035891412075,1.2421680278560154,4121873.912020001,42347.91202000101,4079526.0,0.010273946492275797,0,28,0.0,0.0,0.0,2094.4,0.0,204,0
2025-11-26,-0.0021956033088758042,-0.003078588399124378,0.0008829850902485736,2.0564119560100056,1.6026544393812867,1.2432648437041958,4112823.912020001,42347.91202000101,4070476.0,0.010296553639516736,0,28,0.0,0.0,0.0,0.0,0.0,204,0
2025-11-27,0.0034365682320345314,0.004348262345928076,-0.000911694113893545,2.0634789560100057,1.609623201333583,1.2421313664641798,4126957.912020001,42347.91202000101,4084610.0,0.010261290016227278,0,28,0.0,0.0,0.0,0.0,0.0,204,0
2025-11-28,0.00012163923420160927,0.005465816022595616,-0.005344176788394007,2.0637299560100058,1.6184211056177735,1.2354931968473857,4127459.912020001,42347.91202000101,4085112.0,0.010260041992576425,0,28,0.0,0.0,0.0,0.0,0.0,204,0
2025-12-01,0.007172934596840319,0.004972570095113983,0.0022003645017263365,2.078532956010006,1.6264688180088698,1.2382117322198531,4157065.912020001,42347.91202000101,4114718.0,0.010186971512179684,0,28,0.0,0.0,0.0,0.0,0.0,204,0
2025-12-02,0.00660393666615211,0.0008295988373325317,0.005774337828819579,2.092259456010006,1.6278181346492477,1.2453615850652984,4184518.912020001,42347.91202000101,4142171.0,0.010120138756777256,0,28,0.0,0.0,0.0,0.0,0.0,204,0
2025-12-03,0.004930076893843172,0.0012822810250137432,0.0036477958688294282,2.102574456010006,1.6299054549554817,1.2499044099104986,4205148.912020001,44883.91202000101,4160265.0,0.010673560665522403,0,28,0.0,0.0,0.0,2536.0,0.0,204,0
2025-12-04,-0.0072045011089623134,-0.006595453483643335,-0.0006090476253189786,2.087426456010006,1.6191554893445863,1.2491431585977668,4174852.912020001,44883.91202000101,4129969.0,0.01075101637491797,0,28,0.0,0.0,0.0,0.0,0.0,204,0
2025-12-05,-0.0016822149541555476,0.00041894447164283864,-0.002101159425798386,2.083914956010006,1.6198338255855775,1.2465185096759075,4167829.912020001,44883.91202000101,4122946.0,0.010769132370434798,0,28,0.0,0.0,0.0,0.0,0.0,204,0
2025-12-08,-0.00303779191264153,-0.002188623749356596,-0.0008491681632849337,2.077584456010006,1.6162886188048897,1.2454600058425453,4155168.912020001,44883.91202000101,4110285.0,0.010801946435958741,0,28,0.0,0.0,0.0,0.0,0.0,204,0
2025-12-09,-0.0017099184534825618,-0.006448066483214634,0.004738148029732072,2.074031956010006,1.6058666823347727,1.2513611797153383,4148063.912020001,44883.91202000101,4103180.0,0.010820448520559002,0,28,0.0,0.0,0.0,0.0,0.0,204,0
2025-12-10,0.0021814996566900113,-0.00019534919140239547,0.0023768488480924066,2.078556456010006,1.6055529775768786,1.2543354760938923,4157112.912020001,44883.91202000101,4112229.0,0.010796895097610247,0,28,0.0,0.0,0.0,0.0,0.0,204,0
2025-12-11,-0.009637938840716065,-0.01011113464085262,0.00047319580013655514,2.058523456010006,1.589319015247577,1.2549290223731422,4117046.912020001,44883.91202000101,4072163.0,0.010901967594529794,0,28,0.0,0.0,0.0,0.0,0.0,204,0
2025-12-12,-0.008860477128277755,0.0023901218416930094,-0.011250598969970764,2.040283956010006,1.5931176813393382,1.2408103192066446,4080567.912020001,44883.91202000101,4035684.0,0.010999427772734249,0,28,0.0,0.0,0.0,0.0,0.0,204,0
2025-12-15,0.0060342620269762115,0.0013584632707051738,0.004675798756271037,2.052595564010006,1.5952818731953486,1.2466120985539595,4105191.128020001,47067.12802000101,4058124.0,0.011465270812543686,0,28,0.0,0.0,0.0,2183.216,0.0,204,0
2025-12-16,-0.007497580268533088,-0.015163888383341869,0.007666308114808781,2.037206064010006,1.571091196930246,1.2561690110011225,4074412.128020001,47067.12802000101,4027345.0,0.011551881974903143,0,28,0.0,0.0,0.0,0.0,0.0,204,0
2025-12-17,0.004144156130863719,0.0014897203858366445,0.002654435745027074,2.0456485640100057,1.5734316835143214,1.2595034309257194,4091297.128020001,47067.12802000101,4044230.0,0.01150420674598604,0,28,0.0,0.0,0.0,0.0,0.0,204,0
2025-12-18,0.008381205013236137,0.004835155250554297,0.0035460497626818403,2.0627935640100055,1.5810394699802541,1.2639696927680504,4125587.128020001,47067.12802000101,4078520.0,0.011408589022476906,0,28,0.0,0.0,0.0,0.0,0.0,204,0
2025-12-19,0.0033357676308740647,0.008484291071396508,-0.0051485234405224435,2.0696745640100054,1.594453469038933,1.2574621151767242,4139349.128020001,47067.12802000101,4092282.0,0.011370659145756787,0,28,0.0,0.0,0.0,0.0,0.0,204,0
2025-12-22,-0.002876056025188367,0.000988392831685659,-0.003864448856874026,2.063722064010005,1.5960294154181873,1.2526027171431673,4127444.128020001,47067.12802000101,4080377.0,0.011403456124451487,0,28,0.0,0.0,0.0,0.0,0.0,204,0
2025-12-23,-0.002839771935476909,-0.003629330587594525,0.0007895586521176161,2.057861564010005,1.5902368970421095,1.2535917204561537,4115723.128020001,47067.12802000101,4068656.0,0.011435931561957166,0,28,0.0,0.0,0.0,0.0,0.0,204,0
2025-12-24,0.0034300169279830595,0.004597603461018005,-0.0011675865330349451,2.0649200640100047,1.5975481757037888,1.252128043645425,4129840.128020001,47067.12802000101,4082773.0,0.011396840207121223,0,28,0.0,0.0,0.0,0.0,0.0,204,0
2025-12-25,0.0038892546689697216,0.005403604155819347,-0.0015143494868496256,2.072951064010005,1.6061806936651435,1.2502318841850606,4145902.128020001,47067.12802000101,4098835.0,0.011352686717300612,0,28,0.0,0.0,0.0,0.0,0.0,204,0
2025-12-26,-0.0037166820451111082,-8.04949045804254e-05,-0.003636187140530683,2.065246564010005,1.606051404303468,1.2456858070851053,4130493.128020001,47067.12802000101,4083426.0,0.011395038452118953,0,28,0.0,0.0,0.0,0.0,0.0,204,0
2025-12-29,-0.010813963034339125,-0.007518604460249272,-0.003295358574089853,2.042913064010005,1.5939761390516822,1.2415808256801055,4085826.128020001,47067.12802000101,4038759.0,0.011519611100732234,0,28,0.0,0.0,0.0,0.0,0.0,204,0
2025-12-30,-0.007356407017389599,-0.007257683830078333,-9.872318731126567e-05,2.0278845640100047,1.582407564201756,1.2414582528636897,4055769.128020001,47067.12802000101,4008702.0,0.011604982072285476,0,28,0.0,0.0,0.0,0.0,0.0,204,0
2025-12-31,-0.0011134756090529496,0.00030621556052566384,-0.0014196911695786136,2.0256265640100044,1.5828921220210082,1.2396957655446985,4051253.128020001,48735.12802000101,4002518.0,0.01202964279939222,0,28,0.0,0.0,0.0,1668.0,0.0,204,0
2026-01-05,-0.0005836272445299828,0.0063283734832571045,-0.006912000727787087,2.0244443531600047,1.5929092545528625,1.231126987511019,4048888.7063200013,26588.70632000122,4022300.0,0.006566914590291976,28,28,1651158.0,1630050.0,1038.4216999999999,0.0,0.0,204,1
2026-01-06,0.00740548880812586,0.0076345941334247545,-0.00022910532529889487,2.0394363531600046,1.6050704702027498,1.230844929762061,4078872.7063200013,26588.70632000122,4052284.0,0.006518640868297607,0,28,0.0,0.0,0.0,0.0,0.0,204,0
2026-01-07,-0.003638750475591701,-0.0019851689032283066,-0.0016535815723633944,2.0320153531600047,1.6018841342178134,1.2288096272677695,4064030.7063200013,26588.70632000122,4037442.0,0.00654244720116237,0,28,0.0,0.0,0.0,0.0,0.0,204,0
2026-01-08,-0.004065914161106909,0.002943529130013584,-0.007009443291120493,2.023753353160005,1.60659932682979,1.2201963558698532,4047506.7063200013,26588.70632000122,4020918.0,0.006569156828939688,0,28,0.0,0.0,0.0,0.0,0.0,204,0
2026-01-09,0.0022833810220916906,0.00460312969369867,-0.002319748671606979,2.0283743531600047,1.6139947118969964,1.2173658069942244,4056748.7063200013,26588.70632000122,4030160.0,0.006554191113336333,0,28,0.0,0.0,0.0,0.0,0.0,204,0
2026-01-12,0.005482469240786436,0.010066097690472403,-0.004583628449685967,2.0394948531600043,1.6302413403388576,1.2117858544476108,4078989.7063200013,26588.70632000122,4052401.0,0.006518453890384813,0,28,0.0,0.0,0.0,0.0,0.0,204,0
2026-01-13,2.157396961899316e-05,0.001501384313754187,-0.0014798103441351939,2.0395388531600047,1.6326889591148759,1.2099926412053224,4079077.7063200013,27644.70632000122,4051433.0,0.006777195314805927,0,28,0.0,0.0,0.0,1056.0,0.0,204,0
2026-01-14,-0.007656632760785653,-0.0035514948757604135,-0.00410513788502524,2.0239228531600046,1.6268904726428688,1.2050254545733088,4047845.7063200013,27644.70632000122,4020201.0,0.006829486182449805,0,28,0.0,0.0,0.0,0.0,0.0,204,0
2026-01-15,-0.0005111360832675826,-0.001523644156737583,0.0010125080734700003,2.022888353160005,1.6244116704805744,1.206245552574801,4045776.7063200013,27644.70632000122,4018132.0,0.006832978764452518,0,28,0.0,0.0,0.0,0.0,0.0,204,0
2026-01-16,-0.0038071799602629186,-0.0012301548012983064,-0.0025770251589646125,2.015186853160005,1.6224133926648479,1.2031370274379265,4030373.7063200013,27644.70632000122,4002729.0,0.006859092564208561,0,28,0.0,0.0,0.0,0.0,0.0,204,0
2026-01-19,0.008511369540300517,0.010580296838038015,-0.0020689272977374978,2.032338853160005,1.6395790079532502,1.2006478243989416,4064677.7063200013,27644.70632000122,4037033.0,0.006801204995175287,0,28,0.0,0.0,0.0,0.0,0.0,204,0
2026-01-20,0.012623387069587322,0.009968074454205451,0.0026553126153818704,2.057993853160005,1.6559224535780805,1.203835919713699,4115987.7063200013,27644.70632000122,4088343.0,0.006716421013005804,0,28,0.0,0.0,0.0,0.0,0.0,204,0
2026-01-21,-0.00933846326629717,-0.007986310332965187,-0.0013521529333319834,2.038775353160005,1.6426977429764809,1.2022081494436077,4077550.7063200013,27644.70632000122,4049906.0,0.0067797333034150375,0,28,0.0,0.0,0.0,0.0,0.0,204,0
2026-01-22,0.002012973128029616,0.009168941487958805,-0.007155968359929189,2.0428793531600054,1.6577595424642342,1.1936051859641401,4085758.7063200013,27644.70632000122,4058114.0,0.00676611329916262,0,28,0.0,0.0,0.0,0.0,0.0,204,0
2026-01-23,7.978934230634671e-05,0.002064107733505183,-0.0019843183911988365,2.043042353160005,1.6611813367561268,1.1912366932418013,4086084.7063200013,27644.70632000122,4058440.0,0.006765573478504444,0,28,0.0,0.0,0.0,0.0,0.0,204,0
2026-01-26,0.0031940111226314016,0.0007369854154659029,0.0024570257071654987,2.049567853160005,1.6624056031737604,1.194163592420415,4099135.7063200013,27644.70632000122,4071491.0,0.0067440329622117465,0,28,0.0,0.0,0.0,0.0,0.0,204,0
2026-01-27,-0.009053615849502372,-0.007521895622398288,-0.001531720227104084,2.031011853160005,1.6499011617445973,1.1923344678914334,4062023.7063200013,27644.70632000122,4034379.0,0.00680564869106734,0,28,0.0,0.0,0.0,0.0,0.0,204,0
2026-01-28,0.0049563964800785065,0.002367112138776073,0.0025892843413024337,2.041078353160005,1.6538066628123438,1.1954217608587399,4082156.7063200013,27644.70632000122,4054512.0,0.006772083559948016,0,28,0.0,0.0,0.0,0.0,0.0,204,0
2026-01-29,0.0014257169478548715,0.0017597099700470823,-0.00033399302219221084,2.043988353160005,1.6567168828854248,1.1950224983320363,4087976.7063200013,27644.70632000122,4060332.0,0.006762442231449748,0,28,0.0,0.0,0.0,0.0,0.0,204,0
2026-01-30,-0.00299072154229707,-0.0018717261985237176,-0.0011189953437733525,2.037875353160005,1.6536159624921916,1.1936852737206984,4075750.7063200013,27644.70632000122,4048106.0,0.006782727480641633,0,28,0.0,0.0,0.0,0.0,0.0,204,0
2026-02-02,-0.013338156309634641,-0.015517605129408871,0.00217944881977423,2.0106938531600047,1.6279558029505503,1.1962868496816907,4021387.7063200013,27644.70632000122,3993743.0,0.006874419563315141,0,28,0.0,0.0,0.0,0.0,0.0,204,0
2026-02-03,0.0017633216486079295,0.003610713254640537,-0.0018473916060326077,2.0142393531600047,1.6338338845462328,1.1940768393971815,4028478.7063200013,27644.70632000122,4000834.0,0.006862319087508482,0,28,0.0,0.0,0.0,0.0,0.0,204,0
2026-02-04,0.014101849393140853,0.01332442320453079,0.0007774261886100628,2.0426438531600044,1.6556037786698294,1.1950051460033415,4085287.7063200013,27644.70632000122,4057643.0,0.0067668933762570615,0,28,0.0,0.0,0.0,0.0,0.0,204,0
2026-02-05,0.0011208512910647617,-0.003754927217164866,0.0048757785082296275,2.0449333531600042,1.649387106980461,1.2008317264114483,4089866.7063200013,29728.70632000122,4060138.0,0.007268869245558042,0,28,0.0,0.0,0.0,2084.0,0.0,204,0
2026-02-06,-0.003116971998207374,0.0017078421285206186,-0.004824814126727993,2.038559353160004,1.6522039997680011,1.1950379365340351,4077118.7063200013,29728.70632000122,4047390.0,0.007291596949070509,0,28,0.0,0.0,0.0,0.0,0.0,204,0
2026-02-09,0.005303500230808167,0.00528716305991583,1.633717089233669e-05,2.0493708531600046,1.6609394717230197,1.195057460073027,4098741.7063200013,29728.70632000122,4069013.0,0.007253129972586814,0,28,0.0,0.0,0.0,0.0,0.0,204,0
2026-02-10,-0.0024905204405195613,-0.003220245849123946,0.0007297254086043848,2.0442668531600043,1.6555908382835576,1.1959295238663845,4088533.7063200013,29728.70632000122,4058805.0,0.007271239142298614,0,28,0.0,0.0,0.0,0.0,0.0,204,0
2026-02-11,0.0036453166515324487,0.004099148418004728,-0.00045383176647227977,2.051718853160004,1.6623773508491706,1.195386773057992,4103437.7063200013,29728.70632000122,4073709.0,0.00724482944488566,0,28,0.0,0.0,0.0,0.0,0.0,204,0
2026-02-12,-0.008073474576932305,-0.004551679074245537,-0.0035217955026867675,2.0351543531600043,1.6548107426478107,1.191176865296665,4070308.7063200013,29728.70632000122,4040580.0,0.007303796459919912,0,28,0.0,0.0,0.0,0.0,0.0,204,0
2026-02-13,-0.01321521385257085,-0.011996833255733585,-0.0012183805968372652,2.008259353160004,1.6349582540984682,1.189725558516586,4016518.7063200013,29728.70632000122,3986790.0,0.007401610323194321,0,28,0.0,0.0,0.0,0.0,0.0,204,0
2026-02-24,0.010558148262392653,0.018192931005356988,-0.007634782742964336,2.029462853160004,1.6647029368119206,1.18064226235356,4058925.7063200013,29728.70632000122,4029197.0,0.007324279494377481,0,28,0.0,0.0,0.0,0.0,0.0,204,0
2026-02-25,0.003827860159107521,0.005159519645070591,-0.00133165948596307,2.037231353160004,1.6732920043176085,1.179070048885368,4074462.7063200013,29728.70632000122,4044734.0,0.007296350086574183,0,28,0.0,0.0,0.0,0.0,0.0,204,0
2026-02-26,0.0024071885563676787,0.004919260017070951,-0.0025120714607032727,2.0421353531600044,1.6815233627713324,1.176108140665393,4084270.7063200013,29728.70632000122,4054542.0,0.0072788285737277435,0,28,0.0,0.0,0.0,0.0,0.0,204,0
2026-02-27,0.013829151900387027,0.01908252283586341,-0.005253370935476384,2.070376353160005,1.713611070740454,1.1699296083422444,4140752.7063200013,29728.70632000122,4111024.0,0.007179541602333921,0,28,0.0,0.0,0.0,0.0,0.0,204,0
2026-03-02,0.004708805713087072,0.00564836194033965,-0.0009395562272525781,2.080125353160005,1.723290166292969,1.1688303936932791,4160250.7063200013,29728.70632000122,4130522.0,0.007145892980641567,0,28,0.0,0.0,0.0,0.0,0.0,204,0
2026-03-03,0.0006571719333756665,0.010969693147644297,-0.01031252121426863,2.081492353160005,1.7421941306215558,1.1567768054624352,4162984.7063200013,29728.70632000122,4133256.0,0.007141199984441169,0,28,0.0,0.0,0.0,0.0,0.0,204,0
2026-03-04,-0.017576091473244904,-0.013908361709377537,-0.0036677297638673667,2.044907853160005,1.7179630644849166,1.152534060742889,4089815.7063200013,29728.70632000122,4060087.0,0.0072689598883542315,0,28,0.0,0.0,0.0,0.0,0.0,204,0
2026-03-05,0.005956258606556908,0.005905870771471182,5.038783508572609e-05,2.0570878531600054,1.7281091323339253,1.1525921344390724,4114175.7063200013,29728.70632000122,4084447.0,0.007225920437557733,0,28,0.0,0.0,0.0,0.0,0.0,204,0
2026-03-06,0.011502668670009264,0.010382244768356143,0.0011204239016531208,2.0807498531600057,1.7460507843322477,1.1538835262153553,4161499.7063200013,29728.70632000122,4131771.0,0.0071437482681670555,0,28,0.0,0.0,0.0,0.0,0.0,204,0
2026-03-09,-0.00599255118584463,-0.0011174669295843805,-0.004875084256260249,2.068280853160006,1.7440996303233816,1.1482582468031448,4136561.7063200013,29728.70632000122,4106833.0,0.0071868156286851795,0,28,0.0,0.0,0.0,0.0,0.0,204,0
2026-03-10,0.0027501100690989766,0.0007028840963517234,0.002047225972747253,2.073968853160006,1.7453255302159887,1.1506089909094215,4147937.7063200013,29728.70632000122,4118209.0,0.007167105300232717,0,28,0.0,0.0,0.0,0.0,0.0,204,0
2026-03-11,0.012679795050890785,0.010710643762822544,0.0019691512880682417,2.100266353160006,1.7640190902202917,1.1528747140859337,4200532.706320001,29728.70632000122,4170804.0,0.007077365752984678,0,28,0.0,0.0,0.0,0.0,0.0,204,0
2026-03-12,0.01919470829942349,0.014203866634678108,0.004990841664745383,2.1405803531600065,1.789074982118807,1.158628529243225,4281160.706320001,29728.70632000122,4251432.0,0.0069440762352402825,0,28,0.0,0.0,0.0,0.0,0.0,204,0
2026-03-13,-0.005794690202443831,-0.01157452163344472,0.005779831431000889,2.1281763531600064,1.768367295034418,1.1653252068333995,4256352.706320001,29728.70632000122,4226624.0,0.006984549536005054,0,28,0.0,0.0,0.0,0.0,0.0,204,0
2026-03-16,-0.006344633977325653,-0.0068436107840631165,0.0004989768067374632,2.1146738531600064,1.7562652775439358,1.1659066770839157,4229347.706320001,29728.70632000122,4199619.0,0.007029146900260058,0,28,0.0,0.0,0.0,0.0,0.0,204,0
2026-03-17,-0.002775132435307026,-0.008642282170101448,0.005867149734794422,2.1088053531600064,1.7410871374498496,1.1727472261351637,4217610.706320001,29728.70632000122,4187882.0,0.007048707998453575,0,28,0.0,0.0,0.0,0.0,0.0,204,0
2026-03-18,-0.002665490198788145,0.004298809915877164,-0.006964300114665309,2.1031843531600063,1.7485717401007252,1.1645798624937171,4206368.706320001,29728.70632000122,4176640.0,0.007067546474310329,0,28,0.0,0.0,0.0,0.0,0.0,204,0
2026-03-19,-0.007757522527916283,5.437004239533309e-06,-0.007762959532155817,2.0868688531600066,1.7485812470926891,1.155539276149215,4173737.7063200013,29728.70632000122,4144009.0,0.0071228017694991,0,28,0.0,0.0,0.0,0.0,0.0,204,0
2026-03-20,-0.0026192350284605093,-0.0044506608618606084,0.0018314258334000992,2.081402853160007,1.7407989049724701,1.157655560631063,4162805.7063200013,29728.70632000122,4133077.0,0.00714150705493338,0,28,0.0,0.0,0.0,0.0,0.0,204,0
2026-03-23,-0.04432203014420888,-0.03672778528157542,-0.007594244862633458,1.9891508531600066,1.6768632165722397,1.1488640408370414,3978301.7063200013,29728.70632000122,3948573.0,0.0074727128595535285,0,28,0.0,0.0,0.0,0.0,0.0,204,0
2026-03-24,0.03090690678504049,0.038071251436916476,-0.007164344651875987,2.050629353160007,1.7407034977156781,1.140633182890338,4101258.7063200013,29728.70632000122,4071530.0,0.0072486786249766596,0,28,0.0,0.0,0.0,0.0,0.0,204,0
2026-03-25,0.028693630035738993,0.02605520093803021,0.002638429097708783,2.109469353160007,1.786057877122192,1.1436426626698881,4218938.706320001,29728.70632000122,4189210.0,0.007046489268845599,0,28,0.0,0.0,0.0,0.0,0.0,204,0
2026-03-26,-0.002393018885265219,0.0020241506352079107,-0.00441716952047313,2.104421353160007,1.789673127308687,1.13859099915803,4208842.706320001,29728.70632000122,4179114.0,0.007063392099533816,0,28,0.0,0.0,0.0,0.0,0.0,204,0
2026-03-27,-0.009712646171978756,-0.0024878419646829956,-0.00722480420729576,2.083981853160007,1.785220703399503,1.130364902116924,4167963.7063200013,29728.70632000122,4138235.0,0.007132669191654126,0,28,0.0,0.0,0.0,0.0,0.0,204,0
2026-03-30,-0.015614579345140656,-0.020111592838977354,0.004497013493836698,2.051441353160007,1.7493170714850192,1.135448168334703,4102882.7063200013,29728.70632000122,4073154.0,0.007245809458361482,0,28,0.0,0.0,0.0,0.0,0.0,204,0
2026-03-31,-0.007265135791984623,-0.012404353078823935,0.0051392172868393125,2.036537353160007,1.7276179248835049,1.141283483189719,4073074.7063200013,29728.70632000122,4043346.0,0.007298836496633014,0,28,0.0,0.0,0.0,0.0,0.0,204,0
2026-04-01,-0.000744004742976534,-0.0038222279936265618,0.003078223250650028,2.035022159710007,1.7210145752887243,1.1447966085432564,4070044.3194200015,31267.319420001237,4038777.0,0.0076823044090234775,28,28,1665709.0,1668298.0,1050.3869,0.0,0.0,204,1
2026-04-02,0.0003329202076582938,-0.004688926264237445,0.005021846471895739,2.0356996597100068,1.7129448648455174,1.1505456013529074,4071399.3194200015,31267.319420001237,4040132.0,0.007679747665835804,0,28,0.0,0.0,0.0,0.0,0.0,204,0
2026-04-03,-0.016368819359505626,-0.028218988081736833,0.011850168722231207,2.0023776597100067,1.6646072941197694,1.1641797608515603,4004755.3194200015,31267.319420001237,3973488.0,0.007807548008833059,0,28,0.0,0.0,0.0,0.0,0.0,204,0
2026-04-07,-0.0052075590982723075,0.0059953846647393646,-0.011202943763011671,1.9919501597100067,1.6745872551637484,1.151137520460704,3983900.3194200015,31267.319420001237,3952633.0,0.007848419115203491,0,28,0.0,0.0,0.0,0.0,0.0,204,0
2026-04-08,0.01764778090889485,0.018964769052853245,-0.0013169881439583954,2.027103659710007,1.7063454157167801,1.1496214859941916,4054207.3194200015,31267.319420001237,4022940.0,0.007712313889383034,0,28,0.0,0.0,0.0,0.0,0.0,204,0
2026-04-09,-0.008749922538513588,-0.013776066350191457,0.005026143811677869,2.009366659710007,1.6828386880535207,1.1553996489117933,4018733.3194200015,31267.319420001237,3987466.0,0.007780391714201591,0,28,0.0,0.0,0.0,0.0,0.0,204,0
2026-04-10,-0.0012459149692277682,0.0031148239790364093,-0.0043607389482641775,2.006863159710007,1.68808043435192,1.1503612526619729,4013726.3194200015,31267.319420001237,3982459.0,0.007790097513305162,0,28,0.0,0.0,0.0,0.0,0.0,204,0
2026-04-13,-0.0035141907737342715,0.005127120709153451,-0.008641311482887722,1.999810659710007,1.6967354265056025,1.1404206227598759,3999621.3194200015,31267.319420001237,3968354.0,0.007817569945480593,0,28,0.0,0.0,0.0,0.0,0.0,204,0
2026-04-14,0.002922026628684682,0.0020682595258476708,0.0008537671028370111,2.0056541597100073,1.700244715714316,1.1413942763709852,4011308.3194200015,31267.319420001237,3980041.0,0.007794793351741709,0,28,0.0,0.0,0.0,0.0,0.0,204,0
2026-04-15,0.004776995053516808,-0.0016811855891632314,0.006458180642680039,2.0152351597100076,1.697386288800206,1.14876560679231,4030470.3194200015,31267.319420001237,3999203.0,0.007757734691493948,0,28,0.0,0.0,0.0,0.0,0.0,204,0
2026-04-16,0.0008539946277275057,0.003808574741640768,-0.002954580113913262,2.0169561597100074,1.7038509113465379,1.1453714867749338,4033912.3194200015,31267.319420001237,4002645.0,0.007751115280685345,0,28,0.0,0.0,0.0,0.0,0.0,204,0
2026-04-17,-0.0038059825757956744,-0.0035512308888113703,-0.0002547516869843042,2.0092796597100073,1.6978001433602345,1.1450797014564542,4018559.3194200015,31267.319420001237,3987292.0,0.007780728598156926,0,28,0.0,0.0,0.0,0.0,0.0,204,0
2026-04-20,0.0035831249100681806,0.011716011302763247,-0.008132886392695066,2.0164791597100074,1.717691589029676,1.1357668983339277,4032958.3194200015,31267.319420001237,4001691.0,0.007752948814134518,0,28,0.0,0.0,0.0,0.0,0.0,204,0
2026-04-21,0.011649512908121773,0.008990083396977933,0.0026594295111438404,2.0399701597100077,1.7331337796653405,1.1387873903411374,4079940.3194200015,31267.319420001237,4048673.0,0.007663670782430992,0,28,0.0,0.0,0.0,0.0,0.0,204,0
2026-04-22,-0.0005742731061156858,0.0007316300848721067,-0.0013059031909877926,2.038798659710008,1.7344017924796518,1.1373002442542344,4077597.3194200015,31267.319420001237,4046330.0,0.007668074351306644,0,28,0.0,0.0,0.0,0.0,0.0,204,0
2026-04-23,0.009241962128168302,0.01019202567464891,-0.0009500635464806083,2.057641159710008,1.7520788600787613,1.136219736750765,4115282.3194200015,31267.319420001237,4084015.0,0.007597855260731658,0,28,0.0,0.0,0.0,0.0,0.0,204,0
2026-04-24,-0.008488360527576955,-0.013613161863018917,0.005124801335441962,2.040175159710008,1.7282275269597356,1.1420426371750207,4080350.3194200015,31267.319420001237,4049083.0,0.007662900724770541,0,28,0.0,0.0,0.0,0.0,0.0,204,0
2026-04-27,-0.006462680391557285,0.00040865844841039996,-0.006871338839967685,2.026990159710008,1.728933781739403,1.1341952752453008,4053980.3194200015,31267.319420001237,4022713.0,0.007712745735399776,0,28,0.0,0.0,0.0,0.0,0.0,204,0
2026-04-28,0.007989185306314983,0.007469712375290352,0.0005194729310246315,2.043184159710008,1.7418484198049193,1.1347844589892868,4086368.3194200015,31267.319420001237,4055101.0,0.007651615560791926,0,28,0.0,0.0,0.0,0.0,0.0,204,0
2026-04-29,0.0029630221882981367,0.005124647654177513,-0.0021616254658793762,2.0492381597100082,1.7507747792234054,1.1323314800044515,4098476.3194200015,31267.319420001237,4067209.0,0.007629010633011551,0,28,0.0,0.0,0.0,0.0,0.0,204,0
2026-04-30,-0.0011140725587127642,-0.007989922765854756,0.006875850207141992,2.0469551597100084,1.736786223957004,1.1401172216457935,4093910.3194200015,31267.319420001237,4062643.0,0.00763751938377365,0,28,0.0,0.0,0.0,0.0,0.0,204,0
2026-05-06,0.0007858012875221476,0.010164762851724005,-0.009378961564201857,2.0485636597100085,1.7544402440476683,1.129424106045293,4097127.3194200015,31267.319420001237,4065860.0,0.007631522523548892,0,28,0.0,0.0,0.0,0.0,0.0,204,0
2026-05-07,0.00039637528282376877,0.00590444115818481,-0.005508065875361041,2.049375659710009,1.764799233234199,1.1232031636679747,4098751.3194200015,31267.319420001237,4067484.0,0.0076284987751893555,0,28,0.0,0.0,0.0,0.0,0.0,204,0
2026-05-08,0.0018005483682392853,0.003923370010207858,-0.0021228216419685725,2.053065659710009,1.771723193619908,1.1208188036838127,4106131.3194200015,31267.319420001237,4074864.0,0.007614787981115471,0,28,0.0,0.0,0.0,0.0,0.0,204,0
2026-05-11,0.0027225139992792524,0.005430973974638188,-0.002708459975358936,2.058655159710009,1.7813453761747204,1.1177831108144054,4117310.3194200015,31267.319420001237,4086043.0,0.007594112902426507,0,28,0.0,0.0,0.0,0.0,0.0,204,0
2026-05-12,0.0032664042679917404,0.002671791223681644,0.0005946130443100963,2.065379559710009,1.7861047591171297,1.1184477592328053,4130759.1194200013,35820.11942000124,4094939.0,0.008671558516108955,0,28,0.0,0.0,0.0,4552.8,0.0,204,0
2026-05-13,0.000350056722794978,0.013101627379667122,-0.012751570656872144,2.066102559710009,1.8095056381321324,1.1041857936049277,4132205.1194200013,35820.11942000124,4096385.0,0.008668524040991695,0,28,0.0,0.0,0.0,0.0,0.0,204,0
2026-05-14,-0.0072525441341610986,-0.01153952828813678,0.004286984153975682,2.0511180597100087,1.7886247966333637,1.1089194206051571,4102236.1194200013,35820.11942000124,4066416.0,0.008731852184331531,0,28,0.0,0.0,0.0,0.0,0.0,204,0
2026-05-15,-0.008715490517658186,-0.011515920529703799,0.0028004300120456124,2.033241559710009,1.7680271356178763,1.1120248718315602,4066483.1194200013,35820.11942000124,4030663.0,0.00880862366031664,0,28,0.0,0.0,0.0,0.0,0.0,204,0
2026-05-18,0.00019205784877596166,0.002870201403089814,-0.002678143554313852,2.033632059710009,1.7731017295832276,1.109046709588828,4067264.1194200013,35820.11942000124,4031444.0,0.008806932219860177,0,28,0.0,0.0,0.0,0.0,0.0,204,0
2026-05-19,0.019128829039775974,0.01942418803773147,-0.00029535899795549506,2.072533059710009,1.8075427909886792,1.108719142663998,4145066.1194200013,39564.11942000124,4105502.0,0.009544870523208265,0,28,0.0,0.0,0.0,3744.0,0.0,204,0
2026-05-20,-0.017519141530644933,-0.024369553269886206,0.006850411739241273,2.0362240597100087,1.7634937806560818,1.1163143252944248,4072448.1194200013,39564.11942000124,4032884.0,0.009715070213254422,0,28,0.0,0.0,0.0,0.0,0.0,204,0
2026-05-21,-0.004774278131938314,-0.015702744433023334,0.01092846630108502,2.026502559710009,1.7358020885092131,1.1285139287798234,4053005.1194200013,39564.11942000124,4013441.0,0.009761675165528288,0,28,0.0,0.0,0.0,0.0,0.0,204,0
2026-05-22,0.00013619523877594908,0.004550808074344798,-0.0044146128355688485,2.0267785597100088,1.7437013906690655,1.1235319767047136,4053557.1194200013,39564.11942000124,4013993.0,0.009760345852894316,0,28,0.0,0.0,0.0,0.0,0.0,204,0
2026-05-25,0.007595551041453152,0.008174481989607737,-0.0005789309481545844,2.042173059710009,1.7579552462823436,1.1228815292721581,4084346.1194200013,39564.11942000124,4044782.0,0.00968676950072477,0,28,0.0,0.0,0.0,0.0,0.0,204,0
2026-05-26,0.0020355767500872535,-0.0017934951321934112,0.0038290718822806646,2.046330059710009,1.7548023621055224,1.1271811233630264,4092660.1194200013,39564.11942000124,4053096.0,0.009667091394241685,0,28,0.0,0.0,0.0,0.0,0.0,204,0
2026-05-27,-0.0037188526669439392,-0.0013408850182954314,-0.002377967648648508,2.038720059710009,1.7524493739081057,1.124500723117502,4077440.1194200013,39564.11942000124,4037876.0,0.009703176076471497,0,28,0.0,0.0,0.0,0.0,0.0,204,0
2026-05-28,0.0008775113539887247,0.00493159665803548,-0.0040540853040467555,2.040509059710009,1.7610917473838472,1.1199419012615213,4081018.1194200013,39564.11942000124,4041454.0,0.009694668894443462,0,28,0.0,0.0,0.0,0.0,0.0,204,0
2026-05-29,0.025502067610224444,0.01645649931395817,0.009045568296266272,2.092546259710009,1.790073152516487,1.1300724122172325,4185092.519420001,41966.51942000124,4143126.0,0.010027620470817513,0,28,0.0,0.0,0.0,2402.4,0.0,204,0
